trial,time,depot_id,drone_ids,lat,lon,num_drones
0,0,1,dn1;dn2;dn3,37.774524,-122.473656,3
0,0,2,dn4;dn5;dn6,37.751751,-122.410654,3
0,0,3,dn7;dn8;dn9,37.718779,-122.462401,3
0,0,4,dn10;dn11;dn12,37.78929,-122.426797,3
0,0,5,dn13;dn14;dn15,37.739611,-122.492203,3
0,1,4,dn11;dn12,37.78929,-122.426797,2
0,2,4,dn11;dn12,37.78929,-122.426797,2
0,3,4,dn12,37.78929,-122.426797,1
0,4,4,dn12,37.78929,-122.426797,1
0,5,4,dn12,37.78929,-122.426797,1
0,6,4,dn12,37.78929,-122.426797,1
0,7,4,dn12,37.78929,-122.426797,1
0,8,4,dn12,37.78929,-122.426797,1
0,9,4,dn12,37.78929,-122.426797,1
0,9,5,dn13,37.739611,-122.492203,1
0,10,4,dn12,37.78929,-122.426797,1
0,11,4,dn12,37.78929,-122.426797,1
0,12,1,dn1,37.774524,-122.473656,1
0,12,3,dn7,37.718779,-122.462401,1
0,12,4,dn12,37.78929,-122.426797,1
0,12,5,dn14,37.739611,-122.492203,1
0,13,4,dn12,37.78929,-122.426797,1
0,14,1,dn3,37.774524,-122.473656,1
0,14,4,dn12,37.78929,-122.426797,1
0,15,5,dn13,37.739611,-122.492203,1
0,20,5,dn14;dn15,37.739611,-122.492203,2
0,21,5,dn14;dn15,37.739611,-122.492203,2
0,22,2,dn6,37.751751,-122.410654,1
0,22,3,dn9,37.718779,-122.462401,1
0,22,5,dn14;dn15,37.739611,-122.492203,2
0,23,5,dn14;dn15,37.739611,-122.492203,2
0,24,1,dn1,37.774524,-122.473656,1
0,24,3,dn7,37.718779,-122.462401,1
0,24,5,dn15,37.739611,-122.492203,1
0,25,1,dn1,37.774524,-122.473656,1
0,25,3,dn7,37.718779,-122.462401,1
0,25,5,dn15,37.739611,-122.492203,1
0,26,1,dn2,37.774524,-122.473656,1
0,26,3,dn7,37.718779,-122.462401,1
0,26,5,dn15,37.739611,-122.492203,1
0,27,1,dn2,37.774524,-122.473656,1
0,27,5,dn15,37.739611,-122.492203,1
0,28,1,dn2,37.774524,-122.473656,1
0,28,5,dn15,37.739611,-122.492203,1
0,29,1,dn2,37.774524,-122.473656,1
0,29,5,dn15,37.739611,-122.492203,1
0,30,3,dn8,37.718779,-122.462401,1
0,30,5,dn15,37.739611,-122.492203,1
0,31,3,dn8,37.718779,-122.462401,1
0,31,5,dn14;dn15,37.739611,-122.492203,2
0,32,3,dn8,37.718779,-122.462401,1
0,32,4,dn10;dn11,37.78929,-122.426797,2
0,32,5,dn14;dn15,37.739611,-122.492203,2
0,33,4,dn11,37.78929,-122.426797,1
0,33,5,dn14;dn15,37.739611,-122.492203,2
0,34,2,dn5,37.751751,-122.410654,1
0,34,4,dn11;dn12,37.78929,-122.426797,2
0,34,5,dn14;dn15,37.739611,-122.492203,2
0,35,4,dn11;dn12,37.78929,-122.426797,2
0,35,5,dn14;dn15,37.739611,-122.492203,2
0,36,4,dn11;dn12,37.78929,-122.426797,2
0,36,5,dn14;dn15,37.739611,-122.492203,2
0,37,4,dn11;dn12,37.78929,-122.426797,2
0,37,5,dn13;dn14;dn15,37.739611,-122.492203,3
0,38,4,dn11;dn12,37.78929,-122.426797,2
0,38,5,dn13;dn14;dn15,37.739611,-122.492203,3
0,39,4,dn12,37.78929,-122.426797,1
0,39,5,dn13;dn14;dn15,37.739611,-122.492203,3
0,40,3,dn8,37.718779,-122.462401,1
0,40,4,dn12,37.78929,-122.426797,1
0,40,5,dn13;dn14;dn15,37.739611,-122.492203,3
0,41,3,dn8,37.718779,-122.462401,1
0,41,4,dn12,37.78929,-122.426797,1
0,41,5,dn13;dn14;dn15,37.739611,-122.492203,3
0,42,4,dn12,37.78929,-122.426797,1
0,42,5,dn13;dn14;dn15,37.739611,-122.492203,3
0,43,4,dn12,37.78929,-122.426797,1
0,43,5,dn13;dn14;dn15,37.739611,-122.492203,3
0,44,4,dn12,37.78929,-122.426797,1
0,44,5,dn13;dn14;dn15,37.739611,-122.492203,3
0,45,4,dn12,37.78929,-122.426797,1
0,45,5,dn14;dn15,37.739611,-122.492203,2
0,46,1,dn2;dn3,37.774524,-122.473656,2
0,46,2,dn4,37.751751,-122.410654,1
0,46,4,dn12,37.78929,-122.426797,1
0,46,5,dn14;dn15,37.739611,-122.492203,2
0,47,1,dn2;dn3,37.774524,-122.473656,2
0,47,5,dn14;dn15,37.739611,-122.492203,2
0,48,1,dn2;dn3,37.774524,-122.473656,2
0,48,2,dn6,37.751751,-122.410654,1
0,48,5,dn14;dn15,37.739611,-122.492203,2
0,49,1,dn2;dn3,37.774524,-122.473656,2
0,49,2,dn6,37.751751,-122.410654,1
0,49,5,dn14;dn15,37.739611,-122.492203,2
0,50,1,dn2;dn3,37.774524,-122.473656,2
0,50,2,dn6,37.751751,-122.410654,1
0,50,5,dn14;dn15,37.739611,-122.492203,2
0,51,1,dn2;dn3,37.774524,-122.473656,2
0,51,5,dn14;dn15,37.739611,-122.492203,2
0,52,1,dn3,37.774524,-122.473656,1
0,52,3,dn8,37.718779,-122.462401,1
0,52,5,dn14;dn15,37.739611,-122.492203,2
0,53,1,dn3,37.774524,-122.473656,1
0,53,3,dn8,37.718779,-122.462401,1
0,53,5,dn14;dn15,37.739611,-122.492203,2
0,54,1,dn3,37.774524,-122.473656,1
0,54,3,dn7;dn8,37.718779,-122.462401,2
0,54,5,dn14;dn15,37.739611,-122.492203,2
0,55,1,dn3,37.774524,-122.473656,1
0,55,3,dn7;dn8,37.718779,-122.462401,2
0,55,5,dn13;dn14;dn15,37.739611,-122.492203,3
0,56,2,dn5,37.751751,-122.410654,1
0,56,3,dn7;dn8,37.718779,-122.462401,2
0,56,5,dn13;dn14;dn15,37.739611,-122.492203,3
0,57,3,dn7;dn8,37.718779,-122.462401,2
0,57,5,dn13;dn14;dn15,37.739611,-122.492203,3
0,58,3,dn7;dn8,37.718779,-122.462401,2
0,58,5,dn13;dn14;dn15,37.739611,-122.492203,3
0,59,3,dn7;dn8,37.718779,-122.462401,2
0,59,5,dn13;dn14;dn15,37.739611,-122.492203,3
0,60,3,dn8;dn9,37.718779,-122.462401,2
0,60,4,dn10,37.78929,-122.426797,1
0,60,5,dn13;dn14;dn15,37.739611,-122.492203,3
0,61,3,dn8;dn9,37.718779,-122.462401,2
0,61,5,dn13;dn14;dn15,37.739611,-122.492203,3
0,62,3,dn8;dn9,37.718779,-122.462401,2
0,62,5,dn13;dn14;dn15,37.739611,-122.492203,3
0,63,1,dn2,37.774524,-122.473656,1
0,63,3,dn8;dn9,37.718779,-122.462401,2
0,63,5,dn13;dn14;dn15,37.739611,-122.492203,3
0,64,3,dn8;dn9,37.718779,-122.462401,2
0,64,5,dn13;dn14;dn15,37.739611,-122.492203,3
0,65,3,dn8;dn9,37.718779,-122.462401,2
0,65,5,dn13;dn14;dn15,37.739611,-122.492203,3
0,66,2,dn4,37.751751,-122.410654,1
0,66,3,dn8;dn9,37.718779,-122.462401,2
0,66,5,dn13;dn14;dn15,37.739611,-122.492203,3
0,67,1,dn1,37.774524,-122.473656,1
0,67,3,dn8;dn9,37.718779,-122.462401,2
0,67,5,dn13;dn14;dn15,37.739611,-122.492203,3
0,68,3,dn8;dn9,37.718779,-122.462401,2
0,68,5,dn13;dn14;dn15,37.739611,-122.492203,3
0,69,3,dn8;dn9,37.718779,-122.462401,2
0,69,5,dn13;dn14;dn15,37.739611,-122.492203,3
0,70,3,dn8;dn9,37.718779,-122.462401,2
0,70,5,dn13;dn14;dn15,37.739611,-122.492203,3
0,71,3,dn8;dn9,37.718779,-122.462401,2
0,71,5,dn13;dn14;dn15,37.739611,-122.492203,3
0,72,3,dn8;dn9,37.718779,-122.462401,2
0,72,5,dn13;dn14;dn15,37.739611,-122.492203,3
0,73,3,dn9,37.718779,-122.462401,1
0,73,5,dn13;dn14;dn15,37.739611,-122.492203,3
0,74,5,dn13;dn14;dn15,37.739611,-122.492203,3
0,75,5,dn13;dn14;dn15,37.739611,-122.492203,3
0,76,5,dn14;dn15,37.739611,-122.492203,2
0,77,5,dn14;dn15,37.739611,-122.492203,2
0,78,4,dn12,37.78929,-122.426797,1
0,78,5,dn15,37.739611,-122.492203,1
0,79,1,dn2;dn3,37.774524,-122.473656,2
0,79,5,dn15,37.739611,-122.492203,1
0,80,1,dn3,37.774524,-122.473656,1
0,80,4,dn10,37.78929,-122.426797,1
0,80,5,dn15,37.739611,-122.492203,1
0,81,1,dn3,37.774524,-122.473656,1
0,81,4,dn10,37.78929,-122.426797,1
0,81,5,dn15,37.739611,-122.492203,1
0,82,1,dn1;dn3,37.774524,-122.473656,2
0,82,2,dn5,37.751751,-122.410654,1
0,82,4,dn10,37.78929,-122.426797,1
0,82,5,dn15,37.739611,-122.492203,1
0,83,1,dn1;dn3,37.774524,-122.473656,2
0,83,4,dn10,37.78929,-122.426797,1
0,83,5,dn15,37.739611,-122.492203,1
0,84,1,dn1;dn3,37.774524,-122.473656,2
0,84,4,dn10,37.78929,-122.426797,1
0,84,5,dn15,37.739611,-122.492203,1
0,85,1,dn1;dn3,37.774524,-122.473656,2
0,85,3,dn7;dn9,37.718779,-122.462401,2
0,85,4,dn10,37.78929,-122.426797,1
0,85,5,dn13;dn15,37.739611,-122.492203,2
0,86,1,dn3,37.774524,-122.473656,1
0,86,3,dn9,37.718779,-122.462401,1
0,86,4,dn10,37.78929,-122.426797,1
0,86,5,dn13;dn15,37.739611,-122.492203,2
0,87,3,dn9,37.718779,-122.462401,1
0,87,4,dn10,37.78929,-122.426797,1
0,87,5,dn13;dn15,37.739611,-122.492203,2
0,88,3,dn9,37.718779,-122.462401,1
0,88,4,dn10;dn11,37.78929,-122.426797,2
0,88,5,dn13;dn15,37.739611,-122.492203,2
0,89,4,dn10;dn11,37.78929,-122.426797,2
0,89,5,dn13;dn15,37.739611,-122.492203,2
0,90,4,dn11,37.78929,-122.426797,1
0,90,5,dn13;dn15,37.739611,-122.492203,2
0,91,4,dn11,37.78929,-122.426797,1
0,91,5,dn13;dn15,37.739611,-122.492203,2
0,92,4,dn11,37.78929,-122.426797,1
0,92,5,dn13;dn15,37.739611,-122.492203,2
0,93,1,dn1,37.774524,-122.473656,1
0,93,4,dn11,37.78929,-122.426797,1
0,93,5,dn13;dn15,37.739611,-122.492203,2
0,94,1,dn1,37.774524,-122.473656,1
0,94,4,dn11,37.78929,-122.426797,1
0,94,5,dn14;dn15,37.739611,-122.492203,2
0,95,1,dn1,37.774524,-122.473656,1
0,95,3,dn9,37.718779,-122.462401,1
0,95,4,dn11,37.78929,-122.426797,1
0,95,5,dn14;dn15,37.739611,-122.492203,2
0,96,1,dn1,37.774524,-122.473656,1
0,96,5,dn14;dn15,37.739611,-122.492203,2
0,97,1,dn1,37.774524,-122.473656,1
0,97,5,dn14;dn15,37.739611,-122.492203,2
0,98,1,dn1,37.774524,-122.473656,1
0,98,2,dn6,37.751751,-122.410654,1
0,98,5,dn14;dn15,37.739611,-122.492203,2
0,99,1,dn1,37.774524,-122.473656,1
0,99,5,dn14;dn15,37.739611,-122.492203,2
1,0,1,dn1;dn2;dn3,37.774524,-122.473656,3
1,0,2,dn4;dn5;dn6,37.751751,-122.410654,3
1,0,3,dn7;dn8;dn9,37.718779,-122.462401,3
1,0,4,dn10;dn11;dn12,37.78929,-122.426797,3
1,0,5,dn13;dn14;dn15,37.739611,-122.492203,3
1,9,1,dn3,37.774524,-122.473656,1
1,10,5,dn14,37.739611,-122.492203,1
1,11,5,dn13,37.739611,-122.492203,1
1,12,3,dn9,37.718779,-122.462401,1
1,16,5,dn14,37.739611,-122.492203,1
1,18,3,dn7,37.718779,-122.462401,1
1,20,4,dn10,37.78929,-122.426797,1
1,22,1,dn1,37.774524,-122.473656,1
1,22,5,dn13;dn14,37.739611,-122.492203,2
1,23,5,dn14,37.739611,-122.492203,1
1,24,2,dn5,37.751751,-122.410654,1
1,24,5,dn15,37.739611,-122.492203,1
1,25,5,dn15,37.739611,-122.492203,1
1,26,5,dn15,37.739611,-122.492203,1
1,27,5,dn15,37.739611,-122.492203,1
1,28,3,dn8,37.718779,-122.462401,1
1,28,5,dn15,37.739611,-122.492203,1
1,29,5,dn15,37.739611,-122.492203,1
1,30,5,dn15,37.739611,-122.492203,1
1,32,1,dn1,37.774524,-122.473656,1
1,32,2,dn6,37.751751,-122.410654,1
1,32,5,dn13,37.739611,-122.492203,1
1,34,5,dn14,37.739611,-122.492203,1
1,36,1,dn2,37.774524,-122.473656,1
1,36,2,dn5,37.751751,-122.410654,1
1,37,2,dn5,37.751751,-122.410654,1
1,38,2,dn5,37.751751,-122.410654,1
1,39,1,dn3,37.774524,-122.473656,1
1,39,2,dn5,37.751751,-122.410654,1
1,40,2,dn5,37.751751,-122.410654,1
1,40,3,dn9,37.718779,-122.462401,1
1,41,3,dn9,37.718779,-122.462401,1
1,42,2,dn4,37.751751,-122.410654,1
1,42,3,dn9,37.718779,-122.462401,1
1,43,3,dn9,37.718779,-122.462401,1
1,44,1,dn1,37.774524,-122.473656,1
1,44,3,dn7;dn9,37.718779,-122.462401,2
1,44,4,dn12,37.78929,-122.426797,1
1,44,5,dn14,37.739611,-122.492203,1
1,45,3,dn9,37.718779,-122.462401,1
1,45,4,dn12,37.78929,-122.426797,1
1,45,5,dn14,37.739611,-122.492203,1
1,46,3,dn9,37.718779,-122.462401,1
1,46,5,dn14,37.739611,-122.492203,1
1,47,3,dn9,37.718779,-122.462401,1
1,47,5,dn14,37.739611,-122.492203,1
1,48,3,dn9,37.718779,-122.462401,1
1,48,4,dn11,37.78929,-122.426797,1
1,48,5,dn14,37.739611,-122.492203,1
1,49,3,dn9,37.718779,-122.462401,1
1,49,5,dn14,37.739611,-122.492203,1
1,50,3,dn9,37.718779,-122.462401,1
1,50,5,dn14,37.739611,-122.492203,1
1,51,2,dn5,37.751751,-122.410654,1
1,51,3,dn7,37.718779,-122.462401,1
1,51,5,dn14,37.739611,-122.492203,1
1,52,3,dn7,37.718779,-122.462401,1
1,52,5,dn14,37.739611,-122.492203,1
1,53,3,dn7,37.718779,-122.462401,1
1,53,5,dn14,37.739611,-122.492203,1
1,54,2,dn6,37.751751,-122.410654,1
1,54,3,dn7,37.718779,-122.462401,1
1,54,4,dn10,37.78929,-122.426797,1
1,54,5,dn14,37.739611,-122.492203,1
1,55,2,dn6,37.751751,-122.410654,1
1,55,3,dn7,37.718779,-122.462401,1
1,55,4,dn10,37.78929,-122.426797,1
1,55,5,dn14,37.739611,-122.492203,1
1,56,1,dn3,37.774524,-122.473656,1
1,56,3,dn7,37.718779,-122.462401,1
1,56,4,dn10,37.78929,-122.426797,1
1,56,5,dn14,37.739611,-122.492203,1
1,57,1,dn3,37.774524,-122.473656,1
1,57,3,dn7;dn9,37.718779,-122.462401,2
1,57,4,dn10,37.78929,-122.426797,1
1,57,5,dn14,37.739611,-122.492203,1
1,58,1,dn3,37.774524,-122.473656,1
1,58,3,dn7;dn9,37.718779,-122.462401,2
1,58,4,dn10,37.78929,-122.426797,1
1,58,5,dn14;dn15,37.739611,-122.492203,2
1,59,1,dn3,37.774524,-122.473656,1
1,59,3,dn7;dn9,37.718779,-122.462401,2
1,59,4,dn10,37.78929,-122.426797,1
1,59,5,dn14;dn15,37.739611,-122.492203,2
1,60,1,dn3,37.774524,-122.473656,1
1,60,3,dn7;dn9,37.718779,-122.462401,2
1,60,5,dn14;dn15,37.739611,-122.492203,2
1,61,3,dn7;dn9,37.718779,-122.462401,2
1,61,5,dn14;dn15,37.739611,-122.492203,2
1,62,3,dn7;dn8;dn9,37.718779,-122.462401,3
1,62,5,dn14;dn15,37.739611,-122.492203,2
1,63,3,dn8;dn9,37.718779,-122.462401,2
1,63,5,dn14;dn15,37.739611,-122.492203,2
1,64,3,dn9,37.718779,-122.462401,1
1,64,5,dn13;dn14;dn15,37.739611,-122.492203,3
1,65,3,dn9,37.718779,-122.462401,1
1,65,5,dn13;dn14;dn15,37.739611,-122.492203,3
1,66,3,dn9,37.718779,-122.462401,1
1,66,5,dn13;dn14;dn15,37.739611,-122.492203,3
1,67,3,dn9,37.718779,-122.462401,1
1,67,5,dn14;dn15,37.739611,-122.492203,2
1,68,1,dn2,37.774524,-122.473656,1
1,68,4,dn11,37.78929,-122.426797,1
1,68,5,dn14;dn15,37.739611,-122.492203,2
1,69,4,dn11,37.78929,-122.426797,1
1,69,5,dn14;dn15,37.739611,-122.492203,2
1,70,1,dn1,37.774524,-122.473656,1
1,70,2,dn4,37.751751,-122.410654,1
1,70,5,dn14;dn15,37.739611,-122.492203,2
1,71,1,dn3,37.774524,-122.473656,1
1,71,2,dn4,37.751751,-122.410654,1
1,71,5,dn14;dn15,37.739611,-122.492203,2
1,72,1,dn3,37.774524,-122.473656,1
1,72,2,dn4,37.751751,-122.410654,1
1,72,5,dn14;dn15,37.739611,-122.492203,2
1,73,1,dn3,37.774524,-122.473656,1
1,73,2,dn4,37.751751,-122.410654,1
1,73,5,dn14;dn15,37.739611,-122.492203,2
1,74,2,dn4,37.751751,-122.410654,1
1,74,5,dn13;dn14;dn15,37.739611,-122.492203,3
1,75,2,dn4,37.751751,-122.410654,1
1,75,5,dn13;dn14;dn15,37.739611,-122.492203,3
1,76,2,dn4,37.751751,-122.410654,1
1,76,5,dn13;dn14;dn15,37.739611,-122.492203,3
1,77,3,dn7,37.718779,-122.462401,1
1,77,5,dn13;dn14;dn15,37.739611,-122.492203,3
1,78,3,dn7,37.718779,-122.462401,1
1,78,5,dn13;dn14;dn15,37.739611,-122.492203,3
1,79,5,dn13;dn14;dn15,37.739611,-122.492203,3
1,80,5,dn13;dn14;dn15,37.739611,-122.492203,3
1,81,5,dn13;dn14;dn15,37.739611,-122.492203,3
1,82,5,dn13;dn14;dn15,37.739611,-122.492203,3
1,83,2,dn5,37.751751,-122.410654,1
1,83,5,dn13;dn14;dn15,37.739611,-122.492203,3
1,84,1,dn2,37.774524,-122.473656,1
1,84,5,dn13;dn14;dn15,37.739611,-122.492203,3
1,85,1,dn2,37.774524,-122.473656,1
1,85,4,dn11;dn12,37.78929,-122.426797,2
1,85,5,dn13;dn14;dn15,37.739611,-122.492203,3
1,86,1,dn2,37.774524,-122.473656,1
1,86,4,dn11;dn12,37.78929,-122.426797,2
1,86,5,dn13;dn14;dn15,37.739611,-122.492203,3
1,87,1,dn2,37.774524,-122.473656,1
1,87,2,dn6,37.751751,-122.410654,1
1,87,3,dn8,37.718779,-122.462401,1
1,87,4,dn11;dn12,37.78929,-122.426797,2
1,87,5,dn13;dn14;dn15,37.739611,-122.492203,3
1,88,1,dn2,37.774524,-122.473656,1
1,88,3,dn8,37.718779,-122.462401,1
1,88,4,dn11;dn12,37.78929,-122.426797,2
1,88,5,dn13;dn14;dn15,37.739611,-122.492203,3
1,89,1,dn2;dn3,37.774524,-122.473656,2
1,89,3,dn8,37.718779,-122.462401,1
1,89,4,dn10;dn11;dn12,37.78929,-122.426797,3
1,89,5,dn13;dn14;dn15,37.739611,-122.492203,3
1,90,1,dn2;dn3,37.774524,-122.473656,2
1,90,4,dn10;dn11;dn12,37.78929,-122.426797,3
1,90,5,dn13;dn14;dn15,37.739611,-122.492203,3
1,91,1,dn2;dn3,37.774524,-122.473656,2
1,91,3,dn7,37.718779,-122.462401,1
1,91,4,dn10;dn11;dn12,37.78929,-122.426797,3
1,91,5,dn13;dn14;dn15,37.739611,-122.492203,3
1,92,1,dn3,37.774524,-122.473656,1
1,92,3,dn7,37.718779,-122.462401,1
1,92,4,dn10;dn11;dn12,37.78929,-122.426797,3
1,92,5,dn13;dn14;dn15,37.739611,-122.492203,3
1,93,1,dn3,37.774524,-122.473656,1
1,93,3,dn7;dn9,37.718779,-122.462401,2
1,93,4,dn10;dn11;dn12,37.78929,-122.426797,3
1,93,5,dn13;dn14;dn15,37.739611,-122.492203,3
1,94,1,dn3,37.774524,-122.473656,1
1,94,2,dn4,37.751751,-122.410654,1
1,94,3,dn7;dn9,37.718779,-122.462401,2
1,94,4,dn10;dn11;dn12,37.78929,-122.426797,3
1,94,5,dn13;dn14;dn15,37.739611,-122.492203,3
1,95,1,dn3,37.774524,-122.473656,1
1,95,2,dn4,37.751751,-122.410654,1
1,95,3,dn7;dn9,37.718779,-122.462401,2
1,95,4,dn10;dn11;dn12,37.78929,-122.426797,3
1,95,5,dn13;dn14;dn15,37.739611,-122.492203,3
1,96,1,dn1;dn3,37.774524,-122.473656,2
1,96,2,dn4,37.751751,-122.410654,1
1,96,3,dn7;dn9,37.718779,-122.462401,2
1,96,4,dn10;dn11;dn12,37.78929,-122.426797,3
1,96,5,dn13;dn14;dn15,37.739611,-122.492203,3
1,97,1,dn1;dn3,37.774524,-122.473656,2
1,97,2,dn4,37.751751,-122.410654,1
1,97,3,dn9,37.718779,-122.462401,1
1,97,4,dn10;dn11;dn12,37.78929,-122.426797,3
1,97,5,dn13;dn14;dn15,37.739611,-122.492203,3
1,98,1,dn3,37.774524,-122.473656,1
1,98,2,dn4,37.751751,-122.410654,1
1,98,3,dn9,37.718779,-122.462401,1
1,98,4,dn10;dn11;dn12,37.78929,-122.426797,3
1,98,5,dn13;dn14;dn15,37.739611,-122.492203,3
1,99,1,dn3,37.774524,-122.473656,1
1,99,2,dn4,37.751751,-122.410654,1
1,99,3,dn9,37.718779,-122.462401,1
1,99,4,dn10;dn11;dn12,37.78929,-122.426797,3
1,99,5,dn13;dn14;dn15,37.739611,-122.492203,3
2,0,1,dn1;dn2;dn3,37.774524,-122.473656,3
2,0,2,dn4;dn5;dn6,37.751751,-122.410654,3
2,0,3,dn7;dn8;dn9,37.718779,-122.462401,3
2,0,4,dn10;dn11;dn12,37.78929,-122.426797,3
2,0,5,dn13;dn14;dn15,37.739611,-122.492203,3
2,9,5,dn13,37.739611,-122.492203,1
2,10,1,dn1,37.774524,-122.473656,1
2,10,3,dn7,37.718779,-122.462401,1
2,11,3,dn8,37.718779,-122.462401,1
2,11,5,dn14,37.739611,-122.492203,1
2,12,4,dn12,37.78929,-122.426797,1
2,13,1,dn3,37.774524,-122.473656,1
2,13,5,dn15,37.739611,-122.492203,1
2,14,1,dn2,37.774524,-122.473656,1
2,15,1,dn2,37.774524,-122.473656,1
2,16,1,dn2,37.774524,-122.473656,1
2,16,2,dn4,37.751751,-122.410654,1
2,20,2,dn6,37.751751,-122.410654,1
2,20,3,dn9,37.718779,-122.462401,1
2,21,3,dn9,37.718779,-122.462401,1
2,22,3,dn9,37.718779,-122.462401,1
2,23,5,dn13,37.739611,-122.492203,1
2,24,1,dn1,37.774524,-122.473656,1
2,24,3,dn7,37.718779,-122.462401,1
2,24,5,dn13,37.739611,-122.492203,1
2,25,1,dn1,37.774524,-122.473656,1
2,25,3,dn7,37.718779,-122.462401,1
2,25,5,dn13;dn15,37.739611,-122.492203,2
2,26,1,dn1;dn2,37.774524,-122.473656,2
2,26,3,dn7,37.718779,-122.462401,1
2,26,5,dn13;dn15,37.739611,-122.492203,2
2,27,1,dn1;dn2,37.774524,-122.473656,2
2,27,3,dn7,37.718779,-122.462401,1
2,27,5,dn13;dn15,37.739611,-122.492203,2
2,28,1,dn1;dn2,37.774524,-122.473656,2
2,28,3,dn7,37.718779,-122.462401,1
2,28,5,dn13;dn15,37.739611,-122.492203,2
2,29,1,dn1;dn2,37.774524,-122.473656,2
2,29,3,dn7,37.718779,-122.462401,1
2,29,5,dn13;dn14;dn15,37.739611,-122.492203,3
2,30,1,dn1;dn2,37.774524,-122.473656,2
2,30,3,dn7,37.718779,-122.462401,1
2,30,5,dn13;dn14;dn15,37.739611,-122.492203,3
2,31,1,dn1;dn2,37.774524,-122.473656,2
2,31,3,dn7,37.718779,-122.462401,1
2,31,5,dn13;dn14;dn15,37.739611,-122.492203,3
2,32,1,dn2,37.774524,-122.473656,1
2,32,2,dn4,37.751751,-122.410654,1
2,32,3,dn7,37.718779,-122.462401,1
2,32,5,dn13;dn14;dn15,37.739611,-122.492203,3
2,33,1,dn2,37.774524,-122.473656,1
2,33,3,dn7;dn8,37.718779,-122.462401,2
2,33,5,dn13;dn14;dn15,37.739611,-122.492203,3
2,34,3,dn7;dn8,37.718779,-122.462401,2
2,34,5,dn13;dn14;dn15,37.739611,-122.492203,3
2,35,3,dn7;dn8,37.718779,-122.462401,2
2,35,5,dn13;dn14;dn15,37.739611,-122.492203,3
2,36,2,dn5,37.751751,-122.410654,1
2,36,3,dn8,37.718779,-122.462401,1
2,36,5,dn13;dn14;dn15,37.739611,-122.492203,3
2,37,1,dn3,37.774524,-122.473656,1
2,37,3,dn8,37.718779,-122.462401,1
2,37,5,dn13;dn14;dn15,37.739611,-122.492203,3
2,38,3,dn8,37.718779,-122.462401,1
2,38,5,dn13;dn14;dn15,37.739611,-122.492203,3
2,39,3,dn8,37.718779,-122.462401,1
2,39,5,dn13;dn14;dn15,37.739611,-122.492203,3
2,40,3,dn8,37.718779,-122.462401,1
2,40,5,dn13;dn14;dn15,37.739611,-122.492203,3
2,41,5,dn13;dn14;dn15,37.739611,-122.492203,3
2,42,4,dn11,37.78929,-122.426797,1
2,42,5,dn13;dn14;dn15,37.739611,-122.492203,3
2,43,4,dn11,37.78929,-122.426797,1
2,43,5,dn14;dn15,37.739611,-122.492203,2
2,44,4,dn11,37.78929,-122.426797,1
2,44,5,dn14;dn15,37.739611,-122.492203,2
2,45,4,dn11,37.78929,-122.426797,1
2,45,5,dn15,37.739611,-122.492203,1
2,46,1,dn1,37.774524,-122.473656,1
2,46,4,dn11,37.78929,-122.426797,1
2,46,5,dn15,37.739611,-122.492203,1
2,47,1,dn1;dn2,37.774524,-122.473656,2
2,47,4,dn11,37.78929,-122.426797,1
2,48,1,dn1;dn2,37.774524,-122.473656,2
2,48,4,dn11;dn12,37.78929,-122.426797,2
2,49,1,dn1;dn2,37.774524,-122.473656,2
2,49,3,dn7,37.718779,-122.462401,1
2,49,4,dn12,37.78929,-122.426797,1
2,50,1,dn1;dn2,37.774524,-122.473656,2
2,50,2,dn4,37.751751,-122.410654,1
2,50,3,dn7,37.718779,-122.462401,1
2,50,4,dn12,37.78929,-122.426797,1
2,51,1,dn1;dn2,37.774524,-122.473656,2
2,51,4,dn12,37.78929,-122.426797,1
2,52,1,dn1;dn2,37.774524,-122.473656,2
2,52,4,dn10;dn12,37.78929,-122.426797,2
2,53,1,dn1;dn2,37.774524,-122.473656,2
2,53,4,dn10;dn12,37.78929,-122.426797,2
2,54,1,dn1;dn2,37.774524,-122.473656,2
2,54,4,dn10;dn12,37.78929,-122.426797,2
2,55,1,dn2,37.774524,-122.473656,1
2,55,4,dn10;dn12,37.78929,-122.426797,2
2,55,5,dn14,37.739611,-122.492203,1
2,56,1,dn2,37.774524,-122.473656,1
2,56,4,dn10;dn12,37.78929,-122.426797,2
2,56,5,dn14;dn15,37.739611,-122.492203,2
2,57,3,dn8,37.718779,-122.462401,1
2,57,4,dn10;dn12,37.78929,-122.426797,2
2,57,5,dn14;dn15,37.739611,-122.492203,2
2,58,4,dn10;dn12,37.78929,-122.426797,2
2,58,5,dn14;dn15,37.739611,-122.492203,2
2,59,4,dn10;dn12,37.78929,-122.426797,2
2,59,5,dn14;dn15,37.739611,-122.492203,2
2,60,4,dn10;dn12,37.78929,-122.426797,2
2,60,5,dn15,37.739611,-122.492203,1
2,61,1,dn3,37.774524,-122.473656,1
2,61,4,dn10;dn12,37.78929,-122.426797,2
2,61,5,dn15,37.739611,-122.492203,1
2,62,1,dn3,37.774524,-122.473656,1
2,62,4,dn10;dn12,37.78929,-122.426797,2
2,62,5,dn13;dn15,37.739611,-122.492203,2
2,63,4,dn10;dn12,37.78929,-122.426797,2
2,63,5,dn13;dn15,37.739611,-122.492203,2
2,64,4,dn10;dn12,37.78929,-122.426797,2
2,64,5,dn13;dn15,37.739611,-122.492203,2
2,65,4,dn10;dn12,37.78929,-122.426797,2
2,65,5,dn13;dn15,37.739611,-122.492203,2
2,66,3,dn7;dn9,37.718779,-122.462401,2
2,66,4,dn10;dn12,37.78929,-122.426797,2
2,66,5,dn13;dn15,37.739611,-122.492203,2
2,67,3,dn9,37.718779,-122.462401,1
2,67,4,dn10;dn12,37.78929,-122.426797,2
2,67,5,dn13;dn15,37.739611,-122.492203,2
2,68,2,dn6,37.751751,-122.410654,1
2,68,3,dn9,37.718779,-122.462401,1
2,68,4,dn12,37.78929,-122.426797,1
2,68,5,dn13;dn15,37.739611,-122.492203,2
2,69,3,dn9,37.718779,-122.462401,1
2,69,4,dn12,37.78929,-122.426797,1
2,69,5,dn13;dn15,37.739611,-122.492203,2
2,70,3,dn9,37.718779,-122.462401,1
2,70,5,dn13;dn15,37.739611,-122.492203,2
2,71,3,dn9,37.718779,-122.462401,1
2,71,5,dn13;dn15,37.739611,-122.492203,2
2,72,3,dn9,37.718779,-122.462401,1
2,72,5,dn13;dn15,37.739611,-122.492203,2
2,73,5,dn13;dn15,37.739611,-122.492203,2
2,74,5,dn13;dn15,37.739611,-122.492203,2
2,75,5,dn13;dn15,37.739611,-122.492203,2
2,76,1,dn2,37.774524,-122.473656,1
2,76,5,dn13;dn15,37.739611,-122.492203,2
2,77,5,dn13;dn15,37.739611,-122.492203,2
2,78,5,dn15,37.739611,-122.492203,1
2,79,5,dn15,37.739611,-122.492203,1
2,80,5,dn15,37.739611,-122.492203,1
2,82,3,dn7,37.718779,-122.462401,1
2,83,5,dn14,37.739611,-122.492203,1
2,86,1,dn3,37.774524,-122.473656,1
2,86,2,dn5,37.751751,-122.410654,1
2,88,4,dn11,37.78929,-122.426797,1
2,90,1,dn2,37.774524,-122.473656,1
2,91,1,dn2,37.774524,-122.473656,1
2,92,1,dn1;dn2,37.774524,-122.473656,2
2,92,3,dn9,37.718779,-122.462401,1
2,93,1,dn1;dn2,37.774524,-122.473656,2
2,93,5,dn13,37.739611,-122.492203,1
2,94,1,dn1;dn2,37.774524,-122.473656,2
2,94,5,dn13,37.739611,-122.492203,1
2,95,1,dn2,37.774524,-122.473656,1
2,95,5,dn13,37.739611,-122.492203,1
2,96,1,dn2,37.774524,-122.473656,1
2,96,5,dn13,37.739611,-122.492203,1
2,97,1,dn2,37.774524,-122.473656,1
2,97,5,dn13;dn14,37.739611,-122.492203,2
2,98,1,dn2,37.774524,-122.473656,1
2,98,2,dn6,37.751751,-122.410654,1
2,98,5,dn13;dn14,37.739611,-122.492203,2
2,99,1,dn2,37.774524,-122.473656,1
2,99,3,dn8,37.718779,-122.462401,1
2,99,5,dn13;dn14,37.739611,-122.492203,2
3,0,1,dn1;dn2;dn3,37.774524,-122.473656,3
3,0,2,dn4;dn5;dn6,37.751751,-122.410654,3
3,0,3,dn7;dn8;dn9,37.718779,-122.462401,3
3,0,4,dn10;dn11;dn12,37.78929,-122.426797,3
3,0,5,dn13;dn14;dn15,37.739611,-122.492203,3
3,1,5,dn15,37.739611,-122.492203,1
3,2,5,dn15,37.739611,-122.492203,1
3,12,3,dn9,37.718779,-122.462401,1
3,13,5,dn13,37.739611,-122.492203,1
3,14,1,dn3,37.774524,-122.473656,1
3,14,5,dn14,37.739611,-122.492203,1
3,16,5,dn15,37.739611,-122.492203,1
3,18,1,dn2,37.774524,-122.473656,1
3,18,3,dn7;dn8,37.718779,-122.462401,2
3,20,1,dn1,37.774524,-122.473656,1
3,20,2,dn4,37.751751,-122.410654,1
3,24,3,dn9,37.718779,-122.462401,1
3,28,4,dn11,37.78929,-122.426797,1
3,28,5,dn15,37.739611,-122.492203,1
3,29,1,dn1,37.774524,-122.473656,1
3,29,3,dn8,37.718779,-122.462401,1
3,29,5,dn15,37.739611,-122.492203,1
3,30,1,dn1,37.774524,-122.473656,1
3,30,5,dn15,37.739611,-122.492203,1
3,31,5,dn13;dn15,37.739611,-122.492203,2
3,32,2,dn5,37.751751,-122.410654,1
3,32,5,dn13;dn14;dn15,37.739611,-122.492203,3
3,33,5,dn13;dn14;dn15,37.739611,-122.492203,3
3,34,5,dn13;dn14;dn15,37.739611,-122.492203,3
3,35,5,dn13;dn14;dn15,37.739611,-122.492203,3
3,36,5,dn13;dn14;dn15,37.739611,-122.492203,3
3,37,5,dn13;dn14;dn15,37.739611,-122.492203,3
3,38,5,dn13;dn14;dn15,37.739611,-122.492203,3
3,39,5,dn13;dn14;dn15,37.739611,-122.492203,3
3,40,5,dn14;dn15,37.739611,-122.492203,2
3,41,5,dn14;dn15,37.739611,-122.492203,2
3,42,5,dn14;dn15,37.739611,-122.492203,2
3,43,5,dn14;dn15,37.739611,-122.492203,2
3,44,3,dn7,37.718779,-122.462401,1
3,44,5,dn14;dn15,37.739611,-122.492203,2
3,45,5,dn14;dn15,37.739611,-122.492203,2
3,46,2,dn6,37.751751,-122.410654,1
3,46,4,dn12,37.78929,-122.426797,1
3,46,5,dn15,37.739611,-122.492203,1
3,47,5,dn15,37.739611,-122.492203,1
3,48,3,dn9,37.718779,-122.462401,1
3,54,4,dn10,37.78929,-122.426797,1
3,56,1,dn3,37.774524,-122.473656,1
3,57,5,dn14,37.739611,-122.492203,1
3,62,1,dn1,37.774524,-122.473656,1
3,62,5,dn15,37.739611,-122.492203,1
3,64,1,dn2,37.774524,-122.473656,1
3,64,2,dn4,37.751751,-122.410654,1
3,66,2,dn5;dn6,37.751751,-122.410654,2
3,67,5,dn13,37.739611,-122.492203,1
3,68,4,dn11,37.78929,-122.426797,1
3,70,3,dn7,37.718779,-122.462401,1
3,75,5,dn14,37.739611,-122.492203,1
3,76,5,dn15,37.739611,-122.492203,1
3,79,3,dn8,37.718779,-122.462401,1
3,80,3,dn7,37.718779,-122.462401,1
3,83,5,dn13,37.739611,-122.492203,1
3,84,5,dn13,37.739611,-122.492203,1
3,85,5,dn13,37.739611,-122.492203,1
3,86,1,dn2,37.774524,-122.473656,1
3,86,4,dn12,37.78929,-122.426797,1
3,86,5,dn13,37.739611,-122.492203,1
3,87,1,dn2,37.774524,-122.473656,1
3,87,5,dn13,37.739611,-122.492203,1
3,88,1,dn2;dn3,37.774524,-122.473656,2
3,88,5,dn13,37.739611,-122.492203,1
3,89,1,dn2;dn3,37.774524,-122.473656,2
3,89,5,dn13,37.739611,-122.492203,1
3,90,1,dn1;dn3,37.774524,-122.473656,2
3,90,5,dn13;dn14,37.739611,-122.492203,2
3,91,1,dn1;dn3,37.774524,-122.473656,2
3,91,5,dn14,37.739611,-122.492203,1
3,92,1,dn1;dn3,37.774524,-122.473656,2
3,92,5,dn14,37.739611,-122.492203,1
3,93,1,dn1;dn3,37.774524,-122.473656,2
3,93,5,dn14,37.739611,-122.492203,1
3,94,1,dn1;dn3,37.774524,-122.473656,2
3,95,1,dn3,37.774524,-122.473656,1
3,95,3,dn8,37.718779,-122.462401,1
3,96,1,dn3,37.774524,-122.473656,1
3,97,1,dn3,37.774524,-122.473656,1
3,98,1,dn3,37.774524,-122.473656,1
3,98,5,dn15,37.739611,-122.492203,1
3,99,1,dn3,37.774524,-122.473656,1
3,99,5,dn15,37.739611,-122.492203,1
4,0,1,dn1;dn2;dn3,37.774524,-122.473656,3
4,0,2,dn4;dn5;dn6,37.751751,-122.410654,3
4,0,3,dn7;dn8;dn9,37.718779,-122.462401,3
4,0,4,dn10;dn11;dn12,37.78929,-122.426797,3
4,0,5,dn13;dn14;dn15,37.739611,-122.492203,3
4,9,5,dn13,37.739611,-122.492203,1
4,10,5,dn14,37.739611,-122.492203,1
4,11,3,dn7,37.718779,-122.462401,1
4,15,5,dn13,37.739611,-122.492203,1
4,16,3,dn9,37.718779,-122.462401,1
4,16,5,dn15,37.739611,-122.492203,1
4,20,1,dn2,37.774524,-122.473656,1
4,22,3,dn8,37.718779,-122.462401,1
4,24,2,dn6,37.751751,-122.410654,1
4,24,5,dn14;dn15,37.739611,-122.492203,2
4,25,2,dn6,37.751751,-122.410654,1
4,25,5,dn13,37.739611,-122.492203,1
4,26,2,dn6,37.751751,-122.410654,1
4,26,4,dn12,37.78929,-122.426797,1
4,26,5,dn13;dn14,37.739611,-122.492203,2
4,27,2,dn6,37.751751,-122.410654,1
4,27,3,dn7,37.718779,-122.462401,1
4,27,5,dn13;dn14;dn15,37.739611,-122.492203,3
4,28,2,dn6,37.751751,-122.410654,1
4,28,5,dn13;dn14;dn15,37.739611,-122.492203,3
4,29,2,dn6,37.751751,-122.410654,1
4,29,5,dn13;dn14;dn15,37.739611,-122.492203,3
4,30,2,dn6,37.751751,-122.410654,1
4,30,5,dn13;dn14;dn15,37.739611,-122.492203,3
4,31,5,dn13;dn14;dn15,37.739611,-122.492203,3
4,32,4,dn11,37.78929,-122.426797,1
4,32,5,dn14;dn15,37.739611,-122.492203,2
4,33,5,dn14;dn15,37.739611,-122.492203,2
4,34,1,dn3,37.774524,-122.473656,1
4,34,3,dn9,37.718779,-122.462401,1
4,34,5,dn14;dn15,37.739611,-122.492203,2
4,35,1,dn3,37.774524,-122.473656,1
4,35,3,dn9,37.718779,-122.462401,1
4,35,5,dn14;dn15,37.739611,-122.492203,2
4,36,1,dn1;dn3,37.774524,-122.473656,2
4,36,3,dn9,37.718779,-122.462401,1
4,36,5,dn14;dn15,37.739611,-122.492203,2
4,37,1,dn1;dn3,37.774524,-122.473656,2
4,37,3,dn7;dn9,37.718779,-122.462401,2
4,37,5,dn14;dn15,37.739611,-122.492203,2
4,38,1,dn1;dn2;dn3,37.774524,-122.473656,3
4,38,3,dn7;dn9,37.718779,-122.462401,2
4,38,5,dn14;dn15,37.739611,-122.492203,2
4,39,1,dn1;dn2;dn3,37.774524,-122.473656,3
4,39,3,dn7;dn9,37.718779,-122.462401,2
4,39,5,dn14;dn15,37.739611,-122.492203,2
4,40,1,dn1;dn2;dn3,37.774524,-122.473656,3
4,40,2,dn4,37.751751,-122.410654,1
4,40,3,dn7;dn9,37.718779,-122.462401,2
4,40,5,dn14;dn15,37.739611,-122.492203,2
4,41,1,dn2;dn3,37.774524,-122.473656,2
4,41,3,dn7;dn9,37.718779,-122.462401,2
4,41,5,dn14;dn15,37.739611,-122.492203,2
4,42,1,dn3,37.774524,-122.473656,1
4,42,2,dn5,37.751751,-122.410654,1
4,42,3,dn7;dn9,37.718779,-122.462401,2
4,42,5,dn13;dn14;dn15,37.739611,-122.492203,3
4,43,1,dn3,37.774524,-122.473656,1
4,43,3,dn9,37.718779,-122.462401,1
4,43,5,dn13;dn14;dn15,37.739611,-122.492203,3
4,44,1,dn3,37.774524,-122.473656,1
4,44,3,dn9,37.718779,-122.462401,1
4,44,5,dn13;dn14;dn15,37.739611,-122.492203,3
4,45,1,dn3,37.774524,-122.473656,1
4,45,5,dn13;dn14;dn15,37.739611,-122.492203,3
4,46,5,dn13;dn14;dn15,37.739611,-122.492203,3
4,47,5,dn13;dn14;dn15,37.739611,-122.492203,3
4,48,4,dn10,37.78929,-122.426797,1
4,48,5,dn13;dn14;dn15,37.739611,-122.492203,3
4,49,5,dn14;dn15,37.739611,-122.492203,2
4,50,3,dn8,37.718779,-122.462401,1
4,50,4,dn11,37.78929,-122.426797,1
4,50,5,dn14;dn15,37.739611,-122.492203,2
4,51,3,dn8,37.718779,-122.462401,1
4,51,4,dn11,37.78929,-122.426797,1
4,51,5,dn14;dn15,37.739611,-122.492203,2
4,52,4,dn11,37.78929,-122.426797,1
4,52,5,dn14;dn15,37.739611,-122.492203,2
4,53,1,dn2,37.774524,-122.473656,1
4,53,4,dn11,37.78929,-122.426797,1
4,53,5,dn14;dn15,37.739611,-122.492203,2
4,54,1,dn2,37.774524,-122.473656,1
4,54,5,dn14;dn15,37.739611,-122.492203,2
4,55,1,dn2,37.774524,-122.473656,1
4,55,5,dn14;dn15,37.739611,-122.492203,2
4,56,1,dn2,37.774524,-122.473656,1
4,56,2,dn4,37.751751,-122.410654,1
4,56,3,dn7,37.718779,-122.462401,1
4,56,5,dn14;dn15,37.739611,-122.492203,2
4,57,1,dn2,37.774524,-122.473656,1
4,57,3,dn7,37.718779,-122.462401,1
4,57,5,dn14;dn15,37.739611,-122.492203,2
4,58,1,dn2,37.774524,-122.473656,1
4,58,5,dn14;dn15,37.739611,-122.492203,2
4,59,1,dn2,37.774524,-122.473656,1
4,59,3,dn8,37.718779,-122.462401,1
4,59,5,dn14;dn15,37.739611,-122.492203,2
4,60,1,dn1;dn2,37.774524,-122.473656,2
4,60,3,dn8,37.718779,-122.462401,1
4,60,5,dn14;dn15,37.739611,-122.492203,2
4,61,1,dn1;dn2,37.774524,-122.473656,2
4,61,3,dn8,37.718779,-122.462401,1
4,61,5,dn14;dn15,37.739611,-122.492203,2
4,62,1,dn1;dn2,37.774524,-122.473656,2
4,62,3,dn8,37.718779,-122.462401,1
4,62,4,dn12,37.78929,-122.426797,1
4,62,5,dn14;dn15,37.739611,-122.492203,2
4,63,1,dn1;dn2,37.774524,-122.473656,2
4,63,3,dn8,37.718779,-122.462401,1
4,63,5,dn14;dn15,37.739611,-122.492203,2
4,64,1,dn2,37.774524,-122.473656,1
4,64,3,dn8,37.718779,-122.462401,1
4,64,5,dn14;dn15,37.739611,-122.492203,2
4,65,3,dn8,37.718779,-122.462401,1
4,65,5,dn14;dn15,37.739611,-122.492203,2
4,66,3,dn8,37.718779,-122.462401,1
4,66,5,dn13;dn14;dn15,37.739611,-122.492203,3
4,67,3,dn8,37.718779,-122.462401,1
4,67,5,dn13;dn14;dn15,37.739611,-122.492203,3
4,68,3,dn8;dn9,37.718779,-122.462401,2
4,68,5,dn13;dn14;dn15,37.739611,-122.492203,3
4,69,3,dn8;dn9,37.718779,-122.462401,2
4,69,5,dn13;dn14;dn15,37.739611,-122.492203,3
4,70,2,dn6,37.751751,-122.410654,1
4,70,3,dn8;dn9,37.718779,-122.462401,2
4,70,5,dn14;dn15,37.739611,-122.492203,2
4,71,3,dn8;dn9,37.718779,-122.462401,2
4,71,5,dn14;dn15,37.739611,-122.492203,2
4,72,3,dn8;dn9,37.718779,-122.462401,2
4,72,5,dn14;dn15,37.739611,-122.492203,2
4,73,1,dn3,37.774524,-122.473656,1
4,73,3,dn9,37.718779,-122.462401,1
4,73,5,dn14;dn15,37.739611,-122.492203,2
4,74,1,dn3,37.774524,-122.473656,1
4,74,3,dn9,37.718779,-122.462401,1
4,74,5,dn14;dn15,37.739611,-122.492203,2
4,75,1,dn3,37.774524,-122.473656,1
4,75,3,dn9,37.718779,-122.462401,1
4,75,5,dn14;dn15,37.739611,-122.492203,2
4,76,3,dn9,37.718779,-122.462401,1
4,76,5,dn14;dn15,37.739611,-122.492203,2
4,77,3,dn9,37.718779,-122.462401,1
4,77,5,dn14;dn15,37.739611,-122.492203,2
4,78,1,dn1,37.774524,-122.473656,1
4,78,2,dn5,37.751751,-122.410654,1
4,78,5,dn14;dn15,37.739611,-122.492203,2
4,79,2,dn5,37.751751,-122.410654,1
4,79,5,dn14;dn15,37.739611,-122.492203,2
4,80,2,dn5,37.751751,-122.410654,1
4,80,5,dn14;dn15,37.739611,-122.492203,2
4,81,2,dn5,37.751751,-122.410654,1
4,81,3,dn7,37.718779,-122.462401,1
4,81,5,dn15,37.739611,-122.492203,1
4,82,2,dn5,37.751751,-122.410654,1
4,82,3,dn7,37.718779,-122.462401,1
4,82,5,dn15,37.739611,-122.492203,1
4,83,2,dn5,37.751751,-122.410654,1
4,83,3,dn7,37.718779,-122.462401,1
4,83,5,dn15,37.739611,-122.492203,1
4,84,2,dn5,37.751751,-122.410654,1
4,84,5,dn15,37.739611,-122.492203,1
4,85,2,dn5,37.751751,-122.410654,1
4,85,5,dn15,37.739611,-122.492203,1
4,86,2,dn4,37.751751,-122.410654,1
4,86,5,dn15,37.739611,-122.492203,1
4,87,1,dn1,37.774524,-122.473656,1
4,87,2,dn4,37.751751,-122.410654,1
4,87,3,dn8,37.718779,-122.462401,1
4,87,5,dn15,37.739611,-122.492203,1
4,88,2,dn4,37.751751,-122.410654,1
4,88,3,dn8,37.718779,-122.462401,1
4,88,5,dn13;dn15,37.739611,-122.492203,2
4,89,3,dn8,37.718779,-122.462401,1
4,89,5,dn13;dn15,37.739611,-122.492203,2
4,90,5,dn13;dn15,37.739611,-122.492203,2
4,91,3,dn9,37.718779,-122.462401,1
4,91,5,dn13;dn15,37.739611,-122.492203,2
4,92,1,dn2,37.774524,-122.473656,1
4,92,3,dn9,37.718779,-122.462401,1
4,92,5,dn13;dn14;dn15,37.739611,-122.492203,3
4,93,1,dn2,37.774524,-122.473656,1
4,93,3,dn9,37.718779,-122.462401,1
4,93,5,dn13;dn14;dn15,37.739611,-122.492203,3
4,94,1,dn2;dn3,37.774524,-122.473656,2
4,94,3,dn9,37.718779,-122.462401,1
4,94,5,dn13;dn14;dn15,37.739611,-122.492203,3
4,95,1,dn2;dn3,37.774524,-122.473656,2
4,95,3,dn9,37.718779,-122.462401,1
4,95,5,dn13;dn14;dn15,37.739611,-122.492203,3
4,96,1,dn2;dn3,37.774524,-122.473656,2
4,96,5,dn13;dn14;dn15,37.739611,-122.492203,3
4,97,1,dn3,37.774524,-122.473656,1
4,97,5,dn13;dn14;dn15,37.739611,-122.492203,3
4,98,1,dn3,37.774524,-122.473656,1
4,98,2,dn6,37.751751,-122.410654,1
4,98,5,dn13;dn14;dn15,37.739611,-122.492203,3
4,99,4,dn11,37.78929,-122.426797,1
4,99,5,dn13;dn14;dn15,37.739611,-122.492203,3
5,0,1,dn1;dn2;dn3,37.774524,-122.473656,3
5,0,2,dn4;dn5;dn6,37.751751,-122.410654,3
5,0,3,dn7;dn8;dn9,37.718779,-122.462401,3
5,0,4,dn10;dn11;dn12,37.78929,-122.426797,3
5,0,5,dn13;dn14;dn15,37.739611,-122.492203,3
5,8,1,dn1,37.774524,-122.473656,1
5,9,5,dn13;dn14,37.739611,-122.492203,2
5,10,1,dn2,37.774524,-122.473656,1
5,12,5,dn15,37.739611,-122.492203,1
5,13,3,dn8,37.718779,-122.462401,1
5,14,1,dn3,37.774524,-122.473656,1
5,15,4,dn12,37.78929,-122.426797,1
5,15,5,dn13,37.739611,-122.492203,1
5,18,1,dn1,37.774524,-122.473656,1
5,21,5,dn13;dn14,37.739611,-122.492203,2
5,22,2,dn6,37.751751,-122.410654,1
5,22,4,dn11,37.78929,-122.426797,1
5,24,3,dn7,37.718779,-122.462401,1
5,25,5,dn13,37.739611,-122.492203,1
5,26,3,dn9,37.718779,-122.462401,1
5,26,5,dn13,37.739611,-122.492203,1
5,27,5,dn13,37.739611,-122.492203,1
5,28,5,dn13,37.739611,-122.492203,1
5,30,1,dn1,37.774524,-122.473656,1
5,31,1,dn1,37.774524,-122.473656,1
5,32,1,dn1,37.774524,-122.473656,1
5,33,1,dn1,37.774524,-122.473656,1
5,33,5,dn14,37.739611,-122.492203,1
5,34,1,dn2,37.774524,-122.473656,1
5,34,2,dn4,37.751751,-122.410654,1
5,34,4,dn11,37.78929,-122.426797,1
5,34,5,dn14,37.739611,-122.492203,1
5,35,2,dn4,37.751751,-122.410654,1
5,35,4,dn11,37.78929,-122.426797,1
5,35,5,dn14,37.739611,-122.492203,1
5,36,4,dn11,37.78929,-122.426797,1
5,36,5,dn14,37.739611,-122.492203,1
5,37,5,dn14,37.739611,-122.492203,1
5,38,5,dn14;dn15,37.739611,-122.492203,2
5,39,5,dn15,37.739611,-122.492203,1
5,40,5,dn13;dn15,37.739611,-122.492203,2
5,41,5,dn13;dn15,37.739611,-122.492203,2
5,42,2,dn5,37.751751,-122.410654,1
5,42,5,dn13;dn15,37.739611,-122.492203,2
5,43,5,dn13;dn15,37.739611,-122.492203,2
5,44,1,dn1,37.774524,-122.473656,1
5,44,5,dn13;dn15,37.739611,-122.492203,2
5,45,1,dn1,37.774524,-122.473656,1
5,45,5,dn13;dn15,37.739611,-122.492203,2
5,46,1,dn1,37.774524,-122.473656,1
5,46,2,dn6,37.751751,-122.410654,1
5,46,4,dn10,37.78929,-122.426797,1
5,46,5,dn13;dn15,37.739611,-122.492203,2
5,47,1,dn1,37.774524,-122.473656,1
5,47,4,dn10,37.78929,-122.426797,1
5,47,5,dn13;dn15,37.739611,-122.492203,2
5,48,1,dn1;dn3,37.774524,-122.473656,2
5,48,4,dn10,37.78929,-122.426797,1
5,48,5,dn13;dn15,37.739611,-122.492203,2
5,49,1,dn3,37.774524,-122.473656,1
5,49,4,dn10,37.78929,-122.426797,1
5,49,5,dn13;dn15,37.739611,-122.492203,2
5,50,1,dn3,37.774524,-122.473656,1
5,50,4,dn10,37.78929,-122.426797,1
5,50,5,dn13;dn15,37.739611,-122.492203,2
5,51,4,dn10,37.78929,-122.426797,1
5,51,5,dn13;dn15,37.739611,-122.492203,2
5,52,4,dn10,37.78929,-122.426797,1
5,52,5,dn13;dn15,37.739611,-122.492203,2
5,53,4,dn10,37.78929,-122.426797,1
5,53,5,dn15,37.739611,-122.492203,1
5,54,4,dn10,37.78929,-122.426797,1
5,54,5,dn15,37.739611,-122.492203,1
5,55,4,dn10,37.78929,-122.426797,1
5,56,4,dn10,37.78929,-122.426797,1
5,56,5,dn14,37.739611,-122.492203,1
5,57,4,dn10,37.78929,-122.426797,1
5,58,3,dn9,37.718779,-122.462401,1
5,58,4,dn10;dn11,37.78929,-122.426797,2
5,59,1,dn1,37.774524,-122.473656,1
5,59,3,dn8,37.718779,-122.462401,1
5,59,4,dn10;dn11,37.78929,-122.426797,2
5,60,1,dn2,37.774524,-122.473656,1
5,60,3,dn7,37.718779,-122.462401,1
5,60,4,dn10;dn11,37.78929,-122.426797,2
5,61,1,dn2,37.774524,-122.473656,1
5,61,4,dn10;dn11,37.78929,-122.426797,2
5,62,1,dn2,37.774524,-122.473656,1
5,62,4,dn11,37.78929,-122.426797,1
5,63,1,dn2,37.774524,-122.473656,1
5,63,4,dn11,37.78929,-122.426797,1
5,64,1,dn2,37.774524,-122.473656,1
5,64,4,dn11,37.78929,-122.426797,1
5,64,5,dn15,37.739611,-122.492203,1
5,65,1,dn2,37.774524,-122.473656,1
5,65,2,dn4,37.751751,-122.410654,1
5,65,4,dn11,37.78929,-122.426797,1
5,65,5,dn15,37.739611,-122.492203,1
5,66,1,dn2,37.774524,-122.473656,1
5,66,2,dn4;dn5,37.751751,-122.410654,2
5,66,4,dn11,37.78929,-122.426797,1
5,67,1,dn1,37.774524,-122.473656,1
5,67,2,dn4;dn5,37.751751,-122.410654,2
5,67,4,dn11,37.78929,-122.426797,1
5,68,2,dn4;dn5,37.751751,-122.410654,2
5,68,4,dn11,37.78929,-122.426797,1
5,69,2,dn5,37.751751,-122.410654,1
5,69,4,dn11,37.78929,-122.426797,1
5,70,4,dn11,37.78929,-122.426797,1
5,70,5,dn13,37.739611,-122.492203,1
5,71,5,dn13,37.739611,-122.492203,1
5,72,1,dn3,37.774524,-122.473656,1
5,72,5,dn13,37.739611,-122.492203,1
5,73,1,dn3,37.774524,-122.473656,1
5,73,3,dn8,37.718779,-122.462401,1
5,73,5,dn13,37.739611,-122.492203,1
5,74,1,dn3,37.774524,-122.473656,1
5,74,3,dn8,37.718779,-122.462401,1
5,74,5,dn13;dn14,37.739611,-122.492203,2
5,75,1,dn3,37.774524,-122.473656,1
5,75,3,dn8,37.718779,-122.462401,1
5,75,5,dn13;dn14,37.739611,-122.492203,2
5,76,1,dn3,37.774524,-122.473656,1
5,76,5,dn13;dn14,37.739611,-122.492203,2
5,77,1,dn3,37.774524,-122.473656,1
5,77,4,dn12,37.78929,-122.426797,1
5,77,5,dn13;dn14,37.739611,-122.492203,2
5,78,1,dn2;dn3,37.774524,-122.473656,2
5,78,4,dn12,37.78929,-122.426797,1
5,78,5,dn13;dn14,37.739611,-122.492203,2
5,79,1,dn3,37.774524,-122.473656,1
5,79,4,dn12,37.78929,-122.426797,1
5,79,5,dn13;dn14,37.739611,-122.492203,2
5,80,1,dn3,37.774524,-122.473656,1
5,80,3,dn9,37.718779,-122.462401,1
5,80,4,dn12,37.78929,-122.426797,1
5,80,5,dn13;dn14,37.739611,-122.492203,2
5,81,3,dn9,37.718779,-122.462401,1
5,81,4,dn12,37.78929,-122.426797,1
5,81,5,dn13;dn14,37.739611,-122.492203,2
5,82,3,dn9,37.718779,-122.462401,1
5,82,4,dn12,37.78929,-122.426797,1
5,82,5,dn13;dn14,37.739611,-122.492203,2
5,83,4,dn12,37.78929,-122.426797,1
5,83,5,dn13;dn14,37.739611,-122.492203,2
5,84,4,dn12,37.78929,-122.426797,1
5,84,5,dn13;dn14,37.739611,-122.492203,2
5,85,4,dn12,37.78929,-122.426797,1
5,85,5,dn13;dn14,37.739611,-122.492203,2
5,86,4,dn12,37.78929,-122.426797,1
5,86,5,dn14,37.739611,-122.492203,1
5,87,1,dn1,37.774524,-122.473656,1
5,87,5,dn14,37.739611,-122.492203,1
5,88,1,dn1,37.774524,-122.473656,1
5,88,5,dn14,37.739611,-122.492203,1
5,89,1,dn3,37.774524,-122.473656,1
5,89,2,dn5,37.751751,-122.410654,1
5,89,5,dn14,37.739611,-122.492203,1
5,90,5,dn14,37.739611,-122.492203,1
5,91,3,dn9,37.718779,-122.462401,1
5,91,5,dn14,37.739611,-122.492203,1
5,92,3,dn7;dn9,37.718779,-122.462401,2
5,93,3,dn7;dn9,37.718779,-122.462401,2
5,94,3,dn9,37.718779,-122.462401,1
5,95,3,dn9,37.718779,-122.462401,1
5,95,5,dn15,37.739611,-122.492203,1
5,96,1,dn2,37.774524,-122.473656,1
5,96,3,dn9,37.718779,-122.462401,1
5,96,4,dn11,37.78929,-122.426797,1
5,96,5,dn15,37.739611,-122.492203,1
5,97,3,dn8;dn9,37.718779,-122.462401,2
5,97,4,dn11,37.78929,-122.426797,1
5,97,5,dn15,37.739611,-122.492203,1
5,98,2,dn6,37.751751,-122.410654,1
5,98,3,dn9,37.718779,-122.462401,1
5,98,4,dn11,37.78929,-122.426797,1
5,98,5,dn15,37.739611,-122.492203,1
5,99,3,dn9,37.718779,-122.462401,1
5,99,4,dn10;dn11,37.78929,-122.426797,2
5,99,5,dn13;dn15,37.739611,-122.492203,2
6,0,1,dn1;dn2;dn3,37.774524,-122.473656,3
6,0,2,dn4;dn5;dn6,37.751751,-122.410654,3
6,0,3,dn7;dn8;dn9,37.718779,-122.462401,3
6,0,4,dn10;dn11;dn12,37.78929,-122.426797,3
6,0,5,dn13;dn14;dn15,37.739611,-122.492203,3
6,7,5,dn13,37.739611,-122.492203,1
6,9,1,dn1,37.774524,-122.473656,1
6,11,3,dn8,37.718779,-122.462401,1
6,13,5,dn14,37.739611,-122.492203,1
6,14,1,dn3,37.774524,-122.473656,1
6,15,5,dn15,37.739611,-122.492203,1
6,18,3,dn7,37.718779,-122.462401,1
6,19,5,dn13,37.739611,-122.492203,1
6,20,2,dn5,37.751751,-122.410654,1
6,24,4,dn10;dn12,37.78929,-122.426797,2
6,27,1,dn1,37.774524,-122.473656,1
6,27,5,dn14;dn15,37.739611,-122.492203,2
6,28,1,dn2,37.774524,-122.473656,1
6,28,3,dn9,37.718779,-122.462401,1
6,29,1,dn2,37.774524,-122.473656,1
6,29,5,dn13,37.739611,-122.492203,1
6,30,1,dn2,37.774524,-122.473656,1
6,30,5,dn13,37.739611,-122.492203,1
6,31,1,dn2,37.774524,-122.473656,1
6,31,5,dn13,37.739611,-122.492203,1
6,32,5,dn13,37.739611,-122.492203,1
6,33,5,dn13;dn14,37.739611,-122.492203,2
6,34,1,dn3,37.774524,-122.473656,1
6,34,2,dn6,37.751751,-122.410654,1
6,34,5,dn13;dn14,37.739611,-122.492203,2
6,35,1,dn1,37.774524,-122.473656,1
6,35,3,dn8,37.718779,-122.462401,1
6,35,5,dn13;dn14,37.739611,-122.492203,2
6,36,1,dn1,37.774524,-122.473656,1
6,36,2,dn4,37.751751,-122.410654,1
6,36,5,dn13;dn14,37.739611,-122.492203,2
6,37,5,dn13;dn14,37.739611,-122.492203,2
6,38,3,dn7,37.718779,-122.462401,1
6,38,5,dn14,37.739611,-122.492203,1
6,39,3,dn7,37.718779,-122.462401,1
6,39,5,dn14;dn15,37.739611,-122.492203,2
6,40,3,dn7,37.718779,-122.462401,1
6,40,4,dn12,37.78929,-122.426797,1
6,40,5,dn14;dn15,37.739611,-122.492203,2
6,41,3,dn7,37.718779,-122.462401,1
6,41,5,dn14;dn15,37.739611,-122.492203,2
6,42,3,dn7,37.718779,-122.462401,1
6,42,4,dn11,37.78929,-122.426797,1
6,42,5,dn14;dn15,37.739611,-122.492203,2
6,43,3,dn7,37.718779,-122.462401,1
6,43,4,dn11,37.78929,-122.426797,1
6,43,5,dn14;dn15,37.739611,-122.492203,2
6,44,4,dn11,37.78929,-122.426797,1
6,44,5,dn14;dn15,37.739611,-122.492203,2
6,45,4,dn11,37.78929,-122.426797,1
6,45,5,dn14;dn15,37.739611,-122.492203,2
6,46,4,dn10;dn11,37.78929,-122.426797,2
6,46,5,dn14;dn15,37.739611,-122.492203,2
6,47,4,dn10;dn11,37.78929,-122.426797,2
6,47,5,dn14;dn15,37.739611,-122.492203,2
6,48,4,dn10;dn11,37.78929,-122.426797,2
6,48,5,dn14;dn15,37.739611,-122.492203,2
6,49,4,dn10;dn11,37.78929,-122.426797,2
6,49,5,dn14;dn15,37.739611,-122.492203,2
6,50,2,dn5,37.751751,-122.410654,1
6,50,4,dn10;dn11,37.78929,-122.426797,2
6,50,5,dn14;dn15,37.739611,-122.492203,2
6,51,1,dn1,37.774524,-122.473656,1
6,51,4,dn10;dn11,37.78929,-122.426797,2
6,51,5,dn14;dn15,37.739611,-122.492203,2
6,52,1,dn1,37.774524,-122.473656,1
6,52,4,dn10;dn11,37.78929,-122.426797,2
6,52,5,dn14;dn15,37.739611,-122.492203,2
6,53,1,dn1,37.774524,-122.473656,1
6,53,4,dn10;dn11,37.78929,-122.426797,2
6,53,5,dn14;dn15,37.739611,-122.492203,2
6,54,1,dn1,37.774524,-122.473656,1
6,54,4,dn10;dn11,37.78929,-122.426797,2
6,54,5,dn14;dn15,37.739611,-122.492203,2
6,55,1,dn1,37.774524,-122.473656,1
6,55,4,dn10;dn11,37.78929,-122.426797,2
6,55,5,dn13;dn14;dn15,37.739611,-122.492203,3
6,56,4,dn10;dn11,37.78929,-122.426797,2
6,56,5,dn13;dn14;dn15,37.739611,-122.492203,3
6,57,4,dn10;dn11,37.78929,-122.426797,2
6,57,5,dn13;dn14;dn15,37.739611,-122.492203,3
6,58,4,dn10;dn11;dn12,37.78929,-122.426797,3
6,58,5,dn13;dn14;dn15,37.739611,-122.492203,3
6,59,3,dn7,37.718779,-122.462401,1
6,59,4,dn10;dn11;dn12,37.78929,-122.426797,3
6,59,5,dn13;dn14;dn15,37.739611,-122.492203,3
6,60,1,dn3,37.774524,-122.473656,1
6,60,3,dn7,37.718779,-122.462401,1
6,60,4,dn10;dn11;dn12,37.78929,-122.426797,3
6,60,5,dn13;dn14;dn15,37.739611,-122.492203,3
6,61,1,dn3,37.774524,-122.473656,1
6,61,3,dn7,37.718779,-122.462401,1
6,61,4,dn10;dn11;dn12,37.78929,-122.426797,3
6,61,5,dn13;dn14;dn15,37.739611,-122.492203,3
6,62,1,dn3,37.774524,-122.473656,1
6,62,3,dn7,37.718779,-122.462401,1
6,62,4,dn10;dn11;dn12,37.78929,-122.426797,3
6,62,5,dn13;dn14;dn15,37.739611,-122.492203,3
6,63,1,dn2;dn3,37.774524,-122.473656,2
6,63,3,dn7,37.718779,-122.462401,1
6,63,4,dn10;dn11;dn12,37.78929,-122.426797,3
6,63,5,dn13;dn14;dn15,37.739611,-122.492203,3
6,64,1,dn2;dn3,37.774524,-122.473656,2
6,64,2,dn6,37.751751,-122.410654,1
6,64,3,dn9,37.718779,-122.462401,1
6,64,4,dn10;dn11;dn12,37.78929,-122.426797,3
6,64,5,dn13;dn14;dn15,37.739611,-122.492203,3
6,65,1,dn2;dn3,37.774524,-122.473656,2
6,65,3,dn9,37.718779,-122.462401,1
6,65,4,dn10;dn11;dn12,37.78929,-122.426797,3
6,65,5,dn13;dn14;dn15,37.739611,-122.492203,3
6,66,1,dn2;dn3,37.774524,-122.473656,2
6,66,3,dn9,37.718779,-122.462401,1
6,66,4,dn10;dn11;dn12,37.78929,-122.426797,3
6,66,5,dn13;dn14;dn15,37.739611,-122.492203,3
6,67,1,dn2;dn3,37.774524,-122.473656,2
6,67,4,dn10;dn11;dn12,37.78929,-122.426797,3
6,67,5,dn13;dn14;dn15,37.739611,-122.492203,3
6,68,1,dn3,37.774524,-122.473656,1
6,68,4,dn10;dn11;dn12,37.78929,-122.426797,3
6,68,5,dn13;dn14;dn15,37.739611,-122.492203,3
6,69,1,dn3,37.774524,-122.473656,1
6,69,4,dn10;dn11;dn12,37.78929,-122.426797,3
6,69,5,dn13;dn14;dn15,37.739611,-122.492203,3
6,70,1,dn3,37.774524,-122.473656,1
6,70,4,dn10;dn11;dn12,37.78929,-122.426797,3
6,70,5,dn13;dn14;dn15,37.739611,-122.492203,3
6,71,1,dn1;dn3,37.774524,-122.473656,2
6,71,4,dn10;dn11;dn12,37.78929,-122.426797,3
6,71,5,dn14;dn15,37.739611,-122.492203,2
6,72,1,dn1;dn3,37.774524,-122.473656,2
6,72,4,dn10;dn11;dn12,37.78929,-122.426797,3
6,72,5,dn14;dn15,37.739611,-122.492203,2
6,73,1,dn1;dn3,37.774524,-122.473656,2
6,73,3,dn8,37.718779,-122.462401,1
6,73,4,dn10;dn11;dn12,37.78929,-122.426797,3
6,73,5,dn14;dn15,37.739611,-122.492203,2
6,74,1,dn3,37.774524,-122.473656,1
6,74,3,dn8,37.718779,-122.462401,1
6,74,4,dn10;dn11;dn12,37.78929,-122.426797,3
6,74,5,dn14;dn15,37.739611,-122.492203,2
6,75,1,dn3,37.774524,-122.473656,1
6,75,3,dn8,37.718779,-122.462401,1
6,75,4,dn11;dn12,37.78929,-122.426797,2
6,75,5,dn14;dn15,37.739611,-122.492203,2
6,76,1,dn3,37.774524,-122.473656,1
6,76,2,dn5,37.751751,-122.410654,1
6,76,3,dn8,37.718779,-122.462401,1
6,76,4,dn11;dn12,37.78929,-122.426797,2
6,76,5,dn14;dn15,37.739611,-122.492203,2
6,77,1,dn3,37.774524,-122.473656,1
6,77,2,dn5,37.751751,-122.410654,1
6,77,3,dn8,37.718779,-122.462401,1
6,77,4,dn11;dn12,37.78929,-122.426797,2
6,77,5,dn14;dn15,37.739611,-122.492203,2
6,78,2,dn5,37.751751,-122.410654,1
6,78,3,dn8,37.718779,-122.462401,1
6,78,4,dn11;dn12,37.78929,-122.426797,2
6,78,5,dn14;dn15,37.739611,-122.492203,2
6,79,2,dn5;dn6,37.751751,-122.410654,2
6,79,3,dn8,37.718779,-122.462401,1
6,79,4,dn11;dn12,37.78929,-122.426797,2
6,79,5,dn14;dn15,37.739611,-122.492203,2
6,80,2,dn5;dn6,37.751751,-122.410654,2
6,80,3,dn8,37.718779,-122.462401,1
6,80,4,dn11;dn12,37.78929,-122.426797,2
6,80,5,dn14;dn15,37.739611,-122.492203,2
6,81,2,dn5;dn6,37.751751,-122.410654,2
6,81,4,dn11;dn12,37.78929,-122.426797,2
6,81,5,dn14;dn15,37.739611,-122.492203,2
6,82,2,dn4;dn5;dn6,37.751751,-122.410654,3
6,82,4,dn11;dn12,37.78929,-122.426797,2
6,82,5,dn14;dn15,37.739611,-122.492203,2
6,83,2,dn4;dn5;dn6,37.751751,-122.410654,3
6,83,4,dn11;dn12,37.78929,-122.426797,2
6,83,5,dn14;dn15,37.739611,-122.492203,2
6,84,2,dn4;dn5;dn6,37.751751,-122.410654,3
6,84,4,dn12,37.78929,-122.426797,1
6,84,5,dn14;dn15,37.739611,-122.492203,2
6,85,2,dn4;dn5;dn6,37.751751,-122.410654,3
6,85,4,dn12,37.78929,-122.426797,1
6,85,5,dn14;dn15,37.739611,-122.492203,2
6,86,2,dn4;dn5;dn6,37.751751,-122.410654,3
6,86,4,dn12,37.78929,-122.426797,1
6,86,5,dn14;dn15,37.739611,-122.492203,2
6,87,2,dn5;dn6,37.751751,-122.410654,2
6,87,4,dn12,37.78929,-122.426797,1
6,87,5,dn13;dn14;dn15,37.739611,-122.492203,3
6,88,2,dn6,37.751751,-122.410654,1
6,88,3,dn9,37.718779,-122.462401,1
6,88,4,dn12,37.78929,-122.426797,1
6,88,5,dn13;dn14;dn15,37.739611,-122.492203,3
6,89,1,dn2,37.774524,-122.473656,1
6,89,2,dn6,37.751751,-122.410654,1
6,89,3,dn9,37.718779,-122.462401,1
6,89,4,dn12,37.78929,-122.426797,1
6,89,5,dn13;dn14;dn15,37.739611,-122.492203,3
6,90,2,dn6,37.751751,-122.410654,1
6,90,3,dn9,37.718779,-122.462401,1
6,90,4,dn12,37.78929,-122.426797,1
6,90,5,dn13;dn14;dn15,37.739611,-122.492203,3
6,91,2,dn6,37.751751,-122.410654,1
6,91,3,dn9,37.718779,-122.462401,1
6,91,4,dn12,37.78929,-122.426797,1
6,91,5,dn13;dn14;dn15,37.739611,-122.492203,3
6,92,2,dn6,37.751751,-122.410654,1
6,92,4,dn12,37.78929,-122.426797,1
6,92,5,dn13;dn14;dn15,37.739611,-122.492203,3
6,93,4,dn12,37.78929,-122.426797,1
6,93,5,dn13;dn14;dn15,37.739611,-122.492203,3
6,94,4,dn12,37.78929,-122.426797,1
6,94,5,dn13;dn14;dn15,37.739611,-122.492203,3
6,95,2,dn4,37.751751,-122.410654,1
6,95,3,dn7;dn8,37.718779,-122.462401,2
6,95,5,dn13;dn14;dn15,37.739611,-122.492203,3
6,96,2,dn4,37.751751,-122.410654,1
6,96,3,dn7;dn8,37.718779,-122.462401,2
6,96,5,dn13;dn14;dn15,37.739611,-122.492203,3
6,97,2,dn4,37.751751,-122.410654,1
6,97,3,dn8,37.718779,-122.462401,1
6,97,5,dn13;dn14;dn15,37.739611,-122.492203,3
6,98,3,dn8,37.718779,-122.462401,1
6,98,5,dn13;dn14;dn15,37.739611,-122.492203,3
6,99,5,dn13;dn14;dn15,37.739611,-122.492203,3
7,0,1,dn1;dn2;dn3,37.774524,-122.473656,3
7,0,2,dn4;dn5;dn6,37.751751,-122.410654,3
7,0,3,dn7;dn8;dn9,37.718779,-122.462401,3
7,0,4,dn10;dn11;dn12,37.78929,-122.426797,3
7,0,5,dn13;dn14;dn15,37.739611,-122.492203,3
7,9,1,dn1,37.774524,-122.473656,1
7,10,5,dn13,37.739611,-122.492203,1
7,13,5,dn14,37.739611,-122.492203,1
7,14,2,dn5,37.751751,-122.410654,1
7,14,3,dn8,37.718779,-122.462401,1
7,16,1,dn2;dn3,37.774524,-122.473656,2
7,16,4,dn11,37.78929,-122.426797,1
7,20,2,dn6,37.751751,-122.410654,1
7,20,3,dn7,37.718779,-122.462401,1
7,20,4,dn10,37.78929,-122.426797,1
7,21,5,dn14,37.739611,-122.492203,1
7,24,5,dn15,37.739611,-122.492203,1
7,26,4,dn12,37.78929,-122.426797,1
7,28,2,dn5,37.751751,-122.410654,1
7,29,5,dn14,37.739611,-122.492203,1
7,30,3,dn9,37.718779,-122.462401,1
7,30,5,dn13,37.739611,-122.492203,1
7,32,1,dn2,37.774524,-122.473656,1
7,34,2,dn4,37.751751,-122.410654,1
7,36,5,dn15,37.739611,-122.492203,1
7,37,5,dn15,37.739611,-122.492203,1
7,38,5,dn15,37.739611,-122.492203,1
7,39,5,dn15,37.739611,-122.492203,1
7,40,5,dn15,37.739611,-122.492203,1
7,42,3,dn7,37.718779,-122.462401,1
7,43,1,dn1,37.774524,-122.473656,1
7,44,3,dn8,37.718779,-122.462401,1
7,44,4,dn10,37.78929,-122.426797,1
7,44,5,dn13,37.739611,-122.492203,1
7,45,5,dn13,37.739611,-122.492203,1
7,46,5,dn13,37.739611,-122.492203,1
7,47,5,dn13,37.739611,-122.492203,1
7,48,5,dn13,37.739611,-122.492203,1
7,50,1,dn2;dn3,37.774524,-122.473656,2
7,50,2,dn4,37.751751,-122.410654,1
7,51,1,dn2;dn3,37.774524,-122.473656,2
7,51,5,dn14,37.739611,-122.492203,1
7,52,1,dn2;dn3,37.774524,-122.473656,2
7,52,5,dn14,37.739611,-122.492203,1
7,53,1,dn2;dn3,37.774524,-122.473656,2
7,54,1,dn2;dn3,37.774524,-122.473656,2
7,54,3,dn9,37.718779,-122.462401,1
7,55,1,dn2;dn3,37.774524,-122.473656,2
7,56,1,dn2;dn3,37.774524,-122.473656,2
7,57,1,dn2;dn3,37.774524,-122.473656,2
7,58,1,dn3,37.774524,-122.473656,1
7,58,4,dn11,37.78929,-122.426797,1
7,59,1,dn3,37.774524,-122.473656,1
7,59,4,dn11,37.78929,-122.426797,1
7,60,4,dn11,37.78929,-122.426797,1
7,60,5,dn15,37.739611,-122.492203,1
7,61,5,dn15,37.739611,-122.492203,1
7,62,2,dn5,37.751751,-122.410654,1
7,62,3,dn7,37.718779,-122.462401,1
7,62,5,dn13,37.739611,-122.492203,1
7,63,2,dn5,37.751751,-122.410654,1
7,63,5,dn13,37.739611,-122.492203,1
7,64,2,dn4;dn5,37.751751,-122.410654,2
7,64,3,dn8,37.718779,-122.462401,1
7,64,5,dn13,37.739611,-122.492203,1
7,65,2,dn4;dn5,37.751751,-122.410654,2
7,65,3,dn8,37.718779,-122.462401,1
7,65,5,dn13,37.739611,-122.492203,1
7,66,2,dn4;dn5;dn6,37.751751,-122.410654,3
7,66,3,dn8,37.718779,-122.462401,1
7,66,5,dn13,37.739611,-122.492203,1
7,67,2,dn4;dn5;dn6,37.751751,-122.410654,3
7,67,3,dn8,37.718779,-122.462401,1
7,67,5,dn13,37.739611,-122.492203,1
7,68,2,dn4;dn5;dn6,37.751751,-122.410654,3
7,68,3,dn8,37.718779,-122.462401,1
7,68,5,dn13,37.739611,-122.492203,1
7,69,2,dn4;dn5;dn6,37.751751,-122.410654,3
7,69,5,dn13,37.739611,-122.492203,1
7,70,2,dn4;dn5;dn6,37.751751,-122.410654,3
7,70,3,dn9,37.718779,-122.462401,1
7,70,4,dn10,37.78929,-122.426797,1
7,70,5,dn13,37.739611,-122.492203,1
7,71,1,dn2,37.774524,-122.473656,1
7,71,2,dn4;dn5;dn6,37.751751,-122.410654,3
7,71,3,dn9,37.718779,-122.462401,1
7,71,5,dn13,37.739611,-122.492203,1
7,72,2,dn4;dn5;dn6,37.751751,-122.410654,3
7,72,3,dn9,37.718779,-122.462401,1
7,72,4,dn12,37.78929,-122.426797,1
7,72,5,dn13,37.739611,-122.492203,1
7,73,2,dn5;dn6,37.751751,-122.410654,2
7,73,3,dn9,37.718779,-122.462401,1
7,73,4,dn12,37.78929,-122.426797,1
7,73,5,dn13,37.739611,-122.492203,1
7,74,2,dn5;dn6,37.751751,-122.410654,2
7,74,3,dn9,37.718779,-122.462401,1
7,74,4,dn12,37.78929,-122.426797,1
7,74,5,dn13;dn14,37.739611,-122.492203,2
7,75,2,dn5;dn6,37.751751,-122.410654,2
7,75,4,dn12,37.78929,-122.426797,1
7,75,5,dn13;dn14,37.739611,-122.492203,2
7,76,2,dn5;dn6,37.751751,-122.410654,2
7,76,4,dn12,37.78929,-122.426797,1
7,76,5,dn14;dn15,37.739611,-122.492203,2
7,77,2,dn5;dn6,37.751751,-122.410654,2
7,77,4,dn12,37.78929,-122.426797,1
7,77,5,dn14;dn15,37.739611,-122.492203,2
7,78,2,dn6,37.751751,-122.410654,1
7,78,4,dn12,37.78929,-122.426797,1
7,78,5,dn14;dn15,37.739611,-122.492203,2
7,79,4,dn12,37.78929,-122.426797,1
7,79,5,dn14;dn15,37.739611,-122.492203,2
7,80,5,dn14;dn15,37.739611,-122.492203,2
7,81,1,dn1;dn3,37.774524,-122.473656,2
7,81,5,dn14;dn15,37.739611,-122.492203,2
7,82,1,dn1;dn3,37.774524,-122.473656,2
7,82,5,dn14;dn15,37.739611,-122.492203,2
7,83,1,dn1;dn3,37.774524,-122.473656,2
7,83,3,dn9,37.718779,-122.462401,1
7,83,5,dn14;dn15,37.739611,-122.492203,2
7,84,1,dn1;dn3,37.774524,-122.473656,2
7,84,3,dn9,37.718779,-122.462401,1
7,84,4,dn10,37.78929,-122.426797,1
7,84,5,dn13;dn14;dn15,37.739611,-122.492203,3
7,85,1,dn1;dn3,37.774524,-122.473656,2
7,85,3,dn9,37.718779,-122.462401,1
7,85,4,dn10,37.78929,-122.426797,1
7,85,5,dn13;dn14;dn15,37.739611,-122.492203,3
7,86,1,dn1;dn3,37.774524,-122.473656,2
7,86,3,dn9,37.718779,-122.462401,1
7,86,4,dn10,37.78929,-122.426797,1
7,86,5,dn13;dn14;dn15,37.739611,-122.492203,3
7,87,1,dn3,37.774524,-122.473656,1
7,87,3,dn9,37.718779,-122.462401,1
7,87,4,dn10,37.78929,-122.426797,1
7,87,5,dn13;dn14;dn15,37.739611,-122.492203,3
7,88,3,dn7;dn9,37.718779,-122.462401,2
7,88,4,dn10,37.78929,-122.426797,1
7,88,5,dn13;dn14;dn15,37.739611,-122.492203,3
7,89,3,dn9,37.718779,-122.462401,1
7,89,4,dn10,37.78929,-122.426797,1
7,89,5,dn13;dn14;dn15,37.739611,-122.492203,3
7,90,3,dn8;dn9,37.718779,-122.462401,2
7,90,4,dn10,37.78929,-122.426797,1
7,90,5,dn13;dn14;dn15,37.739611,-122.492203,3
7,91,3,dn9,37.718779,-122.462401,1
7,91,4,dn10,37.78929,-122.426797,1
7,91,5,dn13;dn14;dn15,37.739611,-122.492203,3
7,92,4,dn10;dn11,37.78929,-122.426797,2
7,92,5,dn13;dn14;dn15,37.739611,-122.492203,3
7,93,1,dn2,37.774524,-122.473656,1
7,93,4,dn10;dn11,37.78929,-122.426797,2
7,93,5,dn13;dn14;dn15,37.739611,-122.492203,3
7,94,2,dn4,37.751751,-122.410654,1
7,94,4,dn10;dn11,37.78929,-122.426797,2
7,94,5,dn13;dn14;dn15,37.739611,-122.492203,3
7,95,4,dn11,37.78929,-122.426797,1
7,95,5,dn13;dn14;dn15,37.739611,-122.492203,3
7,96,4,dn11,37.78929,-122.426797,1
7,96,5,dn13;dn14;dn15,37.739611,-122.492203,3
7,97,4,dn11,37.78929,-122.426797,1
7,97,5,dn13;dn14;dn15,37.739611,-122.492203,3
7,98,4,dn11,37.78929,-122.426797,1
7,98,5,dn13;dn14;dn15,37.739611,-122.492203,3
7,99,4,dn11,37.78929,-122.426797,1
7,99,5,dn13;dn14;dn15,37.739611,-122.492203,3
8,0,1,dn1;dn2;dn3,37.774524,-122.473656,3
8,0,2,dn4;dn5;dn6,37.751751,-122.410654,3
8,0,3,dn7;dn8;dn9,37.718779,-122.462401,3
8,0,4,dn10;dn11;dn12,37.78929,-122.426797,3
8,0,5,dn13;dn14;dn15,37.739611,-122.492203,3
8,9,1,dn1,37.774524,-122.473656,1
8,9,3,dn8,37.718779,-122.462401,1
8,10,1,dn2,37.774524,-122.473656,1
8,10,5,dn13,37.739611,-122.492203,1
8,12,3,dn7,37.718779,-122.462401,1
8,13,3,dn8,37.718779,-122.462401,1
8,14,1,dn3,37.774524,-122.473656,1
8,14,3,dn9,37.718779,-122.462401,1
8,17,5,dn15,37.739611,-122.492203,1
8,18,4,dn10,37.78929,-122.426797,1
8,18,5,dn14,37.739611,-122.492203,1
8,20,2,dn4;dn5,37.751751,-122.410654,2
8,20,5,dn13,37.739611,-122.492203,1
8,22,4,dn11,37.78929,-122.426797,1
8,23,5,dn14,37.739611,-122.492203,1
8,24,5,dn14,37.739611,-122.492203,1
8,25,1,dn1,37.774524,-122.473656,1
8,25,5,dn14,37.739611,-122.492203,1
8,26,2,dn6,37.751751,-122.410654,1
8,28,4,dn12,37.78929,-122.426797,1
8,29,3,dn8,37.718779,-122.462401,1
8,29,4,dn12,37.78929,-122.426797,1
8,30,1,dn2,37.774524,-122.473656,1
8,30,3,dn8,37.718779,-122.462401,1
8,30,4,dn12,37.78929,-122.426797,1
8,31,1,dn2,37.774524,-122.473656,1
8,31,4,dn12,37.78929,-122.426797,1
8,31,5,dn15,37.739611,-122.492203,1
8,32,1,dn2,37.774524,-122.473656,1
8,32,4,dn12,37.78929,-122.426797,1
8,32,5,dn15,37.739611,-122.492203,1
8,33,1,dn2,37.774524,-122.473656,1
8,33,4,dn12,37.78929,-122.426797,1
8,33,5,dn15,37.739611,-122.492203,1
8,34,3,dn7,37.718779,-122.462401,1
8,34,4,dn12,37.78929,-122.426797,1
8,34,5,dn15,37.739611,-122.492203,1
8,35,3,dn7,37.718779,-122.462401,1
8,35,5,dn15,37.739611,-122.492203,1
8,36,5,dn15,37.739611,-122.492203,1
8,37,1,dn1,37.774524,-122.473656,1
8,37,5,dn15,37.739611,-122.492203,1
8,38,5,dn15,37.739611,-122.492203,1
8,39,5,dn14;dn15,37.739611,-122.492203,2
8,40,5,dn15,37.739611,-122.492203,1
8,41,3,dn8,37.718779,-122.462401,1
8,41,5,dn15,37.739611,-122.492203,1
8,42,4,dn10,37.78929,-122.426797,1
8,42,5,dn15,37.739611,-122.492203,1
8,43,5,dn15,37.739611,-122.492203,1
8,44,1,dn2,37.774524,-122.473656,1
8,44,2,dn4,37.751751,-122.410654,1
8,46,5,dn13;dn14,37.739611,-122.492203,2
8,47,5,dn13;dn14,37.739611,-122.492203,2
8,48,5,dn13;dn14,37.739611,-122.492203,2
8,49,5,dn14,37.739611,-122.492203,1
8,50,1,dn3,37.774524,-122.473656,1
8,50,5,dn14,37.739611,-122.492203,1
8,51,1,dn3,37.774524,-122.473656,1
8,51,3,dn7,37.718779,-122.462401,1
8,51,5,dn14,37.739611,-122.492203,1
8,52,1,dn3,37.774524,-122.473656,1
8,52,3,dn7,37.718779,-122.462401,1
8,52,5,dn14,37.739611,-122.492203,1
8,53,1,dn3,37.774524,-122.473656,1
8,53,3,dn7,37.718779,-122.462401,1
8,53,5,dn14,37.739611,-122.492203,1
8,54,1,dn3,37.774524,-122.473656,1
8,54,3,dn7,37.718779,-122.462401,1
8,54,5,dn14,37.739611,-122.492203,1
8,55,1,dn3,37.774524,-122.473656,1
8,55,5,dn14,37.739611,-122.492203,1
8,56,1,dn3,37.774524,-122.473656,1
8,56,4,dn11,37.78929,-122.426797,1
8,56,5,dn14,37.739611,-122.492203,1
8,57,1,dn3,37.774524,-122.473656,1
8,57,5,dn14,37.739611,-122.492203,1
8,58,2,dn5,37.751751,-122.410654,1
8,58,5,dn14,37.739611,-122.492203,1
8,59,5,dn14;dn15,37.739611,-122.492203,2
8,60,3,dn9,37.718779,-122.462401,1
8,60,5,dn13;dn14;dn15,37.739611,-122.492203,3
8,61,3,dn9,37.718779,-122.462401,1
8,61,5,dn13;dn14;dn15,37.739611,-122.492203,3
8,62,3,dn9,37.718779,-122.462401,1
8,62,5,dn13;dn14;dn15,37.739611,-122.492203,3
8,63,3,dn8;dn9,37.718779,-122.462401,2
8,63,5,dn13;dn14;dn15,37.739611,-122.492203,3
8,64,3,dn8;dn9,37.718779,-122.462401,2
8,64,5,dn13;dn14;dn15,37.739611,-122.492203,3
8,65,3,dn8;dn9,37.718779,-122.462401,2
8,65,5,dn13;dn14;dn15,37.739611,-122.492203,3
8,66,3,dn8;dn9,37.718779,-122.462401,2
8,66,4,dn12,37.78929,-122.426797,1
8,66,5,dn13;dn14;dn15,37.739611,-122.492203,3
8,67,3,dn8;dn9,37.718779,-122.462401,2
8,67,5,dn14;dn15,37.739611,-122.492203,2
8,68,3,dn7;dn8;dn9,37.718779,-122.462401,3
8,68,5,dn15,37.739611,-122.492203,1
8,69,3,dn7;dn8;dn9,37.718779,-122.462401,3
8,69,5,dn15,37.739611,-122.492203,1
8,70,3,dn8;dn9,37.718779,-122.462401,2
8,70,5,dn15,37.739611,-122.492203,1
8,71,1,dn1;dn3,37.774524,-122.473656,2
8,71,3,dn8;dn9,37.718779,-122.462401,2
8,71,5,dn15,37.739611,-122.492203,1
8,72,3,dn8;dn9,37.718779,-122.462401,2
8,72,5,dn15,37.739611,-122.492203,1
8,73,3,dn9,37.718779,-122.462401,1
8,73,5,dn15,37.739611,-122.492203,1
8,74,1,dn2,37.774524,-122.473656,1
8,74,3,dn9,37.718779,-122.462401,1
8,74,5,dn15,37.739611,-122.492203,1
8,75,1,dn2,37.774524,-122.473656,1
8,75,5,dn15,37.739611,-122.492203,1
8,76,1,dn2,37.774524,-122.473656,1
8,76,2,dn6,37.751751,-122.410654,1
8,76,5,dn15,37.739611,-122.492203,1
8,77,1,dn2,37.774524,-122.473656,1
8,80,2,dn4,37.751751,-122.410654,1
8,80,3,dn7,37.718779,-122.462401,1
8,80,5,dn14,37.739611,-122.492203,1
8,81,3,dn7,37.718779,-122.462401,1
8,81,5,dn14,37.739611,-122.492203,1
8,82,3,dn7,37.718779,-122.462401,1
8,82,5,dn14,37.739611,-122.492203,1
8,83,3,dn7,37.718779,-122.462401,1
8,83,5,dn14,37.739611,-122.492203,1
8,84,4,dn10,37.78929,-122.426797,1
8,84,5,dn13;dn14,37.739611,-122.492203,2
8,85,5,dn13;dn14,37.739611,-122.492203,2
8,86,5,dn13;dn14,37.739611,-122.492203,2
8,87,5,dn14,37.739611,-122.492203,1
8,88,2,dn5,37.751751,-122.410654,1
8,88,4,dn11,37.78929,-122.426797,1
8,88,5,dn14,37.739611,-122.492203,1
8,89,4,dn11,37.78929,-122.426797,1
8,89,5,dn14,37.739611,-122.492203,1
8,90,4,dn11,37.78929,-122.426797,1
8,90,5,dn14,37.739611,-122.492203,1
8,91,4,dn11,37.78929,-122.426797,1
8,91,5,dn14,37.739611,-122.492203,1
8,92,2,dn6,37.751751,-122.410654,1
8,92,3,dn9,37.718779,-122.462401,1
8,92,4,dn11,37.78929,-122.426797,1
8,92,5,dn14,37.739611,-122.492203,1
8,93,4,dn11,37.78929,-122.426797,1
8,93,5,dn14,37.739611,-122.492203,1
8,94,2,dn4,37.751751,-122.410654,1
8,94,4,dn11,37.78929,-122.426797,1
8,94,5,dn15,37.739611,-122.492203,1
8,95,3,dn7,37.718779,-122.462401,1
8,95,4,dn11,37.78929,-122.426797,1
8,95,5,dn15,37.739611,-122.492203,1
8,96,3,dn7,37.718779,-122.462401,1
8,96,5,dn15,37.739611,-122.492203,1
8,97,1,dn2,37.774524,-122.473656,1
8,97,3,dn7,37.718779,-122.462401,1
8,97,5,dn15,37.739611,-122.492203,1
8,98,3,dn7,37.718779,-122.462401,1
8,98,5,dn15,37.739611,-122.492203,1
8,99,3,dn7,37.718779,-122.462401,1
8,99,5,dn15,37.739611,-122.492203,1
9,0,1,dn1;dn2;dn3,37.774524,-122.473656,3
9,0,2,dn4;dn5;dn6,37.751751,-122.410654,3
9,0,3,dn7;dn8;dn9,37.718779,-122.462401,3
9,0,4,dn10;dn11;dn12,37.78929,-122.426797,3
9,0,5,dn13;dn14;dn15,37.739611,-122.492203,3
9,9,1,dn2,37.774524,-122.473656,1
9,11,5,dn14,37.739611,-122.492203,1
9,12,5,dn15,37.739611,-122.492203,1
9,13,1,dn3,37.774524,-122.473656,1
9,13,3,dn8,37.718779,-122.462401,1
9,17,1,dn1,37.774524,-122.473656,1
9,18,2,dn4,37.751751,-122.410654,1
9,18,3,dn7,37.718779,-122.462401,1
9,19,5,dn14,37.739611,-122.492203,1
9,20,5,dn13,37.739611,-122.492203,1
9,21,1,dn2,37.774524,-122.473656,1
9,22,3,dn9,37.718779,-122.462401,1
9,24,2,dn6,37.751751,-122.410654,1
9,30,4,dn10,37.78929,-122.426797,1
9,30,5,dn14,37.739611,-122.492203,1
9,31,1,dn3,37.774524,-122.473656,1
9,32,2,dn5,37.751751,-122.410654,1
9,34,3,dn7,37.718779,-122.462401,1
9,34,4,dn11,37.78929,-122.426797,1
9,34,5,dn13;dn15,37.739611,-122.492203,2
9,35,5,dn13;dn15,37.739611,-122.492203,2
9,36,5,dn13;dn15,37.739611,-122.492203,2
9,37,1,dn1,37.774524,-122.473656,1
9,37,5,dn13;dn15,37.739611,-122.492203,2
9,38,3,dn9,37.718779,-122.462401,1
9,38,5,dn13;dn15,37.739611,-122.492203,2
9,39,1,dn2,37.774524,-122.473656,1
9,39,3,dn9,37.718779,-122.462401,1
9,39,5,dn13;dn15,37.739611,-122.492203,2
9,40,1,dn2,37.774524,-122.473656,1
9,40,3,dn9,37.718779,-122.462401,1
9,40,5,dn13;dn15,37.739611,-122.492203,2
9,41,1,dn2,37.774524,-122.473656,1
9,41,5,dn13;dn15,37.739611,-122.492203,2
9,42,1,dn2,37.774524,-122.473656,1
9,42,5,dn13;dn15,37.739611,-122.492203,2
9,43,1,dn2,37.774524,-122.473656,1
9,43,5,dn13;dn15,37.739611,-122.492203,2
9,44,5,dn13;dn15,37.739611,-122.492203,2
9,45,5,dn13;dn15,37.739611,-122.492203,2
9,46,3,dn7,37.718779,-122.462401,1
9,46,5,dn13;dn15,37.739611,-122.492203,2
9,47,1,dn3,37.774524,-122.473656,1
9,47,3,dn7,37.718779,-122.462401,1
9,47,5,dn13;dn15,37.739611,-122.492203,2
9,48,5,dn13;dn15,37.739611,-122.492203,2
9,49,3,dn8,37.718779,-122.462401,1
9,49,5,dn15,37.739611,-122.492203,1
9,50,2,dn4,37.751751,-122.410654,1
9,50,5,dn15,37.739611,-122.492203,1
9,52,4,dn12,37.78929,-122.426797,1
9,53,3,dn9,37.718779,-122.462401,1
9,54,2,dn5,37.751751,-122.410654,1
9,56,4,dn11,37.78929,-122.426797,1
9,57,4,dn11,37.78929,-122.426797,1
9,58,4,dn11,37.78929,-122.426797,1
9,58,5,dn14,37.739611,-122.492203,1
9,59,1,dn2,37.774524,-122.473656,1
9,59,4,dn11,37.78929,-122.426797,1
9,59,5,dn13,37.739611,-122.492203,1
9,60,5,dn13,37.739611,-122.492203,1
9,61,5,dn13,37.739611,-122.492203,1
9,62,5,dn13;dn14,37.739611,-122.492203,2
9,63,5,dn14,37.739611,-122.492203,1
9,64,5,dn14,37.739611,-122.492203,1
9,66,3,dn9,37.718779,-122.462401,1
9,66,4,dn10,37.78929,-122.426797,1
9,67,1,dn3,37.774524,-122.473656,1
9,68,2,dn4;dn6,37.751751,-122.410654,2
9,71,4,dn11,37.78929,-122.426797,1
9,72,5,dn15,37.739611,-122.492203,1
9,78,5,dn14,37.739611,-122.492203,1
9,81,1,dn2,37.774524,-122.473656,1
9,82,3,dn9,37.718779,-122.462401,1
9,83,3,dn7,37.718779,-122.462401,1
9,84,5,dn14,37.739611,-122.492203,1
9,86,5,dn13,37.739611,-122.492203,1
9,87,1,dn1;dn3,37.774524,-122.473656,2
9,88,1,dn3,37.774524,-122.473656,1
9,89,1,dn3,37.774524,-122.473656,1
9,89,3,dn8,37.718779,-122.462401,1
9,90,1,dn3,37.774524,-122.473656,1
9,90,4,dn12,37.78929,-122.426797,1
9,91,4,dn12,37.78929,-122.426797,1
9,92,4,dn10;dn12,37.78929,-122.426797,2
9,93,4,dn10;dn12,37.78929,-122.426797,2
9,94,4,dn10;dn12,37.78929,-122.426797,2
9,95,4,dn10;dn12,37.78929,-122.426797,2
9,96,2,dn5,37.751751,-122.410654,1
9,96,4,dn10;dn12,37.78929,-122.426797,2
9,97,3,dn8,37.718779,-122.462401,1
9,97,4,dn10;dn12,37.78929,-122.426797,2
9,97,5,dn13,37.739611,-122.492203,1
9,98,3,dn9,37.718779,-122.462401,1
9,98,4,dn12,37.78929,-122.426797,1
9,99,1,dn3,37.774524,-122.473656,1
9,99,4,dn12,37.78929,-122.426797,1
10,0,1,dn1;dn2;dn3,37.774524,-122.473656,3
10,0,2,dn4;dn5;dn6,37.751751,-122.410654,3
10,0,3,dn7;dn8;dn9,37.718779,-122.462401,3
10,0,4,dn10;dn11;dn12,37.78929,-122.426797,3
10,0,5,dn13;dn14;dn15,37.739611,-122.492203,3
10,8,3,dn7,37.718779,-122.462401,1
10,11,5,dn13,37.739611,-122.492203,1
10,13,1,dn3,37.774524,-122.473656,1
10,14,3,dn9,37.718779,-122.462401,1
10,16,1,dn2,37.774524,-122.473656,1
10,16,5,dn15,37.739611,-122.492203,1
10,18,4,dn11,37.78929,-122.426797,1
10,18,5,dn14,37.739611,-122.492203,1
10,20,1,dn1,37.774524,-122.473656,1
10,20,3,dn8,37.718779,-122.462401,1
10,21,3,dn8,37.718779,-122.462401,1
10,22,3,dn8,37.718779,-122.462401,1
10,23,3,dn8,37.718779,-122.462401,1
10,23,5,dn13,37.739611,-122.492203,1
10,24,5,dn15,37.739611,-122.492203,1
10,26,4,dn12,37.78929,-122.426797,1
10,28,2,dn4;dn6,37.751751,-122.410654,2
10,28,5,dn15,37.739611,-122.492203,1
10,32,1,dn2,37.774524,-122.473656,1
10,32,2,dn5,37.751751,-122.410654,1
10,32,3,dn9,37.718779,-122.462401,1
10,33,3,dn9,37.718779,-122.462401,1
10,34,3,dn9,37.718779,-122.462401,1
10,35,3,dn8;dn9,37.718779,-122.462401,2
10,36,3,dn8;dn9,37.718779,-122.462401,2
10,37,3,dn8;dn9,37.718779,-122.462401,2
10,38,3,dn8;dn9,37.718779,-122.462401,2
10,38,4,dn10,37.78929,-122.426797,1
10,39,3,dn8;dn9,37.718779,-122.462401,2
10,40,3,dn9,37.718779,-122.462401,1
10,41,1,dn3,37.774524,-122.473656,1
10,42,4,dn12,37.78929,-122.426797,1
10,43,4,dn12,37.78929,-122.426797,1
10,43,5,dn13,37.739611,-122.492203,1
10,44,3,dn7,37.718779,-122.462401,1
10,44,4,dn12,37.78929,-122.426797,1
10,45,4,dn12,37.78929,-122.426797,1
10,46,1,dn1,37.774524,-122.473656,1
10,47,1,dn1,37.774524,-122.473656,1
10,48,1,dn1,37.774524,-122.473656,1
10,48,4,dn11,37.78929,-122.426797,1
10,48,5,dn14,37.739611,-122.492203,1
10,49,1,dn1,37.774524,-122.473656,1
10,49,4,dn11,37.78929,-122.426797,1
10,49,5,dn14,37.739611,-122.492203,1
10,50,2,dn5,37.751751,-122.410654,1
10,50,4,dn11,37.78929,-122.426797,1
10,50,5,dn14;dn15,37.739611,-122.492203,2
10,51,4,dn11,37.78929,-122.426797,1
10,51,5,dn14;dn15,37.739611,-122.492203,2
10,52,4,dn11,37.78929,-122.426797,1
10,52,5,dn15,37.739611,-122.492203,1
10,53,4,dn11,37.78929,-122.426797,1
10,53,5,dn15,37.739611,-122.492203,1
10,54,3,dn7,37.718779,-122.462401,1
10,54,4,dn11,37.78929,-122.426797,1
10,54,5,dn15,37.739611,-122.492203,1
10,55,3,dn7,37.718779,-122.462401,1
10,55,5,dn15,37.739611,-122.492203,1
10,56,3,dn7,37.718779,-122.462401,1
10,56,4,dn10,37.78929,-122.426797,1
10,56,5,dn15,37.739611,-122.492203,1
10,57,3,dn7,37.718779,-122.462401,1
10,57,4,dn10,37.78929,-122.426797,1
10,57,5,dn15,37.739611,-122.492203,1
10,58,3,dn7,37.718779,-122.462401,1
10,58,4,dn10,37.78929,-122.426797,1
10,58,5,dn15,37.739611,-122.492203,1
10,59,3,dn7,37.718779,-122.462401,1
10,59,4,dn10,37.78929,-122.426797,1
10,59,5,dn13;dn15,37.739611,-122.492203,2
10,60,1,dn2,37.774524,-122.473656,1
10,60,2,dn4,37.751751,-122.410654,1
10,60,4,dn10,37.78929,-122.426797,1
10,60,5,dn13;dn15,37.739611,-122.492203,2
10,61,4,dn10,37.78929,-122.426797,1
10,61,5,dn13;dn15,37.739611,-122.492203,2
10,62,3,dn9,37.718779,-122.462401,1
10,62,4,dn10,37.78929,-122.426797,1
10,62,5,dn13;dn15,37.739611,-122.492203,2
10,63,3,dn9,37.718779,-122.462401,1
10,63,4,dn10,37.78929,-122.426797,1
10,63,5,dn13;dn15,37.739611,-122.492203,2
10,64,2,dn6,37.751751,-122.410654,1
10,64,3,dn9,37.718779,-122.462401,1
10,64,4,dn10,37.78929,-122.426797,1
10,64,5,dn13;dn15,37.739611,-122.492203,2
10,65,2,dn6,37.751751,-122.410654,1
10,65,3,dn8;dn9,37.718779,-122.462401,2
10,65,4,dn10,37.78929,-122.426797,1
10,65,5,dn13;dn15,37.739611,-122.492203,2
10,66,2,dn6,37.751751,-122.410654,1
10,66,3,dn9,37.718779,-122.462401,1
10,66,4,dn10;dn11,37.78929,-122.426797,2
10,66,5,dn13;dn15,37.739611,-122.492203,2
10,67,1,dn1,37.774524,-122.473656,1
10,67,2,dn6,37.751751,-122.410654,1
10,67,3,dn9,37.718779,-122.462401,1
10,67,4,dn10;dn11,37.78929,-122.426797,2
10,67,5,dn13;dn15,37.739611,-122.492203,2
10,68,2,dn6,37.751751,-122.410654,1
10,68,3,dn9,37.718779,-122.462401,1
10,68,4,dn10;dn11,37.78929,-122.426797,2
10,68,5,dn15,37.739611,-122.492203,1
10,69,1,dn3,37.774524,-122.473656,1
10,69,3,dn9,37.718779,-122.462401,1
10,69,4,dn10;dn11,37.78929,-122.426797,2
10,69,5,dn15,37.739611,-122.492203,1
10,70,3,dn9,37.718779,-122.462401,1
10,70,4,dn10;dn11,37.78929,-122.426797,2
10,70,5,dn15,37.739611,-122.492203,1
10,71,3,dn9,37.718779,-122.462401,1
10,71,4,dn11,37.78929,-122.426797,1
10,71,5,dn15,37.739611,-122.492203,1
10,72,2,dn5,37.751751,-122.410654,1
10,72,4,dn11,37.78929,-122.426797,1
10,72,5,dn15,37.739611,-122.492203,1
10,73,4,dn11,37.78929,-122.426797,1
10,73,5,dn15,37.739611,-122.492203,1
10,74,5,dn15,37.739611,-122.492203,1
10,75,4,dn12,37.78929,-122.426797,1
10,75,5,dn15,37.739611,-122.492203,1
10,76,2,dn4,37.751751,-122.410654,1
10,76,3,dn8,37.718779,-122.462401,1
10,76,4,dn12,37.78929,-122.426797,1
10,76,5,dn15,37.739611,-122.492203,1
10,77,2,dn4,37.751751,-122.410654,1
10,77,3,dn8,37.718779,-122.462401,1
10,77,4,dn12,37.78929,-122.426797,1
10,77,5,dn15,37.739611,-122.492203,1
10,78,2,dn4,37.751751,-122.410654,1
10,78,3,dn8,37.718779,-122.462401,1
10,78,4,dn12,37.78929,-122.426797,1
10,78,5,dn15,37.739611,-122.492203,1
10,79,3,dn8,37.718779,-122.462401,1
10,79,4,dn12,37.78929,-122.426797,1
10,79,5,dn14;dn15,37.739611,-122.492203,2
10,80,1,dn2;dn3,37.774524,-122.473656,2
10,80,3,dn8,37.718779,-122.462401,1
10,80,5,dn14;dn15,37.739611,-122.492203,2
10,81,1,dn2;dn3,37.774524,-122.473656,2
10,81,3,dn7;dn8,37.718779,-122.462401,2
10,81,5,dn14;dn15,37.739611,-122.492203,2
10,82,1,dn2;dn3,37.774524,-122.473656,2
10,82,3,dn7;dn8;dn9,37.718779,-122.462401,3
10,82,5,dn14;dn15,37.739611,-122.492203,2
10,83,1,dn2;dn3,37.774524,-122.473656,2
10,83,3,dn7;dn8;dn9,37.718779,-122.462401,3
10,83,5,dn13;dn14;dn15,37.739611,-122.492203,3
10,84,1,dn3,37.774524,-122.473656,1
10,84,3,dn7;dn8;dn9,37.718779,-122.462401,3
10,84,5,dn13;dn14;dn15,37.739611,-122.492203,3
10,85,1,dn3,37.774524,-122.473656,1
10,85,3,dn8;dn9,37.718779,-122.462401,2
10,85,5,dn13;dn14;dn15,37.739611,-122.492203,3
10,86,3,dn8;dn9,37.718779,-122.462401,2
10,86,5,dn13;dn14;dn15,37.739611,-122.492203,3
10,87,3,dn9,37.718779,-122.462401,1
10,87,5,dn13;dn14;dn15,37.739611,-122.492203,3
10,88,3,dn9,37.718779,-122.462401,1
10,88,5,dn13;dn14;dn15,37.739611,-122.492203,3
10,89,5,dn13;dn14;dn15,37.739611,-122.492203,3
10,90,5,dn13;dn14;dn15,37.739611,-122.492203,3
10,91,5,dn13;dn14;dn15,37.739611,-122.492203,3
10,92,5,dn13;dn14;dn15,37.739611,-122.492203,3
10,93,5,dn13;dn14;dn15,37.739611,-122.492203,3
10,94,5,dn14;dn15,37.739611,-122.492203,2
10,95,5,dn15,37.739611,-122.492203,1
10,96,5,dn15,37.739611,-122.492203,1
10,98,3,dn8,37.718779,-122.462401,1
10,99,4,dn11,37.78929,-122.426797,1
11,0,1,dn1;dn2;dn3,37.774524,-122.473656,3
11,0,2,dn4;dn5;dn6,37.751751,-122.410654,3
11,0,3,dn7;dn8;dn9,37.718779,-122.462401,3
11,0,4,dn10;dn11;dn12,37.78929,-122.426797,3
11,0,5,dn13;dn14;dn15,37.739611,-122.492203,3
11,8,5,dn13,37.739611,-122.492203,1
11,10,3,dn7;dn8,37.718779,-122.462401,2
11,13,1,dn1,37.774524,-122.473656,1
11,13,3,dn9,37.718779,-122.462401,1
11,13,5,dn15,37.739611,-122.492203,1
11,16,5,dn14,37.739611,-122.492203,1
11,18,1,dn3,37.774524,-122.473656,1
11,19,1,dn3,37.774524,-122.473656,1
11,20,1,dn3,37.774524,-122.473656,1
11,20,4,dn12,37.78929,-122.426797,1
11,21,1,dn3,37.774524,-122.473656,1
11,21,4,dn12,37.78929,-122.426797,1
11,22,1,dn3,37.774524,-122.473656,1
11,22,4,dn12,37.78929,-122.426797,1
11,22,5,dn13,37.739611,-122.492203,1
11,23,1,dn1;dn3,37.774524,-122.473656,2
11,23,4,dn12,37.78929,-122.426797,1
11,24,1,dn1;dn3,37.774524,-122.473656,2
11,24,2,dn4,37.751751,-122.410654,1
11,24,4,dn12,37.78929,-122.426797,1
11,25,1,dn1;dn3,37.774524,-122.473656,2
11,25,4,dn12,37.78929,-122.426797,1
11,26,1,dn1;dn3,37.774524,-122.473656,2
11,26,2,dn6,37.751751,-122.410654,1
11,26,5,dn14,37.739611,-122.492203,1
11,27,1,dn3,37.774524,-122.473656,1
11,27,3,dn9,37.718779,-122.462401,1
11,27,5,dn15,37.739611,-122.492203,1
11,28,1,dn3,37.774524,-122.473656,1
11,28,3,dn8,37.718779,-122.462401,1
11,28,5,dn15,37.739611,-122.492203,1
11,29,1,dn3,37.774524,-122.473656,1
11,29,3,dn8,37.718779,-122.462401,1
11,29,5,dn15,37.739611,-122.492203,1
11,30,1,dn2;dn3,37.774524,-122.473656,2
11,30,3,dn8,37.718779,-122.462401,1
11,30,5,dn15,37.739611,-122.492203,1
11,31,1,dn3,37.774524,-122.473656,1
11,31,3,dn8,37.718779,-122.462401,1
11,31,5,dn13;dn15,37.739611,-122.492203,2
11,32,1,dn3,37.774524,-122.473656,1
11,32,3,dn8,37.718779,-122.462401,1
11,32,5,dn13;dn15,37.739611,-122.492203,2
11,33,1,dn3,37.774524,-122.473656,1
11,33,5,dn13;dn15,37.739611,-122.492203,2
11,34,1,dn3,37.774524,-122.473656,1
11,34,5,dn13;dn15,37.739611,-122.492203,2
11,35,1,dn3,37.774524,-122.473656,1
11,35,5,dn15,37.739611,-122.492203,1
11,36,1,dn3,37.774524,-122.473656,1
11,36,5,dn15,37.739611,-122.492203,1
11,37,5,dn15,37.739611,-122.492203,1
11,38,5,dn15,37.739611,-122.492203,1
11,39,5,dn15,37.739611,-122.492203,1
11,40,3,dn7,37.718779,-122.462401,1
11,40,5,dn15,37.739611,-122.492203,1
11,41,5,dn15,37.739611,-122.492203,1
11,42,5,dn15,37.739611,-122.492203,1
11,43,5,dn15,37.739611,-122.492203,1
11,44,1,dn2,37.774524,-122.473656,1
11,44,4,dn10;dn11,37.78929,-122.426797,2
11,44,5,dn15,37.739611,-122.492203,1
11,45,4,dn11,37.78929,-122.426797,1
11,45,5,dn15,37.739611,-122.492203,1
11,46,1,dn3,37.774524,-122.473656,1
11,46,4,dn11,37.78929,-122.426797,1
11,46,5,dn15,37.739611,-122.492203,1
11,47,4,dn11,37.78929,-122.426797,1
11,47,5,dn15,37.739611,-122.492203,1
11,48,2,dn5,37.751751,-122.410654,1
11,48,4,dn11,37.78929,-122.426797,1
11,48,5,dn15,37.739611,-122.492203,1
11,49,2,dn5,37.751751,-122.410654,1
11,49,3,dn8,37.718779,-122.462401,1
11,49,4,dn11,37.78929,-122.426797,1
11,50,2,dn5,37.751751,-122.410654,1
11,50,3,dn8,37.718779,-122.462401,1
11,50,4,dn11,37.78929,-122.426797,1
11,51,2,dn5,37.751751,-122.410654,1
11,51,3,dn8,37.718779,-122.462401,1
11,52,2,dn5,37.751751,-122.410654,1
11,54,5,dn13,37.739611,-122.492203,1
11,55,5,dn13,37.739611,-122.492203,1
11,56,5,dn13,37.739611,-122.492203,1
11,58,1,dn2,37.774524,-122.473656,1
11,58,2,dn4,37.751751,-122.410654,1
11,58,5,dn14,37.739611,-122.492203,1
11,59,1,dn2,37.774524,-122.473656,1
11,59,3,dn9,37.718779,-122.462401,1
11,59,5,dn14,37.739611,-122.492203,1
11,60,1,dn1,37.774524,-122.473656,1
11,60,3,dn9,37.718779,-122.462401,1
11,60,5,dn14,37.739611,-122.492203,1
11,61,1,dn1,37.774524,-122.473656,1
11,61,3,dn9,37.718779,-122.462401,1
11,61,5,dn14,37.739611,-122.492203,1
11,62,1,dn1,37.774524,-122.473656,1
11,62,3,dn7;dn9,37.718779,-122.462401,2
11,62,5,dn14;dn15,37.739611,-122.492203,2
11,63,3,dn7;dn8;dn9,37.718779,-122.462401,3
11,63,5,dn14;dn15,37.739611,-122.492203,2
11,64,3,dn8;dn9,37.718779,-122.462401,2
11,64,5,dn14;dn15,37.739611,-122.492203,2
11,65,3,dn8;dn9,37.718779,-122.462401,2
11,65,5,dn13;dn14;dn15,37.739611,-122.492203,3
11,66,3,dn8;dn9,37.718779,-122.462401,2
11,66,5,dn13;dn14;dn15,37.739611,-122.492203,3
11,67,3,dn8;dn9,37.718779,-122.462401,2
11,67,5,dn13;dn14;dn15,37.739611,-122.492203,3
11,68,3,dn8;dn9,37.718779,-122.462401,2
11,68,5,dn13;dn14;dn15,37.739611,-122.492203,3
11,69,3,dn8;dn9,37.718779,-122.462401,2
11,69,5,dn13;dn14;dn15,37.739611,-122.492203,3
11,70,2,dn6,37.751751,-122.410654,1
11,70,3,dn8;dn9,37.718779,-122.462401,2
11,70,5,dn13;dn14;dn15,37.739611,-122.492203,3
11,71,3,dn8;dn9,37.718779,-122.462401,2
11,71,4,dn12,37.78929,-122.426797,1
11,71,5,dn13;dn14;dn15,37.739611,-122.492203,3
11,72,3,dn8;dn9,37.718779,-122.462401,2
11,72,5,dn13;dn14;dn15,37.739611,-122.492203,3
11,73,3,dn8;dn9,37.718779,-122.462401,2
11,73,5,dn13;dn14;dn15,37.739611,-122.492203,3
11,74,3,dn8;dn9,37.718779,-122.462401,2
11,74,5,dn13;dn14;dn15,37.739611,-122.492203,3
11,75,3,dn8;dn9,37.718779,-122.462401,2
11,75,5,dn13;dn14;dn15,37.739611,-122.492203,3
11,76,3,dn8;dn9,37.718779,-122.462401,2
11,76,5,dn13;dn14;dn15,37.739611,-122.492203,3
11,77,3,dn8;dn9,37.718779,-122.462401,2
11,77,5,dn13;dn14;dn15,37.739611,-122.492203,3
11,78,3,dn8;dn9,37.718779,-122.462401,2
11,78,5,dn13;dn14;dn15,37.739611,-122.492203,3
11,79,3,dn7;dn8;dn9,37.718779,-122.462401,3
11,79,5,dn13;dn14;dn15,37.739611,-122.492203,3
11,80,3,dn8;dn9,37.718779,-122.462401,2
11,80,5,dn13;dn14;dn15,37.739611,-122.492203,3
11,81,3,dn8;dn9,37.718779,-122.462401,2
11,81,5,dn13;dn14;dn15,37.739611,-122.492203,3
11,82,1,dn3,37.774524,-122.473656,1
11,82,2,dn4,37.751751,-122.410654,1
11,82,3,dn8;dn9,37.718779,-122.462401,2
11,82,4,dn10,37.78929,-122.426797,1
11,82,5,dn13;dn14;dn15,37.739611,-122.492203,3
11,83,3,dn8;dn9,37.718779,-122.462401,2
11,83,5,dn13;dn14;dn15,37.739611,-122.492203,3
11,84,3,dn8;dn9,37.718779,-122.462401,2
11,84,5,dn13;dn14;dn15,37.739611,-122.492203,3
11,85,3,dn9,37.718779,-122.462401,1
11,85,5,dn13;dn14;dn15,37.739611,-122.492203,3
11,86,5,dn13;dn14;dn15,37.739611,-122.492203,3
11,87,5,dn13;dn14;dn15,37.739611,-122.492203,3
11,88,4,dn11,37.78929,-122.426797,1
11,88,5,dn13;dn14;dn15,37.739611,-122.492203,3
11,89,5,dn13;dn14;dn15,37.739611,-122.492203,3
11,90,1,dn1,37.774524,-122.473656,1
11,90,5,dn14;dn15,37.739611,-122.492203,2
11,91,5,dn14;dn15,37.739611,-122.492203,2
11,92,5,dn15,37.739611,-122.492203,1
11,93,5,dn15,37.739611,-122.492203,1
11,95,1,dn2,37.774524,-122.473656,1
11,95,3,dn7,37.718779,-122.462401,1
11,99,5,dn13,37.739611,-122.492203,1
12,0,1,dn1;dn2;dn3,37.774524,-122.473656,3
12,0,2,dn4;dn5;dn6,37.751751,-122.410654,3
12,0,3,dn7;dn8;dn9,37.718779,-122.462401,3
12,0,4,dn10;dn11;dn12,37.78929,-122.426797,3
12,0,5,dn13;dn14;dn15,37.739611,-122.492203,3
12,8,5,dn13,37.739611,-122.492203,1
12,9,1,dn2,37.774524,-122.473656,1
12,10,2,dn6,37.751751,-122.410654,1
12,11,5,dn14,37.739611,-122.492203,1
12,12,5,dn13,37.739611,-122.492203,1
12,13,3,dn7,37.718779,-122.462401,1
12,14,1,dn1,37.774524,-122.473656,1
12,14,3,dn9,37.718779,-122.462401,1
12,14,5,dn15,37.739611,-122.492203,1
12,16,1,dn3,37.774524,-122.473656,1
12,16,2,dn4,37.751751,-122.410654,1
12,17,5,dn14,37.739611,-122.492203,1
12,18,5,dn14,37.739611,-122.492203,1
12,19,5,dn14,37.739611,-122.492203,1
12,20,5,dn14,37.739611,-122.492203,1
12,21,1,dn2,37.774524,-122.473656,1
12,22,1,dn2,37.774524,-122.473656,1
12,22,3,dn8,37.718779,-122.462401,1
12,22,5,dn15,37.739611,-122.492203,1
12,23,5,dn15,37.739611,-122.492203,1
12,24,2,dn5,37.751751,-122.410654,1
12,24,5,dn15,37.739611,-122.492203,1
12,25,2,dn5,37.751751,-122.410654,1
12,25,5,dn15,37.739611,-122.492203,1
12,26,5,dn15,37.739611,-122.492203,1
12,27,5,dn15,37.739611,-122.492203,1
12,28,3,dn9,37.718779,-122.462401,1
12,28,4,dn11,37.78929,-122.426797,1
12,28,5,dn15,37.739611,-122.492203,1
12,29,3,dn7,37.718779,-122.462401,1
12,30,3,dn7,37.718779,-122.462401,1
12,31,3,dn7,37.718779,-122.462401,1
12,32,3,dn7,37.718779,-122.462401,1
12,33,3,dn7,37.718779,-122.462401,1
12,34,1,dn3,37.774524,-122.473656,1
12,34,3,dn7,37.718779,-122.462401,1
12,34,5,dn13,37.739611,-122.492203,1
12,35,1,dn2,37.774524,-122.473656,1
12,35,3,dn7,37.718779,-122.462401,1
12,35,5,dn13,37.739611,-122.492203,1
12,36,1,dn2,37.774524,-122.473656,1
12,36,3,dn7,37.718779,-122.462401,1
12,36,5,dn13,37.739611,-122.492203,1
12,37,1,dn2,37.774524,-122.473656,1
12,37,3,dn7,37.718779,-122.462401,1
12,37,5,dn13;dn15,37.739611,-122.492203,2
12,38,1,dn2,37.774524,-122.473656,1
12,38,3,dn7;dn8,37.718779,-122.462401,2
12,38,4,dn12,37.78929,-122.426797,1
12,38,5,dn13;dn15,37.739611,-122.492203,2
12,39,1,dn2,37.774524,-122.473656,1
12,39,3,dn7;dn8,37.718779,-122.462401,2
12,39,5,dn13;dn15,37.739611,-122.492203,2
12,40,1,dn1;dn2,37.774524,-122.473656,2
12,40,3,dn7;dn8,37.718779,-122.462401,2
12,40,5,dn13;dn15,37.739611,-122.492203,2
12,41,1,dn1;dn2,37.774524,-122.473656,2
12,41,3,dn7;dn8,37.718779,-122.462401,2
12,41,5,dn13;dn15,37.739611,-122.492203,2
12,42,1,dn2,37.774524,-122.473656,1
12,42,2,dn4,37.751751,-122.410654,1
12,42,3,dn7;dn8,37.718779,-122.462401,2
12,42,5,dn13;dn14;dn15,37.739611,-122.492203,3
12,43,1,dn2,37.774524,-122.473656,1
12,43,3,dn7;dn8,37.718779,-122.462401,2
12,43,5,dn13;dn14;dn15,37.739611,-122.492203,3
12,44,1,dn2,37.774524,-122.473656,1
12,44,3,dn7;dn8,37.718779,-122.462401,2
12,44,5,dn13;dn14;dn15,37.739611,-122.492203,3
12,45,1,dn2,37.774524,-122.473656,1
12,45,3,dn8,37.718779,-122.462401,1
12,45,5,dn13;dn14;dn15,37.739611,-122.492203,3
12,46,3,dn8,37.718779,-122.462401,1
12,46,5,dn13;dn14;dn15,37.739611,-122.492203,3
12,47,5,dn13;dn14;dn15,37.739611,-122.492203,3
12,48,2,dn6,37.751751,-122.410654,1
12,48,5,dn13;dn14;dn15,37.739611,-122.492203,3
12,49,5,dn14;dn15,37.739611,-122.492203,2
12,50,5,dn14;dn15,37.739611,-122.492203,2
12,51,1,dn1,37.774524,-122.473656,1
12,51,5,dn14;dn15,37.739611,-122.492203,2
12,52,1,dn1,37.774524,-122.473656,1
12,52,4,dn10,37.78929,-122.426797,1
12,52,5,dn14;dn15,37.739611,-122.492203,2
12,53,1,dn1,37.774524,-122.473656,1
12,53,5,dn15,37.739611,-122.492203,1
12,54,1,dn1,37.774524,-122.473656,1
12,54,4,dn11,37.78929,-122.426797,1
12,54,5,dn15,37.739611,-122.492203,1
12,55,1,dn1,37.774524,-122.473656,1
12,55,4,dn11,37.78929,-122.426797,1
12,55,5,dn15,37.739611,-122.492203,1
12,56,4,dn11,37.78929,-122.426797,1
12,56,5,dn15,37.739611,-122.492203,1
12,57,4,dn11,37.78929,-122.426797,1
12,57,5,dn15,37.739611,-122.492203,1
12,58,2,dn4,37.751751,-122.410654,1
12,58,3,dn8,37.718779,-122.462401,1
12,58,4,dn11,37.78929,-122.426797,1
12,58,5,dn13;dn15,37.739611,-122.492203,2
12,59,4,dn11,37.78929,-122.426797,1
12,59,5,dn13;dn15,37.739611,-122.492203,2
12,60,4,dn11,37.78929,-122.426797,1
12,60,5,dn13;dn15,37.739611,-122.492203,2
12,61,4,dn11,37.78929,-122.426797,1
12,61,5,dn13;dn15,37.739611,-122.492203,2
12,62,4,dn11,37.78929,-122.426797,1
12,62,5,dn13;dn15,37.739611,-122.492203,2
12,63,4,dn11,37.78929,-122.426797,1
12,63,5,dn13;dn15,37.739611,-122.492203,2
12,64,4,dn11,37.78929,-122.426797,1
12,64,5,dn13;dn14;dn15,37.739611,-122.492203,3
12,65,4,dn11,37.78929,-122.426797,1
12,65,5,dn14;dn15,37.739611,-122.492203,2
12,66,3,dn7,37.718779,-122.462401,1
12,66,5,dn14;dn15,37.739611,-122.492203,2
12,67,1,dn1,37.774524,-122.473656,1
12,67,2,dn5,37.751751,-122.410654,1
12,67,3,dn7,37.718779,-122.462401,1
12,67,5,dn14;dn15,37.739611,-122.492203,2
12,68,1,dn1;dn3,37.774524,-122.473656,2
12,68,3,dn9,37.718779,-122.462401,1
12,68,5,dn14;dn15,37.739611,-122.492203,2
12,69,1,dn1;dn2;dn3,37.774524,-122.473656,3
12,69,3,dn9,37.718779,-122.462401,1
12,69,5,dn14;dn15,37.739611,-122.492203,2
12,70,1,dn2;dn3,37.774524,-122.473656,2
12,70,3,dn9,37.718779,-122.462401,1
12,70,5,dn14;dn15,37.739611,-122.492203,2
12,71,1,dn2;dn3,37.774524,-122.473656,2
12,71,5,dn14;dn15,37.739611,-122.492203,2
12,72,1,dn3,37.774524,-122.473656,1
12,72,5,dn14;dn15,37.739611,-122.492203,2
12,73,1,dn3,37.774524,-122.473656,1
12,73,5,dn14;dn15,37.739611,-122.492203,2
12,74,1,dn3,37.774524,-122.473656,1
12,74,5,dn14;dn15,37.739611,-122.492203,2
12,75,1,dn3,37.774524,-122.473656,1
12,75,5,dn15,37.739611,-122.492203,1
12,76,1,dn3,37.774524,-122.473656,1
12,76,3,dn8,37.718779,-122.462401,1
12,76,5,dn15,37.739611,-122.492203,1
12,77,1,dn3,37.774524,-122.473656,1
12,77,5,dn15,37.739611,-122.492203,1
12,78,1,dn3,37.774524,-122.473656,1
12,78,5,dn13;dn15,37.739611,-122.492203,2
12,79,1,dn2,37.774524,-122.473656,1
12,79,5,dn13;dn15,37.739611,-122.492203,2
12,80,5,dn13;dn15,37.739611,-122.492203,2
12,81,5,dn13;dn14;dn15,37.739611,-122.492203,3
12,82,5,dn13;dn14;dn15,37.739611,-122.492203,3
12,83,2,dn5,37.751751,-122.410654,1
12,83,5,dn13;dn14;dn15,37.739611,-122.492203,3
12,84,2,dn5,37.751751,-122.410654,1
12,84,5,dn13;dn14;dn15,37.739611,-122.492203,3
12,85,2,dn5,37.751751,-122.410654,1
12,85,5,dn14;dn15,37.739611,-122.492203,2
12,86,5,dn14;dn15,37.739611,-122.492203,2
12,87,5,dn15,37.739611,-122.492203,1
12,88,3,dn9,37.718779,-122.462401,1
12,89,1,dn2,37.774524,-122.473656,1
12,89,3,dn9,37.718779,-122.462401,1
12,90,4,dn12,37.78929,-122.426797,1
12,91,4,dn12,37.78929,-122.426797,1
12,92,3,dn8,37.718779,-122.462401,1
12,92,4,dn12,37.78929,-122.426797,1
12,93,3,dn7;dn8,37.718779,-122.462401,2
12,93,4,dn11;dn12,37.78929,-122.426797,2
12,94,3,dn7;dn8,37.718779,-122.462401,2
12,94,4,dn11;dn12,37.78929,-122.426797,2
12,95,3,dn7;dn8,37.718779,-122.462401,2
12,95,4,dn11;dn12,37.78929,-122.426797,2
12,96,2,dn4,37.751751,-122.410654,1
12,96,3,dn7;dn8,37.718779,-122.462401,2
12,96,4,dn11;dn12,37.78929,-122.426797,2
12,97,2,dn4,37.751751,-122.410654,1
12,97,3,dn7;dn8,37.718779,-122.462401,2
12,97,4,dn12,37.78929,-122.426797,1
12,97,5,dn13,37.739611,-122.492203,1
12,98,2,dn4,37.751751,-122.410654,1
12,98,3,dn7;dn8,37.718779,-122.462401,2
12,98,4,dn12,37.78929,-122.426797,1
12,98,5,dn13,37.739611,-122.492203,1
12,99,2,dn4,37.751751,-122.410654,1
12,99,3,dn7;dn8;dn9,37.718779,-122.462401,3
12,99,4,dn12,37.78929,-122.426797,1
12,99,5,dn13,37.739611,-122.492203,1
13,0,1,dn1;dn2;dn3,37.774524,-122.473656,3
13,0,2,dn4;dn5;dn6,37.751751,-122.410654,3
13,0,3,dn7;dn8;dn9,37.718779,-122.462401,3
13,0,4,dn10;dn11;dn12,37.78929,-122.426797,3
13,0,5,dn13;dn14;dn15,37.739611,-122.492203,3
13,9,1,dn3,37.774524,-122.473656,1
13,9,5,dn13,37.739611,-122.492203,1
13,10,3,dn8,37.718779,-122.462401,1
13,11,5,dn14,37.739611,-122.492203,1
13,12,4,dn11,37.78929,-122.426797,1
13,12,5,dn13,37.739611,-122.492203,1
13,14,3,dn7,37.718779,-122.462401,1
13,17,5,dn15,37.739611,-122.492203,1
13,22,5,dn13,37.739611,-122.492203,1
13,23,5,dn15,37.739611,-122.492203,1
13,24,1,dn1,37.774524,-122.473656,1
13,26,1,dn2,37.774524,-122.473656,1
13,26,2,dn6,37.751751,-122.410654,1
13,30,2,dn4,37.751751,-122.410654,1
13,30,3,dn7,37.718779,-122.462401,1
13,31,2,dn4,37.751751,-122.410654,1
13,32,4,dn10,37.78929,-122.426797,1
13,32,5,dn13,37.739611,-122.492203,1
13,33,4,dn10,37.78929,-122.426797,1
13,34,3,dn8,37.718779,-122.462401,1
13,34,4,dn10,37.78929,-122.426797,1
13,35,3,dn8,37.718779,-122.462401,1
13,35,4,dn10,37.78929,-122.426797,1
13,36,2,dn5,37.751751,-122.410654,1
13,36,3,dn8;dn9,37.718779,-122.462401,2
13,36,4,dn10,37.78929,-122.426797,1
13,36,5,dn15,37.739611,-122.492203,1
13,37,3,dn8;dn9,37.718779,-122.462401,2
13,37,5,dn14;dn15,37.739611,-122.492203,2
13,38,3,dn8;dn9,37.718779,-122.462401,2
13,38,4,dn12,37.78929,-122.426797,1
13,38,5,dn14;dn15,37.739611,-122.492203,2
13,39,3,dn9,37.718779,-122.462401,1
13,39,4,dn12,37.78929,-122.426797,1
13,39,5,dn14;dn15,37.739611,-122.492203,2
13,40,1,dn2,37.774524,-122.473656,1
13,40,3,dn9,37.718779,-122.462401,1
13,40,4,dn12,37.78929,-122.426797,1
13,40,5,dn14;dn15,37.739611,-122.492203,2
13,41,1,dn2,37.774524,-122.473656,1
13,41,3,dn9,37.718779,-122.462401,1
13,41,4,dn12,37.78929,-122.426797,1
13,41,5,dn14;dn15,37.739611,-122.492203,2
13,42,3,dn7;dn9,37.718779,-122.462401,2
13,42,4,dn12,37.78929,-122.426797,1
13,42,5,dn14;dn15,37.739611,-122.492203,2
13,43,1,dn3,37.774524,-122.473656,1
13,43,3,dn7;dn9,37.718779,-122.462401,2
13,43,4,dn12,37.78929,-122.426797,1
13,43,5,dn14;dn15,37.739611,-122.492203,2
13,44,1,dn1,37.774524,-122.473656,1
13,44,2,dn6,37.751751,-122.410654,1
13,44,3,dn7;dn9,37.718779,-122.462401,2
13,44,4,dn12,37.78929,-122.426797,1
13,44,5,dn14;dn15,37.739611,-122.492203,2
13,45,2,dn6,37.751751,-122.410654,1
13,45,3,dn7;dn9,37.718779,-122.462401,2
13,45,4,dn12,37.78929,-122.426797,1
13,45,5,dn14;dn15,37.739611,-122.492203,2
13,46,2,dn6,37.751751,-122.410654,1
13,46,3,dn7;dn9,37.718779,-122.462401,2
13,46,4,dn12,37.78929,-122.426797,1
13,46,5,dn13;dn14;dn15,37.739611,-122.492203,3
13,47,3,dn7;dn9,37.718779,-122.462401,2
13,47,4,dn12,37.78929,-122.426797,1
13,47,5,dn13;dn14;dn15,37.739611,-122.492203,3
13,48,3,dn7;dn9,37.718779,-122.462401,2
13,48,4,dn11,37.78929,-122.426797,1
13,48,5,dn13;dn14;dn15,37.739611,-122.492203,3
13,49,3,dn7;dn9,37.718779,-122.462401,2
13,49,4,dn11,37.78929,-122.426797,1
13,49,5,dn13;dn14;dn15,37.739611,-122.492203,3
13,50,3,dn9,37.718779,-122.462401,1
13,50,4,dn11,37.78929,-122.426797,1
13,50,5,dn13;dn14;dn15,37.739611,-122.492203,3
13,51,3,dn9,37.718779,-122.462401,1
13,51,5,dn13;dn14;dn15,37.739611,-122.492203,3
13,52,1,dn1,37.774524,-122.473656,1
13,52,3,dn9,37.718779,-122.462401,1
13,52,5,dn13;dn14;dn15,37.739611,-122.492203,3
13,53,3,dn9,37.718779,-122.462401,1
13,53,5,dn13;dn14;dn15,37.739611,-122.492203,3
13,54,5,dn13;dn14;dn15,37.739611,-122.492203,3
13,55,3,dn8,37.718779,-122.462401,1
13,55,5,dn13;dn14;dn15,37.739611,-122.492203,3
13,56,3,dn8,37.718779,-122.462401,1
13,56,5,dn13;dn14;dn15,37.739611,-122.492203,3
13,57,3,dn8,37.718779,-122.462401,1
13,57,5,dn13;dn14;dn15,37.739611,-122.492203,3
13,58,2,dn5,37.751751,-122.410654,1
13,58,3,dn8,37.718779,-122.462401,1
13,58,5,dn13;dn14;dn15,37.739611,-122.492203,3
13,59,5,dn13;dn14;dn15,37.739611,-122.492203,3
13,60,1,dn3,37.774524,-122.473656,1
13,60,5,dn13;dn14;dn15,37.739611,-122.492203,3
13,61,5,dn14;dn15,37.739611,-122.492203,2
13,62,2,dn6,37.751751,-122.410654,1
13,62,3,dn7;dn9,37.718779,-122.462401,2
13,62,5,dn15,37.739611,-122.492203,1
13,63,2,dn6,37.751751,-122.410654,1
13,63,3,dn7;dn9,37.718779,-122.462401,2
13,63,5,dn15,37.739611,-122.492203,1
13,64,3,dn7;dn9,37.718779,-122.462401,2
13,64,5,dn15,37.739611,-122.492203,1
13,65,3,dn7;dn9,37.718779,-122.462401,2
13,65,5,dn15,37.739611,-122.492203,1
13,66,3,dn7;dn9,37.718779,-122.462401,2
13,66,5,dn15,37.739611,-122.492203,1
13,67,2,dn4,37.751751,-122.410654,1
13,67,3,dn9,37.718779,-122.462401,1
13,67,5,dn15,37.739611,-122.492203,1
13,68,2,dn4,37.751751,-122.410654,1
13,68,3,dn9,37.718779,-122.462401,1
13,68,5,dn15,37.739611,-122.492203,1
13,69,2,dn4,37.751751,-122.410654,1
13,69,5,dn15,37.739611,-122.492203,1
13,70,2,dn4,37.751751,-122.410654,1
13,70,5,dn15,37.739611,-122.492203,1
13,71,2,dn4,37.751751,-122.410654,1
13,71,5,dn15,37.739611,-122.492203,1
13,72,2,dn4,37.751751,-122.410654,1
13,72,5,dn15,37.739611,-122.492203,1
13,73,1,dn2,37.774524,-122.473656,1
13,73,2,dn4,37.751751,-122.410654,1
13,74,2,dn4,37.751751,-122.410654,1
13,74,4,dn10,37.78929,-122.426797,1
13,75,2,dn4,37.751751,-122.410654,1
13,75,4,dn10,37.78929,-122.426797,1
13,76,2,dn4,37.751751,-122.410654,1
13,76,3,dn8,37.718779,-122.462401,1
13,76,4,dn10;dn11,37.78929,-122.426797,2
13,77,2,dn4,37.751751,-122.410654,1
13,77,3,dn8,37.718779,-122.462401,1
13,77,4,dn10;dn11,37.78929,-122.426797,2
13,78,1,dn1,37.774524,-122.473656,1
13,78,2,dn4,37.751751,-122.410654,1
13,78,3,dn8,37.718779,-122.462401,1
13,78,4,dn10;dn11,37.78929,-122.426797,2
13,79,2,dn4,37.751751,-122.410654,1
13,79,3,dn8,37.718779,-122.462401,1
13,79,4,dn10;dn11,37.78929,-122.426797,2
13,80,2,dn4,37.751751,-122.410654,1
13,80,3,dn7;dn8,37.718779,-122.462401,2
13,80,4,dn10;dn11,37.78929,-122.426797,2
13,81,3,dn7;dn8,37.718779,-122.462401,2
13,81,4,dn10;dn11,37.78929,-122.426797,2
13,82,3,dn7;dn8,37.718779,-122.462401,2
13,82,4,dn11,37.78929,-122.426797,1
13,83,3,dn7;dn8,37.718779,-122.462401,2
13,84,1,dn3,37.774524,-122.473656,1
13,84,3,dn7;dn8,37.718779,-122.462401,2
13,85,1,dn3,37.774524,-122.473656,1
13,85,3,dn7;dn8,37.718779,-122.462401,2
13,86,1,dn3,37.774524,-122.473656,1
13,86,3,dn7;dn8;dn9,37.718779,-122.462401,3
13,86,5,dn13,37.739611,-122.492203,1
13,87,3,dn7;dn8;dn9,37.718779,-122.462401,3
13,87,5,dn13,37.739611,-122.492203,1
13,88,3,dn7;dn8;dn9,37.718779,-122.462401,3
13,88,5,dn13,37.739611,-122.492203,1
13,89,1,dn2,37.774524,-122.473656,1
13,89,3,dn7;dn8;dn9,37.718779,-122.462401,3
13,89,5,dn13,37.739611,-122.492203,1
13,90,1,dn2,37.774524,-122.473656,1
13,90,3,dn7;dn8;dn9,37.718779,-122.462401,3
13,90,5,dn13;dn15,37.739611,-122.492203,2
13,91,1,dn2,37.774524,-122.473656,1
13,91,3,dn8;dn9,37.718779,-122.462401,2
13,91,5,dn13;dn14;dn15,37.739611,-122.492203,3
13,92,3,dn8;dn9,37.718779,-122.462401,2
13,92,5,dn13;dn14;dn15,37.739611,-122.492203,3
13,93,3,dn8;dn9,37.718779,-122.462401,2
13,93,5,dn13;dn14;dn15,37.739611,-122.492203,3
13,94,1,dn1,37.774524,-122.473656,1
13,94,3,dn8;dn9,37.718779,-122.462401,2
13,94,5,dn13;dn14;dn15,37.739611,-122.492203,3
13,95,3,dn9,37.718779,-122.462401,1
13,95,4,dn12,37.78929,-122.426797,1
13,95,5,dn13;dn14;dn15,37.739611,-122.492203,3
13,96,3,dn9,37.718779,-122.462401,1
13,96,4,dn12,37.78929,-122.426797,1
13,96,5,dn13;dn14;dn15,37.739611,-122.492203,3
13,97,4,dn12,37.78929,-122.426797,1
13,97,5,dn13;dn14;dn15,37.739611,-122.492203,3
13,98,5,dn13;dn14;dn15,37.739611,-122.492203,3
13,99,5,dn14;dn15,37.739611,-122.492203,2
14,0,1,dn1;dn2;dn3,37.774524,-122.473656,3
14,0,2,dn4;dn5;dn6,37.751751,-122.410654,3
14,0,3,dn7;dn8;dn9,37.718779,-122.462401,3
14,0,4,dn10;dn11;dn12,37.78929,-122.426797,3
14,0,5,dn13;dn14;dn15,37.739611,-122.492203,3
14,9,1,dn1,37.774524,-122.473656,1
14,9,5,dn13,37.739611,-122.492203,1
14,11,3,dn7;dn9,37.718779,-122.462401,2
14,14,1,dn3,37.774524,-122.473656,1
14,14,5,dn14;dn15,37.739611,-122.492203,2
14,15,5,dn15,37.739611,-122.492203,1
14,16,4,dn12,37.78929,-122.426797,1
14,16,5,dn15,37.739611,-122.492203,1
14,20,4,dn10,37.78929,-122.426797,1
14,21,4,dn10,37.78929,-122.426797,1
14,22,4,dn10,37.78929,-122.426797,1
14,23,5,dn13;dn14,37.739611,-122.492203,2
14,24,4,dn11,37.78929,-122.426797,1
14,24,5,dn14,37.739611,-122.492203,1
14,25,4,dn11,37.78929,-122.426797,1
14,25,5,dn14,37.739611,-122.492203,1
14,26,5,dn14,37.739611,-122.492203,1
14,27,3,dn7,37.718779,-122.462401,1
14,27,5,dn14,37.739611,-122.492203,1
14,28,1,dn2,37.774524,-122.473656,1
14,28,5,dn14,37.739611,-122.492203,1
14,29,5,dn14;dn15,37.739611,-122.492203,2
14,30,2,dn5,37.751751,-122.410654,1
14,30,3,dn8,37.718779,-122.462401,1
14,30,5,dn14;dn15,37.739611,-122.492203,2
14,31,3,dn8,37.718779,-122.462401,1
14,31,5,dn14;dn15,37.739611,-122.492203,2
14,32,3,dn8,37.718779,-122.462401,1
14,32,5,dn15,37.739611,-122.492203,1
14,33,3,dn8,37.718779,-122.462401,1
14,33,5,dn15,37.739611,-122.492203,1
14,34,1,dn3,37.774524,-122.473656,1
14,34,3,dn8,37.718779,-122.462401,1
14,34,4,dn12,37.78929,-122.426797,1
14,34,5,dn15,37.739611,-122.492203,1
14,35,3,dn8,37.718779,-122.462401,1
14,35,5,dn15,37.739611,-122.492203,1
14,36,3,dn8,37.718779,-122.462401,1
14,36,5,dn15,37.739611,-122.492203,1
14,37,5,dn13;dn15,37.739611,-122.492203,2
14,38,5,dn13;dn15,37.739611,-122.492203,2
14,39,3,dn9,37.718779,-122.462401,1
14,39,5,dn13;dn15,37.739611,-122.492203,2
14,40,3,dn9,37.718779,-122.462401,1
14,40,5,dn15,37.739611,-122.492203,1
14,41,1,dn1,37.774524,-122.473656,1
14,41,5,dn15,37.739611,-122.492203,1
14,42,5,dn15,37.739611,-122.492203,1
14,43,5,dn15,37.739611,-122.492203,1
14,44,2,dn4;dn6,37.751751,-122.410654,2
14,45,2,dn4;dn6,37.751751,-122.410654,2
14,46,2,dn4;dn6,37.751751,-122.410654,2
14,47,2,dn4;dn6,37.751751,-122.410654,2
14,48,1,dn2,37.774524,-122.473656,1
14,48,2,dn4;dn6,37.751751,-122.410654,2
14,49,1,dn2,37.774524,-122.473656,1
14,49,2,dn6,37.751751,-122.410654,1
14,49,5,dn14,37.739611,-122.492203,1
14,50,1,dn2,37.774524,-122.473656,1
14,50,2,dn6,37.751751,-122.410654,1
14,51,1,dn2,37.774524,-122.473656,1
14,51,2,dn6,37.751751,-122.410654,1
14,51,3,dn8,37.718779,-122.462401,1
14,52,1,dn2,37.774524,-122.473656,1
14,52,2,dn6,37.751751,-122.410654,1
14,52,3,dn8,37.718779,-122.462401,1
14,53,1,dn2,37.774524,-122.473656,1
14,53,2,dn6,37.751751,-122.410654,1
14,53,3,dn8,37.718779,-122.462401,1
14,54,1,dn2,37.774524,-122.473656,1
14,54,2,dn6,37.751751,-122.410654,1
14,54,3,dn8,37.718779,-122.462401,1
14,54,5,dn13,37.739611,-122.492203,1
14,55,1,dn2,37.774524,-122.473656,1
14,55,2,dn6,37.751751,-122.410654,1
14,55,3,dn8,37.718779,-122.462401,1
14,55,5,dn13,37.739611,-122.492203,1
14,56,1,dn2,37.774524,-122.473656,1
14,56,3,dn8,37.718779,-122.462401,1
14,56,5,dn13,37.739611,-122.492203,1
14,57,1,dn2,37.774524,-122.473656,1
14,57,3,dn8;dn9,37.718779,-122.462401,2
14,57,5,dn13,37.739611,-122.492203,1
14,58,1,dn2,37.774524,-122.473656,1
14,58,3,dn8;dn9,37.718779,-122.462401,2
14,58,5,dn13,37.739611,-122.492203,1
14,59,1,dn2,37.774524,-122.473656,1
14,59,3,dn9,37.718779,-122.462401,1
14,59,5,dn13,37.739611,-122.492203,1
14,60,1,dn2,37.774524,-122.473656,1
14,60,3,dn9,37.718779,-122.462401,1
14,60,5,dn13,37.739611,-122.492203,1
14,61,1,dn2,37.774524,-122.473656,1
14,61,3,dn9,37.718779,-122.462401,1
14,61,4,dn11,37.78929,-122.426797,1
14,61,5,dn13;dn14,37.739611,-122.492203,2
14,62,1,dn2,37.774524,-122.473656,1
14,62,3,dn9,37.718779,-122.462401,1
14,62,5,dn13;dn14,37.739611,-122.492203,2
14,63,1,dn2,37.774524,-122.473656,1
14,63,2,dn4,37.751751,-122.410654,1
14,63,3,dn7;dn9,37.718779,-122.462401,2
14,63,5,dn13;dn14;dn15,37.739611,-122.492203,3
14,64,1,dn2,37.774524,-122.473656,1
14,64,2,dn4,37.751751,-122.410654,1
14,64,3,dn7;dn9,37.718779,-122.462401,2
14,64,4,dn10,37.78929,-122.426797,1
14,64,5,dn13;dn14;dn15,37.739611,-122.492203,3
14,65,1,dn2,37.774524,-122.473656,1
14,65,2,dn4,37.751751,-122.410654,1
14,65,3,dn7;dn9,37.718779,-122.462401,2
14,65,4,dn10,37.78929,-122.426797,1
14,65,5,dn13;dn14;dn15,37.739611,-122.492203,3
14,66,1,dn2,37.774524,-122.473656,1
14,66,2,dn4,37.751751,-122.410654,1
14,66,3,dn7;dn9,37.718779,-122.462401,2
14,66,4,dn10,37.78929,-122.426797,1
14,66,5,dn13;dn14;dn15,37.739611,-122.492203,3
14,67,1,dn2,37.774524,-122.473656,1
14,67,2,dn4,37.751751,-122.410654,1
14,67,3,dn7;dn9,37.718779,-122.462401,2
14,67,4,dn10,37.78929,-122.426797,1
14,67,5,dn13;dn14;dn15,37.739611,-122.492203,3
14,68,1,dn2;dn3,37.774524,-122.473656,2
14,68,2,dn4,37.751751,-122.410654,1
14,68,3,dn7;dn9,37.718779,-122.462401,2
14,68,4,dn10,37.78929,-122.426797,1
14,68,5,dn13;dn14;dn15,37.739611,-122.492203,3
14,69,1,dn2;dn3,37.774524,-122.473656,2
14,69,2,dn4,37.751751,-122.410654,1
14,69,3,dn7;dn9,37.718779,-122.462401,2
14,69,4,dn10,37.78929,-122.426797,1
14,69,5,dn13;dn14;dn15,37.739611,-122.492203,3
14,70,1,dn2;dn3,37.774524,-122.473656,2
14,70,2,dn4,37.751751,-122.410654,1
14,70,3,dn7;dn9,37.718779,-122.462401,2
14,70,4,dn10,37.78929,-122.426797,1
14,70,5,dn13;dn14;dn15,37.739611,-122.492203,3
14,71,1,dn2;dn3,37.774524,-122.473656,2
14,71,2,dn4,37.751751,-122.410654,1
14,71,3,dn7;dn9,37.718779,-122.462401,2
14,71,4,dn10,37.78929,-122.426797,1
14,71,5,dn13;dn14;dn15,37.739611,-122.492203,3
14,72,1,dn2;dn3,37.774524,-122.473656,2
14,72,2,dn4;dn5,37.751751,-122.410654,2
14,72,3,dn7;dn9,37.718779,-122.462401,2
14,72,4,dn10;dn12,37.78929,-122.426797,2
14,72,5,dn13;dn14;dn15,37.739611,-122.492203,3
14,73,1,dn2;dn3,37.774524,-122.473656,2
14,73,2,dn4;dn5,37.751751,-122.410654,2
14,73,3,dn7;dn9,37.718779,-122.462401,2
14,73,4,dn10;dn12,37.78929,-122.426797,2
14,73,5,dn13;dn14;dn15,37.739611,-122.492203,3
14,74,1,dn2;dn3,37.774524,-122.473656,2
14,74,2,dn4;dn5,37.751751,-122.410654,2
14,74,3,dn7;dn9,37.718779,-122.462401,2
14,74,4,dn10;dn12,37.78929,-122.426797,2
14,74,5,dn13;dn14;dn15,37.739611,-122.492203,3
14,75,1,dn2;dn3,37.774524,-122.473656,2
14,75,2,dn5,37.751751,-122.410654,1
14,75,3,dn7;dn9,37.718779,-122.462401,2
14,75,4,dn10;dn12,37.78929,-122.426797,2
14,75,5,dn13;dn14;dn15,37.739611,-122.492203,3
14,76,1,dn2;dn3,37.774524,-122.473656,2
14,76,2,dn5,37.751751,-122.410654,1
14,76,3,dn7;dn9,37.718779,-122.462401,2
14,76,4,dn10;dn12,37.78929,-122.426797,2
14,76,5,dn13;dn14;dn15,37.739611,-122.492203,3
14,77,1,dn1;dn3,37.774524,-122.473656,2
14,77,2,dn5,37.751751,-122.410654,1
14,77,3,dn7;dn9,37.718779,-122.462401,2
14,77,4,dn10;dn12,37.78929,-122.426797,2
14,77,5,dn13;dn14;dn15,37.739611,-122.492203,3
14,78,1,dn1;dn3,37.774524,-122.473656,2
14,78,3,dn7;dn9,37.718779,-122.462401,2
14,78,4,dn10;dn12,37.78929,-122.426797,2
14,78,5,dn13;dn14;dn15,37.739611,-122.492203,3
14,79,1,dn3,37.774524,-122.473656,1
14,79,3,dn7;dn9,37.718779,-122.462401,2
14,79,4,dn10;dn12,37.78929,-122.426797,2
14,79,5,dn13;dn14;dn15,37.739611,-122.492203,3
14,80,1,dn3,37.774524,-122.473656,1
14,80,3,dn7;dn9,37.718779,-122.462401,2
14,80,4,dn10;dn12,37.78929,-122.426797,2
14,80,5,dn13;dn14;dn15,37.739611,-122.492203,3
14,81,1,dn3,37.774524,-122.473656,1
14,81,3,dn7;dn9,37.718779,-122.462401,2
14,81,4,dn12,37.78929,-122.426797,1
14,81,5,dn13;dn14;dn15,37.739611,-122.492203,3
14,82,3,dn7;dn9,37.718779,-122.462401,2
14,82,4,dn12,37.78929,-122.426797,1
14,82,5,dn13;dn14;dn15,37.739611,-122.492203,3
14,83,3,dn7;dn9,37.718779,-122.462401,2
14,83,5,dn13;dn14;dn15,37.739611,-122.492203,3
14,84,3,dn9,37.718779,-122.462401,1
14,84,5,dn13;dn14;dn15,37.739611,-122.492203,3
14,85,5,dn13;dn14;dn15,37.739611,-122.492203,3
14,86,5,dn13;dn14;dn15,37.739611,-122.492203,3
14,87,2,dn6,37.751751,-122.410654,1
14,87,5,dn14;dn15,37.739611,-122.492203,2
14,88,1,dn1,37.774524,-122.473656,1
14,88,5,dn14;dn15,37.739611,-122.492203,2
14,89,1,dn1,37.774524,-122.473656,1
14,89,5,dn15,37.739611,-122.492203,1
14,90,1,dn1;dn2,37.774524,-122.473656,2
14,90,5,dn15,37.739611,-122.492203,1
14,91,1,dn2,37.774524,-122.473656,1
14,91,5,dn15,37.739611,-122.492203,1
14,92,5,dn15,37.739611,-122.492203,1
14,93,5,dn15,37.739611,-122.492203,1
14,96,3,dn7,37.718779,-122.462401,1
14,99,5,dn13,37.739611,-122.492203,1
15,0,1,dn1;dn2;dn3,37.774524,-122.473656,3
15,0,2,dn4;dn5;dn6,37.751751,-122.410654,3
15,0,3,dn7;dn8;dn9,37.718779,-122.462401,3
15,0,4,dn10;dn11;dn12,37.78929,-122.426797,3
15,0,5,dn13;dn14;dn15,37.739611,-122.492203,3
15,8,3,dn7,37.718779,-122.462401,1
15,9,3,dn9,37.718779,-122.462401,1
15,10,1,dn3,37.774524,-122.473656,1
15,11,1,dn2,37.774524,-122.473656,1
15,13,5,dn14,37.739611,-122.492203,1
15,15,5,dn13,37.739611,-122.492203,1
15,16,3,dn8,37.718779,-122.462401,1
15,17,3,dn8,37.718779,-122.462401,1
15,18,3,dn8,37.718779,-122.462401,1
15,19,3,dn8,37.718779,-122.462401,1
15,20,3,dn8,37.718779,-122.462401,1
15,20,5,dn15,37.739611,-122.492203,1
15,21,3,dn8,37.718779,-122.462401,1
15,21,5,dn15,37.739611,-122.492203,1
15,22,1,dn1,37.774524,-122.473656,1
15,22,3,dn8,37.718779,-122.462401,1
15,23,3,dn8,37.718779,-122.462401,1
15,24,3,dn8,37.718779,-122.462401,1
15,25,3,dn8,37.718779,-122.462401,1
15,26,3,dn8,37.718779,-122.462401,1
15,27,3,dn8,37.718779,-122.462401,1
15,27,5,dn13,37.739611,-122.492203,1
15,28,3,dn8,37.718779,-122.462401,1
15,28,4,dn12,37.78929,-122.426797,1
15,29,5,dn14,37.739611,-122.492203,1
15,30,3,dn7,37.718779,-122.462401,1
15,31,3,dn7,37.718779,-122.462401,1
15,32,2,dn5,37.751751,-122.410654,1
15,32,3,dn7,37.718779,-122.462401,1
15,33,2,dn5,37.751751,-122.410654,1
15,33,3,dn7,37.718779,-122.462401,1
15,34,2,dn4;dn5,37.751751,-122.410654,2
15,34,3,dn7,37.718779,-122.462401,1
15,35,2,dn5,37.751751,-122.410654,1
15,35,3,dn7,37.718779,-122.462401,1
15,36,3,dn7,37.718779,-122.462401,1
15,36,5,dn15,37.739611,-122.492203,1
15,37,1,dn2,37.774524,-122.473656,1
15,37,3,dn7,37.718779,-122.462401,1
15,37,5,dn15,37.739611,-122.492203,1
15,38,1,dn1;dn2,37.774524,-122.473656,2
15,38,3,dn7,37.718779,-122.462401,1
15,38,5,dn15,37.739611,-122.492203,1
15,39,1,dn1;dn2,37.774524,-122.473656,2
15,39,3,dn7,37.718779,-122.462401,1
15,39,5,dn15,37.739611,-122.492203,1
15,40,1,dn1;dn2;dn3,37.774524,-122.473656,3
15,40,2,dn6,37.751751,-122.410654,1
15,40,3,dn7;dn8,37.718779,-122.462401,2
15,40,5,dn15,37.739611,-122.492203,1
15,41,1,dn2;dn3,37.774524,-122.473656,2
15,41,3,dn7;dn8,37.718779,-122.462401,2
15,41,5,dn15,37.739611,-122.492203,1
15,42,1,dn3,37.774524,-122.473656,1
15,42,3,dn7;dn8,37.718779,-122.462401,2
15,42,4,dn10,37.78929,-122.426797,1
15,42,5,dn15,37.739611,-122.492203,1
15,43,1,dn3,37.774524,-122.473656,1
15,43,3,dn7;dn8,37.718779,-122.462401,2
15,43,4,dn10,37.78929,-122.426797,1
15,43,5,dn15,37.739611,-122.492203,1
15,44,3,dn7;dn8,37.718779,-122.462401,2
15,44,4,dn10,37.78929,-122.426797,1
15,44,5,dn15,37.739611,-122.492203,1
15,45,3,dn7;dn8,37.718779,-122.462401,2
15,45,4,dn10,37.78929,-122.426797,1
15,46,3,dn7;dn8,37.718779,-122.462401,2
15,47,3,dn7;dn8,37.718779,-122.462401,2
15,47,5,dn13,37.739611,-122.492203,1
15,48,3,dn7;dn8,37.718779,-122.462401,2
15,48,5,dn13,37.739611,-122.492203,1
15,49,3,dn7;dn8,37.718779,-122.462401,2
15,49,5,dn13,37.739611,-122.492203,1
15,50,3,dn7;dn8,37.718779,-122.462401,2
15,50,5,dn13,37.739611,-122.492203,1
15,51,2,dn5,37.751751,-122.410654,1
15,51,3,dn7;dn8;dn9,37.718779,-122.462401,3
15,51,5,dn13,37.739611,-122.492203,1
15,52,3,dn8;dn9,37.718779,-122.462401,2
15,52,4,dn11,37.78929,-122.426797,1
15,52,5,dn13,37.739611,-122.492203,1
15,53,1,dn1,37.774524,-122.473656,1
15,53,3,dn9,37.718779,-122.462401,1
15,53,4,dn11,37.78929,-122.426797,1
15,53,5,dn13;dn15,37.739611,-122.492203,2
15,54,1,dn1,37.774524,-122.473656,1
15,54,4,dn11,37.78929,-122.426797,1
15,54,5,dn13;dn15,37.739611,-122.492203,2
15,55,4,dn11,37.78929,-122.426797,1
15,55,5,dn13;dn14;dn15,37.739611,-122.492203,3
15,56,4,dn11,37.78929,-122.426797,1
15,56,5,dn13;dn14;dn15,37.739611,-122.492203,3
15,57,4,dn11,37.78929,-122.426797,1
15,57,5,dn13;dn14;dn15,37.739611,-122.492203,3
15,58,4,dn12,37.78929,-122.426797,1
15,58,5,dn13;dn14;dn15,37.739611,-122.492203,3
15,59,1,dn2,37.774524,-122.473656,1
15,59,4,dn12,37.78929,-122.426797,1
15,59,5,dn13;dn14;dn15,37.739611,-122.492203,3
15,60,1,dn2,37.774524,-122.473656,1
15,60,4,dn12,37.78929,-122.426797,1
15,60,5,dn13;dn14;dn15,37.739611,-122.492203,3
15,61,4,dn12,37.78929,-122.426797,1
15,61,5,dn13;dn14;dn15,37.739611,-122.492203,3
15,62,4,dn12,37.78929,-122.426797,1
15,62,5,dn13;dn14;dn15,37.739611,-122.492203,3
15,63,3,dn8,37.718779,-122.462401,1
15,63,4,dn12,37.78929,-122.426797,1
15,63,5,dn13;dn14;dn15,37.739611,-122.492203,3
15,64,4,dn12,37.78929,-122.426797,1
15,64,5,dn13;dn14;dn15,37.739611,-122.492203,3
15,65,4,dn12,37.78929,-122.426797,1
15,65,5,dn13;dn14;dn15,37.739611,-122.492203,3
15,66,3,dn7;dn9,37.718779,-122.462401,2
15,66,4,dn12,37.78929,-122.426797,1
15,66,5,dn13;dn14;dn15,37.739611,-122.492203,3
15,67,1,dn1,37.774524,-122.473656,1
15,67,3,dn9,37.718779,-122.462401,1
15,67,4,dn10,37.78929,-122.426797,1
15,67,5,dn13;dn14;dn15,37.739611,-122.492203,3
15,68,1,dn1,37.774524,-122.473656,1
15,68,3,dn9,37.718779,-122.462401,1
15,68,4,dn10,37.78929,-122.426797,1
15,68,5,dn13;dn14;dn15,37.739611,-122.492203,3
15,69,1,dn1,37.774524,-122.473656,1
15,69,3,dn9,37.718779,-122.462401,1
15,69,4,dn10,37.78929,-122.426797,1
15,69,5,dn13;dn14;dn15,37.739611,-122.492203,3
15,70,1,dn1,37.774524,-122.473656,1
15,70,2,dn6,37.751751,-122.410654,1
15,70,3,dn9,37.718779,-122.462401,1
15,70,4,dn10,37.78929,-122.426797,1
15,70,5,dn13;dn14;dn15,37.739611,-122.492203,3
15,71,1,dn1,37.774524,-122.473656,1
15,71,2,dn6,37.751751,-122.410654,1
15,71,3,dn9,37.718779,-122.462401,1
15,71,4,dn10,37.78929,-122.426797,1
15,71,5,dn13;dn14;dn15,37.739611,-122.492203,3
15,72,1,dn1;dn2,37.774524,-122.473656,2
15,72,2,dn6,37.751751,-122.410654,1
15,72,3,dn9,37.718779,-122.462401,1
15,72,4,dn10,37.78929,-122.426797,1
15,72,5,dn13;dn14;dn15,37.739611,-122.492203,3
15,73,1,dn1;dn2,37.774524,-122.473656,2
15,73,2,dn6,37.751751,-122.410654,1
15,73,3,dn9,37.718779,-122.462401,1
15,73,4,dn10,37.78929,-122.426797,1
15,73,5,dn13;dn14;dn15,37.739611,-122.492203,3
15,74,1,dn2,37.774524,-122.473656,1
15,74,2,dn4;dn6,37.751751,-122.410654,2
15,74,3,dn9,37.718779,-122.462401,1
15,74,4,dn10,37.78929,-122.426797,1
15,74,5,dn13;dn14;dn15,37.739611,-122.492203,3
15,75,2,dn4;dn6,37.751751,-122.410654,2
15,75,3,dn9,37.718779,-122.462401,1
15,75,4,dn10,37.78929,-122.426797,1
15,75,5,dn13;dn14;dn15,37.739611,-122.492203,3
15,76,2,dn6,37.751751,-122.410654,1
15,76,3,dn9,37.718779,-122.462401,1
15,76,4,dn10,37.78929,-122.426797,1
15,76,5,dn13;dn14;dn15,37.739611,-122.492203,3
15,77,1,dn3,37.774524,-122.473656,1
15,77,2,dn6,37.751751,-122.410654,1
15,77,3,dn9,37.718779,-122.462401,1
15,77,4,dn10;dn11,37.78929,-122.426797,2
15,77,5,dn13;dn14;dn15,37.739611,-122.492203,3
15,78,1,dn3,37.774524,-122.473656,1
15,78,2,dn6,37.751751,-122.410654,1
15,78,3,dn9,37.718779,-122.462401,1
15,78,4,dn10;dn11,37.78929,-122.426797,2
15,78,5,dn13;dn14;dn15,37.739611,-122.492203,3
15,79,1,dn3,37.774524,-122.473656,1
15,79,2,dn6,37.751751,-122.410654,1
15,79,3,dn9,37.718779,-122.462401,1
15,79,4,dn10;dn11,37.78929,-122.426797,2
15,79,5,dn13;dn14;dn15,37.739611,-122.492203,3
15,80,1,dn3,37.774524,-122.473656,1
15,80,3,dn9,37.718779,-122.462401,1
15,80,4,dn10;dn11,37.78929,-122.426797,2
15,80,5,dn13;dn14;dn15,37.739611,-122.492203,3
15,81,1,dn3,37.774524,-122.473656,1
15,81,3,dn9,37.718779,-122.462401,1
15,81,4,dn10;dn11,37.78929,-122.426797,2
15,81,5,dn13;dn14;dn15,37.739611,-122.492203,3
15,82,3,dn9,37.718779,-122.462401,1
15,82,4,dn10;dn11;dn12,37.78929,-122.426797,3
15,82,5,dn13;dn14;dn15,37.739611,-122.492203,3
15,83,2,dn5,37.751751,-122.410654,1
15,83,3,dn9,37.718779,-122.462401,1
15,83,4,dn10;dn11;dn12,37.78929,-122.426797,3
15,83,5,dn13;dn14;dn15,37.739611,-122.492203,3
15,84,2,dn5,37.751751,-122.410654,1
15,84,3,dn9,37.718779,-122.462401,1
15,84,4,dn10;dn11;dn12,37.78929,-122.426797,3
15,84,5,dn13;dn14;dn15,37.739611,-122.492203,3
15,85,2,dn5,37.751751,-122.410654,1
15,85,3,dn9,37.718779,-122.462401,1
15,85,4,dn10;dn11;dn12,37.78929,-122.426797,3
15,85,5,dn13;dn14;dn15,37.739611,-122.492203,3
15,86,3,dn9,37.718779,-122.462401,1
15,86,4,dn10;dn11;dn12,37.78929,-122.426797,3
15,86,5,dn13;dn14;dn15,37.739611,-122.492203,3
15,87,2,dn4,37.751751,-122.410654,1
15,87,3,dn9,37.718779,-122.462401,1
15,87,4,dn10;dn11;dn12,37.78929,-122.426797,3
15,87,5,dn13;dn14;dn15,37.739611,-122.492203,3
15,88,3,dn7;dn9,37.718779,-122.462401,2
15,88,4,dn10;dn11;dn12,37.78929,-122.426797,3
15,88,5,dn13;dn14;dn15,37.739611,-122.492203,3
15,89,3,dn7;dn9,37.718779,-122.462401,2
15,89,4,dn10;dn11;dn12,37.78929,-122.426797,3
15,89,5,dn13;dn14;dn15,37.739611,-122.492203,3
15,90,3,dn7;dn9,37.718779,-122.462401,2
15,90,4,dn11;dn12,37.78929,-122.426797,2
15,90,5,dn13;dn14;dn15,37.739611,-122.492203,3
15,91,1,dn1,37.774524,-122.473656,1
15,91,3,dn7;dn9,37.718779,-122.462401,2
15,91,4,dn11;dn12,37.78929,-122.426797,2
15,91,5,dn13;dn14;dn15,37.739611,-122.492203,3
15,92,1,dn1,37.774524,-122.473656,1
15,92,3,dn7;dn9,37.718779,-122.462401,2
15,92,4,dn11;dn12,37.78929,-122.426797,2
15,92,5,dn13;dn14;dn15,37.739611,-122.492203,3
15,93,1,dn1,37.774524,-122.473656,1
15,93,3,dn7;dn9,37.718779,-122.462401,2
15,93,4,dn12,37.78929,-122.426797,1
15,93,5,dn13;dn14;dn15,37.739611,-122.492203,3
15,94,1,dn1,37.774524,-122.473656,1
15,94,3,dn7;dn9,37.718779,-122.462401,2
15,94,4,dn12,37.78929,-122.426797,1
15,94,5,dn13;dn14;dn15,37.739611,-122.492203,3
15,95,1,dn1,37.774524,-122.473656,1
15,95,3,dn7;dn9,37.718779,-122.462401,2
15,95,4,dn12,37.78929,-122.426797,1
15,95,5,dn13;dn14;dn15,37.739611,-122.492203,3
15,96,1,dn1,37.774524,-122.473656,1
15,96,3,dn7;dn9,37.718779,-122.462401,2
15,96,4,dn12,37.78929,-122.426797,1
15,96,5,dn13;dn14;dn15,37.739611,-122.492203,3
15,97,1,dn1,37.774524,-122.473656,1
15,97,3,dn7;dn9,37.718779,-122.462401,2
15,97,4,dn12,37.78929,-122.426797,1
15,97,5,dn13;dn14;dn15,37.739611,-122.492203,3
15,98,1,dn1,37.774524,-122.473656,1
15,98,3,dn7;dn9,37.718779,-122.462401,2
15,98,4,dn12,37.78929,-122.426797,1
15,98,5,dn13;dn14;dn15,37.739611,-122.492203,3
15,99,1,dn1,37.774524,-122.473656,1
15,99,3,dn9,37.718779,-122.462401,1
15,99,4,dn12,37.78929,-122.426797,1
15,99,5,dn13;dn14;dn15,37.739611,-122.492203,3
16,0,1,dn1;dn2;dn3,37.774524,-122.473656,3
16,0,2,dn4;dn5;dn6,37.751751,-122.410654,3
16,0,3,dn7;dn8;dn9,37.718779,-122.462401,3
16,0,4,dn10;dn11;dn12,37.78929,-122.426797,3
16,0,5,dn13;dn14;dn15,37.739611,-122.492203,3
16,9,3,dn9,37.718779,-122.462401,1
16,11,3,dn8,37.718779,-122.462401,1
16,13,5,dn14,37.739611,-122.492203,1
16,14,2,dn6,37.751751,-122.410654,1
16,14,4,dn11,37.78929,-122.426797,1
16,14,5,dn15,37.739611,-122.492203,1
16,16,1,dn1,37.774524,-122.473656,1
16,16,4,dn12,37.78929,-122.426797,1
16,18,5,dn13,37.739611,-122.492203,1
16,19,1,dn3,37.774524,-122.473656,1
16,20,3,dn7,37.718779,-122.462401,1
16,20,4,dn10,37.78929,-122.426797,1
16,22,5,dn13,37.739611,-122.492203,1
16,23,5,dn13,37.739611,-122.492203,1
16,24,1,dn1,37.774524,-122.473656,1
16,24,5,dn13,37.739611,-122.492203,1
16,25,1,dn1,37.774524,-122.473656,1
16,25,5,dn13;dn14,37.739611,-122.492203,2
16,26,1,dn1,37.774524,-122.473656,1
16,26,5,dn13;dn14;dn15,37.739611,-122.492203,3
16,27,1,dn1,37.774524,-122.473656,1
16,27,5,dn13;dn14;dn15,37.739611,-122.492203,3
16,28,1,dn1;dn3,37.774524,-122.473656,2
16,28,5,dn13;dn14;dn15,37.739611,-122.492203,3
16,29,1,dn1;dn3,37.774524,-122.473656,2
16,29,5,dn13;dn14;dn15,37.739611,-122.492203,3
16,30,1,dn1;dn3,37.774524,-122.473656,2
16,30,5,dn13;dn14;dn15,37.739611,-122.492203,3
16,31,1,dn3,37.774524,-122.473656,1
16,31,5,dn13;dn14;dn15,37.739611,-122.492203,3
16,32,1,dn2;dn3,37.774524,-122.473656,2
16,32,5,dn13;dn14;dn15,37.739611,-122.492203,3
16,33,1,dn2;dn3,37.774524,-122.473656,2
16,33,5,dn13;dn14;dn15,37.739611,-122.492203,3
16,34,1,dn3,37.774524,-122.473656,1
16,34,5,dn13;dn14;dn15,37.739611,-122.492203,3
16,35,1,dn3,37.774524,-122.473656,1
16,35,5,dn13;dn14;dn15,37.739611,-122.492203,3
16,36,1,dn3,37.774524,-122.473656,1
16,36,2,dn6,37.751751,-122.410654,1
16,36,5,dn13;dn14;dn15,37.739611,-122.492203,3
16,37,5,dn13;dn14;dn15,37.739611,-122.492203,3
16,38,2,dn4,37.751751,-122.410654,1
16,38,5,dn14;dn15,37.739611,-122.492203,2
16,39,5,dn14;dn15,37.739611,-122.492203,2
16,40,5,dn14;dn15,37.739611,-122.492203,2
16,41,5,dn14;dn15,37.739611,-122.492203,2
16,42,4,dn12,37.78929,-122.426797,1
16,42,5,dn15,37.739611,-122.492203,1
16,43,3,dn9,37.718779,-122.462401,1
16,43,5,dn15,37.739611,-122.492203,1
16,44,2,dn5,37.751751,-122.410654,1
16,47,1,dn2,37.774524,-122.473656,1
16,47,3,dn8,37.718779,-122.462401,1
16,48,1,dn2,37.774524,-122.473656,1
16,49,5,dn13,37.739611,-122.492203,1
16,50,5,dn14,37.739611,-122.492203,1
16,51,5,dn14,37.739611,-122.492203,1
16,56,2,dn6,37.751751,-122.410654,1
16,56,5,dn15,37.739611,-122.492203,1
16,64,2,dn4,37.751751,-122.410654,1
16,64,3,dn7,37.718779,-122.462401,1
16,65,5,dn13,37.739611,-122.492203,1
16,66,4,dn10;dn11,37.78929,-122.426797,2
16,66,5,dn15,37.739611,-122.492203,1
16,67,5,dn14,37.739611,-122.492203,1
16,68,2,dn5,37.751751,-122.410654,1
16,68,5,dn14,37.739611,-122.492203,1
16,69,5,dn14,37.739611,-122.492203,1
16,70,5,dn14,37.739611,-122.492203,1
16,71,5,dn14,37.739611,-122.492203,1
16,76,1,dn2,37.774524,-122.473656,1
16,77,3,dn9,37.718779,-122.462401,1
16,78,1,dn1,37.774524,-122.473656,1
16,78,3,dn7,37.718779,-122.462401,1
16,78,4,dn11,37.78929,-122.426797,1
16,79,5,dn13,37.739611,-122.492203,1
16,81,5,dn14,37.739611,-122.492203,1
16,82,5,dn15,37.739611,-122.492203,1
16,86,1,dn3,37.774524,-122.473656,1
16,91,5,dn13,37.739611,-122.492203,1
16,92,2,dn4;dn6,37.751751,-122.410654,2
16,92,5,dn15,37.739611,-122.492203,1
16,97,3,dn8,37.718779,-122.462401,1
17,0,1,dn1;dn2;dn3,37.774524,-122.473656,3
17,0,2,dn4;dn5;dn6,37.751751,-122.410654,3
17,0,3,dn7;dn8;dn9,37.718779,-122.462401,3
17,0,4,dn10;dn11;dn12,37.78929,-122.426797,3
17,0,5,dn13;dn14;dn15,37.739611,-122.492203,3
17,10,3,dn7;dn9,37.718779,-122.462401,2
17,10,5,dn15,37.739611,-122.492203,1
17,12,1,dn2,37.774524,-122.473656,1
17,12,5,dn14,37.739611,-122.492203,1
17,14,5,dn13,37.739611,-122.492203,1
17,16,3,dn7;dn9,37.718779,-122.462401,2
17,16,5,dn15,37.739611,-122.492203,1
17,17,5,dn15,37.739611,-122.492203,1
17,18,1,dn3,37.774524,-122.473656,1
17,18,2,dn6,37.751751,-122.410654,1
17,18,5,dn15,37.739611,-122.492203,1
17,20,1,dn1,37.774524,-122.473656,1
17,20,2,dn4,37.751751,-122.410654,1
17,20,3,dn8,37.718779,-122.462401,1
17,21,3,dn8,37.718779,-122.462401,1
17,22,3,dn8,37.718779,-122.462401,1
17,23,3,dn8,37.718779,-122.462401,1
17,24,3,dn8,37.718779,-122.462401,1
17,25,3,dn8,37.718779,-122.462401,1
17,26,1,dn2,37.774524,-122.473656,1
17,26,5,dn13,37.739611,-122.492203,1
17,27,5,dn13,37.739611,-122.492203,1
17,28,5,dn13,37.739611,-122.492203,1
17,29,5,dn13;dn15,37.739611,-122.492203,2
17,30,3,dn9,37.718779,-122.462401,1
17,30,5,dn13;dn15,37.739611,-122.492203,2
17,31,3,dn9,37.718779,-122.462401,1
17,31,5,dn13;dn15,37.739611,-122.492203,2
17,32,1,dn1,37.774524,-122.473656,1
17,32,3,dn9,37.718779,-122.462401,1
17,32,5,dn13;dn14;dn15,37.739611,-122.492203,3
17,33,3,dn9,37.718779,-122.462401,1
17,33,5,dn13;dn14;dn15,37.739611,-122.492203,3
17,34,3,dn7,37.718779,-122.462401,1
17,34,5,dn13;dn14;dn15,37.739611,-122.492203,3
17,35,3,dn7,37.718779,-122.462401,1
17,35,5,dn13;dn14;dn15,37.739611,-122.492203,3
17,36,5,dn13;dn14;dn15,37.739611,-122.492203,3
17,37,5,dn13;dn14;dn15,37.739611,-122.492203,3
17,38,2,dn5,37.751751,-122.410654,1
17,38,4,dn11;dn12,37.78929,-122.426797,2
17,38,5,dn13;dn14;dn15,37.739611,-122.492203,3
17,39,4,dn11;dn12,37.78929,-122.426797,2
17,39,5,dn13;dn14;dn15,37.739611,-122.492203,3
17,40,4,dn11;dn12,37.78929,-122.426797,2
17,40,5,dn13;dn14;dn15,37.739611,-122.492203,3
17,41,4,dn12,37.78929,-122.426797,1
17,41,5,dn13;dn14;dn15,37.739611,-122.492203,3
17,42,5,dn13;dn14;dn15,37.739611,-122.492203,3
17,43,5,dn13;dn14;dn15,37.739611,-122.492203,3
17,44,5,dn13;dn14;dn15,37.739611,-122.492203,3
17,45,5,dn13;dn14;dn15,37.739611,-122.492203,3
17,46,1,dn3,37.774524,-122.473656,1
17,46,4,dn10,37.78929,-122.426797,1
17,46,5,dn14;dn15,37.739611,-122.492203,2
17,47,1,dn3,37.774524,-122.473656,1
17,47,3,dn8,37.718779,-122.462401,1
17,47,5,dn15,37.739611,-122.492203,1
17,48,2,dn4,37.751751,-122.410654,1
17,48,3,dn8,37.718779,-122.462401,1
17,48,5,dn15,37.739611,-122.492203,1
17,49,2,dn4,37.751751,-122.410654,1
17,49,3,dn8,37.718779,-122.462401,1
17,49,5,dn15,37.739611,-122.492203,1
17,50,2,dn4,37.751751,-122.410654,1
17,50,3,dn8,37.718779,-122.462401,1
17,50,5,dn15,37.739611,-122.492203,1
17,51,2,dn4,37.751751,-122.410654,1
17,51,3,dn8,37.718779,-122.462401,1
17,51,5,dn15,37.739611,-122.492203,1
17,52,3,dn8;dn9,37.718779,-122.462401,2
17,52,5,dn15,37.739611,-122.492203,1
17,53,3,dn8;dn9,37.718779,-122.462401,2
17,53,5,dn15,37.739611,-122.492203,1
17,54,2,dn5,37.751751,-122.410654,1
17,54,3,dn8;dn9,37.718779,-122.462401,2
17,54,5,dn15,37.739611,-122.492203,1
17,55,2,dn5,37.751751,-122.410654,1
17,55,3,dn8;dn9,37.718779,-122.462401,2
17,55,5,dn15,37.739611,-122.492203,1
17,56,2,dn5,37.751751,-122.410654,1
17,56,3,dn8;dn9,37.718779,-122.462401,2
17,56,5,dn14,37.739611,-122.492203,1
17,57,3,dn8;dn9,37.718779,-122.462401,2
17,57,5,dn14,37.739611,-122.492203,1
17,58,1,dn2,37.774524,-122.473656,1
17,58,3,dn8;dn9,37.718779,-122.462401,2
17,58,5,dn14,37.739611,-122.492203,1
17,59,1,dn2,37.774524,-122.473656,1
17,59,3,dn9,37.718779,-122.462401,1
17,59,4,dn12,37.78929,-122.426797,1
17,59,5,dn14,37.739611,-122.492203,1
17,60,1,dn2,37.774524,-122.473656,1
17,60,2,dn6,37.751751,-122.410654,1
17,60,3,dn9,37.718779,-122.462401,1
17,60,4,dn12,37.78929,-122.426797,1
17,60,5,dn14,37.739611,-122.492203,1
17,61,1,dn2;dn3,37.774524,-122.473656,2
17,61,2,dn6,37.751751,-122.410654,1
17,61,3,dn9,37.718779,-122.462401,1
17,61,4,dn12,37.78929,-122.426797,1
17,61,5,dn14,37.739611,-122.492203,1
17,62,1,dn3,37.774524,-122.473656,1
17,62,2,dn6,37.751751,-122.410654,1
17,62,3,dn9,37.718779,-122.462401,1
17,62,4,dn12,37.78929,-122.426797,1
17,62,5,dn14,37.739611,-122.492203,1
17,63,1,dn3,37.774524,-122.473656,1
17,63,2,dn6,37.751751,-122.410654,1
17,63,3,dn7;dn9,37.718779,-122.462401,2
17,63,4,dn12,37.78929,-122.426797,1
17,63,5,dn14,37.739611,-122.492203,1
17,64,1,dn3,37.774524,-122.473656,1
17,64,2,dn6,37.751751,-122.410654,1
17,64,3,dn7;dn9,37.718779,-122.462401,2
17,64,4,dn11;dn12,37.78929,-122.426797,2
17,64,5,dn14,37.739611,-122.492203,1
17,65,2,dn6,37.751751,-122.410654,1
17,65,3,dn7;dn9,37.718779,-122.462401,2
17,65,4,dn11;dn12,37.78929,-122.426797,2
17,65,5,dn14,37.739611,-122.492203,1
17,66,3,dn7;dn9,37.718779,-122.462401,2
17,66,4,dn11;dn12,37.78929,-122.426797,2
17,66,5,dn14,37.739611,-122.492203,1
17,67,3,dn9,37.718779,-122.462401,1
17,67,4,dn11;dn12,37.78929,-122.426797,2
17,67,5,dn14,37.739611,-122.492203,1
17,68,4,dn11;dn12,37.78929,-122.426797,2
17,68,5,dn14,37.739611,-122.492203,1
17,69,2,dn5,37.751751,-122.410654,1
17,69,4,dn12,37.78929,-122.426797,1
17,69,5,dn13;dn14,37.739611,-122.492203,2
17,70,2,dn5,37.751751,-122.410654,1
17,70,4,dn12,37.78929,-122.426797,1
17,70,5,dn13;dn14,37.739611,-122.492203,2
17,71,2,dn5,37.751751,-122.410654,1
17,71,4,dn12,37.78929,-122.426797,1
17,71,5,dn13;dn14,37.739611,-122.492203,2
17,72,2,dn5,37.751751,-122.410654,1
17,72,4,dn12,37.78929,-122.426797,1
17,72,5,dn13;dn14,37.739611,-122.492203,2
17,73,3,dn7,37.718779,-122.462401,1
17,73,4,dn12,37.78929,-122.426797,1
17,73,5,dn13;dn14,37.739611,-122.492203,2
17,74,3,dn8,37.718779,-122.462401,1
17,74,4,dn12,37.78929,-122.426797,1
17,74,5,dn13;dn14,37.739611,-122.492203,2
17,75,3,dn8,37.718779,-122.462401,1
17,75,4,dn12,37.78929,-122.426797,1
17,75,5,dn13;dn14,37.739611,-122.492203,2
17,76,1,dn1,37.774524,-122.473656,1
17,76,3,dn8,37.718779,-122.462401,1
17,76,4,dn12,37.78929,-122.426797,1
17,76,5,dn13;dn14,37.739611,-122.492203,2
17,77,3,dn8,37.718779,-122.462401,1
17,77,4,dn12,37.78929,-122.426797,1
17,77,5,dn13;dn14,37.739611,-122.492203,2
17,78,1,dn3,37.774524,-122.473656,1
17,78,2,dn6,37.751751,-122.410654,1
17,78,3,dn8,37.718779,-122.462401,1
17,78,4,dn10;dn12,37.78929,-122.426797,2
17,78,5,dn13;dn14,37.739611,-122.492203,2
17,79,1,dn2,37.774524,-122.473656,1
17,79,2,dn6,37.751751,-122.410654,1
17,79,3,dn8,37.718779,-122.462401,1
17,79,4,dn10;dn12,37.78929,-122.426797,2
17,79,5,dn13;dn14;dn15,37.739611,-122.492203,3
17,80,1,dn2,37.774524,-122.473656,1
17,80,2,dn6,37.751751,-122.410654,1
17,80,3,dn8;dn9,37.718779,-122.462401,2
17,80,4,dn10;dn12,37.78929,-122.426797,2
17,80,5,dn13;dn14;dn15,37.739611,-122.492203,3
17,81,1,dn2,37.774524,-122.473656,1
17,81,2,dn6,37.751751,-122.410654,1
17,81,3,dn9,37.718779,-122.462401,1
17,81,4,dn10;dn12,37.78929,-122.426797,2
17,81,5,dn13;dn14;dn15,37.739611,-122.492203,3
17,82,1,dn2,37.774524,-122.473656,1
17,82,2,dn6,37.751751,-122.410654,1
17,82,3,dn7;dn9,37.718779,-122.462401,2
17,82,4,dn10;dn12,37.78929,-122.426797,2
17,82,5,dn13;dn14;dn15,37.739611,-122.492203,3
17,83,1,dn2,37.774524,-122.473656,1
17,83,2,dn6,37.751751,-122.410654,1
17,83,3,dn7;dn9,37.718779,-122.462401,2
17,83,4,dn10;dn12,37.78929,-122.426797,2
17,83,5,dn13;dn14;dn15,37.739611,-122.492203,3
17,84,1,dn2,37.774524,-122.473656,1
17,84,2,dn6,37.751751,-122.410654,1
17,84,3,dn7;dn9,37.718779,-122.462401,2
17,84,4,dn10;dn12,37.78929,-122.426797,2
17,84,5,dn13;dn14;dn15,37.739611,-122.492203,3
17,85,1,dn1;dn2,37.774524,-122.473656,2
17,85,2,dn6,37.751751,-122.410654,1
17,85,3,dn7;dn9,37.718779,-122.462401,2
17,85,4,dn10;dn12,37.78929,-122.426797,2
17,85,5,dn13;dn14;dn15,37.739611,-122.492203,3
17,86,1,dn1;dn2,37.774524,-122.473656,2
17,86,2,dn6,37.751751,-122.410654,1
17,86,3,dn7;dn9,37.718779,-122.462401,2
17,86,4,dn10;dn11;dn12,37.78929,-122.426797,3
17,86,5,dn13;dn14;dn15,37.739611,-122.492203,3
17,87,1,dn1;dn2,37.774524,-122.473656,2
17,87,2,dn4;dn6,37.751751,-122.410654,2
17,87,3,dn9,37.718779,-122.462401,1
17,87,4,dn10;dn11;dn12,37.78929,-122.426797,3
17,87,5,dn13;dn14;dn15,37.739611,-122.492203,3
17,88,1,dn2,37.774524,-122.473656,1
17,88,2,dn4;dn6,37.751751,-122.410654,2
17,88,3,dn9,37.718779,-122.462401,1
17,88,4,dn10;dn11;dn12,37.78929,-122.426797,3
17,88,5,dn13;dn14;dn15,37.739611,-122.492203,3
17,89,1,dn2,37.774524,-122.473656,1
17,89,2,dn4;dn6,37.751751,-122.410654,2
17,89,3,dn9,37.718779,-122.462401,1
17,89,4,dn10;dn11;dn12,37.78929,-122.426797,3
17,89,5,dn13;dn14;dn15,37.739611,-122.492203,3
17,90,1,dn2,37.774524,-122.473656,1
17,90,2,dn4;dn6,37.751751,-122.410654,2
17,90,3,dn9,37.718779,-122.462401,1
17,90,4,dn10;dn11;dn12,37.78929,-122.426797,3
17,90,5,dn13;dn14;dn15,37.739611,-122.492203,3
17,91,1,dn2,37.774524,-122.473656,1
17,91,2,dn4;dn6,37.751751,-122.410654,2
17,91,3,dn9,37.718779,-122.462401,1
17,91,4,dn10;dn11;dn12,37.78929,-122.426797,3
17,91,5,dn13;dn14;dn15,37.739611,-122.492203,3
17,92,1,dn2,37.774524,-122.473656,1
17,92,2,dn4;dn6,37.751751,-122.410654,2
17,92,3,dn9,37.718779,-122.462401,1
17,92,4,dn10;dn11;dn12,37.78929,-122.426797,3
17,92,5,dn13;dn14;dn15,37.739611,-122.492203,3
17,93,1,dn2,37.774524,-122.473656,1
17,93,2,dn6,37.751751,-122.410654,1
17,93,3,dn9,37.718779,-122.462401,1
17,93,4,dn10;dn11;dn12,37.78929,-122.426797,3
17,93,5,dn13;dn14;dn15,37.739611,-122.492203,3
17,94,1,dn3,37.774524,-122.473656,1
17,94,2,dn5;dn6,37.751751,-122.410654,2
17,94,3,dn9,37.718779,-122.462401,1
17,94,4,dn10;dn11;dn12,37.78929,-122.426797,3
17,94,5,dn13;dn14;dn15,37.739611,-122.492203,3
17,95,2,dn5;dn6,37.751751,-122.410654,2
17,95,3,dn9,37.718779,-122.462401,1
17,95,4,dn10;dn11;dn12,37.78929,-122.426797,3
17,95,5,dn13;dn14;dn15,37.739611,-122.492203,3
17,96,2,dn5;dn6,37.751751,-122.410654,2
17,96,3,dn9,37.718779,-122.462401,1
17,96,4,dn10;dn11;dn12,37.78929,-122.426797,3
17,96,5,dn13;dn14;dn15,37.739611,-122.492203,3
17,97,2,dn6,37.751751,-122.410654,1
17,97,3,dn9,37.718779,-122.462401,1
17,97,4,dn10;dn11;dn12,37.78929,-122.426797,3
17,97,5,dn13;dn14;dn15,37.739611,-122.492203,3
17,98,2,dn6,37.751751,-122.410654,1
17,98,3,dn9,37.718779,-122.462401,1
17,98,4,dn10;dn11;dn12,37.78929,-122.426797,3
17,98,5,dn13;dn14;dn15,37.739611,-122.492203,3
17,99,3,dn9,37.718779,-122.462401,1
17,99,4,dn10;dn11;dn12,37.78929,-122.426797,3
17,99,5,dn13;dn14;dn15,37.739611,-122.492203,3
18,0,1,dn1;dn2;dn3,37.774524,-122.473656,3
18,0,2,dn4;dn5;dn6,37.751751,-122.410654,3
18,0,3,dn7;dn8;dn9,37.718779,-122.462401,3
18,0,4,dn10;dn11;dn12,37.78929,-122.426797,3
18,0,5,dn13;dn14;dn15,37.739611,-122.492203,3
18,8,3,dn8,37.718779,-122.462401,1
18,8,5,dn13,37.739611,-122.492203,1
18,10,3,dn9,37.718779,-122.462401,1
18,11,1,dn3,37.774524,-122.473656,1
18,12,2,dn4,37.751751,-122.410654,1
18,13,5,dn14,37.739611,-122.492203,1
18,16,5,dn13,37.739611,-122.492203,1
18,17,5,dn15,37.739611,-122.492203,1
18,20,1,dn2,37.774524,-122.473656,1
18,22,3,dn7,37.718779,-122.462401,1
18,23,5,dn14,37.739611,-122.492203,1
18,24,2,dn5,37.751751,-122.410654,1
18,24,3,dn8,37.718779,-122.462401,1
18,24,5,dn14,37.739611,-122.492203,1
18,25,3,dn8,37.718779,-122.462401,1
18,25,5,dn14,37.739611,-122.492203,1
18,26,3,dn8,37.718779,-122.462401,1
18,26,5,dn14,37.739611,-122.492203,1
18,27,3,dn8,37.718779,-122.462401,1
18,27,5,dn14,37.739611,-122.492203,1
18,28,4,dn10,37.78929,-122.426797,1
18,28,5,dn14,37.739611,-122.492203,1
18,29,5,dn14,37.739611,-122.492203,1
18,30,3,dn9,37.718779,-122.462401,1
18,30,4,dn12,37.78929,-122.426797,1
18,30,5,dn14,37.739611,-122.492203,1
18,31,5,dn14;dn15,37.739611,-122.492203,2
18,32,5,dn14;dn15,37.739611,-122.492203,2
18,33,5,dn14;dn15,37.739611,-122.492203,2
18,34,5,dn13;dn14;dn15,37.739611,-122.492203,3
18,35,5,dn14;dn15,37.739611,-122.492203,2
18,36,1,dn1,37.774524,-122.473656,1
18,36,5,dn14;dn15,37.739611,-122.492203,2
18,37,5,dn14;dn15,37.739611,-122.492203,2
18,38,5,dn15,37.739611,-122.492203,1
18,39,5,dn15,37.739611,-122.492203,1
18,40,2,dn6,37.751751,-122.410654,1
18,40,3,dn8,37.718779,-122.462401,1
18,40,5,dn15,37.739611,-122.492203,1
18,41,3,dn8,37.718779,-122.462401,1
18,41,5,dn15,37.739611,-122.492203,1
18,42,5,dn15,37.739611,-122.492203,1
18,43,5,dn15,37.739611,-122.492203,1
18,44,4,dn11,37.78929,-122.426797,1
18,44,5,dn15,37.739611,-122.492203,1
18,46,2,dn4,37.751751,-122.410654,1
18,47,1,dn3,37.774524,-122.473656,1
18,50,1,dn2,37.774524,-122.473656,1
18,52,3,dn9,37.718779,-122.462401,1
18,52,4,dn10,37.78929,-122.426797,1
18,52,5,dn13;dn15,37.739611,-122.492203,2
18,53,5,dn15,37.739611,-122.492203,1
18,54,5,dn14;dn15,37.739611,-122.492203,2
18,55,5,dn14;dn15,37.739611,-122.492203,2
18,56,2,dn5,37.751751,-122.410654,1
18,56,5,dn14;dn15,37.739611,-122.492203,2
18,57,5,dn15,37.739611,-122.492203,1
18,58,3,dn7,37.718779,-122.462401,1
18,58,5,dn15,37.739611,-122.492203,1
18,59,3,dn7,37.718779,-122.462401,1
18,59,5,dn15,37.739611,-122.492203,1
18,60,3,dn7,37.718779,-122.462401,1
18,60,5,dn15,37.739611,-122.492203,1
18,61,3,dn7,37.718779,-122.462401,1
18,61,5,dn15,37.739611,-122.492203,1
18,62,3,dn7,37.718779,-122.462401,1
18,62,5,dn15,37.739611,-122.492203,1
18,63,3,dn7,37.718779,-122.462401,1
18,64,3,dn7,37.718779,-122.462401,1
18,65,3,dn7,37.718779,-122.462401,1
18,65,5,dn13,37.739611,-122.492203,1
18,66,3,dn7;dn9,37.718779,-122.462401,2
18,66,5,dn13,37.739611,-122.492203,1
18,67,3,dn7;dn9,37.718779,-122.462401,2
18,67,5,dn13,37.739611,-122.492203,1
18,68,3,dn7;dn9,37.718779,-122.462401,2
18,68,5,dn13,37.739611,-122.492203,1
18,69,3,dn7;dn9,37.718779,-122.462401,2
18,69,5,dn13,37.739611,-122.492203,1
18,70,3,dn9,37.718779,-122.462401,1
18,70,4,dn12,37.78929,-122.426797,1
18,70,5,dn13;dn14,37.739611,-122.492203,2
18,71,3,dn9,37.718779,-122.462401,1
18,71,5,dn13;dn14,37.739611,-122.492203,2
18,72,3,dn9,37.718779,-122.462401,1
18,72,4,dn11,37.78929,-122.426797,1
18,72,5,dn13;dn14,37.739611,-122.492203,2
18,73,3,dn9,37.718779,-122.462401,1
18,73,5,dn14,37.739611,-122.492203,1
18,74,1,dn1,37.774524,-122.473656,1
18,74,3,dn9,37.718779,-122.462401,1
18,74,4,dn10,37.78929,-122.426797,1
18,74,5,dn14;dn15,37.739611,-122.492203,2
18,75,3,dn9,37.718779,-122.462401,1
18,75,5,dn14;dn15,37.739611,-122.492203,2
18,76,3,dn9,37.718779,-122.462401,1
18,76,5,dn14;dn15,37.739611,-122.492203,2
18,77,3,dn9,37.718779,-122.462401,1
18,77,5,dn14;dn15,37.739611,-122.492203,2
18,78,3,dn9,37.718779,-122.462401,1
18,78,5,dn14;dn15,37.739611,-122.492203,2
18,79,3,dn8,37.718779,-122.462401,1
18,79,5,dn14;dn15,37.739611,-122.492203,2
18,80,3,dn8,37.718779,-122.462401,1
18,80,5,dn15,37.739611,-122.492203,1
18,81,3,dn8,37.718779,-122.462401,1
18,82,2,dn4,37.751751,-122.410654,1
18,82,3,dn8,37.718779,-122.462401,1
18,83,2,dn4,37.751751,-122.410654,1
18,83,3,dn8,37.718779,-122.462401,1
18,84,2,dn5;dn6,37.751751,-122.410654,2
18,84,3,dn8,37.718779,-122.462401,1
18,84,5,dn13,37.739611,-122.492203,1
18,85,1,dn3,37.774524,-122.473656,1
18,85,2,dn6,37.751751,-122.410654,1
18,85,3,dn8,37.718779,-122.462401,1
18,86,2,dn6,37.751751,-122.410654,1
18,86,3,dn8,37.718779,-122.462401,1
18,87,2,dn6,37.751751,-122.410654,1
18,87,3,dn8,37.718779,-122.462401,1
18,88,1,dn2,37.774524,-122.473656,1
18,88,2,dn6,37.751751,-122.410654,1
18,88,3,dn8,37.718779,-122.462401,1
18,89,3,dn8,37.718779,-122.462401,1
18,90,3,dn8,37.718779,-122.462401,1
18,91,3,dn8,37.718779,-122.462401,1
18,92,3,dn8;dn9,37.718779,-122.462401,2
18,92,5,dn14,37.739611,-122.492203,1
18,93,3,dn8;dn9,37.718779,-122.462401,2
18,94,3,dn8;dn9,37.718779,-122.462401,2
18,95,3,dn8;dn9,37.718779,-122.462401,2
18,96,3,dn8;dn9,37.718779,-122.462401,2
18,96,5,dn13,37.739611,-122.492203,1
18,97,2,dn4,37.751751,-122.410654,1
18,97,3,dn8;dn9,37.718779,-122.462401,2
18,98,2,dn4,37.751751,-122.410654,1
18,98,3,dn8;dn9,37.718779,-122.462401,2
18,99,3,dn8;dn9,37.718779,-122.462401,2
19,0,1,dn1;dn2;dn3,37.774524,-122.473656,3
19,0,2,dn4;dn5;dn6,37.751751,-122.410654,3
19,0,3,dn7;dn8;dn9,37.718779,-122.462401,3
19,0,4,dn10;dn11;dn12,37.78929,-122.426797,3
19,0,5,dn13;dn14;dn15,37.739611,-122.492203,3
19,8,5,dn13,37.739611,-122.492203,1
19,9,3,dn8,37.718779,-122.462401,1
19,14,3,dn9,37.718779,-122.462401,1
19,15,5,dn15,37.739611,-122.492203,1
19,16,1,dn3,37.774524,-122.473656,1
19,16,4,dn10,37.78929,-122.426797,1
19,18,1,dn1,37.774524,-122.473656,1
19,18,2,dn6,37.751751,-122.410654,1
19,20,5,dn13,37.739611,-122.492203,1
19,22,1,dn2,37.774524,-122.473656,1
19,24,4,dn12,37.78929,-122.426797,1
19,24,5,dn14,37.739611,-122.492203,1
19,29,5,dn15,37.739611,-122.492203,1
19,30,3,dn7,37.718779,-122.462401,1
19,31,3,dn8,37.718779,-122.462401,1
19,32,3,dn8,37.718779,-122.462401,1
19,32,4,dn11,37.78929,-122.426797,1
19,33,3,dn8,37.718779,-122.462401,1
19,34,2,dn5,37.751751,-122.410654,1
19,36,1,dn3,37.774524,-122.473656,1
19,36,2,dn4,37.751751,-122.410654,1
19,36,4,dn10,37.78929,-122.426797,1
19,38,5,dn14,37.739611,-122.492203,1
19,39,5,dn14,37.739611,-122.492203,1
19,40,1,dn2,37.774524,-122.473656,1
19,40,3,dn9,37.718779,-122.462401,1
19,40,5,dn14,37.739611,-122.492203,1
19,41,3,dn9,37.718779,-122.462401,1
19,41,5,dn14,37.739611,-122.492203,1
19,42,1,dn1,37.774524,-122.473656,1
19,42,3,dn9,37.718779,-122.462401,1
19,42,5,dn14,37.739611,-122.492203,1
19,43,1,dn1,37.774524,-122.473656,1
19,43,5,dn14;dn15,37.739611,-122.492203,2
19,44,1,dn1,37.774524,-122.473656,1
19,44,2,dn6,37.751751,-122.410654,1
19,44,5,dn14;dn15,37.739611,-122.492203,2
19,45,1,dn1,37.774524,-122.473656,1
19,45,2,dn6,37.751751,-122.410654,1
19,45,5,dn14;dn15,37.739611,-122.492203,2
19,46,1,dn1,37.774524,-122.473656,1
19,46,2,dn6,37.751751,-122.410654,1
19,46,3,dn8,37.718779,-122.462401,1
19,46,5,dn14;dn15,37.739611,-122.492203,2
19,47,1,dn1,37.774524,-122.473656,1
19,47,3,dn8,37.718779,-122.462401,1
19,47,5,dn14;dn15,37.739611,-122.492203,2
19,48,1,dn1,37.774524,-122.473656,1
19,48,3,dn8,37.718779,-122.462401,1
19,48,5,dn13;dn14;dn15,37.739611,-122.492203,3
19,49,3,dn8,37.718779,-122.462401,1
19,49,5,dn13;dn14;dn15,37.739611,-122.492203,3
19,50,3,dn8,37.718779,-122.462401,1
19,50,5,dn13;dn14;dn15,37.739611,-122.492203,3
19,51,3,dn8,37.718779,-122.462401,1
19,51,5,dn13;dn14;dn15,37.739611,-122.492203,3
19,52,3,dn7;dn8,37.718779,-122.462401,2
19,52,5,dn13;dn14;dn15,37.739611,-122.492203,3
19,53,3,dn7;dn8,37.718779,-122.462401,2
19,53,5,dn13;dn14;dn15,37.739611,-122.492203,3
19,54,3,dn7;dn8,37.718779,-122.462401,2
19,54,5,dn13;dn14;dn15,37.739611,-122.492203,3
19,55,3,dn7;dn8,37.718779,-122.462401,2
19,55,5,dn13;dn14;dn15,37.739611,-122.492203,3
19,56,3,dn7;dn8,37.718779,-122.462401,2
19,56,5,dn14;dn15,37.739611,-122.492203,2
19,57,3,dn7;dn8,37.718779,-122.462401,2
19,57,5,dn14;dn15,37.739611,-122.492203,2
19,58,2,dn5,37.751751,-122.410654,1
19,58,3,dn7;dn8;dn9,37.718779,-122.462401,3
19,58,5,dn14;dn15,37.739611,-122.492203,2
19,59,3,dn7;dn8;dn9,37.718779,-122.462401,3
19,59,5,dn14;dn15,37.739611,-122.492203,2
19,60,1,dn3,37.774524,-122.473656,1
19,60,3,dn7;dn8;dn9,37.718779,-122.462401,3
19,60,5,dn14;dn15,37.739611,-122.492203,2
19,61,1,dn1,37.774524,-122.473656,1
19,61,3,dn7;dn8;dn9,37.718779,-122.462401,3
19,61,5,dn14;dn15,37.739611,-122.492203,2
19,62,1,dn2,37.774524,-122.473656,1
19,62,2,dn4,37.751751,-122.410654,1
19,62,3,dn7;dn8;dn9,37.718779,-122.462401,3
19,62,4,dn11;dn12,37.78929,-122.426797,2
19,62,5,dn14;dn15,37.739611,-122.492203,2
19,63,3,dn7;dn8;dn9,37.718779,-122.462401,3
19,63,4,dn12,37.78929,-122.426797,1
19,63,5,dn15,37.739611,-122.492203,1
19,64,3,dn8;dn9,37.718779,-122.462401,2
19,64,4,dn12,37.78929,-122.426797,1
19,64,5,dn15,37.739611,-122.492203,1
19,65,3,dn9,37.718779,-122.462401,1
19,65,4,dn12,37.78929,-122.426797,1
19,65,5,dn15,37.739611,-122.492203,1
19,66,3,dn9,37.718779,-122.462401,1
19,66,4,dn12,37.78929,-122.426797,1
19,66,5,dn15,37.739611,-122.492203,1
19,67,3,dn9,37.718779,-122.462401,1
19,67,4,dn12,37.78929,-122.426797,1
19,67,5,dn15,37.739611,-122.492203,1
19,68,3,dn9,37.718779,-122.462401,1
19,68,4,dn12,37.78929,-122.426797,1
19,68,5,dn15,37.739611,-122.492203,1
19,69,3,dn9,37.718779,-122.462401,1
19,69,4,dn12,37.78929,-122.426797,1
19,69,5,dn15,37.739611,-122.492203,1
19,70,4,dn10;dn12,37.78929,-122.426797,2
19,70,5,dn15,37.739611,-122.492203,1
19,71,4,dn12,37.78929,-122.426797,1
19,71,5,dn15,37.739611,-122.492203,1
19,72,4,dn12,37.78929,-122.426797,1
19,72,5,dn15,37.739611,-122.492203,1
19,73,4,dn12,37.78929,-122.426797,1
19,73,5,dn13,37.739611,-122.492203,1
19,74,2,dn6,37.751751,-122.410654,1
19,74,5,dn13,37.739611,-122.492203,1
19,75,2,dn6,37.751751,-122.410654,1
19,75,5,dn13,37.739611,-122.492203,1
19,76,1,dn3,37.774524,-122.473656,1
19,76,2,dn6,37.751751,-122.410654,1
19,76,5,dn13,37.739611,-122.492203,1
19,77,2,dn6,37.751751,-122.410654,1
19,77,5,dn13,37.739611,-122.492203,1
19,78,2,dn6,37.751751,-122.410654,1
19,78,5,dn13,37.739611,-122.492203,1
19,79,2,dn6,37.751751,-122.410654,1
19,80,2,dn6,37.751751,-122.410654,1
19,80,3,dn9,37.718779,-122.462401,1
19,80,5,dn14;dn15,37.739611,-122.492203,2
19,81,2,dn6,37.751751,-122.410654,1
19,81,3,dn9,37.718779,-122.462401,1
19,81,5,dn15,37.739611,-122.492203,1
19,82,2,dn6,37.751751,-122.410654,1
19,82,3,dn9,37.718779,-122.462401,1
19,82,5,dn15,37.739611,-122.492203,1
19,83,2,dn6,37.751751,-122.410654,1
19,83,5,dn15,37.739611,-122.492203,1
19,84,2,dn5;dn6,37.751751,-122.410654,2
19,85,2,dn5;dn6,37.751751,-122.410654,2
19,85,3,dn7,37.718779,-122.462401,1
19,86,1,dn2,37.774524,-122.473656,1
19,86,2,dn5;dn6,37.751751,-122.410654,2
19,86,3,dn7;dn8,37.718779,-122.462401,2
19,87,2,dn5;dn6,37.751751,-122.410654,2
19,87,3,dn7;dn8,37.718779,-122.462401,2
19,88,2,dn5;dn6,37.751751,-122.410654,2
19,88,3,dn8,37.718779,-122.462401,1
19,89,2,dn6,37.751751,-122.410654,1
19,89,3,dn8,37.718779,-122.462401,1
19,90,2,dn6,37.751751,-122.410654,1
19,90,3,dn8,37.718779,-122.462401,1
19,91,2,dn6,37.751751,-122.410654,1
19,91,3,dn8,37.718779,-122.462401,1
19,92,1,dn3,37.774524,-122.473656,1
19,92,2,dn6,37.751751,-122.410654,1
19,92,3,dn9,37.718779,-122.462401,1
19,93,2,dn6,37.751751,-122.410654,1
19,94,2,dn6,37.751751,-122.410654,1
19,95,5,dn15,37.739611,-122.492203,1
19,96,4,dn11,37.78929,-122.426797,1
19,96,5,dn15,37.739611,-122.492203,1
19,97,4,dn12,37.78929,-122.426797,1
19,97,5,dn15,37.739611,-122.492203,1
19,98,4,dn12,37.78929,-122.426797,1
19,98,5,dn14,37.739611,-122.492203,1
19,99,4,dn12,37.78929,-122.426797,1
19,99,5,dn14,37.739611,-122.492203,1
20,0,1,dn1;dn2;dn3,37.774524,-122.473656,3
20,0,2,dn4;dn5;dn6,37.751751,-122.410654,3
20,0,3,dn7;dn8;dn9,37.718779,-122.462401,3
20,0,4,dn10;dn11;dn12,37.78929,-122.426797,3
20,0,5,dn13;dn14;dn15,37.739611,-122.492203,3
20,9,5,dn15,37.739611,-122.492203,1
20,10,5,dn13,37.739611,-122.492203,1
20,13,5,dn14,37.739611,-122.492203,1
20,16,1,dn1,37.774524,-122.473656,1
20,16,3,dn7,37.718779,-122.462401,1
20,17,5,dn15,37.739611,-122.492203,1
20,18,1,dn2;dn3,37.774524,-122.473656,2
20,18,3,dn8,37.718779,-122.462401,1
20,21,5,dn14,37.739611,-122.492203,1
20,22,4,dn10,37.78929,-122.426797,1
20,22,5,dn14,37.739611,-122.492203,1
20,24,2,dn4,37.751751,-122.410654,1
20,26,4,dn11,37.78929,-122.426797,1
20,26,5,dn13,37.739611,-122.492203,1
20,27,5,dn13,37.739611,-122.492203,1
20,28,2,dn5,37.751751,-122.410654,1
20,28,4,dn12,37.78929,-122.426797,1
20,28,5,dn13,37.739611,-122.492203,1
20,29,2,dn5,37.751751,-122.410654,1
20,29,4,dn12,37.78929,-122.426797,1
20,29,5,dn13,37.739611,-122.492203,1
20,30,2,dn6,37.751751,-122.410654,1
20,30,4,dn12,37.78929,-122.426797,1
20,30,5,dn13,37.739611,-122.492203,1
20,31,2,dn6,37.751751,-122.410654,1
20,31,4,dn12,37.78929,-122.426797,1
20,31,5,dn13,37.739611,-122.492203,1
20,32,2,dn6,37.751751,-122.410654,1
20,32,4,dn12,37.78929,-122.426797,1
20,33,2,dn6,37.751751,-122.410654,1
20,33,4,dn12,37.78929,-122.426797,1
20,33,5,dn14;dn15,37.739611,-122.492203,2
20,34,2,dn6,37.751751,-122.410654,1
20,34,4,dn12,37.78929,-122.426797,1
20,34,5,dn14;dn15,37.739611,-122.492203,2
20,35,2,dn6,37.751751,-122.410654,1
20,35,4,dn12,37.78929,-122.426797,1
20,35,5,dn14;dn15,37.739611,-122.492203,2
20,36,2,dn6,37.751751,-122.410654,1
20,36,4,dn12,37.78929,-122.426797,1
20,36,5,dn14;dn15,37.739611,-122.492203,2
20,37,2,dn6,37.751751,-122.410654,1
20,37,4,dn12,37.78929,-122.426797,1
20,37,5,dn14;dn15,37.739611,-122.492203,2
20,38,3,dn7,37.718779,-122.462401,1
20,38,4,dn12,37.78929,-122.426797,1
20,38,5,dn14;dn15,37.739611,-122.492203,2
20,39,3,dn7,37.718779,-122.462401,1
20,39,4,dn12,37.78929,-122.426797,1
20,39,5,dn14;dn15,37.739611,-122.492203,2
20,40,3,dn7,37.718779,-122.462401,1
20,40,4,dn12,37.78929,-122.426797,1
20,40,5,dn14;dn15,37.739611,-122.492203,2
20,41,3,dn7,37.718779,-122.462401,1
20,41,4,dn12,37.78929,-122.426797,1
20,41,5,dn14;dn15,37.739611,-122.492203,2
20,42,1,dn3,37.774524,-122.473656,1
20,42,3,dn7;dn8,37.718779,-122.462401,2
20,42,4,dn12,37.78929,-122.426797,1
20,42,5,dn14;dn15,37.739611,-122.492203,2
20,43,3,dn7;dn8,37.718779,-122.462401,2
20,43,4,dn12,37.78929,-122.426797,1
20,43,5,dn14;dn15,37.739611,-122.492203,2
20,44,3,dn7;dn8,37.718779,-122.462401,2
20,44,5,dn14;dn15,37.739611,-122.492203,2
20,45,3,dn7;dn8,37.718779,-122.462401,2
20,45,5,dn13;dn14;dn15,37.739611,-122.492203,3
20,46,3,dn7;dn8,37.718779,-122.462401,2
20,46,5,dn13;dn14;dn15,37.739611,-122.492203,3
20,47,2,dn5,37.751751,-122.410654,1
20,47,3,dn7;dn8,37.718779,-122.462401,2
20,47,5,dn13;dn14;dn15,37.739611,-122.492203,3
20,48,2,dn4,37.751751,-122.410654,1
20,48,3,dn7;dn8,37.718779,-122.462401,2
20,48,5,dn13;dn14;dn15,37.739611,-122.492203,3
20,49,2,dn4,37.751751,-122.410654,1
20,49,3,dn8,37.718779,-122.462401,1
20,49,5,dn13;dn14;dn15,37.739611,-122.492203,3
20,50,3,dn8,37.718779,-122.462401,1
20,50,5,dn13;dn14;dn15,37.739611,-122.492203,3
20,51,3,dn8,37.718779,-122.462401,1
20,51,5,dn13;dn14;dn15,37.739611,-122.492203,3
20,52,3,dn8,37.718779,-122.462401,1
20,52,5,dn13;dn14;dn15,37.739611,-122.492203,3
20,53,3,dn8,37.718779,-122.462401,1
20,53,5,dn14;dn15,37.739611,-122.492203,2
20,54,5,dn14;dn15,37.739611,-122.492203,2
20,55,5,dn14;dn15,37.739611,-122.492203,2
20,56,3,dn9,37.718779,-122.462401,1
20,56,5,dn15,37.739611,-122.492203,1
20,57,5,dn15,37.739611,-122.492203,1
20,58,1,dn1,37.774524,-122.473656,1
20,58,3,dn7,37.718779,-122.462401,1
20,58,5,dn15,37.739611,-122.492203,1
20,59,3,dn7,37.718779,-122.462401,1
20,59,5,dn15,37.739611,-122.492203,1
20,60,3,dn7,37.718779,-122.462401,1
20,60,5,dn15,37.739611,-122.492203,1
20,61,3,dn7,37.718779,-122.462401,1
20,61,5,dn15,37.739611,-122.492203,1
20,62,3,dn7,37.718779,-122.462401,1
20,62,4,dn11,37.78929,-122.426797,1
20,63,3,dn7;dn8,37.718779,-122.462401,2
20,63,4,dn12,37.78929,-122.426797,1
20,64,1,dn3,37.774524,-122.473656,1
20,64,3,dn7;dn8,37.718779,-122.462401,2
20,64,4,dn10;dn12,37.78929,-122.426797,2
20,65,1,dn3,37.774524,-122.473656,1
20,65,3,dn7;dn8,37.718779,-122.462401,2
20,65,4,dn10;dn12,37.78929,-122.426797,2
20,66,1,dn3,37.774524,-122.473656,1
20,66,3,dn7;dn8,37.718779,-122.462401,2
20,66,4,dn10;dn12,37.78929,-122.426797,2
20,67,1,dn3,37.774524,-122.473656,1
20,67,3,dn8,37.718779,-122.462401,1
20,67,4,dn10;dn12,37.78929,-122.426797,2
20,68,1,dn2;dn3,37.774524,-122.473656,2
20,68,3,dn8,37.718779,-122.462401,1
20,68,4,dn10;dn12,37.78929,-122.426797,2
20,68,5,dn13,37.739611,-122.492203,1
20,69,1,dn2;dn3,37.774524,-122.473656,2
20,69,2,dn4,37.751751,-122.410654,1
20,69,3,dn8,37.718779,-122.462401,1
20,69,4,dn10;dn12,37.78929,-122.426797,2
20,69,5,dn13,37.739611,-122.492203,1
20,70,1,dn2;dn3,37.774524,-122.473656,2
20,70,2,dn4,37.751751,-122.410654,1
20,70,3,dn8,37.718779,-122.462401,1
20,70,4,dn10;dn12,37.78929,-122.426797,2
20,70,5,dn13,37.739611,-122.492203,1
20,71,1,dn2;dn3,37.774524,-122.473656,2
20,71,2,dn4,37.751751,-122.410654,1
20,71,3,dn8,37.718779,-122.462401,1
20,71,4,dn10;dn12,37.78929,-122.426797,2
20,71,5,dn13,37.739611,-122.492203,1
20,72,1,dn3,37.774524,-122.473656,1
20,72,2,dn4,37.751751,-122.410654,1
20,72,3,dn8,37.718779,-122.462401,1
20,72,4,dn10;dn12,37.78929,-122.426797,2
20,72,5,dn13;dn14,37.739611,-122.492203,2
20,73,1,dn3,37.774524,-122.473656,1
20,73,2,dn4,37.751751,-122.410654,1
20,73,3,dn8,37.718779,-122.462401,1
20,73,4,dn10;dn12,37.78929,-122.426797,2
20,73,5,dn13;dn14,37.739611,-122.492203,2
20,74,1,dn3,37.774524,-122.473656,1
20,74,2,dn4,37.751751,-122.410654,1
20,74,3,dn8,37.718779,-122.462401,1
20,74,4,dn10;dn12,37.78929,-122.426797,2
20,74,5,dn13;dn14,37.739611,-122.492203,2
20,75,1,dn3,37.774524,-122.473656,1
20,75,3,dn8,37.718779,-122.462401,1
20,75,4,dn10;dn12,37.78929,-122.426797,2
20,75,5,dn13;dn14,37.739611,-122.492203,2
20,76,3,dn8,37.718779,-122.462401,1
20,76,4,dn10;dn12,37.78929,-122.426797,2
20,76,5,dn13;dn14,37.739611,-122.492203,2
20,77,3,dn7;dn8,37.718779,-122.462401,2
20,77,4,dn10;dn12,37.78929,-122.426797,2
20,77,5,dn13;dn14,37.739611,-122.492203,2
20,78,3,dn8,37.718779,-122.462401,1
20,78,4,dn10;dn12,37.78929,-122.426797,2
20,78,5,dn13;dn14,37.739611,-122.492203,2
20,79,3,dn8,37.718779,-122.462401,1
20,79,4,dn10;dn12,37.78929,-122.426797,2
20,79,5,dn13;dn14,37.739611,-122.492203,2
20,80,3,dn8,37.718779,-122.462401,1
20,80,4,dn12,37.78929,-122.426797,1
20,80,5,dn13;dn14,37.739611,-122.492203,2
20,81,3,dn8,37.718779,-122.462401,1
20,81,4,dn12,37.78929,-122.426797,1
20,81,5,dn13;dn14,37.739611,-122.492203,2
20,82,4,dn12,37.78929,-122.426797,1
20,82,5,dn13;dn14,37.739611,-122.492203,2
20,83,1,dn3,37.774524,-122.473656,1
20,83,4,dn12,37.78929,-122.426797,1
20,83,5,dn13;dn14;dn15,37.739611,-122.492203,3
20,84,4,dn12,37.78929,-122.426797,1
20,84,5,dn13;dn14;dn15,37.739611,-122.492203,3
20,85,2,dn6,37.751751,-122.410654,1
20,85,4,dn12,37.78929,-122.426797,1
20,85,5,dn13;dn14;dn15,37.739611,-122.492203,3
20,86,1,dn1,37.774524,-122.473656,1
20,86,3,dn9,37.718779,-122.462401,1
20,86,4,dn12,37.78929,-122.426797,1
20,86,5,dn14;dn15,37.739611,-122.492203,2
20,87,3,dn9,37.718779,-122.462401,1
20,87,4,dn12,37.78929,-122.426797,1
20,87,5,dn14;dn15,37.739611,-122.492203,2
20,88,3,dn9,37.718779,-122.462401,1
20,88,4,dn12,37.78929,-122.426797,1
20,88,5,dn14;dn15,37.739611,-122.492203,2
20,89,3,dn9,37.718779,-122.462401,1
20,89,4,dn12,37.78929,-122.426797,1
20,89,5,dn14;dn15,37.739611,-122.492203,2
20,90,3,dn9,37.718779,-122.462401,1
20,90,4,dn12,37.78929,-122.426797,1
20,90,5,dn14;dn15,37.739611,-122.492203,2
20,91,2,dn5,37.751751,-122.410654,1
20,91,3,dn9,37.718779,-122.462401,1
20,91,4,dn12,37.78929,-122.426797,1
20,91,5,dn14;dn15,37.739611,-122.492203,2
20,92,2,dn5,37.751751,-122.410654,1
20,92,4,dn12,37.78929,-122.426797,1
20,92,5,dn14;dn15,37.739611,-122.492203,2
20,93,3,dn7,37.718779,-122.462401,1
20,93,4,dn12,37.78929,-122.426797,1
20,93,5,dn14;dn15,37.739611,-122.492203,2
20,94,3,dn7,37.718779,-122.462401,1
20,94,4,dn12,37.78929,-122.426797,1
20,94,5,dn14;dn15,37.739611,-122.492203,2
20,95,3,dn7,37.718779,-122.462401,1
20,95,4,dn12,37.78929,-122.426797,1
20,95,5,dn14;dn15,37.739611,-122.492203,2
20,96,4,dn12,37.78929,-122.426797,1
20,96,5,dn13;dn14;dn15,37.739611,-122.492203,3
20,97,1,dn1,37.774524,-122.473656,1
20,97,4,dn12,37.78929,-122.426797,1
20,97,5,dn13;dn14;dn15,37.739611,-122.492203,3
20,98,1,dn1,37.774524,-122.473656,1
20,98,4,dn12,37.78929,-122.426797,1
20,98,5,dn13;dn14;dn15,37.739611,-122.492203,3
20,99,4,dn12,37.78929,-122.426797,1
20,99,5,dn13;dn14;dn15,37.739611,-122.492203,3
21,0,1,dn1;dn2;dn3,37.774524,-122.473656,3
21,0,2,dn4;dn5;dn6,37.751751,-122.410654,3
21,0,3,dn7;dn8;dn9,37.718779,-122.462401,3
21,0,4,dn10;dn11;dn12,37.78929,-122.426797,3
21,0,5,dn13;dn14;dn15,37.739611,-122.492203,3
21,8,5,dn13,37.739611,-122.492203,1
21,9,5,dn15,37.739611,-122.492203,1
21,11,5,dn14,37.739611,-122.492203,1
21,12,5,dn14,37.739611,-122.492203,1
21,13,1,dn1,37.774524,-122.473656,1
21,13,3,dn9,37.718779,-122.462401,1
21,13,5,dn14,37.739611,-122.492203,1
21,14,1,dn3,37.774524,-122.473656,1
21,14,5,dn14,37.739611,-122.492203,1
21,16,3,dn8,37.718779,-122.462401,1
21,18,3,dn7,37.718779,-122.462401,1
21,19,5,dn15,37.739611,-122.492203,1
21,24,5,dn14,37.739611,-122.492203,1
21,26,4,dn11;dn12,37.78929,-122.426797,2
21,26,5,dn13,37.739611,-122.492203,1
21,27,5,dn13,37.739611,-122.492203,1
21,28,5,dn13,37.739611,-122.492203,1
21,29,5,dn13,37.739611,-122.492203,1
21,30,3,dn7,37.718779,-122.462401,1
21,30,5,dn15,37.739611,-122.492203,1
21,31,3,dn7,37.718779,-122.462401,1
21,31,5,dn15,37.739611,-122.492203,1
21,32,5,dn15,37.739611,-122.492203,1
21,33,5,dn15,37.739611,-122.492203,1
21,34,2,dn6,37.751751,-122.410654,1
21,34,4,dn10,37.78929,-122.426797,1
21,36,1,dn2,37.774524,-122.473656,1
21,36,2,dn5,37.751751,-122.410654,1
21,39,3,dn9,37.718779,-122.462401,1
21,39,5,dn14,37.739611,-122.492203,1
21,40,5,dn13;dn14,37.739611,-122.492203,2
21,41,5,dn13;dn14,37.739611,-122.492203,2
21,42,5,dn13;dn14,37.739611,-122.492203,2
21,43,5,dn13;dn14,37.739611,-122.492203,2
21,44,2,dn6,37.751751,-122.410654,1
21,44,5,dn13;dn14,37.739611,-122.492203,2
21,45,5,dn13;dn14,37.739611,-122.492203,2
21,46,1,dn3,37.774524,-122.473656,1
21,46,2,dn4,37.751751,-122.410654,1
21,46,5,dn13;dn14,37.739611,-122.492203,2
21,47,5,dn14,37.739611,-122.492203,1
21,48,5,dn15,37.739611,-122.492203,1
21,49,5,dn15,37.739611,-122.492203,1
21,55,3,dn9,37.718779,-122.462401,1
21,58,4,dn11,37.78929,-122.426797,1
21,59,1,dn1,37.774524,-122.473656,1
21,59,4,dn11,37.78929,-122.426797,1
21,60,4,dn11,37.78929,-122.426797,1
21,62,1,dn2,37.774524,-122.473656,1
21,62,2,dn5,37.751751,-122.410654,1
21,63,1,dn2,37.774524,-122.473656,1
21,64,1,dn2,37.774524,-122.473656,1
21,64,5,dn13,37.739611,-122.492203,1
21,65,1,dn2,37.774524,-122.473656,1
21,65,5,dn13,37.739611,-122.492203,1
21,66,1,dn2,37.774524,-122.473656,1
21,66,3,dn8,37.718779,-122.462401,1
21,66,5,dn13;dn15,37.739611,-122.492203,2
21,67,1,dn2,37.774524,-122.473656,1
21,67,5,dn13;dn15,37.739611,-122.492203,2
21,68,1,dn2,37.774524,-122.473656,1
21,68,5,dn13;dn15,37.739611,-122.492203,2
21,69,3,dn7,37.718779,-122.462401,1
21,69,5,dn13;dn15,37.739611,-122.492203,2
21,70,5,dn13;dn15,37.739611,-122.492203,2
21,71,5,dn13;dn15,37.739611,-122.492203,2
21,72,5,dn13;dn15,37.739611,-122.492203,2
21,73,5,dn15,37.739611,-122.492203,1
21,74,1,dn3,37.774524,-122.473656,1
21,74,5,dn15,37.739611,-122.492203,1
21,75,1,dn3,37.774524,-122.473656,1
21,75,5,dn15,37.739611,-122.492203,1
21,76,5,dn15,37.739611,-122.492203,1
21,77,1,dn1,37.774524,-122.473656,1
21,77,5,dn14;dn15,37.739611,-122.492203,2
21,78,1,dn1,37.774524,-122.473656,1
21,78,5,dn14;dn15,37.739611,-122.492203,2
21,79,1,dn1,37.774524,-122.473656,1
21,79,3,dn9,37.718779,-122.462401,1
21,79,5,dn14;dn15,37.739611,-122.492203,2
21,80,1,dn1,37.774524,-122.473656,1
21,80,3,dn9,37.718779,-122.462401,1
21,80,5,dn14;dn15,37.739611,-122.492203,2
21,81,3,dn9,37.718779,-122.462401,1
21,81,5,dn14;dn15,37.739611,-122.492203,2
21,82,2,dn4,37.751751,-122.410654,1
21,82,5,dn14;dn15,37.739611,-122.492203,2
21,83,5,dn14;dn15,37.739611,-122.492203,2
21,84,5,dn14;dn15,37.739611,-122.492203,2
21,85,5,dn15,37.739611,-122.492203,1
21,86,4,dn12,37.78929,-122.426797,1
21,86,5,dn15,37.739611,-122.492203,1
21,87,5,dn15,37.739611,-122.492203,1
21,88,2,dn5,37.751751,-122.410654,1
21,88,4,dn10,37.78929,-122.426797,1
21,88,5,dn13;dn15,37.739611,-122.492203,2
21,89,5,dn13;dn15,37.739611,-122.492203,2
21,90,1,dn3,37.774524,-122.473656,1
21,90,5,dn13;dn15,37.739611,-122.492203,2
21,91,1,dn3,37.774524,-122.473656,1
21,91,5,dn13;dn15,37.739611,-122.492203,2
21,92,1,dn1,37.774524,-122.473656,1
21,92,5,dn13;dn15,37.739611,-122.492203,2
21,93,1,dn1,37.774524,-122.473656,1
21,93,5,dn13;dn15,37.739611,-122.492203,2
21,94,1,dn1,37.774524,-122.473656,1
21,94,5,dn15,37.739611,-122.492203,1
21,95,1,dn1,37.774524,-122.473656,1
21,95,5,dn15,37.739611,-122.492203,1
21,96,1,dn2,37.774524,-122.473656,1
21,96,4,dn11,37.78929,-122.426797,1
21,96,5,dn15,37.739611,-122.492203,1
21,97,1,dn2,37.774524,-122.473656,1
21,97,4,dn11,37.78929,-122.426797,1
21,98,1,dn2,37.774524,-122.473656,1
21,98,4,dn11,37.78929,-122.426797,1
21,99,1,dn2,37.774524,-122.473656,1
21,99,4,dn11,37.78929,-122.426797,1
22,0,1,dn1;dn2;dn3,37.774524,-122.473656,3
22,0,2,dn4;dn5;dn6,37.751751,-122.410654,3
22,0,3,dn7;dn8;dn9,37.718779,-122.462401,3
22,0,4,dn10;dn11;dn12,37.78929,-122.426797,3
22,0,5,dn13;dn14;dn15,37.739611,-122.492203,3
22,8,3,dn7,37.718779,-122.462401,1
22,12,3,dn9,37.718779,-122.462401,1
22,14,5,dn13;dn15,37.739611,-122.492203,2
22,16,1,dn2,37.774524,-122.473656,1
22,16,2,dn4,37.751751,-122.410654,1
22,17,5,dn14,37.739611,-122.492203,1
22,18,2,dn6,37.751751,-122.410654,1
22,22,3,dn8,37.718779,-122.462401,1
22,22,5,dn13,37.739611,-122.492203,1
22,24,1,dn1,37.774524,-122.473656,1
22,26,5,dn14,37.739611,-122.492203,1
22,30,1,dn3,37.774524,-122.473656,1
22,30,4,dn11,37.78929,-122.426797,1
22,32,5,dn15,37.739611,-122.492203,1
22,34,1,dn2,37.774524,-122.473656,1
22,34,2,dn5,37.751751,-122.410654,1
22,34,3,dn8,37.718779,-122.462401,1
22,35,3,dn8,37.718779,-122.462401,1
22,36,3,dn8,37.718779,-122.462401,1
22,36,4,dn12,37.78929,-122.426797,1
22,37,3,dn8,37.718779,-122.462401,1
22,38,3,dn7;dn8,37.718779,-122.462401,2
22,39,3,dn7;dn8,37.718779,-122.462401,2
22,40,3,dn7;dn8;dn9,37.718779,-122.462401,3
22,41,3,dn7;dn8;dn9,37.718779,-122.462401,3
22,42,3,dn7;dn8;dn9,37.718779,-122.462401,3
22,43,3,dn7;dn8;dn9,37.718779,-122.462401,3
22,44,3,dn7;dn8;dn9,37.718779,-122.462401,3
22,44,5,dn13;dn14,37.739611,-122.492203,2
22,45,3,dn8;dn9,37.718779,-122.462401,2
22,45,5,dn13;dn14,37.739611,-122.492203,2
22,46,2,dn6,37.751751,-122.410654,1
22,46,3,dn8;dn9,37.718779,-122.462401,2
22,46,5,dn14,37.739611,-122.492203,1
22,47,3,dn8;dn9,37.718779,-122.462401,2
22,47,5,dn14,37.739611,-122.492203,1
22,48,3,dn8;dn9,37.718779,-122.462401,2
22,48,4,dn10,37.78929,-122.426797,1
22,48,5,dn14;dn15,37.739611,-122.492203,2
22,49,3,dn8;dn9,37.718779,-122.462401,2
22,49,5,dn14;dn15,37.739611,-122.492203,2
22,50,1,dn3,37.774524,-122.473656,1
22,50,3,dn9,37.718779,-122.462401,1
22,50,5,dn14;dn15,37.739611,-122.492203,2
22,51,2,dn5,37.751751,-122.410654,1
22,51,3,dn9,37.718779,-122.462401,1
22,51,5,dn14;dn15,37.739611,-122.492203,2
22,52,2,dn5,37.751751,-122.410654,1
22,52,5,dn14;dn15,37.739611,-122.492203,2
22,53,2,dn5,37.751751,-122.410654,1
22,53,5,dn14;dn15,37.739611,-122.492203,2
22,54,2,dn5,37.751751,-122.410654,1
22,54,5,dn14;dn15,37.739611,-122.492203,2
22,55,2,dn5,37.751751,-122.410654,1
22,55,5,dn15,37.739611,-122.492203,1
22,56,2,dn5,37.751751,-122.410654,1
22,57,2,dn5,37.751751,-122.410654,1
22,58,2,dn5,37.751751,-122.410654,1
22,58,4,dn12,37.78929,-122.426797,1
22,59,2,dn5,37.751751,-122.410654,1
22,59,4,dn12,37.78929,-122.426797,1
22,60,2,dn5,37.751751,-122.410654,1
22,60,4,dn12,37.78929,-122.426797,1
22,60,5,dn13,37.739611,-122.492203,1
22,61,4,dn12,37.78929,-122.426797,1
22,61,5,dn13,37.739611,-122.492203,1
22,62,2,dn4,37.751751,-122.410654,1
22,62,4,dn12,37.78929,-122.426797,1
22,63,2,dn4,37.751751,-122.410654,1
22,63,4,dn12,37.78929,-122.426797,1
22,64,2,dn4,37.751751,-122.410654,1
22,64,4,dn12,37.78929,-122.426797,1
22,65,2,dn4,37.751751,-122.410654,1
22,65,3,dn9,37.718779,-122.462401,1
22,65,4,dn12,37.78929,-122.426797,1
22,66,2,dn4,37.751751,-122.410654,1
22,66,4,dn12,37.78929,-122.426797,1
22,67,2,dn4,37.751751,-122.410654,1
22,67,4,dn12,37.78929,-122.426797,1
22,68,1,dn1,37.774524,-122.473656,1
22,68,2,dn4,37.751751,-122.410654,1
22,68,4,dn12,37.78929,-122.426797,1
22,69,1,dn1,37.774524,-122.473656,1
22,69,2,dn4,37.751751,-122.410654,1
22,69,4,dn12,37.78929,-122.426797,1
22,70,1,dn1;dn2,37.774524,-122.473656,2
22,70,2,dn4,37.751751,-122.410654,1
22,70,4,dn12,37.78929,-122.426797,1
22,71,1,dn1;dn2,37.774524,-122.473656,2
22,71,2,dn4,37.751751,-122.410654,1
22,71,4,dn12,37.78929,-122.426797,1
22,72,1,dn1;dn2,37.774524,-122.473656,2
22,72,2,dn4,37.751751,-122.410654,1
22,72,3,dn7,37.718779,-122.462401,1
22,72,4,dn12,37.78929,-122.426797,1
22,72,5,dn13;dn15,37.739611,-122.492203,2
22,73,1,dn1;dn2,37.774524,-122.473656,2
22,73,2,dn4,37.751751,-122.410654,1
22,73,4,dn12,37.78929,-122.426797,1
22,73,5,dn13;dn14;dn15,37.739611,-122.492203,3
22,74,1,dn1;dn2,37.774524,-122.473656,2
22,74,2,dn4,37.751751,-122.410654,1
22,74,4,dn12,37.78929,-122.426797,1
22,74,5,dn14;dn15,37.739611,-122.492203,2
22,75,1,dn1;dn2,37.774524,-122.473656,2
22,75,3,dn9,37.718779,-122.462401,1
22,75,4,dn12,37.78929,-122.426797,1
22,75,5,dn14;dn15,37.739611,-122.492203,2
22,76,1,dn2,37.774524,-122.473656,1
22,76,3,dn9,37.718779,-122.462401,1
22,76,4,dn12,37.78929,-122.426797,1
22,76,5,dn14;dn15,37.739611,-122.492203,2
22,77,1,dn2,37.774524,-122.473656,1
22,77,4,dn12,37.78929,-122.426797,1
22,77,5,dn14;dn15,37.739611,-122.492203,2
22,78,1,dn2,37.774524,-122.473656,1
22,78,4,dn12,37.78929,-122.426797,1
22,78,5,dn14;dn15,37.739611,-122.492203,2
22,79,1,dn2,37.774524,-122.473656,1
22,79,4,dn12,37.78929,-122.426797,1
22,79,5,dn14;dn15,37.739611,-122.492203,2
22,80,1,dn2,37.774524,-122.473656,1
22,80,4,dn11;dn12,37.78929,-122.426797,2
22,80,5,dn14;dn15,37.739611,-122.492203,2
22,81,1,dn2,37.774524,-122.473656,1
22,81,4,dn12,37.78929,-122.426797,1
22,81,5,dn14;dn15,37.739611,-122.492203,2
22,82,4,dn12,37.78929,-122.426797,1
22,82,5,dn14;dn15,37.739611,-122.492203,2
22,83,3,dn8,37.718779,-122.462401,1
22,83,4,dn12,37.78929,-122.426797,1
22,83,5,dn14;dn15,37.739611,-122.492203,2
22,84,3,dn7,37.718779,-122.462401,1
22,84,4,dn12,37.78929,-122.426797,1
22,84,5,dn14;dn15,37.739611,-122.492203,2
22,85,3,dn7,37.718779,-122.462401,1
22,85,5,dn14;dn15,37.739611,-122.492203,2
22,86,1,dn3,37.774524,-122.473656,1
22,86,3,dn7;dn9,37.718779,-122.462401,2
22,86,5,dn14;dn15,37.739611,-122.492203,2
22,87,1,dn1,37.774524,-122.473656,1
22,87,3,dn9,37.718779,-122.462401,1
22,87,5,dn13;dn14;dn15,37.739611,-122.492203,3
22,88,3,dn9,37.718779,-122.462401,1
22,88,5,dn13;dn14;dn15,37.739611,-122.492203,3
22,89,3,dn9,37.718779,-122.462401,1
22,89,5,dn13;dn14;dn15,37.739611,-122.492203,3
22,90,5,dn13;dn14;dn15,37.739611,-122.492203,3
22,91,5,dn13;dn14;dn15,37.739611,-122.492203,3
22,92,5,dn13;dn14;dn15,37.739611,-122.492203,3
22,93,5,dn13;dn14;dn15,37.739611,-122.492203,3
22,94,4,dn10,37.78929,-122.426797,1
22,94,5,dn14;dn15,37.739611,-122.492203,2
22,95,4,dn10,37.78929,-122.426797,1
22,95,5,dn14;dn15,37.739611,-122.492203,2
22,96,4,dn10,37.78929,-122.426797,1
22,96,5,dn14;dn15,37.739611,-122.492203,2
22,97,4,dn10,37.78929,-122.426797,1
22,97,5,dn14;dn15,37.739611,-122.492203,2
22,98,4,dn10,37.78929,-122.426797,1
22,98,5,dn14;dn15,37.739611,-122.492203,2
22,99,5,dn14;dn15,37.739611,-122.492203,2
23,0,1,dn1;dn2;dn3,37.774524,-122.473656,3
23,0,2,dn4;dn5;dn6,37.751751,-122.410654,3
23,0,3,dn7;dn8;dn9,37.718779,-122.462401,3
23,0,4,dn10;dn11;dn12,37.78929,-122.426797,3
23,0,5,dn13;dn14;dn15,37.739611,-122.492203,3
23,8,5,dn15,37.739611,-122.492203,1
23,9,5,dn14,37.739611,-122.492203,1
23,10,3,dn7,37.718779,-122.462401,1
23,11,1,dn1,37.774524,-122.473656,1
23,11,3,dn8,37.718779,-122.462401,1
23,11,5,dn13,37.739611,-122.492203,1
23,15,5,dn14,37.739611,-122.492203,1
23,16,4,dn12,37.78929,-122.426797,1
23,16,5,dn15,37.739611,-122.492203,1
23,18,4,dn10,37.78929,-122.426797,1
23,20,1,dn3,37.774524,-122.473656,1
23,23,5,dn14,37.739611,-122.492203,1
23,27,5,dn13,37.739611,-122.492203,1
23,28,1,dn2,37.774524,-122.473656,1
23,28,3,dn9,37.718779,-122.462401,1
23,30,2,dn4;dn5,37.751751,-122.410654,2
23,31,5,dn14,37.739611,-122.492203,1
23,32,5,dn15,37.739611,-122.492203,1
23,33,5,dn15,37.739611,-122.492203,1
23,34,4,dn11,37.78929,-122.426797,1
23,34,5,dn15,37.739611,-122.492203,1
23,35,5,dn15,37.739611,-122.492203,1
23,36,1,dn3,37.774524,-122.473656,1
23,36,5,dn15,37.739611,-122.492203,1
23,37,3,dn8,37.718779,-122.462401,1
23,37,5,dn13;dn15,37.739611,-122.492203,2
23,38,3,dn7,37.718779,-122.462401,1
23,38,5,dn13;dn15,37.739611,-122.492203,2
23,39,5,dn13;dn15,37.739611,-122.492203,2
23,40,5,dn13;dn15,37.739611,-122.492203,2
23,41,5,dn13;dn15,37.739611,-122.492203,2
23,42,5,dn13;dn15,37.739611,-122.492203,2
23,43,5,dn13;dn15,37.739611,-122.492203,2
23,44,2,dn6,37.751751,-122.410654,1
23,44,3,dn9,37.718779,-122.462401,1
23,44,4,dn10,37.78929,-122.426797,1
23,44,5,dn15,37.739611,-122.492203,1
23,45,1,dn1,37.774524,-122.473656,1
23,45,4,dn10,37.78929,-122.426797,1
23,46,1,dn1,37.774524,-122.473656,1
23,46,4,dn10,37.78929,-122.426797,1
23,47,1,dn1,37.774524,-122.473656,1
23,47,4,dn10,37.78929,-122.426797,1
23,48,4,dn10,37.78929,-122.426797,1
23,50,1,dn2,37.774524,-122.473656,1
23,51,1,dn2,37.774524,-122.473656,1
23,52,1,dn2,37.774524,-122.473656,1
23,52,5,dn13,37.739611,-122.492203,1
23,53,5,dn13,37.739611,-122.492203,1
23,54,2,dn4,37.751751,-122.410654,1
23,54,4,dn11,37.78929,-122.426797,1
23,54,5,dn13,37.739611,-122.492203,1
23,57,5,dn14;dn15,37.739611,-122.492203,2
23,58,4,dn12,37.78929,-122.426797,1
23,58,5,dn15,37.739611,-122.492203,1
23,59,5,dn15,37.739611,-122.492203,1
23,60,5,dn15,37.739611,-122.492203,1
23,61,5,dn15,37.739611,-122.492203,1
23,62,1,dn3,37.774524,-122.473656,1
23,62,2,dn5,37.751751,-122.410654,1
23,63,1,dn1;dn3,37.774524,-122.473656,2
23,63,3,dn8,37.718779,-122.462401,1
23,64,1,dn1;dn3,37.774524,-122.473656,2
23,64,3,dn8,37.718779,-122.462401,1
23,65,1,dn1;dn3,37.774524,-122.473656,2
23,65,3,dn8,37.718779,-122.462401,1
23,66,1,dn1;dn3,37.774524,-122.473656,2
23,66,3,dn8,37.718779,-122.462401,1
23,67,1,dn1;dn3,37.774524,-122.473656,2
23,67,3,dn8,37.718779,-122.462401,1
23,67,5,dn14,37.739611,-122.492203,1
23,68,1,dn3,37.774524,-122.473656,1
23,68,3,dn7;dn8,37.718779,-122.462401,2
23,68,5,dn14,37.739611,-122.492203,1
23,69,1,dn3,37.774524,-122.473656,1
23,69,3,dn7;dn8,37.718779,-122.462401,2
23,69,5,dn14,37.739611,-122.492203,1
23,70,3,dn7;dn8;dn9,37.718779,-122.462401,3
23,70,5,dn13;dn14,37.739611,-122.492203,2
23,71,3,dn8;dn9,37.718779,-122.462401,2
23,71,5,dn13;dn14,37.739611,-122.492203,2
23,72,3,dn8;dn9,37.718779,-122.462401,2
23,72,5,dn13;dn14,37.739611,-122.492203,2
23,73,3,dn8;dn9,37.718779,-122.462401,2
23,73,5,dn13;dn14,37.739611,-122.492203,2
23,74,3,dn8;dn9,37.718779,-122.462401,2
23,74,5,dn13;dn14;dn15,37.739611,-122.492203,3
23,75,3,dn8;dn9,37.718779,-122.462401,2
23,75,5,dn13;dn14;dn15,37.739611,-122.492203,3
23,76,1,dn3,37.774524,-122.473656,1
23,76,2,dn5,37.751751,-122.410654,1
23,76,3,dn8;dn9,37.718779,-122.462401,2
23,76,5,dn13;dn14;dn15,37.739611,-122.492203,3
23,77,3,dn9,37.718779,-122.462401,1
23,77,5,dn13;dn14;dn15,37.739611,-122.492203,3
23,78,5,dn13;dn14;dn15,37.739611,-122.492203,3
23,79,5,dn14;dn15,37.739611,-122.492203,2
23,80,1,dn2,37.774524,-122.473656,1
23,80,2,dn6,37.751751,-122.410654,1
23,80,3,dn7,37.718779,-122.462401,1
23,80,5,dn14;dn15,37.739611,-122.492203,2
23,81,2,dn6,37.751751,-122.410654,1
23,81,3,dn7,37.718779,-122.462401,1
23,81,5,dn14;dn15,37.739611,-122.492203,2
23,82,2,dn6,37.751751,-122.410654,1
23,82,3,dn7,37.718779,-122.462401,1
23,82,5,dn14;dn15,37.739611,-122.492203,2
23,83,2,dn6,37.751751,-122.410654,1
23,83,3,dn7,37.718779,-122.462401,1
23,83,5,dn14;dn15,37.739611,-122.492203,2
23,84,2,dn6,37.751751,-122.410654,1
23,84,5,dn14;dn15,37.739611,-122.492203,2
23,85,5,dn14;dn15,37.739611,-122.492203,2
23,86,5,dn14;dn15,37.739611,-122.492203,2
23,87,1,dn1,37.774524,-122.473656,1
23,87,5,dn14;dn15,37.739611,-122.492203,2
23,88,1,dn1;dn3,37.774524,-122.473656,2
23,88,5,dn14;dn15,37.739611,-122.492203,2
23,89,1,dn1;dn3,37.774524,-122.473656,2
23,89,5,dn14;dn15,37.739611,-122.492203,2
23,90,1,dn1;dn3,37.774524,-122.473656,2
23,90,2,dn4,37.751751,-122.410654,1
23,90,5,dn15,37.739611,-122.492203,1
23,91,1,dn1;dn3,37.774524,-122.473656,2
23,91,3,dn8,37.718779,-122.462401,1
23,91,5,dn15,37.739611,-122.492203,1
23,92,1,dn1;dn3,37.774524,-122.473656,2
23,92,5,dn15,37.739611,-122.492203,1
23,93,1,dn1;dn3,37.774524,-122.473656,2
23,93,5,dn13;dn15,37.739611,-122.492203,2
23,94,1,dn1;dn3,37.774524,-122.473656,2
23,94,3,dn7,37.718779,-122.462401,1
23,94,4,dn10,37.78929,-122.426797,1
23,94,5,dn13;dn15,37.739611,-122.492203,2
23,95,1,dn1;dn3,37.774524,-122.473656,2
23,95,4,dn10,37.78929,-122.426797,1
23,95,5,dn13;dn15,37.739611,-122.492203,2
23,96,1,dn1;dn3,37.774524,-122.473656,2
23,96,4,dn10,37.78929,-122.426797,1
23,96,5,dn15,37.739611,-122.492203,1
23,97,1,dn1;dn3,37.774524,-122.473656,2
23,97,4,dn10,37.78929,-122.426797,1
23,97,5,dn15,37.739611,-122.492203,1
23,98,1,dn1;dn3,37.774524,-122.473656,2
23,98,2,dn5,37.751751,-122.410654,1
23,98,4,dn10,37.78929,-122.426797,1
23,98,5,dn15,37.739611,-122.492203,1
23,99,1,dn1;dn3,37.774524,-122.473656,2
23,99,4,dn10,37.78929,-122.426797,1
23,99,5,dn15,37.739611,-122.492203,1
24,0,1,dn1;dn2;dn3,37.774524,-122.473656,3
24,0,2,dn4;dn5;dn6,37.751751,-122.410654,3
24,0,3,dn7;dn8;dn9,37.718779,-122.462401,3
24,0,4,dn10;dn11;dn12,37.78929,-122.426797,3
24,0,5,dn13;dn14;dn15,37.739611,-122.492203,3
24,7,5,dn13,37.739611,-122.492203,1
24,13,3,dn8,37.718779,-122.462401,1
24,13,5,dn13,37.739611,-122.492203,1
24,14,1,dn2,37.774524,-122.473656,1
24,15,5,dn14,37.739611,-122.492203,1
24,18,5,dn15,37.739611,-122.492203,1
24,20,1,dn1,37.774524,-122.473656,1
24,20,4,dn10,37.78929,-122.426797,1
24,21,5,dn13,37.739611,-122.492203,1
24,25,3,dn8,37.718779,-122.462401,1
24,26,3,dn7,37.718779,-122.462401,1
24,28,3,dn9,37.718779,-122.462401,1
24,34,1,dn2;dn3,37.774524,-122.473656,2
24,34,2,dn6,37.751751,-122.410654,1
24,37,3,dn8,37.718779,-122.462401,1
24,37,5,dn14,37.739611,-122.492203,1
24,40,2,dn5,37.751751,-122.410654,1
24,40,3,dn9,37.718779,-122.462401,1
24,41,5,dn13,37.739611,-122.492203,1
24,42,5,dn13,37.739611,-122.492203,1
24,43,5,dn13,37.739611,-122.492203,1
24,44,5,dn13,37.739611,-122.492203,1
24,45,3,dn8,37.718779,-122.462401,1
24,45,5,dn13,37.739611,-122.492203,1
24,46,3,dn8,37.718779,-122.462401,1
24,46,4,dn11,37.78929,-122.426797,1
24,46,5,dn13;dn14;dn15,37.739611,-122.492203,3
24,47,3,dn8,37.718779,-122.462401,1
24,47,5,dn13;dn14;dn15,37.739611,-122.492203,3
24,48,3,dn8,37.718779,-122.462401,1
24,48,5,dn13;dn14;dn15,37.739611,-122.492203,3
24,49,3,dn8,37.718779,-122.462401,1
24,49,5,dn13;dn14;dn15,37.739611,-122.492203,3
24,50,2,dn4,37.751751,-122.410654,1
24,50,3,dn8;dn9,37.718779,-122.462401,2
24,50,4,dn12,37.78929,-122.426797,1
24,50,5,dn13;dn14;dn15,37.739611,-122.492203,3
24,51,3,dn8;dn9,37.718779,-122.462401,2
24,51,5,dn13;dn14;dn15,37.739611,-122.492203,3
24,52,1,dn2,37.774524,-122.473656,1
24,52,3,dn8;dn9,37.718779,-122.462401,2
24,52,5,dn13;dn14;dn15,37.739611,-122.492203,3
24,53,3,dn8;dn9,37.718779,-122.462401,2
24,53,5,dn13;dn14;dn15,37.739611,-122.492203,3
24,54,1,dn1,37.774524,-122.473656,1
24,54,3,dn8;dn9,37.718779,-122.462401,2
24,54,5,dn13;dn14;dn15,37.739611,-122.492203,3
24,55,1,dn1,37.774524,-122.473656,1
24,55,3,dn8;dn9,37.718779,-122.462401,2
24,55,5,dn13;dn14;dn15,37.739611,-122.492203,3
24,56,1,dn1;dn3,37.774524,-122.473656,2
24,56,3,dn8;dn9,37.718779,-122.462401,2
24,56,5,dn13;dn14;dn15,37.739611,-122.492203,3
24,57,1,dn1;dn3,37.774524,-122.473656,2
24,57,3,dn8;dn9,37.718779,-122.462401,2
24,57,5,dn13;dn14;dn15,37.739611,-122.492203,3
24,58,1,dn1;dn3,37.774524,-122.473656,2
24,58,2,dn6,37.751751,-122.410654,1
24,58,3,dn8;dn9,37.718779,-122.462401,2
24,58,4,dn10,37.78929,-122.426797,1
24,58,5,dn13;dn14;dn15,37.739611,-122.492203,3
24,59,1,dn1;dn3,37.774524,-122.473656,2
24,59,3,dn8;dn9,37.718779,-122.462401,2
24,59,5,dn13;dn14;dn15,37.739611,-122.492203,3
24,60,1,dn1;dn3,37.774524,-122.473656,2
24,60,3,dn8;dn9,37.718779,-122.462401,2
24,60,5,dn13;dn14;dn15,37.739611,-122.492203,3
24,61,1,dn3,37.774524,-122.473656,1
24,61,3,dn8;dn9,37.718779,-122.462401,2
24,61,5,dn13;dn14;dn15,37.739611,-122.492203,3
24,62,3,dn7;dn8;dn9,37.718779,-122.462401,3
24,62,5,dn13;dn14;dn15,37.739611,-122.492203,3
24,63,3,dn7;dn8;dn9,37.718779,-122.462401,3
24,63,5,dn13;dn14;dn15,37.739611,-122.492203,3
24,64,3,dn7;dn8;dn9,37.718779,-122.462401,3
24,64,5,dn14;dn15,37.739611,-122.492203,2
24,65,3,dn7;dn8;dn9,37.718779,-122.462401,3
24,65,5,dn14;dn15,37.739611,-122.492203,2
24,66,3,dn8;dn9,37.718779,-122.462401,2
24,66,5,dn14;dn15,37.739611,-122.492203,2
24,67,3,dn9,37.718779,-122.462401,1
24,67,5,dn14;dn15,37.739611,-122.492203,2
24,68,3,dn9,37.718779,-122.462401,1
24,68,5,dn14;dn15,37.739611,-122.492203,2
24,69,3,dn9,37.718779,-122.462401,1
24,69,5,dn14;dn15,37.739611,-122.492203,2
24,70,3,dn9,37.718779,-122.462401,1
24,70,5,dn14;dn15,37.739611,-122.492203,2
24,71,5,dn14;dn15,37.739611,-122.492203,2
24,72,5,dn14;dn15,37.739611,-122.492203,2
24,73,5,dn14;dn15,37.739611,-122.492203,2
24,74,1,dn3,37.774524,-122.473656,1
24,74,5,dn14;dn15,37.739611,-122.492203,2
24,75,1,dn3,37.774524,-122.473656,1
24,75,5,dn14;dn15,37.739611,-122.492203,2
24,76,1,dn3,37.774524,-122.473656,1
24,76,5,dn15,37.739611,-122.492203,1
24,77,1,dn3,37.774524,-122.473656,1
24,78,1,dn3,37.774524,-122.473656,1
24,78,2,dn5,37.751751,-122.410654,1
24,78,3,dn7;dn8,37.718779,-122.462401,2
24,79,1,dn3,37.774524,-122.473656,1
24,79,3,dn7;dn8;dn9,37.718779,-122.462401,3
24,80,1,dn1,37.774524,-122.473656,1
24,80,3,dn7;dn8;dn9,37.718779,-122.462401,3
24,81,1,dn1,37.774524,-122.473656,1
24,81,3,dn7;dn8;dn9,37.718779,-122.462401,3
24,82,3,dn7;dn8;dn9,37.718779,-122.462401,3
24,83,3,dn7;dn8;dn9,37.718779,-122.462401,3
24,84,1,dn2,37.774524,-122.473656,1
24,84,3,dn7;dn8;dn9,37.718779,-122.462401,3
24,84,4,dn11,37.78929,-122.426797,1
24,85,3,dn8;dn9,37.718779,-122.462401,2
24,85,4,dn11,37.78929,-122.426797,1
24,86,2,dn4,37.751751,-122.410654,1
24,86,3,dn8;dn9,37.718779,-122.462401,2
24,86,4,dn11,37.78929,-122.426797,1
24,86,5,dn15,37.739611,-122.492203,1
24,87,2,dn4,37.751751,-122.410654,1
24,87,3,dn8;dn9,37.718779,-122.462401,2
24,87,4,dn11,37.78929,-122.426797,1
24,87,5,dn14;dn15,37.739611,-122.492203,2
24,88,3,dn8;dn9,37.718779,-122.462401,2
24,88,4,dn11,37.78929,-122.426797,1
24,88,5,dn14;dn15,37.739611,-122.492203,2
24,89,3,dn9,37.718779,-122.462401,1
24,89,4,dn11,37.78929,-122.426797,1
24,89,5,dn14;dn15,37.739611,-122.492203,2
24,90,4,dn11,37.78929,-122.426797,1
24,90,5,dn14;dn15,37.739611,-122.492203,2
24,91,1,dn1,37.774524,-122.473656,1
24,91,4,dn11,37.78929,-122.426797,1
24,91,5,dn13;dn14;dn15,37.739611,-122.492203,3
24,92,4,dn11;dn12,37.78929,-122.426797,2
24,92,5,dn13;dn14;dn15,37.739611,-122.492203,3
24,93,4,dn11;dn12,37.78929,-122.426797,2
24,93,5,dn14;dn15,37.739611,-122.492203,2
24,94,4,dn11;dn12,37.78929,-122.426797,2
24,94,5,dn14;dn15,37.739611,-122.492203,2
24,95,4,dn11;dn12,37.78929,-122.426797,2
24,95,5,dn14;dn15,37.739611,-122.492203,2
24,96,2,dn5,37.751751,-122.410654,1
24,96,4,dn11;dn12,37.78929,-122.426797,2
24,96,5,dn14;dn15,37.739611,-122.492203,2
24,97,4,dn11;dn12,37.78929,-122.426797,2
24,97,5,dn14;dn15,37.739611,-122.492203,2
24,98,3,dn7,37.718779,-122.462401,1
24,98,4,dn11;dn12,37.78929,-122.426797,2
24,98,5,dn14;dn15,37.739611,-122.492203,2
24,99,3,dn7,37.718779,-122.462401,1
24,99,4,dn12,37.78929,-122.426797,1
24,99,5,dn14;dn15,37.739611,-122.492203,2
25,0,1,dn1;dn2;dn3,37.774524,-122.473656,3
25,0,2,dn4;dn5;dn6,37.751751,-122.410654,3
25,0,3,dn7;dn8;dn9,37.718779,-122.462401,3
25,0,4,dn10;dn11;dn12,37.78929,-122.426797,3
25,0,5,dn13;dn14;dn15,37.739611,-122.492203,3
25,9,3,dn8,37.718779,-122.462401,1
25,12,1,dn3,37.774524,-122.473656,1
25,14,5,dn13;dn14,37.739611,-122.492203,2
25,18,3,dn7;dn9,37.718779,-122.462401,2
25,18,5,dn15,37.739611,-122.492203,1
25,20,4,dn11,37.78929,-122.426797,1
25,21,3,dn8,37.718779,-122.462401,1
25,24,5,dn15,37.739611,-122.492203,1
25,26,2,dn5;dn6,37.751751,-122.410654,2
25,28,1,dn1,37.774524,-122.473656,1
25,28,4,dn12,37.78929,-122.426797,1
25,28,5,dn14,37.739611,-122.492203,1
25,30,3,dn9,37.718779,-122.462401,1
25,32,1,dn2,37.774524,-122.473656,1
25,34,5,dn13,37.739611,-122.492203,1
25,36,4,dn11,37.78929,-122.426797,1
25,36,5,dn14,37.739611,-122.492203,1
25,38,1,dn3,37.774524,-122.473656,1
25,40,2,dn4,37.751751,-122.410654,1
25,40,3,dn7,37.718779,-122.462401,1
25,40,4,dn10,37.78929,-122.426797,1
25,41,1,dn2,37.774524,-122.473656,1
25,41,2,dn4,37.751751,-122.410654,1
25,41,3,dn7;dn8,37.718779,-122.462401,2
25,41,4,dn10,37.78929,-122.426797,1
25,42,1,dn2,37.774524,-122.473656,1
25,42,2,dn6,37.751751,-122.410654,1
25,42,3,dn7;dn8,37.718779,-122.462401,2
25,42,4,dn10,37.78929,-122.426797,1
25,43,1,dn2,37.774524,-122.473656,1
25,43,2,dn6,37.751751,-122.410654,1
25,43,3,dn7;dn8,37.718779,-122.462401,2
25,43,4,dn10,37.78929,-122.426797,1
25,44,1,dn2,37.774524,-122.473656,1
25,44,2,dn6,37.751751,-122.410654,1
25,44,3,dn8,37.718779,-122.462401,1
25,44,4,dn10,37.78929,-122.426797,1
25,45,2,dn6,37.751751,-122.410654,1
25,45,3,dn8,37.718779,-122.462401,1
25,45,4,dn10,37.78929,-122.426797,1
25,46,3,dn8,37.718779,-122.462401,1
25,46,4,dn10;dn12,37.78929,-122.426797,2
25,46,5,dn15,37.739611,-122.492203,1
25,47,4,dn10;dn12,37.78929,-122.426797,2
25,47,5,dn15,37.739611,-122.492203,1
25,48,4,dn10;dn12,37.78929,-122.426797,2
25,48,5,dn15,37.739611,-122.492203,1
25,49,4,dn10;dn12,37.78929,-122.426797,2
25,49,5,dn14;dn15,37.739611,-122.492203,2
25,50,4,dn10;dn12,37.78929,-122.426797,2
25,50,5,dn13;dn14;dn15,37.739611,-122.492203,3
25,51,4,dn10;dn12,37.78929,-122.426797,2
25,51,5,dn14;dn15,37.739611,-122.492203,2
25,52,4,dn10;dn12,37.78929,-122.426797,2
25,52,5,dn14;dn15,37.739611,-122.492203,2
25,53,4,dn10;dn12,37.78929,-122.426797,2
25,53,5,dn14;dn15,37.739611,-122.492203,2
25,54,4,dn10;dn12,37.78929,-122.426797,2
25,54,5,dn15,37.739611,-122.492203,1
25,55,4,dn10;dn12,37.78929,-122.426797,2
25,55,5,dn15,37.739611,-122.492203,1
25,56,4,dn12,37.78929,-122.426797,1
25,56,5,dn15,37.739611,-122.492203,1
25,57,2,dn6,37.751751,-122.410654,1
25,57,4,dn12,37.78929,-122.426797,1
25,57,5,dn15,37.739611,-122.492203,1
25,58,1,dn3,37.774524,-122.473656,1
25,58,5,dn15,37.739611,-122.492203,1
25,59,1,dn2;dn3,37.774524,-122.473656,2
25,59,5,dn15,37.739611,-122.492203,1
25,60,1,dn2;dn3,37.774524,-122.473656,2
25,60,3,dn8,37.718779,-122.462401,1
25,60,5,dn13,37.739611,-122.492203,1
25,61,1,dn2;dn3,37.774524,-122.473656,2
25,61,3,dn7,37.718779,-122.462401,1
25,62,1,dn2;dn3,37.774524,-122.473656,2
25,63,1,dn3,37.774524,-122.473656,1
25,63,5,dn14,37.739611,-122.492203,1
25,64,1,dn3,37.774524,-122.473656,1
25,64,5,dn14,37.739611,-122.492203,1
25,65,1,dn3,37.774524,-122.473656,1
25,65,5,dn14,37.739611,-122.492203,1
25,66,1,dn3,37.774524,-122.473656,1
25,66,5,dn14,37.739611,-122.492203,1
25,67,1,dn3,37.774524,-122.473656,1
25,67,2,dn4,37.751751,-122.410654,1
25,67,5,dn14,37.739611,-122.492203,1
25,68,1,dn3,37.774524,-122.473656,1
25,68,3,dn9,37.718779,-122.462401,1
25,68,5,dn14,37.739611,-122.492203,1
25,69,1,dn3,37.774524,-122.473656,1
25,69,3,dn9,37.718779,-122.462401,1
25,69,5,dn14,37.739611,-122.492203,1
25,70,1,dn1,37.774524,-122.473656,1
25,70,3,dn9,37.718779,-122.462401,1
25,70,5,dn14,37.739611,-122.492203,1
25,71,3,dn9,37.718779,-122.462401,1
25,71,5,dn14,37.739611,-122.492203,1
25,72,3,dn9,37.718779,-122.462401,1
25,72,5,dn14,37.739611,-122.492203,1
25,73,3,dn9,37.718779,-122.462401,1
25,73,5,dn13;dn14;dn15,37.739611,-122.492203,3
25,74,3,dn9,37.718779,-122.462401,1
25,74,5,dn13;dn14;dn15,37.739611,-122.492203,3
25,75,3,dn9,37.718779,-122.462401,1
25,75,4,dn10,37.78929,-122.426797,1
25,75,5,dn13;dn14;dn15,37.739611,-122.492203,3
25,76,3,dn9,37.718779,-122.462401,1
25,76,5,dn13;dn14;dn15,37.739611,-122.492203,3
25,77,5,dn13;dn14;dn15,37.739611,-122.492203,3
25,78,5,dn13;dn14;dn15,37.739611,-122.492203,3
25,79,5,dn14;dn15,37.739611,-122.492203,2
25,80,5,dn14;dn15,37.739611,-122.492203,2
25,81,5,dn14;dn15,37.739611,-122.492203,2
25,82,1,dn1;dn2;dn3,37.774524,-122.473656,3
25,82,5,dn14;dn15,37.739611,-122.492203,2
25,83,1,dn2;dn3,37.774524,-122.473656,2
25,83,2,dn4,37.751751,-122.410654,1
25,83,5,dn14;dn15,37.739611,-122.492203,2
25,84,1,dn2;dn3,37.774524,-122.473656,2
25,84,5,dn14;dn15,37.739611,-122.492203,2
25,85,1,dn3,37.774524,-122.473656,1
25,85,5,dn14;dn15,37.739611,-122.492203,2
25,86,1,dn3,37.774524,-122.473656,1
25,86,5,dn15,37.739611,-122.492203,1
25,87,1,dn3,37.774524,-122.473656,1
25,87,3,dn7,37.718779,-122.462401,1
25,87,5,dn15,37.739611,-122.492203,1
25,88,1,dn3,37.774524,-122.473656,1
25,88,2,dn5,37.751751,-122.410654,1
25,88,5,dn15,37.739611,-122.492203,1
25,89,1,dn3,37.774524,-122.473656,1
25,89,3,dn9,37.718779,-122.462401,1
25,89,4,dn12,37.78929,-122.426797,1
25,89,5,dn15,37.739611,-122.492203,1
25,90,1,dn3,37.774524,-122.473656,1
25,90,3,dn8;dn9,37.718779,-122.462401,2
25,90,4,dn11,37.78929,-122.426797,1
25,90,5,dn13;dn15,37.739611,-122.492203,2
25,91,1,dn3,37.774524,-122.473656,1
25,91,3,dn8;dn9,37.718779,-122.462401,2
25,91,4,dn11,37.78929,-122.426797,1
25,91,5,dn13;dn15,37.739611,-122.492203,2
25,92,3,dn8;dn9,37.718779,-122.462401,2
25,92,4,dn11,37.78929,-122.426797,1
25,92,5,dn13;dn15,37.739611,-122.492203,2
25,93,3,dn8;dn9,37.718779,-122.462401,2
25,93,4,dn11,37.78929,-122.426797,1
25,93,5,dn13;dn15,37.739611,-122.492203,2
25,94,3,dn8;dn9,37.718779,-122.462401,2
25,94,5,dn13;dn15,37.739611,-122.492203,2
25,95,3,dn9,37.718779,-122.462401,1
25,95,5,dn13;dn15,37.739611,-122.492203,2
25,96,3,dn9,37.718779,-122.462401,1
25,96,5,dn13;dn15,37.739611,-122.492203,2
25,97,3,dn9,37.718779,-122.462401,1
25,97,5,dn13;dn15,37.739611,-122.492203,2
25,98,5,dn13;dn15,37.739611,-122.492203,2
25,99,5,dn13;dn15,37.739611,-122.492203,2
26,0,1,dn1;dn2;dn3,37.774524,-122.473656,3
26,0,2,dn4;dn5;dn6,37.751751,-122.410654,3
26,0,3,dn7;dn8;dn9,37.718779,-122.462401,3
26,0,4,dn10;dn11;dn12,37.78929,-122.426797,3
26,0,5,dn13;dn14;dn15,37.739611,-122.492203,3
26,8,5,dn13,37.739611,-122.492203,1
26,9,3,dn7,37.718779,-122.462401,1
26,11,3,dn8,37.718779,-122.462401,1
26,14,3,dn9,37.718779,-122.462401,1
26,14,5,dn14;dn15,37.739611,-122.492203,2
26,16,1,dn2,37.774524,-122.473656,1
26,18,4,dn10,37.78929,-122.426797,1
26,19,4,dn10,37.78929,-122.426797,1
26,20,4,dn10,37.78929,-122.426797,1
26,20,5,dn13,37.739611,-122.492203,1
26,21,3,dn7,37.718779,-122.462401,1
26,21,4,dn10,37.78929,-122.426797,1
26,22,1,dn3,37.774524,-122.473656,1
26,22,4,dn10,37.78929,-122.426797,1
26,23,4,dn10,37.78929,-122.426797,1
26,24,1,dn1,37.774524,-122.473656,1
26,24,2,dn6,37.751751,-122.410654,1
26,26,5,dn15,37.739611,-122.492203,1
26,27,3,dn8,37.718779,-122.462401,1
26,27,5,dn15,37.739611,-122.492203,1
26,28,2,dn4,37.751751,-122.410654,1
26,28,4,dn11,37.78929,-122.426797,1
26,28,5,dn13;dn14,37.739611,-122.492203,2
26,29,4,dn11,37.78929,-122.426797,1
26,29,5,dn13;dn14,37.739611,-122.492203,2
26,30,5,dn13;dn14,37.739611,-122.492203,2
26,31,3,dn7,37.718779,-122.462401,1
26,31,5,dn13;dn14,37.739611,-122.492203,2
26,32,1,dn3,37.774524,-122.473656,1
26,32,5,dn13;dn14,37.739611,-122.492203,2
26,33,5,dn13;dn14,37.739611,-122.492203,2
26,34,5,dn13;dn14,37.739611,-122.492203,2
26,35,5,dn13;dn14,37.739611,-122.492203,2
26,36,5,dn13;dn14,37.739611,-122.492203,2
26,37,5,dn13;dn14,37.739611,-122.492203,2
26,38,1,dn1,37.774524,-122.473656,1
26,38,5,dn14,37.739611,-122.492203,1
26,39,5,dn14;dn15,37.739611,-122.492203,2
26,40,5,dn14;dn15,37.739611,-122.492203,2
26,41,5,dn14;dn15,37.739611,-122.492203,2
26,42,2,dn5,37.751751,-122.410654,1
26,42,5,dn14;dn15,37.739611,-122.492203,2
26,43,5,dn15,37.739611,-122.492203,1
26,44,5,dn15,37.739611,-122.492203,1
26,45,4,dn10,37.78929,-122.426797,1
26,45,5,dn15,37.739611,-122.492203,1
26,46,4,dn12,37.78929,-122.426797,1
26,46,5,dn15,37.739611,-122.492203,1
26,47,3,dn8,37.718779,-122.462401,1
26,47,4,dn12,37.78929,-122.426797,1
26,47,5,dn15,37.739611,-122.492203,1
26,48,3,dn9,37.718779,-122.462401,1
26,48,4,dn12,37.78929,-122.426797,1
26,48,5,dn15,37.739611,-122.492203,1
26,49,4,dn12,37.78929,-122.426797,1
26,49,5,dn15,37.739611,-122.492203,1
26,50,4,dn12,37.78929,-122.426797,1
26,51,3,dn7,37.718779,-122.462401,1
26,51,4,dn12,37.78929,-122.426797,1
26,52,1,dn2,37.774524,-122.473656,1
26,52,3,dn7,37.718779,-122.462401,1
26,52,4,dn12,37.78929,-122.426797,1
26,52,5,dn14,37.739611,-122.492203,1
26,53,3,dn7,37.718779,-122.462401,1
26,53,4,dn12,37.78929,-122.426797,1
26,53,5,dn14,37.739611,-122.492203,1
26,54,4,dn12,37.78929,-122.426797,1
26,54,5,dn14,37.739611,-122.492203,1
26,55,4,dn12,37.78929,-122.426797,1
26,55,5,dn13;dn14,37.739611,-122.492203,2
26,56,2,dn6,37.751751,-122.410654,1
26,56,4,dn12,37.78929,-122.426797,1
26,56,5,dn13;dn14,37.739611,-122.492203,2
26,57,2,dn6,37.751751,-122.410654,1
26,57,5,dn13;dn14,37.739611,-122.492203,2
26,58,5,dn13;dn14,37.739611,-122.492203,2
26,59,4,dn11,37.78929,-122.426797,1
26,59,5,dn13;dn14,37.739611,-122.492203,2
26,60,4,dn11,37.78929,-122.426797,1
26,60,5,dn13;dn14,37.739611,-122.492203,2
26,61,4,dn11,37.78929,-122.426797,1
26,61,5,dn13;dn14,37.739611,-122.492203,2
26,62,1,dn2,37.774524,-122.473656,1
26,62,4,dn11,37.78929,-122.426797,1
26,62,5,dn13;dn14,37.739611,-122.492203,2
26,63,4,dn11,37.78929,-122.426797,1
26,63,5,dn13;dn14,37.739611,-122.492203,2
26,64,1,dn3,37.774524,-122.473656,1
26,64,4,dn11,37.78929,-122.426797,1
26,64,5,dn13;dn14,37.739611,-122.492203,2
26,65,3,dn7,37.718779,-122.462401,1
26,65,4,dn10;dn11,37.78929,-122.426797,2
26,65,5,dn13;dn14,37.739611,-122.492203,2
26,66,4,dn10;dn11,37.78929,-122.426797,2
26,66,5,dn13;dn14;dn15,37.739611,-122.492203,3
26,67,4,dn11,37.78929,-122.426797,1
26,67,5,dn13;dn14;dn15,37.739611,-122.492203,3
26,68,1,dn1,37.774524,-122.473656,1
26,68,4,dn11,37.78929,-122.426797,1
26,68,5,dn13;dn14;dn15,37.739611,-122.492203,3
26,69,1,dn1,37.774524,-122.473656,1
26,69,5,dn13;dn14;dn15,37.739611,-122.492203,3
26,70,1,dn1,37.774524,-122.473656,1
26,70,3,dn9,37.718779,-122.462401,1
26,70,5,dn13;dn14;dn15,37.739611,-122.492203,3
26,71,1,dn1,37.774524,-122.473656,1
26,71,5,dn13;dn14;dn15,37.739611,-122.492203,3
26,72,1,dn1,37.774524,-122.473656,1
26,72,4,dn12,37.78929,-122.426797,1
26,72,5,dn13;dn14;dn15,37.739611,-122.492203,3
26,73,4,dn12,37.78929,-122.426797,1
26,73,5,dn13;dn14;dn15,37.739611,-122.492203,3
26,74,5,dn13;dn14;dn15,37.739611,-122.492203,3
26,75,5,dn13;dn14;dn15,37.739611,-122.492203,3
26,76,5,dn14;dn15,37.739611,-122.492203,2
26,77,2,dn6,37.751751,-122.410654,1
26,77,5,dn14;dn15,37.739611,-122.492203,2
26,78,5,dn14;dn15,37.739611,-122.492203,2
26,79,1,dn3,37.774524,-122.473656,1
26,79,4,dn10,37.78929,-122.426797,1
26,79,5,dn14;dn15,37.739611,-122.492203,2
26,80,1,dn3,37.774524,-122.473656,1
26,80,3,dn9,37.718779,-122.462401,1
26,80,4,dn10,37.78929,-122.426797,1
26,80,5,dn14;dn15,37.739611,-122.492203,2
26,81,4,dn10,37.78929,-122.426797,1
26,81,5,dn14;dn15,37.739611,-122.492203,2
26,82,4,dn10,37.78929,-122.426797,1
26,82,5,dn14;dn15,37.739611,-122.492203,2
26,83,4,dn10;dn12,37.78929,-122.426797,2
26,83,5,dn14;dn15,37.739611,-122.492203,2
26,84,4,dn10;dn12,37.78929,-122.426797,2
26,84,5,dn14;dn15,37.739611,-122.492203,2
26,85,3,dn7,37.718779,-122.462401,1
26,85,4,dn10;dn12,37.78929,-122.426797,2
26,85,5,dn14;dn15,37.739611,-122.492203,2
26,86,3,dn7,37.718779,-122.462401,1
26,86,4,dn10;dn12,37.78929,-122.426797,2
26,86,5,dn14;dn15,37.739611,-122.492203,2
26,87,3,dn7;dn8,37.718779,-122.462401,2
26,87,4,dn12,37.78929,-122.426797,1
26,87,5,dn14;dn15,37.739611,-122.492203,2
26,88,3,dn7;dn8,37.718779,-122.462401,2
26,88,4,dn12,37.78929,-122.426797,1
26,88,5,dn14;dn15,37.739611,-122.492203,2
26,89,3,dn7;dn8,37.718779,-122.462401,2
26,89,4,dn12,37.78929,-122.426797,1
26,89,5,dn14;dn15,37.739611,-122.492203,2
26,90,1,dn2,37.774524,-122.473656,1
26,90,3,dn7;dn8,37.718779,-122.462401,2
26,90,4,dn12,37.78929,-122.426797,1
26,90,5,dn14;dn15,37.739611,-122.492203,2
26,91,1,dn2,37.774524,-122.473656,1
26,91,3,dn8,37.718779,-122.462401,1
26,91,4,dn12,37.78929,-122.426797,1
26,91,5,dn13;dn14;dn15,37.739611,-122.492203,3
26,92,1,dn2,37.774524,-122.473656,1
26,92,2,dn4,37.751751,-122.410654,1
26,92,3,dn8,37.718779,-122.462401,1
26,92,4,dn12,37.78929,-122.426797,1
26,92,5,dn13;dn14;dn15,37.739611,-122.492203,3
26,93,2,dn4,37.751751,-122.410654,1
26,93,3,dn8,37.718779,-122.462401,1
26,93,4,dn12,37.78929,-122.426797,1
26,93,5,dn13;dn14;dn15,37.739611,-122.492203,3
26,94,2,dn4,37.751751,-122.410654,1
26,94,3,dn8,37.718779,-122.462401,1
26,94,4,dn12,37.78929,-122.426797,1
26,94,5,dn14;dn15,37.739611,-122.492203,2
26,95,1,dn3,37.774524,-122.473656,1
26,95,2,dn4,37.751751,-122.410654,1
26,95,3,dn8,37.718779,-122.462401,1
26,95,4,dn12,37.78929,-122.426797,1
26,95,5,dn14;dn15,37.739611,-122.492203,2
26,96,1,dn3,37.774524,-122.473656,1
26,96,2,dn4;dn5,37.751751,-122.410654,2
26,96,3,dn8,37.718779,-122.462401,1
26,96,4,dn12,37.78929,-122.426797,1
26,96,5,dn14;dn15,37.739611,-122.492203,2
26,97,2,dn4;dn5,37.751751,-122.410654,2
26,97,3,dn8,37.718779,-122.462401,1
26,97,4,dn12,37.78929,-122.426797,1
26,97,5,dn14;dn15,37.739611,-122.492203,2
26,98,1,dn1,37.774524,-122.473656,1
26,98,2,dn4;dn5,37.751751,-122.410654,2
26,98,3,dn8,37.718779,-122.462401,1
26,98,4,dn12,37.78929,-122.426797,1
26,98,5,dn15,37.739611,-122.492203,1
26,99,2,dn4;dn5,37.751751,-122.410654,2
26,99,3,dn8,37.718779,-122.462401,1
26,99,4,dn12,37.78929,-122.426797,1
26,99,5,dn15,37.739611,-122.492203,1
27,0,1,dn1;dn2;dn3,37.774524,-122.473656,3
27,0,2,dn4;dn5;dn6,37.751751,-122.410654,3
27,0,3,dn7;dn8;dn9,37.718779,-122.462401,3
27,0,4,dn10;dn11;dn12,37.78929,-122.426797,3
27,0,5,dn13;dn14;dn15,37.739611,-122.492203,3
27,1,4,dn12,37.78929,-122.426797,1
27,2,4,dn12,37.78929,-122.426797,1
27,3,4,dn12,37.78929,-122.426797,1
27,4,4,dn12,37.78929,-122.426797,1
27,5,4,dn12,37.78929,-122.426797,1
27,6,4,dn12,37.78929,-122.426797,1
27,7,1,dn3,37.774524,-122.473656,1
27,7,4,dn12,37.78929,-122.426797,1
27,8,5,dn15,37.739611,-122.492203,1
27,9,5,dn13,37.739611,-122.492203,1
27,11,3,dn7,37.718779,-122.462401,1
27,11,5,dn14,37.739611,-122.492203,1
27,12,1,dn1;dn2,37.774524,-122.473656,2
27,12,3,dn9,37.718779,-122.462401,1
27,13,1,dn2;dn3,37.774524,-122.473656,2
27,14,1,dn2;dn3,37.774524,-122.473656,2
27,15,1,dn2;dn3,37.774524,-122.473656,2
27,16,1,dn2;dn3,37.774524,-122.473656,2
27,16,3,dn8,37.718779,-122.462401,1
27,17,1,dn3,37.774524,-122.473656,1
27,18,1,dn3,37.774524,-122.473656,1
27,18,2,dn4,37.751751,-122.410654,1
27,18,5,dn15,37.739611,-122.492203,1
27,21,5,dn13,37.739611,-122.492203,1
27,22,3,dn9,37.718779,-122.462401,1
27,26,2,dn6,37.751751,-122.410654,1
27,26,4,dn10,37.78929,-122.426797,1
27,27,4,dn10;dn12,37.78929,-122.426797,2
27,28,1,dn1,37.774524,-122.473656,1
27,28,4,dn12,37.78929,-122.426797,1
27,29,5,dn14,37.739611,-122.492203,1
27,30,1,dn1,37.774524,-122.473656,1
27,31,1,dn1,37.774524,-122.473656,1
27,33,1,dn3,37.774524,-122.473656,1
27,34,1,dn3,37.774524,-122.473656,1
27,35,3,dn7,37.718779,-122.462401,1
27,36,3,dn7,37.718779,-122.462401,1
27,37,3,dn7,37.718779,-122.462401,1
27,38,3,dn7,37.718779,-122.462401,1
27,40,3,dn8,37.718779,-122.462401,1
27,40,5,dn15,37.739611,-122.492203,1
27,41,3,dn8,37.718779,-122.462401,1
27,41,5,dn13;dn14,37.739611,-122.492203,2
27,42,2,dn5,37.751751,-122.410654,1
27,42,3,dn8,37.718779,-122.462401,1
27,42,4,dn11,37.78929,-122.426797,1
27,42,5,dn13;dn14,37.739611,-122.492203,2
27,43,3,dn8,37.718779,-122.462401,1
27,43,5,dn13;dn14,37.739611,-122.492203,2
27,44,3,dn8,37.718779,-122.462401,1
27,44,5,dn13;dn14,37.739611,-122.492203,2
27,45,3,dn8,37.718779,-122.462401,1
27,45,5,dn13;dn14,37.739611,-122.492203,2
27,46,3,dn8,37.718779,-122.462401,1
27,46,5,dn13;dn14,37.739611,-122.492203,2
27,47,1,dn1,37.774524,-122.473656,1
27,47,3,dn8,37.718779,-122.462401,1
27,47,5,dn13;dn14,37.739611,-122.492203,2
27,48,2,dn6,37.751751,-122.410654,1
27,48,3,dn8,37.718779,-122.462401,1
27,48,5,dn13;dn14,37.739611,-122.492203,2
27,49,5,dn13;dn14,37.739611,-122.492203,2
27,50,5,dn13;dn14,37.739611,-122.492203,2
27,51,5,dn13;dn14,37.739611,-122.492203,2
27,52,1,dn2;dn3,37.774524,-122.473656,2
27,52,2,dn4,37.751751,-122.410654,1
27,52,5,dn14,37.739611,-122.492203,1
27,53,5,dn14,37.739611,-122.492203,1
27,54,3,dn7,37.718779,-122.462401,1
27,54,5,dn14,37.739611,-122.492203,1
27,55,4,dn10,37.78929,-122.426797,1
27,55,5,dn14,37.739611,-122.492203,1
27,58,5,dn15,37.739611,-122.492203,1
27,60,3,dn9,37.718779,-122.462401,1
27,66,3,dn8,37.718779,-122.462401,1
27,70,4,dn11,37.78929,-122.426797,1
27,70,5,dn13,37.739611,-122.492203,1
27,71,4,dn10,37.78929,-122.426797,1
27,72,4,dn10;dn12,37.78929,-122.426797,2
27,72,5,dn15,37.739611,-122.492203,1
27,73,4,dn10;dn12,37.78929,-122.426797,2
27,74,4,dn10;dn12,37.78929,-122.426797,2
27,75,4,dn10;dn12,37.78929,-122.426797,2
27,76,4,dn12,37.78929,-122.426797,1
27,80,5,dn13,37.739611,-122.492203,1
27,82,3,dn8;dn9,37.718779,-122.462401,2
27,84,5,dn15,37.739611,-122.492203,1
27,85,5,dn15,37.739611,-122.492203,1
27,86,5,dn15,37.739611,-122.492203,1
27,87,1,dn1,37.774524,-122.473656,1
27,87,5,dn14,37.739611,-122.492203,1
27,88,5,dn13;dn14,37.739611,-122.492203,2
27,89,5,dn14,37.739611,-122.492203,1
27,90,1,dn2,37.774524,-122.473656,1
27,90,5,dn14,37.739611,-122.492203,1
27,91,1,dn2,37.774524,-122.473656,1
27,91,5,dn14,37.739611,-122.492203,1
27,92,2,dn5,37.751751,-122.410654,1
27,92,3,dn9,37.718779,-122.462401,1
27,92,5,dn14,37.739611,-122.492203,1
27,93,5,dn14,37.739611,-122.492203,1
27,94,3,dn7,37.718779,-122.462401,1
27,95,3,dn7,37.718779,-122.462401,1
27,96,3,dn7,37.718779,-122.462401,1
27,96,5,dn13,37.739611,-122.492203,1
27,97,3,dn7,37.718779,-122.462401,1
27,97,5,dn13,37.739611,-122.492203,1
27,98,1,dn3,37.774524,-122.473656,1
27,98,2,dn6,37.751751,-122.410654,1
27,98,3,dn7;dn8,37.718779,-122.462401,2
27,98,4,dn12,37.78929,-122.426797,1
27,98,5,dn13,37.739611,-122.492203,1
27,99,1,dn2,37.774524,-122.473656,1
27,99,3,dn7;dn8,37.718779,-122.462401,2
27,99,4,dn12,37.78929,-122.426797,1
27,99,5,dn13,37.739611,-122.492203,1
28,0,1,dn1;dn2;dn3,37.774524,-122.473656,3
28,0,2,dn4;dn5;dn6,37.751751,-122.410654,3
28,0,3,dn7;dn8;dn9,37.718779,-122.462401,3
28,0,4,dn10;dn11;dn12,37.78929,-122.426797,3
28,0,5,dn13;dn14;dn15,37.739611,-122.492203,3
28,6,5,dn13,37.739611,-122.492203,1
28,11,5,dn14;dn15,37.739611,-122.492203,2
28,12,2,dn5,37.751751,-122.410654,1
28,14,1,dn3,37.774524,-122.473656,1
28,14,3,dn7,37.718779,-122.462401,1
28,15,3,dn8,37.718779,-122.462401,1
28,15,4,dn12,37.78929,-122.426797,1
28,16,5,dn13,37.739611,-122.492203,1
28,18,1,dn2,37.774524,-122.473656,1
28,18,5,dn13,37.739611,-122.492203,1
28,19,5,dn15,37.739611,-122.492203,1
28,20,1,dn1,37.774524,-122.473656,1
28,20,2,dn6,37.751751,-122.410654,1
28,28,3,dn9,37.718779,-122.462401,1
28,29,3,dn9,37.718779,-122.462401,1
28,30,3,dn9,37.718779,-122.462401,1
28,30,5,dn13,37.739611,-122.492203,1
28,31,3,dn9,37.718779,-122.462401,1
28,31,5,dn14,37.739611,-122.492203,1
28,32,1,dn2,37.774524,-122.473656,1
28,32,3,dn7;dn9,37.718779,-122.462401,2
28,32,5,dn14,37.739611,-122.492203,1
28,33,3,dn9,37.718779,-122.462401,1
28,33,5,dn14,37.739611,-122.492203,1
28,34,2,dn5,37.751751,-122.410654,1
28,34,3,dn9,37.718779,-122.462401,1
28,34,5,dn14,37.739611,-122.492203,1
28,35,5,dn14,37.739611,-122.492203,1
28,36,1,dn3,37.774524,-122.473656,1
28,36,5,dn13,37.739611,-122.492203,1
28,37,1,dn3,37.774524,-122.473656,1
28,37,5,dn13,37.739611,-122.492203,1
28,38,1,dn3,37.774524,-122.473656,1
28,38,5,dn13,37.739611,-122.492203,1
28,39,1,dn3,37.774524,-122.473656,1
28,39,5,dn13,37.739611,-122.492203,1
28,40,1,dn3,37.774524,-122.473656,1
28,40,5,dn13,37.739611,-122.492203,1
28,41,1,dn3,37.774524,-122.473656,1
28,41,5,dn13,37.739611,-122.492203,1
28,42,4,dn10,37.78929,-122.426797,1
28,42,5,dn13,37.739611,-122.492203,1
28,44,4,dn11,37.78929,-122.426797,1
28,45,3,dn8,37.718779,-122.462401,1
28,46,3,dn8,37.718779,-122.462401,1
28,47,3,dn8,37.718779,-122.462401,1
28,48,3,dn7;dn8,37.718779,-122.462401,2
28,49,3,dn8,37.718779,-122.462401,1
28,49,5,dn15,37.739611,-122.492203,1
28,50,2,dn4,37.751751,-122.410654,1
28,50,5,dn15,37.739611,-122.492203,1
28,51,5,dn14;dn15,37.739611,-122.492203,2
28,52,1,dn2,37.774524,-122.473656,1
28,52,5,dn15,37.739611,-122.492203,1
28,53,5,dn15,37.739611,-122.492203,1
28,54,5,dn15,37.739611,-122.492203,1
28,55,5,dn15,37.739611,-122.492203,1
28,58,3,dn9,37.718779,-122.462401,1
28,58,5,dn13,37.739611,-122.492203,1
28,59,5,dn13,37.739611,-122.492203,1
28,60,4,dn10,37.78929,-122.426797,1
28,61,4,dn10,37.78929,-122.426797,1
28,61,5,dn14,37.739611,-122.492203,1
28,62,2,dn6,37.751751,-122.410654,1
28,62,4,dn10,37.78929,-122.426797,1
28,62,5,dn14,37.739611,-122.492203,1
28,63,4,dn10,37.78929,-122.426797,1
28,63,5,dn14,37.739611,-122.492203,1
28,64,3,dn8,37.718779,-122.462401,1
28,64,4,dn10,37.78929,-122.426797,1
28,64,5,dn14,37.739611,-122.492203,1
28,65,4,dn10,37.78929,-122.426797,1
28,65,5,dn14,37.739611,-122.492203,1
28,66,1,dn2,37.774524,-122.473656,1
28,66,4,dn10,37.78929,-122.426797,1
28,66,5,dn14,37.739611,-122.492203,1
28,67,3,dn9,37.718779,-122.462401,1
28,67,4,dn10,37.78929,-122.426797,1
28,67,5,dn14,37.739611,-122.492203,1
28,68,2,dn5,37.751751,-122.410654,1
28,68,3,dn9,37.718779,-122.462401,1
28,68,4,dn10,37.78929,-122.426797,1
28,68,5,dn14;dn15,37.739611,-122.492203,2
28,69,2,dn5,37.751751,-122.410654,1
28,69,3,dn9,37.718779,-122.462401,1
28,69,4,dn10;dn12,37.78929,-122.426797,2
28,69,5,dn14;dn15,37.739611,-122.492203,2
28,70,2,dn5,37.751751,-122.410654,1
28,70,3,dn9,37.718779,-122.462401,1
28,70,4,dn10;dn12,37.78929,-122.426797,2
28,70,5,dn14;dn15,37.739611,-122.492203,2
28,71,2,dn5,37.751751,-122.410654,1
28,71,3,dn9,37.718779,-122.462401,1
28,71,4,dn10;dn12,37.78929,-122.426797,2
28,71,5,dn14;dn15,37.739611,-122.492203,2
28,72,1,dn1,37.774524,-122.473656,1
28,72,2,dn5,37.751751,-122.410654,1
28,72,4,dn10;dn12,37.78929,-122.426797,2
28,72,5,dn14;dn15,37.739611,-122.492203,2
28,73,2,dn5,37.751751,-122.410654,1
28,73,4,dn10;dn12,37.78929,-122.426797,2
28,73,5,dn14;dn15,37.739611,-122.492203,2
28,74,2,dn5,37.751751,-122.410654,1
28,74,4,dn10;dn12,37.78929,-122.426797,2
28,74,5,dn14;dn15,37.739611,-122.492203,2
28,75,2,dn5,37.751751,-122.410654,1
28,75,4,dn10;dn12,37.78929,-122.426797,2
28,75,5,dn13;dn14;dn15,37.739611,-122.492203,3
28,76,2,dn5;dn6,37.751751,-122.410654,2
28,76,3,dn7,37.718779,-122.462401,1
28,76,4,dn10;dn12,37.78929,-122.426797,2
28,76,5,dn13;dn14;dn15,37.739611,-122.492203,3
28,77,2,dn5;dn6,37.751751,-122.410654,2
28,77,3,dn7,37.718779,-122.462401,1
28,77,4,dn10;dn12,37.78929,-122.426797,2
28,77,5,dn13;dn14;dn15,37.739611,-122.492203,3
28,78,2,dn4;dn5;dn6,37.751751,-122.410654,3
28,78,3,dn7,37.718779,-122.462401,1
28,78,4,dn10;dn12,37.78929,-122.426797,2
28,78,5,dn13;dn14;dn15,37.739611,-122.492203,3
28,79,2,dn4;dn5;dn6,37.751751,-122.410654,3
28,79,3,dn7,37.718779,-122.462401,1
28,79,4,dn12,37.78929,-122.426797,1
28,79,5,dn13;dn14;dn15,37.739611,-122.492203,3
28,80,2,dn4;dn5;dn6,37.751751,-122.410654,3
28,80,3,dn7,37.718779,-122.462401,1
28,80,4,dn12,37.78929,-122.426797,1
28,80,5,dn13;dn14;dn15,37.739611,-122.492203,3
28,81,2,dn5;dn6,37.751751,-122.410654,2
28,81,3,dn7,37.718779,-122.462401,1
28,81,4,dn12,37.78929,-122.426797,1
28,81,5,dn13;dn14;dn15,37.739611,-122.492203,3
28,82,2,dn5;dn6,37.751751,-122.410654,2
28,82,4,dn12,37.78929,-122.426797,1
28,82,5,dn13;dn14;dn15,37.739611,-122.492203,3
28,83,1,dn3,37.774524,-122.473656,1
28,83,2,dn6,37.751751,-122.410654,1
28,83,4,dn12,37.78929,-122.426797,1
28,83,5,dn13;dn14;dn15,37.739611,-122.492203,3
28,84,1,dn3,37.774524,-122.473656,1
28,84,2,dn6,37.751751,-122.410654,1
28,84,3,dn9,37.718779,-122.462401,1
28,84,4,dn12,37.78929,-122.426797,1
28,84,5,dn14;dn15,37.739611,-122.492203,2
28,85,1,dn3,37.774524,-122.473656,1
28,85,2,dn6,37.751751,-122.410654,1
28,85,3,dn9,37.718779,-122.462401,1
28,85,4,dn12,37.78929,-122.426797,1
28,85,5,dn14;dn15,37.739611,-122.492203,2
28,86,1,dn3,37.774524,-122.473656,1
28,86,2,dn6,37.751751,-122.410654,1
28,86,4,dn12,37.78929,-122.426797,1
28,86,5,dn14;dn15,37.739611,-122.492203,2
28,87,1,dn3,37.774524,-122.473656,1
28,87,4,dn12,37.78929,-122.426797,1
28,87,5,dn14;dn15,37.739611,-122.492203,2
28,88,1,dn3,37.774524,-122.473656,1
28,88,3,dn8,37.718779,-122.462401,1
28,88,4,dn12,37.78929,-122.426797,1
28,88,5,dn14;dn15,37.739611,-122.492203,2
28,89,1,dn3,37.774524,-122.473656,1
28,89,4,dn12,37.78929,-122.426797,1
28,89,5,dn14;dn15,37.739611,-122.492203,2
28,90,1,dn3,37.774524,-122.473656,1
28,90,4,dn12,37.78929,-122.426797,1
28,90,5,dn15,37.739611,-122.492203,1
28,91,1,dn3,37.774524,-122.473656,1
28,91,3,dn7,37.718779,-122.462401,1
28,91,4,dn12,37.78929,-122.426797,1
28,92,1,dn3,37.774524,-122.473656,1
28,92,4,dn12,37.78929,-122.426797,1
28,93,1,dn3,37.774524,-122.473656,1
28,93,4,dn12,37.78929,-122.426797,1
28,93,5,dn13,37.739611,-122.492203,1
28,94,1,dn3,37.774524,-122.473656,1
28,94,4,dn12,37.78929,-122.426797,1
28,95,1,dn3,37.774524,-122.473656,1
28,95,4,dn12,37.78929,-122.426797,1
28,96,1,dn3,37.774524,-122.473656,1
28,96,4,dn12,37.78929,-122.426797,1
28,97,1,dn3,37.774524,-122.473656,1
28,97,4,dn12,37.78929,-122.426797,1
28,98,1,dn3,37.774524,-122.473656,1
28,98,4,dn12,37.78929,-122.426797,1
28,99,1,dn3,37.774524,-122.473656,1
28,99,4,dn12,37.78929,-122.426797,1
29,0,1,dn1;dn2;dn3,37.774524,-122.473656,3
29,0,2,dn4;dn5;dn6,37.751751,-122.410654,3
29,0,3,dn7;dn8;dn9,37.718779,-122.462401,3
29,0,4,dn10;dn11;dn12,37.78929,-122.426797,3
29,0,5,dn13;dn14;dn15,37.739611,-122.492203,3
29,10,5,dn13,37.739611,-122.492203,1
29,11,5,dn14,37.739611,-122.492203,1
29,12,3,dn8,37.718779,-122.462401,1
29,13,4,dn11,37.78929,-122.426797,1
29,14,1,dn1,37.774524,-122.473656,1
29,14,5,dn15,37.739611,-122.492203,1
29,15,4,dn12,37.78929,-122.426797,1
29,18,4,dn10,37.78929,-122.426797,1
29,22,1,dn2,37.774524,-122.473656,1
29,23,5,dn14,37.739611,-122.492203,1
29,24,1,dn3,37.774524,-122.473656,1
29,24,3,dn7,37.718779,-122.462401,1
29,24,5,dn13;dn14,37.739611,-122.492203,2
29,25,5,dn14,37.739611,-122.492203,1
29,26,5,dn14,37.739611,-122.492203,1
29,27,5,dn14,37.739611,-122.492203,1
29,28,1,dn2,37.774524,-122.473656,1
29,28,4,dn10,37.78929,-122.426797,1
29,28,5,dn14,37.739611,-122.492203,1
29,29,5,dn14,37.739611,-122.492203,1
29,38,2,dn6,37.751751,-122.410654,1
29,40,5,dn13,37.739611,-122.492203,1
29,41,5,dn14,37.739611,-122.492203,1
29,42,1,dn2,37.774524,-122.473656,1
29,42,3,dn7,37.718779,-122.462401,1
29,44,2,dn4,37.751751,-122.410654,1
29,44,3,dn9,37.718779,-122.462401,1
29,44,5,dn15,37.739611,-122.492203,1
29,45,5,dn15,37.739611,-122.492203,1
29,46,5,dn15,37.739611,-122.492203,1
29,47,5,dn15,37.739611,-122.492203,1
29,48,1,dn1,37.774524,-122.473656,1
29,48,2,dn5,37.751751,-122.410654,1
29,48,5,dn15,37.739611,-122.492203,1
29,49,4,dn11,37.78929,-122.426797,1
29,49,5,dn15,37.739611,-122.492203,1
29,50,4,dn11,37.78929,-122.426797,1
29,50,5,dn15,37.739611,-122.492203,1
29,51,4,dn11,37.78929,-122.426797,1
29,51,5,dn14;dn15,37.739611,-122.492203,2
29,52,4,dn11,37.78929,-122.426797,1
29,52,5,dn13;dn14;dn15,37.739611,-122.492203,3
29,53,5,dn13;dn14;dn15,37.739611,-122.492203,3
29,54,3,dn8,37.718779,-122.462401,1
29,54,5,dn13;dn14;dn15,37.739611,-122.492203,3
29,55,5,dn13;dn14;dn15,37.739611,-122.492203,3
29,56,2,dn6,37.751751,-122.410654,1
29,56,5,dn13;dn14;dn15,37.739611,-122.492203,3
29,57,2,dn6,37.751751,-122.410654,1
29,57,3,dn9,37.718779,-122.462401,1
29,57,5,dn13;dn14;dn15,37.739611,-122.492203,3
29,58,1,dn1,37.774524,-122.473656,1
29,58,3,dn9,37.718779,-122.462401,1
29,58,5,dn13;dn14;dn15,37.739611,-122.492203,3
29,59,3,dn9,37.718779,-122.462401,1
29,59,5,dn13;dn14;dn15,37.739611,-122.492203,3
29,60,1,dn2,37.774524,-122.473656,1
29,60,3,dn9,37.718779,-122.462401,1
29,60,5,dn13;dn14;dn15,37.739611,-122.492203,3
29,61,1,dn2,37.774524,-122.473656,1
29,61,3,dn9,37.718779,-122.462401,1
29,61,5,dn13;dn14;dn15,37.739611,-122.492203,3
29,62,1,dn2,37.774524,-122.473656,1
29,62,3,dn9,37.718779,-122.462401,1
29,62,5,dn13;dn14;dn15,37.739611,-122.492203,3
29,63,1,dn2,37.774524,-122.473656,1
29,63,3,dn9,37.718779,-122.462401,1
29,63,5,dn13;dn14;dn15,37.739611,-122.492203,3
29,64,1,dn3,37.774524,-122.473656,1
29,64,3,dn9,37.718779,-122.462401,1
29,64,5,dn13;dn14;dn15,37.739611,-122.492203,3
29,65,3,dn9,37.718779,-122.462401,1
29,65,4,dn12,37.78929,-122.426797,1
29,65,5,dn13;dn14;dn15,37.739611,-122.492203,3
29,66,3,dn9,37.718779,-122.462401,1
29,66,5,dn13;dn14;dn15,37.739611,-122.492203,3
29,67,3,dn9,37.718779,-122.462401,1
29,67,5,dn13;dn14;dn15,37.739611,-122.492203,3
29,68,3,dn9,37.718779,-122.462401,1
29,68,5,dn13;dn14;dn15,37.739611,-122.492203,3
29,69,3,dn9,37.718779,-122.462401,1
29,69,5,dn13;dn14;dn15,37.739611,-122.492203,3
29,70,2,dn4,37.751751,-122.410654,1
29,70,5,dn13;dn14;dn15,37.739611,-122.492203,3
29,71,5,dn13;dn14;dn15,37.739611,-122.492203,3
29,72,1,dn2,37.774524,-122.473656,1
29,72,5,dn13;dn14;dn15,37.739611,-122.492203,3
29,73,5,dn13;dn14;dn15,37.739611,-122.492203,3
29,74,3,dn8,37.718779,-122.462401,1
29,74,5,dn13;dn14;dn15,37.739611,-122.492203,3
29,75,5,dn13;dn14;dn15,37.739611,-122.492203,3
29,76,5,dn14;dn15,37.739611,-122.492203,2
29,77,5,dn14;dn15,37.739611,-122.492203,2
29,78,5,dn14;dn15,37.739611,-122.492203,2
29,79,5,dn14;dn15,37.739611,-122.492203,2
29,80,5,dn14;dn15,37.739611,-122.492203,2
29,81,5,dn14;dn15,37.739611,-122.492203,2
29,82,4,dn10;dn11,37.78929,-122.426797,2
29,82,5,dn15,37.739611,-122.492203,1
29,83,5,dn15,37.739611,-122.492203,1
29,84,1,dn2,37.774524,-122.473656,1
29,85,1,dn2,37.774524,-122.473656,1
29,86,1,dn2,37.774524,-122.473656,1
29,86,3,dn7,37.718779,-122.462401,1
29,87,1,dn2,37.774524,-122.473656,1
29,87,3,dn9,37.718779,-122.462401,1
29,88,1,dn2,37.774524,-122.473656,1
29,88,2,dn4;dn5,37.751751,-122.410654,2
29,89,1,dn2,37.774524,-122.473656,1
29,90,1,dn2,37.774524,-122.473656,1
29,90,5,dn15,37.739611,-122.492203,1
29,91,1,dn2,37.774524,-122.473656,1
29,91,5,dn15,37.739611,-122.492203,1
29,92,1,dn1;dn2,37.774524,-122.473656,2
29,92,5,dn15,37.739611,-122.492203,1
29,93,1,dn1;dn2,37.774524,-122.473656,2
29,93,2,dn6,37.751751,-122.410654,1
29,93,5,dn15,37.739611,-122.492203,1
29,94,1,dn1;dn2,37.774524,-122.473656,2
29,94,5,dn15,37.739611,-122.492203,1
29,95,1,dn1;dn2,37.774524,-122.473656,2
29,95,4,dn12,37.78929,-122.426797,1
29,95,5,dn15,37.739611,-122.492203,1
29,96,1,dn2,37.774524,-122.473656,1
29,96,3,dn8,37.718779,-122.462401,1
29,96,4,dn12,37.78929,-122.426797,1
29,96,5,dn15,37.739611,-122.492203,1
29,97,1,dn2,37.774524,-122.473656,1
29,97,4,dn12,37.78929,-122.426797,1
29,97,5,dn13;dn15,37.739611,-122.492203,2
29,98,1,dn2,37.774524,-122.473656,1
29,98,4,dn12,37.78929,-122.426797,1
29,98,5,dn13;dn14;dn15,37.739611,-122.492203,3
29,99,4,dn12,37.78929,-122.426797,1
29,99,5,dn13;dn14;dn15,37.739611,-122.492203,3
30,0,1,dn1;dn2;dn3,37.774524,-122.473656,3
30,0,2,dn4;dn5;dn6,37.751751,-122.410654,3
30,0,3,dn7;dn8;dn9,37.718779,-122.462401,3
30,0,4,dn10;dn11;dn12,37.78929,-122.426797,3
30,0,5,dn13;dn14;dn15,37.739611,-122.492203,3
30,8,3,dn7,37.718779,-122.462401,1
30,9,5,dn13,37.739611,-122.492203,1
30,10,3,dn9,37.718779,-122.462401,1
30,12,1,dn3,37.774524,-122.473656,1
30,15,1,dn2,37.774524,-122.473656,1
30,16,5,dn14,37.739611,-122.492203,1
30,18,3,dn8,37.718779,-122.462401,1
30,22,3,dn9,37.718779,-122.462401,1
30,22,5,dn14,37.739611,-122.492203,1
30,24,2,dn6,37.751751,-122.410654,1
30,24,4,dn10,37.78929,-122.426797,1
30,28,2,dn6,37.751751,-122.410654,1
30,28,3,dn9,37.718779,-122.462401,1
30,28,5,dn15,37.739611,-122.492203,1
30,32,1,dn3,37.774524,-122.473656,1
30,32,3,dn9,37.718779,-122.462401,1
30,32,5,dn14,37.739611,-122.492203,1
30,33,5,dn14,37.739611,-122.492203,1
30,34,1,dn1,37.774524,-122.473656,1
30,34,3,dn8,37.718779,-122.462401,1
30,34,5,dn14,37.739611,-122.492203,1
30,35,1,dn1,37.774524,-122.473656,1
30,35,5,dn14,37.739611,-122.492203,1
30,36,1,dn1,37.774524,-122.473656,1
30,36,2,dn5,37.751751,-122.410654,1
30,36,5,dn14,37.739611,-122.492203,1
30,37,1,dn1,37.774524,-122.473656,1
30,37,5,dn14,37.739611,-122.492203,1
30,38,1,dn1,37.774524,-122.473656,1
30,38,4,dn10,37.78929,-122.426797,1
30,38,5,dn14,37.739611,-122.492203,1
30,39,1,dn1,37.774524,-122.473656,1
30,39,4,dn10,37.78929,-122.426797,1
30,39,5,dn13;dn14,37.739611,-122.492203,2
30,40,1,dn1,37.774524,-122.473656,1
30,40,3,dn7,37.718779,-122.462401,1
30,40,4,dn10;dn11,37.78929,-122.426797,2
30,40,5,dn13;dn14;dn15,37.739611,-122.492203,3
30,41,1,dn1,37.774524,-122.473656,1
30,41,3,dn7,37.718779,-122.462401,1
30,41,4,dn10;dn11,37.78929,-122.426797,2
30,41,5,dn13;dn14;dn15,37.739611,-122.492203,3
30,42,1,dn1,37.774524,-122.473656,1
30,42,2,dn4,37.751751,-122.410654,1
30,42,3,dn7;dn9,37.718779,-122.462401,2
30,42,4,dn10;dn11,37.78929,-122.426797,2
30,42,5,dn13;dn14;dn15,37.739611,-122.492203,3
30,43,1,dn1,37.774524,-122.473656,1
30,43,2,dn4,37.751751,-122.410654,1
30,43,3,dn7;dn9,37.718779,-122.462401,2
30,43,4,dn10;dn11,37.78929,-122.426797,2
30,43,5,dn13;dn14;dn15,37.739611,-122.492203,3
30,44,1,dn1,37.774524,-122.473656,1
30,44,2,dn4,37.751751,-122.410654,1
30,44,3,dn9,37.718779,-122.462401,1
30,44,4,dn10;dn11;dn12,37.78929,-122.426797,3
30,44,5,dn13;dn14;dn15,37.739611,-122.492203,3
30,45,1,dn1,37.774524,-122.473656,1
30,45,3,dn9,37.718779,-122.462401,1
30,45,4,dn10;dn11;dn12,37.78929,-122.426797,3
30,45,5,dn13;dn14;dn15,37.739611,-122.492203,3
30,46,3,dn9,37.718779,-122.462401,1
30,46,4,dn10;dn11;dn12,37.78929,-122.426797,3
30,46,5,dn13;dn14;dn15,37.739611,-122.492203,3
30,47,3,dn9,37.718779,-122.462401,1
30,47,4,dn10;dn11;dn12,37.78929,-122.426797,3
30,47,5,dn13;dn14;dn15,37.739611,-122.492203,3
30,48,3,dn8,37.718779,-122.462401,1
30,48,4,dn10;dn11;dn12,37.78929,-122.426797,3
30,48,5,dn13;dn14;dn15,37.739611,-122.492203,3
30,49,1,dn2,37.774524,-122.473656,1
30,49,3,dn8,37.718779,-122.462401,1
30,49,4,dn10;dn11;dn12,37.78929,-122.426797,3
30,49,5,dn13;dn14;dn15,37.739611,-122.492203,3
30,50,1,dn2,37.774524,-122.473656,1
30,50,3,dn8,37.718779,-122.462401,1
30,50,4,dn10;dn11;dn12,37.78929,-122.426797,3
30,50,5,dn13;dn14;dn15,37.739611,-122.492203,3
30,51,1,dn2,37.774524,-122.473656,1
30,51,3,dn8,37.718779,-122.462401,1
30,51,4,dn10;dn11;dn12,37.78929,-122.426797,3
30,51,5,dn13;dn14;dn15,37.739611,-122.492203,3
30,52,1,dn1;dn2,37.774524,-122.473656,2
30,52,4,dn10;dn11;dn12,37.78929,-122.426797,3
30,52,5,dn13;dn14;dn15,37.739611,-122.492203,3
30,53,1,dn1;dn2,37.774524,-122.473656,2
30,53,4,dn10;dn11;dn12,37.78929,-122.426797,3
30,53,5,dn13;dn14;dn15,37.739611,-122.492203,3
30,54,1,dn1;dn2,37.774524,-122.473656,2
30,54,4,dn10;dn11;dn12,37.78929,-122.426797,3
30,54,5,dn13;dn14;dn15,37.739611,-122.492203,3
30,55,1,dn1;dn2,37.774524,-122.473656,2
30,55,4,dn10;dn11;dn12,37.78929,-122.426797,3
30,55,5,dn14;dn15,37.739611,-122.492203,2
30,56,1,dn1;dn2,37.774524,-122.473656,2
30,56,4,dn10;dn11;dn12,37.78929,-122.426797,3
30,56,5,dn14;dn15,37.739611,-122.492203,2
30,57,1,dn1;dn2,37.774524,-122.473656,2
30,57,4,dn10;dn11;dn12,37.78929,-122.426797,3
30,57,5,dn14;dn15,37.739611,-122.492203,2
30,58,1,dn2,37.774524,-122.473656,1
30,58,2,dn6,37.751751,-122.410654,1
30,58,4,dn10;dn11;dn12,37.78929,-122.426797,3
30,58,5,dn14;dn15,37.739611,-122.492203,2
30,59,1,dn2,37.774524,-122.473656,1
30,59,2,dn6,37.751751,-122.410654,1
30,59,4,dn10;dn11;dn12,37.78929,-122.426797,3
30,59,5,dn14;dn15,37.739611,-122.492203,2
30,60,2,dn6,37.751751,-122.410654,1
30,60,3,dn7,37.718779,-122.462401,1
30,60,4,dn10;dn11;dn12,37.78929,-122.426797,3
30,60,5,dn14;dn15,37.739611,-122.492203,2
30,61,2,dn6,37.751751,-122.410654,1
30,61,3,dn7;dn9,37.718779,-122.462401,2
30,61,4,dn11;dn12,37.78929,-122.426797,2
30,61,5,dn14;dn15,37.739611,-122.492203,2
30,62,2,dn6,37.751751,-122.410654,1
30,62,3,dn7;dn9,37.718779,-122.462401,2
30,62,4,dn11;dn12,37.78929,-122.426797,2
30,62,5,dn14;dn15,37.739611,-122.492203,2
30,63,2,dn6,37.751751,-122.410654,1
30,63,3,dn7;dn8;dn9,37.718779,-122.462401,3
30,63,4,dn11;dn12,37.78929,-122.426797,2
30,63,5,dn14;dn15,37.739611,-122.492203,2
30,64,2,dn6,37.751751,-122.410654,1
30,64,3,dn7;dn8;dn9,37.718779,-122.462401,3
30,64,4,dn11;dn12,37.78929,-122.426797,2
30,64,5,dn14;dn15,37.739611,-122.492203,2
30,65,3,dn7;dn8;dn9,37.718779,-122.462401,3
30,65,4,dn11;dn12,37.78929,-122.426797,2
30,65,5,dn14;dn15,37.739611,-122.492203,2
30,66,3,dn7;dn8;dn9,37.718779,-122.462401,3
30,66,4,dn11;dn12,37.78929,-122.426797,2
30,66,5,dn14;dn15,37.739611,-122.492203,2
30,67,1,dn1,37.774524,-122.473656,1
30,67,3,dn8;dn9,37.718779,-122.462401,2
30,67,4,dn11;dn12,37.78929,-122.426797,2
30,67,5,dn14;dn15,37.739611,-122.492203,2
30,68,1,dn1,37.774524,-122.473656,1
30,68,3,dn8;dn9,37.718779,-122.462401,2
30,68,4,dn11;dn12,37.78929,-122.426797,2
30,68,5,dn14;dn15,37.739611,-122.492203,2
30,69,1,dn1,37.774524,-122.473656,1
30,69,3,dn9,37.718779,-122.462401,1
30,69,4,dn11;dn12,37.78929,-122.426797,2
30,69,5,dn13;dn14;dn15,37.739611,-122.492203,3
30,70,1,dn1,37.774524,-122.473656,1
30,70,3,dn9,37.718779,-122.462401,1
30,70,4,dn11;dn12,37.78929,-122.426797,2
30,70,5,dn13;dn14;dn15,37.739611,-122.492203,3
30,71,1,dn1,37.774524,-122.473656,1
30,71,3,dn9,37.718779,-122.462401,1
30,71,4,dn12,37.78929,-122.426797,1
30,71,5,dn13;dn14;dn15,37.739611,-122.492203,3
30,72,3,dn9,37.718779,-122.462401,1
30,72,4,dn12,37.78929,-122.426797,1
30,72,5,dn13;dn14;dn15,37.739611,-122.492203,3
30,73,3,dn9,37.718779,-122.462401,1
30,73,4,dn12,37.78929,-122.426797,1
30,73,5,dn13;dn14;dn15,37.739611,-122.492203,3
30,74,3,dn9,37.718779,-122.462401,1
30,74,5,dn13;dn14;dn15,37.739611,-122.492203,3
30,75,3,dn9,37.718779,-122.462401,1
30,75,5,dn13;dn14;dn15,37.739611,-122.492203,3
30,76,1,dn3,37.774524,-122.473656,1
30,76,3,dn9,37.718779,-122.462401,1
30,76,5,dn13;dn14;dn15,37.739611,-122.492203,3
30,77,1,dn3,37.774524,-122.473656,1
30,77,3,dn9,37.718779,-122.462401,1
30,77,5,dn13;dn14;dn15,37.739611,-122.492203,3
30,78,3,dn9,37.718779,-122.462401,1
30,78,5,dn13;dn14;dn15,37.739611,-122.492203,3
30,79,1,dn2,37.774524,-122.473656,1
30,79,3,dn9,37.718779,-122.462401,1
30,79,5,dn13;dn14;dn15,37.739611,-122.492203,3
30,80,1,dn2,37.774524,-122.473656,1
30,80,3,dn9,37.718779,-122.462401,1
30,80,4,dn10,37.78929,-122.426797,1
30,80,5,dn13;dn14;dn15,37.739611,-122.492203,3
30,81,1,dn2,37.774524,-122.473656,1
30,81,3,dn9,37.718779,-122.462401,1
30,81,4,dn10,37.78929,-122.426797,1
30,81,5,dn13;dn14;dn15,37.739611,-122.492203,3
30,82,1,dn2,37.774524,-122.473656,1
30,82,3,dn9,37.718779,-122.462401,1
30,82,5,dn13;dn14;dn15,37.739611,-122.492203,3
30,83,1,dn2,37.774524,-122.473656,1
30,83,5,dn13;dn14;dn15,37.739611,-122.492203,3
30,84,1,dn2,37.774524,-122.473656,1
30,84,2,dn6,37.751751,-122.410654,1
30,84,5,dn13;dn14;dn15,37.739611,-122.492203,3
30,85,1,dn2,37.774524,-122.473656,1
30,85,2,dn6,37.751751,-122.410654,1
30,85,5,dn13;dn14;dn15,37.739611,-122.492203,3
30,86,1,dn3,37.774524,-122.473656,1
30,86,2,dn6,37.751751,-122.410654,1
30,86,5,dn13;dn14;dn15,37.739611,-122.492203,3
30,87,1,dn1,37.774524,-122.473656,1
30,87,2,dn6,37.751751,-122.410654,1
30,87,5,dn13;dn14;dn15,37.739611,-122.492203,3
30,88,2,dn6,37.751751,-122.410654,1
30,88,5,dn13;dn14;dn15,37.739611,-122.492203,3
30,89,2,dn6,37.751751,-122.410654,1
30,89,5,dn14;dn15,37.739611,-122.492203,2
30,90,3,dn7,37.718779,-122.462401,1
30,90,5,dn14;dn15,37.739611,-122.492203,2
30,91,3,dn7,37.718779,-122.462401,1
30,91,5,dn14;dn15,37.739611,-122.492203,2
30,92,2,dn5,37.751751,-122.410654,1
30,92,3,dn7,37.718779,-122.462401,1
30,92,5,dn14;dn15,37.739611,-122.492203,2
30,93,3,dn7,37.718779,-122.462401,1
30,93,5,dn14;dn15,37.739611,-122.492203,2
30,94,3,dn7,37.718779,-122.462401,1
30,94,5,dn14;dn15,37.739611,-122.492203,2
30,95,5,dn14;dn15,37.739611,-122.492203,2
30,96,5,dn14;dn15,37.739611,-122.492203,2
30,97,5,dn14;dn15,37.739611,-122.492203,2
30,98,5,dn14;dn15,37.739611,-122.492203,2
30,99,5,dn14;dn15,37.739611,-122.492203,2
31,0,1,dn1;dn2;dn3,37.774524,-122.473656,3
31,0,2,dn4;dn5;dn6,37.751751,-122.410654,3
31,0,3,dn7;dn8;dn9,37.718779,-122.462401,3
31,0,4,dn10;dn11;dn12,37.78929,-122.426797,3
31,0,5,dn13;dn14;dn15,37.739611,-122.492203,3
31,10,3,dn7,37.718779,-122.462401,1
31,11,1,dn2,37.774524,-122.473656,1
31,13,3,dn9,37.718779,-122.462401,1
31,16,2,dn6,37.751751,-122.410654,1
31,16,5,dn13,37.739611,-122.492203,1
31,20,1,dn1,37.774524,-122.473656,1
31,22,5,dn15,37.739611,-122.492203,1
31,24,3,dn8,37.718779,-122.462401,1
31,24,5,dn13,37.739611,-122.492203,1
31,26,1,dn1,37.774524,-122.473656,1
31,26,3,dn7,37.718779,-122.462401,1
31,28,2,dn4,37.751751,-122.410654,1
31,30,4,dn10;dn11,37.78929,-122.426797,2
31,32,1,dn3,37.774524,-122.473656,1
31,33,1,dn2;dn3,37.774524,-122.473656,2
31,34,1,dn2;dn3,37.774524,-122.473656,2
31,34,5,dn14;dn15,37.739611,-122.492203,2
31,35,1,dn3,37.774524,-122.473656,1
31,35,5,dn15,37.739611,-122.492203,1
31,36,2,dn5,37.751751,-122.410654,1
31,36,5,dn15,37.739611,-122.492203,1
31,37,3,dn9,37.718779,-122.462401,1
31,37,5,dn15,37.739611,-122.492203,1
31,38,3,dn9,37.718779,-122.462401,1
31,38,4,dn11;dn12,37.78929,-122.426797,2
31,38,5,dn15,37.739611,-122.492203,1
31,39,3,dn9,37.718779,-122.462401,1
31,39,4,dn11;dn12,37.78929,-122.426797,2
31,39,5,dn15,37.739611,-122.492203,1
31,40,3,dn9,37.718779,-122.462401,1
31,40,4,dn10;dn12,37.78929,-122.426797,2
31,40,5,dn15,37.739611,-122.492203,1
31,41,3,dn9,37.718779,-122.462401,1
31,41,4,dn10;dn12,37.78929,-122.426797,2
31,41,5,dn15,37.739611,-122.492203,1
31,42,4,dn10;dn12,37.78929,-122.426797,2
31,42,5,dn15,37.739611,-122.492203,1
31,43,4,dn12,37.78929,-122.426797,1
31,43,5,dn15,37.739611,-122.492203,1
31,44,4,dn12,37.78929,-122.426797,1
31,44,5,dn15,37.739611,-122.492203,1
31,45,4,dn12,37.78929,-122.426797,1
31,45,5,dn15,37.739611,-122.492203,1
31,46,2,dn6,37.751751,-122.410654,1
31,46,5,dn15,37.739611,-122.492203,1
31,47,1,dn2,37.774524,-122.473656,1
31,47,5,dn15,37.739611,-122.492203,1
31,48,1,dn2,37.774524,-122.473656,1
31,50,2,dn5,37.751751,-122.410654,1
31,50,5,dn13,37.739611,-122.492203,1
31,51,2,dn5,37.751751,-122.410654,1
31,56,1,dn1,37.774524,-122.473656,1
31,56,3,dn7;dn8,37.718779,-122.462401,2
31,56,5,dn15,37.739611,-122.492203,1
31,57,3,dn8;dn9,37.718779,-122.462401,2
31,57,4,dn10,37.78929,-122.426797,1
31,57,5,dn15,37.739611,-122.492203,1
31,58,3,dn8;dn9,37.718779,-122.462401,2
31,58,4,dn10,37.78929,-122.426797,1
31,59,3,dn9,37.718779,-122.462401,1
31,59,4,dn10,37.78929,-122.426797,1
31,60,4,dn10,37.78929,-122.426797,1
31,60,5,dn14,37.739611,-122.492203,1
31,61,4,dn10,37.78929,-122.426797,1
31,61,5,dn14,37.739611,-122.492203,1
31,62,4,dn10,37.78929,-122.426797,1
31,62,5,dn14,37.739611,-122.492203,1
31,63,5,dn14,37.739611,-122.492203,1
31,64,2,dn4,37.751751,-122.410654,1
31,64,5,dn13;dn14,37.739611,-122.492203,2
31,65,5,dn13;dn14,37.739611,-122.492203,2
31,66,5,dn13;dn14,37.739611,-122.492203,2
31,67,5,dn13;dn14,37.739611,-122.492203,2
31,68,3,dn9,37.718779,-122.462401,1
31,68,5,dn13;dn14;dn15,37.739611,-122.492203,3
31,69,3,dn9,37.718779,-122.462401,1
31,69,5,dn13;dn14;dn15,37.739611,-122.492203,3
31,70,3,dn9,37.718779,-122.462401,1
31,70,5,dn13;dn14;dn15,37.739611,-122.492203,3
31,71,5,dn13;dn14;dn15,37.739611,-122.492203,3
31,72,5,dn13;dn14;dn15,37.739611,-122.492203,3
31,73,5,dn13;dn14;dn15,37.739611,-122.492203,3
31,74,3,dn7,37.718779,-122.462401,1
31,74,5,dn13;dn14;dn15,37.739611,-122.492203,3
31,75,1,dn3,37.774524,-122.473656,1
31,75,3,dn7,37.718779,-122.462401,1
31,75,4,dn11,37.78929,-122.426797,1
31,75,5,dn13;dn14;dn15,37.739611,-122.492203,3
31,76,3,dn7,37.718779,-122.462401,1
31,76,5,dn13;dn14;dn15,37.739611,-122.492203,3
31,77,2,dn5,37.751751,-122.410654,1
31,77,4,dn12,37.78929,-122.426797,1
31,77,5,dn13;dn14;dn15,37.739611,-122.492203,3
31,78,1,dn2,37.774524,-122.473656,1
31,78,2,dn4;dn5,37.751751,-122.410654,2
31,78,4,dn12,37.78929,-122.426797,1
31,78,5,dn13;dn14;dn15,37.739611,-122.492203,3
31,79,1,dn2,37.774524,-122.473656,1
31,79,2,dn4;dn5,37.751751,-122.410654,2
31,79,4,dn12,37.78929,-122.426797,1
31,79,5,dn13;dn14;dn15,37.739611,-122.492203,3
31,80,1,dn2,37.774524,-122.473656,1
31,80,2,dn4;dn5,37.751751,-122.410654,2
31,80,4,dn12,37.78929,-122.426797,1
31,80,5,dn13;dn14;dn15,37.739611,-122.492203,3
31,81,2,dn4;dn5,37.751751,-122.410654,2
31,81,4,dn12,37.78929,-122.426797,1
31,81,5,dn13;dn14;dn15,37.739611,-122.492203,3
31,82,2,dn4;dn5,37.751751,-122.410654,2
31,82,4,dn12,37.78929,-122.426797,1
31,82,5,dn13;dn14;dn15,37.739611,-122.492203,3
31,83,2,dn4;dn5,37.751751,-122.410654,2
31,83,4,dn12,37.78929,-122.426797,1
31,83,5,dn13;dn14;dn15,37.739611,-122.492203,3
31,84,1,dn1,37.774524,-122.473656,1
31,84,2,dn4;dn5,37.751751,-122.410654,2
31,84,4,dn12,37.78929,-122.426797,1
31,84,5,dn13;dn14;dn15,37.739611,-122.492203,3
31,85,1,dn1,37.774524,-122.473656,1
31,85,2,dn4;dn5,37.751751,-122.410654,2
31,85,4,dn12,37.78929,-122.426797,1
31,85,5,dn13;dn14;dn15,37.739611,-122.492203,3
31,86,2,dn4;dn5,37.751751,-122.410654,2
31,86,3,dn9,37.718779,-122.462401,1
31,86,4,dn12,37.78929,-122.426797,1
31,86,5,dn13;dn14;dn15,37.739611,-122.492203,3
31,87,2,dn4;dn5,37.751751,-122.410654,2
31,87,3,dn9,37.718779,-122.462401,1
31,87,4,dn12,37.78929,-122.426797,1
31,87,5,dn14;dn15,37.739611,-122.492203,2
31,88,2,dn4;dn5,37.751751,-122.410654,2
31,88,3,dn9,37.718779,-122.462401,1
31,88,4,dn10;dn12,37.78929,-122.426797,2
31,88,5,dn14;dn15,37.739611,-122.492203,2
31,89,2,dn4;dn5,37.751751,-122.410654,2
31,89,3,dn9,37.718779,-122.462401,1
31,89,4,dn12,37.78929,-122.426797,1
31,89,5,dn14;dn15,37.739611,-122.492203,2
31,90,2,dn4;dn5,37.751751,-122.410654,2
31,90,3,dn9,37.718779,-122.462401,1
31,90,4,dn12,37.78929,-122.426797,1
31,90,5,dn14;dn15,37.739611,-122.492203,2
31,91,2,dn5,37.751751,-122.410654,1
31,91,3,dn9,37.718779,-122.462401,1
31,91,4,dn12,37.78929,-122.426797,1
31,91,5,dn14;dn15,37.739611,-122.492203,2
31,92,2,dn5,37.751751,-122.410654,1
31,92,3,dn7,37.718779,-122.462401,1
31,92,4,dn12,37.78929,-122.426797,1
31,92,5,dn14;dn15,37.739611,-122.492203,2
31,93,2,dn5,37.751751,-122.410654,1
31,93,3,dn7,37.718779,-122.462401,1
31,93,4,dn12,37.78929,-122.426797,1
31,93,5,dn14;dn15,37.739611,-122.492203,2
31,94,2,dn5,37.751751,-122.410654,1
31,94,4,dn12,37.78929,-122.426797,1
31,94,5,dn14;dn15,37.739611,-122.492203,2
31,95,1,dn3,37.774524,-122.473656,1
31,95,2,dn5,37.751751,-122.410654,1
31,95,4,dn12,37.78929,-122.426797,1
31,95,5,dn14;dn15,37.739611,-122.492203,2
31,96,1,dn2;dn3,37.774524,-122.473656,2
31,96,2,dn5;dn6,37.751751,-122.410654,2
31,96,4,dn12,37.78929,-122.426797,1
31,96,5,dn14;dn15,37.739611,-122.492203,2
31,97,1,dn2;dn3,37.774524,-122.473656,2
31,97,2,dn6,37.751751,-122.410654,1
31,97,4,dn12,37.78929,-122.426797,1
31,97,5,dn14;dn15,37.739611,-122.492203,2
31,98,1,dn2;dn3,37.774524,-122.473656,2
31,98,2,dn6,37.751751,-122.410654,1
31,98,4,dn12,37.78929,-122.426797,1
31,98,5,dn14;dn15,37.739611,-122.492203,2
31,99,1,dn3,37.774524,-122.473656,1
31,99,2,dn6,37.751751,-122.410654,1
31,99,4,dn12,37.78929,-122.426797,1
31,99,5,dn14;dn15,37.739611,-122.492203,2
32,0,1,dn1;dn2;dn3,37.774524,-122.473656,3
32,0,2,dn4;dn5;dn6,37.751751,-122.410654,3
32,0,3,dn7;dn8;dn9,37.718779,-122.462401,3
32,0,4,dn10;dn11;dn12,37.78929,-122.426797,3
32,0,5,dn13;dn14;dn15,37.739611,-122.492203,3
32,7,5,dn13,37.739611,-122.492203,1
32,8,5,dn14,37.739611,-122.492203,1
32,10,1,dn2,37.774524,-122.473656,1
32,10,3,dn7;dn9,37.718779,-122.462401,2
32,11,1,dn3,37.774524,-122.473656,1
32,14,2,dn4,37.751751,-122.410654,1
32,14,3,dn8,37.718779,-122.462401,1
32,15,5,dn13,37.739611,-122.492203,1
32,18,4,dn12,37.78929,-122.426797,1
32,18,5,dn15,37.739611,-122.492203,1
32,22,3,dn9,37.718779,-122.462401,1
32,24,2,dn6,37.751751,-122.410654,1
32,24,3,dn8,37.718779,-122.462401,1
32,25,5,dn13,37.739611,-122.492203,1
32,28,3,dn7,37.718779,-122.462401,1
32,29,1,dn3,37.774524,-122.473656,1
32,30,1,dn1,37.774524,-122.473656,1
32,30,4,dn10,37.78929,-122.426797,1
32,32,1,dn2,37.774524,-122.473656,1
32,32,4,dn11,37.78929,-122.426797,1
32,34,5,dn14,37.739611,-122.492203,1
32,36,3,dn7,37.718779,-122.462401,1
32,36,5,dn14,37.739611,-122.492203,1
32,38,3,dn8,37.718779,-122.462401,1
32,40,2,dn6,37.751751,-122.410654,1
32,40,3,dn9,37.718779,-122.462401,1
32,40,5,dn15,37.739611,-122.492203,1
32,41,5,dn13;dn15,37.739611,-122.492203,2
32,42,3,dn8,37.718779,-122.462401,1
32,42,5,dn13;dn15,37.739611,-122.492203,2
32,43,3,dn8,37.718779,-122.462401,1
32,43,5,dn13;dn15,37.739611,-122.492203,2
32,44,3,dn8,37.718779,-122.462401,1
32,44,5,dn13;dn15,37.739611,-122.492203,2
32,45,1,dn3,37.774524,-122.473656,1
32,45,3,dn8,37.718779,-122.462401,1
32,45,5,dn13;dn15,37.739611,-122.492203,2
32,46,5,dn13;dn15,37.739611,-122.492203,2
32,47,5,dn13;dn15,37.739611,-122.492203,2
32,48,2,dn4,37.751751,-122.410654,1
32,48,5,dn13;dn14;dn15,37.739611,-122.492203,3
32,49,5,dn13;dn14;dn15,37.739611,-122.492203,3
32,50,1,dn1,37.774524,-122.473656,1
32,50,4,dn12,37.78929,-122.426797,1
32,50,5,dn14;dn15,37.739611,-122.492203,2
32,51,3,dn9,37.718779,-122.462401,1
32,51,5,dn14;dn15,37.739611,-122.492203,2
32,52,1,dn2,37.774524,-122.473656,1
32,52,5,dn14;dn15,37.739611,-122.492203,2
32,53,5,dn14;dn15,37.739611,-122.492203,2
32,54,2,dn5,37.751751,-122.410654,1
32,54,4,dn10,37.78929,-122.426797,1
32,54,5,dn15,37.739611,-122.492203,1
32,55,3,dn8,37.718779,-122.462401,1
32,55,4,dn10,37.78929,-122.426797,1
32,55,5,dn15,37.739611,-122.492203,1
32,56,3,dn8,37.718779,-122.462401,1
32,56,4,dn11,37.78929,-122.426797,1
32,56,5,dn15,37.739611,-122.492203,1
32,57,3,dn8,37.718779,-122.462401,1
32,57,4,dn11,37.78929,-122.426797,1
32,57,5,dn15,37.739611,-122.492203,1
32,58,4,dn11,37.78929,-122.426797,1
32,58,5,dn15,37.739611,-122.492203,1
32,59,4,dn11,37.78929,-122.426797,1
32,59,5,dn15,37.739611,-122.492203,1
32,60,2,dn4;dn6,37.751751,-122.410654,2
32,60,4,dn11,37.78929,-122.426797,1
32,61,2,dn4;dn6,37.751751,-122.410654,2
32,61,4,dn11,37.78929,-122.426797,1
32,62,2,dn4;dn6,37.751751,-122.410654,2
32,62,4,dn11,37.78929,-122.426797,1
32,63,2,dn4;dn6,37.751751,-122.410654,2
32,63,4,dn11,37.78929,-122.426797,1
32,64,2,dn4;dn6,37.751751,-122.410654,2
32,64,4,dn11,37.78929,-122.426797,1
32,65,2,dn4;dn6,37.751751,-122.410654,2
32,65,3,dn8,37.718779,-122.462401,1
32,65,4,dn11,37.78929,-122.426797,1
32,66,2,dn4;dn6,37.751751,-122.410654,2
32,66,3,dn8,37.718779,-122.462401,1
32,66,4,dn11,37.78929,-122.426797,1
32,67,2,dn4;dn6,37.751751,-122.410654,2
32,67,3,dn8;dn9,37.718779,-122.462401,2
32,67,4,dn11,37.78929,-122.426797,1
32,68,2,dn4;dn6,37.751751,-122.410654,2
32,68,3,dn8;dn9,37.718779,-122.462401,2
32,68,4,dn11;dn12,37.78929,-122.426797,2
32,69,2,dn4;dn5;dn6,37.751751,-122.410654,3
32,69,3,dn8;dn9,37.718779,-122.462401,2
32,69,4,dn11;dn12,37.78929,-122.426797,2
32,70,2,dn4;dn5;dn6,37.751751,-122.410654,3
32,70,3,dn9,37.718779,-122.462401,1
32,70,4,dn11;dn12,37.78929,-122.426797,2
32,70,5,dn15,37.739611,-122.492203,1
32,71,2,dn4;dn5;dn6,37.751751,-122.410654,3
32,71,3,dn9,37.718779,-122.462401,1
32,71,4,dn11;dn12,37.78929,-122.426797,2
32,71,5,dn13,37.739611,-122.492203,1
32,72,2,dn5;dn6,37.751751,-122.410654,2
32,72,3,dn9,37.718779,-122.462401,1
32,72,4,dn11;dn12,37.78929,-122.426797,2
32,72,5,dn13,37.739611,-122.492203,1
32,73,2,dn5;dn6,37.751751,-122.410654,2
32,73,3,dn9,37.718779,-122.462401,1
32,73,4,dn11;dn12,37.78929,-122.426797,2
32,73,5,dn13;dn14,37.739611,-122.492203,2
32,74,1,dn1,37.774524,-122.473656,1
32,74,2,dn5;dn6,37.751751,-122.410654,2
32,74,3,dn7;dn9,37.718779,-122.462401,2
32,74,4,dn12,37.78929,-122.426797,1
32,74,5,dn13;dn14;dn15,37.739611,-122.492203,3
32,75,2,dn6,37.751751,-122.410654,1
32,75,3,dn7;dn9,37.718779,-122.462401,2
32,75,4,dn12,37.78929,-122.426797,1
32,75,5,dn13;dn14;dn15,37.739611,-122.492203,3
32,76,2,dn6,37.751751,-122.410654,1
32,76,3,dn7;dn9,37.718779,-122.462401,2
32,76,4,dn12,37.78929,-122.426797,1
32,76,5,dn13;dn14;dn15,37.739611,-122.492203,3
32,77,1,dn3,37.774524,-122.473656,1
32,77,3,dn7;dn9,37.718779,-122.462401,2
32,77,4,dn12,37.78929,-122.426797,1
32,77,5,dn13;dn14;dn15,37.739611,-122.492203,3
32,78,1,dn3,37.774524,-122.473656,1
32,78,3,dn7;dn9,37.718779,-122.462401,2
32,78,4,dn12,37.78929,-122.426797,1
32,78,5,dn13;dn14;dn15,37.739611,-122.492203,3
32,79,1,dn3,37.774524,-122.473656,1
32,79,3,dn7;dn9,37.718779,-122.462401,2
32,79,4,dn12,37.78929,-122.426797,1
32,79,5,dn13;dn14;dn15,37.739611,-122.492203,3
32,80,3,dn7;dn9,37.718779,-122.462401,2
32,80,4,dn12,37.78929,-122.426797,1
32,80,5,dn13;dn14;dn15,37.739611,-122.492203,3
32,81,3,dn7;dn9,37.718779,-122.462401,2
32,81,4,dn12,37.78929,-122.426797,1
32,81,5,dn13;dn14;dn15,37.739611,-122.492203,3
32,82,3,dn7;dn9,37.718779,-122.462401,2
32,82,4,dn12,37.78929,-122.426797,1
32,82,5,dn13;dn14;dn15,37.739611,-122.492203,3
32,83,3,dn7;dn9,37.718779,-122.462401,2
32,83,4,dn12,37.78929,-122.426797,1
32,83,5,dn13;dn14;dn15,37.739611,-122.492203,3
32,84,3,dn9,37.718779,-122.462401,1
32,84,4,dn12,37.78929,-122.426797,1
32,84,5,dn13;dn14;dn15,37.739611,-122.492203,3
32,85,3,dn9,37.718779,-122.462401,1
32,85,4,dn12,37.78929,-122.426797,1
32,85,5,dn13;dn14;dn15,37.739611,-122.492203,3
32,86,4,dn11;dn12,37.78929,-122.426797,2
32,86,5,dn13;dn14;dn15,37.739611,-122.492203,3
32,87,2,dn4,37.751751,-122.410654,1
32,87,3,dn8,37.718779,-122.462401,1
32,87,4,dn12,37.78929,-122.426797,1
32,87,5,dn13;dn14;dn15,37.739611,-122.492203,3
32,88,2,dn4,37.751751,-122.410654,1
32,88,3,dn8,37.718779,-122.462401,1
32,88,4,dn12,37.78929,-122.426797,1
32,88,5,dn13;dn14;dn15,37.739611,-122.492203,3
32,89,2,dn4,37.751751,-122.410654,1
32,89,3,dn8,37.718779,-122.462401,1
32,89,4,dn12,37.78929,-122.426797,1
32,89,5,dn13;dn14;dn15,37.739611,-122.492203,3
32,90,1,dn2,37.774524,-122.473656,1
32,90,3,dn8,37.718779,-122.462401,1
32,90,4,dn12,37.78929,-122.426797,1
32,90,5,dn13;dn14;dn15,37.739611,-122.492203,3
32,91,1,dn2,37.774524,-122.473656,1
32,91,3,dn8,37.718779,-122.462401,1
32,91,4,dn12,37.78929,-122.426797,1
32,91,5,dn13;dn14;dn15,37.739611,-122.492203,3
32,92,1,dn2,37.774524,-122.473656,1
32,92,3,dn8,37.718779,-122.462401,1
32,92,4,dn12,37.78929,-122.426797,1
32,92,5,dn13;dn14;dn15,37.739611,-122.492203,3
32,93,1,dn2,37.774524,-122.473656,1
32,93,3,dn8,37.718779,-122.462401,1
32,93,4,dn10;dn12,37.78929,-122.426797,2
32,93,5,dn13;dn14;dn15,37.739611,-122.492203,3
32,94,1,dn2,37.774524,-122.473656,1
32,94,3,dn8,37.718779,-122.462401,1
32,94,4,dn10;dn12,37.78929,-122.426797,2
32,94,5,dn13;dn14;dn15,37.739611,-122.492203,3
32,95,1,dn2,37.774524,-122.473656,1
32,95,3,dn8,37.718779,-122.462401,1
32,95,4,dn10;dn12,37.78929,-122.426797,2
32,95,5,dn13;dn14;dn15,37.739611,-122.492203,3
32,96,1,dn2,37.774524,-122.473656,1
32,96,3,dn8,37.718779,-122.462401,1
32,96,4,dn10;dn12,37.78929,-122.426797,2
32,96,5,dn13;dn14;dn15,37.739611,-122.492203,3
32,97,1,dn2;dn3,37.774524,-122.473656,2
32,97,3,dn7;dn8,37.718779,-122.462401,2
32,97,4,dn12,37.78929,-122.426797,1
32,97,5,dn13;dn14;dn15,37.739611,-122.492203,3
32,98,1,dn3,37.774524,-122.473656,1
32,98,3,dn7;dn8,37.718779,-122.462401,2
32,98,4,dn12,37.78929,-122.426797,1
32,98,5,dn13;dn14;dn15,37.739611,-122.492203,3
32,99,1,dn3,37.774524,-122.473656,1
32,99,3,dn7;dn8,37.718779,-122.462401,2
32,99,5,dn13;dn14;dn15,37.739611,-122.492203,3
33,0,1,dn1;dn2;dn3,37.774524,-122.473656,3
33,0,2,dn4;dn5;dn6,37.751751,-122.410654,3
33,0,3,dn7;dn8;dn9,37.718779,-122.462401,3
33,0,4,dn10;dn11;dn12,37.78929,-122.426797,3
33,0,5,dn13;dn14;dn15,37.739611,-122.492203,3
33,8,5,dn13,37.739611,-122.492203,1
33,10,1,dn1,37.774524,-122.473656,1
33,11,5,dn15,37.739611,-122.492203,1
33,12,5,dn14,37.739611,-122.492203,1
33,13,2,dn5,37.751751,-122.410654,1
33,14,3,dn7,37.718779,-122.462401,1
33,16,3,dn9,37.718779,-122.462401,1
33,18,1,dn2,37.774524,-122.473656,1
33,18,4,dn12,37.78929,-122.426797,1
33,18,5,dn14,37.739611,-122.492203,1
33,26,5,dn13,37.739611,-122.492203,1
33,30,1,dn3,37.774524,-122.473656,1
33,30,3,dn8,37.718779,-122.462401,1
33,30,4,dn10,37.78929,-122.426797,1
33,30,5,dn13,37.739611,-122.492203,1
33,32,1,dn2,37.774524,-122.473656,1
33,33,2,dn5,37.751751,-122.410654,1
33,33,5,dn15,37.739611,-122.492203,1
33,34,1,dn1,37.774524,-122.473656,1
33,34,3,dn8,37.718779,-122.462401,1
33,34,4,dn11,37.78929,-122.426797,1
33,34,5,dn14,37.739611,-122.492203,1
33,35,3,dn8,37.718779,-122.462401,1
33,35,5,dn14,37.739611,-122.492203,1
33,36,3,dn7,37.718779,-122.462401,1
33,36,5,dn14,37.739611,-122.492203,1
33,37,3,dn7,37.718779,-122.462401,1
33,37,5,dn14,37.739611,-122.492203,1
33,38,2,dn6,37.751751,-122.410654,1
33,38,3,dn7,37.718779,-122.462401,1
33,38,5,dn14,37.739611,-122.492203,1
33,39,3,dn7,37.718779,-122.462401,1
33,39,5,dn14,37.739611,-122.492203,1
33,40,5,dn14,37.739611,-122.492203,1
33,42,2,dn4,37.751751,-122.410654,1
33,44,5,dn13,37.739611,-122.492203,1
33,45,5,dn15,37.739611,-122.492203,1
33,46,1,dn3,37.774524,-122.473656,1
33,48,4,dn10,37.78929,-122.426797,1
33,51,2,dn5,37.751751,-122.410654,1
33,52,3,dn9,37.718779,-122.462401,1
33,53,5,dn15,37.739611,-122.492203,1
33,56,3,dn7,37.718779,-122.462401,1
33,57,3,dn7,37.718779,-122.462401,1
33,58,3,dn7,37.718779,-122.462401,1
33,58,4,dn12,37.78929,-122.426797,1
33,59,3,dn7,37.718779,-122.462401,1
33,60,3,dn7,37.718779,-122.462401,1
33,61,3,dn7,37.718779,-122.462401,1
33,62,1,dn2,37.774524,-122.473656,1
33,62,3,dn7;dn9,37.718779,-122.462401,2
33,62,5,dn13,37.739611,-122.492203,1
33,63,3,dn7;dn9,37.718779,-122.462401,2
33,63,5,dn13,37.739611,-122.492203,1
33,64,1,dn3,37.774524,-122.473656,1
33,64,3,dn7;dn9,37.718779,-122.462401,2
33,64,5,dn13,37.739611,-122.492203,1
33,65,3,dn7;dn8;dn9,37.718779,-122.462401,3
33,65,5,dn13,37.739611,-122.492203,1
33,66,1,dn1,37.774524,-122.473656,1
33,66,3,dn7;dn8;dn9,37.718779,-122.462401,3
33,66,5,dn13;dn14,37.739611,-122.492203,2
33,67,1,dn1,37.774524,-122.473656,1
33,67,3,dn7;dn8;dn9,37.718779,-122.462401,3
33,67,5,dn13;dn14,37.739611,-122.492203,2
33,68,1,dn1,37.774524,-122.473656,1
33,68,3,dn8;dn9,37.718779,-122.462401,2
33,68,5,dn13;dn14,37.739611,-122.492203,2
33,69,3,dn8;dn9,37.718779,-122.462401,2
33,69,5,dn13;dn14;dn15,37.739611,-122.492203,3
33,70,3,dn8;dn9,37.718779,-122.462401,2
33,70,5,dn13;dn14;dn15,37.739611,-122.492203,3
33,71,3,dn8;dn9,37.718779,-122.462401,2
33,71,5,dn13;dn14;dn15,37.739611,-122.492203,3
33,72,3,dn8;dn9,37.718779,-122.462401,2
33,72,5,dn13;dn14;dn15,37.739611,-122.492203,3
33,73,3,dn9,37.718779,-122.462401,1
33,73,5,dn13;dn14;dn15,37.739611,-122.492203,3
33,74,3,dn9,37.718779,-122.462401,1
33,74,4,dn11,37.78929,-122.426797,1
33,74,5,dn13;dn14;dn15,37.739611,-122.492203,3
33,75,5,dn13;dn14;dn15,37.739611,-122.492203,3
33,76,5,dn13;dn14;dn15,37.739611,-122.492203,3
33,77,5,dn13;dn14;dn15,37.739611,-122.492203,3
33,78,5,dn13;dn14;dn15,37.739611,-122.492203,3
33,79,5,dn13;dn14;dn15,37.739611,-122.492203,3
33,80,2,dn4,37.751751,-122.410654,1
33,80,5,dn13;dn14;dn15,37.739611,-122.492203,3
33,81,3,dn7,37.718779,-122.462401,1
33,81,5,dn13;dn14;dn15,37.739611,-122.492203,3
33,82,2,dn6,37.751751,-122.410654,1
33,82,3,dn7,37.718779,-122.462401,1
33,82,5,dn13;dn14;dn15,37.739611,-122.492203,3
33,83,2,dn6,37.751751,-122.410654,1
33,83,3,dn7,37.718779,-122.462401,1
33,83,5,dn13;dn14;dn15,37.739611,-122.492203,3
33,84,2,dn6,37.751751,-122.410654,1
33,84,3,dn7,37.718779,-122.462401,1
33,84,5,dn13;dn14;dn15,37.739611,-122.492203,3
33,85,3,dn7,37.718779,-122.462401,1
33,85,5,dn13;dn14;dn15,37.739611,-122.492203,3
33,86,3,dn7,37.718779,-122.462401,1
33,86,5,dn13;dn14;dn15,37.739611,-122.492203,3
33,87,5,dn13;dn14;dn15,37.739611,-122.492203,3
33,88,3,dn9,37.718779,-122.462401,1
33,88,4,dn10;dn12,37.78929,-122.426797,2
33,88,5,dn13;dn14;dn15,37.739611,-122.492203,3
33,89,2,dn5,37.751751,-122.410654,1
33,89,4,dn10;dn12,37.78929,-122.426797,2
33,89,5,dn13;dn14;dn15,37.739611,-122.492203,3
33,90,1,dn2;dn3,37.774524,-122.473656,2
33,90,2,dn5,37.751751,-122.410654,1
33,90,4,dn10;dn12,37.78929,-122.426797,2
33,90,5,dn13;dn14;dn15,37.739611,-122.492203,3
33,91,1,dn2;dn3,37.774524,-122.473656,2
33,91,2,dn5,37.751751,-122.410654,1
33,91,4,dn10;dn12,37.78929,-122.426797,2
33,91,5,dn13;dn14;dn15,37.739611,-122.492203,3
33,92,1,dn2;dn3,37.774524,-122.473656,2
33,92,2,dn5,37.751751,-122.410654,1
33,92,4,dn10;dn12,37.78929,-122.426797,2
33,92,5,dn13;dn14;dn15,37.739611,-122.492203,3
33,93,1,dn2;dn3,37.774524,-122.473656,2
33,93,2,dn5,37.751751,-122.410654,1
33,93,4,dn10;dn12,37.78929,-122.426797,2
33,93,5,dn13;dn14;dn15,37.739611,-122.492203,3
33,94,1,dn2;dn3,37.774524,-122.473656,2
33,94,2,dn5,37.751751,-122.410654,1
33,94,4,dn10;dn12,37.78929,-122.426797,2
33,94,5,dn13;dn14;dn15,37.739611,-122.492203,3
33,95,1,dn2;dn3,37.774524,-122.473656,2
33,95,2,dn5,37.751751,-122.410654,1
33,95,4,dn10;dn12,37.78929,-122.426797,2
33,95,5,dn14;dn15,37.739611,-122.492203,2
33,96,1,dn2;dn3,37.774524,-122.473656,2
33,96,4,dn10;dn11;dn12,37.78929,-122.426797,3
33,96,5,dn14;dn15,37.739611,-122.492203,2
33,97,1,dn3,37.774524,-122.473656,1
33,97,4,dn10;dn11;dn12,37.78929,-122.426797,3
33,97,5,dn14;dn15,37.739611,-122.492203,2
33,98,1,dn3,37.774524,-122.473656,1
33,98,4,dn10;dn11;dn12,37.78929,-122.426797,3
33,98,5,dn14;dn15,37.739611,-122.492203,2
33,99,1,dn3,37.774524,-122.473656,1
33,99,4,dn10;dn11;dn12,37.78929,-122.426797,3
33,99,5,dn14;dn15,37.739611,-122.492203,2
34,0,1,dn1;dn2;dn3,37.774524,-122.473656,3
34,0,2,dn4;dn5;dn6,37.751751,-122.410654,3
34,0,3,dn7;dn8;dn9,37.718779,-122.462401,3
34,0,4,dn10;dn11;dn12,37.78929,-122.426797,3
34,0,5,dn13;dn14;dn15,37.739611,-122.492203,3
34,6,3,dn8,37.718779,-122.462401,1
34,10,5,dn13,37.739611,-122.492203,1
34,11,1,dn3,37.774524,-122.473656,1
34,11,5,dn14,37.739611,-122.492203,1
34,12,3,dn7,37.718779,-122.462401,1
34,14,5,dn13;dn15,37.739611,-122.492203,2
34,15,5,dn14,37.739611,-122.492203,1
34,16,5,dn13,37.739611,-122.492203,1
34,20,3,dn8,37.718779,-122.462401,1
34,22,1,dn2,37.774524,-122.473656,1
34,28,3,dn9,37.718779,-122.462401,1
34,33,1,dn3,37.774524,-122.473656,1
34,33,5,dn14,37.739611,-122.492203,1
34,34,1,dn1,37.774524,-122.473656,1
34,34,2,dn5;dn6,37.751751,-122.410654,2
34,34,4,dn12,37.78929,-122.426797,1
34,36,5,dn13,37.739611,-122.492203,1
34,38,4,dn11,37.78929,-122.426797,1
34,38,5,dn15,37.739611,-122.492203,1
34,40,4,dn10,37.78929,-122.426797,1
34,43,1,dn3,37.774524,-122.473656,1
34,48,3,dn7;dn8;dn9,37.718779,-122.462401,3
34,49,5,dn14,37.739611,-122.492203,1
34,50,2,dn4,37.751751,-122.410654,1
34,51,2,dn4,37.751751,-122.410654,1
34,52,2,dn4,37.751751,-122.410654,1
34,52,5,dn13,37.739611,-122.492203,1
34,55,1,dn3,37.774524,-122.473656,1
34,56,1,dn2,37.774524,-122.473656,1
34,56,5,dn15,37.739611,-122.492203,1
34,57,1,dn2,37.774524,-122.473656,1
34,57,5,dn15,37.739611,-122.492203,1
34,58,1,dn2,37.774524,-122.473656,1
34,58,4,dn12,37.78929,-122.426797,1
34,59,4,dn12,37.78929,-122.426797,1
34,59,5,dn14,37.739611,-122.492203,1
34,60,4,dn10;dn12,37.78929,-122.426797,2
34,60,5,dn14,37.739611,-122.492203,1
34,61,4,dn10;dn12,37.78929,-122.426797,2
34,61,5,dn14,37.739611,-122.492203,1
34,62,3,dn9,37.718779,-122.462401,1
34,62,4,dn10;dn12,37.78929,-122.426797,2
34,62,5,dn13;dn14,37.739611,-122.492203,2
34,63,3,dn9,37.718779,-122.462401,1
34,63,4,dn10;dn12,37.78929,-122.426797,2
34,63,5,dn13;dn14,37.739611,-122.492203,2
34,64,3,dn9,37.718779,-122.462401,1
34,64,4,dn10;dn12,37.78929,-122.426797,2
34,64,5,dn13;dn14,37.739611,-122.492203,2
34,65,1,dn3,37.774524,-122.473656,1
34,65,3,dn9,37.718779,-122.462401,1
34,65,4,dn10;dn12,37.78929,-122.426797,2
34,65,5,dn13;dn14,37.739611,-122.492203,2
34,66,1,dn1,37.774524,-122.473656,1
34,66,3,dn9,37.718779,-122.462401,1
34,66,4,dn10;dn12,37.78929,-122.426797,2
34,66,5,dn13;dn14,37.739611,-122.492203,2
34,67,1,dn1,37.774524,-122.473656,1
34,67,3,dn9,37.718779,-122.462401,1
34,67,4,dn10;dn12,37.78929,-122.426797,2
34,67,5,dn13;dn14,37.739611,-122.492203,2
34,68,1,dn1,37.774524,-122.473656,1
34,68,3,dn8,37.718779,-122.462401,1
34,68,4,dn10;dn12,37.78929,-122.426797,2
34,68,5,dn13;dn14,37.739611,-122.492203,2
34,69,1,dn1,37.774524,-122.473656,1
34,69,3,dn8,37.718779,-122.462401,1
34,69,4,dn10;dn12,37.78929,-122.426797,2
34,69,5,dn13;dn14,37.739611,-122.492203,2
34,70,1,dn1,37.774524,-122.473656,1
34,70,2,dn6,37.751751,-122.410654,1
34,70,3,dn8,37.718779,-122.462401,1
34,70,4,dn10;dn12,37.78929,-122.426797,2
34,70,5,dn13;dn14,37.739611,-122.492203,2
34,71,1,dn1,37.774524,-122.473656,1
34,71,3,dn8,37.718779,-122.462401,1
34,71,4,dn10;dn12,37.78929,-122.426797,2
34,71,5,dn13;dn14;dn15,37.739611,-122.492203,3
34,72,1,dn1,37.774524,-122.473656,1
34,72,4,dn10;dn12,37.78929,-122.426797,2
34,72,5,dn13;dn14;dn15,37.739611,-122.492203,3
34,73,4,dn10;dn12,37.78929,-122.426797,2
34,73,5,dn13;dn14;dn15,37.739611,-122.492203,3
34,74,4,dn12,37.78929,-122.426797,1
34,74,5,dn13;dn14;dn15,37.739611,-122.492203,3
34,75,4,dn12,37.78929,-122.426797,1
34,75,5,dn13;dn14;dn15,37.739611,-122.492203,3
34,76,4,dn12,37.78929,-122.426797,1
34,76,5,dn13;dn14;dn15,37.739611,-122.492203,3
34,77,4,dn12,37.78929,-122.426797,1
34,77,5,dn13;dn14;dn15,37.739611,-122.492203,3
34,78,2,dn5,37.751751,-122.410654,1
34,78,4,dn12,37.78929,-122.426797,1
34,78,5,dn13;dn14;dn15,37.739611,-122.492203,3
34,79,4,dn12,37.78929,-122.426797,1
34,79,5,dn14;dn15,37.739611,-122.492203,2
34,80,1,dn2,37.774524,-122.473656,1
34,80,4,dn12,37.78929,-122.426797,1
34,80,5,dn14;dn15,37.739611,-122.492203,2
34,81,1,dn3,37.774524,-122.473656,1
34,81,4,dn12,37.78929,-122.426797,1
34,81,5,dn14;dn15,37.739611,-122.492203,2
34,82,1,dn3,37.774524,-122.473656,1
34,82,3,dn7,37.718779,-122.462401,1
34,82,4,dn12,37.78929,-122.426797,1
34,82,5,dn14;dn15,37.739611,-122.492203,2
34,83,1,dn3,37.774524,-122.473656,1
34,83,3,dn7,37.718779,-122.462401,1
34,83,4,dn12,37.78929,-122.426797,1
34,83,5,dn14;dn15,37.739611,-122.492203,2
34,84,3,dn7,37.718779,-122.462401,1
34,84,4,dn12,37.78929,-122.426797,1
34,84,5,dn14;dn15,37.739611,-122.492203,2
34,85,3,dn7,37.718779,-122.462401,1
34,85,4,dn12,37.78929,-122.426797,1
34,85,5,dn14;dn15,37.739611,-122.492203,2
34,86,3,dn7;dn8,37.718779,-122.462401,2
34,86,4,dn10;dn12,37.78929,-122.426797,2
34,86,5,dn14;dn15,37.739611,-122.492203,2
34,87,3,dn8,37.718779,-122.462401,1
34,87,4,dn10;dn12,37.78929,-122.426797,2
34,87,5,dn14;dn15,37.739611,-122.492203,2
34,88,2,dn4,37.751751,-122.410654,1
34,88,4,dn10;dn11;dn12,37.78929,-122.426797,3
34,88,5,dn14;dn15,37.739611,-122.492203,2
34,89,3,dn9,37.718779,-122.462401,1
34,89,4,dn10;dn11;dn12,37.78929,-122.426797,3
34,89,5,dn13;dn14;dn15,37.739611,-122.492203,3
34,90,3,dn9,37.718779,-122.462401,1
34,90,4,dn10;dn11;dn12,37.78929,-122.426797,3
34,90,5,dn13;dn14;dn15,37.739611,-122.492203,3
34,91,3,dn9,37.718779,-122.462401,1
34,91,4,dn10;dn11;dn12,37.78929,-122.426797,3
34,91,5,dn13;dn14;dn15,37.739611,-122.492203,3
34,92,3,dn9,37.718779,-122.462401,1
34,92,4,dn11;dn12,37.78929,-122.426797,2
34,92,5,dn13;dn14;dn15,37.739611,-122.492203,3
34,93,3,dn9,37.718779,-122.462401,1
34,93,4,dn11;dn12,37.78929,-122.426797,2
34,93,5,dn13;dn14;dn15,37.739611,-122.492203,3
34,94,1,dn3,37.774524,-122.473656,1
34,94,3,dn9,37.718779,-122.462401,1
34,94,4,dn11;dn12,37.78929,-122.426797,2
34,94,5,dn13;dn14;dn15,37.739611,-122.492203,3
34,95,4,dn11;dn12,37.78929,-122.426797,2
34,95,5,dn13;dn14;dn15,37.739611,-122.492203,3
34,96,4,dn12,37.78929,-122.426797,1
34,96,5,dn13;dn14;dn15,37.739611,-122.492203,3
34,97,4,dn12,37.78929,-122.426797,1
34,97,5,dn13;dn14;dn15,37.739611,-122.492203,3
34,98,1,dn1,37.774524,-122.473656,1
34,98,5,dn13;dn14;dn15,37.739611,-122.492203,3
34,99,1,dn1,37.774524,-122.473656,1
34,99,5,dn13;dn14;dn15,37.739611,-122.492203,3
35,0,1,dn1;dn2;dn3,37.774524,-122.473656,3
35,0,2,dn4;dn5;dn6,37.751751,-122.410654,3
35,0,3,dn7;dn8;dn9,37.718779,-122.462401,3
35,0,4,dn10;dn11;dn12,37.78929,-122.426797,3
35,0,5,dn13;dn14;dn15,37.739611,-122.492203,3
35,6,3,dn8,37.718779,-122.462401,1
35,8,5,dn14,37.739611,-122.492203,1
35,10,3,dn9,37.718779,-122.462401,1
35,10,5,dn15,37.739611,-122.492203,1
35,11,5,dn13,37.739611,-122.492203,1
35,12,2,dn6,37.751751,-122.410654,1
35,14,1,dn1,37.774524,-122.473656,1
35,14,5,dn14,37.739611,-122.492203,1
35,15,5,dn14,37.739611,-122.492203,1
35,16,5,dn14,37.739611,-122.492203,1
35,18,1,dn2,37.774524,-122.473656,1
35,18,2,dn5,37.751751,-122.410654,1
35,18,5,dn15,37.739611,-122.492203,1
35,19,5,dn15,37.739611,-122.492203,1
35,20,5,dn15,37.739611,-122.492203,1
35,22,4,dn11,37.78929,-122.426797,1
35,24,3,dn8,37.718779,-122.462401,1
35,25,5,dn13,37.739611,-122.492203,1
35,26,3,dn9,37.718779,-122.462401,1
35,26,4,dn12,37.78929,-122.426797,1
35,27,3,dn9,37.718779,-122.462401,1
35,27,4,dn12,37.78929,-122.426797,1
35,28,3,dn9,37.718779,-122.462401,1
35,28,4,dn12,37.78929,-122.426797,1
35,28,5,dn14,37.739611,-122.492203,1
35,29,3,dn9,37.718779,-122.462401,1
35,29,4,dn12,37.78929,-122.426797,1
35,29,5,dn14,37.739611,-122.492203,1
35,30,3,dn7,37.718779,-122.462401,1
35,30,4,dn12,37.78929,-122.426797,1
35,30,5,dn14,37.739611,-122.492203,1
35,31,3,dn7,37.718779,-122.462401,1
35,31,5,dn14,37.739611,-122.492203,1
35,32,3,dn7,37.718779,-122.462401,1
35,32,5,dn14,37.739611,-122.492203,1
35,33,3,dn7,37.718779,-122.462401,1
35,33,5,dn14,37.739611,-122.492203,1
35,34,5,dn14,37.739611,-122.492203,1
35,35,5,dn14,37.739611,-122.492203,1
35,36,2,dn4,37.751751,-122.410654,1
35,36,5,dn14,37.739611,-122.492203,1
35,37,5,dn14,37.739611,-122.492203,1
35,38,2,dn6,37.751751,-122.410654,1
35,38,5,dn14,37.739611,-122.492203,1
35,39,2,dn6,37.751751,-122.410654,1
35,39,3,dn9,37.718779,-122.462401,1
35,39,5,dn14,37.739611,-122.492203,1
35,40,1,dn3,37.774524,-122.473656,1
35,40,2,dn6,37.751751,-122.410654,1
35,40,5,dn14;dn15,37.739611,-122.492203,2
35,41,2,dn6,37.751751,-122.410654,1
35,41,5,dn14;dn15,37.739611,-122.492203,2
35,42,5,dn14;dn15,37.739611,-122.492203,2
35,43,5,dn13;dn15,37.739611,-122.492203,2
35,44,4,dn10,37.78929,-122.426797,1
35,44,5,dn13;dn15,37.739611,-122.492203,2
35,45,5,dn15,37.739611,-122.492203,1
35,46,1,dn1,37.774524,-122.473656,1
35,46,3,dn7;dn8,37.718779,-122.462401,2
35,46,5,dn15,37.739611,-122.492203,1
35,47,1,dn1,37.774524,-122.473656,1
35,47,3,dn7;dn8,37.718779,-122.462401,2
35,47,5,dn15,37.739611,-122.492203,1
35,48,1,dn1;dn2,37.774524,-122.473656,2
35,48,3,dn8,37.718779,-122.462401,1
35,48,5,dn15,37.739611,-122.492203,1
35,49,1,dn2,37.774524,-122.473656,1
35,49,3,dn8,37.718779,-122.462401,1
35,49,5,dn15,37.739611,-122.492203,1
35,50,1,dn2,37.774524,-122.473656,1
35,50,3,dn8,37.718779,-122.462401,1
35,50,5,dn15,37.739611,-122.492203,1
35,51,1,dn2,37.774524,-122.473656,1
35,51,3,dn9,37.718779,-122.462401,1
35,51,5,dn15,37.739611,-122.492203,1
35,52,1,dn2,37.774524,-122.473656,1
35,52,3,dn9,37.718779,-122.462401,1
35,52,5,dn15,37.739611,-122.492203,1
35,53,3,dn9,37.718779,-122.462401,1
35,53,5,dn15,37.739611,-122.492203,1
35,54,3,dn9,37.718779,-122.462401,1
35,54,5,dn15,37.739611,-122.492203,1
35,55,3,dn9,37.718779,-122.462401,1
35,55,5,dn15,37.739611,-122.492203,1
35,56,3,dn9,37.718779,-122.462401,1
35,56,5,dn13;dn15,37.739611,-122.492203,2
35,57,3,dn9,37.718779,-122.462401,1
35,57,5,dn13;dn15,37.739611,-122.492203,2
35,58,1,dn3,37.774524,-122.473656,1
35,58,4,dn12,37.78929,-122.426797,1
35,58,5,dn13;dn15,37.739611,-122.492203,2
35,59,1,dn3,37.774524,-122.473656,1
35,59,3,dn7,37.718779,-122.462401,1
35,59,5,dn13;dn15,37.739611,-122.492203,2
35,60,1,dn3,37.774524,-122.473656,1
35,60,3,dn7,37.718779,-122.462401,1
35,60,5,dn13;dn15,37.739611,-122.492203,2
35,61,1,dn3,37.774524,-122.473656,1
35,61,3,dn7,37.718779,-122.462401,1
35,61,5,dn13;dn15,37.739611,-122.492203,2
35,62,2,dn5,37.751751,-122.410654,1
35,62,3,dn7,37.718779,-122.462401,1
35,62,5,dn13;dn15,37.739611,-122.492203,2
35,63,1,dn2,37.774524,-122.473656,1
35,63,5,dn13;dn15,37.739611,-122.492203,2
35,64,5,dn13;dn15,37.739611,-122.492203,2
35,65,5,dn15,37.739611,-122.492203,1
35,66,4,dn10,37.78929,-122.426797,1
35,66,5,dn14,37.739611,-122.492203,1
35,67,4,dn10,37.78929,-122.426797,1
35,67,5,dn14,37.739611,-122.492203,1
35,68,4,dn10,37.78929,-122.426797,1
35,68,5,dn14,37.739611,-122.492203,1
35,69,4,dn10,37.78929,-122.426797,1
35,69,5,dn14,37.739611,-122.492203,1
35,70,1,dn1,37.774524,-122.473656,1
35,70,4,dn10;dn11,37.78929,-122.426797,2
35,70,5,dn13;dn14,37.739611,-122.492203,2
35,71,1,dn1,37.774524,-122.473656,1
35,71,4,dn10;dn11,37.78929,-122.426797,2
35,71,5,dn13;dn14,37.739611,-122.492203,2
35,72,4,dn10;dn11,37.78929,-122.426797,2
35,72,5,dn13;dn14,37.739611,-122.492203,2
35,73,4,dn11,37.78929,-122.426797,1
35,73,5,dn13;dn14,37.739611,-122.492203,2
35,74,4,dn11,37.78929,-122.426797,1
35,74,5,dn13;dn14,37.739611,-122.492203,2
35,75,5,dn13;dn14,37.739611,-122.492203,2
35,76,5,dn13;dn14,37.739611,-122.492203,2
35,77,1,dn3,37.774524,-122.473656,1
35,77,5,dn14;dn15,37.739611,-122.492203,2
35,78,1,dn3,37.774524,-122.473656,1
35,78,2,dn5,37.751751,-122.410654,1
35,78,5,dn15,37.739611,-122.492203,1
35,79,1,dn3,37.774524,-122.473656,1
35,79,5,dn15,37.739611,-122.492203,1
35,80,1,dn2,37.774524,-122.473656,1
35,80,5,dn15,37.739611,-122.492203,1
35,81,1,dn2,37.774524,-122.473656,1
35,81,5,dn15,37.739611,-122.492203,1
35,82,1,dn2,37.774524,-122.473656,1
35,82,5,dn15,37.739611,-122.492203,1
35,83,2,dn6,37.751751,-122.410654,1
35,83,5,dn15,37.739611,-122.492203,1
35,84,2,dn6,37.751751,-122.410654,1
35,84,5,dn15,37.739611,-122.492203,1
35,85,5,dn15,37.739611,-122.492203,1
35,86,5,dn15,37.739611,-122.492203,1
35,87,5,dn14;dn15,37.739611,-122.492203,2
35,88,5,dn15,37.739611,-122.492203,1
35,89,5,dn15,37.739611,-122.492203,1
35,90,3,dn8,37.718779,-122.462401,1
35,90,5,dn13;dn15,37.739611,-122.492203,2
35,91,3,dn8,37.718779,-122.462401,1
35,91,5,dn13;dn15,37.739611,-122.492203,2
35,92,2,dn4,37.751751,-122.410654,1
35,92,3,dn8,37.718779,-122.462401,1
35,92,4,dn10;dn11,37.78929,-122.426797,2
35,92,5,dn13;dn15,37.739611,-122.492203,2
35,93,3,dn8,37.718779,-122.462401,1
35,93,5,dn13;dn15,37.739611,-122.492203,2
35,94,3,dn8,37.718779,-122.462401,1
35,94,4,dn12,37.78929,-122.426797,1
35,94,5,dn13;dn15,37.739611,-122.492203,2
35,95,3,dn9,37.718779,-122.462401,1
35,95,4,dn12,37.78929,-122.426797,1
35,95,5,dn13;dn15,37.739611,-122.492203,2
35,96,1,dn2,37.774524,-122.473656,1
35,96,3,dn9,37.718779,-122.462401,1
35,96,4,dn12,37.78929,-122.426797,1
35,96,5,dn13;dn15,37.739611,-122.492203,2
35,97,1,dn1;dn2;dn3,37.774524,-122.473656,3
35,97,3,dn9,37.718779,-122.462401,1
35,97,5,dn13;dn14;dn15,37.739611,-122.492203,3
35,98,1,dn1;dn2;dn3,37.774524,-122.473656,3
35,98,3,dn9,37.718779,-122.462401,1
35,98,5,dn13;dn14;dn15,37.739611,-122.492203,3
35,99,1,dn1;dn2;dn3,37.774524,-122.473656,3
35,99,3,dn9,37.718779,-122.462401,1
35,99,5,dn13;dn14;dn15,37.739611,-122.492203,3
36,0,1,dn1;dn2;dn3,37.774524,-122.473656,3
36,0,2,dn4;dn5;dn6,37.751751,-122.410654,3
36,0,3,dn7;dn8;dn9,37.718779,-122.462401,3
36,0,4,dn10;dn11;dn12,37.78929,-122.426797,3
36,0,5,dn13;dn14;dn15,37.739611,-122.492203,3
36,12,3,dn7,37.718779,-122.462401,1
36,14,1,dn1;dn3,37.774524,-122.473656,2
36,14,5,dn15,37.739611,-122.492203,1
36,15,3,dn9,37.718779,-122.462401,1
36,16,1,dn2,37.774524,-122.473656,1
36,16,5,dn15,37.739611,-122.492203,1
36,17,5,dn13,37.739611,-122.492203,1
36,20,5,dn15,37.739611,-122.492203,1
36,21,5,dn15,37.739611,-122.492203,1
36,22,3,dn7,37.718779,-122.462401,1
36,22,5,dn14;dn15,37.739611,-122.492203,2
36,23,5,dn14;dn15,37.739611,-122.492203,2
36,24,5,dn15,37.739611,-122.492203,1
36,25,5,dn15,37.739611,-122.492203,1
36,26,5,dn15,37.739611,-122.492203,1
36,27,5,dn15,37.739611,-122.492203,1
36,28,4,dn11,37.78929,-122.426797,1
36,28,5,dn15,37.739611,-122.492203,1
36,30,2,dn6,37.751751,-122.410654,1
36,30,3,dn8,37.718779,-122.462401,1
36,35,3,dn9,37.718779,-122.462401,1
36,35,5,dn14,37.739611,-122.492203,1
36,37,5,dn15,37.739611,-122.492203,1
36,38,1,dn2,37.774524,-122.473656,1
36,40,1,dn3,37.774524,-122.473656,1
36,40,2,dn5,37.751751,-122.410654,1
36,40,4,dn12,37.78929,-122.426797,1
36,43,5,dn13;dn14,37.739611,-122.492203,2
36,44,1,dn1,37.774524,-122.473656,1
36,45,1,dn1,37.774524,-122.473656,1
36,46,1,dn1,37.774524,-122.473656,1
36,46,4,dn10,37.78929,-122.426797,1
36,47,1,dn1,37.774524,-122.473656,1
36,48,1,dn1,37.774524,-122.473656,1
36,48,5,dn15,37.739611,-122.492203,1
36,49,1,dn1,37.774524,-122.473656,1
36,50,1,dn1,37.774524,-122.473656,1
36,50,3,dn7;dn8,37.718779,-122.462401,2
36,51,1,dn1,37.774524,-122.473656,1
36,52,2,dn4,37.751751,-122.410654,1
36,53,2,dn4,37.751751,-122.410654,1
36,54,2,dn4,37.751751,-122.410654,1
36,55,2,dn4,37.751751,-122.410654,1
36,56,2,dn4,37.751751,-122.410654,1
36,57,2,dn4,37.751751,-122.410654,1
36,58,2,dn4,37.751751,-122.410654,1
36,59,2,dn4,37.751751,-122.410654,1
36,63,1,dn1,37.774524,-122.473656,1
36,65,5,dn13,37.739611,-122.492203,1
36,66,1,dn3,37.774524,-122.473656,1
36,66,2,dn6,37.751751,-122.410654,1
36,67,3,dn9,37.718779,-122.462401,1
36,68,5,dn15,37.739611,-122.492203,1
36,69,1,dn1,37.774524,-122.473656,1
36,69,5,dn14;dn15,37.739611,-122.492203,2
36,70,1,dn1,37.774524,-122.473656,1
36,70,2,dn5,37.751751,-122.410654,1
36,70,5,dn14;dn15,37.739611,-122.492203,2
36,71,1,dn1,37.774524,-122.473656,1
36,71,5,dn15,37.739611,-122.492203,1
36,72,1,dn1,37.774524,-122.473656,1
36,72,4,dn12,37.78929,-122.426797,1
36,72,5,dn15,37.739611,-122.492203,1
36,73,1,dn1,37.774524,-122.473656,1
36,73,4,dn12,37.78929,-122.426797,1
36,73,5,dn15,37.739611,-122.492203,1
36,74,1,dn1,37.774524,-122.473656,1
36,74,4,dn12,37.78929,-122.426797,1
36,74,5,dn15,37.739611,-122.492203,1
36,75,1,dn1;dn3,37.774524,-122.473656,2
36,75,4,dn12,37.78929,-122.426797,1
36,75,5,dn15,37.739611,-122.492203,1
36,76,1,dn1;dn3,37.774524,-122.473656,2
36,76,4,dn12,37.78929,-122.426797,1
36,76,5,dn15,37.739611,-122.492203,1
36,77,1,dn3,37.774524,-122.473656,1
36,77,4,dn12,37.78929,-122.426797,1
36,77,5,dn15,37.739611,-122.492203,1
36,78,4,dn12,37.78929,-122.426797,1
36,78,5,dn15,37.739611,-122.492203,1
36,79,5,dn13;dn15,37.739611,-122.492203,2
36,80,3,dn8,37.718779,-122.462401,1
36,80,4,dn11,37.78929,-122.426797,1
36,80,5,dn13;dn15,37.739611,-122.492203,2
36,81,3,dn8,37.718779,-122.462401,1
36,81,4,dn11,37.78929,-122.426797,1
36,81,5,dn13;dn15,37.739611,-122.492203,2
36,82,3,dn8,37.718779,-122.462401,1
36,82,4,dn11,37.78929,-122.426797,1
36,82,5,dn13;dn15,37.739611,-122.492203,2
36,83,3,dn8,37.718779,-122.462401,1
36,83,4,dn11,37.78929,-122.426797,1
36,83,5,dn13;dn15,37.739611,-122.492203,2
36,84,1,dn2,37.774524,-122.473656,1
36,84,4,dn11,37.78929,-122.426797,1
36,84,5,dn13;dn15,37.739611,-122.492203,2
36,85,1,dn2,37.774524,-122.473656,1
36,85,4,dn11,37.78929,-122.426797,1
36,85,5,dn15,37.739611,-122.492203,1
36,86,1,dn2,37.774524,-122.473656,1
36,86,4,dn11,37.78929,-122.426797,1
36,86,5,dn15,37.739611,-122.492203,1
36,87,1,dn2,37.774524,-122.473656,1
36,87,4,dn11,37.78929,-122.426797,1
36,87,5,dn15,37.739611,-122.492203,1
36,88,1,dn2,37.774524,-122.473656,1
36,88,4,dn11,37.78929,-122.426797,1
36,88,5,dn15,37.739611,-122.492203,1
36,89,1,dn2,37.774524,-122.473656,1
36,89,4,dn11,37.78929,-122.426797,1
36,89,5,dn15,37.739611,-122.492203,1
36,90,4,dn11,37.78929,-122.426797,1
36,90,5,dn15,37.739611,-122.492203,1
36,91,4,dn11,37.78929,-122.426797,1
36,92,1,dn1,37.774524,-122.473656,1
36,92,4,dn10;dn11,37.78929,-122.426797,2
36,93,1,dn1,37.774524,-122.473656,1
36,93,3,dn9,37.718779,-122.462401,1
36,93,4,dn10;dn11,37.78929,-122.426797,2
36,94,1,dn1,37.774524,-122.473656,1
36,94,3,dn8,37.718779,-122.462401,1
36,94,4,dn10;dn11,37.78929,-122.426797,2
36,95,3,dn8,37.718779,-122.462401,1
36,95,4,dn10;dn11,37.78929,-122.426797,2
36,95,5,dn13,37.739611,-122.492203,1
36,96,3,dn8,37.718779,-122.462401,1
36,96,4,dn10;dn11,37.78929,-122.426797,2
36,96,5,dn13;dn14,37.739611,-122.492203,2
36,97,3,dn8,37.718779,-122.462401,1
36,97,4,dn10;dn11,37.78929,-122.426797,2
36,97,5,dn13;dn14,37.739611,-122.492203,2
36,98,2,dn5,37.751751,-122.410654,1
36,98,3,dn7;dn8,37.718779,-122.462401,2
36,98,4,dn11,37.78929,-122.426797,1
36,98,5,dn13;dn14,37.739611,-122.492203,2
36,99,2,dn4;dn5,37.751751,-122.410654,2
36,99,3,dn7;dn8,37.718779,-122.462401,2
36,99,4,dn11,37.78929,-122.426797,1
36,99,5,dn13;dn14,37.739611,-122.492203,2
37,0,1,dn1;dn2;dn3,37.774524,-122.473656,3
37,0,2,dn4;dn5;dn6,37.751751,-122.410654,3
37,0,3,dn7;dn8;dn9,37.718779,-122.462401,3
37,0,4,dn10;dn11;dn12,37.78929,-122.426797,3
37,0,5,dn13;dn14;dn15,37.739611,-122.492203,3
37,9,5,dn13,37.739611,-122.492203,1
37,10,3,dn8,37.718779,-122.462401,1
37,11,3,dn7,37.718779,-122.462401,1
37,13,5,dn14,37.739611,-122.492203,1
37,15,5,dn15,37.739611,-122.492203,1
37,16,4,dn10,37.78929,-122.426797,1
37,19,3,dn9,37.718779,-122.462401,1
37,19,5,dn13,37.739611,-122.492203,1
37,20,1,dn1;dn3,37.774524,-122.473656,2
37,20,2,dn4,37.751751,-122.410654,1
37,20,5,dn13,37.739611,-122.492203,1
37,21,1,dn3,37.774524,-122.473656,1
37,21,3,dn7,37.718779,-122.462401,1
37,21,5,dn13,37.739611,-122.492203,1
37,22,3,dn7,37.718779,-122.462401,1
37,22,5,dn13,37.739611,-122.492203,1
37,23,5,dn13,37.739611,-122.492203,1
37,30,1,dn2,37.774524,-122.473656,1
37,30,3,dn8,37.718779,-122.462401,1
37,30,4,dn12,37.78929,-122.426797,1
37,30,5,dn13,37.739611,-122.492203,1
37,32,2,dn4;dn6,37.751751,-122.410654,2
37,33,5,dn15,37.739611,-122.492203,1
37,34,5,dn15,37.739611,-122.492203,1
37,35,1,dn3,37.774524,-122.473656,1
37,35,3,dn7,37.718779,-122.462401,1
37,35,5,dn15,37.739611,-122.492203,1
37,36,1,dn3,37.774524,-122.473656,1
37,36,5,dn15,37.739611,-122.492203,1
37,37,1,dn3,37.774524,-122.473656,1
37,37,5,dn15,37.739611,-122.492203,1
37,38,3,dn8,37.718779,-122.462401,1
37,38,5,dn15,37.739611,-122.492203,1
37,39,3,dn8,37.718779,-122.462401,1
37,39,5,dn15,37.739611,-122.492203,1
37,40,5,dn15,37.739611,-122.492203,1
37,41,5,dn13;dn14,37.739611,-122.492203,2
37,42,4,dn11,37.78929,-122.426797,1
37,42,5,dn14,37.739611,-122.492203,1
37,43,5,dn14,37.739611,-122.492203,1
37,48,1,dn1,37.774524,-122.473656,1
37,48,2,dn5,37.751751,-122.410654,1
37,48,4,dn10,37.78929,-122.426797,1
37,52,1,dn2,37.774524,-122.473656,1
37,53,3,dn9,37.718779,-122.462401,1
37,54,2,dn6,37.751751,-122.410654,1
37,55,3,dn8,37.718779,-122.462401,1
37,58,1,dn2,37.774524,-122.473656,1
37,59,5,dn15,37.739611,-122.492203,1
37,60,4,dn11;dn12,37.78929,-122.426797,2
37,60,5,dn15,37.739611,-122.492203,1
37,61,4,dn11;dn12,37.78929,-122.426797,2
37,61,5,dn15,37.739611,-122.492203,1
37,62,4,dn11;dn12,37.78929,-122.426797,2
37,62,5,dn15,37.739611,-122.492203,1
37,63,4,dn11;dn12,37.78929,-122.426797,2
37,63,5,dn15,37.739611,-122.492203,1
37,64,4,dn12,37.78929,-122.426797,1
37,64,5,dn15,37.739611,-122.492203,1
37,65,1,dn3,37.774524,-122.473656,1
37,65,4,dn12,37.78929,-122.426797,1
37,65,5,dn14,37.739611,-122.492203,1
37,66,4,dn12,37.78929,-122.426797,1
37,66,5,dn14,37.739611,-122.492203,1
37,67,5,dn14,37.739611,-122.492203,1
37,68,5,dn14,37.739611,-122.492203,1
37,69,5,dn14,37.739611,-122.492203,1
37,70,3,dn9,37.718779,-122.462401,1
37,72,2,dn5,37.751751,-122.410654,1
37,72,4,dn10,37.78929,-122.426797,1
37,73,4,dn10,37.78929,-122.426797,1
37,73,5,dn13,37.739611,-122.492203,1
37,74,1,dn1,37.774524,-122.473656,1
37,74,5,dn13,37.739611,-122.492203,1
37,75,1,dn1,37.774524,-122.473656,1
37,75,3,dn7,37.718779,-122.462401,1
37,75,5,dn13,37.739611,-122.492203,1
37,76,1,dn2,37.774524,-122.473656,1
37,76,3,dn7,37.718779,-122.462401,1
37,76,5,dn13,37.739611,-122.492203,1
37,77,1,dn2,37.774524,-122.473656,1
37,77,5,dn13,37.739611,-122.492203,1
37,78,1,dn2,37.774524,-122.473656,1
37,78,5,dn13;dn15,37.739611,-122.492203,2
37,79,1,dn2,37.774524,-122.473656,1
37,79,5,dn13;dn15,37.739611,-122.492203,2
37,80,1,dn2,37.774524,-122.473656,1
37,80,5,dn15,37.739611,-122.492203,1
37,81,1,dn2;dn3,37.774524,-122.473656,2
37,81,5,dn15,37.739611,-122.492203,1
37,82,1,dn2;dn3,37.774524,-122.473656,2
37,82,5,dn15,37.739611,-122.492203,1
37,83,1,dn2;dn3,37.774524,-122.473656,2
37,83,3,dn8,37.718779,-122.462401,1
37,83,5,dn15,37.739611,-122.492203,1
37,84,1,dn2;dn3,37.774524,-122.473656,2
37,84,3,dn8,37.718779,-122.462401,1
37,84,5,dn14;dn15,37.739611,-122.492203,2
37,85,1,dn1;dn2;dn3,37.774524,-122.473656,3
37,85,3,dn8,37.718779,-122.462401,1
37,85,5,dn14;dn15,37.739611,-122.492203,2
37,86,1,dn2;dn3,37.774524,-122.473656,2
37,86,3,dn8,37.718779,-122.462401,1
37,86,4,dn12,37.78929,-122.426797,1
37,86,5,dn14;dn15,37.739611,-122.492203,2
37,87,1,dn2;dn3,37.774524,-122.473656,2
37,87,5,dn14;dn15,37.739611,-122.492203,2
37,88,1,dn3,37.774524,-122.473656,1
37,88,4,dn10,37.78929,-122.426797,1
37,88,5,dn14;dn15,37.739611,-122.492203,2
37,89,1,dn3,37.774524,-122.473656,1
37,89,4,dn10,37.78929,-122.426797,1
37,89,5,dn14;dn15,37.739611,-122.492203,2
37,90,1,dn3,37.774524,-122.473656,1
37,90,4,dn10,37.78929,-122.426797,1
37,90,5,dn14;dn15,37.739611,-122.492203,2
37,91,1,dn3,37.774524,-122.473656,1
37,91,4,dn10;dn11,37.78929,-122.426797,2
37,91,5,dn15,37.739611,-122.492203,1
37,92,3,dn9,37.718779,-122.462401,1
37,92,4,dn10;dn11,37.78929,-122.426797,2
37,92,5,dn15,37.739611,-122.492203,1
37,93,4,dn10;dn11,37.78929,-122.426797,2
37,93,5,dn13;dn15,37.739611,-122.492203,2
37,94,2,dn4;dn5,37.751751,-122.410654,2
37,94,4,dn10;dn11,37.78929,-122.426797,2
37,94,5,dn13;dn15,37.739611,-122.492203,2
37,95,2,dn5,37.751751,-122.410654,1
37,95,4,dn10;dn11,37.78929,-122.426797,2
37,95,5,dn13;dn15,37.739611,-122.492203,2
37,96,1,dn1,37.774524,-122.473656,1
37,96,2,dn5,37.751751,-122.410654,1
37,96,4,dn10;dn11,37.78929,-122.426797,2
37,96,5,dn15,37.739611,-122.492203,1
37,97,2,dn5,37.751751,-122.410654,1
37,97,4,dn10;dn11,37.78929,-122.426797,2
37,97,5,dn15,37.739611,-122.492203,1
37,98,2,dn5,37.751751,-122.410654,1
37,98,4,dn10;dn11,37.78929,-122.426797,2
37,98,5,dn15,37.739611,-122.492203,1
37,99,2,dn5,37.751751,-122.410654,1
37,99,4,dn10;dn11,37.78929,-122.426797,2
38,0,1,dn1;dn2;dn3,37.774524,-122.473656,3
38,0,2,dn4;dn5;dn6,37.751751,-122.410654,3
38,0,3,dn7;dn8;dn9,37.718779,-122.462401,3
38,0,4,dn10;dn11;dn12,37.78929,-122.426797,3
38,0,5,dn13;dn14;dn15,37.739611,-122.492203,3
38,7,5,dn13,37.739611,-122.492203,1
38,8,1,dn3,37.774524,-122.473656,1
38,8,5,dn14,37.739611,-122.492203,1
38,10,5,dn15,37.739611,-122.492203,1
38,14,1,dn1;dn2,37.774524,-122.473656,2
38,16,5,dn13,37.739611,-122.492203,1
38,19,3,dn9,37.718779,-122.462401,1
38,22,3,dn7,37.718779,-122.462401,1
38,22,5,dn14,37.739611,-122.492203,1
38,23,5,dn14,37.739611,-122.492203,1
38,24,5,dn14;dn15,37.739611,-122.492203,2
38,25,5,dn15,37.739611,-122.492203,1
38,30,4,dn10,37.78929,-122.426797,1
38,32,3,dn8,37.718779,-122.462401,1
38,32,5,dn15,37.739611,-122.492203,1
38,33,5,dn15,37.739611,-122.492203,1
38,34,5,dn15,37.739611,-122.492203,1
38,35,5,dn15,37.739611,-122.492203,1
38,36,5,dn14;dn15,37.739611,-122.492203,2
38,37,5,dn15,37.739611,-122.492203,1
38,38,1,dn2;dn3,37.774524,-122.473656,2
38,38,5,dn15,37.739611,-122.492203,1
38,39,5,dn15,37.739611,-122.492203,1
38,40,1,dn1,37.774524,-122.473656,1
38,40,2,dn5;dn6,37.751751,-122.410654,2
38,40,4,dn11,37.78929,-122.426797,1
38,40,5,dn13;dn15,37.739611,-122.492203,2
38,41,1,dn1,37.774524,-122.473656,1
38,41,5,dn13;dn15,37.739611,-122.492203,2
38,42,1,dn1,37.774524,-122.473656,1
38,42,5,dn13;dn15,37.739611,-122.492203,2
38,43,1,dn1,37.774524,-122.473656,1
38,43,3,dn9,37.718779,-122.462401,1
38,43,5,dn13;dn15,37.739611,-122.492203,2
38,44,1,dn1,37.774524,-122.473656,1
38,44,5,dn13;dn15,37.739611,-122.492203,2
38,45,1,dn1,37.774524,-122.473656,1
38,45,5,dn13;dn15,37.739611,-122.492203,2
38,46,1,dn1,37.774524,-122.473656,1
38,46,2,dn4,37.751751,-122.410654,1
38,46,5,dn13;dn15,37.739611,-122.492203,2
38,47,5,dn13;dn15,37.739611,-122.492203,2
38,48,3,dn8,37.718779,-122.462401,1
38,48,5,dn13;dn14;dn15,37.739611,-122.492203,3
38,49,3,dn8,37.718779,-122.462401,1
38,49,5,dn13;dn14;dn15,37.739611,-122.492203,3
38,50,1,dn3,37.774524,-122.473656,1
38,50,3,dn8,37.718779,-122.462401,1
38,50,5,dn13;dn14;dn15,37.739611,-122.492203,3
38,51,3,dn8,37.718779,-122.462401,1
38,51,5,dn13;dn14;dn15,37.739611,-122.492203,3
38,52,1,dn2,37.774524,-122.473656,1
38,52,5,dn13;dn14;dn15,37.739611,-122.492203,3
38,53,1,dn2,37.774524,-122.473656,1
38,53,5,dn13;dn14;dn15,37.739611,-122.492203,3
38,54,1,dn2,37.774524,-122.473656,1
38,54,5,dn13;dn14;dn15,37.739611,-122.492203,3
38,55,1,dn2,37.774524,-122.473656,1
38,55,5,dn13;dn14;dn15,37.739611,-122.492203,3
38,56,1,dn2,37.774524,-122.473656,1
38,56,3,dn7,37.718779,-122.462401,1
38,56,5,dn13;dn14;dn15,37.739611,-122.492203,3
38,57,1,dn2,37.774524,-122.473656,1
38,57,5,dn13;dn14;dn15,37.739611,-122.492203,3
38,58,1,dn2,37.774524,-122.473656,1
38,58,3,dn8,37.718779,-122.462401,1
38,58,5,dn14;dn15,37.739611,-122.492203,2
38,59,3,dn8,37.718779,-122.462401,1
38,59,5,dn14;dn15,37.739611,-122.492203,2
38,60,3,dn8,37.718779,-122.462401,1
38,60,4,dn12,37.78929,-122.426797,1
38,60,5,dn14;dn15,37.739611,-122.492203,2
38,61,3,dn8,37.718779,-122.462401,1
38,61,5,dn14;dn15,37.739611,-122.492203,2
38,62,3,dn8,37.718779,-122.462401,1
38,62,5,dn15,37.739611,-122.492203,1
38,63,5,dn15,37.739611,-122.492203,1
38,64,5,dn15,37.739611,-122.492203,1
38,68,4,dn10,37.78929,-122.426797,1
38,70,2,dn6,37.751751,-122.410654,1
38,72,4,dn11,37.78929,-122.426797,1
38,75,5,dn15,37.739611,-122.492203,1
38,78,2,dn4,37.751751,-122.410654,1
38,78,3,dn8,37.718779,-122.462401,1
38,79,3,dn9,37.718779,-122.462401,1
38,81,5,dn14,37.739611,-122.492203,1
38,82,2,dn5,37.751751,-122.410654,1
38,83,5,dn13,37.739611,-122.492203,1
38,88,1,dn2;dn3,37.774524,-122.473656,2
38,88,3,dn8,37.718779,-122.462401,1
38,88,4,dn12,37.78929,-122.426797,1
38,90,1,dn1,37.774524,-122.473656,1
38,94,3,dn7,37.718779,-122.462401,1
38,95,5,dn15,37.739611,-122.492203,1
38,99,5,dn14,37.739611,-122.492203,1
39,0,1,dn1;dn2;dn3,37.774524,-122.473656,3
39,0,2,dn4;dn5;dn6,37.751751,-122.410654,3
39,0,3,dn7;dn8;dn9,37.718779,-122.462401,3
39,0,4,dn10;dn11;dn12,37.78929,-122.426797,3
39,0,5,dn13;dn14;dn15,37.739611,-122.492203,3
39,11,5,dn13,37.739611,-122.492203,1
39,12,1,dn1,37.774524,-122.473656,1
39,15,5,dn15,37.739611,-122.492203,1
39,16,4,dn12,37.78929,-122.426797,1
39,16,5,dn14,37.739611,-122.492203,1
39,17,1,dn3,37.774524,-122.473656,1
39,17,3,dn9,37.718779,-122.462401,1
39,18,3,dn8,37.718779,-122.462401,1
39,19,3,dn8,37.718779,-122.462401,1
39,19,5,dn13,37.739611,-122.492203,1
39,20,2,dn6,37.751751,-122.410654,1
39,20,3,dn7;dn8,37.718779,-122.462401,2
39,20,4,dn11,37.78929,-122.426797,1
39,21,2,dn6,37.751751,-122.410654,1
39,21,3,dn7;dn8,37.718779,-122.462401,2
39,21,4,dn11,37.78929,-122.426797,1
39,22,2,dn6,37.751751,-122.410654,1
39,22,3,dn7;dn8,37.718779,-122.462401,2
39,22,4,dn11,37.78929,-122.426797,1
39,23,2,dn6,37.751751,-122.410654,1
39,23,3,dn7;dn8,37.718779,-122.462401,2
39,23,4,dn11,37.78929,-122.426797,1
39,24,2,dn6,37.751751,-122.410654,1
39,24,3,dn7;dn8,37.718779,-122.462401,2
39,24,4,dn11,37.78929,-122.426797,1
39,24,5,dn14,37.739611,-122.492203,1
39,25,2,dn6,37.751751,-122.410654,1
39,25,3,dn7;dn8,37.718779,-122.462401,2
39,25,4,dn11,37.78929,-122.426797,1
39,25,5,dn14,37.739611,-122.492203,1
39,26,1,dn2,37.774524,-122.473656,1
39,26,2,dn6,37.751751,-122.410654,1
39,26,3,dn7;dn8,37.718779,-122.462401,2
39,26,4,dn11;dn12,37.78929,-122.426797,2
39,26,5,dn14,37.739611,-122.492203,1
39,27,1,dn2,37.774524,-122.473656,1
39,27,3,dn7;dn8,37.718779,-122.462401,2
39,27,4,dn11;dn12,37.78929,-122.426797,2
39,27,5,dn14,37.739611,-122.492203,1
39,28,2,dn5,37.751751,-122.410654,1
39,28,3,dn7;dn8,37.718779,-122.462401,2
39,28,4,dn11;dn12,37.78929,-122.426797,2
39,28,5,dn14,37.739611,-122.492203,1
39,29,2,dn5,37.751751,-122.410654,1
39,29,3,dn8,37.718779,-122.462401,1
39,29,4,dn11;dn12,37.78929,-122.426797,2
39,29,5,dn14;dn15,37.739611,-122.492203,2
39,30,2,dn5,37.751751,-122.410654,1
39,30,3,dn8,37.718779,-122.462401,1
39,30,4,dn11;dn12,37.78929,-122.426797,2
39,30,5,dn14;dn15,37.739611,-122.492203,2
39,31,2,dn5,37.751751,-122.410654,1
39,31,3,dn8,37.718779,-122.462401,1
39,31,4,dn11;dn12,37.78929,-122.426797,2
39,31,5,dn14;dn15,37.739611,-122.492203,2
39,32,2,dn5,37.751751,-122.410654,1
39,32,4,dn11;dn12,37.78929,-122.426797,2
39,32,5,dn14;dn15,37.739611,-122.492203,2
39,33,2,dn5,37.751751,-122.410654,1
39,33,4,dn11;dn12,37.78929,-122.426797,2
39,33,5,dn15,37.739611,-122.492203,1
39,34,2,dn5,37.751751,-122.410654,1
39,34,4,dn11;dn12,37.78929,-122.426797,2
39,34,5,dn15,37.739611,-122.492203,1
39,35,1,dn3,37.774524,-122.473656,1
39,35,2,dn5,37.751751,-122.410654,1
39,35,4,dn11;dn12,37.78929,-122.426797,2
39,35,5,dn15,37.739611,-122.492203,1
39,36,1,dn3,37.774524,-122.473656,1
39,36,2,dn5,37.751751,-122.410654,1
39,36,4,dn11;dn12,37.78929,-122.426797,2
39,36,5,dn15,37.739611,-122.492203,1
39,37,1,dn3,37.774524,-122.473656,1
39,37,4,dn11;dn12,37.78929,-122.426797,2
39,37,5,dn15,37.739611,-122.492203,1
39,38,1,dn3,37.774524,-122.473656,1
39,38,2,dn4,37.751751,-122.410654,1
39,38,4,dn10;dn11;dn12,37.78929,-122.426797,3
39,38,5,dn15,37.739611,-122.492203,1
39,39,1,dn2;dn3,37.774524,-122.473656,2
39,39,2,dn4,37.751751,-122.410654,1
39,39,4,dn10;dn11;dn12,37.78929,-122.426797,3
39,40,1,dn2;dn3,37.774524,-122.473656,2
39,40,2,dn4,37.751751,-122.410654,1
39,40,3,dn7;dn8,37.718779,-122.462401,2
39,40,4,dn10;dn11;dn12,37.78929,-122.426797,3
39,41,1,dn2;dn3,37.774524,-122.473656,2
39,41,2,dn4,37.751751,-122.410654,1
39,41,3,dn8;dn9,37.718779,-122.462401,2
39,41,4,dn10;dn11;dn12,37.78929,-122.426797,3
39,42,1,dn2;dn3,37.774524,-122.473656,2
39,42,3,dn8;dn9,37.718779,-122.462401,2
39,42,4,dn10;dn11;dn12,37.78929,-122.426797,3
39,43,1,dn2;dn3,37.774524,-122.473656,2
39,43,3,dn9,37.718779,-122.462401,1
39,43,4,dn10;dn11;dn12,37.78929,-122.426797,3
39,44,1,dn1;dn3,37.774524,-122.473656,2
39,44,2,dn6,37.751751,-122.410654,1
39,44,3,dn9,37.718779,-122.462401,1
39,44,4,dn10;dn11;dn12,37.78929,-122.426797,3
39,45,1,dn1;dn3,37.774524,-122.473656,2
39,45,2,dn6,37.751751,-122.410654,1
39,45,3,dn9,37.718779,-122.462401,1
39,45,4,dn10;dn11;dn12,37.78929,-122.426797,3
39,46,1,dn3,37.774524,-122.473656,1
39,46,2,dn6,37.751751,-122.410654,1
39,46,3,dn9,37.718779,-122.462401,1
39,46,4,dn10;dn11;dn12,37.78929,-122.426797,3
39,47,1,dn3,37.774524,-122.473656,1
39,47,2,dn6,37.751751,-122.410654,1
39,47,3,dn9,37.718779,-122.462401,1
39,47,4,dn10;dn11;dn12,37.78929,-122.426797,3
39,47,5,dn14,37.739611,-122.492203,1
39,48,1,dn3,37.774524,-122.473656,1
39,48,2,dn6,37.751751,-122.410654,1
39,48,3,dn9,37.718779,-122.462401,1
39,48,4,dn10;dn11;dn12,37.78929,-122.426797,3
39,48,5,dn14,37.739611,-122.492203,1
39,49,1,dn3,37.774524,-122.473656,1
39,49,2,dn6,37.751751,-122.410654,1
39,49,3,dn9,37.718779,-122.462401,1
39,49,4,dn10;dn11;dn12,37.78929,-122.426797,3
39,49,5,dn14,37.739611,-122.492203,1
39,50,1,dn3,37.774524,-122.473656,1
39,50,3,dn9,37.718779,-122.462401,1
39,50,4,dn10;dn11;dn12,37.78929,-122.426797,3
39,50,5,dn14,37.739611,-122.492203,1
39,51,3,dn9,37.718779,-122.462401,1
39,51,4,dn10;dn11;dn12,37.78929,-122.426797,3
39,51,5,dn13;dn14;dn15,37.739611,-122.492203,3
39,52,4,dn10;dn11;dn12,37.78929,-122.426797,3
39,52,5,dn13;dn14;dn15,37.739611,-122.492203,3
39,53,4,dn11;dn12,37.78929,-122.426797,2
39,53,5,dn13;dn14;dn15,37.739611,-122.492203,3
39,54,3,dn7,37.718779,-122.462401,1
39,54,4,dn11;dn12,37.78929,-122.426797,2
39,54,5,dn13;dn14;dn15,37.739611,-122.492203,3
39,55,3,dn7,37.718779,-122.462401,1
39,55,4,dn11;dn12,37.78929,-122.426797,2
39,55,5,dn13;dn14;dn15,37.739611,-122.492203,3
39,56,3,dn7,37.718779,-122.462401,1
39,56,4,dn11;dn12,37.78929,-122.426797,2
39,56,5,dn13;dn14;dn15,37.739611,-122.492203,3
39,57,4,dn11;dn12,37.78929,-122.426797,2
39,57,5,dn13;dn14;dn15,37.739611,-122.492203,3
39,58,3,dn8,37.718779,-122.462401,1
39,58,4,dn11;dn12,37.78929,-122.426797,2
39,58,5,dn13;dn14;dn15,37.739611,-122.492203,3
39,59,4,dn11;dn12,37.78929,-122.426797,2
39,59,5,dn13;dn14;dn15,37.739611,-122.492203,3
39,60,2,dn5,37.751751,-122.410654,1
39,60,4,dn11;dn12,37.78929,-122.426797,2
39,60,5,dn13;dn14;dn15,37.739611,-122.492203,3
39,61,1,dn2,37.774524,-122.473656,1
39,61,2,dn5,37.751751,-122.410654,1
39,61,4,dn11;dn12,37.78929,-122.426797,2
39,61,5,dn14;dn15,37.739611,-122.492203,2
39,62,1,dn2,37.774524,-122.473656,1
39,62,2,dn5,37.751751,-122.410654,1
39,62,4,dn11;dn12,37.78929,-122.426797,2
39,62,5,dn14;dn15,37.739611,-122.492203,2
39,63,2,dn5,37.751751,-122.410654,1
39,63,4,dn11;dn12,37.78929,-122.426797,2
39,63,5,dn14;dn15,37.739611,-122.492203,2
39,64,4,dn11;dn12,37.78929,-122.426797,2
39,64,5,dn14;dn15,37.739611,-122.492203,2
39,65,1,dn1,37.774524,-122.473656,1
39,65,4,dn11;dn12,37.78929,-122.426797,2
39,65,5,dn14;dn15,37.739611,-122.492203,2
39,66,1,dn1,37.774524,-122.473656,1
39,66,4,dn12,37.78929,-122.426797,1
39,66,5,dn13;dn14;dn15,37.739611,-122.492203,3
39,67,1,dn1,37.774524,-122.473656,1
39,67,4,dn12,37.78929,-122.426797,1
39,67,5,dn13;dn14;dn15,37.739611,-122.492203,3
39,68,1,dn1,37.774524,-122.473656,1
39,68,3,dn7,37.718779,-122.462401,1
39,68,4,dn12,37.78929,-122.426797,1
39,68,5,dn13;dn14;dn15,37.739611,-122.492203,3
39,69,1,dn2,37.774524,-122.473656,1
39,69,3,dn7;dn8,37.718779,-122.462401,2
39,69,4,dn12,37.78929,-122.426797,1
39,69,5,dn13;dn14;dn15,37.739611,-122.492203,3
39,70,1,dn2,37.774524,-122.473656,1
39,70,3,dn8,37.718779,-122.462401,1
39,70,4,dn12,37.78929,-122.426797,1
39,70,5,dn13;dn14;dn15,37.739611,-122.492203,3
39,71,1,dn2,37.774524,-122.473656,1
39,71,3,dn8,37.718779,-122.462401,1
39,71,4,dn12,37.78929,-122.426797,1
39,71,5,dn13;dn14;dn15,37.739611,-122.492203,3
39,72,1,dn2,37.774524,-122.473656,1
39,72,3,dn8,37.718779,-122.462401,1
39,72,4,dn10;dn12,37.78929,-122.426797,2
39,72,5,dn13;dn14;dn15,37.739611,-122.492203,3
39,73,1,dn2,37.774524,-122.473656,1
39,73,3,dn8,37.718779,-122.462401,1
39,73,4,dn10;dn12,37.78929,-122.426797,2
39,73,5,dn13;dn14;dn15,37.739611,-122.492203,3
39,74,3,dn8,37.718779,-122.462401,1
39,74,4,dn10;dn12,37.78929,-122.426797,2
39,74,5,dn13;dn14;dn15,37.739611,-122.492203,3
39,75,4,dn10;dn12,37.78929,-122.426797,2
39,75,5,dn13;dn14;dn15,37.739611,-122.492203,3
39,76,4,dn10;dn12,37.78929,-122.426797,2
39,76,5,dn14;dn15,37.739611,-122.492203,2
39,77,4,dn10;dn12,37.78929,-122.426797,2
39,77,5,dn15,37.739611,-122.492203,1
39,78,4,dn10;dn12,37.78929,-122.426797,2
39,78,5,dn15,37.739611,-122.492203,1
39,79,3,dn7,37.718779,-122.462401,1
39,79,4,dn10;dn12,37.78929,-122.426797,2
39,79,5,dn15,37.739611,-122.492203,1
39,80,3,dn7,37.718779,-122.462401,1
39,80,4,dn10;dn12,37.78929,-122.426797,2
39,80,5,dn15,37.739611,-122.492203,1
39,81,3,dn7,37.718779,-122.462401,1
39,81,4,dn10;dn12,37.78929,-122.426797,2
39,81,5,dn15,37.739611,-122.492203,1
39,82,3,dn7,37.718779,-122.462401,1
39,82,4,dn10;dn12,37.78929,-122.426797,2
39,83,3,dn7,37.718779,-122.462401,1
39,83,4,dn10;dn12,37.78929,-122.426797,2
39,84,3,dn7,37.718779,-122.462401,1
39,84,4,dn10;dn12,37.78929,-122.426797,2
39,85,3,dn7;dn9,37.718779,-122.462401,2
39,85,4,dn12,37.78929,-122.426797,1
39,86,1,dn1,37.774524,-122.473656,1
39,86,3,dn9,37.718779,-122.462401,1
39,86,4,dn12,37.78929,-122.426797,1
39,86,5,dn13,37.739611,-122.492203,1
39,87,3,dn8;dn9,37.718779,-122.462401,2
39,87,4,dn12,37.78929,-122.426797,1
39,87,5,dn13,37.739611,-122.492203,1
39,88,3,dn8;dn9,37.718779,-122.462401,2
39,88,4,dn12,37.78929,-122.426797,1
39,88,5,dn13,37.739611,-122.492203,1
39,89,3,dn8;dn9,37.718779,-122.462401,2
39,89,4,dn12,37.78929,-122.426797,1
39,89,5,dn13,37.739611,-122.492203,1
39,90,3,dn8;dn9,37.718779,-122.462401,2
39,90,5,dn13,37.739611,-122.492203,1
39,91,2,dn6,37.751751,-122.410654,1
39,91,3,dn8;dn9,37.718779,-122.462401,2
39,91,5,dn13,37.739611,-122.492203,1
39,92,3,dn8;dn9,37.718779,-122.462401,2
39,92,5,dn13,37.739611,-122.492203,1
39,93,2,dn4,37.751751,-122.410654,1
39,93,3,dn8;dn9,37.718779,-122.462401,2
39,93,5,dn13,37.739611,-122.492203,1
39,94,1,dn3,37.774524,-122.473656,1
39,94,3,dn8;dn9,37.718779,-122.462401,2
39,94,5,dn13,37.739611,-122.492203,1
39,95,3,dn8;dn9,37.718779,-122.462401,2
39,95,5,dn13;dn15,37.739611,-122.492203,2
39,96,3,dn8;dn9,37.718779,-122.462401,2
39,96,5,dn13;dn15,37.739611,-122.492203,2
39,97,3,dn8;dn9,37.718779,-122.462401,2
39,97,5,dn13;dn15,37.739611,-122.492203,2
39,98,3,dn8;dn9,37.718779,-122.462401,2
39,98,5,dn15,37.739611,-122.492203,1
39,99,1,dn1,37.774524,-122.473656,1
39,99,3,dn8;dn9,37.718779,-122.462401,2
40,0,1,dn1;dn2;dn3,37.774524,-122.473656,3
40,0,2,dn4;dn5;dn6,37.751751,-122.410654,3
40,0,3,dn7;dn8;dn9,37.718779,-122.462401,3
40,0,4,dn10;dn11;dn12,37.78929,-122.426797,3
40,0,5,dn13;dn14;dn15,37.739611,-122.492203,3
40,11,3,dn7;dn8;dn9,37.718779,-122.462401,3
40,12,3,dn9,37.718779,-122.462401,1
40,12,5,dn13,37.739611,-122.492203,1
40,14,5,dn14,37.739611,-122.492203,1
40,18,1,dn2,37.774524,-122.473656,1
40,19,5,dn15,37.739611,-122.492203,1
40,20,4,dn11,37.78929,-122.426797,1
40,20,5,dn15,37.739611,-122.492203,1
40,22,4,dn12,37.78929,-122.426797,1
40,23,3,dn8,37.718779,-122.462401,1
40,24,2,dn4,37.751751,-122.410654,1
40,26,1,dn1,37.774524,-122.473656,1
40,29,5,dn15,37.739611,-122.492203,1
40,30,5,dn13;dn14,37.739611,-122.492203,2
40,31,5,dn14,37.739611,-122.492203,1
40,32,2,dn5;dn6,37.751751,-122.410654,2
40,32,5,dn14,37.739611,-122.492203,1
40,33,3,dn8,37.718779,-122.462401,1
40,33,5,dn14,37.739611,-122.492203,1
40,34,3,dn8,37.718779,-122.462401,1
40,34,5,dn14,37.739611,-122.492203,1
40,35,3,dn7,37.718779,-122.462401,1
40,35,5,dn14,37.739611,-122.492203,1
40,36,3,dn7,37.718779,-122.462401,1
40,36,5,dn14,37.739611,-122.492203,1
40,37,3,dn7,37.718779,-122.462401,1
40,37,5,dn14;dn15,37.739611,-122.492203,2
40,38,3,dn7,37.718779,-122.462401,1
40,38,5,dn14;dn15,37.739611,-122.492203,2
40,39,3,dn7,37.718779,-122.462401,1
40,39,5,dn14;dn15,37.739611,-122.492203,2
40,40,3,dn7,37.718779,-122.462401,1
40,40,5,dn14;dn15,37.739611,-122.492203,2
40,41,3,dn7,37.718779,-122.462401,1
40,41,5,dn14;dn15,37.739611,-122.492203,2
40,42,1,dn1,37.774524,-122.473656,1
40,42,3,dn7,37.718779,-122.462401,1
40,42,5,dn15,37.739611,-122.492203,1
40,43,3,dn7,37.718779,-122.462401,1
40,43,5,dn15,37.739611,-122.492203,1
40,44,3,dn7,37.718779,-122.462401,1
40,44,5,dn15,37.739611,-122.492203,1
40,45,3,dn7,37.718779,-122.462401,1
40,45,5,dn15,37.739611,-122.492203,1
40,46,2,dn4,37.751751,-122.410654,1
40,46,3,dn8,37.718779,-122.462401,1
40,46,4,dn10,37.78929,-122.426797,1
40,46,5,dn15,37.739611,-122.492203,1
40,47,3,dn8,37.718779,-122.462401,1
40,47,5,dn15,37.739611,-122.492203,1
40,48,1,dn2,37.774524,-122.473656,1
40,48,3,dn8,37.718779,-122.462401,1
40,48,5,dn15,37.739611,-122.492203,1
40,49,3,dn8,37.718779,-122.462401,1
40,49,5,dn15,37.739611,-122.492203,1
40,50,3,dn8,37.718779,-122.462401,1
40,50,4,dn12,37.78929,-122.426797,1
40,50,5,dn15,37.739611,-122.492203,1
40,51,3,dn8,37.718779,-122.462401,1
40,51,5,dn15,37.739611,-122.492203,1
40,52,3,dn8;dn9,37.718779,-122.462401,2
40,52,5,dn13;dn15,37.739611,-122.492203,2
40,53,3,dn8;dn9,37.718779,-122.462401,2
40,53,5,dn13;dn15,37.739611,-122.492203,2
40,54,1,dn3,37.774524,-122.473656,1
40,54,3,dn7;dn9,37.718779,-122.462401,2
40,54,5,dn13;dn15,37.739611,-122.492203,2
40,55,3,dn9,37.718779,-122.462401,1
40,55,5,dn13;dn15,37.739611,-122.492203,2
40,56,3,dn9,37.718779,-122.462401,1
40,56,5,dn13;dn15,37.739611,-122.492203,2
40,57,3,dn9,37.718779,-122.462401,1
40,57,5,dn13;dn15,37.739611,-122.492203,2
40,58,5,dn13;dn15,37.739611,-122.492203,2
40,59,5,dn13;dn15,37.739611,-122.492203,2
40,60,4,dn11,37.78929,-122.426797,1
40,60,5,dn13;dn15,37.739611,-122.492203,2
40,61,5,dn13;dn15,37.739611,-122.492203,2
40,62,5,dn13;dn15,37.739611,-122.492203,2
40,63,5,dn13;dn14;dn15,37.739611,-122.492203,3
40,64,4,dn10,37.78929,-122.426797,1
40,64,5,dn13;dn14;dn15,37.739611,-122.492203,3
40,65,4,dn10,37.78929,-122.426797,1
40,65,5,dn14;dn15,37.739611,-122.492203,2
40,66,1,dn1,37.774524,-122.473656,1
40,66,5,dn14;dn15,37.739611,-122.492203,2
40,67,1,dn1,37.774524,-122.473656,1
40,67,5,dn14;dn15,37.739611,-122.492203,2
40,68,5,dn14;dn15,37.739611,-122.492203,2
40,69,5,dn14;dn15,37.739611,-122.492203,2
40,70,5,dn15,37.739611,-122.492203,1
40,71,5,dn15,37.739611,-122.492203,1
40,72,4,dn12,37.78929,-122.426797,1
40,72,5,dn15,37.739611,-122.492203,1
40,73,3,dn8,37.718779,-122.462401,1
40,74,3,dn7;dn8,37.718779,-122.462401,2
40,75,3,dn8,37.718779,-122.462401,1
40,76,3,dn8,37.718779,-122.462401,1
40,77,3,dn8,37.718779,-122.462401,1
40,78,2,dn6,37.751751,-122.410654,1
40,78,3,dn8,37.718779,-122.462401,1
40,79,3,dn9,37.718779,-122.462401,1
40,80,3,dn9,37.718779,-122.462401,1
40,81,1,dn1,37.774524,-122.473656,1
40,82,2,dn4,37.751751,-122.410654,1
40,82,5,dn13;dn14,37.739611,-122.492203,2
40,83,3,dn7,37.718779,-122.462401,1
40,83,5,dn14,37.739611,-122.492203,1
40,84,1,dn3,37.774524,-122.473656,1
40,84,3,dn7,37.718779,-122.462401,1
40,86,1,dn2,37.774524,-122.473656,1
40,87,1,dn2,37.774524,-122.473656,1
40,88,1,dn2,37.774524,-122.473656,1
40,88,2,dn5,37.751751,-122.410654,1
40,89,1,dn2,37.774524,-122.473656,1
40,91,5,dn13,37.739611,-122.492203,1
40,92,3,dn8,37.718779,-122.462401,1
40,92,5,dn15,37.739611,-122.492203,1
40,93,5,dn15,37.739611,-122.492203,1
40,94,4,dn11,37.78929,-122.426797,1
40,95,4,dn11,37.78929,-122.426797,1
40,96,4,dn11,37.78929,-122.426797,1
40,97,4,dn10;dn11,37.78929,-122.426797,2
40,98,4,dn10;dn11,37.78929,-122.426797,2
40,99,1,dn1,37.774524,-122.473656,1
40,99,4,dn10;dn11,37.78929,-122.426797,2
41,0,1,dn1;dn2;dn3,37.774524,-122.473656,3
41,0,2,dn4;dn5;dn6,37.751751,-122.410654,3
41,0,3,dn7;dn8;dn9,37.718779,-122.462401,3
41,0,4,dn10;dn11;dn12,37.78929,-122.426797,3
41,0,5,dn13;dn14;dn15,37.739611,-122.492203,3
41,8,5,dn14,37.739611,-122.492203,1
41,11,5,dn13,37.739611,-122.492203,1
41,14,3,dn9,37.718779,-122.462401,1
41,16,5,dn14,37.739611,-122.492203,1
41,18,1,dn1,37.774524,-122.473656,1
41,18,2,dn5,37.751751,-122.410654,1
41,20,5,dn15,37.739611,-122.492203,1
41,21,5,dn15,37.739611,-122.492203,1
41,24,1,dn2,37.774524,-122.473656,1
41,24,3,dn7,37.718779,-122.462401,1
41,25,1,dn2,37.774524,-122.473656,1
41,25,5,dn13,37.739611,-122.492203,1
41,26,1,dn2,37.774524,-122.473656,1
41,26,3,dn9,37.718779,-122.462401,1
41,26,4,dn10;dn12,37.78929,-122.426797,2
41,26,5,dn13,37.739611,-122.492203,1
41,27,4,dn12,37.78929,-122.426797,1
41,27,5,dn13,37.739611,-122.492203,1
41,28,4,dn12,37.78929,-122.426797,1
41,28,5,dn13,37.739611,-122.492203,1
41,29,4,dn12,37.78929,-122.426797,1
41,29,5,dn13,37.739611,-122.492203,1
41,30,2,dn4,37.751751,-122.410654,1
41,30,4,dn12,37.78929,-122.426797,1
41,30,5,dn13,37.739611,-122.492203,1
41,31,4,dn12,37.78929,-122.426797,1
41,31,5,dn13,37.739611,-122.492203,1
41,32,4,dn12,37.78929,-122.426797,1
41,32,5,dn13,37.739611,-122.492203,1
41,33,4,dn12,37.78929,-122.426797,1
41,33,5,dn13;dn15,37.739611,-122.492203,2
41,34,4,dn12,37.78929,-122.426797,1
41,34,5,dn13;dn15,37.739611,-122.492203,2
41,35,4,dn12,37.78929,-122.426797,1
41,35,5,dn15,37.739611,-122.492203,1
41,36,2,dn5,37.751751,-122.410654,1
41,36,3,dn7;dn8,37.718779,-122.462401,2
41,36,4,dn12,37.78929,-122.426797,1
41,36,5,dn15,37.739611,-122.492203,1
41,37,3,dn7;dn8,37.718779,-122.462401,2
41,37,4,dn12,37.78929,-122.426797,1
41,37,5,dn15,37.739611,-122.492203,1
41,38,3,dn7;dn8,37.718779,-122.462401,2
41,38,4,dn11,37.78929,-122.426797,1
41,38,5,dn14;dn15,37.739611,-122.492203,2
41,39,3,dn7;dn8,37.718779,-122.462401,2
41,39,4,dn11,37.78929,-122.426797,1
41,39,5,dn14;dn15,37.739611,-122.492203,2
41,40,3,dn7;dn8,37.718779,-122.462401,2
41,40,4,dn11,37.78929,-122.426797,1
41,40,5,dn14;dn15,37.739611,-122.492203,2
41,41,3,dn7;dn8,37.718779,-122.462401,2
41,41,4,dn11,37.78929,-122.426797,1
41,41,5,dn14;dn15,37.739611,-122.492203,2
41,42,2,dn6,37.751751,-122.410654,1
41,42,3,dn7;dn8;dn9,37.718779,-122.462401,3
41,42,4,dn11,37.78929,-122.426797,1
41,42,5,dn14;dn15,37.739611,-122.492203,2
41,43,2,dn6,37.751751,-122.410654,1
41,43,3,dn7;dn8;dn9,37.718779,-122.462401,3
41,43,4,dn11,37.78929,-122.426797,1
41,43,5,dn14;dn15,37.739611,-122.492203,2
41,44,1,dn1,37.774524,-122.473656,1
41,44,3,dn7;dn8;dn9,37.718779,-122.462401,3
41,44,4,dn11,37.78929,-122.426797,1
41,44,5,dn14;dn15,37.739611,-122.492203,2
41,45,1,dn1,37.774524,-122.473656,1
41,45,3,dn7;dn8;dn9,37.718779,-122.462401,3
41,45,4,dn11,37.78929,-122.426797,1
41,45,5,dn14;dn15,37.739611,-122.492203,2
41,46,1,dn1,37.774524,-122.473656,1
41,46,3,dn8;dn9,37.718779,-122.462401,2
41,46,4,dn11,37.78929,-122.426797,1
41,46,5,dn14;dn15,37.739611,-122.492203,2
41,47,1,dn1,37.774524,-122.473656,1
41,47,3,dn8;dn9,37.718779,-122.462401,2
41,47,4,dn11,37.78929,-122.426797,1
41,47,5,dn14;dn15,37.739611,-122.492203,2
41,48,1,dn1,37.774524,-122.473656,1
41,48,3,dn8;dn9,37.718779,-122.462401,2
41,48,4,dn11,37.78929,-122.426797,1
41,48,5,dn14;dn15,37.739611,-122.492203,2
41,49,1,dn1,37.774524,-122.473656,1
41,49,3,dn8;dn9,37.718779,-122.462401,2
41,49,5,dn14;dn15,37.739611,-122.492203,2
41,50,1,dn2,37.774524,-122.473656,1
41,50,3,dn8;dn9,37.718779,-122.462401,2
41,50,5,dn14;dn15,37.739611,-122.492203,2
41,51,1,dn2,37.774524,-122.473656,1
41,51,3,dn8;dn9,37.718779,-122.462401,2
41,51,5,dn14;dn15,37.739611,-122.492203,2
41,52,3,dn8;dn9,37.718779,-122.462401,2
41,52,5,dn14;dn15,37.739611,-122.492203,2
41,53,3,dn9,37.718779,-122.462401,1
41,53,5,dn14;dn15,37.739611,-122.492203,2
41,54,5,dn14;dn15,37.739611,-122.492203,2
41,55,5,dn15,37.739611,-122.492203,1
41,56,1,dn3,37.774524,-122.473656,1
41,56,5,dn15,37.739611,-122.492203,1
41,57,5,dn15,37.739611,-122.492203,1
41,58,2,dn5,37.751751,-122.410654,1
41,58,5,dn15,37.739611,-122.492203,1
41,59,2,dn5,37.751751,-122.410654,1
41,59,5,dn15,37.739611,-122.492203,1
41,60,5,dn15,37.739611,-122.492203,1
41,61,2,dn6,37.751751,-122.410654,1
41,61,3,dn7,37.718779,-122.462401,1
41,61,5,dn15,37.739611,-122.492203,1
41,62,2,dn4;dn6,37.751751,-122.410654,2
41,62,3,dn7,37.718779,-122.462401,1
41,62,5,dn13;dn15,37.739611,-122.492203,2
41,63,1,dn1,37.774524,-122.473656,1
41,63,2,dn4;dn6,37.751751,-122.410654,2
41,63,3,dn7,37.718779,-122.462401,1
41,63,5,dn13;dn15,37.739611,-122.492203,2
41,64,1,dn1,37.774524,-122.473656,1
41,64,2,dn4;dn6,37.751751,-122.410654,2
41,64,3,dn7,37.718779,-122.462401,1
41,64,5,dn13;dn15,37.739611,-122.492203,2
41,65,1,dn3,37.774524,-122.473656,1
41,65,2,dn4;dn6,37.751751,-122.410654,2
41,65,3,dn7,37.718779,-122.462401,1
41,65,5,dn13;dn15,37.739611,-122.492203,2
41,66,1,dn3,37.774524,-122.473656,1
41,66,2,dn4;dn6,37.751751,-122.410654,2
41,66,3,dn7,37.718779,-122.462401,1
41,66,5,dn13;dn14;dn15,37.739611,-122.492203,3
41,67,1,dn3,37.774524,-122.473656,1
41,67,2,dn4;dn6,37.751751,-122.410654,2
41,67,3,dn7;dn9,37.718779,-122.462401,2
41,67,5,dn13;dn14;dn15,37.739611,-122.492203,3
41,68,2,dn4;dn6,37.751751,-122.410654,2
41,68,3,dn7;dn8;dn9,37.718779,-122.462401,3
41,68,4,dn10,37.78929,-122.426797,1
41,68,5,dn13;dn14;dn15,37.739611,-122.492203,3
41,69,2,dn6,37.751751,-122.410654,1
41,69,3,dn7;dn8;dn9,37.718779,-122.462401,3
41,69,4,dn10;dn12,37.78929,-122.426797,2
41,69,5,dn13;dn14;dn15,37.739611,-122.492203,3
41,70,3,dn7;dn8;dn9,37.718779,-122.462401,3
41,70,4,dn10;dn12,37.78929,-122.426797,2
41,70,5,dn13;dn14;dn15,37.739611,-122.492203,3
41,71,3,dn7;dn8;dn9,37.718779,-122.462401,3
41,71,4,dn10;dn12,37.78929,-122.426797,2
41,71,5,dn13;dn14;dn15,37.739611,-122.492203,3
41,72,3,dn7;dn8;dn9,37.718779,-122.462401,3
41,72,4,dn10;dn12,37.78929,-122.426797,2
41,72,5,dn13;dn14;dn15,37.739611,-122.492203,3
41,73,1,dn1,37.774524,-122.473656,1
41,73,3,dn7;dn8;dn9,37.718779,-122.462401,3
41,73,4,dn10;dn12,37.78929,-122.426797,2
41,73,5,dn13;dn14;dn15,37.739611,-122.492203,3
41,74,1,dn1,37.774524,-122.473656,1
41,74,3,dn8;dn9,37.718779,-122.462401,2
41,74,4,dn10;dn12,37.78929,-122.426797,2
41,74,5,dn13;dn14;dn15,37.739611,-122.492203,3
41,75,1,dn1,37.774524,-122.473656,1
41,75,3,dn8;dn9,37.718779,-122.462401,2
41,75,4,dn10;dn12,37.78929,-122.426797,2
41,75,5,dn13;dn14;dn15,37.739611,-122.492203,3
41,76,1,dn1,37.774524,-122.473656,1
41,76,3,dn8;dn9,37.718779,-122.462401,2
41,76,4,dn10;dn12,37.78929,-122.426797,2
41,76,5,dn13;dn14;dn15,37.739611,-122.492203,3
41,77,1,dn1,37.774524,-122.473656,1
41,77,3,dn8;dn9,37.718779,-122.462401,2
41,77,4,dn10;dn12,37.78929,-122.426797,2
41,77,5,dn13;dn14;dn15,37.739611,-122.492203,3
41,78,1,dn1,37.774524,-122.473656,1
41,78,3,dn8;dn9,37.718779,-122.462401,2
41,78,4,dn10;dn12,37.78929,-122.426797,2
41,78,5,dn13;dn14;dn15,37.739611,-122.492203,3
41,79,1,dn1,37.774524,-122.473656,1
41,79,3,dn8;dn9,37.718779,-122.462401,2
41,79,4,dn10;dn12,37.78929,-122.426797,2
41,79,5,dn13;dn14;dn15,37.739611,-122.492203,3
41,80,1,dn1,37.774524,-122.473656,1
41,80,3,dn9,37.718779,-122.462401,1
41,80,4,dn10;dn12,37.78929,-122.426797,2
41,80,5,dn13;dn14;dn15,37.739611,-122.492203,3
41,81,1,dn1;dn2,37.774524,-122.473656,2
41,81,3,dn9,37.718779,-122.462401,1
41,81,4,dn10;dn12,37.78929,-122.426797,2
41,81,5,dn13;dn14;dn15,37.739611,-122.492203,3
41,82,1,dn2,37.774524,-122.473656,1
41,82,3,dn9,37.718779,-122.462401,1
41,82,4,dn10;dn12,37.78929,-122.426797,2
41,82,5,dn13;dn14;dn15,37.739611,-122.492203,3
41,83,1,dn2,37.774524,-122.473656,1
41,83,2,dn5,37.751751,-122.410654,1
41,83,3,dn9,37.718779,-122.462401,1
41,83,4,dn10;dn12,37.78929,-122.426797,2
41,83,5,dn13;dn14;dn15,37.739611,-122.492203,3
41,84,1,dn2,37.774524,-122.473656,1
41,84,2,dn5,37.751751,-122.410654,1
41,84,3,dn9,37.718779,-122.462401,1
41,84,4,dn10;dn12,37.78929,-122.426797,2
41,84,5,dn13;dn14;dn15,37.739611,-122.492203,3
41,85,1,dn2,37.774524,-122.473656,1
41,85,2,dn5,37.751751,-122.410654,1
41,85,3,dn9,37.718779,-122.462401,1
41,85,4,dn10;dn12,37.78929,-122.426797,2
41,85,5,dn13;dn14;dn15,37.739611,-122.492203,3
41,86,2,dn5,37.751751,-122.410654,1
41,86,3,dn9,37.718779,-122.462401,1
41,86,4,dn10;dn12,37.78929,-122.426797,2
41,86,5,dn13;dn14;dn15,37.739611,-122.492203,3
41,87,1,dn3,37.774524,-122.473656,1
41,87,3,dn9,37.718779,-122.462401,1
41,87,4,dn10;dn12,37.78929,-122.426797,2
41,87,5,dn13;dn14;dn15,37.739611,-122.492203,3
41,88,1,dn3,37.774524,-122.473656,1
41,88,3,dn9,37.718779,-122.462401,1
41,88,4,dn10;dn12,37.78929,-122.426797,2
41,88,5,dn13;dn14;dn15,37.739611,-122.492203,3
41,89,1,dn3,37.774524,-122.473656,1
41,89,4,dn10;dn12,37.78929,-122.426797,2
41,89,5,dn13;dn14;dn15,37.739611,-122.492203,3
41,90,1,dn3,37.774524,-122.473656,1
41,90,4,dn10;dn12,37.78929,-122.426797,2
41,90,5,dn13;dn14;dn15,37.739611,-122.492203,3
41,91,1,dn3,37.774524,-122.473656,1
41,91,4,dn10;dn12,37.78929,-122.426797,2
41,91,5,dn13;dn14;dn15,37.739611,-122.492203,3
41,92,1,dn3,37.774524,-122.473656,1
41,92,4,dn10;dn12,37.78929,-122.426797,2
41,92,5,dn13;dn14;dn15,37.739611,-122.492203,3
41,93,1,dn3,37.774524,-122.473656,1
41,93,4,dn10;dn12,37.78929,-122.426797,2
41,93,5,dn13;dn14;dn15,37.739611,-122.492203,3
41,94,1,dn3,37.774524,-122.473656,1
41,94,4,dn10;dn12,37.78929,-122.426797,2
41,94,5,dn13;dn14;dn15,37.739611,-122.492203,3
41,95,1,dn3,37.774524,-122.473656,1
41,95,2,dn6,37.751751,-122.410654,1
41,95,3,dn7,37.718779,-122.462401,1
41,95,4,dn10;dn12,37.78929,-122.426797,2
41,95,5,dn13;dn14;dn15,37.739611,-122.492203,3
41,96,1,dn3,37.774524,-122.473656,1
41,96,3,dn7,37.718779,-122.462401,1
41,96,4,dn10;dn12,37.78929,-122.426797,2
41,96,5,dn13;dn14;dn15,37.739611,-122.492203,3
41,97,1,dn3,37.774524,-122.473656,1
41,97,3,dn7;dn8,37.718779,-122.462401,2
41,97,4,dn10;dn12,37.78929,-122.426797,2
41,97,5,dn13;dn14;dn15,37.739611,-122.492203,3
41,98,3,dn7;dn8,37.718779,-122.462401,2
41,98,4,dn10;dn12,37.78929,-122.426797,2
41,98,5,dn13;dn14;dn15,37.739611,-122.492203,3
41,99,3,dn8,37.718779,-122.462401,1
41,99,4,dn10;dn12,37.78929,-122.426797,2
41,99,5,dn13;dn14;dn15,37.739611,-122.492203,3
42,0,1,dn1;dn2;dn3,37.774524,-122.473656,3
42,0,2,dn4;dn5;dn6,37.751751,-122.410654,3
42,0,3,dn7;dn8;dn9,37.718779,-122.462401,3
42,0,4,dn10;dn11;dn12,37.78929,-122.426797,3
42,0,5,dn13;dn14;dn15,37.739611,-122.492203,3
42,9,3,dn8,37.718779,-122.462401,1
42,9,5,dn13;dn14,37.739611,-122.492203,2
42,11,3,dn7,37.718779,-122.462401,1
42,14,3,dn9,37.718779,-122.462401,1
42,14,5,dn15,37.739611,-122.492203,1
42,18,1,dn1,37.774524,-122.473656,1
42,20,4,dn10,37.78929,-122.426797,1
42,22,1,dn3,37.774524,-122.473656,1
42,24,1,dn2;dn3,37.774524,-122.473656,2
42,25,5,dn14,37.739611,-122.492203,1
42,26,2,dn4,37.751751,-122.410654,1
42,31,3,dn8,37.718779,-122.462401,1
42,32,4,dn12,37.78929,-122.426797,1
42,36,4,dn11,37.78929,-122.426797,1
42,37,5,dn14,37.739611,-122.492203,1
42,38,1,dn1,37.774524,-122.473656,1
42,39,1,dn1,37.774524,-122.473656,1
42,40,1,dn1,37.774524,-122.473656,1
42,41,5,dn13,37.739611,-122.492203,1
42,44,5,dn15,37.739611,-122.492203,1
42,46,1,dn3,37.774524,-122.473656,1
42,46,2,dn5,37.751751,-122.410654,1
42,46,4,dn11,37.78929,-122.426797,1
42,47,3,dn7,37.718779,-122.462401,1
42,48,3,dn7;dn9,37.718779,-122.462401,2
42,49,3,dn7;dn9,37.718779,-122.462401,2
42,50,3,dn7;dn9,37.718779,-122.462401,2
42,51,3,dn9,37.718779,-122.462401,1
42,51,5,dn14,37.739611,-122.492203,1
42,52,2,dn6,37.751751,-122.410654,1
42,52,3,dn9,37.718779,-122.462401,1
42,53,3,dn9,37.718779,-122.462401,1
42,53,5,dn15,37.739611,-122.492203,1
42,54,3,dn9,37.718779,-122.462401,1
42,54,5,dn15,37.739611,-122.492203,1
42,55,1,dn1,37.774524,-122.473656,1
42,55,3,dn9,37.718779,-122.462401,1
42,55,5,dn15,37.739611,-122.492203,1
42,56,3,dn9,37.718779,-122.462401,1
42,56,5,dn15,37.739611,-122.492203,1
42,57,3,dn9,37.718779,-122.462401,1
42,57,5,dn15,37.739611,-122.492203,1
42,58,1,dn3,37.774524,-122.473656,1
42,58,3,dn9,37.718779,-122.462401,1
42,59,1,dn3,37.774524,-122.473656,1
42,59,3,dn8;dn9,37.718779,-122.462401,2
42,59,5,dn13,37.739611,-122.492203,1
42,60,1,dn2,37.774524,-122.473656,1
42,60,2,dn4,37.751751,-122.410654,1
42,60,3,dn8;dn9,37.718779,-122.462401,2
42,60,5,dn13,37.739611,-122.492203,1
42,61,1,dn2,37.774524,-122.473656,1
42,61,3,dn8;dn9,37.718779,-122.462401,2
42,61,5,dn13,37.739611,-122.492203,1
42,62,1,dn2,37.774524,-122.473656,1
42,62,3,dn8;dn9,37.718779,-122.462401,2
42,62,5,dn13,37.739611,-122.492203,1
42,63,1,dn2,37.774524,-122.473656,1
42,63,3,dn9,37.718779,-122.462401,1
42,63,5,dn13,37.739611,-122.492203,1
42,64,1,dn2,37.774524,-122.473656,1
42,64,3,dn9,37.718779,-122.462401,1
42,64,5,dn13,37.739611,-122.492203,1
42,65,1,dn2,37.774524,-122.473656,1
42,65,5,dn13,37.739611,-122.492203,1
42,66,3,dn7,37.718779,-122.462401,1
42,66,4,dn11,37.78929,-122.426797,1
42,66,5,dn13,37.739611,-122.492203,1
42,67,5,dn13,37.739611,-122.492203,1
42,68,5,dn13,37.739611,-122.492203,1
42,69,5,dn13,37.739611,-122.492203,1
42,70,2,dn5,37.751751,-122.410654,1
42,72,4,dn12,37.78929,-122.426797,1
42,73,4,dn12,37.78929,-122.426797,1
42,74,4,dn12,37.78929,-122.426797,1
42,74,5,dn15,37.739611,-122.492203,1
42,75,4,dn12,37.78929,-122.426797,1
42,76,1,dn3,37.774524,-122.473656,1
42,76,4,dn12,37.78929,-122.426797,1
42,77,5,dn14,37.739611,-122.492203,1
42,78,2,dn6,37.751751,-122.410654,1
42,78,4,dn10,37.78929,-122.426797,1
42,79,4,dn10,37.78929,-122.426797,1
42,80,4,dn10,37.78929,-122.426797,1
42,81,1,dn2,37.774524,-122.473656,1
42,81,4,dn10,37.78929,-122.426797,1
42,81,5,dn13,37.739611,-122.492203,1
42,82,4,dn10,37.78929,-122.426797,1
42,83,4,dn10,37.78929,-122.426797,1
42,84,3,dn7,37.718779,-122.462401,1
42,84,4,dn10,37.78929,-122.426797,1
42,85,1,dn1,37.774524,-122.473656,1
42,85,2,dn5,37.751751,-122.410654,1
42,85,3,dn7,37.718779,-122.462401,1
42,85,4,dn10,37.78929,-122.426797,1
42,86,1,dn1,37.774524,-122.473656,1
42,86,3,dn7;dn8,37.718779,-122.462401,2
42,86,4,dn10,37.78929,-122.426797,1
42,86,5,dn15,37.739611,-122.492203,1
42,87,1,dn1,37.774524,-122.473656,1
42,87,3,dn7;dn8,37.718779,-122.462401,2
42,87,4,dn10,37.78929,-122.426797,1
42,87,5,dn15,37.739611,-122.492203,1
42,88,1,dn1,37.774524,-122.473656,1
42,88,2,dn4,37.751751,-122.410654,1
42,88,3,dn7;dn8,37.718779,-122.462401,2
42,88,4,dn10,37.78929,-122.426797,1
42,88,5,dn15,37.739611,-122.492203,1
42,89,1,dn1,37.774524,-122.473656,1
42,89,2,dn4,37.751751,-122.410654,1
42,89,3,dn7;dn8,37.718779,-122.462401,2
42,89,4,dn10,37.78929,-122.426797,1
42,89,5,dn14;dn15,37.739611,-122.492203,2
42,90,1,dn1,37.774524,-122.473656,1
42,90,2,dn4,37.751751,-122.410654,1
42,90,3,dn7;dn8;dn9,37.718779,-122.462401,3
42,90,4,dn10,37.78929,-122.426797,1
42,90,5,dn14;dn15,37.739611,-122.492203,2
42,91,1,dn1,37.774524,-122.473656,1
42,91,2,dn4,37.751751,-122.410654,1
42,91,3,dn7;dn8;dn9,37.718779,-122.462401,3
42,91,4,dn10,37.78929,-122.426797,1
42,91,5,dn13;dn14;dn15,37.739611,-122.492203,3
42,92,1,dn1,37.774524,-122.473656,1
42,92,2,dn4,37.751751,-122.410654,1
42,92,3,dn8;dn9,37.718779,-122.462401,2
42,92,4,dn10,37.78929,-122.426797,1
42,92,5,dn13;dn14;dn15,37.739611,-122.492203,3
42,93,2,dn4,37.751751,-122.410654,1
42,93,3,dn8;dn9,37.718779,-122.462401,2
42,93,4,dn10,37.78929,-122.426797,1
42,93,5,dn13;dn14;dn15,37.739611,-122.492203,3
42,94,1,dn3,37.774524,-122.473656,1
42,94,2,dn4,37.751751,-122.410654,1
42,94,3,dn8;dn9,37.718779,-122.462401,2
42,94,4,dn10,37.78929,-122.426797,1
42,94,5,dn13;dn14;dn15,37.739611,-122.492203,3
42,95,1,dn3,37.774524,-122.473656,1
42,95,2,dn4,37.751751,-122.410654,1
42,95,3,dn8;dn9,37.718779,-122.462401,2
42,95,4,dn10,37.78929,-122.426797,1
42,95,5,dn13;dn14;dn15,37.739611,-122.492203,3
42,96,2,dn4,37.751751,-122.410654,1
42,96,3,dn8;dn9,37.718779,-122.462401,2
42,96,4,dn10,37.78929,-122.426797,1
42,96,5,dn13;dn14;dn15,37.739611,-122.492203,3
42,97,1,dn2,37.774524,-122.473656,1
42,97,2,dn4,37.751751,-122.410654,1
42,97,3,dn8;dn9,37.718779,-122.462401,2
42,97,4,dn10,37.78929,-122.426797,1
42,97,5,dn13;dn14;dn15,37.739611,-122.492203,3
42,98,1,dn2,37.774524,-122.473656,1
42,98,2,dn4,37.751751,-122.410654,1
42,98,3,dn8;dn9,37.718779,-122.462401,2
42,98,4,dn10,37.78929,-122.426797,1
42,98,5,dn13;dn14;dn15,37.739611,-122.492203,3
42,99,1,dn2,37.774524,-122.473656,1
42,99,2,dn4,37.751751,-122.410654,1
42,99,3,dn8;dn9,37.718779,-122.462401,2
42,99,4,dn10,37.78929,-122.426797,1
42,99,5,dn13;dn14;dn15,37.739611,-122.492203,3
43,0,1,dn1;dn2;dn3,37.774524,-122.473656,3
43,0,2,dn4;dn5;dn6,37.751751,-122.410654,3
43,0,3,dn7;dn8;dn9,37.718779,-122.462401,3
43,0,4,dn10;dn11;dn12,37.78929,-122.426797,3
43,0,5,dn13;dn14;dn15,37.739611,-122.492203,3
43,11,3,dn8,37.718779,-122.462401,1
43,12,5,dn14,37.739611,-122.492203,1
43,16,5,dn13,37.739611,-122.492203,1
43,18,3,dn9,37.718779,-122.462401,1
43,18,4,dn12,37.78929,-122.426797,1
43,18,5,dn15,37.739611,-122.492203,1
43,20,1,dn1;dn2,37.774524,-122.473656,2
43,20,3,dn7,37.718779,-122.462401,1
43,22,2,dn6,37.751751,-122.410654,1
43,23,3,dn8,37.718779,-122.462401,1
43,24,5,dn14,37.739611,-122.492203,1
43,30,3,dn7,37.718779,-122.462401,1
43,30,5,dn13,37.739611,-122.492203,1
43,32,1,dn2;dn3,37.774524,-122.473656,2
43,32,2,dn4,37.751751,-122.410654,1
43,32,3,dn9,37.718779,-122.462401,1
43,34,5,dn13,37.739611,-122.492203,1
43,36,2,dn5,37.751751,-122.410654,1
43,36,4,dn10,37.78929,-122.426797,1
43,37,3,dn8,37.718779,-122.462401,1
43,40,3,dn7,37.718779,-122.462401,1
43,40,5,dn14,37.739611,-122.492203,1
43,44,5,dn13,37.739611,-122.492203,1
43,46,5,dn15,37.739611,-122.492203,1
43,48,3,dn9,37.718779,-122.462401,1
43,49,5,dn13;dn14,37.739611,-122.492203,2
43,50,1,dn2,37.774524,-122.473656,1
43,54,4,dn12,37.78929,-122.426797,1
43,54,5,dn13;dn15,37.739611,-122.492203,2
43,55,4,dn12,37.78929,-122.426797,1
43,56,1,dn3,37.774524,-122.473656,1
43,56,4,dn12,37.78929,-122.426797,1
43,57,1,dn3,37.774524,-122.473656,1
43,57,3,dn9,37.718779,-122.462401,1
43,57,4,dn12,37.78929,-122.426797,1
43,58,1,dn1;dn3,37.774524,-122.473656,2
43,58,3,dn9,37.718779,-122.462401,1
43,58,4,dn12,37.78929,-122.426797,1
43,59,1,dn1;dn3,37.774524,-122.473656,2
43,59,4,dn12,37.78929,-122.426797,1
43,60,1,dn3,37.774524,-122.473656,1
43,60,4,dn12,37.78929,-122.426797,1
43,61,1,dn3,37.774524,-122.473656,1
43,61,4,dn12,37.78929,-122.426797,1
43,62,2,dn4,37.751751,-122.410654,1
43,62,4,dn11;dn12,37.78929,-122.426797,2
43,63,4,dn11;dn12,37.78929,-122.426797,2
43,64,4,dn12,37.78929,-122.426797,1
43,67,3,dn8,37.718779,-122.462401,1
43,67,5,dn15,37.739611,-122.492203,1
43,68,2,dn6,37.751751,-122.410654,1
43,68,3,dn7;dn8,37.718779,-122.462401,2
43,68,5,dn15,37.739611,-122.492203,1
43,69,3,dn7;dn8,37.718779,-122.462401,2
43,69,5,dn15,37.739611,-122.492203,1
43,70,2,dn5,37.751751,-122.410654,1
43,70,3,dn7;dn8;dn9,37.718779,-122.462401,3
43,70,5,dn15,37.739611,-122.492203,1
43,71,3,dn7;dn8;dn9,37.718779,-122.462401,3
43,71,5,dn15,37.739611,-122.492203,1
43,72,3,dn7;dn8;dn9,37.718779,-122.462401,3
43,72,5,dn15,37.739611,-122.492203,1
43,73,3,dn7;dn8;dn9,37.718779,-122.462401,3
43,74,1,dn2,37.774524,-122.473656,1
43,74,3,dn7;dn8;dn9,37.718779,-122.462401,3
43,75,1,dn1,37.774524,-122.473656,1
43,75,3,dn8;dn9,37.718779,-122.462401,2
43,75,5,dn14,37.739611,-122.492203,1
43,76,3,dn8;dn9,37.718779,-122.462401,2
43,77,1,dn3,37.774524,-122.473656,1
43,77,3,dn8;dn9,37.718779,-122.462401,2
43,78,3,dn8;dn9,37.718779,-122.462401,2
43,78,5,dn13,37.739611,-122.492203,1
43,79,3,dn9,37.718779,-122.462401,1
43,79,5,dn13,37.739611,-122.492203,1
43,80,3,dn9,37.718779,-122.462401,1
43,80,5,dn13,37.739611,-122.492203,1
43,81,5,dn13,37.739611,-122.492203,1
43,82,5,dn13,37.739611,-122.492203,1
43,83,5,dn13,37.739611,-122.492203,1
43,84,4,dn10,37.78929,-122.426797,1
43,84,5,dn13,37.739611,-122.492203,1
43,85,4,dn10,37.78929,-122.426797,1
43,85,5,dn13,37.739611,-122.492203,1
43,86,4,dn10,37.78929,-122.426797,1
43,87,4,dn10,37.78929,-122.426797,1
43,87,5,dn15,37.739611,-122.492203,1
43,88,3,dn8,37.718779,-122.462401,1
43,88,4,dn10;dn12,37.78929,-122.426797,2
43,88,5,dn15,37.739611,-122.492203,1
43,89,4,dn10;dn12,37.78929,-122.426797,2
43,89,5,dn15,37.739611,-122.492203,1
43,90,4,dn10;dn12,37.78929,-122.426797,2
43,90,5,dn14;dn15,37.739611,-122.492203,2
43,91,1,dn3,37.774524,-122.473656,1
43,91,4,dn10;dn12,37.78929,-122.426797,2
43,91,5,dn15,37.739611,-122.492203,1
43,92,1,dn3,37.774524,-122.473656,1
43,92,3,dn7,37.718779,-122.462401,1
43,92,4,dn10;dn12,37.78929,-122.426797,2
43,92,5,dn15,37.739611,-122.492203,1
43,93,1,dn3,37.774524,-122.473656,1
43,93,3,dn7,37.718779,-122.462401,1
43,93,4,dn10;dn12,37.78929,-122.426797,2
43,93,5,dn15,37.739611,-122.492203,1
43,94,1,dn3,37.774524,-122.473656,1
43,94,3,dn7,37.718779,-122.462401,1
43,94,4,dn10;dn12,37.78929,-122.426797,2
43,94,5,dn15,37.739611,-122.492203,1
43,95,1,dn3,37.774524,-122.473656,1
43,95,3,dn7,37.718779,-122.462401,1
43,95,4,dn10;dn12,37.78929,-122.426797,2
43,95,5,dn15,37.739611,-122.492203,1
43,96,1,dn3,37.774524,-122.473656,1
43,96,3,dn7,37.718779,-122.462401,1
43,96,4,dn10;dn12,37.78929,-122.426797,2
43,96,5,dn15,37.739611,-122.492203,1
43,97,3,dn7,37.718779,-122.462401,1
43,97,4,dn10;dn12,37.78929,-122.426797,2
43,97,5,dn15,37.739611,-122.492203,1
43,98,3,dn7,37.718779,-122.462401,1
43,98,4,dn10;dn12,37.78929,-122.426797,2
43,98,5,dn15,37.739611,-122.492203,1
43,99,4,dn10;dn12,37.78929,-122.426797,2
43,99,5,dn15,37.739611,-122.492203,1
44,0,1,dn1;dn2;dn3,37.774524,-122.473656,3
44,0,2,dn4;dn5;dn6,37.751751,-122.410654,3
44,0,3,dn7;dn8;dn9,37.718779,-122.462401,3
44,0,4,dn10;dn11;dn12,37.78929,-122.426797,3
44,0,5,dn13;dn14;dn15,37.739611,-122.492203,3
44,13,2,dn5,37.751751,-122.410654,1
44,15,5,dn13,37.739611,-122.492203,1
44,19,5,dn15,37.739611,-122.492203,1
44,20,1,dn2,37.774524,-122.473656,1
44,20,3,dn9,37.718779,-122.462401,1
44,21,3,dn9,37.718779,-122.462401,1
44,22,3,dn7;dn9,37.718779,-122.462401,2
44,23,3,dn7;dn9,37.718779,-122.462401,2
44,24,3,dn9,37.718779,-122.462401,1
44,24,5,dn14,37.739611,-122.492203,1
44,25,5,dn14,37.739611,-122.492203,1
44,26,1,dn3,37.774524,-122.473656,1
44,26,5,dn14,37.739611,-122.492203,1
44,32,2,dn6,37.751751,-122.410654,1
44,32,3,dn9,37.718779,-122.462401,1
44,33,5,dn13,37.739611,-122.492203,1
44,34,5,dn13,37.739611,-122.492203,1
44,35,5,dn13,37.739611,-122.492203,1
44,36,1,dn1,37.774524,-122.473656,1
44,36,5,dn13;dn14,37.739611,-122.492203,2
44,37,1,dn1,37.774524,-122.473656,1
44,37,2,dn5,37.751751,-122.410654,1
44,37,5,dn13;dn14,37.739611,-122.492203,2
44,38,1,dn1,37.774524,-122.473656,1
44,38,2,dn4,37.751751,-122.410654,1
44,38,5,dn13;dn14,37.739611,-122.492203,2
44,39,1,dn1,37.774524,-122.473656,1
44,39,5,dn13;dn14;dn15,37.739611,-122.492203,3
44,40,1,dn1,37.774524,-122.473656,1
44,40,3,dn8,37.718779,-122.462401,1
44,40,4,dn12,37.78929,-122.426797,1
44,40,5,dn13;dn14;dn15,37.739611,-122.492203,3
44,41,1,dn1,37.774524,-122.473656,1
44,41,5,dn13;dn14;dn15,37.739611,-122.492203,3
44,42,5,dn13;dn14;dn15,37.739611,-122.492203,3
44,43,5,dn14;dn15,37.739611,-122.492203,2
44,44,5,dn15,37.739611,-122.492203,1
44,45,5,dn15,37.739611,-122.492203,1
44,46,1,dn2;dn3,37.774524,-122.473656,2
44,46,2,dn6,37.751751,-122.410654,1
44,46,4,dn11,37.78929,-122.426797,1
44,46,5,dn15,37.739611,-122.492203,1
44,47,1,dn2;dn3,37.774524,-122.473656,2
44,47,4,dn11,37.78929,-122.426797,1
44,47,5,dn15,37.739611,-122.492203,1
44,48,1,dn2;dn3,37.774524,-122.473656,2
44,48,4,dn11,37.78929,-122.426797,1
44,49,1,dn2;dn3,37.774524,-122.473656,2
44,50,1,dn1;dn3,37.774524,-122.473656,2
44,50,4,dn10,37.78929,-122.426797,1
44,51,1,dn1;dn3,37.774524,-122.473656,2
44,51,4,dn10,37.78929,-122.426797,1
44,52,1,dn1;dn3,37.774524,-122.473656,2
44,52,4,dn10,37.78929,-122.426797,1
44,53,1,dn3,37.774524,-122.473656,1
44,53,4,dn10,37.78929,-122.426797,1
44,54,1,dn3,37.774524,-122.473656,1
44,54,4,dn10,37.78929,-122.426797,1
44,54,5,dn15,37.739611,-122.492203,1
44,55,1,dn3,37.774524,-122.473656,1
44,55,4,dn10,37.78929,-122.426797,1
44,55,5,dn15,37.739611,-122.492203,1
44,56,4,dn10,37.78929,-122.426797,1
44,56,5,dn14;dn15,37.739611,-122.492203,2
44,57,4,dn10,37.78929,-122.426797,1
44,57,5,dn13;dn14;dn15,37.739611,-122.492203,3
44,58,5,dn13;dn14;dn15,37.739611,-122.492203,3
44,59,5,dn13;dn14;dn15,37.739611,-122.492203,3
44,60,5,dn14;dn15,37.739611,-122.492203,2
44,61,1,dn2,37.774524,-122.473656,1
44,61,5,dn14;dn15,37.739611,-122.492203,2
44,62,3,dn9,37.718779,-122.462401,1
44,62,5,dn14;dn15,37.739611,-122.492203,2
44,63,5,dn14;dn15,37.739611,-122.492203,2
44,64,5,dn14;dn15,37.739611,-122.492203,2
44,65,3,dn7,37.718779,-122.462401,1
44,65,5,dn14;dn15,37.739611,-122.492203,2
44,66,5,dn14;dn15,37.739611,-122.492203,2
44,67,5,dn14;dn15,37.739611,-122.492203,2
44,68,5,dn14;dn15,37.739611,-122.492203,2
44,69,1,dn2,37.774524,-122.473656,1
44,69,5,dn14;dn15,37.739611,-122.492203,2
44,70,1,dn2,37.774524,-122.473656,1
44,70,5,dn14;dn15,37.739611,-122.492203,2
44,71,5,dn14;dn15,37.739611,-122.492203,2
44,72,5,dn15,37.739611,-122.492203,1
44,74,2,dn6,37.751751,-122.410654,1
44,77,2,dn5,37.751751,-122.410654,1
44,79,4,dn10,37.78929,-122.426797,1
44,80,1,dn1,37.774524,-122.473656,1
44,80,3,dn9,37.718779,-122.462401,1
44,83,1,dn3,37.774524,-122.473656,1
44,83,3,dn7,37.718779,-122.462401,1
44,83,5,dn13,37.739611,-122.492203,1
44,84,3,dn7,37.718779,-122.462401,1
44,84,5,dn13;dn15,37.739611,-122.492203,2
44,85,3,dn7,37.718779,-122.462401,1
44,85,5,dn13;dn15,37.739611,-122.492203,2
44,86,2,dn4,37.751751,-122.410654,1
44,86,3,dn7;dn8,37.718779,-122.462401,2
44,86,5,dn13;dn15,37.739611,-122.492203,2
44,87,2,dn4,37.751751,-122.410654,1
44,87,3,dn7;dn8,37.718779,-122.462401,2
44,87,5,dn13;dn15,37.739611,-122.492203,2
44,88,1,dn2,37.774524,-122.473656,1
44,88,2,dn4,37.751751,-122.410654,1
44,88,3,dn7;dn8,37.718779,-122.462401,2
44,88,5,dn13;dn15,37.739611,-122.492203,2
44,89,1,dn2,37.774524,-122.473656,1
44,89,3,dn7;dn8,37.718779,-122.462401,2
44,89,5,dn13;dn15,37.739611,-122.492203,2
44,90,1,dn2,37.774524,-122.473656,1
44,90,3,dn8,37.718779,-122.462401,1
44,90,4,dn12,37.78929,-122.426797,1
44,90,5,dn13;dn15,37.739611,-122.492203,2
44,91,1,dn2,37.774524,-122.473656,1
44,91,3,dn8,37.718779,-122.462401,1
44,91,4,dn12,37.78929,-122.426797,1
44,91,5,dn13;dn15,37.739611,-122.492203,2
44,92,1,dn2,37.774524,-122.473656,1
44,92,3,dn8;dn9,37.718779,-122.462401,2
44,92,4,dn11;dn12,37.78929,-122.426797,2
44,92,5,dn13;dn15,37.739611,-122.492203,2
44,93,3,dn8;dn9,37.718779,-122.462401,2
44,93,4,dn11;dn12,37.78929,-122.426797,2
44,93,5,dn13;dn15,37.739611,-122.492203,2
44,94,3,dn8;dn9,37.718779,-122.462401,2
44,94,4,dn12,37.78929,-122.426797,1
44,94,5,dn13;dn15,37.739611,-122.492203,2
44,95,3,dn8;dn9,37.718779,-122.462401,2
44,95,4,dn12,37.78929,-122.426797,1
44,95,5,dn13;dn15,37.739611,-122.492203,2
44,96,3,dn8;dn9,37.718779,-122.462401,2
44,96,5,dn13;dn15,37.739611,-122.492203,2
44,97,2,dn5,37.751751,-122.410654,1
44,97,3,dn8;dn9,37.718779,-122.462401,2
44,97,5,dn13;dn14;dn15,37.739611,-122.492203,3
44,98,3,dn8;dn9,37.718779,-122.462401,2
44,98,5,dn13;dn14;dn15,37.739611,-122.492203,3
44,99,3,dn8;dn9,37.718779,-122.462401,2
44,99,5,dn13;dn14;dn15,37.739611,-122.492203,3
45,0,1,dn1;dn2;dn3,37.774524,-122.473656,3
45,0,2,dn4;dn5;dn6,37.751751,-122.410654,3
45,0,3,dn7;dn8;dn9,37.718779,-122.462401,3
45,0,4,dn10;dn11;dn12,37.78929,-122.426797,3
45,0,5,dn13;dn14;dn15,37.739611,-122.492203,3
45,1,5,dn14;dn15,37.739611,-122.492203,2
45,2,5,dn15,37.739611,-122.492203,1
45,11,3,dn7,37.718779,-122.462401,1
45,13,3,dn9,37.718779,-122.462401,1
45,14,5,dn13,37.739611,-122.492203,1
45,15,3,dn8,37.718779,-122.462401,1
45,17,5,dn15,37.739611,-122.492203,1
45,18,1,dn3,37.774524,-122.473656,1
45,18,5,dn15,37.739611,-122.492203,1
45,19,5,dn14;dn15,37.739611,-122.492203,2
45,20,4,dn10;dn12,37.78929,-122.426797,2
45,20,5,dn15,37.739611,-122.492203,1
45,21,5,dn15,37.739611,-122.492203,1
45,22,5,dn15,37.739611,-122.492203,1
45,23,5,dn15,37.739611,-122.492203,1
45,24,1,dn1,37.774524,-122.473656,1
45,24,5,dn15,37.739611,-122.492203,1
45,25,5,dn15,37.739611,-122.492203,1
45,26,1,dn2,37.774524,-122.473656,1
45,26,5,dn15,37.739611,-122.492203,1
45,27,1,dn2,37.774524,-122.473656,1
45,27,5,dn15,37.739611,-122.492203,1
45,28,1,dn2,37.774524,-122.473656,1
45,28,5,dn15,37.739611,-122.492203,1
45,29,5,dn15,37.739611,-122.492203,1
45,30,2,dn6,37.751751,-122.410654,1
45,30,5,dn15,37.739611,-122.492203,1
45,34,2,dn4;dn5,37.751751,-122.410654,2
45,34,5,dn13,37.739611,-122.492203,1
45,35,5,dn13,37.739611,-122.492203,1
45,36,5,dn13,37.739611,-122.492203,1
45,38,1,dn1,37.774524,-122.473656,1
45,39,1,dn1,37.774524,-122.473656,1
45,40,1,dn1,37.774524,-122.473656,1
45,41,1,dn1,37.774524,-122.473656,1
45,41,5,dn14,37.739611,-122.492203,1
45,42,1,dn1,37.774524,-122.473656,1
45,43,3,dn8,37.718779,-122.462401,1
45,46,4,dn12,37.78929,-122.426797,1
45,48,2,dn4;dn6,37.751751,-122.410654,2
45,48,4,dn10,37.78929,-122.426797,1
45,49,4,dn10,37.78929,-122.426797,1
45,50,4,dn10,37.78929,-122.426797,1
45,51,4,dn10,37.78929,-122.426797,1
45,52,4,dn10,37.78929,-122.426797,1
45,52,5,dn14,37.739611,-122.492203,1
45,53,3,dn7,37.718779,-122.462401,1
45,53,4,dn10,37.78929,-122.426797,1
45,54,4,dn11,37.78929,-122.426797,1
45,54,5,dn15,37.739611,-122.492203,1
45,55,4,dn11,37.78929,-122.426797,1
45,56,1,dn2,37.774524,-122.473656,1
45,56,4,dn11,37.78929,-122.426797,1
45,56,5,dn13,37.739611,-122.492203,1
45,57,4,dn11,37.78929,-122.426797,1
45,57,5,dn13,37.739611,-122.492203,1
45,58,4,dn11,37.78929,-122.426797,1
45,58,5,dn13,37.739611,-122.492203,1
45,59,3,dn9,37.718779,-122.462401,1
45,59,4,dn11,37.78929,-122.426797,1
45,60,4,dn11,37.78929,-122.426797,1
45,62,1,dn3,37.774524,-122.473656,1
45,62,2,dn5,37.751751,-122.410654,1
45,64,5,dn14,37.739611,-122.492203,1
45,66,2,dn6,37.751751,-122.410654,1
45,67,2,dn6,37.751751,-122.410654,1
45,67,4,dn10,37.78929,-122.426797,1
45,68,2,dn6,37.751751,-122.410654,1
45,68,4,dn10,37.78929,-122.426797,1
45,69,2,dn6,37.751751,-122.410654,1
45,69,4,dn10,37.78929,-122.426797,1
45,70,4,dn10,37.78929,-122.426797,1
45,71,4,dn10,37.78929,-122.426797,1
45,71,5,dn13,37.739611,-122.492203,1
45,74,1,dn1,37.774524,-122.473656,1
45,75,3,dn7,37.718779,-122.462401,1
45,76,2,dn4,37.751751,-122.410654,1
45,76,5,dn14,37.739611,-122.492203,1
45,77,5,dn14,37.739611,-122.492203,1
45,78,5,dn14;dn15,37.739611,-122.492203,2
45,79,5,dn14;dn15,37.739611,-122.492203,2
45,80,5,dn15,37.739611,-122.492203,1
45,81,5,dn15,37.739611,-122.492203,1
45,82,5,dn15,37.739611,-122.492203,1
45,86,1,dn3,37.774524,-122.473656,1
45,87,3,dn7;dn8,37.718779,-122.462401,2
45,87,5,dn13;dn14,37.739611,-122.492203,2
45,88,1,dn2,37.774524,-122.473656,1
45,88,4,dn12,37.78929,-122.426797,1
45,88,5,dn13;dn14,37.739611,-122.492203,2
45,89,1,dn2,37.774524,-122.473656,1
45,89,5,dn13;dn14,37.739611,-122.492203,2
45,90,1,dn2,37.774524,-122.473656,1
45,90,5,dn14,37.739611,-122.492203,1
45,91,1,dn2,37.774524,-122.473656,1
45,91,5,dn14,37.739611,-122.492203,1
45,92,1,dn2,37.774524,-122.473656,1
45,92,4,dn11,37.78929,-122.426797,1
45,92,5,dn14,37.739611,-122.492203,1
45,93,2,dn6,37.751751,-122.410654,1
45,93,4,dn11,37.78929,-122.426797,1
45,93,5,dn14,37.739611,-122.492203,1
45,94,2,dn5;dn6,37.751751,-122.410654,2
45,94,4,dn11,37.78929,-122.426797,1
45,94,5,dn14,37.739611,-122.492203,1
45,95,2,dn5;dn6,37.751751,-122.410654,2
45,95,4,dn11,37.78929,-122.426797,1
45,95,5,dn14,37.739611,-122.492203,1
45,96,2,dn5;dn6,37.751751,-122.410654,2
45,96,4,dn11,37.78929,-122.426797,1
45,96,5,dn14;dn15,37.739611,-122.492203,2
45,97,2,dn5;dn6,37.751751,-122.410654,2
45,97,4,dn11,37.78929,-122.426797,1
45,97,5,dn14;dn15,37.739611,-122.492203,2
45,98,2,dn5;dn6,37.751751,-122.410654,2
45,98,4,dn11,37.78929,-122.426797,1
45,98,5,dn14;dn15,37.739611,-122.492203,2
45,99,2,dn5;dn6,37.751751,-122.410654,2
45,99,4,dn11,37.78929,-122.426797,1
45,99,5,dn14;dn15,37.739611,-122.492203,2
46,0,1,dn1;dn2;dn3,37.774524,-122.473656,3
46,0,2,dn4;dn5;dn6,37.751751,-122.410654,3
46,0,3,dn7;dn8;dn9,37.718779,-122.462401,3
46,0,4,dn10;dn11;dn12,37.78929,-122.426797,3
46,0,5,dn13;dn14;dn15,37.739611,-122.492203,3
46,6,3,dn9,37.718779,-122.462401,1
46,9,3,dn7,37.718779,-122.462401,1
46,13,1,dn3,37.774524,-122.473656,1
46,14,1,dn1,37.774524,-122.473656,1
46,16,1,dn2,37.774524,-122.473656,1
46,16,2,dn4,37.751751,-122.410654,1
46,16,3,dn8,37.718779,-122.462401,1
46,16,5,dn15,37.739611,-122.492203,1
46,24,5,dn14,37.739611,-122.492203,1
46,25,3,dn7,37.718779,-122.462401,1
46,26,5,dn13,37.739611,-122.492203,1
46,28,3,dn8,37.718779,-122.462401,1
46,29,3,dn8,37.718779,-122.462401,1
46,30,3,dn8,37.718779,-122.462401,1
46,31,3,dn8,37.718779,-122.462401,1
46,32,3,dn8,37.718779,-122.462401,1
46,32,5,dn13,37.739611,-122.492203,1
46,33,3,dn8,37.718779,-122.462401,1
46,33,5,dn13,37.739611,-122.492203,1
46,34,3,dn8,37.718779,-122.462401,1
46,34,5,dn13,37.739611,-122.492203,1
46,35,3,dn8,37.718779,-122.462401,1
46,35,5,dn13,37.739611,-122.492203,1
46,36,5,dn13,37.739611,-122.492203,1
46,37,3,dn7,37.718779,-122.462401,1
46,37,5,dn13,37.739611,-122.492203,1
46,38,3,dn9,37.718779,-122.462401,1
46,38,4,dn12,37.78929,-122.426797,1
46,38,5,dn13;dn14,37.739611,-122.492203,2
46,39,3,dn9,37.718779,-122.462401,1
46,39,5,dn13;dn14,37.739611,-122.492203,2
46,40,2,dn4;dn5,37.751751,-122.410654,2
46,40,3,dn9,37.718779,-122.462401,1
46,40,5,dn13;dn14,37.739611,-122.492203,2
46,41,3,dn9,37.718779,-122.462401,1
46,41,5,dn13;dn14,37.739611,-122.492203,2
46,42,5,dn13;dn14;dn15,37.739611,-122.492203,3
46,43,5,dn14;dn15,37.739611,-122.492203,2
46,44,1,dn2,37.774524,-122.473656,1
46,44,4,dn11,37.78929,-122.426797,1
46,44,5,dn14;dn15,37.739611,-122.492203,2
46,45,5,dn14;dn15,37.739611,-122.492203,2
46,46,3,dn7,37.718779,-122.462401,1
46,46,5,dn14;dn15,37.739611,-122.492203,2
46,47,3,dn7,37.718779,-122.462401,1
46,47,5,dn14;dn15,37.739611,-122.492203,2
46,48,3,dn8,37.718779,-122.462401,1
46,48,5,dn14;dn15,37.739611,-122.492203,2
46,49,1,dn3,37.774524,-122.473656,1
46,49,3,dn8,37.718779,-122.462401,1
46,49,5,dn14;dn15,37.739611,-122.492203,2
46,50,1,dn3,37.774524,-122.473656,1
46,50,3,dn8,37.718779,-122.462401,1
46,50,5,dn14;dn15,37.739611,-122.492203,2
46,51,1,dn3,37.774524,-122.473656,1
46,51,3,dn8,37.718779,-122.462401,1
46,51,5,dn14;dn15,37.739611,-122.492203,2
46,52,1,dn3,37.774524,-122.473656,1
46,52,3,dn8,37.718779,-122.462401,1
46,52,5,dn14;dn15,37.739611,-122.492203,2
46,53,1,dn3,37.774524,-122.473656,1
46,53,3,dn8,37.718779,-122.462401,1
46,53,5,dn14;dn15,37.739611,-122.492203,2
46,54,1,dn3,37.774524,-122.473656,1
46,54,3,dn8,37.718779,-122.462401,1
46,54,5,dn14;dn15,37.739611,-122.492203,2
46,55,1,dn3,37.774524,-122.473656,1
46,55,3,dn8,37.718779,-122.462401,1
46,55,5,dn14;dn15,37.739611,-122.492203,2
46,56,1,dn3,37.774524,-122.473656,1
46,56,2,dn6,37.751751,-122.410654,1
46,56,3,dn8,37.718779,-122.462401,1
46,56,5,dn14;dn15,37.739611,-122.492203,2
46,57,1,dn3,37.774524,-122.473656,1
46,57,3,dn8,37.718779,-122.462401,1
46,57,5,dn14;dn15,37.739611,-122.492203,2
46,58,1,dn3,37.774524,-122.473656,1
46,58,3,dn8,37.718779,-122.462401,1
46,58,5,dn14;dn15,37.739611,-122.492203,2
46,59,1,dn3,37.774524,-122.473656,1
46,59,3,dn8;dn9,37.718779,-122.462401,2
46,59,5,dn14;dn15,37.739611,-122.492203,2
46,60,2,dn4,37.751751,-122.410654,1
46,60,3,dn8;dn9,37.718779,-122.462401,2
46,60,4,dn11,37.78929,-122.426797,1
46,60,5,dn13;dn14;dn15,37.739611,-122.492203,3
46,61,3,dn8;dn9,37.718779,-122.462401,2
46,61,5,dn13;dn14;dn15,37.739611,-122.492203,3
46,62,1,dn1,37.774524,-122.473656,1
46,62,3,dn8;dn9,37.718779,-122.462401,2
46,62,4,dn10,37.78929,-122.426797,1
46,62,5,dn13;dn14;dn15,37.739611,-122.492203,3
46,63,3,dn8;dn9,37.718779,-122.462401,2
46,63,5,dn13;dn14;dn15,37.739611,-122.492203,3
46,64,3,dn8;dn9,37.718779,-122.462401,2
46,64,5,dn13;dn14;dn15,37.739611,-122.492203,3
46,65,3,dn8;dn9,37.718779,-122.462401,2
46,65,5,dn13;dn14;dn15,37.739611,-122.492203,3
46,66,3,dn8;dn9,37.718779,-122.462401,2
46,66,5,dn13;dn14;dn15,37.739611,-122.492203,3
46,67,3,dn8;dn9,37.718779,-122.462401,2
46,67,5,dn14;dn15,37.739611,-122.492203,2
46,68,2,dn6,37.751751,-122.410654,1
46,68,3,dn8;dn9,37.718779,-122.462401,2
46,68,5,dn14;dn15,37.739611,-122.492203,2
46,69,3,dn8;dn9,37.718779,-122.462401,2
46,69,5,dn14;dn15,37.739611,-122.492203,2
46,70,3,dn8;dn9,37.718779,-122.462401,2
46,70,5,dn14;dn15,37.739611,-122.492203,2
46,71,3,dn8;dn9,37.718779,-122.462401,2
46,71,5,dn14;dn15,37.739611,-122.492203,2
46,72,3,dn8;dn9,37.718779,-122.462401,2
46,72,5,dn14;dn15,37.739611,-122.492203,2
46,73,3,dn8;dn9,37.718779,-122.462401,2
46,73,5,dn14;dn15,37.739611,-122.492203,2
46,74,1,dn2,37.774524,-122.473656,1
46,74,2,dn4,37.751751,-122.410654,1
46,74,3,dn8;dn9,37.718779,-122.462401,2
46,74,4,dn12,37.78929,-122.426797,1
46,74,5,dn14;dn15,37.739611,-122.492203,2
46,75,3,dn8;dn9,37.718779,-122.462401,2
46,75,5,dn14;dn15,37.739611,-122.492203,2
46,76,3,dn9,37.718779,-122.462401,1
46,76,5,dn14;dn15,37.739611,-122.492203,2
46,77,3,dn9,37.718779,-122.462401,1
46,77,5,dn14;dn15,37.739611,-122.492203,2
46,78,3,dn9,37.718779,-122.462401,1
46,78,5,dn14;dn15,37.739611,-122.492203,2
46,79,3,dn7;dn9,37.718779,-122.462401,2
46,79,5,dn14;dn15,37.739611,-122.492203,2
46,80,3,dn9,37.718779,-122.462401,1
46,80,4,dn11,37.78929,-122.426797,1
46,80,5,dn14;dn15,37.739611,-122.492203,2
46,81,5,dn14;dn15,37.739611,-122.492203,2
46,82,5,dn15,37.739611,-122.492203,1
46,83,5,dn15,37.739611,-122.492203,1
46,84,2,dn5,37.751751,-122.410654,1
46,84,5,dn15,37.739611,-122.492203,1
46,86,1,dn1,37.774524,-122.473656,1
46,87,1,dn3,37.774524,-122.473656,1
46,88,1,dn3,37.774524,-122.473656,1
46,88,2,dn6,37.751751,-122.410654,1
46,89,3,dn8,37.718779,-122.462401,1
46,90,3,dn9,37.718779,-122.462401,1
46,92,5,dn13,37.739611,-122.492203,1
46,93,5,dn13;dn14,37.739611,-122.492203,2
46,94,5,dn13;dn14,37.739611,-122.492203,2
46,95,5,dn13;dn14,37.739611,-122.492203,2
46,96,1,dn2,37.774524,-122.473656,1
46,96,5,dn13;dn14,37.739611,-122.492203,2
46,97,3,dn7,37.718779,-122.462401,1
46,97,5,dn13;dn14,37.739611,-122.492203,2
46,98,3,dn7,37.718779,-122.462401,1
46,98,5,dn13;dn14,37.739611,-122.492203,2
46,99,5,dn13;dn14,37.739611,-122.492203,2
47,0,1,dn1;dn2;dn3,37.774524,-122.473656,3
47,0,2,dn4;dn5;dn6,37.751751,-122.410654,3
47,0,3,dn7;dn8;dn9,37.718779,-122.462401,3
47,0,4,dn10;dn11;dn12,37.78929,-122.426797,3
47,0,5,dn13;dn14;dn15,37.739611,-122.492203,3
47,10,5,dn13;dn14,37.739611,-122.492203,2
47,13,3,dn8,37.718779,-122.462401,1
47,14,1,dn2,37.774524,-122.473656,1
47,14,3,dn9,37.718779,-122.462401,1
47,15,5,dn15,37.739611,-122.492203,1
47,18,3,dn7,37.718779,-122.462401,1
47,20,4,dn10,37.78929,-122.426797,1
47,24,1,dn1;dn3,37.774524,-122.473656,2
47,24,3,dn7,37.718779,-122.462401,1
47,25,5,dn15,37.739611,-122.492203,1
47,26,2,dn5,37.751751,-122.410654,1
47,26,3,dn9,37.718779,-122.462401,1
47,28,1,dn2,37.774524,-122.473656,1
47,28,4,dn11,37.78929,-122.426797,1
47,30,5,dn13,37.739611,-122.492203,1
47,31,5,dn13,37.739611,-122.492203,1
47,32,2,dn6,37.751751,-122.410654,1
47,33,3,dn8,37.718779,-122.462401,1
47,35,5,dn15,37.739611,-122.492203,1
47,36,3,dn7,37.718779,-122.462401,1
47,37,3,dn7,37.718779,-122.462401,1
47,38,2,dn4,37.751751,-122.410654,1
47,38,3,dn7,37.718779,-122.462401,1
47,40,5,dn14,37.739611,-122.492203,1
47,42,1,dn3,37.774524,-122.473656,1
47,43,1,dn3,37.774524,-122.473656,1
47,44,1,dn3,37.774524,-122.473656,1
47,44,4,dn10,37.78929,-122.426797,1
47,45,1,dn3,37.774524,-122.473656,1
47,46,1,dn1;dn3,37.774524,-122.473656,2
47,46,5,dn13,37.739611,-122.492203,1
47,47,1,dn1;dn3,37.774524,-122.473656,2
47,48,1,dn1;dn3,37.774524,-122.473656,2
47,49,1,dn3,37.774524,-122.473656,1
47,50,1,dn3,37.774524,-122.473656,1
47,50,3,dn9,37.718779,-122.462401,1
47,50,4,dn12,37.78929,-122.426797,1
47,51,3,dn9,37.718779,-122.462401,1
47,51,4,dn12,37.78929,-122.426797,1
47,51,5,dn15,37.739611,-122.492203,1
47,52,3,dn9,37.718779,-122.462401,1
47,52,4,dn12,37.78929,-122.426797,1
47,52,5,dn15,37.739611,-122.492203,1
47,53,3,dn9,37.718779,-122.462401,1
47,53,4,dn12,37.78929,-122.426797,1
47,53,5,dn15,37.739611,-122.492203,1
47,54,1,dn1,37.774524,-122.473656,1
47,54,4,dn12,37.78929,-122.426797,1
47,54,5,dn15,37.739611,-122.492203,1
47,55,3,dn7,37.718779,-122.462401,1
47,55,4,dn12,37.78929,-122.426797,1
47,55,5,dn14;dn15,37.739611,-122.492203,2
47,56,1,dn2,37.774524,-122.473656,1
47,56,3,dn7,37.718779,-122.462401,1
47,56,4,dn12,37.78929,-122.426797,1
47,56,5,dn14;dn15,37.739611,-122.492203,2
47,57,1,dn2,37.774524,-122.473656,1
47,57,3,dn7,37.718779,-122.462401,1
47,57,4,dn12,37.78929,-122.426797,1
47,57,5,dn14;dn15,37.739611,-122.492203,2
47,58,1,dn2,37.774524,-122.473656,1
47,58,4,dn12,37.78929,-122.426797,1
47,58,5,dn14;dn15,37.739611,-122.492203,2
47,59,1,dn2,37.774524,-122.473656,1
47,59,5,dn14;dn15,37.739611,-122.492203,2
47,60,5,dn14;dn15,37.739611,-122.492203,2
47,61,1,dn1,37.774524,-122.473656,1
47,61,3,dn8,37.718779,-122.462401,1
47,61,5,dn14;dn15,37.739611,-122.492203,2
47,62,1,dn1,37.774524,-122.473656,1
47,62,4,dn10,37.78929,-122.426797,1
47,62,5,dn14;dn15,37.739611,-122.492203,2
47,63,4,dn10,37.78929,-122.426797,1
47,63,5,dn14;dn15,37.739611,-122.492203,2
47,64,2,dn6,37.751751,-122.410654,1
47,64,4,dn10,37.78929,-122.426797,1
47,64,5,dn14;dn15,37.739611,-122.492203,2
47,65,4,dn10,37.78929,-122.426797,1
47,65,5,dn14;dn15,37.739611,-122.492203,2
47,66,4,dn10,37.78929,-122.426797,1
47,66,5,dn14;dn15,37.739611,-122.492203,2
47,67,4,dn10,37.78929,-122.426797,1
47,67,5,dn15,37.739611,-122.492203,1
47,68,4,dn10,37.78929,-122.426797,1
47,68,5,dn15,37.739611,-122.492203,1
47,69,4,dn10,37.78929,-122.426797,1
47,69,5,dn15,37.739611,-122.492203,1
47,70,4,dn10;dn11,37.78929,-122.426797,2
47,70,5,dn15,37.739611,-122.492203,1
47,71,3,dn9,37.718779,-122.462401,1
47,71,4,dn10;dn11,37.78929,-122.426797,2
47,71,5,dn15,37.739611,-122.492203,1
47,72,1,dn3,37.774524,-122.473656,1
47,72,4,dn10;dn11,37.78929,-122.426797,2
47,72,5,dn15,37.739611,-122.492203,1
47,73,1,dn3,37.774524,-122.473656,1
47,73,3,dn8,37.718779,-122.462401,1
47,73,4,dn10;dn11,37.78929,-122.426797,2
47,73,5,dn15,37.739611,-122.492203,1
47,74,1,dn1;dn3,37.774524,-122.473656,2
47,74,2,dn5,37.751751,-122.410654,1
47,74,3,dn8,37.718779,-122.462401,1
47,74,4,dn11,37.78929,-122.426797,1
47,74,5,dn15,37.739611,-122.492203,1
47,75,1,dn1;dn3,37.774524,-122.473656,2
47,75,3,dn8,37.718779,-122.462401,1
47,75,4,dn11,37.78929,-122.426797,1
47,75,5,dn15,37.739611,-122.492203,1
47,76,1,dn3,37.774524,-122.473656,1
47,76,2,dn4,37.751751,-122.410654,1
47,76,3,dn8,37.718779,-122.462401,1
47,76,4,dn11,37.78929,-122.426797,1
47,76,5,dn15,37.739611,-122.492203,1
47,77,1,dn2;dn3,37.774524,-122.473656,2
47,77,2,dn4,37.751751,-122.410654,1
47,77,3,dn8,37.718779,-122.462401,1
47,77,4,dn11,37.78929,-122.426797,1
47,77,5,dn15,37.739611,-122.492203,1
47,78,1,dn3,37.774524,-122.473656,1
47,78,2,dn4,37.751751,-122.410654,1
47,78,3,dn8,37.718779,-122.462401,1
47,78,4,dn11,37.78929,-122.426797,1
47,78,5,dn13;dn15,37.739611,-122.492203,2
47,79,2,dn4,37.751751,-122.410654,1
47,79,3,dn8,37.718779,-122.462401,1
47,79,4,dn11,37.78929,-122.426797,1
47,79,5,dn13;dn15,37.739611,-122.492203,2
47,80,3,dn8,37.718779,-122.462401,1
47,80,4,dn11,37.78929,-122.426797,1
47,80,5,dn13;dn15,37.739611,-122.492203,2
47,81,3,dn8,37.718779,-122.462401,1
47,81,4,dn11,37.78929,-122.426797,1
47,81,5,dn13;dn15,37.739611,-122.492203,2
47,82,3,dn8,37.718779,-122.462401,1
47,82,4,dn11,37.78929,-122.426797,1
47,82,5,dn15,37.739611,-122.492203,1
47,83,3,dn8,37.718779,-122.462401,1
47,83,5,dn15,37.739611,-122.492203,1
47,84,2,dn6,37.751751,-122.410654,1
47,84,3,dn8,37.718779,-122.462401,1
47,85,2,dn6,37.751751,-122.410654,1
47,85,3,dn8,37.718779,-122.462401,1
47,86,2,dn6,37.751751,-122.410654,1
47,86,3,dn8,37.718779,-122.462401,1
47,87,3,dn8,37.718779,-122.462401,1
47,88,3,dn8,37.718779,-122.462401,1
47,88,5,dn14,37.739611,-122.492203,1
47,89,3,dn8;dn9,37.718779,-122.462401,2
47,89,5,dn14,37.739611,-122.492203,1
47,90,3,dn8;dn9,37.718779,-122.462401,2
47,90,5,dn14,37.739611,-122.492203,1
47,91,3,dn8;dn9,37.718779,-122.462401,2
47,91,4,dn10,37.78929,-122.426797,1
47,91,5,dn14,37.739611,-122.492203,1
47,92,1,dn3,37.774524,-122.473656,1
47,92,3,dn8;dn9,37.718779,-122.462401,2
47,92,5,dn14,37.739611,-122.492203,1
47,93,1,dn3,37.774524,-122.473656,1
47,93,3,dn7;dn8;dn9,37.718779,-122.462401,3
47,93,5,dn14,37.739611,-122.492203,1
47,94,1,dn3,37.774524,-122.473656,1
47,94,2,dn4,37.751751,-122.410654,1
47,94,3,dn7;dn8;dn9,37.718779,-122.462401,3
47,94,5,dn13;dn14,37.739611,-122.492203,2
47,95,1,dn3,37.774524,-122.473656,1
47,95,2,dn4,37.751751,-122.410654,1
47,95,3,dn7;dn8;dn9,37.718779,-122.462401,3
47,95,5,dn13;dn14,37.739611,-122.492203,2
47,96,1,dn3,37.774524,-122.473656,1
47,96,3,dn7;dn8;dn9,37.718779,-122.462401,3
47,96,5,dn13;dn14,37.739611,-122.492203,2
47,97,1,dn1;dn3,37.774524,-122.473656,2
47,97,3,dn7;dn8;dn9,37.718779,-122.462401,3
47,97,5,dn13;dn14,37.739611,-122.492203,2
47,98,1,dn1;dn3,37.774524,-122.473656,2
47,98,3,dn7;dn8;dn9,37.718779,-122.462401,3
47,98,5,dn13;dn14;dn15,37.739611,-122.492203,3
47,99,1,dn1;dn3,37.774524,-122.473656,2
47,99,3,dn7;dn8;dn9,37.718779,-122.462401,3
47,99,5,dn13;dn14;dn15,37.739611,-122.492203,3
48,0,1,dn1;dn2;dn3,37.774524,-122.473656,3
48,0,2,dn4;dn5;dn6,37.751751,-122.410654,3
48,0,3,dn7;dn8;dn9,37.718779,-122.462401,3
48,0,4,dn10;dn11;dn12,37.78929,-122.426797,3
48,0,5,dn13;dn14;dn15,37.739611,-122.492203,3
48,8,3,dn7,37.718779,-122.462401,1
48,11,1,dn2,37.774524,-122.473656,1
48,11,5,dn13,37.739611,-122.492203,1
48,14,5,dn14,37.739611,-122.492203,1
48,16,3,dn9,37.718779,-122.462401,1
48,17,3,dn8,37.718779,-122.462401,1
48,18,2,dn5,37.751751,-122.410654,1
48,20,1,dn1,37.774524,-122.473656,1
48,21,1,dn2,37.774524,-122.473656,1
48,22,1,dn3,37.774524,-122.473656,1
48,24,4,dn10,37.78929,-122.426797,1
48,24,5,dn15,37.739611,-122.492203,1
48,30,5,dn14,37.739611,-122.492203,1
48,32,4,dn12,37.78929,-122.426797,1
48,33,1,dn2,37.774524,-122.473656,1
48,34,1,dn2,37.774524,-122.473656,1
48,35,1,dn2,37.774524,-122.473656,1
48,36,4,dn11,37.78929,-122.426797,1
48,38,2,dn4;dn6,37.751751,-122.410654,2
48,39,2,dn6,37.751751,-122.410654,1
48,40,2,dn6,37.751751,-122.410654,1
48,40,3,dn7,37.718779,-122.462401,1
48,40,5,dn14,37.739611,-122.492203,1
48,41,2,dn6,37.751751,-122.410654,1
48,42,2,dn6,37.751751,-122.410654,1
48,43,2,dn6,37.751751,-122.410654,1
48,45,5,dn13,37.739611,-122.492203,1
48,46,1,dn3,37.774524,-122.473656,1
48,46,2,dn5,37.751751,-122.410654,1
48,48,3,dn7,37.718779,-122.462401,1
48,48,5,dn15,37.739611,-122.492203,1
48,49,3,dn7,37.718779,-122.462401,1
48,49,5,dn15,37.739611,-122.492203,1
48,50,3,dn7;dn9,37.718779,-122.462401,2
48,50,5,dn13;dn14;dn15,37.739611,-122.492203,3
48,51,3,dn7;dn9,37.718779,-122.462401,2
48,51,5,dn13;dn14;dn15,37.739611,-122.492203,3
48,52,3,dn7;dn9,37.718779,-122.462401,2
48,52,5,dn13;dn14;dn15,37.739611,-122.492203,3
48,53,3,dn7;dn9,37.718779,-122.462401,2
48,53,5,dn14;dn15,37.739611,-122.492203,2
48,54,1,dn1,37.774524,-122.473656,1
48,54,3,dn7;dn9,37.718779,-122.462401,2
48,54,5,dn14;dn15,37.739611,-122.492203,2
48,55,1,dn2,37.774524,-122.473656,1
48,55,3,dn9,37.718779,-122.462401,1
48,55,5,dn14;dn15,37.739611,-122.492203,2
48,56,3,dn9,37.718779,-122.462401,1
48,56,5,dn15,37.739611,-122.492203,1
48,57,5,dn15,37.739611,-122.492203,1
48,58,4,dn12,37.78929,-122.426797,1
48,58,5,dn15,37.739611,-122.492203,1
48,59,4,dn12,37.78929,-122.426797,1
48,59,5,dn15,37.739611,-122.492203,1
48,60,1,dn3,37.774524,-122.473656,1
48,60,4,dn10;dn12,37.78929,-122.426797,2
48,61,1,dn3,37.774524,-122.473656,1
48,61,3,dn8,37.718779,-122.462401,1
48,61,4,dn10;dn12,37.78929,-122.426797,2
48,62,1,dn3,37.774524,-122.473656,1
48,62,3,dn8,37.718779,-122.462401,1
48,62,4,dn10;dn12,37.78929,-122.426797,2
48,63,1,dn3,37.774524,-122.473656,1
48,63,3,dn8,37.718779,-122.462401,1
48,63,4,dn10;dn12,37.78929,-122.426797,2
48,64,1,dn3,37.774524,-122.473656,1
48,64,3,dn8,37.718779,-122.462401,1
48,64,4,dn10;dn12,37.78929,-122.426797,2
48,64,5,dn13,37.739611,-122.492203,1
48,65,1,dn3,37.774524,-122.473656,1
48,65,3,dn8,37.718779,-122.462401,1
48,65,4,dn10;dn12,37.78929,-122.426797,2
48,65,5,dn13,37.739611,-122.492203,1
48,66,1,dn3,37.774524,-122.473656,1
48,66,3,dn8,37.718779,-122.462401,1
48,66,4,dn10;dn12,37.78929,-122.426797,2
48,66,5,dn13,37.739611,-122.492203,1
48,67,3,dn8,37.718779,-122.462401,1
48,67,4,dn10;dn12,37.78929,-122.426797,2
48,67,5,dn13,37.739611,-122.492203,1
48,68,2,dn5,37.751751,-122.410654,1
48,68,4,dn10;dn12,37.78929,-122.426797,2
48,68,5,dn13,37.739611,-122.492203,1
48,69,4,dn10;dn12,37.78929,-122.426797,2
48,69,5,dn13,37.739611,-122.492203,1
48,70,4,dn10;dn12,37.78929,-122.426797,2
48,70,5,dn13,37.739611,-122.492203,1
48,71,4,dn12,37.78929,-122.426797,1
48,71,5,dn13,37.739611,-122.492203,1
48,72,4,dn12,37.78929,-122.426797,1
48,72,5,dn15,37.739611,-122.492203,1
48,73,4,dn12,37.78929,-122.426797,1
48,73,5,dn14;dn15,37.739611,-122.492203,2
48,74,2,dn4,37.751751,-122.410654,1
48,74,4,dn12,37.78929,-122.426797,1
48,74,5,dn14;dn15,37.739611,-122.492203,2
48,75,2,dn4,37.751751,-122.410654,1
48,75,4,dn12,37.78929,-122.426797,1
48,75,5,dn14;dn15,37.739611,-122.492203,2
48,76,1,dn1,37.774524,-122.473656,1
48,76,2,dn4,37.751751,-122.410654,1
48,76,3,dn9,37.718779,-122.462401,1
48,76,4,dn11;dn12,37.78929,-122.426797,2
48,76,5,dn14;dn15,37.739611,-122.492203,2
48,77,1,dn2,37.774524,-122.473656,1
48,77,2,dn4,37.751751,-122.410654,1
48,77,3,dn9,37.718779,-122.462401,1
48,77,4,dn11;dn12,37.78929,-122.426797,2
48,77,5,dn14;dn15,37.739611,-122.492203,2
48,78,1,dn2,37.774524,-122.473656,1
48,78,2,dn4,37.751751,-122.410654,1
48,78,3,dn9,37.718779,-122.462401,1
48,78,4,dn11;dn12,37.78929,-122.426797,2
48,78,5,dn14;dn15,37.739611,-122.492203,2
48,79,2,dn4,37.751751,-122.410654,1
48,79,3,dn9,37.718779,-122.462401,1
48,79,4,dn11;dn12,37.78929,-122.426797,2
48,79,5,dn14;dn15,37.739611,-122.492203,2
48,80,3,dn7;dn9,37.718779,-122.462401,2
48,80,4,dn11;dn12,37.78929,-122.426797,2
48,80,5,dn14;dn15,37.739611,-122.492203,2
48,81,3,dn7;dn9,37.718779,-122.462401,2
48,81,4,dn11;dn12,37.78929,-122.426797,2
48,81,5,dn14;dn15,37.739611,-122.492203,2
48,82,2,dn5,37.751751,-122.410654,1
48,82,3,dn7;dn9,37.718779,-122.462401,2
48,82,4,dn11;dn12,37.78929,-122.426797,2
48,82,5,dn14;dn15,37.739611,-122.492203,2
48,83,2,dn5,37.751751,-122.410654,1
48,83,3,dn7;dn9,37.718779,-122.462401,2
48,83,4,dn11;dn12,37.78929,-122.426797,2
48,83,5,dn13;dn14;dn15,37.739611,-122.492203,3
48,84,2,dn5,37.751751,-122.410654,1
48,84,3,dn7;dn9,37.718779,-122.462401,2
48,84,4,dn11;dn12,37.78929,-122.426797,2
48,84,5,dn13;dn14;dn15,37.739611,-122.492203,3
48,85,2,dn5,37.751751,-122.410654,1
48,85,3,dn7;dn9,37.718779,-122.462401,2
48,85,4,dn11;dn12,37.78929,-122.426797,2
48,85,5,dn13;dn14;dn15,37.739611,-122.492203,3
48,86,3,dn7;dn9,37.718779,-122.462401,2
48,86,4,dn11;dn12,37.78929,-122.426797,2
48,86,5,dn13;dn14;dn15,37.739611,-122.492203,3
48,87,3,dn7;dn8;dn9,37.718779,-122.462401,3
48,87,4,dn11;dn12,37.78929,-122.426797,2
48,87,5,dn13;dn14;dn15,37.739611,-122.492203,3
48,88,1,dn1,37.774524,-122.473656,1
48,88,3,dn7;dn8;dn9,37.718779,-122.462401,3
48,88,4,dn11;dn12,37.78929,-122.426797,2
48,88,5,dn13;dn14;dn15,37.739611,-122.492203,3
48,89,1,dn1,37.774524,-122.473656,1
48,89,3,dn7;dn8;dn9,37.718779,-122.462401,3
48,89,4,dn11;dn12,37.78929,-122.426797,2
48,89,5,dn13;dn14;dn15,37.739611,-122.492203,3
48,90,1,dn1,37.774524,-122.473656,1
48,90,3,dn7;dn8;dn9,37.718779,-122.462401,3
48,90,4,dn10;dn11;dn12,37.78929,-122.426797,3
48,90,5,dn13;dn14;dn15,37.739611,-122.492203,3
48,91,1,dn1,37.774524,-122.473656,1
48,91,3,dn8;dn9,37.718779,-122.462401,2
48,91,4,dn10;dn11;dn12,37.78929,-122.426797,3
48,91,5,dn13;dn14;dn15,37.739611,-122.492203,3
48,92,1,dn1,37.774524,-122.473656,1
48,92,3,dn8;dn9,37.718779,-122.462401,2
48,92,4,dn10;dn11;dn12,37.78929,-122.426797,3
48,92,5,dn13;dn14;dn15,37.739611,-122.492203,3
48,93,1,dn1,37.774524,-122.473656,1
48,93,3,dn9,37.718779,-122.462401,1
48,93,4,dn10;dn11;dn12,37.78929,-122.426797,3
48,93,5,dn13;dn14;dn15,37.739611,-122.492203,3
48,94,1,dn1,37.774524,-122.473656,1
48,94,3,dn9,37.718779,-122.462401,1
48,94,4,dn10;dn11;dn12,37.78929,-122.426797,3
48,94,5,dn13;dn14;dn15,37.739611,-122.492203,3
48,95,1,dn1,37.774524,-122.473656,1
48,95,3,dn9,37.718779,-122.462401,1
48,95,4,dn10;dn11;dn12,37.78929,-122.426797,3
48,95,5,dn13;dn14;dn15,37.739611,-122.492203,3
48,96,3,dn9,37.718779,-122.462401,1
48,96,4,dn10;dn11;dn12,37.78929,-122.426797,3
48,96,5,dn13;dn14;dn15,37.739611,-122.492203,3
48,97,2,dn4,37.751751,-122.410654,1
48,97,3,dn9,37.718779,-122.462401,1
48,97,4,dn10;dn11;dn12,37.78929,-122.426797,3
48,97,5,dn13;dn14;dn15,37.739611,-122.492203,3
48,98,1,dn2,37.774524,-122.473656,1
48,98,2,dn4,37.751751,-122.410654,1
48,98,3,dn9,37.718779,-122.462401,1
48,98,4,dn10;dn11;dn12,37.78929,-122.426797,3
48,98,5,dn13;dn14;dn15,37.739611,-122.492203,3
48,99,1,dn2,37.774524,-122.473656,1
48,99,2,dn6,37.751751,-122.410654,1
48,99,3,dn9,37.718779,-122.462401,1
48,99,4,dn10;dn11;dn12,37.78929,-122.426797,3
48,99,5,dn13;dn14;dn15,37.739611,-122.492203,3
49,0,1,dn1;dn2;dn3,37.774524,-122.473656,3
49,0,2,dn4;dn5;dn6,37.751751,-122.410654,3
49,0,3,dn7;dn8;dn9,37.718779,-122.462401,3
49,0,4,dn10;dn11;dn12,37.78929,-122.426797,3
49,0,5,dn13;dn14;dn15,37.739611,-122.492203,3
49,8,3,dn9,37.718779,-122.462401,1
49,8,5,dn13,37.739611,-122.492203,1
49,9,5,dn13,37.739611,-122.492203,1
49,10,5,dn13,37.739611,-122.492203,1
49,11,5,dn13,37.739611,-122.492203,1
49,12,5,dn13,37.739611,-122.492203,1
49,13,5,dn13;dn14,37.739611,-122.492203,2
49,14,3,dn7;dn8,37.718779,-122.462401,2
49,14,5,dn13;dn14,37.739611,-122.492203,2
49,15,5,dn13;dn14,37.739611,-122.492203,2
49,16,2,dn6,37.751751,-122.410654,1
49,16,4,dn11,37.78929,-122.426797,1
49,16,5,dn13;dn14,37.739611,-122.492203,2
49,17,5,dn14,37.739611,-122.492203,1
49,18,5,dn14,37.739611,-122.492203,1
49,19,5,dn14,37.739611,-122.492203,1
49,20,5,dn14,37.739611,-122.492203,1
49,21,5,dn14,37.739611,-122.492203,1
49,22,2,dn4,37.751751,-122.410654,1
49,24,3,dn9,37.718779,-122.462401,1
49,26,2,dn5,37.751751,-122.410654,1
49,28,4,dn12,37.78929,-122.426797,1
49,28,5,dn15,37.739611,-122.492203,1
49,30,5,dn13,37.739611,-122.492203,1
49,32,1,dn1;dn2,37.774524,-122.473656,2
49,36,3,dn8,37.718779,-122.462401,1
49,40,2,dn6,37.751751,-122.410654,1
49,40,5,dn13,37.739611,-122.492203,1
49,41,5,dn14,37.739611,-122.492203,1
49,42,4,dn10,37.78929,-122.426797,1
49,45,5,dn14,37.739611,-122.492203,1
49,46,3,dn7,37.718779,-122.462401,1
49,46,4,dn12,37.78929,-122.426797,1
49,46,5,dn14,37.739611,-122.492203,1
49,47,3,dn7;dn8,37.718779,-122.462401,2
49,47,5,dn14,37.739611,-122.492203,1
49,48,1,dn3,37.774524,-122.473656,1
49,48,3,dn7;dn8,37.718779,-122.462401,2
49,48,5,dn13;dn14;dn15,37.739611,-122.492203,3
49,49,3,dn7;dn8,37.718779,-122.462401,2
49,49,5,dn13;dn14;dn15,37.739611,-122.492203,3
49,50,3,dn7;dn8,37.718779,-122.462401,2
49,50,5,dn13;dn14;dn15,37.739611,-122.492203,3
49,51,3,dn7;dn8,37.718779,-122.462401,2
49,51,5,dn14;dn15,37.739611,-122.492203,2
49,52,3,dn7;dn8;dn9,37.718779,-122.462401,3
49,52,5,dn14;dn15,37.739611,-122.492203,2
49,53,3,dn7;dn8;dn9,37.718779,-122.462401,3
49,53,5,dn14;dn15,37.739611,-122.492203,2
49,54,3,dn8;dn9,37.718779,-122.462401,2
49,54,4,dn10,37.78929,-122.426797,1
49,54,5,dn14;dn15,37.739611,-122.492203,2
49,55,3,dn8;dn9,37.718779,-122.462401,2
49,55,5,dn14;dn15,37.739611,-122.492203,2
49,56,1,dn1,37.774524,-122.473656,1
49,56,3,dn9,37.718779,-122.462401,1
49,56,4,dn11,37.78929,-122.426797,1
49,56,5,dn14;dn15,37.739611,-122.492203,2
49,57,5,dn14;dn15,37.739611,-122.492203,2
49,58,1,dn2,37.774524,-122.473656,1
49,58,2,dn6,37.751751,-122.410654,1
49,58,5,dn14;dn15,37.739611,-122.492203,2
49,59,2,dn6,37.751751,-122.410654,1
49,59,5,dn14;dn15,37.739611,-122.492203,2
49,60,2,dn5,37.751751,-122.410654,1
49,60,5,dn14;dn15,37.739611,-122.492203,2
49,61,2,dn5,37.751751,-122.410654,1
49,61,5,dn14;dn15,37.739611,-122.492203,2
49,62,3,dn8,37.718779,-122.462401,1
49,62,5,dn14;dn15,37.739611,-122.492203,2
49,63,1,dn3,37.774524,-122.473656,1
49,63,5,dn14;dn15,37.739611,-122.492203,2
49,64,1,dn3,37.774524,-122.473656,1
49,64,5,dn14;dn15,37.739611,-122.492203,2
49,65,1,dn3,37.774524,-122.473656,1
49,65,5,dn14;dn15,37.739611,-122.492203,2
49,66,1,dn3,37.774524,-122.473656,1
49,66,5,dn13;dn15,37.739611,-122.492203,2
49,67,5,dn13;dn15,37.739611,-122.492203,2
49,68,2,dn4,37.751751,-122.410654,1
49,68,5,dn13;dn15,37.739611,-122.492203,2
49,69,5,dn13;dn15,37.739611,-122.492203,2
49,70,5,dn13;dn15,37.739611,-122.492203,2
49,71,5,dn13;dn15,37.739611,-122.492203,2
49,72,3,dn8;dn9,37.718779,-122.462401,2
49,72,4,dn12,37.78929,-122.426797,1
49,72,5,dn15,37.739611,-122.492203,1
49,73,3,dn7;dn9,37.718779,-122.462401,2
49,73,5,dn15,37.739611,-122.492203,1
49,74,3,dn7;dn9,37.718779,-122.462401,2
49,74,5,dn14,37.739611,-122.492203,1
49,75,3,dn9,37.718779,-122.462401,1
49,75,5,dn14,37.739611,-122.492203,1
49,76,3,dn9,37.718779,-122.462401,1
49,76,5,dn14,37.739611,-122.492203,1
49,77,5,dn14,37.739611,-122.492203,1
49,78,5,dn14,37.739611,-122.492203,1
49,79,5,dn14,37.739611,-122.492203,1
49,80,4,dn10,37.78929,-122.426797,1
49,80,5,dn14,37.739611,-122.492203,1
49,81,4,dn10,37.78929,-122.426797,1
49,82,4,dn10,37.78929,-122.426797,1
49,83,2,dn6,37.751751,-122.410654,1
49,83,4,dn10,37.78929,-122.426797,1
49,83,5,dn13,37.739611,-122.492203,1
49,84,1,dn1;dn2,37.774524,-122.473656,2
49,84,4,dn10,37.78929,-122.426797,1
49,85,1,dn2,37.774524,-122.473656,1
49,85,4,dn10,37.78929,-122.426797,1
49,86,1,dn2,37.774524,-122.473656,1
49,86,4,dn10,37.78929,-122.426797,1
49,87,1,dn2,37.774524,-122.473656,1
49,87,2,dn5,37.751751,-122.410654,1
49,87,4,dn10,37.78929,-122.426797,1
49,88,4,dn10,37.78929,-122.426797,1
49,89,4,dn10,37.78929,-122.426797,1
49,90,1,dn3,37.774524,-122.473656,1
49,90,3,dn7,37.718779,-122.462401,1
49,90,4,dn10;dn11,37.78929,-122.426797,2
49,91,4,dn10;dn11,37.78929,-122.426797,2
49,92,4,dn10;dn11,37.78929,-122.426797,2
49,93,4,dn10;dn11,37.78929,-122.426797,2
49,94,4,dn10;dn11,37.78929,-122.426797,2
49,95,4,dn10;dn11,37.78929,-122.426797,2
49,96,3,dn9,37.718779,-122.462401,1
49,96,4,dn10;dn11,37.78929,-122.426797,2
49,97,2,dn6,37.751751,-122.410654,1
49,97,4,dn11,37.78929,-122.426797,1
49,97,5,dn15,37.739611,-122.492203,1
49,98,2,dn6,37.751751,-122.410654,1
49,98,4,dn11,37.78929,-122.426797,1
49,98,5,dn14,37.739611,-122.492203,1
49,99,2,dn6,37.751751,-122.410654,1
49,99,5,dn13,37.739611,-122.492203,1
50,0,1,dn1;dn2;dn3,37.774524,-122.473656,3
50,0,2,dn4;dn5;dn6,37.751751,-122.410654,3
50,0,3,dn7;dn8;dn9,37.718779,-122.462401,3
50,0,4,dn10;dn11;dn12,37.78929,-122.426797,3
50,0,5,dn13;dn14;dn15,37.739611,-122.492203,3
50,11,5,dn13,37.739611,-122.492203,1
50,12,2,dn5,37.751751,-122.410654,1
50,12,3,dn8,37.718779,-122.462401,1
50,12,5,dn14;dn15,37.739611,-122.492203,2
50,16,4,dn11,37.78929,-122.426797,1
50,16,5,dn15,37.739611,-122.492203,1
50,18,1,dn1;dn3,37.774524,-122.473656,2
50,20,3,dn9,37.718779,-122.462401,1
50,22,5,dn15,37.739611,-122.492203,1
50,23,5,dn15,37.739611,-122.492203,1
50,28,2,dn6,37.751751,-122.410654,1
50,29,5,dn15,37.739611,-122.492203,1
50,30,5,dn14,37.739611,-122.492203,1
50,32,1,dn3,37.774524,-122.473656,1
50,32,4,dn12,37.78929,-122.426797,1
50,33,5,dn13,37.739611,-122.492203,1
50,34,1,dn2,37.774524,-122.473656,1
50,34,3,dn7,37.718779,-122.462401,1
50,34,4,dn11,37.78929,-122.426797,1
50,34,5,dn13,37.739611,-122.492203,1
50,35,1,dn2,37.774524,-122.473656,1
50,35,5,dn13,37.739611,-122.492203,1
50,36,3,dn9,37.718779,-122.462401,1
50,36,5,dn13,37.739611,-122.492203,1
50,37,3,dn9,37.718779,-122.462401,1
50,37,5,dn13,37.739611,-122.492203,1
50,38,2,dn4,37.751751,-122.410654,1
50,38,3,dn9,37.718779,-122.462401,1
50,38,5,dn13,37.739611,-122.492203,1
50,39,3,dn9,37.718779,-122.462401,1
50,39,5,dn13,37.739611,-122.492203,1
50,40,3,dn9,37.718779,-122.462401,1
50,40,5,dn13,37.739611,-122.492203,1
50,41,3,dn9,37.718779,-122.462401,1
50,41,5,dn13,37.739611,-122.492203,1
50,42,5,dn13,37.739611,-122.492203,1
50,43,5,dn13,37.739611,-122.492203,1
50,44,1,dn1,37.774524,-122.473656,1
50,44,3,dn8,37.718779,-122.462401,1
50,44,5,dn13,37.739611,-122.492203,1
50,45,3,dn8,37.718779,-122.462401,1
50,45,5,dn13,37.739611,-122.492203,1
50,46,5,dn13,37.739611,-122.492203,1
50,48,1,dn3,37.774524,-122.473656,1
50,48,3,dn7,37.718779,-122.462401,1
50,49,3,dn7,37.718779,-122.462401,1
50,49,5,dn15,37.739611,-122.492203,1
50,50,2,dn5,37.751751,-122.410654,1
50,50,5,dn14;dn15,37.739611,-122.492203,2
50,51,5,dn14;dn15,37.739611,-122.492203,2
50,52,4,dn10,37.78929,-122.426797,1
50,52,5,dn14;dn15,37.739611,-122.492203,2
50,53,5,dn14;dn15,37.739611,-122.492203,2
50,54,5,dn14;dn15,37.739611,-122.492203,2
50,55,5,dn14;dn15,37.739611,-122.492203,2
50,56,5,dn14;dn15,37.739611,-122.492203,2
50,57,5,dn14;dn15,37.739611,-122.492203,2
50,58,3,dn9,37.718779,-122.462401,1
50,58,5,dn14;dn15,37.739611,-122.492203,2
50,59,3,dn9,37.718779,-122.462401,1
50,59,5,dn13;dn15,37.739611,-122.492203,2
50,60,5,dn13;dn15,37.739611,-122.492203,2
50,61,5,dn13;dn15,37.739611,-122.492203,2
50,62,5,dn13;dn15,37.739611,-122.492203,2
50,63,5,dn13;dn15,37.739611,-122.492203,2
50,64,2,dn5;dn6,37.751751,-122.410654,2
50,64,5,dn13;dn15,37.739611,-122.492203,2
50,65,5,dn13;dn15,37.739611,-122.492203,2
50,66,2,dn4,37.751751,-122.410654,1
50,66,5,dn15,37.739611,-122.492203,1
50,67,1,dn2,37.774524,-122.473656,1
50,67,3,dn8,37.718779,-122.462401,1
50,67,5,dn15,37.739611,-122.492203,1
50,68,3,dn8,37.718779,-122.462401,1
50,68,5,dn15,37.739611,-122.492203,1
50,69,3,dn8,37.718779,-122.462401,1
50,69,5,dn15,37.739611,-122.492203,1
50,70,1,dn1,37.774524,-122.473656,1
50,70,3,dn9,37.718779,-122.462401,1
50,70,4,dn11,37.78929,-122.426797,1
50,70,5,dn15,37.739611,-122.492203,1
50,71,1,dn1,37.774524,-122.473656,1
50,71,3,dn9,37.718779,-122.462401,1
50,71,5,dn15,37.739611,-122.492203,1
50,72,1,dn1,37.774524,-122.473656,1
50,72,3,dn9,37.718779,-122.462401,1
50,72,4,dn12,37.78929,-122.426797,1
50,72,5,dn15,37.739611,-122.492203,1
50,73,1,dn1,37.774524,-122.473656,1
50,73,3,dn9,37.718779,-122.462401,1
50,73,4,dn12,37.78929,-122.426797,1
50,73,5,dn15,37.739611,-122.492203,1
50,74,1,dn1,37.774524,-122.473656,1
50,74,3,dn9,37.718779,-122.462401,1
50,74,4,dn12,37.78929,-122.426797,1
50,74,5,dn15,37.739611,-122.492203,1
50,75,1,dn1,37.774524,-122.473656,1
50,75,4,dn12,37.78929,-122.426797,1
50,75,5,dn15,37.739611,-122.492203,1
50,76,1,dn1,37.774524,-122.473656,1
50,76,4,dn12,37.78929,-122.426797,1
50,76,5,dn15,37.739611,-122.492203,1
50,77,1,dn2,37.774524,-122.473656,1
50,77,4,dn12,37.78929,-122.426797,1
50,77,5,dn15,37.739611,-122.492203,1
50,78,1,dn2,37.774524,-122.473656,1
50,78,4,dn12,37.78929,-122.426797,1
50,78,5,dn15,37.739611,-122.492203,1
50,79,1,dn2,37.774524,-122.473656,1
50,79,4,dn12,37.78929,-122.426797,1
50,79,5,dn15,37.739611,-122.492203,1
50,80,1,dn2,37.774524,-122.473656,1
50,80,4,dn12,37.78929,-122.426797,1
50,80,5,dn14;dn15,37.739611,-122.492203,2
50,81,1,dn2,37.774524,-122.473656,1
50,81,4,dn12,37.78929,-122.426797,1
50,81,5,dn14;dn15,37.739611,-122.492203,2
50,82,4,dn12,37.78929,-122.426797,1
50,82,5,dn14;dn15,37.739611,-122.492203,2
50,83,5,dn14;dn15,37.739611,-122.492203,2
50,84,5,dn15,37.739611,-122.492203,1
50,85,5,dn15,37.739611,-122.492203,1
50,86,5,dn15,37.739611,-122.492203,1
50,87,5,dn15,37.739611,-122.492203,1
50,88,5,dn15,37.739611,-122.492203,1
50,89,3,dn7,37.718779,-122.462401,1
50,89,5,dn13,37.739611,-122.492203,1
50,90,5,dn13,37.739611,-122.492203,1
50,91,3,dn8,37.718779,-122.462401,1
50,91,5,dn13,37.739611,-122.492203,1
50,92,3,dn8,37.718779,-122.462401,1
50,92,5,dn13,37.739611,-122.492203,1
50,93,3,dn8,37.718779,-122.462401,1
50,93,5,dn13,37.739611,-122.492203,1
50,94,3,dn8;dn9,37.718779,-122.462401,2
50,94,5,dn13,37.739611,-122.492203,1
50,95,3,dn8;dn9,37.718779,-122.462401,2
50,95,5,dn13,37.739611,-122.492203,1
50,96,3,dn8;dn9,37.718779,-122.462401,2
50,96,5,dn13,37.739611,-122.492203,1
50,97,3,dn8;dn9,37.718779,-122.462401,2
50,97,5,dn13,37.739611,-122.492203,1
50,98,3,dn8;dn9,37.718779,-122.462401,2
50,98,5,dn13,37.739611,-122.492203,1
50,99,3,dn8;dn9,37.718779,-122.462401,2
50,99,5,dn13,37.739611,-122.492203,1
51,0,1,dn1;dn2;dn3,37.774524,-122.473656,3
51,0,2,dn4;dn5;dn6,37.751751,-122.410654,3
51,0,3,dn7;dn8;dn9,37.718779,-122.462401,3
51,0,4,dn10;dn11;dn12,37.78929,-122.426797,3
51,0,5,dn13;dn14;dn15,37.739611,-122.492203,3
51,8,5,dn13,37.739611,-122.492203,1
51,9,5,dn15,37.739611,-122.492203,1
51,11,5,dn14,37.739611,-122.492203,1
51,12,3,dn8,37.718779,-122.462401,1
51,16,1,dn1,37.774524,-122.473656,1
51,18,1,dn3,37.774524,-122.473656,1
51,18,2,dn4,37.751751,-122.410654,1
51,18,4,dn11,37.78929,-122.426797,1
51,18,5,dn15,37.739611,-122.492203,1
51,19,3,dn7,37.718779,-122.462401,1
51,21,5,dn14,37.739611,-122.492203,1
51,22,2,dn6,37.751751,-122.410654,1
51,22,5,dn14,37.739611,-122.492203,1
51,23,5,dn14,37.739611,-122.492203,1
51,24,1,dn2;dn3,37.774524,-122.473656,2
51,24,4,dn10,37.78929,-122.426797,1
51,24,5,dn14,37.739611,-122.492203,1
51,25,3,dn7,37.718779,-122.462401,1
51,25,4,dn10,37.78929,-122.426797,1
51,26,2,dn5,37.751751,-122.410654,1
51,26,3,dn7,37.718779,-122.462401,1
51,26,4,dn10,37.78929,-122.426797,1
51,27,4,dn10,37.78929,-122.426797,1
51,28,3,dn9,37.718779,-122.462401,1
51,28,4,dn10,37.78929,-122.426797,1
51,29,4,dn10,37.78929,-122.426797,1
51,29,5,dn15,37.739611,-122.492203,1
51,30,4,dn10,37.78929,-122.426797,1
51,31,4,dn10,37.78929,-122.426797,1
51,32,4,dn10,37.78929,-122.426797,1
51,34,1,dn1,37.774524,-122.473656,1
51,34,4,dn11;dn12,37.78929,-122.426797,2
51,34,5,dn13,37.739611,-122.492203,1
51,35,1,dn1,37.774524,-122.473656,1
51,35,4,dn11;dn12,37.78929,-122.426797,2
51,35,5,dn13,37.739611,-122.492203,1
51,36,1,dn1;dn2,37.774524,-122.473656,2
51,36,4,dn11;dn12,37.78929,-122.426797,2
51,36,5,dn13,37.739611,-122.492203,1
51,37,1,dn2,37.774524,-122.473656,1
51,37,4,dn11;dn12,37.78929,-122.426797,2
51,37,5,dn13,37.739611,-122.492203,1
51,38,1,dn2,37.774524,-122.473656,1
51,38,4,dn11;dn12,37.78929,-122.426797,2
51,39,1,dn2,37.774524,-122.473656,1
51,39,4,dn11;dn12,37.78929,-122.426797,2
51,40,1,dn2,37.774524,-122.473656,1
51,40,4,dn11;dn12,37.78929,-122.426797,2
51,41,4,dn11;dn12,37.78929,-122.426797,2
51,42,4,dn11;dn12,37.78929,-122.426797,2
51,42,5,dn14,37.739611,-122.492203,1
51,43,4,dn12,37.78929,-122.426797,1
51,43,5,dn15,37.739611,-122.492203,1
51,44,4,dn12,37.78929,-122.426797,1
51,45,3,dn9,37.718779,-122.462401,1
51,47,5,dn13,37.739611,-122.492203,1
51,48,5,dn13,37.739611,-122.492203,1
51,49,5,dn13,37.739611,-122.492203,1
51,52,2,dn6,37.751751,-122.410654,1
51,53,3,dn9,37.718779,-122.462401,1
51,53,5,dn15,37.739611,-122.492203,1
51,54,3,dn9,37.718779,-122.462401,1
51,54,5,dn15,37.739611,-122.492203,1
51,55,3,dn9,37.718779,-122.462401,1
51,55,5,dn15,37.739611,-122.492203,1
51,56,3,dn9,37.718779,-122.462401,1
51,56,5,dn15,37.739611,-122.492203,1
51,57,5,dn15,37.739611,-122.492203,1
51,58,3,dn7,37.718779,-122.462401,1
51,58,5,dn15,37.739611,-122.492203,1
51,59,3,dn7,37.718779,-122.462401,1
51,59,5,dn15,37.739611,-122.492203,1
51,60,3,dn7,37.718779,-122.462401,1
51,60,5,dn13;dn15,37.739611,-122.492203,2
51,61,3,dn7,37.718779,-122.462401,1
51,61,5,dn13;dn15,37.739611,-122.492203,2
51,62,3,dn7,37.718779,-122.462401,1
51,62,4,dn10,37.78929,-122.426797,1
51,62,5,dn13;dn15,37.739611,-122.492203,2
51,63,5,dn13;dn15,37.739611,-122.492203,2
51,64,1,dn2;dn3,37.774524,-122.473656,2
51,64,3,dn8,37.718779,-122.462401,1
51,64,5,dn13;dn15,37.739611,-122.492203,2
51,65,1,dn3,37.774524,-122.473656,1
51,65,3,dn8,37.718779,-122.462401,1
51,65,5,dn13;dn15,37.739611,-122.492203,2
51,66,3,dn8,37.718779,-122.462401,1
51,66,5,dn13;dn14;dn15,37.739611,-122.492203,3
51,67,3,dn8,37.718779,-122.462401,1
51,67,5,dn13;dn14;dn15,37.739611,-122.492203,3
51,68,3,dn8,37.718779,-122.462401,1
51,68,5,dn13;dn14;dn15,37.739611,-122.492203,3
51,69,3,dn8,37.718779,-122.462401,1
51,69,5,dn13;dn14;dn15,37.739611,-122.492203,3
51,70,3,dn8;dn9,37.718779,-122.462401,2
51,70,5,dn13;dn14;dn15,37.739611,-122.492203,3
51,71,3,dn8;dn9,37.718779,-122.462401,2
51,71,5,dn13;dn14;dn15,37.739611,-122.492203,3
51,72,2,dn4,37.751751,-122.410654,1
51,72,3,dn8;dn9,37.718779,-122.462401,2
51,72,4,dn11,37.78929,-122.426797,1
51,72,5,dn13;dn14;dn15,37.739611,-122.492203,3
51,73,3,dn7;dn9,37.718779,-122.462401,2
51,73,4,dn11,37.78929,-122.426797,1
51,73,5,dn13;dn14;dn15,37.739611,-122.492203,3
51,74,3,dn7;dn9,37.718779,-122.462401,2
51,74,5,dn13;dn14;dn15,37.739611,-122.492203,3
51,75,3,dn7;dn9,37.718779,-122.462401,2
51,75,5,dn13;dn14;dn15,37.739611,-122.492203,3
51,76,3,dn7;dn9,37.718779,-122.462401,2
51,76,5,dn13;dn14;dn15,37.739611,-122.492203,3
51,77,3,dn7;dn9,37.718779,-122.462401,2
51,77,5,dn13;dn14;dn15,37.739611,-122.492203,3
51,78,1,dn1;dn2,37.774524,-122.473656,2
51,78,3,dn7;dn9,37.718779,-122.462401,2
51,78,5,dn13;dn14;dn15,37.739611,-122.492203,3
51,79,3,dn7;dn9,37.718779,-122.462401,2
51,79,5,dn13;dn14;dn15,37.739611,-122.492203,3
51,80,3,dn7;dn9,37.718779,-122.462401,2
51,80,5,dn13;dn14;dn15,37.739611,-122.492203,3
51,81,3,dn9,37.718779,-122.462401,1
51,81,5,dn13;dn14;dn15,37.739611,-122.492203,3
51,82,3,dn9,37.718779,-122.462401,1
51,82,5,dn13;dn14;dn15,37.739611,-122.492203,3
51,83,3,dn9,37.718779,-122.462401,1
51,83,5,dn13;dn14;dn15,37.739611,-122.492203,3
51,84,3,dn9,37.718779,-122.462401,1
51,84,4,dn10;dn12,37.78929,-122.426797,2
51,84,5,dn13;dn14;dn15,37.739611,-122.492203,3
51,85,3,dn9,37.718779,-122.462401,1
51,85,4,dn12,37.78929,-122.426797,1
51,85,5,dn13;dn14;dn15,37.739611,-122.492203,3
51,86,3,dn9,37.718779,-122.462401,1
51,86,4,dn12,37.78929,-122.426797,1
51,86,5,dn13;dn14;dn15,37.739611,-122.492203,3
51,87,4,dn12,37.78929,-122.426797,1
51,87,5,dn13;dn14;dn15,37.739611,-122.492203,3
51,88,4,dn12,37.78929,-122.426797,1
51,88,5,dn13;dn14;dn15,37.739611,-122.492203,3
51,89,4,dn12,37.78929,-122.426797,1
51,89,5,dn13;dn14;dn15,37.739611,-122.492203,3
51,90,2,dn5,37.751751,-122.410654,1
51,90,4,dn12,37.78929,-122.426797,1
51,90,5,dn13;dn14;dn15,37.739611,-122.492203,3
51,91,2,dn5,37.751751,-122.410654,1
51,91,3,dn7,37.718779,-122.462401,1
51,91,4,dn12,37.78929,-122.426797,1
51,91,5,dn13;dn14;dn15,37.739611,-122.492203,3
51,92,2,dn5;dn6,37.751751,-122.410654,2
51,92,3,dn7,37.718779,-122.462401,1
51,92,4,dn12,37.78929,-122.426797,1
51,92,5,dn13;dn14;dn15,37.739611,-122.492203,3
51,93,1,dn3,37.774524,-122.473656,1
51,93,2,dn6,37.751751,-122.410654,1
51,93,3,dn7,37.718779,-122.462401,1
51,93,4,dn12,37.78929,-122.426797,1
51,93,5,dn13;dn14;dn15,37.739611,-122.492203,3
51,94,2,dn6,37.751751,-122.410654,1
51,94,3,dn7,37.718779,-122.462401,1
51,94,4,dn12,37.78929,-122.426797,1
51,94,5,dn13;dn14;dn15,37.739611,-122.492203,3
51,95,2,dn6,37.751751,-122.410654,1
51,95,3,dn7,37.718779,-122.462401,1
51,95,4,dn12,37.78929,-122.426797,1
51,95,5,dn13;dn14;dn15,37.739611,-122.492203,3
51,96,3,dn7,37.718779,-122.462401,1
51,96,4,dn12,37.78929,-122.426797,1
51,96,5,dn13;dn14;dn15,37.739611,-122.492203,3
51,97,4,dn11;dn12,37.78929,-122.426797,2
51,97,5,dn13;dn14;dn15,37.739611,-122.492203,3
51,98,4,dn11;dn12,37.78929,-122.426797,2
51,98,5,dn13;dn14;dn15,37.739611,-122.492203,3
51,99,4,dn11;dn12,37.78929,-122.426797,2
51,99,5,dn13;dn14;dn15,37.739611,-122.492203,3
52,0,1,dn1;dn2;dn3,37.774524,-122.473656,3
52,0,2,dn4;dn5;dn6,37.751751,-122.410654,3
52,0,3,dn7;dn8;dn9,37.718779,-122.462401,3
52,0,4,dn10;dn11;dn12,37.78929,-122.426797,3
52,0,5,dn13;dn14;dn15,37.739611,-122.492203,3
52,1,4,dn12,37.78929,-122.426797,1
52,8,5,dn13,37.739611,-122.492203,1
52,10,3,dn7,37.718779,-122.462401,1
52,10,5,dn15,37.739611,-122.492203,1
52,14,1,dn2,37.774524,-122.473656,1
52,14,3,dn8,37.718779,-122.462401,1
52,14,5,dn14,37.739611,-122.492203,1
52,15,1,dn3,37.774524,-122.473656,1
52,16,1,dn3,37.774524,-122.473656,1
52,18,1,dn1,37.774524,-122.473656,1
52,18,4,dn10,37.78929,-122.426797,1
52,19,1,dn1,37.774524,-122.473656,1
52,20,1,dn1,37.774524,-122.473656,1
52,20,2,dn4,37.751751,-122.410654,1
52,21,1,dn1,37.774524,-122.473656,1
52,22,1,dn1,37.774524,-122.473656,1
52,22,3,dn9,37.718779,-122.462401,1
52,22,5,dn13;dn14,37.739611,-122.492203,2
52,23,1,dn1,37.774524,-122.473656,1
52,23,4,dn12,37.78929,-122.426797,1
52,23,5,dn14,37.739611,-122.492203,1
52,24,1,dn1,37.774524,-122.473656,1
52,24,2,dn5,37.751751,-122.410654,1
52,24,4,dn12,37.78929,-122.426797,1
52,24,5,dn14,37.739611,-122.492203,1
52,25,1,dn1,37.774524,-122.473656,1
52,25,5,dn14,37.739611,-122.492203,1
52,26,1,dn1,37.774524,-122.473656,1
52,26,5,dn14,37.739611,-122.492203,1
52,27,1,dn1,37.774524,-122.473656,1
52,27,5,dn14,37.739611,-122.492203,1
52,28,1,dn1,37.774524,-122.473656,1
52,28,5,dn14,37.739611,-122.492203,1
52,29,1,dn1,37.774524,-122.473656,1
52,29,5,dn14,37.739611,-122.492203,1
52,30,1,dn1,37.774524,-122.473656,1
52,30,5,dn14,37.739611,-122.492203,1
52,31,1,dn1,37.774524,-122.473656,1
52,31,5,dn14,37.739611,-122.492203,1
52,32,1,dn1,37.774524,-122.473656,1
52,32,2,dn6,37.751751,-122.410654,1
52,32,3,dn8,37.718779,-122.462401,1
52,32,5,dn14;dn15,37.739611,-122.492203,2
52,33,5,dn14;dn15,37.739611,-122.492203,2
52,34,1,dn3,37.774524,-122.473656,1
52,34,5,dn14;dn15,37.739611,-122.492203,2
52,35,1,dn3,37.774524,-122.473656,1
52,35,5,dn13;dn14;dn15,37.739611,-122.492203,3
52,36,3,dn7;dn9,37.718779,-122.462401,2
52,36,5,dn13;dn14;dn15,37.739611,-122.492203,3
52,37,5,dn13;dn14;dn15,37.739611,-122.492203,3
52,38,4,dn11,37.78929,-122.426797,1
52,38,5,dn13;dn14;dn15,37.739611,-122.492203,3
52,39,5,dn13;dn14;dn15,37.739611,-122.492203,3
52,40,5,dn14;dn15,37.739611,-122.492203,2
52,41,5,dn14;dn15,37.739611,-122.492203,2
52,42,5,dn14;dn15,37.739611,-122.492203,2
52,43,5,dn14;dn15,37.739611,-122.492203,2
52,44,2,dn4,37.751751,-122.410654,1
52,44,5,dn14;dn15,37.739611,-122.492203,2
52,45,5,dn15,37.739611,-122.492203,1
52,46,1,dn2,37.774524,-122.473656,1
52,46,3,dn7,37.718779,-122.462401,1
52,46,5,dn15,37.739611,-122.492203,1
52,47,1,dn2,37.774524,-122.473656,1
52,47,5,dn15,37.739611,-122.492203,1
52,48,5,dn15,37.739611,-122.492203,1
52,49,5,dn15,37.739611,-122.492203,1
52,54,5,dn14,37.739611,-122.492203,1
52,56,2,dn5,37.751751,-122.410654,1
52,57,5,dn13,37.739611,-122.492203,1
52,58,2,dn6,37.751751,-122.410654,1
52,59,1,dn3,37.774524,-122.473656,1
52,62,3,dn9,37.718779,-122.462401,1
52,62,4,dn10,37.78929,-122.426797,1
52,62,5,dn14,37.739611,-122.492203,1
52,64,5,dn15,37.739611,-122.492203,1
52,68,1,dn1,37.774524,-122.473656,1
52,68,3,dn7,37.718779,-122.462401,1
52,69,1,dn2,37.774524,-122.473656,1
52,69,5,dn14,37.739611,-122.492203,1
52,72,3,dn8,37.718779,-122.462401,1
52,72,4,dn11,37.78929,-122.426797,1
52,74,1,dn3,37.774524,-122.473656,1
52,74,2,dn6,37.751751,-122.410654,1
52,74,3,dn9,37.718779,-122.462401,1
52,75,3,dn9,37.718779,-122.462401,1
52,77,5,dn13,37.739611,-122.492203,1
52,78,2,dn5,37.751751,-122.410654,1
52,78,4,dn12,37.78929,-122.426797,1
52,78,5,dn13,37.739611,-122.492203,1
52,79,4,dn12,37.78929,-122.426797,1
52,80,4,dn12,37.78929,-122.426797,1
52,81,4,dn12,37.78929,-122.426797,1
52,81,5,dn14,37.739611,-122.492203,1
52,82,4,dn12,37.78929,-122.426797,1
52,84,1,dn1,37.774524,-122.473656,1
52,85,3,dn9,37.718779,-122.462401,1
52,86,2,dn6,37.751751,-122.410654,1
52,86,3,dn7,37.718779,-122.462401,1
52,88,5,dn14,37.739611,-122.492203,1
52,91,1,dn2,37.774524,-122.473656,1
52,92,1,dn2,37.774524,-122.473656,1
52,92,4,dn11,37.78929,-122.426797,1
52,93,4,dn11,37.78929,-122.426797,1
52,94,5,dn13;dn15,37.739611,-122.492203,2
52,95,5,dn13;dn15,37.739611,-122.492203,2
52,96,5,dn13;dn15,37.739611,-122.492203,2
52,97,5,dn13;dn15,37.739611,-122.492203,2
52,98,1,dn1,37.774524,-122.473656,1
52,98,5,dn13;dn15,37.739611,-122.492203,2
52,99,1,dn1,37.774524,-122.473656,1
52,99,5,dn15,37.739611,-122.492203,1
53,0,1,dn1;dn2;dn3,37.774524,-122.473656,3
53,0,2,dn4;dn5;dn6,37.751751,-122.410654,3
53,0,3,dn7;dn8;dn9,37.718779,-122.462401,3
53,0,4,dn10;dn11;dn12,37.78929,-122.426797,3
53,0,5,dn13;dn14;dn15,37.739611,-122.492203,3
53,9,3,dn9,37.718779,-122.462401,1
53,13,5,dn15,37.739611,-122.492203,1
53,14,1,dn3,37.774524,-122.473656,1
53,14,3,dn7,37.718779,-122.462401,1
53,14,4,dn12,37.78929,-122.426797,1
53,15,5,dn14,37.739611,-122.492203,1
53,16,4,dn11,37.78929,-122.426797,1
53,16,5,dn13,37.739611,-122.492203,1
53,19,3,dn8,37.718779,-122.462401,1
53,22,1,dn2,37.774524,-122.473656,1
53,23,5,dn14;dn15,37.739611,-122.492203,2
53,24,4,dn10,37.78929,-122.426797,1
53,24,5,dn13;dn15,37.739611,-122.492203,2
53,25,5,dn13;dn15,37.739611,-122.492203,2
53,26,5,dn13;dn15,37.739611,-122.492203,2
53,27,5,dn15,37.739611,-122.492203,1
53,28,5,dn15,37.739611,-122.492203,1
53,29,5,dn15,37.739611,-122.492203,1
53,30,1,dn3,37.774524,-122.473656,1
53,30,2,dn5,37.751751,-122.410654,1
53,32,3,dn7,37.718779,-122.462401,1
53,35,5,dn14,37.739611,-122.492203,1
53,36,1,dn2,37.774524,-122.473656,1
53,36,5,dn14,37.739611,-122.492203,1
53,37,5,dn14,37.739611,-122.492203,1
53,38,1,dn1,37.774524,-122.473656,1
53,38,2,dn4,37.751751,-122.410654,1
53,38,5,dn14,37.739611,-122.492203,1
53,39,5,dn14,37.739611,-122.492203,1
53,40,4,dn11,37.78929,-122.426797,1
53,40,5,dn14;dn15,37.739611,-122.492203,2
53,41,5,dn14;dn15,37.739611,-122.492203,2
53,42,5,dn14;dn15,37.739611,-122.492203,2
53,43,5,dn14;dn15,37.739611,-122.492203,2
53,44,5,dn13;dn14;dn15,37.739611,-122.492203,3
53,45,3,dn7,37.718779,-122.462401,1
53,45,5,dn13;dn14;dn15,37.739611,-122.492203,3
53,46,3,dn7,37.718779,-122.462401,1
53,46,5,dn13;dn14;dn15,37.739611,-122.492203,3
53,47,3,dn7;dn9,37.718779,-122.462401,2
53,47,5,dn13;dn14;dn15,37.739611,-122.492203,3
53,48,3,dn7;dn9,37.718779,-122.462401,2
53,48,5,dn13;dn14;dn15,37.739611,-122.492203,3
53,49,3,dn7;dn9,37.718779,-122.462401,2
53,49,5,dn13;dn14;dn15,37.739611,-122.492203,3
53,50,3,dn7;dn9,37.718779,-122.462401,2
53,50,5,dn13;dn14;dn15,37.739611,-122.492203,3
53,51,3,dn9,37.718779,-122.462401,1
53,51,5,dn13;dn14;dn15,37.739611,-122.492203,3
53,52,3,dn9,37.718779,-122.462401,1
53,52,5,dn13;dn14;dn15,37.739611,-122.492203,3
53,53,3,dn8;dn9,37.718779,-122.462401,2
53,53,5,dn13;dn14;dn15,37.739611,-122.492203,3
53,54,1,dn2,37.774524,-122.473656,1
53,54,3,dn8;dn9,37.718779,-122.462401,2
53,54,5,dn13;dn14;dn15,37.739611,-122.492203,3
53,55,3,dn8;dn9,37.718779,-122.462401,2
53,55,5,dn13;dn14;dn15,37.739611,-122.492203,3
53,56,3,dn8;dn9,37.718779,-122.462401,2
53,56,5,dn13;dn14;dn15,37.739611,-122.492203,3
53,57,3,dn8;dn9,37.718779,-122.462401,2
53,57,5,dn13;dn14;dn15,37.739611,-122.492203,3
53,58,2,dn5;dn6,37.751751,-122.410654,2
53,58,3,dn7;dn8;dn9,37.718779,-122.462401,3
53,58,5,dn13;dn14;dn15,37.739611,-122.492203,3
53,59,3,dn7;dn8;dn9,37.718779,-122.462401,3
53,59,5,dn13;dn14;dn15,37.739611,-122.492203,3
53,60,2,dn4,37.751751,-122.410654,1
53,60,3,dn7;dn8;dn9,37.718779,-122.462401,3
53,60,4,dn12,37.78929,-122.426797,1
53,60,5,dn13;dn14;dn15,37.739611,-122.492203,3
53,61,3,dn7;dn8;dn9,37.718779,-122.462401,3
53,61,5,dn13;dn14;dn15,37.739611,-122.492203,3
53,62,3,dn7;dn8;dn9,37.718779,-122.462401,3
53,62,5,dn13;dn14;dn15,37.739611,-122.492203,3
53,63,3,dn7;dn8;dn9,37.718779,-122.462401,3
53,63,5,dn13;dn14;dn15,37.739611,-122.492203,3
53,64,1,dn3,37.774524,-122.473656,1
53,64,3,dn7;dn8;dn9,37.718779,-122.462401,3
53,64,5,dn13;dn14;dn15,37.739611,-122.492203,3
53,65,3,dn7;dn8;dn9,37.718779,-122.462401,3
53,65,5,dn13;dn14;dn15,37.739611,-122.492203,3
53,66,3,dn7;dn8;dn9,37.718779,-122.462401,3
53,66,5,dn13;dn14;dn15,37.739611,-122.492203,3
53,67,3,dn7;dn8;dn9,37.718779,-122.462401,3
53,67,5,dn13;dn14;dn15,37.739611,-122.492203,3
53,68,3,dn7;dn8;dn9,37.718779,-122.462401,3
53,68,5,dn13;dn14;dn15,37.739611,-122.492203,3
53,69,3,dn7;dn8;dn9,37.718779,-122.462401,3
53,69,5,dn13;dn14;dn15,37.739611,-122.492203,3
53,70,3,dn7;dn8;dn9,37.718779,-122.462401,3
53,70,4,dn10,37.78929,-122.426797,1
53,70,5,dn13;dn14;dn15,37.739611,-122.492203,3
53,71,3,dn8;dn9,37.718779,-122.462401,2
53,71,5,dn13;dn14;dn15,37.739611,-122.492203,3
53,72,3,dn8;dn9,37.718779,-122.462401,2
53,72,5,dn13;dn14;dn15,37.739611,-122.492203,3
53,73,3,dn9,37.718779,-122.462401,1
53,73,5,dn13;dn14;dn15,37.739611,-122.492203,3
53,74,1,dn2;dn3,37.774524,-122.473656,2
53,74,5,dn13;dn14;dn15,37.739611,-122.492203,3
53,75,5,dn13;dn14;dn15,37.739611,-122.492203,3
53,76,5,dn13;dn14;dn15,37.739611,-122.492203,3
53,77,5,dn14;dn15,37.739611,-122.492203,2
53,78,5,dn15,37.739611,-122.492203,1
53,79,5,dn15,37.739611,-122.492203,1
53,80,5,dn15,37.739611,-122.492203,1
53,81,5,dn15,37.739611,-122.492203,1
53,82,1,dn1,37.774524,-122.473656,1
53,82,3,dn9,37.718779,-122.462401,1
53,83,3,dn7,37.718779,-122.462401,1
53,84,2,dn6,37.751751,-122.410654,1
53,84,3,dn7,37.718779,-122.462401,1
53,84,4,dn11,37.78929,-122.426797,1
53,85,2,dn6,37.751751,-122.410654,1
53,85,3,dn7,37.718779,-122.462401,1
53,86,3,dn7,37.718779,-122.462401,1
53,87,3,dn7,37.718779,-122.462401,1
53,88,2,dn4,37.751751,-122.410654,1
53,88,3,dn7,37.718779,-122.462401,1
53,89,3,dn7,37.718779,-122.462401,1
53,90,3,dn7,37.718779,-122.462401,1
53,90,5,dn13,37.739611,-122.492203,1
53,91,3,dn7,37.718779,-122.462401,1
53,92,3,dn7;dn8,37.718779,-122.462401,2
53,92,5,dn14,37.739611,-122.492203,1
53,93,3,dn7;dn8,37.718779,-122.462401,2
53,94,3,dn7;dn8,37.718779,-122.462401,2
53,95,3,dn7;dn8,37.718779,-122.462401,2
53,96,3,dn8,37.718779,-122.462401,1
53,97,3,dn8,37.718779,-122.462401,1
53,98,3,dn8,37.718779,-122.462401,1
54,0,1,dn1;dn2;dn3,37.774524,-122.473656,3
54,0,2,dn4;dn5;dn6,37.751751,-122.410654,3
54,0,3,dn7;dn8;dn9,37.718779,-122.462401,3
54,0,4,dn10;dn11;dn12,37.78929,-122.426797,3
54,0,5,dn13;dn14;dn15,37.739611,-122.492203,3
54,8,5,dn14,37.739611,-122.492203,1
54,9,5,dn13,37.739611,-122.492203,1
54,12,1,dn2,37.774524,-122.473656,1
54,18,1,dn1,37.774524,-122.473656,1
54,18,5,dn14,37.739611,-122.492203,1
54,20,3,dn8;dn9,37.718779,-122.462401,2
54,21,3,dn9,37.718779,-122.462401,1
54,22,3,dn7;dn9,37.718779,-122.462401,2
54,23,3,dn7;dn9,37.718779,-122.462401,2
54,24,3,dn7;dn9,37.718779,-122.462401,2
54,25,3,dn7;dn9,37.718779,-122.462401,2
54,25,5,dn13,37.739611,-122.492203,1
54,26,3,dn7;dn9,37.718779,-122.462401,2
54,26,5,dn13,37.739611,-122.492203,1
54,27,3,dn7;dn9,37.718779,-122.462401,2
54,27,5,dn13,37.739611,-122.492203,1
54,28,1,dn3,37.774524,-122.473656,1
54,28,3,dn7;dn9,37.718779,-122.462401,2
54,28,5,dn13;dn15,37.739611,-122.492203,2
54,29,3,dn7;dn9,37.718779,-122.462401,2
54,29,5,dn13;dn15,37.739611,-122.492203,2
54,30,2,dn5,37.751751,-122.410654,1
54,30,3,dn7;dn9,37.718779,-122.462401,2
54,30,5,dn13;dn14;dn15,37.739611,-122.492203,3
54,31,3,dn7;dn9,37.718779,-122.462401,2
54,31,5,dn13;dn14;dn15,37.739611,-122.492203,3
54,32,3,dn9,37.718779,-122.462401,1
54,32,4,dn11,37.78929,-122.426797,1
54,32,5,dn13;dn14;dn15,37.739611,-122.492203,3
54,33,5,dn13;dn14;dn15,37.739611,-122.492203,3
54,34,1,dn1,37.774524,-122.473656,1
54,34,5,dn13;dn14;dn15,37.739611,-122.492203,3
54,35,5,dn13;dn14;dn15,37.739611,-122.492203,3
54,36,5,dn13;dn14;dn15,37.739611,-122.492203,3
54,37,5,dn13;dn14;dn15,37.739611,-122.492203,3
54,38,1,dn2,37.774524,-122.473656,1
54,38,4,dn12,37.78929,-122.426797,1
54,38,5,dn13;dn14;dn15,37.739611,-122.492203,3
54,39,5,dn13;dn14;dn15,37.739611,-122.492203,3
54,40,2,dn6,37.751751,-122.410654,1
54,40,4,dn10,37.78929,-122.426797,1
54,40,5,dn13;dn14;dn15,37.739611,-122.492203,3
54,41,2,dn6,37.751751,-122.410654,1
54,41,4,dn10,37.78929,-122.426797,1
54,41,5,dn13;dn14;dn15,37.739611,-122.492203,3
54,42,2,dn6,37.751751,-122.410654,1
54,42,4,dn10,37.78929,-122.426797,1
54,42,5,dn14;dn15,37.739611,-122.492203,2
54,43,2,dn6,37.751751,-122.410654,1
54,43,4,dn10,37.78929,-122.426797,1
54,43,5,dn14;dn15,37.739611,-122.492203,2
54,44,4,dn10,37.78929,-122.426797,1
54,44,5,dn14;dn15,37.739611,-122.492203,2
54,45,4,dn10,37.78929,-122.426797,1
54,45,5,dn15,37.739611,-122.492203,1
54,46,2,dn4,37.751751,-122.410654,1
54,46,4,dn10,37.78929,-122.426797,1
54,46,5,dn15,37.739611,-122.492203,1
54,47,1,dn2,37.774524,-122.473656,1
54,47,2,dn4,37.751751,-122.410654,1
54,47,4,dn10,37.78929,-122.426797,1
54,47,5,dn15,37.739611,-122.492203,1
54,48,1,dn2,37.774524,-122.473656,1
54,48,2,dn5,37.751751,-122.410654,1
54,48,3,dn9,37.718779,-122.462401,1
54,48,4,dn10,37.78929,-122.426797,1
54,48,5,dn15,37.739611,-122.492203,1
54,49,2,dn5,37.751751,-122.410654,1
54,49,3,dn9,37.718779,-122.462401,1
54,49,4,dn10,37.78929,-122.426797,1
54,49,5,dn15,37.739611,-122.492203,1
54,50,2,dn5,37.751751,-122.410654,1
54,50,3,dn9,37.718779,-122.462401,1
54,50,4,dn10,37.78929,-122.426797,1
54,50,5,dn15,37.739611,-122.492203,1
54,51,2,dn5,37.751751,-122.410654,1
54,51,3,dn9,37.718779,-122.462401,1
54,51,4,dn10,37.78929,-122.426797,1
54,51,5,dn14;dn15,37.739611,-122.492203,2
54,52,2,dn5,37.751751,-122.410654,1
54,52,4,dn10,37.78929,-122.426797,1
54,52,5,dn14;dn15,37.739611,-122.492203,2
54,53,2,dn5,37.751751,-122.410654,1
54,53,4,dn10,37.78929,-122.426797,1
54,53,5,dn15,37.739611,-122.492203,1
54,54,2,dn5,37.751751,-122.410654,1
54,54,4,dn10,37.78929,-122.426797,1
54,54,5,dn15,37.739611,-122.492203,1
54,55,4,dn10,37.78929,-122.426797,1
54,55,5,dn15,37.739611,-122.492203,1
54,56,4,dn10,37.78929,-122.426797,1
54,56,5,dn15,37.739611,-122.492203,1
54,57,5,dn15,37.739611,-122.492203,1
54,58,5,dn15,37.739611,-122.492203,1
54,59,5,dn15,37.739611,-122.492203,1
54,60,1,dn1,37.774524,-122.473656,1
54,60,3,dn9,37.718779,-122.462401,1
54,60,4,dn12,37.78929,-122.426797,1
54,60,5,dn15,37.739611,-122.492203,1
54,61,1,dn2,37.774524,-122.473656,1
54,61,3,dn9,37.718779,-122.462401,1
54,61,4,dn12,37.78929,-122.426797,1
54,61,5,dn15,37.739611,-122.492203,1
54,62,1,dn2,37.774524,-122.473656,1
54,62,3,dn9,37.718779,-122.462401,1
54,62,4,dn12,37.78929,-122.426797,1
54,62,5,dn15,37.739611,-122.492203,1
54,63,1,dn2,37.774524,-122.473656,1
54,63,4,dn12,37.78929,-122.426797,1
54,63,5,dn15,37.739611,-122.492203,1
54,64,3,dn8,37.718779,-122.462401,1
54,64,4,dn12,37.78929,-122.426797,1
54,64,5,dn15,37.739611,-122.492203,1
54,65,3,dn8,37.718779,-122.462401,1
54,65,4,dn12,37.78929,-122.426797,1
54,65,5,dn15,37.739611,-122.492203,1
54,66,3,dn8,37.718779,-122.462401,1
54,66,5,dn15,37.739611,-122.492203,1
54,67,2,dn6,37.751751,-122.410654,1
54,67,3,dn8,37.718779,-122.462401,1
54,67,5,dn15,37.739611,-122.492203,1
54,68,1,dn3,37.774524,-122.473656,1
54,68,2,dn6,37.751751,-122.410654,1
54,68,3,dn8,37.718779,-122.462401,1
54,68,5,dn15,37.739611,-122.492203,1
54,69,1,dn3,37.774524,-122.473656,1
54,69,2,dn6,37.751751,-122.410654,1
54,69,3,dn8,37.718779,-122.462401,1
54,69,5,dn15,37.739611,-122.492203,1
54,70,1,dn3,37.774524,-122.473656,1
54,70,2,dn6,37.751751,-122.410654,1
54,70,3,dn8,37.718779,-122.462401,1
54,70,5,dn15,37.739611,-122.492203,1
54,71,1,dn3,37.774524,-122.473656,1
54,71,2,dn6,37.751751,-122.410654,1
54,71,3,dn8,37.718779,-122.462401,1
54,71,4,dn10,37.78929,-122.426797,1
54,71,5,dn15,37.739611,-122.492203,1
54,72,1,dn3,37.774524,-122.473656,1
54,72,2,dn6,37.751751,-122.410654,1
54,72,3,dn8,37.718779,-122.462401,1
54,72,4,dn10,37.78929,-122.426797,1
54,72,5,dn14;dn15,37.739611,-122.492203,2
54,73,1,dn3,37.774524,-122.473656,1
54,73,2,dn6,37.751751,-122.410654,1
54,73,3,dn8,37.718779,-122.462401,1
54,73,4,dn10,37.78929,-122.426797,1
54,73,5,dn14;dn15,37.739611,-122.492203,2
54,74,1,dn3,37.774524,-122.473656,1
54,74,2,dn6,37.751751,-122.410654,1
54,74,3,dn8,37.718779,-122.462401,1
54,74,4,dn10,37.78929,-122.426797,1
54,74,5,dn14;dn15,37.739611,-122.492203,2
54,75,1,dn3,37.774524,-122.473656,1
54,75,2,dn4,37.751751,-122.410654,1
54,75,3,dn8,37.718779,-122.462401,1
54,75,4,dn10,37.78929,-122.426797,1
54,75,5,dn14;dn15,37.739611,-122.492203,2
54,76,1,dn3,37.774524,-122.473656,1
54,76,3,dn8;dn9,37.718779,-122.462401,2
54,76,4,dn10,37.78929,-122.426797,1
54,76,5,dn14;dn15,37.739611,-122.492203,2
54,77,1,dn3,37.774524,-122.473656,1
54,77,3,dn7;dn8;dn9,37.718779,-122.462401,3
54,77,4,dn10,37.78929,-122.426797,1
54,77,5,dn14;dn15,37.739611,-122.492203,2
54,78,1,dn3,37.774524,-122.473656,1
54,78,3,dn7;dn8;dn9,37.718779,-122.462401,3
54,78,4,dn10,37.78929,-122.426797,1
54,78,5,dn14;dn15,37.739611,-122.492203,2
54,79,1,dn2;dn3,37.774524,-122.473656,2
54,79,3,dn7;dn8;dn9,37.718779,-122.462401,3
54,79,4,dn10,37.78929,-122.426797,1
54,79,5,dn13;dn14;dn15,37.739611,-122.492203,3
54,80,1,dn2;dn3,37.774524,-122.473656,2
54,80,3,dn7;dn8;dn9,37.718779,-122.462401,3
54,80,4,dn10;dn11,37.78929,-122.426797,2
54,80,5,dn13;dn14;dn15,37.739611,-122.492203,3
54,81,1,dn2;dn3,37.774524,-122.473656,2
54,81,3,dn7;dn8;dn9,37.718779,-122.462401,3
54,81,4,dn10;dn11,37.78929,-122.426797,2
54,81,5,dn13;dn14;dn15,37.739611,-122.492203,3
54,82,1,dn3,37.774524,-122.473656,1
54,82,3,dn7;dn8;dn9,37.718779,-122.462401,3
54,82,4,dn10;dn11,37.78929,-122.426797,2
54,82,5,dn13;dn14;dn15,37.739611,-122.492203,3
54,83,1,dn3,37.774524,-122.473656,1
54,83,3,dn7;dn8;dn9,37.718779,-122.462401,3
54,83,4,dn10;dn11,37.78929,-122.426797,2
54,83,5,dn13;dn14;dn15,37.739611,-122.492203,3
54,84,1,dn3,37.774524,-122.473656,1
54,84,3,dn7;dn8;dn9,37.718779,-122.462401,3
54,84,4,dn10;dn11,37.78929,-122.426797,2
54,84,5,dn13;dn14;dn15,37.739611,-122.492203,3
54,85,1,dn3,37.774524,-122.473656,1
54,85,3,dn7;dn8;dn9,37.718779,-122.462401,3
54,85,4,dn10;dn11,37.78929,-122.426797,2
54,85,5,dn13;dn14;dn15,37.739611,-122.492203,3
54,86,1,dn3,37.774524,-122.473656,1
54,86,3,dn8;dn9,37.718779,-122.462401,2
54,86,4,dn10;dn11,37.78929,-122.426797,2
54,86,5,dn13;dn14;dn15,37.739611,-122.492203,3
54,87,1,dn3,37.774524,-122.473656,1
54,87,3,dn8;dn9,37.718779,-122.462401,2
54,87,4,dn10;dn11,37.78929,-122.426797,2
54,87,5,dn13;dn14;dn15,37.739611,-122.492203,3
54,88,1,dn3,37.774524,-122.473656,1
54,88,2,dn4,37.751751,-122.410654,1
54,88,3,dn9,37.718779,-122.462401,1
54,88,4,dn10;dn11,37.78929,-122.426797,2
54,88,5,dn13;dn14;dn15,37.739611,-122.492203,3
54,89,3,dn9,37.718779,-122.462401,1
54,89,4,dn10;dn11,37.78929,-122.426797,2
54,89,5,dn13;dn14;dn15,37.739611,-122.492203,3
54,90,2,dn5,37.751751,-122.410654,1
54,90,3,dn9,37.718779,-122.462401,1
54,90,4,dn10;dn11,37.78929,-122.426797,2
54,90,5,dn13;dn14;dn15,37.739611,-122.492203,3
54,91,1,dn2,37.774524,-122.473656,1
54,91,3,dn9,37.718779,-122.462401,1
54,91,4,dn10;dn11,37.78929,-122.426797,2
54,91,5,dn13;dn14;dn15,37.739611,-122.492203,3
54,92,1,dn2,37.774524,-122.473656,1
54,92,3,dn9,37.718779,-122.462401,1
54,92,4,dn10;dn11,37.78929,-122.426797,2
54,92,5,dn13;dn14;dn15,37.739611,-122.492203,3
54,93,1,dn2,37.774524,-122.473656,1
54,93,3,dn9,37.718779,-122.462401,1
54,93,4,dn10;dn11,37.78929,-122.426797,2
54,93,5,dn13;dn14;dn15,37.739611,-122.492203,3
54,94,1,dn1;dn2,37.774524,-122.473656,2
54,94,2,dn6,37.751751,-122.410654,1
54,94,3,dn9,37.718779,-122.462401,1
54,94,4,dn10;dn11,37.78929,-122.426797,2
54,94,5,dn13;dn14;dn15,37.739611,-122.492203,3
54,95,1,dn1;dn2,37.774524,-122.473656,2
54,95,2,dn6,37.751751,-122.410654,1
54,95,4,dn10;dn11,37.78929,-122.426797,2
54,95,5,dn13;dn14;dn15,37.739611,-122.492203,3
54,96,1,dn1;dn2,37.774524,-122.473656,2
54,96,2,dn6,37.751751,-122.410654,1
54,96,4,dn10;dn11,37.78929,-122.426797,2
54,96,5,dn13;dn14;dn15,37.739611,-122.492203,3
54,97,1,dn1;dn2,37.774524,-122.473656,2
54,97,2,dn6,37.751751,-122.410654,1
54,97,3,dn8,37.718779,-122.462401,1
54,97,4,dn10;dn11,37.78929,-122.426797,2
54,97,5,dn13;dn14;dn15,37.739611,-122.492203,3
54,98,1,dn2,37.774524,-122.473656,1
54,98,2,dn6,37.751751,-122.410654,1
54,98,3,dn8,37.718779,-122.462401,1
54,98,4,dn10;dn11,37.78929,-122.426797,2
54,98,5,dn13;dn14;dn15,37.739611,-122.492203,3
54,99,1,dn2,37.774524,-122.473656,1
54,99,2,dn6,37.751751,-122.410654,1
54,99,3,dn8,37.718779,-122.462401,1
54,99,4,dn10;dn11;dn12,37.78929,-122.426797,3
54,99,5,dn13;dn14;dn15,37.739611,-122.492203,3
55,0,1,dn1;dn2;dn3,37.774524,-122.473656,3
55,0,2,dn4;dn5;dn6,37.751751,-122.410654,3
55,0,3,dn7;dn8;dn9,37.718779,-122.462401,3
55,0,4,dn10;dn11;dn12,37.78929,-122.426797,3
55,0,5,dn13;dn14;dn15,37.739611,-122.492203,3
55,6,5,dn13,37.739611,-122.492203,1
55,10,3,dn9,37.718779,-122.462401,1
55,11,3,dn8,37.718779,-122.462401,1
55,14,1,dn3,37.774524,-122.473656,1
55,14,5,dn14,37.739611,-122.492203,1
55,16,4,dn12,37.78929,-122.426797,1
55,20,1,dn2,37.774524,-122.473656,1
55,20,3,dn7,37.718779,-122.462401,1
55,20,5,dn13,37.739611,-122.492203,1
55,22,2,dn5,37.751751,-122.410654,1
55,22,4,dn10,37.78929,-122.426797,1
55,24,5,dn14,37.739611,-122.492203,1
55,30,1,dn2;dn3,37.774524,-122.473656,2
55,30,4,dn11,37.78929,-122.426797,1
55,31,4,dn11,37.78929,-122.426797,1
55,32,4,dn11,37.78929,-122.426797,1
55,34,1,dn1,37.774524,-122.473656,1
55,34,5,dn13;dn15,37.739611,-122.492203,2
55,35,5,dn15,37.739611,-122.492203,1
55,36,3,dn7,37.718779,-122.462401,1
55,36,5,dn15,37.739611,-122.492203,1
55,37,5,dn15,37.739611,-122.492203,1
55,38,5,dn15,37.739611,-122.492203,1
55,39,3,dn8,37.718779,-122.462401,1
55,39,5,dn15,37.739611,-122.492203,1
55,40,2,dn6,37.751751,-122.410654,1
55,40,3,dn8;dn9,37.718779,-122.462401,2
55,41,2,dn6,37.751751,-122.410654,1
55,41,3,dn8;dn9,37.718779,-122.462401,2
55,42,2,dn4,37.751751,-122.410654,1
55,42,3,dn8;dn9,37.718779,-122.462401,2
55,43,2,dn4,37.751751,-122.410654,1
55,43,3,dn9,37.718779,-122.462401,1
55,44,1,dn3,37.774524,-122.473656,1
55,44,3,dn9,37.718779,-122.462401,1
55,44,5,dn14,37.739611,-122.492203,1
55,45,5,dn14,37.739611,-122.492203,1
55,46,1,dn1,37.774524,-122.473656,1
55,46,4,dn12,37.78929,-122.426797,1
55,46,5,dn13;dn14,37.739611,-122.492203,2
55,47,4,dn12,37.78929,-122.426797,1
55,47,5,dn13;dn14,37.739611,-122.492203,2
55,48,2,dn5,37.751751,-122.410654,1
55,48,4,dn12,37.78929,-122.426797,1
55,48,5,dn13;dn14,37.739611,-122.492203,2
55,49,4,dn11;dn12,37.78929,-122.426797,2
55,49,5,dn13;dn14,37.739611,-122.492203,2
55,50,3,dn8,37.718779,-122.462401,1
55,50,4,dn12,37.78929,-122.426797,1
55,50,5,dn13;dn14,37.739611,-122.492203,2
55,51,3,dn8,37.718779,-122.462401,1
55,51,4,dn12,37.78929,-122.426797,1
55,51,5,dn14,37.739611,-122.492203,1
55,52,3,dn8,37.718779,-122.462401,1
55,52,4,dn12,37.78929,-122.426797,1
55,52,5,dn14,37.739611,-122.492203,1
55,53,3,dn8,37.718779,-122.462401,1
55,53,4,dn12,37.78929,-122.426797,1
55,53,5,dn14,37.739611,-122.492203,1
55,54,3,dn8;dn9,37.718779,-122.462401,2
55,54,4,dn12,37.78929,-122.426797,1
55,54,5,dn14,37.739611,-122.492203,1
55,55,3,dn8;dn9,37.718779,-122.462401,2
55,55,4,dn12,37.78929,-122.426797,1
55,55,5,dn14,37.739611,-122.492203,1
55,56,3,dn8;dn9,37.718779,-122.462401,2
55,56,4,dn12,37.78929,-122.426797,1
55,56,5,dn14,37.739611,-122.492203,1
55,57,3,dn8;dn9,37.718779,-122.462401,2
55,57,4,dn12,37.78929,-122.426797,1
55,57,5,dn14,37.739611,-122.492203,1
55,58,3,dn8;dn9,37.718779,-122.462401,2
55,58,4,dn12,37.78929,-122.426797,1
55,58,5,dn14,37.739611,-122.492203,1
55,59,3,dn9,37.718779,-122.462401,1
55,59,4,dn12,37.78929,-122.426797,1
55,59,5,dn14;dn15,37.739611,-122.492203,2
55,60,1,dn2,37.774524,-122.473656,1
55,60,3,dn9,37.718779,-122.462401,1
55,60,5,dn14;dn15,37.739611,-122.492203,2
55,61,3,dn9,37.718779,-122.462401,1
55,61,5,dn14;dn15,37.739611,-122.492203,2
55,62,3,dn9,37.718779,-122.462401,1
55,62,4,dn10,37.78929,-122.426797,1
55,62,5,dn14;dn15,37.739611,-122.492203,2
55,63,4,dn10,37.78929,-122.426797,1
55,63,5,dn14;dn15,37.739611,-122.492203,2
55,64,4,dn10,37.78929,-122.426797,1
55,64,5,dn14;dn15,37.739611,-122.492203,2
55,65,4,dn10,37.78929,-122.426797,1
55,65,5,dn14;dn15,37.739611,-122.492203,2
55,66,4,dn10,37.78929,-122.426797,1
55,66,5,dn14;dn15,37.739611,-122.492203,2
55,67,4,dn10,37.78929,-122.426797,1
55,67,5,dn14;dn15,37.739611,-122.492203,2
55,68,3,dn7,37.718779,-122.462401,1
55,68,4,dn10,37.78929,-122.426797,1
55,68,5,dn14;dn15,37.739611,-122.492203,2
55,69,1,dn2,37.774524,-122.473656,1
55,69,3,dn7,37.718779,-122.462401,1
55,69,4,dn10,37.78929,-122.426797,1
55,69,5,dn13;dn14;dn15,37.739611,-122.492203,3
55,70,1,dn2,37.774524,-122.473656,1
55,70,3,dn7,37.718779,-122.462401,1
55,70,4,dn10,37.78929,-122.426797,1
55,70,5,dn13;dn14;dn15,37.739611,-122.492203,3
55,71,3,dn7,37.718779,-122.462401,1
55,71,4,dn10,37.78929,-122.426797,1
55,71,5,dn13;dn14;dn15,37.739611,-122.492203,3
55,72,1,dn1,37.774524,-122.473656,1
55,72,3,dn7,37.718779,-122.462401,1
55,72,5,dn13;dn14;dn15,37.739611,-122.492203,3
55,73,1,dn1,37.774524,-122.473656,1
55,73,3,dn7,37.718779,-122.462401,1
55,73,5,dn13;dn14;dn15,37.739611,-122.492203,3
55,74,1,dn1,37.774524,-122.473656,1
55,74,3,dn7,37.718779,-122.462401,1
55,74,5,dn13;dn14;dn15,37.739611,-122.492203,3
55,75,1,dn1,37.774524,-122.473656,1
55,75,3,dn7,37.718779,-122.462401,1
55,75,5,dn13;dn14;dn15,37.739611,-122.492203,3
55,76,1,dn3,37.774524,-122.473656,1
55,76,3,dn7;dn9,37.718779,-122.462401,2
55,76,5,dn13;dn14;dn15,37.739611,-122.492203,3
55,77,1,dn3,37.774524,-122.473656,1
55,77,3,dn7;dn9,37.718779,-122.462401,2
55,77,5,dn13;dn14;dn15,37.739611,-122.492203,3
55,78,1,dn3,37.774524,-122.473656,1
55,78,3,dn9,37.718779,-122.462401,1
55,78,4,dn12,37.78929,-122.426797,1
55,78,5,dn13;dn14;dn15,37.739611,-122.492203,3
55,79,1,dn3,37.774524,-122.473656,1
55,79,3,dn9,37.718779,-122.462401,1
55,79,4,dn12,37.78929,-122.426797,1
55,79,5,dn13;dn14;dn15,37.739611,-122.492203,3
55,80,1,dn3,37.774524,-122.473656,1
55,80,2,dn5,37.751751,-122.410654,1
55,80,3,dn8;dn9,37.718779,-122.462401,2
55,80,4,dn12,37.78929,-122.426797,1
55,80,5,dn13;dn14;dn15,37.739611,-122.492203,3
55,81,1,dn3,37.774524,-122.473656,1
55,81,3,dn8;dn9,37.718779,-122.462401,2
55,81,4,dn11;dn12,37.78929,-122.426797,2
55,81,5,dn13;dn14;dn15,37.739611,-122.492203,3
55,82,1,dn3,37.774524,-122.473656,1
55,82,3,dn8;dn9,37.718779,-122.462401,2
55,82,4,dn11;dn12,37.78929,-122.426797,2
55,82,5,dn13;dn14;dn15,37.739611,-122.492203,3
55,83,1,dn3,37.774524,-122.473656,1
55,83,2,dn4,37.751751,-122.410654,1
55,83,3,dn8;dn9,37.718779,-122.462401,2
55,83,4,dn11;dn12,37.78929,-122.426797,2
55,83,5,dn13;dn14;dn15,37.739611,-122.492203,3
55,84,1,dn3,37.774524,-122.473656,1
55,84,2,dn4,37.751751,-122.410654,1
55,84,3,dn8;dn9,37.718779,-122.462401,2
55,84,4,dn11;dn12,37.78929,-122.426797,2
55,84,5,dn13;dn14;dn15,37.739611,-122.492203,3
55,85,1,dn3,37.774524,-122.473656,1
55,85,2,dn4,37.751751,-122.410654,1
55,85,3,dn8;dn9,37.718779,-122.462401,2
55,85,4,dn11;dn12,37.78929,-122.426797,2
55,85,5,dn13;dn14;dn15,37.739611,-122.492203,3
55,86,1,dn3,37.774524,-122.473656,1
55,86,2,dn4,37.751751,-122.410654,1
55,86,3,dn8;dn9,37.718779,-122.462401,2
55,86,4,dn11;dn12,37.78929,-122.426797,2
55,86,5,dn13;dn14;dn15,37.739611,-122.492203,3
55,87,1,dn1,37.774524,-122.473656,1
55,87,2,dn4,37.751751,-122.410654,1
55,87,3,dn8;dn9,37.718779,-122.462401,2
55,87,4,dn11;dn12,37.78929,-122.426797,2
55,87,5,dn13;dn14;dn15,37.739611,-122.492203,3
55,88,1,dn1,37.774524,-122.473656,1
55,88,2,dn4,37.751751,-122.410654,1
55,88,3,dn9,37.718779,-122.462401,1
55,88,4,dn11;dn12,37.78929,-122.426797,2
55,88,5,dn13;dn14;dn15,37.739611,-122.492203,3
55,89,2,dn4,37.751751,-122.410654,1
55,89,3,dn7;dn9,37.718779,-122.462401,2
55,89,4,dn11;dn12,37.78929,-122.426797,2
55,89,5,dn13;dn14;dn15,37.739611,-122.492203,3
55,90,1,dn2,37.774524,-122.473656,1
55,90,2,dn4,37.751751,-122.410654,1
55,90,3,dn7;dn9,37.718779,-122.462401,2
55,90,4,dn11;dn12,37.78929,-122.426797,2
55,90,5,dn13;dn14;dn15,37.739611,-122.492203,3
55,91,1,dn2,37.774524,-122.473656,1
55,91,2,dn4,37.751751,-122.410654,1
55,91,3,dn7;dn9,37.718779,-122.462401,2
55,91,4,dn11;dn12,37.78929,-122.426797,2
55,91,5,dn13;dn14;dn15,37.739611,-122.492203,3
55,92,1,dn2,37.774524,-122.473656,1
55,92,2,dn4,37.751751,-122.410654,1
55,92,3,dn7;dn9,37.718779,-122.462401,2
55,92,4,dn11;dn12,37.78929,-122.426797,2
55,92,5,dn13;dn14;dn15,37.739611,-122.492203,3
55,93,2,dn4,37.751751,-122.410654,1
55,93,3,dn7;dn9,37.718779,-122.462401,2
55,93,4,dn11;dn12,37.78929,-122.426797,2
55,93,5,dn13;dn14;dn15,37.739611,-122.492203,3
55,94,2,dn4,37.751751,-122.410654,1
55,94,3,dn7;dn9,37.718779,-122.462401,2
55,94,4,dn11;dn12,37.78929,-122.426797,2
55,94,5,dn13;dn14;dn15,37.739611,-122.492203,3
55,95,2,dn4;dn6,37.751751,-122.410654,2
55,95,3,dn7;dn9,37.718779,-122.462401,2
55,95,4,dn10;dn11;dn12,37.78929,-122.426797,3
55,95,5,dn13;dn14;dn15,37.739611,-122.492203,3
55,96,2,dn6,37.751751,-122.410654,1
55,96,3,dn7;dn9,37.718779,-122.462401,2
55,96,4,dn10;dn11;dn12,37.78929,-122.426797,3
55,96,5,dn13;dn14;dn15,37.739611,-122.492203,3
55,97,2,dn6,37.751751,-122.410654,1
55,97,3,dn7;dn9,37.718779,-122.462401,2
55,97,4,dn10;dn11;dn12,37.78929,-122.426797,3
55,97,5,dn13;dn14;dn15,37.739611,-122.492203,3
55,98,3,dn7;dn9,37.718779,-122.462401,2
55,98,4,dn10;dn11;dn12,37.78929,-122.426797,3
55,98,5,dn13;dn14;dn15,37.739611,-122.492203,3
55,99,3,dn7;dn9,37.718779,-122.462401,2
55,99,4,dn10;dn11;dn12,37.78929,-122.426797,3
55,99,5,dn13;dn14;dn15,37.739611,-122.492203,3
56,0,1,dn1;dn2;dn3,37.774524,-122.473656,3
56,0,2,dn4;dn5;dn6,37.751751,-122.410654,3
56,0,3,dn7;dn8;dn9,37.718779,-122.462401,3
56,0,4,dn10;dn11;dn12,37.78929,-122.426797,3
56,0,5,dn13;dn14;dn15,37.739611,-122.492203,3
56,9,5,dn14,37.739611,-122.492203,1
56,10,3,dn7,37.718779,-122.462401,1
56,10,5,dn13;dn15,37.739611,-122.492203,2
56,11,3,dn8,37.718779,-122.462401,1
56,12,1,dn2,37.774524,-122.473656,1
56,14,2,dn4,37.751751,-122.410654,1
56,14,5,dn15,37.739611,-122.492203,1
56,18,5,dn15,37.739611,-122.492203,1
56,19,5,dn14,37.739611,-122.492203,1
56,22,3,dn9,37.718779,-122.462401,1
56,22,5,dn13,37.739611,-122.492203,1
56,24,1,dn2,37.774524,-122.473656,1
56,26,1,dn1;dn3,37.774524,-122.473656,2
56,26,2,dn6,37.751751,-122.410654,1
56,27,5,dn14,37.739611,-122.492203,1
56,28,3,dn9,37.718779,-122.462401,1
56,29,3,dn9,37.718779,-122.462401,1
56,30,3,dn9,37.718779,-122.462401,1
56,31,3,dn9,37.718779,-122.462401,1
56,32,2,dn5,37.751751,-122.410654,1
56,34,4,dn11,37.78929,-122.426797,1
56,34,5,dn13,37.739611,-122.492203,1
56,35,1,dn3,37.774524,-122.473656,1
56,35,5,dn13,37.739611,-122.492203,1
56,36,1,dn3,37.774524,-122.473656,1
56,36,4,dn10,37.78929,-122.426797,1
56,36,5,dn13,37.739611,-122.492203,1
56,37,1,dn3,37.774524,-122.473656,1
56,37,5,dn13,37.739611,-122.492203,1
56,38,1,dn3,37.774524,-122.473656,1
56,39,1,dn3,37.774524,-122.473656,1
56,39,3,dn8,37.718779,-122.462401,1
56,41,5,dn14,37.739611,-122.492203,1
56,44,1,dn2,37.774524,-122.473656,1
56,46,3,dn7;dn9,37.718779,-122.462401,2
56,46,5,dn15,37.739611,-122.492203,1
56,47,3,dn9,37.718779,-122.462401,1
56,47,5,dn15,37.739611,-122.492203,1
56,48,3,dn9,37.718779,-122.462401,1
56,48,5,dn15,37.739611,-122.492203,1
56,49,3,dn9,37.718779,-122.462401,1
56,50,3,dn9,37.718779,-122.462401,1
56,50,4,dn12,37.78929,-122.426797,1
56,50,5,dn14,37.739611,-122.492203,1
56,51,3,dn9,37.718779,-122.462401,1
56,52,1,dn3,37.774524,-122.473656,1
56,52,2,dn4,37.751751,-122.410654,1
56,52,3,dn9,37.718779,-122.462401,1
56,53,1,dn3,37.774524,-122.473656,1
56,53,2,dn4,37.751751,-122.410654,1
56,54,2,dn4,37.751751,-122.410654,1
56,54,4,dn11,37.78929,-122.426797,1
56,55,2,dn4,37.751751,-122.410654,1
56,55,4,dn11,37.78929,-122.426797,1
56,56,2,dn4,37.751751,-122.410654,1
56,56,4,dn11,37.78929,-122.426797,1
56,57,2,dn4,37.751751,-122.410654,1
56,58,2,dn4;dn5,37.751751,-122.410654,2
56,59,2,dn4;dn5,37.751751,-122.410654,2
56,59,3,dn7,37.718779,-122.462401,1
56,60,2,dn4;dn5,37.751751,-122.410654,2
56,60,5,dn15,37.739611,-122.492203,1
56,61,2,dn5,37.751751,-122.410654,1
56,62,2,dn5,37.751751,-122.410654,1
56,63,2,dn5,37.751751,-122.410654,1
56,63,5,dn13,37.739611,-122.492203,1
56,64,2,dn5,37.751751,-122.410654,1
56,65,2,dn5,37.751751,-122.410654,1
56,65,3,dn8,37.718779,-122.462401,1
56,65,5,dn14,37.739611,-122.492203,1
56,66,2,dn5,37.751751,-122.410654,1
56,66,3,dn8,37.718779,-122.462401,1
56,66,5,dn14,37.739611,-122.492203,1
56,67,2,dn5,37.751751,-122.410654,1
56,67,3,dn8,37.718779,-122.462401,1
56,67,5,dn14,37.739611,-122.492203,1
56,68,2,dn5,37.751751,-122.410654,1
56,68,3,dn8,37.718779,-122.462401,1
56,68,5,dn14,37.739611,-122.492203,1
56,69,2,dn5,37.751751,-122.410654,1
56,69,3,dn7;dn8,37.718779,-122.462401,2
56,69,5,dn14;dn15,37.739611,-122.492203,2
56,70,1,dn1;dn2,37.774524,-122.473656,2
56,70,2,dn5,37.751751,-122.410654,1
56,70,3,dn7;dn8,37.718779,-122.462401,2
56,70,5,dn14;dn15,37.739611,-122.492203,2
56,71,1,dn2,37.774524,-122.473656,1
56,71,2,dn5,37.751751,-122.410654,1
56,71,3,dn7;dn8,37.718779,-122.462401,2
56,71,5,dn14;dn15,37.739611,-122.492203,2
56,72,1,dn2,37.774524,-122.473656,1
56,72,2,dn5,37.751751,-122.410654,1
56,72,3,dn7;dn8,37.718779,-122.462401,2
56,72,5,dn14;dn15,37.739611,-122.492203,2
56,73,1,dn2,37.774524,-122.473656,1
56,73,2,dn5,37.751751,-122.410654,1
56,73,3,dn7;dn8,37.718779,-122.462401,2
56,73,5,dn14;dn15,37.739611,-122.492203,2
56,74,1,dn2,37.774524,-122.473656,1
56,74,2,dn4;dn5,37.751751,-122.410654,2
56,74,3,dn7;dn8,37.718779,-122.462401,2
56,74,4,dn11,37.78929,-122.426797,1
56,74,5,dn14;dn15,37.739611,-122.492203,2
56,75,1,dn2;dn3,37.774524,-122.473656,2
56,75,2,dn5,37.751751,-122.410654,1
56,75,3,dn7;dn8,37.718779,-122.462401,2
56,75,4,dn11,37.78929,-122.426797,1
56,75,5,dn14;dn15,37.739611,-122.492203,2
56,76,1,dn2;dn3,37.774524,-122.473656,2
56,76,2,dn5,37.751751,-122.410654,1
56,76,3,dn7;dn8,37.718779,-122.462401,2
56,76,4,dn10;dn11,37.78929,-122.426797,2
56,76,5,dn14;dn15,37.739611,-122.492203,2
56,77,1,dn3,37.774524,-122.473656,1
56,77,2,dn5,37.751751,-122.410654,1
56,77,3,dn7;dn8,37.718779,-122.462401,2
56,77,4,dn10;dn11,37.78929,-122.426797,2
56,77,5,dn14;dn15,37.739611,-122.492203,2
56,78,1,dn3,37.774524,-122.473656,1
56,78,2,dn5,37.751751,-122.410654,1
56,78,3,dn7;dn8;dn9,37.718779,-122.462401,3
56,78,4,dn10;dn11,37.78929,-122.426797,2
56,78,5,dn14;dn15,37.739611,-122.492203,2
56,79,1,dn3,37.774524,-122.473656,1
56,79,2,dn5,37.751751,-122.410654,1
56,79,3,dn7;dn8;dn9,37.718779,-122.462401,3
56,79,4,dn10;dn11,37.78929,-122.426797,2
56,79,5,dn14;dn15,37.739611,-122.492203,2
56,80,1,dn3,37.774524,-122.473656,1
56,80,2,dn5;dn6,37.751751,-122.410654,2
56,80,3,dn7;dn8;dn9,37.718779,-122.462401,3
56,80,4,dn10;dn11,37.78929,-122.426797,2
56,80,5,dn14;dn15,37.739611,-122.492203,2
56,81,2,dn5;dn6,37.751751,-122.410654,2
56,81,3,dn7;dn8;dn9,37.718779,-122.462401,3
56,81,4,dn10;dn11,37.78929,-122.426797,2
56,81,5,dn14;dn15,37.739611,-122.492203,2
56,82,2,dn5;dn6,37.751751,-122.410654,2
56,82,3,dn7;dn8;dn9,37.718779,-122.462401,3
56,82,4,dn10;dn11,37.78929,-122.426797,2
56,82,5,dn14;dn15,37.739611,-122.492203,2
56,83,2,dn5;dn6,37.751751,-122.410654,2
56,83,3,dn8;dn9,37.718779,-122.462401,2
56,83,4,dn10;dn11,37.78929,-122.426797,2
56,83,5,dn13;dn14;dn15,37.739611,-122.492203,3
56,84,2,dn5;dn6,37.751751,-122.410654,2
56,84,3,dn8;dn9,37.718779,-122.462401,2
56,84,4,dn10;dn11,37.78929,-122.426797,2
56,84,5,dn13;dn14;dn15,37.739611,-122.492203,3
56,85,2,dn5;dn6,37.751751,-122.410654,2
56,85,3,dn9,37.718779,-122.462401,1
56,85,4,dn10;dn11,37.78929,-122.426797,2
56,85,5,dn13;dn14;dn15,37.739611,-122.492203,3
56,86,1,dn1,37.774524,-122.473656,1
56,86,2,dn5;dn6,37.751751,-122.410654,2
56,86,3,dn9,37.718779,-122.462401,1
56,86,4,dn10;dn11,37.78929,-122.426797,2
56,86,5,dn13;dn14;dn15,37.739611,-122.492203,3
56,87,2,dn5;dn6,37.751751,-122.410654,2
56,87,3,dn9,37.718779,-122.462401,1
56,87,4,dn10;dn11,37.78929,-122.426797,2
56,87,5,dn13;dn14;dn15,37.739611,-122.492203,3
56,88,2,dn5;dn6,37.751751,-122.410654,2
56,88,3,dn9,37.718779,-122.462401,1
56,88,4,dn10;dn11,37.78929,-122.426797,2
56,88,5,dn13;dn14;dn15,37.739611,-122.492203,3
56,89,1,dn2,37.774524,-122.473656,1
56,89,2,dn5;dn6,37.751751,-122.410654,2
56,89,3,dn9,37.718779,-122.462401,1
56,89,4,dn10;dn11,37.78929,-122.426797,2
56,89,5,dn13;dn14;dn15,37.739611,-122.492203,3
56,90,2,dn5;dn6,37.751751,-122.410654,2
56,90,3,dn9,37.718779,-122.462401,1
56,90,4,dn10;dn11,37.78929,-122.426797,2
56,90,5,dn13;dn14;dn15,37.739611,-122.492203,3
56,91,2,dn5;dn6,37.751751,-122.410654,2
56,91,3,dn7;dn9,37.718779,-122.462401,2
56,91,4,dn10;dn11,37.78929,-122.426797,2
56,91,5,dn13;dn14;dn15,37.739611,-122.492203,3
56,92,2,dn6,37.751751,-122.410654,1
56,92,3,dn7;dn9,37.718779,-122.462401,2
56,92,4,dn10;dn11;dn12,37.78929,-122.426797,3
56,92,5,dn13;dn14;dn15,37.739611,-122.492203,3
56,93,2,dn6,37.751751,-122.410654,1
56,93,3,dn7;dn9,37.718779,-122.462401,2
56,93,4,dn10;dn11;dn12,37.78929,-122.426797,3
56,93,5,dn13;dn14;dn15,37.739611,-122.492203,3
56,94,2,dn6,37.751751,-122.410654,1
56,94,3,dn7;dn9,37.718779,-122.462401,2
56,94,4,dn11;dn12,37.78929,-122.426797,2
56,94,5,dn13;dn14;dn15,37.739611,-122.492203,3
56,95,2,dn6,37.751751,-122.410654,1
56,95,3,dn7;dn9,37.718779,-122.462401,2
56,95,4,dn11;dn12,37.78929,-122.426797,2
56,95,5,dn13;dn14;dn15,37.739611,-122.492203,3
56,96,2,dn6,37.751751,-122.410654,1
56,96,3,dn8;dn9,37.718779,-122.462401,2
56,96,4,dn11;dn12,37.78929,-122.426797,2
56,96,5,dn13;dn14;dn15,37.739611,-122.492203,3
56,97,2,dn6,37.751751,-122.410654,1
56,97,3,dn8;dn9,37.718779,-122.462401,2
56,97,4,dn11;dn12,37.78929,-122.426797,2
56,97,5,dn13;dn14;dn15,37.739611,-122.492203,3
56,98,1,dn1;dn3,37.774524,-122.473656,2
56,98,3,dn8;dn9,37.718779,-122.462401,2
56,98,4,dn11;dn12,37.78929,-122.426797,2
56,98,5,dn13;dn14;dn15,37.739611,-122.492203,3
56,99,1,dn1;dn3,37.774524,-122.473656,2
56,99,3,dn8;dn9,37.718779,-122.462401,2
56,99,4,dn11;dn12,37.78929,-122.426797,2
56,99,5,dn13;dn14;dn15,37.739611,-122.492203,3
57,0,1,dn1;dn2;dn3,37.774524,-122.473656,3
57,0,2,dn4;dn5;dn6,37.751751,-122.410654,3
57,0,3,dn7;dn8;dn9,37.718779,-122.462401,3
57,0,4,dn10;dn11;dn12,37.78929,-122.426797,3
57,0,5,dn13;dn14;dn15,37.739611,-122.492203,3
57,9,5,dn13,37.739611,-122.492203,1
57,10,1,dn2,37.774524,-122.473656,1
57,10,5,dn14,37.739611,-122.492203,1
57,12,2,dn5,37.751751,-122.410654,1
57,13,5,dn15,37.739611,-122.492203,1
57,15,5,dn13,37.739611,-122.492203,1
57,16,1,dn1,37.774524,-122.473656,1
57,18,2,dn4,37.751751,-122.410654,1
57,18,3,dn7,37.718779,-122.462401,1
57,20,3,dn8,37.718779,-122.462401,1
57,22,4,dn11,37.78929,-122.426797,1
57,23,5,dn15,37.739611,-122.492203,1
57,24,3,dn9,37.718779,-122.462401,1
57,26,2,dn6,37.751751,-122.410654,1
57,27,2,dn6,37.751751,-122.410654,1
57,28,1,dn3,37.774524,-122.473656,1
57,28,2,dn6,37.751751,-122.410654,1
57,28,5,dn14,37.739611,-122.492203,1
57,29,2,dn6,37.751751,-122.410654,1
57,29,5,dn13;dn15,37.739611,-122.492203,2
57,30,2,dn6,37.751751,-122.410654,1
57,31,2,dn6,37.751751,-122.410654,1
57,34,4,dn12,37.78929,-122.426797,1
57,35,5,dn13,37.739611,-122.492203,1
57,36,3,dn7,37.718779,-122.462401,1
57,36,5,dn14,37.739611,-122.492203,1
57,38,1,dn2,37.774524,-122.473656,1
57,39,1,dn2,37.774524,-122.473656,1
57,40,1,dn2,37.774524,-122.473656,1
57,41,1,dn2,37.774524,-122.473656,1
57,42,1,dn2,37.774524,-122.473656,1
57,43,1,dn2,37.774524,-122.473656,1
57,44,1,dn2,37.774524,-122.473656,1
57,44,2,dn5,37.751751,-122.410654,1
57,44,3,dn9,37.718779,-122.462401,1
57,44,4,dn11,37.78929,-122.426797,1
57,45,1,dn2,37.774524,-122.473656,1
57,45,5,dn13,37.739611,-122.492203,1
57,46,1,dn1;dn3,37.774524,-122.473656,2
57,47,1,dn1;dn3,37.774524,-122.473656,2
57,48,1,dn3,37.774524,-122.473656,1
57,49,1,dn3,37.774524,-122.473656,1
57,50,2,dn4,37.751751,-122.410654,1
57,51,5,dn15,37.739611,-122.492203,1
57,52,3,dn8,37.718779,-122.462401,1
57,52,5,dn15,37.739611,-122.492203,1
57,53,3,dn8,37.718779,-122.462401,1
57,53,5,dn15,37.739611,-122.492203,1
57,54,3,dn8,37.718779,-122.462401,1
57,54,4,dn10,37.78929,-122.426797,1
57,54,5,dn15,37.739611,-122.492203,1
57,55,3,dn8,37.718779,-122.462401,1
57,55,5,dn15,37.739611,-122.492203,1
57,56,3,dn8,37.718779,-122.462401,1
57,57,3,dn8,37.718779,-122.462401,1
57,58,3,dn8;dn9,37.718779,-122.462401,2
57,59,3,dn8;dn9,37.718779,-122.462401,2
57,60,3,dn8;dn9,37.718779,-122.462401,2
57,61,3,dn8;dn9,37.718779,-122.462401,2
57,62,1,dn3,37.774524,-122.473656,1
57,62,3,dn8;dn9,37.718779,-122.462401,2
57,62,4,dn12,37.78929,-122.426797,1
57,62,5,dn14,37.739611,-122.492203,1
57,63,1,dn2,37.774524,-122.473656,1
57,63,3,dn8;dn9,37.718779,-122.462401,2
57,63,5,dn13;dn14,37.739611,-122.492203,2
57,64,3,dn9,37.718779,-122.462401,1
57,64,5,dn13;dn14,37.739611,-122.492203,2
57,65,5,dn13;dn14,37.739611,-122.492203,2
57,66,5,dn13;dn14,37.739611,-122.492203,2
57,67,5,dn13;dn14,37.739611,-122.492203,2
57,68,3,dn7,37.718779,-122.462401,1
57,68,5,dn14,37.739611,-122.492203,1
57,69,5,dn14,37.739611,-122.492203,1
57,70,5,dn14,37.739611,-122.492203,1
57,71,1,dn1,37.774524,-122.473656,1
57,71,5,dn14,37.739611,-122.492203,1
57,72,5,dn14,37.739611,-122.492203,1
57,73,5,dn14;dn15,37.739611,-122.492203,2
57,74,5,dn14;dn15,37.739611,-122.492203,2
57,75,5,dn14;dn15,37.739611,-122.492203,2
57,76,3,dn9,37.718779,-122.462401,1
57,76,5,dn14;dn15,37.739611,-122.492203,2
57,77,1,dn3,37.774524,-122.473656,1
57,77,3,dn9,37.718779,-122.462401,1
57,77,5,dn14;dn15,37.739611,-122.492203,2
57,78,2,dn5,37.751751,-122.410654,1
57,78,5,dn14;dn15,37.739611,-122.492203,2
57,79,5,dn14;dn15,37.739611,-122.492203,2
57,80,5,dn14;dn15,37.739611,-122.492203,2
57,81,5,dn14;dn15,37.739611,-122.492203,2
57,82,5,dn15,37.739611,-122.492203,1
57,83,5,dn15,37.739611,-122.492203,1
57,87,2,dn6,37.751751,-122.410654,1
57,87,5,dn13,37.739611,-122.492203,1
57,88,5,dn13,37.739611,-122.492203,1
57,89,5,dn13,37.739611,-122.492203,1
57,90,5,dn13,37.739611,-122.492203,1
57,91,5,dn13,37.739611,-122.492203,1
57,92,4,dn10;dn11,37.78929,-122.426797,2
57,92,5,dn13,37.739611,-122.492203,1
57,93,1,dn2,37.774524,-122.473656,1
57,93,3,dn9,37.718779,-122.462401,1
57,93,4,dn10;dn11,37.78929,-122.426797,2
57,94,1,dn2,37.774524,-122.473656,1
57,94,2,dn4,37.751751,-122.410654,1
57,94,3,dn9,37.718779,-122.462401,1
57,94,4,dn10;dn11,37.78929,-122.426797,2
57,95,1,dn2,37.774524,-122.473656,1
57,95,2,dn4,37.751751,-122.410654,1
57,95,3,dn9,37.718779,-122.462401,1
57,95,4,dn10;dn11,37.78929,-122.426797,2
57,96,1,dn2,37.774524,-122.473656,1
57,96,2,dn4,37.751751,-122.410654,1
57,96,3,dn9,37.718779,-122.462401,1
57,96,4,dn10;dn11;dn12,37.78929,-122.426797,3
57,97,1,dn2,37.774524,-122.473656,1
57,97,3,dn9,37.718779,-122.462401,1
57,97,4,dn10;dn11;dn12,37.78929,-122.426797,3
57,97,5,dn15,37.739611,-122.492203,1
57,98,1,dn2,37.774524,-122.473656,1
57,98,3,dn9,37.718779,-122.462401,1
57,98,4,dn10;dn11;dn12,37.78929,-122.426797,3
57,98,5,dn15,37.739611,-122.492203,1
57,99,1,dn2;dn3,37.774524,-122.473656,2
57,99,3,dn9,37.718779,-122.462401,1
57,99,4,dn10;dn11;dn12,37.78929,-122.426797,3
57,99,5,dn15,37.739611,-122.492203,1
58,0,1,dn1;dn2;dn3,37.774524,-122.473656,3
58,0,2,dn4;dn5;dn6,37.751751,-122.410654,3
58,0,3,dn7;dn8;dn9,37.718779,-122.462401,3
58,0,4,dn10;dn11;dn12,37.78929,-122.426797,3
58,0,5,dn13;dn14;dn15,37.739611,-122.492203,3
58,8,3,dn8,37.718779,-122.462401,1
58,9,5,dn13,37.739611,-122.492203,1
58,10,1,dn2,37.774524,-122.473656,1
58,10,5,dn15,37.739611,-122.492203,1
58,11,3,dn7,37.718779,-122.462401,1
58,13,5,dn14,37.739611,-122.492203,1
58,14,1,dn3,37.774524,-122.473656,1
58,15,5,dn13,37.739611,-122.492203,1
58,18,1,dn1,37.774524,-122.473656,1
58,18,2,dn4;dn5,37.751751,-122.410654,2
58,20,5,dn15,37.739611,-122.492203,1
58,26,3,dn8,37.718779,-122.462401,1
58,26,5,dn13,37.739611,-122.492203,1
58,27,3,dn7,37.718779,-122.462401,1
58,27,5,dn14,37.739611,-122.492203,1
58,28,5,dn14,37.739611,-122.492203,1
58,29,5,dn14,37.739611,-122.492203,1
58,30,1,dn2,37.774524,-122.473656,1
58,30,5,dn14;dn15,37.739611,-122.492203,2
58,31,5,dn14;dn15,37.739611,-122.492203,2
58,32,3,dn9,37.718779,-122.462401,1
58,32,5,dn14;dn15,37.739611,-122.492203,2
58,33,5,dn14;dn15,37.739611,-122.492203,2
58,34,5,dn15,37.739611,-122.492203,1
58,36,1,dn1,37.774524,-122.473656,1
58,39,5,dn13,37.739611,-122.492203,1
58,40,2,dn5;dn6,37.751751,-122.410654,2
58,40,5,dn13,37.739611,-122.492203,1
58,41,2,dn6,37.751751,-122.410654,1
58,41,5,dn13,37.739611,-122.492203,1
58,42,2,dn6,37.751751,-122.410654,1
58,44,2,dn4,37.751751,-122.410654,1
58,44,4,dn12,37.78929,-122.426797,1
58,45,2,dn4,37.751751,-122.410654,1
58,45,3,dn7,37.718779,-122.462401,1
58,45,4,dn12,37.78929,-122.426797,1
58,46,2,dn4,37.751751,-122.410654,1
58,46,3,dn7;dn8,37.718779,-122.462401,2
58,47,2,dn4,37.751751,-122.410654,1
58,47,3,dn8,37.718779,-122.462401,1
58,48,1,dn1,37.774524,-122.473656,1
58,48,3,dn8,37.718779,-122.462401,1
58,48,5,dn15,37.739611,-122.492203,1
58,49,1,dn1,37.774524,-122.473656,1
58,49,3,dn8,37.718779,-122.462401,1
58,49,5,dn15,37.739611,-122.492203,1
58,50,1,dn1,37.774524,-122.473656,1
58,50,3,dn8,37.718779,-122.462401,1
58,50,5,dn15,37.739611,-122.492203,1
58,51,3,dn8,37.718779,-122.462401,1
58,51,5,dn15,37.739611,-122.492203,1
58,52,1,dn3,37.774524,-122.473656,1
58,52,3,dn8,37.718779,-122.462401,1
58,52,4,dn10;dn11,37.78929,-122.426797,2
58,52,5,dn15,37.739611,-122.492203,1
58,53,3,dn8,37.718779,-122.462401,1
58,53,4,dn10;dn11,37.78929,-122.426797,2
58,53,5,dn15,37.739611,-122.492203,1
58,54,3,dn8,37.718779,-122.462401,1
58,54,4,dn11,37.78929,-122.426797,1
58,54,5,dn15,37.739611,-122.492203,1
58,55,3,dn8,37.718779,-122.462401,1
58,55,4,dn11,37.78929,-122.426797,1
58,55,5,dn15,37.739611,-122.492203,1
58,56,3,dn8,37.718779,-122.462401,1
58,56,4,dn11,37.78929,-122.426797,1
58,56,5,dn15,37.739611,-122.492203,1
58,57,1,dn1,37.774524,-122.473656,1
58,57,3,dn8,37.718779,-122.462401,1
58,57,4,dn11;dn12,37.78929,-122.426797,2
58,57,5,dn15,37.739611,-122.492203,1
58,58,1,dn2,37.774524,-122.473656,1
58,58,2,dn6,37.751751,-122.410654,1
58,58,3,dn8,37.718779,-122.462401,1
58,58,4,dn11;dn12,37.78929,-122.426797,2
58,59,1,dn2,37.774524,-122.473656,1
58,59,2,dn6,37.751751,-122.410654,1
58,59,3,dn8,37.718779,-122.462401,1
58,59,4,dn11;dn12,37.78929,-122.426797,2
58,60,1,dn2,37.774524,-122.473656,1
58,60,2,dn5;dn6,37.751751,-122.410654,2
58,60,3,dn8,37.718779,-122.462401,1
58,60,4,dn11;dn12,37.78929,-122.426797,2
58,60,5,dn13,37.739611,-122.492203,1
58,61,1,dn2,37.774524,-122.473656,1
58,61,2,dn5;dn6,37.751751,-122.410654,2
58,61,3,dn8,37.718779,-122.462401,1
58,61,4,dn11;dn12,37.78929,-122.426797,2
58,61,5,dn13,37.739611,-122.492203,1
58,62,2,dn5;dn6,37.751751,-122.410654,2
58,62,3,dn8,37.718779,-122.462401,1
58,62,4,dn11;dn12,37.78929,-122.426797,2
58,62,5,dn13,37.739611,-122.492203,1
58,63,2,dn5;dn6,37.751751,-122.410654,2
58,63,4,dn11;dn12,37.78929,-122.426797,2
58,63,5,dn13;dn14,37.739611,-122.492203,2
58,64,2,dn5;dn6,37.751751,-122.410654,2
58,64,4,dn11;dn12,37.78929,-122.426797,2
58,64,5,dn13;dn14;dn15,37.739611,-122.492203,3
58,65,2,dn5;dn6,37.751751,-122.410654,2
58,65,4,dn11;dn12,37.78929,-122.426797,2
58,65,5,dn13;dn14;dn15,37.739611,-122.492203,3
58,66,2,dn5;dn6,37.751751,-122.410654,2
58,66,4,dn11;dn12,37.78929,-122.426797,2
58,66,5,dn13;dn14;dn15,37.739611,-122.492203,3
58,67,1,dn3,37.774524,-122.473656,1
58,67,2,dn5;dn6,37.751751,-122.410654,2
58,67,4,dn11;dn12,37.78929,-122.426797,2
58,67,5,dn13;dn14;dn15,37.739611,-122.492203,3
58,68,2,dn5;dn6,37.751751,-122.410654,2
58,68,4,dn11;dn12,37.78929,-122.426797,2
58,68,5,dn13;dn14;dn15,37.739611,-122.492203,3
58,69,2,dn5;dn6,37.751751,-122.410654,2
58,69,4,dn11;dn12,37.78929,-122.426797,2
58,69,5,dn13;dn14;dn15,37.739611,-122.492203,3
58,70,2,dn6,37.751751,-122.410654,1
58,70,4,dn11;dn12,37.78929,-122.426797,2
58,70,5,dn13;dn14;dn15,37.739611,-122.492203,3
58,71,4,dn11;dn12,37.78929,-122.426797,2
58,71,5,dn13;dn14;dn15,37.739611,-122.492203,3
58,72,3,dn9,37.718779,-122.462401,1
58,72,4,dn11;dn12,37.78929,-122.426797,2
58,72,5,dn13;dn14;dn15,37.739611,-122.492203,3
58,73,4,dn11;dn12,37.78929,-122.426797,2
58,73,5,dn13;dn14;dn15,37.739611,-122.492203,3
58,74,4,dn11;dn12,37.78929,-122.426797,2
58,74,5,dn13;dn14;dn15,37.739611,-122.492203,3
58,75,4,dn11;dn12,37.78929,-122.426797,2
58,75,5,dn14;dn15,37.739611,-122.492203,2
58,76,4,dn11;dn12,37.78929,-122.426797,2
58,76,5,dn14;dn15,37.739611,-122.492203,2
58,77,4,dn12,37.78929,-122.426797,1
58,77,5,dn14;dn15,37.739611,-122.492203,2
58,78,4,dn12,37.78929,-122.426797,1
58,78,5,dn14;dn15,37.739611,-122.492203,2
58,79,4,dn12,37.78929,-122.426797,1
58,79,5,dn14;dn15,37.739611,-122.492203,2
58,80,4,dn12,37.78929,-122.426797,1
58,80,5,dn14;dn15,37.739611,-122.492203,2
58,81,2,dn4,37.751751,-122.410654,1
58,81,4,dn12,37.78929,-122.426797,1
58,81,5,dn14;dn15,37.739611,-122.492203,2
58,82,2,dn4,37.751751,-122.410654,1
58,82,4,dn12,37.78929,-122.426797,1
58,82,5,dn14;dn15,37.739611,-122.492203,2
58,83,2,dn4,37.751751,-122.410654,1
58,83,4,dn12,37.78929,-122.426797,1
58,83,5,dn14;dn15,37.739611,-122.492203,2
58,84,2,dn4,37.751751,-122.410654,1
58,84,4,dn12,37.78929,-122.426797,1
58,84,5,dn14;dn15,37.739611,-122.492203,2
58,85,1,dn3,37.774524,-122.473656,1
58,85,2,dn4,37.751751,-122.410654,1
58,85,4,dn12,37.78929,-122.426797,1
58,85,5,dn13;dn15,37.739611,-122.492203,2
58,86,2,dn4,37.751751,-122.410654,1
58,86,4,dn12,37.78929,-122.426797,1
58,86,5,dn13;dn15,37.739611,-122.492203,2
58,87,2,dn4,37.751751,-122.410654,1
58,87,4,dn12,37.78929,-122.426797,1
58,87,5,dn15,37.739611,-122.492203,1
58,88,2,dn4;dn6,37.751751,-122.410654,2
58,88,4,dn12,37.78929,-122.426797,1
58,88,5,dn15,37.739611,-122.492203,1
58,89,2,dn4;dn6,37.751751,-122.410654,2
58,89,4,dn10;dn12,37.78929,-122.426797,2
58,90,2,dn4;dn6,37.751751,-122.410654,2
58,90,4,dn10;dn12,37.78929,-122.426797,2
58,91,1,dn2,37.774524,-122.473656,1
58,91,2,dn4;dn6,37.751751,-122.410654,2
58,91,4,dn10;dn12,37.78929,-122.426797,2
58,92,2,dn4;dn6,37.751751,-122.410654,2
58,92,3,dn8,37.718779,-122.462401,1
58,92,4,dn10;dn12,37.78929,-122.426797,2
58,93,2,dn6,37.751751,-122.410654,1
58,93,4,dn10;dn12,37.78929,-122.426797,2
58,94,2,dn6,37.751751,-122.410654,1
58,94,4,dn10;dn12,37.78929,-122.426797,2
58,95,2,dn5;dn6,37.751751,-122.410654,2
58,95,4,dn10;dn12,37.78929,-122.426797,2
58,95,5,dn14,37.739611,-122.492203,1
58,96,2,dn5;dn6,37.751751,-122.410654,2
58,96,4,dn10;dn12,37.78929,-122.426797,2
58,97,2,dn5;dn6,37.751751,-122.410654,2
58,97,4,dn10;dn12,37.78929,-122.426797,2
58,97,5,dn13,37.739611,-122.492203,1
58,98,2,dn5;dn6,37.751751,-122.410654,2
58,98,4,dn10;dn12,37.78929,-122.426797,2
58,98,5,dn13,37.739611,-122.492203,1
58,99,1,dn1,37.774524,-122.473656,1
58,99,2,dn6,37.751751,-122.410654,1
58,99,4,dn10;dn12,37.78929,-122.426797,2
58,99,5,dn13,37.739611,-122.492203,1
59,0,1,dn1;dn2;dn3,37.774524,-122.473656,3
59,0,2,dn4;dn5;dn6,37.751751,-122.410654,3
59,0,3,dn7;dn8;dn9,37.718779,-122.462401,3
59,0,4,dn10;dn11;dn12,37.78929,-122.426797,3
59,0,5,dn13;dn14;dn15,37.739611,-122.492203,3
59,10,1,dn3,37.774524,-122.473656,1
59,10,3,dn7,37.718779,-122.462401,1
59,11,3,dn9,37.718779,-122.462401,1
59,13,5,dn13,37.739611,-122.492203,1
59,15,5,dn14,37.739611,-122.492203,1
59,22,4,dn11,37.78929,-122.426797,1
59,23,5,dn13,37.739611,-122.492203,1
59,24,1,dn2,37.774524,-122.473656,1
59,26,1,dn3,37.774524,-122.473656,1
59,26,5,dn15,37.739611,-122.492203,1
59,27,1,dn3,37.774524,-122.473656,1
59,27,5,dn15,37.739611,-122.492203,1
59,28,1,dn3,37.774524,-122.473656,1
59,28,2,dn6,37.751751,-122.410654,1
59,28,5,dn15,37.739611,-122.492203,1
59,29,1,dn3,37.774524,-122.473656,1
59,29,5,dn15,37.739611,-122.492203,1
59,30,1,dn1;dn3,37.774524,-122.473656,2
59,30,2,dn4,37.751751,-122.410654,1
59,30,5,dn15,37.739611,-122.492203,1
59,31,1,dn1;dn3,37.774524,-122.473656,2
59,31,3,dn9,37.718779,-122.462401,1
59,31,5,dn14;dn15,37.739611,-122.492203,2
59,32,1,dn1;dn3,37.774524,-122.473656,2
59,32,4,dn10,37.78929,-122.426797,1
59,32,5,dn13;dn14;dn15,37.739611,-122.492203,3
59,33,1,dn3,37.774524,-122.473656,1
59,33,4,dn10,37.78929,-122.426797,1
59,33,5,dn13;dn14;dn15,37.739611,-122.492203,3
59,34,3,dn7,37.718779,-122.462401,1
59,34,4,dn10,37.78929,-122.426797,1
59,34,5,dn13;dn14;dn15,37.739611,-122.492203,3
59,35,3,dn7,37.718779,-122.462401,1
59,35,4,dn10,37.78929,-122.426797,1
59,35,5,dn13;dn14;dn15,37.739611,-122.492203,3
59,36,3,dn7,37.718779,-122.462401,1
59,36,4,dn10;dn11,37.78929,-122.426797,2
59,36,5,dn14;dn15,37.739611,-122.492203,2
59,37,4,dn10;dn11,37.78929,-122.426797,2
59,37,5,dn14;dn15,37.739611,-122.492203,2
59,38,3,dn8,37.718779,-122.462401,1
59,38,4,dn11,37.78929,-122.426797,1
59,38,5,dn14;dn15,37.739611,-122.492203,2
59,39,4,dn11,37.78929,-122.426797,1
59,39,5,dn14;dn15,37.739611,-122.492203,2
59,40,2,dn5,37.751751,-122.410654,1
59,40,4,dn11,37.78929,-122.426797,1
59,40,5,dn14;dn15,37.739611,-122.492203,2
59,41,1,dn2,37.774524,-122.473656,1
59,41,4,dn11,37.78929,-122.426797,1
59,41,5,dn14;dn15,37.739611,-122.492203,2
59,42,1,dn1;dn2,37.774524,-122.473656,2
59,42,4,dn11,37.78929,-122.426797,1
59,42,5,dn14;dn15,37.739611,-122.492203,2
59,43,1,dn2,37.774524,-122.473656,1
59,43,4,dn11,37.78929,-122.426797,1
59,43,5,dn14;dn15,37.739611,-122.492203,2
59,44,1,dn2,37.774524,-122.473656,1
59,44,2,dn6,37.751751,-122.410654,1
59,44,5,dn14;dn15,37.739611,-122.492203,2
59,45,1,dn2,37.774524,-122.473656,1
59,45,3,dn7,37.718779,-122.462401,1
59,45,5,dn14;dn15,37.739611,-122.492203,2
59,46,1,dn2,37.774524,-122.473656,1
59,46,5,dn14;dn15,37.739611,-122.492203,2
59,47,1,dn3,37.774524,-122.473656,1
59,47,5,dn14;dn15,37.739611,-122.492203,2
59,48,1,dn3,37.774524,-122.473656,1
59,48,5,dn13;dn14;dn15,37.739611,-122.492203,3
59,49,1,dn3,37.774524,-122.473656,1
59,49,5,dn13;dn14;dn15,37.739611,-122.492203,3
59,50,1,dn3,37.774524,-122.473656,1
59,50,5,dn13;dn14;dn15,37.739611,-122.492203,3
59,51,1,dn3,37.774524,-122.473656,1
59,51,5,dn13;dn14;dn15,37.739611,-122.492203,3
59,52,4,dn12,37.78929,-122.426797,1
59,52,5,dn13;dn14;dn15,37.739611,-122.492203,3
59,53,5,dn13;dn14;dn15,37.739611,-122.492203,3
59,54,5,dn14;dn15,37.739611,-122.492203,2
59,55,5,dn15,37.739611,-122.492203,1
59,56,5,dn15,37.739611,-122.492203,1
59,57,3,dn9,37.718779,-122.462401,1
59,57,5,dn15,37.739611,-122.492203,1
59,58,1,dn1,37.774524,-122.473656,1
59,58,3,dn8;dn9,37.718779,-122.462401,2
59,58,5,dn15,37.739611,-122.492203,1
59,59,3,dn8;dn9,37.718779,-122.462401,2
59,59,5,dn15,37.739611,-122.492203,1
59,60,3,dn8;dn9,37.718779,-122.462401,2
59,60,5,dn15,37.739611,-122.492203,1
59,61,3,dn8;dn9,37.718779,-122.462401,2
59,61,5,dn15,37.739611,-122.492203,1
59,62,1,dn2,37.774524,-122.473656,1
59,62,3,dn8;dn9,37.718779,-122.462401,2
59,62,5,dn15,37.739611,-122.492203,1
59,63,3,dn9,37.718779,-122.462401,1
59,63,5,dn15,37.739611,-122.492203,1
59,64,3,dn9,37.718779,-122.462401,1
59,64,5,dn15,37.739611,-122.492203,1
59,65,3,dn9,37.718779,-122.462401,1
59,65,5,dn15,37.739611,-122.492203,1
59,66,3,dn9,37.718779,-122.462401,1
59,66,5,dn15,37.739611,-122.492203,1
59,67,3,dn9,37.718779,-122.462401,1
59,67,5,dn14;dn15,37.739611,-122.492203,2
59,68,3,dn9,37.718779,-122.462401,1
59,68,5,dn14;dn15,37.739611,-122.492203,2
59,69,3,dn9,37.718779,-122.462401,1
59,69,5,dn14;dn15,37.739611,-122.492203,2
59,70,3,dn9,37.718779,-122.462401,1
59,70,5,dn15,37.739611,-122.492203,1
59,71,3,dn9,37.718779,-122.462401,1
59,71,5,dn15,37.739611,-122.492203,1
59,72,1,dn1,37.774524,-122.473656,1
59,72,2,dn5,37.751751,-122.410654,1
59,72,5,dn15,37.739611,-122.492203,1
59,73,3,dn7,37.718779,-122.462401,1
59,73,5,dn15,37.739611,-122.492203,1
59,74,2,dn6,37.751751,-122.410654,1
59,74,3,dn7;dn8,37.718779,-122.462401,2
59,74,5,dn15,37.739611,-122.492203,1
59,75,1,dn3,37.774524,-122.473656,1
59,75,3,dn7;dn8,37.718779,-122.462401,2
59,75,5,dn13;dn15,37.739611,-122.492203,2
59,76,3,dn7;dn8,37.718779,-122.462401,2
59,76,5,dn13;dn15,37.739611,-122.492203,2
59,77,3,dn7;dn8,37.718779,-122.462401,2
59,77,5,dn13;dn15,37.739611,-122.492203,2
59,78,3,dn7;dn8,37.718779,-122.462401,2
59,78,5,dn13;dn15,37.739611,-122.492203,2
59,79,3,dn7;dn8,37.718779,-122.462401,2
59,79,5,dn13;dn15,37.739611,-122.492203,2
59,80,3,dn7;dn8,37.718779,-122.462401,2
59,80,5,dn15,37.739611,-122.492203,1
59,81,3,dn7;dn8,37.718779,-122.462401,2
59,82,2,dn4,37.751751,-122.410654,1
59,82,3,dn7;dn8,37.718779,-122.462401,2
59,82,4,dn12,37.78929,-122.426797,1
59,83,3,dn7;dn8,37.718779,-122.462401,2
59,84,3,dn8,37.718779,-122.462401,1
59,85,4,dn10,37.78929,-122.426797,1
59,87,3,dn9,37.718779,-122.462401,1
59,88,1,dn2,37.774524,-122.473656,1
59,89,1,dn2,37.774524,-122.473656,1
59,89,5,dn14,37.739611,-122.492203,1
59,90,1,dn2,37.774524,-122.473656,1
59,90,5,dn14,37.739611,-122.492203,1
59,91,1,dn2,37.774524,-122.473656,1
59,91,4,dn11,37.78929,-122.426797,1
59,91,5,dn14,37.739611,-122.492203,1
59,92,1,dn2,37.774524,-122.473656,1
59,92,5,dn14,37.739611,-122.492203,1
59,93,1,dn2,37.774524,-122.473656,1
59,93,5,dn14,37.739611,-122.492203,1
59,94,1,dn2,37.774524,-122.473656,1
59,94,2,dn5,37.751751,-122.410654,1
59,94,5,dn14,37.739611,-122.492203,1
59,95,1,dn2,37.774524,-122.473656,1
59,95,2,dn5,37.751751,-122.410654,1
59,95,3,dn9,37.718779,-122.462401,1
59,95,5,dn13;dn14;dn15,37.739611,-122.492203,3
59,96,1,dn2,37.774524,-122.473656,1
59,96,2,dn5,37.751751,-122.410654,1
59,96,3,dn9,37.718779,-122.462401,1
59,96,5,dn13;dn14;dn15,37.739611,-122.492203,3
59,97,1,dn2,37.774524,-122.473656,1
59,97,2,dn5,37.751751,-122.410654,1
59,97,5,dn13;dn14;dn15,37.739611,-122.492203,3
59,98,1,dn2,37.774524,-122.473656,1
59,98,2,dn5,37.751751,-122.410654,1
59,98,5,dn13;dn14;dn15,37.739611,-122.492203,3
59,99,1,dn2,37.774524,-122.473656,1
59,99,2,dn5,37.751751,-122.410654,1
59,99,3,dn7,37.718779,-122.462401,1
59,99,5,dn13;dn14;dn15,37.739611,-122.492203,3
60,0,1,dn1;dn2;dn3,37.774524,-122.473656,3
60,0,2,dn4;dn5;dn6,37.751751,-122.410654,3
60,0,3,dn7;dn8;dn9,37.718779,-122.462401,3
60,0,4,dn10;dn11;dn12,37.78929,-122.426797,3
60,0,5,dn13;dn14;dn15,37.739611,-122.492203,3
60,12,2,dn6,37.751751,-122.410654,1
60,12,5,dn13,37.739611,-122.492203,1
60,13,3,dn8,37.718779,-122.462401,1
60,13,5,dn14,37.739611,-122.492203,1
60,14,1,dn2,37.774524,-122.473656,1
60,14,2,dn4,37.751751,-122.410654,1
60,18,3,dn9,37.718779,-122.462401,1
60,18,5,dn15,37.739611,-122.492203,1
60,19,5,dn15,37.739611,-122.492203,1
60,20,5,dn13;dn15,37.739611,-122.492203,2
60,21,3,dn8,37.718779,-122.462401,1
60,21,5,dn13;dn15,37.739611,-122.492203,2
60,22,1,dn1;dn3,37.774524,-122.473656,2
60,22,2,dn5,37.751751,-122.410654,1
60,22,3,dn8,37.718779,-122.462401,1
60,22,4,dn12,37.78929,-122.426797,1
60,22,5,dn13;dn15,37.739611,-122.492203,2
60,23,1,dn3,37.774524,-122.473656,1
60,23,3,dn8,37.718779,-122.462401,1
60,23,4,dn12,37.78929,-122.426797,1
60,23,5,dn13;dn15,37.739611,-122.492203,2
60,24,1,dn3,37.774524,-122.473656,1
60,24,3,dn8,37.718779,-122.462401,1
60,24,4,dn11;dn12,37.78929,-122.426797,2
60,24,5,dn13;dn15,37.739611,-122.492203,2
60,25,1,dn3,37.774524,-122.473656,1
60,25,4,dn11;dn12,37.78929,-122.426797,2
60,25,5,dn13;dn15,37.739611,-122.492203,2
60,26,1,dn3,37.774524,-122.473656,1
60,26,3,dn7,37.718779,-122.462401,1
60,26,4,dn11;dn12,37.78929,-122.426797,2
60,26,5,dn13;dn15,37.739611,-122.492203,2
60,27,1,dn3,37.774524,-122.473656,1
60,27,3,dn7,37.718779,-122.462401,1
60,27,4,dn11;dn12,37.78929,-122.426797,2
60,27,5,dn13;dn14;dn15,37.739611,-122.492203,3
60,28,1,dn2,37.774524,-122.473656,1
60,28,2,dn6,37.751751,-122.410654,1
60,28,3,dn7,37.718779,-122.462401,1
60,28,4,dn11;dn12,37.78929,-122.426797,2
60,28,5,dn13;dn14;dn15,37.739611,-122.492203,3
60,29,1,dn2,37.774524,-122.473656,1
60,29,2,dn6,37.751751,-122.410654,1
60,29,3,dn7,37.718779,-122.462401,1
60,29,4,dn11;dn12,37.78929,-122.426797,2
60,29,5,dn13;dn14;dn15,37.739611,-122.492203,3
60,30,1,dn2,37.774524,-122.473656,1
60,30,2,dn6,37.751751,-122.410654,1
60,30,3,dn7,37.718779,-122.462401,1
60,30,4,dn11;dn12,37.78929,-122.426797,2
60,30,5,dn13;dn14;dn15,37.739611,-122.492203,3
60,31,1,dn2,37.774524,-122.473656,1
60,31,2,dn6,37.751751,-122.410654,1
60,31,3,dn7,37.718779,-122.462401,1
60,31,4,dn11;dn12,37.78929,-122.426797,2
60,31,5,dn13;dn14;dn15,37.739611,-122.492203,3
60,32,2,dn6,37.751751,-122.410654,1
60,32,3,dn7,37.718779,-122.462401,1
60,32,4,dn11;dn12,37.78929,-122.426797,2
60,32,5,dn13;dn14;dn15,37.739611,-122.492203,3
60,33,2,dn6,37.751751,-122.410654,1
60,33,3,dn7,37.718779,-122.462401,1
60,33,4,dn11;dn12,37.78929,-122.426797,2
60,33,5,dn13;dn14;dn15,37.739611,-122.492203,3
60,34,2,dn6,37.751751,-122.410654,1
60,34,3,dn7,37.718779,-122.462401,1
60,34,4,dn11;dn12,37.78929,-122.426797,2
60,34,5,dn13;dn14;dn15,37.739611,-122.492203,3
60,35,2,dn6,37.751751,-122.410654,1
60,35,3,dn7,37.718779,-122.462401,1
60,35,4,dn11;dn12,37.78929,-122.426797,2
60,35,5,dn13;dn14;dn15,37.739611,-122.492203,3
60,36,2,dn6,37.751751,-122.410654,1
60,36,3,dn7;dn9,37.718779,-122.462401,2
60,36,4,dn12,37.78929,-122.426797,1
60,36,5,dn13;dn14;dn15,37.739611,-122.492203,3
60,37,2,dn6,37.751751,-122.410654,1
60,37,3,dn7;dn9,37.718779,-122.462401,2
60,37,4,dn12,37.78929,-122.426797,1
60,37,5,dn13;dn14;dn15,37.739611,-122.492203,3
60,38,2,dn6,37.751751,-122.410654,1
60,38,3,dn7;dn9,37.718779,-122.462401,2
60,38,4,dn12,37.78929,-122.426797,1
60,38,5,dn13;dn14;dn15,37.739611,-122.492203,3
60,39,2,dn6,37.751751,-122.410654,1
60,39,3,dn7;dn9,37.718779,-122.462401,2
60,39,4,dn12,37.78929,-122.426797,1
60,39,5,dn13;dn14;dn15,37.739611,-122.492203,3
60,40,2,dn6,37.751751,-122.410654,1
60,40,3,dn7;dn9,37.718779,-122.462401,2
60,40,4,dn12,37.78929,-122.426797,1
60,40,5,dn13;dn14;dn15,37.739611,-122.492203,3
60,41,3,dn7;dn9,37.718779,-122.462401,2
60,41,4,dn12,37.78929,-122.426797,1
60,41,5,dn13;dn14;dn15,37.739611,-122.492203,3
60,42,3,dn7;dn9,37.718779,-122.462401,2
60,42,5,dn13;dn14;dn15,37.739611,-122.492203,3
60,43,3,dn7;dn9,37.718779,-122.462401,2
60,43,5,dn13;dn14;dn15,37.739611,-122.492203,3
60,44,3,dn7;dn8;dn9,37.718779,-122.462401,3
60,44,5,dn13;dn14;dn15,37.739611,-122.492203,3
60,45,3,dn7;dn8;dn9,37.718779,-122.462401,3
60,45,5,dn14;dn15,37.739611,-122.492203,2
60,46,1,dn3,37.774524,-122.473656,1
60,46,3,dn7;dn8;dn9,37.718779,-122.462401,3
60,46,5,dn14;dn15,37.739611,-122.492203,2
60,47,1,dn3,37.774524,-122.473656,1
60,47,3,dn7;dn8;dn9,37.718779,-122.462401,3
60,47,5,dn14;dn15,37.739611,-122.492203,2
60,48,1,dn3,37.774524,-122.473656,1
60,48,3,dn7;dn8;dn9,37.718779,-122.462401,3
60,48,5,dn14;dn15,37.739611,-122.492203,2
60,49,1,dn3,37.774524,-122.473656,1
60,49,3,dn8;dn9,37.718779,-122.462401,2
60,49,5,dn14;dn15,37.739611,-122.492203,2
60,50,1,dn3,37.774524,-122.473656,1
60,50,3,dn8;dn9,37.718779,-122.462401,2
60,50,4,dn10,37.78929,-122.426797,1
60,50,5,dn14;dn15,37.739611,-122.492203,2
60,51,1,dn3,37.774524,-122.473656,1
60,51,3,dn8;dn9,37.718779,-122.462401,2
60,51,4,dn10,37.78929,-122.426797,1
60,51,5,dn14;dn15,37.739611,-122.492203,2
60,52,3,dn8;dn9,37.718779,-122.462401,2
60,52,4,dn10,37.78929,-122.426797,1
60,52,5,dn14;dn15,37.739611,-122.492203,2
60,53,3,dn9,37.718779,-122.462401,1
60,53,4,dn10;dn11,37.78929,-122.426797,2
60,53,5,dn14;dn15,37.739611,-122.492203,2
60,54,3,dn9,37.718779,-122.462401,1
60,54,4,dn10;dn11,37.78929,-122.426797,2
60,54,5,dn14;dn15,37.739611,-122.492203,2
60,55,3,dn9,37.718779,-122.462401,1
60,55,4,dn10;dn11,37.78929,-122.426797,2
60,55,5,dn14;dn15,37.739611,-122.492203,2
60,56,4,dn10;dn11,37.78929,-122.426797,2
60,56,5,dn13;dn14;dn15,37.739611,-122.492203,3
60,57,4,dn10;dn11,37.78929,-122.426797,2
60,57,5,dn13;dn14;dn15,37.739611,-122.492203,3
60,58,2,dn6,37.751751,-122.410654,1
60,58,4,dn11,37.78929,-122.426797,1
60,58,5,dn13;dn14;dn15,37.739611,-122.492203,3
60,59,2,dn6,37.751751,-122.410654,1
60,59,4,dn11,37.78929,-122.426797,1
60,59,5,dn14;dn15,37.739611,-122.492203,2
60,60,2,dn6,37.751751,-122.410654,1
60,60,5,dn14;dn15,37.739611,-122.492203,2
60,61,5,dn14;dn15,37.739611,-122.492203,2
60,62,1,dn1,37.774524,-122.473656,1
60,62,5,dn14;dn15,37.739611,-122.492203,2
60,63,5,dn14;dn15,37.739611,-122.492203,2
60,64,5,dn14;dn15,37.739611,-122.492203,2
60,65,1,dn2,37.774524,-122.473656,1
60,65,5,dn14;dn15,37.739611,-122.492203,2
60,66,1,dn3,37.774524,-122.473656,1
60,66,3,dn7;dn8,37.718779,-122.462401,2
60,66,5,dn14;dn15,37.739611,-122.492203,2
60,67,3,dn7;dn8,37.718779,-122.462401,2
60,67,4,dn12,37.78929,-122.426797,1
60,67,5,dn14;dn15,37.739611,-122.492203,2
60,68,2,dn4,37.751751,-122.410654,1
60,68,3,dn7;dn8,37.718779,-122.462401,2
60,68,4,dn12,37.78929,-122.426797,1
60,68,5,dn14;dn15,37.739611,-122.492203,2
60,69,3,dn7;dn8,37.718779,-122.462401,2
60,69,4,dn12,37.78929,-122.426797,1
60,69,5,dn13;dn14;dn15,37.739611,-122.492203,3
60,70,2,dn5,37.751751,-122.410654,1
60,70,3,dn7;dn8,37.718779,-122.462401,2
60,70,5,dn13;dn14;dn15,37.739611,-122.492203,3
60,71,2,dn5,37.751751,-122.410654,1
60,71,3,dn8,37.718779,-122.462401,1
60,71,5,dn13;dn14;dn15,37.739611,-122.492203,3
60,72,2,dn5,37.751751,-122.410654,1
60,72,3,dn8,37.718779,-122.462401,1
60,72,5,dn14;dn15,37.739611,-122.492203,2
60,73,3,dn8,37.718779,-122.462401,1
60,73,5,dn14;dn15,37.739611,-122.492203,2
60,74,3,dn8,37.718779,-122.462401,1
60,74,5,dn15,37.739611,-122.492203,1
60,75,5,dn15,37.739611,-122.492203,1
60,78,3,dn7,37.718779,-122.462401,1
60,79,3,dn7,37.718779,-122.462401,1
60,80,3,dn7,37.718779,-122.462401,1
60,81,4,dn11,37.78929,-122.426797,1
60,83,3,dn9,37.718779,-122.462401,1
60,84,5,dn15,37.739611,-122.492203,1
60,85,5,dn14,37.739611,-122.492203,1
60,86,2,dn6,37.751751,-122.410654,1
60,86,5,dn14,37.739611,-122.492203,1
60,87,2,dn6,37.751751,-122.410654,1
60,87,5,dn14,37.739611,-122.492203,1
60,88,2,dn6,37.751751,-122.410654,1
60,88,5,dn14,37.739611,-122.492203,1
60,89,5,dn14,37.739611,-122.492203,1
60,90,5,dn14,37.739611,-122.492203,1
60,91,5,dn13;dn14,37.739611,-122.492203,2
60,92,3,dn7,37.718779,-122.462401,1
60,92,5,dn13;dn14,37.739611,-122.492203,2
60,93,3,dn7,37.718779,-122.462401,1
60,93,5,dn13;dn14,37.739611,-122.492203,2
60,94,5,dn13;dn14;dn15,37.739611,-122.492203,3
60,95,3,dn9,37.718779,-122.462401,1
60,95,4,dn11,37.78929,-122.426797,1
60,95,5,dn13;dn14;dn15,37.739611,-122.492203,3
60,96,3,dn9,37.718779,-122.462401,1
60,96,5,dn13;dn14;dn15,37.739611,-122.492203,3
60,97,5,dn13;dn14;dn15,37.739611,-122.492203,3
60,98,5,dn14;dn15,37.739611,-122.492203,2
60,99,4,dn12,37.78929,-122.426797,1
60,99,5,dn14;dn15,37.739611,-122.492203,2
61,0,1,dn1;dn2;dn3,37.774524,-122.473656,3
61,0,2,dn4;dn5;dn6,37.751751,-122.410654,3
61,0,3,dn7;dn8;dn9,37.718779,-122.462401,3
61,0,4,dn10;dn11;dn12,37.78929,-122.426797,3
61,0,5,dn13;dn14;dn15,37.739611,-122.492203,3
61,8,1,dn3,37.774524,-122.473656,1
61,10,3,dn8,37.718779,-122.462401,1
61,11,5,dn13;dn14,37.739611,-122.492203,2
61,12,5,dn14;dn15,37.739611,-122.492203,2
61,13,5,dn14;dn15,37.739611,-122.492203,2
61,14,3,dn9,37.718779,-122.462401,1
61,14,5,dn15,37.739611,-122.492203,1
61,15,5,dn15,37.739611,-122.492203,1
61,16,5,dn15,37.739611,-122.492203,1
61,17,5,dn15,37.739611,-122.492203,1
61,18,5,dn15,37.739611,-122.492203,1
61,20,3,dn8,37.718779,-122.462401,1
61,22,2,dn6,37.751751,-122.410654,1
61,28,2,dn5,37.751751,-122.410654,1
61,28,3,dn7,37.718779,-122.462401,1
61,29,5,dn13,37.739611,-122.492203,1
61,30,1,dn2,37.774524,-122.473656,1
61,32,2,dn4,37.751751,-122.410654,1
61,33,5,dn14,37.739611,-122.492203,1
61,34,1,dn1,37.774524,-122.473656,1
61,34,4,dn10,37.78929,-122.426797,1
61,34,5,dn14,37.739611,-122.492203,1
61,35,5,dn14,37.739611,-122.492203,1
61,36,5,dn15,37.739611,-122.492203,1
61,37,5,dn15,37.739611,-122.492203,1
61,38,4,dn12,37.78929,-122.426797,1
61,39,5,dn13,37.739611,-122.492203,1
61,40,3,dn9,37.718779,-122.462401,1
61,40,5,dn13,37.739611,-122.492203,1
61,41,3,dn9,37.718779,-122.462401,1
61,41,5,dn13,37.739611,-122.492203,1
61,42,5,dn13,37.739611,-122.492203,1
61,43,5,dn13,37.739611,-122.492203,1
61,44,3,dn7,37.718779,-122.462401,1
61,44,5,dn13,37.739611,-122.492203,1
61,45,3,dn7,37.718779,-122.462401,1
61,45,5,dn13,37.739611,-122.492203,1
61,46,3,dn7,37.718779,-122.462401,1
61,46,5,dn13,37.739611,-122.492203,1
61,47,3,dn7,37.718779,-122.462401,1
61,47,5,dn13,37.739611,-122.492203,1
61,48,1,dn2,37.774524,-122.473656,1
61,48,3,dn7,37.718779,-122.462401,1
61,48,5,dn13,37.739611,-122.492203,1
61,49,3,dn7,37.718779,-122.462401,1
61,49,5,dn13,37.739611,-122.492203,1
61,50,3,dn7,37.718779,-122.462401,1
61,50,5,dn13,37.739611,-122.492203,1
61,51,3,dn7,37.718779,-122.462401,1
61,51,5,dn13,37.739611,-122.492203,1
61,52,2,dn6,37.751751,-122.410654,1
61,52,3,dn7;dn8,37.718779,-122.462401,2
61,52,5,dn13,37.739611,-122.492203,1
61,53,3,dn7;dn8,37.718779,-122.462401,2
61,53,5,dn13,37.739611,-122.492203,1
61,54,1,dn3,37.774524,-122.473656,1
61,54,2,dn4,37.751751,-122.410654,1
61,54,3,dn7;dn8,37.718779,-122.462401,2
61,54,5,dn13,37.739611,-122.492203,1
61,55,1,dn3,37.774524,-122.473656,1
61,55,3,dn7;dn8,37.718779,-122.462401,2
61,55,5,dn13;dn14,37.739611,-122.492203,2
61,56,1,dn3,37.774524,-122.473656,1
61,56,3,dn7;dn8,37.718779,-122.462401,2
61,56,5,dn13;dn14;dn15,37.739611,-122.492203,3
61,57,1,dn3,37.774524,-122.473656,1
61,57,3,dn7;dn8,37.718779,-122.462401,2
61,57,5,dn13;dn14;dn15,37.739611,-122.492203,3
61,58,1,dn1,37.774524,-122.473656,1
61,58,3,dn7;dn8,37.718779,-122.462401,2
61,58,5,dn13;dn14;dn15,37.739611,-122.492203,3
61,59,1,dn1,37.774524,-122.473656,1
61,59,3,dn7;dn8;dn9,37.718779,-122.462401,3
61,59,5,dn13;dn14;dn15,37.739611,-122.492203,3
61,60,1,dn1,37.774524,-122.473656,1
61,60,3,dn7;dn8;dn9,37.718779,-122.462401,3
61,60,4,dn11,37.78929,-122.426797,1
61,60,5,dn13;dn14;dn15,37.739611,-122.492203,3
61,61,1,dn1,37.774524,-122.473656,1
61,61,3,dn7;dn8;dn9,37.718779,-122.462401,3
61,61,5,dn13;dn14;dn15,37.739611,-122.492203,3
61,62,1,dn1,37.774524,-122.473656,1
61,62,3,dn8;dn9,37.718779,-122.462401,2
61,62,5,dn13;dn14;dn15,37.739611,-122.492203,3
61,63,1,dn1,37.774524,-122.473656,1
61,63,3,dn8;dn9,37.718779,-122.462401,2
61,63,5,dn13;dn14;dn15,37.739611,-122.492203,3
61,64,1,dn1;dn2,37.774524,-122.473656,2
61,64,3,dn8;dn9,37.718779,-122.462401,2
61,64,5,dn13;dn14;dn15,37.739611,-122.492203,3
61,65,1,dn1;dn2,37.774524,-122.473656,2
61,65,3,dn8;dn9,37.718779,-122.462401,2
61,65,5,dn13;dn14;dn15,37.739611,-122.492203,3
61,66,1,dn1;dn2,37.774524,-122.473656,2
61,66,3,dn8;dn9,37.718779,-122.462401,2
61,66,5,dn13;dn14;dn15,37.739611,-122.492203,3
61,67,1,dn2,37.774524,-122.473656,1
61,67,3,dn8;dn9,37.718779,-122.462401,2
61,67,5,dn13;dn14;dn15,37.739611,-122.492203,3
61,68,1,dn2,37.774524,-122.473656,1
61,68,3,dn8;dn9,37.718779,-122.462401,2
61,68,4,dn10,37.78929,-122.426797,1
61,68,5,dn13;dn14;dn15,37.739611,-122.492203,3
61,69,1,dn2,37.774524,-122.473656,1
61,69,3,dn8;dn9,37.718779,-122.462401,2
61,69,5,dn13;dn14;dn15,37.739611,-122.492203,3
61,70,3,dn8;dn9,37.718779,-122.462401,2
61,70,5,dn13;dn14;dn15,37.739611,-122.492203,3
61,71,3,dn8;dn9,37.718779,-122.462401,2
61,71,5,dn13;dn14;dn15,37.739611,-122.492203,3
61,72,2,dn5,37.751751,-122.410654,1
61,72,3,dn9,37.718779,-122.462401,1
61,72,5,dn13;dn14;dn15,37.739611,-122.492203,3
61,73,5,dn13;dn14;dn15,37.739611,-122.492203,3
61,74,2,dn6,37.751751,-122.410654,1
61,74,5,dn13;dn14;dn15,37.739611,-122.492203,3
61,75,2,dn6,37.751751,-122.410654,1
61,75,5,dn13;dn14;dn15,37.739611,-122.492203,3
61,76,2,dn6,37.751751,-122.410654,1
61,76,5,dn13;dn14;dn15,37.739611,-122.492203,3
61,77,1,dn3,37.774524,-122.473656,1
61,77,5,dn13;dn14;dn15,37.739611,-122.492203,3
61,78,5,dn13;dn14;dn15,37.739611,-122.492203,3
61,79,1,dn1,37.774524,-122.473656,1
61,79,5,dn13;dn14;dn15,37.739611,-122.492203,3
61,80,1,dn1,37.774524,-122.473656,1
61,80,4,dn10,37.78929,-122.426797,1
61,80,5,dn13;dn14;dn15,37.739611,-122.492203,3
61,81,4,dn10,37.78929,-122.426797,1
61,81,5,dn13;dn14;dn15,37.739611,-122.492203,3
61,82,4,dn10;dn11;dn12,37.78929,-122.426797,3
61,82,5,dn13;dn14;dn15,37.739611,-122.492203,3
61,83,4,dn10;dn11;dn12,37.78929,-122.426797,3
61,83,5,dn13;dn14;dn15,37.739611,-122.492203,3
61,84,4,dn10;dn11;dn12,37.78929,-122.426797,3
61,84,5,dn13;dn14;dn15,37.739611,-122.492203,3
61,85,1,dn2,37.774524,-122.473656,1
61,85,4,dn10;dn11;dn12,37.78929,-122.426797,3
61,85,5,dn13;dn14;dn15,37.739611,-122.492203,3
61,86,1,dn2,37.774524,-122.473656,1
61,86,4,dn10;dn11;dn12,37.78929,-122.426797,3
61,86,5,dn13;dn14;dn15,37.739611,-122.492203,3
61,87,1,dn2,37.774524,-122.473656,1
61,87,4,dn10;dn11;dn12,37.78929,-122.426797,3
61,87,5,dn13;dn14;dn15,37.739611,-122.492203,3
61,88,1,dn2,37.774524,-122.473656,1
61,88,4,dn10;dn11;dn12,37.78929,-122.426797,3
61,88,5,dn13;dn14;dn15,37.739611,-122.492203,3
61,89,3,dn7,37.718779,-122.462401,1
61,89,4,dn10;dn11;dn12,37.78929,-122.426797,3
61,89,5,dn13;dn14;dn15,37.739611,-122.492203,3
61,90,3,dn7,37.718779,-122.462401,1
61,90,4,dn10;dn11;dn12,37.78929,-122.426797,3
61,90,5,dn13;dn14;dn15,37.739611,-122.492203,3
61,91,3,dn7,37.718779,-122.462401,1
61,91,4,dn10;dn11;dn12,37.78929,-122.426797,3
61,91,5,dn13;dn14;dn15,37.739611,-122.492203,3
61,92,3,dn7;dn9,37.718779,-122.462401,2
61,92,4,dn10;dn11;dn12,37.78929,-122.426797,3
61,92,5,dn14;dn15,37.739611,-122.492203,2
61,93,1,dn3,37.774524,-122.473656,1
61,93,3,dn7;dn9,37.718779,-122.462401,2
61,93,4,dn11;dn12,37.78929,-122.426797,2
61,93,5,dn14;dn15,37.739611,-122.492203,2
61,94,1,dn1;dn3,37.774524,-122.473656,2
61,94,3,dn7;dn9,37.718779,-122.462401,2
61,94,4,dn11;dn12,37.78929,-122.426797,2
61,94,5,dn14;dn15,37.739611,-122.492203,2
61,95,1,dn3,37.774524,-122.473656,1
61,95,3,dn7;dn9,37.718779,-122.462401,2
61,95,4,dn11;dn12,37.78929,-122.426797,2
61,95,5,dn14;dn15,37.739611,-122.492203,2
61,96,1,dn3,37.774524,-122.473656,1
61,96,2,dn4,37.751751,-122.410654,1
61,96,3,dn7;dn9,37.718779,-122.462401,2
61,96,4,dn11;dn12,37.78929,-122.426797,2
61,96,5,dn14;dn15,37.739611,-122.492203,2
61,97,1,dn3,37.774524,-122.473656,1
61,97,3,dn7;dn9,37.718779,-122.462401,2
61,97,4,dn11;dn12,37.78929,-122.426797,2
61,97,5,dn14;dn15,37.739611,-122.492203,2
61,98,1,dn3,37.774524,-122.473656,1
61,98,3,dn7;dn9,37.718779,-122.462401,2
61,98,4,dn11;dn12,37.78929,-122.426797,2
61,98,5,dn14;dn15,37.739611,-122.492203,2
61,99,3,dn7;dn9,37.718779,-122.462401,2
61,99,4,dn11;dn12,37.78929,-122.426797,2
61,99,5,dn14;dn15,37.739611,-122.492203,2
62,0,1,dn1;dn2;dn3,37.774524,-122.473656,3
62,0,2,dn4;dn5;dn6,37.751751,-122.410654,3
62,0,3,dn7;dn8;dn9,37.718779,-122.462401,3
62,0,4,dn10;dn11;dn12,37.78929,-122.426797,3
62,0,5,dn13;dn14;dn15,37.739611,-122.492203,3
62,11,1,dn3,37.774524,-122.473656,1
62,11,5,dn15,37.739611,-122.492203,1
62,12,1,dn1,37.774524,-122.473656,1
62,13,5,dn13;dn14,37.739611,-122.492203,2
62,14,3,dn8,37.718779,-122.462401,1
62,22,3,dn7,37.718779,-122.462401,1
62,29,5,dn13,37.739611,-122.492203,1
62,30,4,dn12,37.78929,-122.426797,1
62,32,2,dn6,37.751751,-122.410654,1
62,35,1,dn3,37.774524,-122.473656,1
62,35,5,dn14;dn15,37.739611,-122.492203,2
62,36,1,dn2,37.774524,-122.473656,1
62,36,2,dn5,37.751751,-122.410654,1
62,36,3,dn8,37.718779,-122.462401,1
62,37,3,dn8,37.718779,-122.462401,1
62,38,3,dn7,37.718779,-122.462401,1
62,38,4,dn11,37.78929,-122.426797,1
62,39,3,dn7,37.718779,-122.462401,1
62,40,1,dn1,37.774524,-122.473656,1
62,40,3,dn7,37.718779,-122.462401,1
62,41,3,dn7,37.718779,-122.462401,1
62,42,2,dn4,37.751751,-122.410654,1
62,42,3,dn7;dn9,37.718779,-122.462401,2
62,42,4,dn10,37.78929,-122.426797,1
62,43,3,dn7;dn9,37.718779,-122.462401,2
62,43,5,dn14,37.739611,-122.492203,1
62,44,3,dn9,37.718779,-122.462401,1
62,45,3,dn9,37.718779,-122.462401,1
62,46,3,dn9,37.718779,-122.462401,1
62,47,3,dn9,37.718779,-122.462401,1
62,49,5,dn14,37.739611,-122.492203,1
62,51,5,dn13,37.739611,-122.492203,1
62,54,3,dn7;dn8,37.718779,-122.462401,2
62,55,3,dn8,37.718779,-122.462401,1
62,56,3,dn8,37.718779,-122.462401,1
62,57,3,dn8,37.718779,-122.462401,1
62,58,3,dn8,37.718779,-122.462401,1
62,58,4,dn10;dn11;dn12,37.78929,-122.426797,3
62,59,3,dn8;dn9,37.718779,-122.462401,2
62,59,4,dn12,37.78929,-122.426797,1
62,60,3,dn8;dn9,37.718779,-122.462401,2
62,60,4,dn12,37.78929,-122.426797,1
62,61,3,dn8;dn9,37.718779,-122.462401,2
62,62,1,dn1,37.774524,-122.473656,1
62,62,3,dn8;dn9,37.718779,-122.462401,2
62,63,3,dn7;dn8;dn9,37.718779,-122.462401,3
62,63,5,dn13,37.739611,-122.492203,1
62,64,3,dn8;dn9,37.718779,-122.462401,2
62,64,5,dn13,37.739611,-122.492203,1
62,65,3,dn9,37.718779,-122.462401,1
62,65,5,dn13;dn14;dn15,37.739611,-122.492203,3
62,66,3,dn9,37.718779,-122.462401,1
62,66,5,dn13;dn14;dn15,37.739611,-122.492203,3
62,67,3,dn9,37.718779,-122.462401,1
62,67,5,dn13;dn14;dn15,37.739611,-122.492203,3
62,68,1,dn2,37.774524,-122.473656,1
62,68,3,dn9,37.718779,-122.462401,1
62,68,5,dn13;dn14;dn15,37.739611,-122.492203,3
62,69,1,dn2,37.774524,-122.473656,1
62,69,3,dn9,37.718779,-122.462401,1
62,69,5,dn13;dn14;dn15,37.739611,-122.492203,3
62,70,1,dn2,37.774524,-122.473656,1
62,70,2,dn6,37.751751,-122.410654,1
62,70,3,dn9,37.718779,-122.462401,1
62,70,5,dn13;dn14;dn15,37.739611,-122.492203,3
62,71,1,dn2;dn3,37.774524,-122.473656,2
62,71,5,dn13;dn14;dn15,37.739611,-122.492203,3
62,72,1,dn2;dn3,37.774524,-122.473656,2
62,72,2,dn5,37.751751,-122.410654,1
62,72,5,dn13;dn14;dn15,37.739611,-122.492203,3
62,73,1,dn3,37.774524,-122.473656,1
62,73,5,dn13;dn14;dn15,37.739611,-122.492203,3
62,74,1,dn3,37.774524,-122.473656,1
62,74,5,dn13;dn14;dn15,37.739611,-122.492203,3
62,75,1,dn3,37.774524,-122.473656,1
62,75,5,dn13;dn14;dn15,37.739611,-122.492203,3
62,76,5,dn13;dn14;dn15,37.739611,-122.492203,3
62,77,5,dn13;dn14;dn15,37.739611,-122.492203,3
62,78,3,dn7;dn8,37.718779,-122.462401,2
62,78,5,dn13;dn14;dn15,37.739611,-122.492203,3
62,79,3,dn7;dn8,37.718779,-122.462401,2
62,79,5,dn13;dn14;dn15,37.739611,-122.492203,3
62,80,2,dn4,37.751751,-122.410654,1
62,80,3,dn7;dn8,37.718779,-122.462401,2
62,80,4,dn10;dn12,37.78929,-122.426797,2
62,80,5,dn13;dn14;dn15,37.739611,-122.492203,3
62,81,3,dn7;dn8;dn9,37.718779,-122.462401,3
62,81,4,dn12,37.78929,-122.426797,1
62,81,5,dn13;dn14;dn15,37.739611,-122.492203,3
62,82,3,dn7;dn8;dn9,37.718779,-122.462401,3
62,82,4,dn12,37.78929,-122.426797,1
62,82,5,dn13;dn14;dn15,37.739611,-122.492203,3
62,83,3,dn7;dn8;dn9,37.718779,-122.462401,3
62,83,5,dn13;dn14;dn15,37.739611,-122.492203,3
62,84,1,dn1,37.774524,-122.473656,1
62,84,3,dn7;dn8;dn9,37.718779,-122.462401,3
62,84,5,dn13;dn14;dn15,37.739611,-122.492203,3
62,85,1,dn1,37.774524,-122.473656,1
62,85,3,dn7;dn8;dn9,37.718779,-122.462401,3
62,85,5,dn13;dn14;dn15,37.739611,-122.492203,3
62,86,3,dn7;dn8;dn9,37.718779,-122.462401,3
62,86,5,dn13;dn14;dn15,37.739611,-122.492203,3
62,87,3,dn7;dn8;dn9,37.718779,-122.462401,3
62,87,5,dn13;dn14;dn15,37.739611,-122.492203,3
62,88,3,dn7;dn8;dn9,37.718779,-122.462401,3
62,88,5,dn13;dn14;dn15,37.739611,-122.492203,3
62,89,3,dn7;dn8;dn9,37.718779,-122.462401,3
62,89,5,dn13;dn14;dn15,37.739611,-122.492203,3
62,90,3,dn7;dn8;dn9,37.718779,-122.462401,3
62,90,5,dn13;dn14;dn15,37.739611,-122.492203,3
62,91,3,dn7;dn8;dn9,37.718779,-122.462401,3
62,91,5,dn13;dn14;dn15,37.739611,-122.492203,3
62,92,1,dn2,37.774524,-122.473656,1
62,92,3,dn8;dn9,37.718779,-122.462401,2
62,92,5,dn13;dn14;dn15,37.739611,-122.492203,3
62,93,3,dn9,37.718779,-122.462401,1
62,93,5,dn13;dn14;dn15,37.739611,-122.492203,3
62,94,3,dn9,37.718779,-122.462401,1
62,94,4,dn10,37.78929,-122.426797,1
62,94,5,dn13;dn14;dn15,37.739611,-122.492203,3
62,95,1,dn3,37.774524,-122.473656,1
62,95,3,dn9,37.718779,-122.462401,1
62,95,5,dn13;dn14;dn15,37.739611,-122.492203,3
62,96,1,dn3,37.774524,-122.473656,1
62,96,2,dn6,37.751751,-122.410654,1
62,96,3,dn9,37.718779,-122.462401,1
62,96,5,dn13;dn14;dn15,37.739611,-122.492203,3
62,97,1,dn3,37.774524,-122.473656,1
62,97,2,dn6,37.751751,-122.410654,1
62,97,3,dn9,37.718779,-122.462401,1
62,97,5,dn13;dn14;dn15,37.739611,-122.492203,3
62,98,2,dn6,37.751751,-122.410654,1
62,98,3,dn9,37.718779,-122.462401,1
62,98,5,dn13;dn14;dn15,37.739611,-122.492203,3
62,99,3,dn9,37.718779,-122.462401,1
62,99,5,dn13;dn14;dn15,37.739611,-122.492203,3
63,0,1,dn1;dn2;dn3,37.774524,-122.473656,3
63,0,2,dn4;dn5;dn6,37.751751,-122.410654,3
63,0,3,dn7;dn8;dn9,37.718779,-122.462401,3
63,0,4,dn10;dn11;dn12,37.78929,-122.426797,3
63,0,5,dn13;dn14;dn15,37.739611,-122.492203,3
63,9,5,dn13;dn15,37.739611,-122.492203,2
63,11,3,dn8,37.718779,-122.462401,1
63,12,5,dn14,37.739611,-122.492203,1
63,14,4,dn12,37.78929,-122.426797,1
63,15,3,dn9,37.718779,-122.462401,1
63,17,5,dn14,37.739611,-122.492203,1
63,18,2,dn6,37.751751,-122.410654,1
63,20,4,dn10,37.78929,-122.426797,1
63,22,1,dn2,37.774524,-122.473656,1
63,22,3,dn7,37.718779,-122.462401,1
63,23,5,dn13,37.739611,-122.492203,1
63,24,1,dn1,37.774524,-122.473656,1
63,25,1,dn1,37.774524,-122.473656,1
63,26,1,dn1;dn3,37.774524,-122.473656,2
63,26,2,dn4,37.751751,-122.410654,1
63,27,1,dn1;dn3,37.774524,-122.473656,2
63,28,1,dn3,37.774524,-122.473656,1
63,29,1,dn3,37.774524,-122.473656,1
63,29,3,dn9,37.718779,-122.462401,1
63,29,5,dn14,37.739611,-122.492203,1
63,30,1,dn3,37.774524,-122.473656,1
63,33,5,dn15,37.739611,-122.492203,1
63,35,5,dn13,37.739611,-122.492203,1
63,36,2,dn5,37.751751,-122.410654,1
63,36,3,dn7,37.718779,-122.462401,1
63,37,3,dn7,37.718779,-122.462401,1
63,38,3,dn7,37.718779,-122.462401,1
63,39,3,dn8,37.718779,-122.462401,1
63,41,5,dn14,37.739611,-122.492203,1
63,42,4,dn12,37.78929,-122.426797,1
63,42,5,dn14,37.739611,-122.492203,1
63,43,4,dn12,37.78929,-122.426797,1
63,43,5,dn14,37.739611,-122.492203,1
63,44,4,dn12,37.78929,-122.426797,1
63,45,1,dn1,37.774524,-122.473656,1
63,45,4,dn12,37.78929,-122.426797,1
63,46,4,dn12,37.78929,-122.426797,1
63,47,4,dn12,37.78929,-122.426797,1
63,48,4,dn12,37.78929,-122.426797,1
63,49,4,dn12,37.78929,-122.426797,1
63,50,1,dn3,37.774524,-122.473656,1
63,50,2,dn4;dn6,37.751751,-122.410654,2
63,50,4,dn12,37.78929,-122.426797,1
63,51,1,dn3,37.774524,-122.473656,1
63,51,4,dn12,37.78929,-122.426797,1
63,51,5,dn13;dn15,37.739611,-122.492203,2
63,52,4,dn11;dn12,37.78929,-122.426797,2
63,52,5,dn13;dn15,37.739611,-122.492203,2
63,53,4,dn11;dn12,37.78929,-122.426797,2
63,53,5,dn13;dn15,37.739611,-122.492203,2
63,54,3,dn7,37.718779,-122.462401,1
63,54,4,dn12,37.78929,-122.426797,1
63,54,5,dn13;dn15,37.739611,-122.492203,2
63,55,1,dn1,37.774524,-122.473656,1
63,55,3,dn7,37.718779,-122.462401,1
63,55,5,dn13;dn15,37.739611,-122.492203,2
63,56,1,dn1,37.774524,-122.473656,1
63,56,3,dn7,37.718779,-122.462401,1
63,56,5,dn13;dn15,37.739611,-122.492203,2
63,57,1,dn1,37.774524,-122.473656,1
63,57,3,dn7,37.718779,-122.462401,1
63,57,5,dn13;dn15,37.739611,-122.492203,2
63,58,1,dn1,37.774524,-122.473656,1
63,58,2,dn5,37.751751,-122.410654,1
63,58,3,dn7,37.718779,-122.462401,1
63,58,5,dn13;dn15,37.739611,-122.492203,2
63,59,1,dn1,37.774524,-122.473656,1
63,59,5,dn13;dn15,37.739611,-122.492203,2
63,60,1,dn1;dn2,37.774524,-122.473656,2
63,60,5,dn13;dn15,37.739611,-122.492203,2
63,61,1,dn1;dn2,37.774524,-122.473656,2
63,61,3,dn8,37.718779,-122.462401,1
63,61,5,dn13;dn15,37.739611,-122.492203,2
63,62,1,dn1;dn2,37.774524,-122.473656,2
63,62,3,dn8,37.718779,-122.462401,1
63,62,5,dn13;dn15,37.739611,-122.492203,2
63,63,1,dn1;dn2,37.774524,-122.473656,2
63,63,5,dn13;dn15,37.739611,-122.492203,2
63,64,1,dn1;dn2,37.774524,-122.473656,2
63,64,5,dn13;dn15,37.739611,-122.492203,2
63,65,1,dn1;dn2,37.774524,-122.473656,2
63,65,5,dn13;dn15,37.739611,-122.492203,2
63,66,1,dn1;dn2,37.774524,-122.473656,2
63,66,5,dn15,37.739611,-122.492203,1
63,67,1,dn2,37.774524,-122.473656,1
63,67,5,dn14;dn15,37.739611,-122.492203,2
63,68,1,dn2,37.774524,-122.473656,1
63,68,4,dn10,37.78929,-122.426797,1
63,68,5,dn14;dn15,37.739611,-122.492203,2
63,69,3,dn9,37.718779,-122.462401,1
63,69,5,dn14;dn15,37.739611,-122.492203,2
63,70,5,dn14;dn15,37.739611,-122.492203,2
63,71,3,dn8,37.718779,-122.462401,1
63,71,5,dn14;dn15,37.739611,-122.492203,2
63,72,5,dn14;dn15,37.739611,-122.492203,2
63,73,5,dn15,37.739611,-122.492203,1
63,74,3,dn7,37.718779,-122.462401,1
63,74,5,dn15,37.739611,-122.492203,1
63,75,3,dn7,37.718779,-122.462401,1
63,75,5,dn15,37.739611,-122.492203,1
63,76,3,dn7,37.718779,-122.462401,1
63,76,5,dn15,37.739611,-122.492203,1
63,77,3,dn7,37.718779,-122.462401,1
63,77,5,dn15,37.739611,-122.492203,1
63,78,1,dn1,37.774524,-122.473656,1
63,78,3,dn7,37.718779,-122.462401,1
63,78,5,dn15,37.739611,-122.492203,1
63,79,3,dn7;dn9,37.718779,-122.462401,2
63,79,5,dn15,37.739611,-122.492203,1
63,80,3,dn7;dn9,37.718779,-122.462401,2
63,80,4,dn12,37.78929,-122.426797,1
63,80,5,dn15,37.739611,-122.492203,1
63,81,3,dn7;dn9,37.718779,-122.462401,2
63,81,5,dn15,37.739611,-122.492203,1
63,82,1,dn2,37.774524,-122.473656,1
63,82,3,dn7;dn9,37.718779,-122.462401,2
63,82,5,dn15,37.739611,-122.492203,1
63,83,3,dn7;dn9,37.718779,-122.462401,2
63,83,4,dn11,37.78929,-122.426797,1
63,83,5,dn14;dn15,37.739611,-122.492203,2
63,84,2,dn4,37.751751,-122.410654,1
63,84,3,dn7;dn9,37.718779,-122.462401,2
63,84,5,dn14;dn15,37.739611,-122.492203,2
63,85,3,dn9,37.718779,-122.462401,1
63,85,5,dn14;dn15,37.739611,-122.492203,2
63,86,3,dn9,37.718779,-122.462401,1
63,86,5,dn14;dn15,37.739611,-122.492203,2
63,87,1,dn3,37.774524,-122.473656,1
63,87,5,dn13;dn14;dn15,37.739611,-122.492203,3
63,88,1,dn3,37.774524,-122.473656,1
63,88,5,dn14;dn15,37.739611,-122.492203,2
63,89,1,dn3,37.774524,-122.473656,1
63,89,5,dn14;dn15,37.739611,-122.492203,2
63,90,1,dn3,37.774524,-122.473656,1
63,90,5,dn15,37.739611,-122.492203,1
63,91,1,dn3,37.774524,-122.473656,1
63,91,5,dn15,37.739611,-122.492203,1
63,92,1,dn3,37.774524,-122.473656,1
63,93,1,dn3,37.774524,-122.473656,1
63,93,3,dn8,37.718779,-122.462401,1
63,94,1,dn2;dn3,37.774524,-122.473656,2
63,94,2,dn6,37.751751,-122.410654,1
63,94,3,dn8,37.718779,-122.462401,1
63,95,1,dn2;dn3,37.774524,-122.473656,2
63,96,1,dn3,37.774524,-122.473656,1
63,97,1,dn3,37.774524,-122.473656,1
63,98,1,dn3,37.774524,-122.473656,1
64,0,1,dn1;dn2;dn3,37.774524,-122.473656,3
64,0,2,dn4;dn5;dn6,37.751751,-122.410654,3
64,0,3,dn7;dn8;dn9,37.718779,-122.462401,3
64,0,4,dn10;dn11;dn12,37.78929,-122.426797,3
64,0,5,dn13;dn14;dn15,37.739611,-122.492203,3
64,1,4,dn12,37.78929,-122.426797,1
64,2,4,dn12,37.78929,-122.426797,1
64,3,4,dn12,37.78929,-122.426797,1
64,7,1,dn3,37.774524,-122.473656,1
64,10,1,dn2,37.774524,-122.473656,1
64,10,3,dn8,37.718779,-122.462401,1
64,10,5,dn13,37.739611,-122.492203,1
64,12,3,dn9,37.718779,-122.462401,1
64,14,1,dn3,37.774524,-122.473656,1
64,14,2,dn5,37.751751,-122.410654,1
64,14,3,dn7,37.718779,-122.462401,1
64,15,1,dn3,37.774524,-122.473656,1
64,15,4,dn10,37.78929,-122.426797,1
64,16,1,dn2;dn3,37.774524,-122.473656,2
64,16,2,dn4,37.751751,-122.410654,1
64,16,4,dn10,37.78929,-122.426797,1
64,17,1,dn3,37.774524,-122.473656,1
64,17,4,dn10,37.78929,-122.426797,1
64,18,1,dn3,37.774524,-122.473656,1
64,18,4,dn10,37.78929,-122.426797,1
64,18,5,dn15,37.739611,-122.492203,1
64,19,4,dn10,37.78929,-122.426797,1
64,20,4,dn10,37.78929,-122.426797,1
64,21,4,dn10,37.78929,-122.426797,1
64,22,4,dn10,37.78929,-122.426797,1
64,22,5,dn14,37.739611,-122.492203,1
64,23,4,dn10,37.78929,-122.426797,1
64,24,1,dn1,37.774524,-122.473656,1
64,24,4,dn10,37.78929,-122.426797,1
64,25,4,dn10,37.78929,-122.426797,1
64,26,4,dn10;dn11,37.78929,-122.426797,2
64,27,4,dn10;dn11,37.78929,-122.426797,2
64,28,2,dn6,37.751751,-122.410654,1
64,28,4,dn10;dn11,37.78929,-122.426797,2
64,29,4,dn10;dn11;dn12,37.78929,-122.426797,3
64,30,1,dn2,37.774524,-122.473656,1
64,30,4,dn10;dn11;dn12,37.78929,-122.426797,3
64,30,5,dn13,37.739611,-122.492203,1
64,31,1,dn2,37.774524,-122.473656,1
64,31,4,dn10;dn11;dn12,37.78929,-122.426797,3
64,32,1,dn2,37.774524,-122.473656,1
64,32,3,dn8,37.718779,-122.462401,1
64,32,4,dn10;dn11;dn12,37.78929,-122.426797,3
64,33,1,dn2,37.774524,-122.473656,1
64,33,4,dn10;dn11;dn12,37.78929,-122.426797,3
64,34,1,dn1;dn2,37.774524,-122.473656,2
64,34,4,dn10;dn11;dn12,37.78929,-122.426797,3
64,35,1,dn1;dn2,37.774524,-122.473656,2
64,35,4,dn10;dn11;dn12,37.78929,-122.426797,3
64,36,1,dn1;dn2;dn3,37.774524,-122.473656,3
64,36,4,dn10;dn11;dn12,37.78929,-122.426797,3
64,37,1,dn2;dn3,37.774524,-122.473656,2
64,37,4,dn10;dn11;dn12,37.78929,-122.426797,3
64,38,1,dn3,37.774524,-122.473656,1
64,38,4,dn10;dn11;dn12,37.78929,-122.426797,3
64,38,5,dn14,37.739611,-122.492203,1
64,39,4,dn10;dn11;dn12,37.78929,-122.426797,3
64,39,5,dn14,37.739611,-122.492203,1
64,40,4,dn10;dn11;dn12,37.78929,-122.426797,3
64,40,5,dn15,37.739611,-122.492203,1
64,41,4,dn11;dn12,37.78929,-122.426797,2
64,41,5,dn15,37.739611,-122.492203,1
64,42,2,dn4,37.751751,-122.410654,1
64,42,3,dn9,37.718779,-122.462401,1
64,42,4,dn11;dn12,37.78929,-122.426797,2
64,42,5,dn15,37.739611,-122.492203,1
64,43,3,dn9,37.718779,-122.462401,1
64,43,4,dn11;dn12,37.78929,-122.426797,2
64,43,5,dn15,37.739611,-122.492203,1
64,44,3,dn8,37.718779,-122.462401,1
64,44,4,dn11;dn12,37.78929,-122.426797,2
64,44,5,dn15,37.739611,-122.492203,1
64,45,3,dn8,37.718779,-122.462401,1
64,45,4,dn11;dn12,37.78929,-122.426797,2
64,45,5,dn15,37.739611,-122.492203,1
64,46,3,dn8,37.718779,-122.462401,1
64,46,4,dn11;dn12,37.78929,-122.426797,2
64,46,5,dn15,37.739611,-122.492203,1
64,47,3,dn8,37.718779,-122.462401,1
64,47,4,dn11;dn12,37.78929,-122.426797,2
64,47,5,dn15,37.739611,-122.492203,1
64,48,1,dn1,37.774524,-122.473656,1
64,48,3,dn7;dn8,37.718779,-122.462401,2
64,48,4,dn12,37.78929,-122.426797,1
64,48,5,dn15,37.739611,-122.492203,1
64,49,1,dn1,37.774524,-122.473656,1
64,49,3,dn7;dn8,37.718779,-122.462401,2
64,49,4,dn12,37.78929,-122.426797,1
64,49,5,dn15,37.739611,-122.492203,1
64,50,1,dn1,37.774524,-122.473656,1
64,50,3,dn7;dn8,37.718779,-122.462401,2
64,50,4,dn12,37.78929,-122.426797,1
64,50,5,dn13;dn15,37.739611,-122.492203,2
64,51,1,dn1,37.774524,-122.473656,1
64,51,3,dn8,37.718779,-122.462401,1
64,51,4,dn12,37.78929,-122.426797,1
64,51,5,dn13;dn15,37.739611,-122.492203,2
64,52,1,dn1;dn3,37.774524,-122.473656,2
64,52,3,dn8,37.718779,-122.462401,1
64,52,4,dn12,37.78929,-122.426797,1
64,52,5,dn13;dn15,37.739611,-122.492203,2
64,53,1,dn1;dn3,37.774524,-122.473656,2
64,53,3,dn8,37.718779,-122.462401,1
64,53,4,dn12,37.78929,-122.426797,1
64,53,5,dn13;dn15,37.739611,-122.492203,2
64,54,1,dn3,37.774524,-122.473656,1
64,54,3,dn8,37.718779,-122.462401,1
64,54,4,dn12,37.78929,-122.426797,1
64,54,5,dn13;dn15,37.739611,-122.492203,2
64,55,1,dn3,37.774524,-122.473656,1
64,55,3,dn8,37.718779,-122.462401,1
64,55,4,dn12,37.78929,-122.426797,1
64,55,5,dn13;dn15,37.739611,-122.492203,2
64,56,1,dn3,37.774524,-122.473656,1
64,56,3,dn8,37.718779,-122.462401,1
64,56,4,dn12,37.78929,-122.426797,1
64,56,5,dn13;dn15,37.739611,-122.492203,2
64,57,1,dn2;dn3,37.774524,-122.473656,2
64,57,3,dn8,37.718779,-122.462401,1
64,57,4,dn12,37.78929,-122.426797,1
64,57,5,dn13;dn15,37.739611,-122.492203,2
64,58,1,dn2;dn3,37.774524,-122.473656,2
64,58,4,dn12,37.78929,-122.426797,1
64,58,5,dn13;dn15,37.739611,-122.492203,2
64,59,1,dn2;dn3,37.774524,-122.473656,2
64,59,4,dn12,37.78929,-122.426797,1
64,59,5,dn13;dn15,37.739611,-122.492203,2
64,60,1,dn2;dn3,37.774524,-122.473656,2
64,60,4,dn12,37.78929,-122.426797,1
64,60,5,dn13;dn15,37.739611,-122.492203,2
64,61,1,dn2;dn3,37.774524,-122.473656,2
64,61,3,dn9,37.718779,-122.462401,1
64,61,4,dn12,37.78929,-122.426797,1
64,61,5,dn15,37.739611,-122.492203,1
64,62,1,dn3,37.774524,-122.473656,1
64,62,2,dn6,37.751751,-122.410654,1
64,62,3,dn9,37.718779,-122.462401,1
64,62,4,dn12,37.78929,-122.426797,1
64,62,5,dn15,37.739611,-122.492203,1
64,63,1,dn3,37.774524,-122.473656,1
64,63,3,dn9,37.718779,-122.462401,1
64,63,4,dn12,37.78929,-122.426797,1
64,63,5,dn15,37.739611,-122.492203,1
64,64,3,dn9,37.718779,-122.462401,1
64,64,4,dn11;dn12,37.78929,-122.426797,2
64,64,5,dn15,37.739611,-122.492203,1
64,65,3,dn9,37.718779,-122.462401,1
64,65,4,dn11;dn12,37.78929,-122.426797,2
64,65,5,dn14;dn15,37.739611,-122.492203,2
64,66,3,dn9,37.718779,-122.462401,1
64,66,4,dn11;dn12,37.78929,-122.426797,2
64,66,5,dn14;dn15,37.739611,-122.492203,2
64,67,4,dn11;dn12,37.78929,-122.426797,2
64,67,5,dn14;dn15,37.739611,-122.492203,2
64,68,2,dn5,37.751751,-122.410654,1
64,68,4,dn12,37.78929,-122.426797,1
64,68,5,dn14;dn15,37.739611,-122.492203,2
64,69,2,dn5,37.751751,-122.410654,1
64,69,4,dn12,37.78929,-122.426797,1
64,69,5,dn14;dn15,37.739611,-122.492203,2
64,70,2,dn5,37.751751,-122.410654,1
64,70,3,dn7,37.718779,-122.462401,1
64,70,4,dn12,37.78929,-122.426797,1
64,70,5,dn14;dn15,37.739611,-122.492203,2
64,71,2,dn5,37.751751,-122.410654,1
64,71,4,dn12,37.78929,-122.426797,1
64,71,5,dn14;dn15,37.739611,-122.492203,2
64,72,2,dn5,37.751751,-122.410654,1
64,72,4,dn12,37.78929,-122.426797,1
64,72,5,dn15,37.739611,-122.492203,1
64,73,4,dn12,37.78929,-122.426797,1
64,73,5,dn15,37.739611,-122.492203,1
64,74,5,dn15,37.739611,-122.492203,1
64,75,1,dn3,37.774524,-122.473656,1
64,75,5,dn15,37.739611,-122.492203,1
64,76,1,dn3,37.774524,-122.473656,1
64,76,5,dn15,37.739611,-122.492203,1
64,77,1,dn3,37.774524,-122.473656,1
64,77,3,dn8,37.718779,-122.462401,1
64,77,5,dn15,37.739611,-122.492203,1
64,78,3,dn8,37.718779,-122.462401,1
64,78,5,dn15,37.739611,-122.492203,1
64,79,3,dn8,37.718779,-122.462401,1
64,79,4,dn11,37.78929,-122.426797,1
64,79,5,dn15,37.739611,-122.492203,1
64,80,3,dn8,37.718779,-122.462401,1
64,80,4,dn10;dn11,37.78929,-122.426797,2
64,80,5,dn15,37.739611,-122.492203,1
64,81,3,dn7,37.718779,-122.462401,1
64,81,4,dn10;dn11,37.78929,-122.426797,2
64,81,5,dn15,37.739611,-122.492203,1
64,82,3,dn7,37.718779,-122.462401,1
64,82,4,dn10;dn11,37.78929,-122.426797,2
64,82,5,dn15,37.739611,-122.492203,1
64,83,1,dn1,37.774524,-122.473656,1
64,83,3,dn7,37.718779,-122.462401,1
64,83,4,dn10;dn11,37.78929,-122.426797,2
64,83,5,dn15,37.739611,-122.492203,1
64,84,1,dn1,37.774524,-122.473656,1
64,84,3,dn7,37.718779,-122.462401,1
64,84,4,dn10;dn11,37.78929,-122.426797,2
64,84,5,dn14;dn15,37.739611,-122.492203,2
64,85,3,dn7,37.718779,-122.462401,1
64,85,4,dn10;dn11,37.78929,-122.426797,2
64,85,5,dn14;dn15,37.739611,-122.492203,2
64,86,3,dn7,37.718779,-122.462401,1
64,86,4,dn10;dn11,37.78929,-122.426797,2
64,86,5,dn13;dn15,37.739611,-122.492203,2
64,87,3,dn7,37.718779,-122.462401,1
64,87,4,dn10;dn11,37.78929,-122.426797,2
64,87,5,dn13;dn15,37.739611,-122.492203,2
64,88,2,dn4,37.751751,-122.410654,1
64,88,3,dn7,37.718779,-122.462401,1
64,88,4,dn10;dn11,37.78929,-122.426797,2
64,88,5,dn13;dn15,37.739611,-122.492203,2
64,89,3,dn7,37.718779,-122.462401,1
64,89,4,dn10;dn11,37.78929,-122.426797,2
64,89,5,dn13;dn15,37.739611,-122.492203,2
64,90,3,dn7,37.718779,-122.462401,1
64,90,4,dn10;dn11,37.78929,-122.426797,2
64,90,5,dn13;dn15,37.739611,-122.492203,2
64,91,1,dn2,37.774524,-122.473656,1
64,91,4,dn10;dn11,37.78929,-122.426797,2
64,91,5,dn13;dn15,37.739611,-122.492203,2
64,92,3,dn9,37.718779,-122.462401,1
64,92,4,dn10;dn11,37.78929,-122.426797,2
64,92,5,dn13;dn15,37.739611,-122.492203,2
64,93,1,dn3,37.774524,-122.473656,1
64,93,3,dn9,37.718779,-122.462401,1
64,93,4,dn10;dn11,37.78929,-122.426797,2
64,93,5,dn13;dn15,37.739611,-122.492203,2
64,94,1,dn1;dn3,37.774524,-122.473656,2
64,94,3,dn9,37.718779,-122.462401,1
64,94,4,dn10;dn11,37.78929,-122.426797,2
64,94,5,dn13;dn15,37.739611,-122.492203,2
64,95,1,dn1;dn3,37.774524,-122.473656,2
64,95,4,dn10;dn11,37.78929,-122.426797,2
64,95,5,dn13;dn15,37.739611,-122.492203,2
64,96,1,dn1;dn3,37.774524,-122.473656,2
64,96,4,dn10;dn11,37.78929,-122.426797,2
64,96,5,dn13;dn15,37.739611,-122.492203,2
64,97,1,dn1;dn3,37.774524,-122.473656,2
64,97,3,dn7,37.718779,-122.462401,1
64,97,4,dn10;dn11;dn12,37.78929,-122.426797,3
64,97,5,dn13;dn15,37.739611,-122.492203,2
64,98,1,dn1;dn3,37.774524,-122.473656,2
64,98,3,dn7,37.718779,-122.462401,1
64,98,4,dn10;dn11;dn12,37.78929,-122.426797,3
64,98,5,dn13;dn14;dn15,37.739611,-122.492203,3
64,99,1,dn1;dn3,37.774524,-122.473656,2
64,99,4,dn10;dn11;dn12,37.78929,-122.426797,3
64,99,5,dn13;dn14;dn15,37.739611,-122.492203,3
65,0,1,dn1;dn2;dn3,37.774524,-122.473656,3
65,0,2,dn4;dn5;dn6,37.751751,-122.410654,3
65,0,3,dn7;dn8;dn9,37.718779,-122.462401,3
65,0,4,dn10;dn11;dn12,37.78929,-122.426797,3
65,0,5,dn13;dn14;dn15,37.739611,-122.492203,3
65,6,1,dn2,37.774524,-122.473656,1
65,10,5,dn13,37.739611,-122.492203,1
65,12,1,dn3,37.774524,-122.473656,1
65,12,5,dn14,37.739611,-122.492203,1
65,18,1,dn1,37.774524,-122.473656,1
65,18,5,dn14;dn15,37.739611,-122.492203,2
65,20,3,dn7,37.718779,-122.462401,1
65,20,4,dn11,37.78929,-122.426797,1
65,22,1,dn2,37.774524,-122.473656,1
65,22,2,dn5,37.751751,-122.410654,1
65,24,3,dn9,37.718779,-122.462401,1
65,24,4,dn12,37.78929,-122.426797,1
65,26,3,dn8,37.718779,-122.462401,1
65,26,5,dn13,37.739611,-122.492203,1
65,28,1,dn1,37.774524,-122.473656,1
65,28,5,dn13;dn14,37.739611,-122.492203,2
65,30,1,dn3,37.774524,-122.473656,1
65,30,2,dn6,37.751751,-122.410654,1
65,30,4,dn10,37.78929,-122.426797,1
65,32,2,dn4,37.751751,-122.410654,1
65,32,5,dn15,37.739611,-122.492203,1
65,33,2,dn4,37.751751,-122.410654,1
65,34,2,dn4,37.751751,-122.410654,1
65,35,2,dn4,37.751751,-122.410654,1
65,36,2,dn4,37.751751,-122.410654,1
65,38,1,dn1,37.774524,-122.473656,1
65,38,3,dn7,37.718779,-122.462401,1
65,40,3,dn9,37.718779,-122.462401,1
65,44,3,dn8,37.718779,-122.462401,1
65,44,5,dn15,37.739611,-122.492203,1
65,45,3,dn9,37.718779,-122.462401,1
65,46,2,dn6,37.751751,-122.410654,1
65,46,3,dn9,37.718779,-122.462401,1
65,47,3,dn9,37.718779,-122.462401,1
65,48,3,dn7;dn9,37.718779,-122.462401,2
65,48,4,dn12,37.78929,-122.426797,1
65,48,5,dn13,37.739611,-122.492203,1
65,49,3,dn7;dn9,37.718779,-122.462401,2
65,49,5,dn13,37.739611,-122.492203,1
65,50,3,dn7;dn9,37.718779,-122.462401,2
65,50,5,dn13;dn15,37.739611,-122.492203,2
65,51,3,dn7;dn9,37.718779,-122.462401,2
65,51,5,dn13;dn15,37.739611,-122.492203,2
65,52,1,dn2,37.774524,-122.473656,1
65,52,3,dn7;dn9,37.718779,-122.462401,2
65,52,5,dn13;dn15,37.739611,-122.492203,2
65,53,1,dn2,37.774524,-122.473656,1
65,53,3,dn7;dn9,37.718779,-122.462401,2
65,53,5,dn13;dn15,37.739611,-122.492203,2
65,54,1,dn2,37.774524,-122.473656,1
65,54,3,dn7;dn8;dn9,37.718779,-122.462401,3
65,54,5,dn13;dn15,37.739611,-122.492203,2
65,55,1,dn2,37.774524,-122.473656,1
65,55,3,dn7;dn8;dn9,37.718779,-122.462401,3
65,55,5,dn13;dn15,37.739611,-122.492203,2
65,56,1,dn2,37.774524,-122.473656,1
65,56,2,dn5,37.751751,-122.410654,1
65,56,3,dn7;dn8;dn9,37.718779,-122.462401,3
65,56,5,dn13;dn15,37.739611,-122.492203,2
65,57,3,dn7;dn8;dn9,37.718779,-122.462401,3
65,57,5,dn13;dn15,37.739611,-122.492203,2
65,58,2,dn4,37.751751,-122.410654,1
65,58,3,dn7;dn8;dn9,37.718779,-122.462401,3
65,58,5,dn13;dn15,37.739611,-122.492203,2
65,59,3,dn7;dn8;dn9,37.718779,-122.462401,3
65,59,5,dn13;dn15,37.739611,-122.492203,2
65,60,3,dn7;dn8;dn9,37.718779,-122.462401,3
65,60,4,dn11,37.78929,-122.426797,1
65,60,5,dn13;dn15,37.739611,-122.492203,2
65,61,3,dn7;dn8;dn9,37.718779,-122.462401,3
65,61,5,dn13;dn15,37.739611,-122.492203,2
65,62,3,dn7;dn8;dn9,37.718779,-122.462401,3
65,62,5,dn13;dn14;dn15,37.739611,-122.492203,3
65,63,3,dn7;dn8;dn9,37.718779,-122.462401,3
65,63,5,dn13;dn14;dn15,37.739611,-122.492203,3
65,64,1,dn3,37.774524,-122.473656,1
65,64,3,dn7;dn8;dn9,37.718779,-122.462401,3
65,64,5,dn13;dn14;dn15,37.739611,-122.492203,3
65,65,3,dn8;dn9,37.718779,-122.462401,2
65,65,5,dn13;dn14;dn15,37.739611,-122.492203,3
65,66,3,dn8;dn9,37.718779,-122.462401,2
65,66,4,dn10,37.78929,-122.426797,1
65,66,5,dn13;dn14;dn15,37.739611,-122.492203,3
65,67,3,dn8;dn9,37.718779,-122.462401,2
65,67,5,dn13;dn14;dn15,37.739611,-122.492203,3
65,68,2,dn6,37.751751,-122.410654,1
65,68,3,dn9,37.718779,-122.462401,1
65,68,4,dn12,37.78929,-122.426797,1
65,68,5,dn13;dn14;dn15,37.739611,-122.492203,3
65,69,2,dn6,37.751751,-122.410654,1
65,69,3,dn9,37.718779,-122.462401,1
65,69,4,dn12,37.78929,-122.426797,1
65,69,5,dn13;dn14;dn15,37.739611,-122.492203,3
65,70,2,dn6,37.751751,-122.410654,1
65,70,3,dn9,37.718779,-122.462401,1
65,70,4,dn12,37.78929,-122.426797,1
65,70,5,dn14;dn15,37.739611,-122.492203,2
65,71,3,dn9,37.718779,-122.462401,1
65,71,4,dn12,37.78929,-122.426797,1
65,71,5,dn14;dn15,37.739611,-122.492203,2
65,72,3,dn9,37.718779,-122.462401,1
65,72,5,dn14;dn15,37.739611,-122.492203,2
65,73,5,dn14;dn15,37.739611,-122.492203,2
65,74,1,dn1;dn2,37.774524,-122.473656,2
65,74,5,dn15,37.739611,-122.492203,1
65,75,1,dn1;dn2,37.774524,-122.473656,2
65,75,5,dn15,37.739611,-122.492203,1
65,76,1,dn2,37.774524,-122.473656,1
65,76,5,dn15,37.739611,-122.492203,1
65,77,1,dn2,37.774524,-122.473656,1
65,78,1,dn2,37.774524,-122.473656,1
65,78,4,dn11,37.78929,-122.426797,1
65,79,1,dn2,37.774524,-122.473656,1
65,79,4,dn11,37.78929,-122.426797,1
65,80,1,dn2,37.774524,-122.473656,1
65,80,3,dn7,37.718779,-122.462401,1
65,80,4,dn10;dn11,37.78929,-122.426797,2
65,81,1,dn2,37.774524,-122.473656,1
65,81,4,dn10;dn11,37.78929,-122.426797,2
65,82,1,dn2,37.774524,-122.473656,1
65,82,4,dn10;dn11,37.78929,-122.426797,2
65,83,1,dn2,37.774524,-122.473656,1
65,83,4,dn10;dn11,37.78929,-122.426797,2
65,84,1,dn2;dn3,37.774524,-122.473656,2
65,84,4,dn10;dn11,37.78929,-122.426797,2
65,85,1,dn2;dn3,37.774524,-122.473656,2
65,85,4,dn10;dn11,37.78929,-122.426797,2
65,86,1,dn3,37.774524,-122.473656,1
65,86,4,dn10;dn11,37.78929,-122.426797,2
65,87,1,dn3,37.774524,-122.473656,1
65,87,4,dn10;dn11,37.78929,-122.426797,2
65,88,1,dn3,37.774524,-122.473656,1
65,88,4,dn10;dn11,37.78929,-122.426797,2
65,89,1,dn3,37.774524,-122.473656,1
65,89,4,dn10;dn11,37.78929,-122.426797,2
65,90,1,dn3,37.774524,-122.473656,1
65,90,3,dn7,37.718779,-122.462401,1
65,90,4,dn10;dn11,37.78929,-122.426797,2
65,91,1,dn3,37.774524,-122.473656,1
65,91,3,dn8,37.718779,-122.462401,1
65,91,4,dn10;dn11,37.78929,-122.426797,2
65,92,1,dn3,37.774524,-122.473656,1
65,92,4,dn10;dn11,37.78929,-122.426797,2
65,93,4,dn10;dn11,37.78929,-122.426797,2
65,93,5,dn14;dn15,37.739611,-122.492203,2
65,94,4,dn11,37.78929,-122.426797,1
65,94,5,dn15,37.739611,-122.492203,1
65,95,4,dn11,37.78929,-122.426797,1
65,95,5,dn15,37.739611,-122.492203,1
65,96,2,dn5,37.751751,-122.410654,1
65,96,4,dn11,37.78929,-122.426797,1
65,96,5,dn15,37.739611,-122.492203,1
65,97,5,dn15,37.739611,-122.492203,1
65,98,5,dn15,37.739611,-122.492203,1
66,0,1,dn1;dn2;dn3,37.774524,-122.473656,3
66,0,2,dn4;dn5;dn6,37.751751,-122.410654,3
66,0,3,dn7;dn8;dn9,37.718779,-122.462401,3
66,0,4,dn10;dn11;dn12,37.78929,-122.426797,3
66,0,5,dn13;dn14;dn15,37.739611,-122.492203,3
66,8,3,dn8,37.718779,-122.462401,1
66,8,5,dn13,37.739611,-122.492203,1
66,10,1,dn3,37.774524,-122.473656,1
66,10,5,dn14,37.739611,-122.492203,1
66,12,1,dn2,37.774524,-122.473656,1
66,12,4,dn11,37.78929,-122.426797,1
66,14,1,dn1,37.774524,-122.473656,1
66,14,4,dn12,37.78929,-122.426797,1
66,14,5,dn13,37.739611,-122.492203,1
66,15,4,dn10,37.78929,-122.426797,1
66,20,3,dn9,37.718779,-122.462401,1
66,20,5,dn15,37.739611,-122.492203,1
66,24,1,dn3,37.774524,-122.473656,1
66,24,3,dn7;dn8,37.718779,-122.462401,2
66,25,3,dn8,37.718779,-122.462401,1
66,26,3,dn8,37.718779,-122.462401,1
66,27,3,dn8,37.718779,-122.462401,1
66,28,1,dn2,37.774524,-122.473656,1
66,30,2,dn4,37.751751,-122.410654,1
66,32,1,dn1,37.774524,-122.473656,1
66,32,3,dn9,37.718779,-122.462401,1
66,32,4,dn11,37.78929,-122.426797,1
66,34,5,dn14,37.739611,-122.492203,1
66,38,3,dn8,37.718779,-122.462401,1
66,39,4,dn10,37.78929,-122.426797,1
66,42,5,dn13;dn15,37.739611,-122.492203,2
66,43,5,dn15,37.739611,-122.492203,1
66,44,2,dn5,37.751751,-122.410654,1
66,44,5,dn14;dn15,37.739611,-122.492203,2
66,45,5,dn14;dn15,37.739611,-122.492203,2
66,46,2,dn6,37.751751,-122.410654,1
66,46,5,dn14;dn15,37.739611,-122.492203,2
66,47,5,dn14;dn15,37.739611,-122.492203,2
66,48,5,dn14;dn15,37.739611,-122.492203,2
66,49,5,dn14;dn15,37.739611,-122.492203,2
66,50,3,dn7;dn9,37.718779,-122.462401,2
66,50,5,dn14;dn15,37.739611,-122.492203,2
66,51,3,dn9,37.718779,-122.462401,1
66,51,5,dn14;dn15,37.739611,-122.492203,2
66,52,1,dn1,37.774524,-122.473656,1
66,52,5,dn13;dn14;dn15,37.739611,-122.492203,3
66,53,5,dn13;dn14;dn15,37.739611,-122.492203,3
66,54,1,dn3,37.774524,-122.473656,1
66,54,5,dn14;dn15,37.739611,-122.492203,2
66,55,1,dn3,37.774524,-122.473656,1
66,55,5,dn14;dn15,37.739611,-122.492203,2
66,56,1,dn3,37.774524,-122.473656,1
66,56,4,dn12,37.78929,-122.426797,1
66,56,5,dn14;dn15,37.739611,-122.492203,2
66,57,1,dn3,37.774524,-122.473656,1
66,57,5,dn14;dn15,37.739611,-122.492203,2
66,58,1,dn3,37.774524,-122.473656,1
66,58,2,dn4,37.751751,-122.410654,1
66,58,5,dn14;dn15,37.739611,-122.492203,2
66,59,1,dn3,37.774524,-122.473656,1
66,59,5,dn14;dn15,37.739611,-122.492203,2
66,60,1,dn3,37.774524,-122.473656,1
66,60,3,dn8,37.718779,-122.462401,1
66,60,5,dn14;dn15,37.739611,-122.492203,2
66,61,3,dn8,37.718779,-122.462401,1
66,61,5,dn14;dn15,37.739611,-122.492203,2
66,62,3,dn8,37.718779,-122.462401,1
66,62,5,dn14;dn15,37.739611,-122.492203,2
66,63,3,dn8,37.718779,-122.462401,1
66,63,5,dn14;dn15,37.739611,-122.492203,2
66,64,3,dn8,37.718779,-122.462401,1
66,64,5,dn14;dn15,37.739611,-122.492203,2
66,65,3,dn8;dn9,37.718779,-122.462401,2
66,65,5,dn14;dn15,37.739611,-122.492203,2
66,66,3,dn7;dn8;dn9,37.718779,-122.462401,3
66,66,5,dn14;dn15,37.739611,-122.492203,2
66,67,3,dn8;dn9,37.718779,-122.462401,2
66,67,4,dn10,37.78929,-122.426797,1
66,67,5,dn14;dn15,37.739611,-122.492203,2
66,68,2,dn6,37.751751,-122.410654,1
66,68,3,dn8;dn9,37.718779,-122.462401,2
66,68,5,dn14;dn15,37.739611,-122.492203,2
66,69,2,dn6,37.751751,-122.410654,1
66,69,3,dn8;dn9,37.718779,-122.462401,2
66,69,5,dn14;dn15,37.739611,-122.492203,2
66,70,2,dn6,37.751751,-122.410654,1
66,70,3,dn8;dn9,37.718779,-122.462401,2
66,70,5,dn14;dn15,37.739611,-122.492203,2
66,71,2,dn6,37.751751,-122.410654,1
66,71,3,dn8;dn9,37.718779,-122.462401,2
66,71,5,dn14;dn15,37.739611,-122.492203,2
66,72,1,dn2,37.774524,-122.473656,1
66,72,2,dn6,37.751751,-122.410654,1
66,72,3,dn8;dn9,37.718779,-122.462401,2
66,72,5,dn13;dn14;dn15,37.739611,-122.492203,3
66,73,2,dn6,37.751751,-122.410654,1
66,73,3,dn8;dn9,37.718779,-122.462401,2
66,73,5,dn13;dn14;dn15,37.739611,-122.492203,3
66,74,2,dn6,37.751751,-122.410654,1
66,74,3,dn8;dn9,37.718779,-122.462401,2
66,74,5,dn13;dn14;dn15,37.739611,-122.492203,3
66,75,3,dn8;dn9,37.718779,-122.462401,2
66,75,5,dn13;dn14;dn15,37.739611,-122.492203,3
66,76,3,dn8;dn9,37.718779,-122.462401,2
66,76,4,dn11,37.78929,-122.426797,1
66,76,5,dn13;dn14;dn15,37.739611,-122.492203,3
66,77,3,dn9,37.718779,-122.462401,1
66,77,4,dn11,37.78929,-122.426797,1
66,77,5,dn13;dn14;dn15,37.739611,-122.492203,3
66,78,1,dn1,37.774524,-122.473656,1
66,78,3,dn9,37.718779,-122.462401,1
66,78,4,dn11,37.78929,-122.426797,1
66,78,5,dn13;dn14;dn15,37.739611,-122.492203,3
66,79,1,dn1,37.774524,-122.473656,1
66,79,4,dn11,37.78929,-122.426797,1
66,79,5,dn13;dn14;dn15,37.739611,-122.492203,3
66,80,4,dn11,37.78929,-122.426797,1
66,80,5,dn13;dn14;dn15,37.739611,-122.492203,3
66,81,4,dn11,37.78929,-122.426797,1
66,81,5,dn14;dn15,37.739611,-122.492203,2
66,82,1,dn3,37.774524,-122.473656,1
66,82,4,dn12,37.78929,-122.426797,1
66,82,5,dn14;dn15,37.739611,-122.492203,2
66,83,1,dn3,37.774524,-122.473656,1
66,83,4,dn12,37.78929,-122.426797,1
66,83,5,dn14;dn15,37.739611,-122.492203,2
66,84,1,dn3,37.774524,-122.473656,1
66,84,4,dn12,37.78929,-122.426797,1
66,84,5,dn14;dn15,37.739611,-122.492203,2
66,85,4,dn10;dn12,37.78929,-122.426797,2
66,85,5,dn14;dn15,37.739611,-122.492203,2
66,86,4,dn10;dn12,37.78929,-122.426797,2
66,86,5,dn14;dn15,37.739611,-122.492203,2
66,87,4,dn10;dn12,37.78929,-122.426797,2
66,87,5,dn13;dn15,37.739611,-122.492203,2
66,88,4,dn10;dn12,37.78929,-122.426797,2
66,88,5,dn15,37.739611,-122.492203,1
66,89,4,dn10;dn12,37.78929,-122.426797,2
66,89,5,dn15,37.739611,-122.492203,1
66,90,3,dn9,37.718779,-122.462401,1
66,90,4,dn10;dn12,37.78929,-122.426797,2
66,91,2,dn6,37.751751,-122.410654,1
66,91,3,dn9,37.718779,-122.462401,1
66,91,4,dn10;dn12,37.78929,-122.426797,2
66,92,1,dn2,37.774524,-122.473656,1
66,92,2,dn4;dn5;dn6,37.751751,-122.410654,3
66,92,3,dn9,37.718779,-122.462401,1
66,92,4,dn10;dn12,37.78929,-122.426797,2
66,93,2,dn4;dn5;dn6,37.751751,-122.410654,3
66,93,3,dn9,37.718779,-122.462401,1
66,93,4,dn10;dn12,37.78929,-122.426797,2
66,94,2,dn5;dn6,37.751751,-122.410654,2
66,94,3,dn9,37.718779,-122.462401,1
66,94,4,dn10;dn12,37.78929,-122.426797,2
66,95,2,dn6,37.751751,-122.410654,1
66,95,3,dn9,37.718779,-122.462401,1
66,95,4,dn10;dn12,37.78929,-122.426797,2
66,96,3,dn9,37.718779,-122.462401,1
66,96,4,dn10;dn12,37.78929,-122.426797,2
66,97,3,dn9,37.718779,-122.462401,1
66,97,4,dn10;dn12,37.78929,-122.426797,2
66,98,1,dn3,37.774524,-122.473656,1
66,98,3,dn9,37.718779,-122.462401,1
66,98,4,dn10;dn12,37.78929,-122.426797,2
66,99,1,dn3,37.774524,-122.473656,1
66,99,3,dn9,37.718779,-122.462401,1
66,99,4,dn10;dn12,37.78929,-122.426797,2
67,0,1,dn1;dn2;dn3,37.774524,-122.473656,3
67,0,2,dn4;dn5;dn6,37.751751,-122.410654,3
67,0,3,dn7;dn8;dn9,37.718779,-122.462401,3
67,0,4,dn10;dn11;dn12,37.78929,-122.426797,3
67,0,5,dn13;dn14;dn15,37.739611,-122.492203,3
67,8,3,dn7,37.718779,-122.462401,1
67,10,1,dn2,37.774524,-122.473656,1
67,10,5,dn15,37.739611,-122.492203,1
67,11,5,dn14,37.739611,-122.492203,1
67,12,3,dn9,37.718779,-122.462401,1
67,12,5,dn13,37.739611,-122.492203,1
67,13,5,dn13,37.739611,-122.492203,1
67,14,5,dn13,37.739611,-122.492203,1
67,15,3,dn8,37.718779,-122.462401,1
67,15,5,dn13,37.739611,-122.492203,1
67,16,5,dn13,37.739611,-122.492203,1
67,17,5,dn13,37.739611,-122.492203,1
67,20,1,dn2,37.774524,-122.473656,1
67,20,3,dn7,37.718779,-122.462401,1
67,22,1,dn1,37.774524,-122.473656,1
67,23,1,dn1,37.774524,-122.473656,1
67,23,5,dn14,37.739611,-122.492203,1
67,24,5,dn14,37.739611,-122.492203,1
67,25,5,dn14,37.739611,-122.492203,1
67,26,5,dn14;dn15,37.739611,-122.492203,2
67,27,5,dn14;dn15,37.739611,-122.492203,2
67,28,5,dn13;dn15,37.739611,-122.492203,2
67,29,5,dn13;dn15,37.739611,-122.492203,2
67,30,5,dn13;dn15,37.739611,-122.492203,2
67,31,5,dn13;dn15,37.739611,-122.492203,2
67,32,1,dn3,37.774524,-122.473656,1
67,32,5,dn13;dn15,37.739611,-122.492203,2
67,33,5,dn13;dn15,37.739611,-122.492203,2
67,34,5,dn15,37.739611,-122.492203,1
67,35,1,dn1,37.774524,-122.473656,1
67,35,5,dn15,37.739611,-122.492203,1
67,36,1,dn1,37.774524,-122.473656,1
67,36,2,dn5,37.751751,-122.410654,1
67,37,5,dn14,37.739611,-122.492203,1
67,38,4,dn11;dn12,37.78929,-122.426797,2
67,38,5,dn14,37.739611,-122.492203,1
67,39,4,dn11;dn12,37.78929,-122.426797,2
67,39,5,dn14,37.739611,-122.492203,1
67,40,2,dn4,37.751751,-122.410654,1
67,40,4,dn11;dn12,37.78929,-122.426797,2
67,40,5,dn14,37.739611,-122.492203,1
67,41,4,dn11;dn12,37.78929,-122.426797,2
67,41,5,dn14,37.739611,-122.492203,1
67,42,4,dn10;dn11;dn12,37.78929,-122.426797,3
67,42,5,dn14,37.739611,-122.492203,1
67,43,4,dn10;dn11;dn12,37.78929,-122.426797,3
67,44,2,dn6,37.751751,-122.410654,1
67,44,4,dn11;dn12,37.78929,-122.426797,2
67,45,2,dn6,37.751751,-122.410654,1
67,45,4,dn11;dn12,37.78929,-122.426797,2
67,46,2,dn6,37.751751,-122.410654,1
67,46,4,dn12,37.78929,-122.426797,1
67,47,2,dn6,37.751751,-122.410654,1
67,47,4,dn12,37.78929,-122.426797,1
67,48,2,dn6,37.751751,-122.410654,1
67,48,4,dn12,37.78929,-122.426797,1
67,48,5,dn14,37.739611,-122.492203,1
67,49,2,dn6,37.751751,-122.410654,1
67,49,4,dn12,37.78929,-122.426797,1
67,49,5,dn14;dn15,37.739611,-122.492203,2
67,50,1,dn2,37.774524,-122.473656,1
67,50,4,dn12,37.78929,-122.426797,1
67,50,5,dn14;dn15,37.739611,-122.492203,2
67,51,1,dn2,37.774524,-122.473656,1
67,51,4,dn12,37.78929,-122.426797,1
67,51,5,dn14;dn15,37.739611,-122.492203,2
67,52,1,dn2,37.774524,-122.473656,1
67,52,3,dn7;dn9,37.718779,-122.462401,2
67,52,4,dn12,37.78929,-122.426797,1
67,52,5,dn14;dn15,37.739611,-122.492203,2
67,53,3,dn7;dn9,37.718779,-122.462401,2
67,53,4,dn12,37.78929,-122.426797,1
67,53,5,dn13;dn14;dn15,37.739611,-122.492203,3
67,54,3,dn7;dn9,37.718779,-122.462401,2
67,54,4,dn12,37.78929,-122.426797,1
67,54,5,dn13;dn14;dn15,37.739611,-122.492203,3
67,55,3,dn7;dn9,37.718779,-122.462401,2
67,55,5,dn13;dn14;dn15,37.739611,-122.492203,3
67,56,3,dn7;dn9,37.718779,-122.462401,2
67,56,5,dn13;dn14;dn15,37.739611,-122.492203,3
67,57,3,dn7;dn8;dn9,37.718779,-122.462401,3
67,57,5,dn14;dn15,37.739611,-122.492203,2
67,58,1,dn3,37.774524,-122.473656,1
67,58,3,dn7;dn8;dn9,37.718779,-122.462401,3
67,58,5,dn14;dn15,37.739611,-122.492203,2
67,59,3,dn7;dn8;dn9,37.718779,-122.462401,3
67,59,5,dn14;dn15,37.739611,-122.492203,2
67,60,1,dn1,37.774524,-122.473656,1
67,60,3,dn7;dn8;dn9,37.718779,-122.462401,3
67,60,5,dn14;dn15,37.739611,-122.492203,2
67,61,1,dn1,37.774524,-122.473656,1
67,61,3,dn7;dn8;dn9,37.718779,-122.462401,3
67,61,4,dn11,37.78929,-122.426797,1
67,61,5,dn14;dn15,37.739611,-122.492203,2
67,62,2,dn5,37.751751,-122.410654,1
67,62,3,dn7;dn8;dn9,37.718779,-122.462401,3
67,62,5,dn14;dn15,37.739611,-122.492203,2
67,63,2,dn5,37.751751,-122.410654,1
67,63,3,dn8;dn9,37.718779,-122.462401,2
67,63,5,dn14;dn15,37.739611,-122.492203,2
67,64,2,dn5,37.751751,-122.410654,1
67,64,3,dn8;dn9,37.718779,-122.462401,2
67,64,5,dn14;dn15,37.739611,-122.492203,2
67,65,2,dn5,37.751751,-122.410654,1
67,65,3,dn8;dn9,37.718779,-122.462401,2
67,65,5,dn14;dn15,37.739611,-122.492203,2
67,66,2,dn5,37.751751,-122.410654,1
67,66,3,dn9,37.718779,-122.462401,1
67,66,5,dn14;dn15,37.739611,-122.492203,2
67,67,2,dn5,37.751751,-122.410654,1
67,67,5,dn13;dn14;dn15,37.739611,-122.492203,3
67,68,2,dn5,37.751751,-122.410654,1
67,68,5,dn14;dn15,37.739611,-122.492203,2
67,69,2,dn5,37.751751,-122.410654,1
67,69,5,dn14;dn15,37.739611,-122.492203,2
67,70,2,dn5,37.751751,-122.410654,1
67,70,5,dn14;dn15,37.739611,-122.492203,2
67,71,2,dn5,37.751751,-122.410654,1
67,71,5,dn14;dn15,37.739611,-122.492203,2
67,72,2,dn4,37.751751,-122.410654,1
67,72,5,dn14;dn15,37.739611,-122.492203,2
67,73,2,dn4,37.751751,-122.410654,1
67,73,3,dn7,37.718779,-122.462401,1
67,73,5,dn14;dn15,37.739611,-122.492203,2
67,74,1,dn2;dn3,37.774524,-122.473656,2
67,74,2,dn4,37.751751,-122.410654,1
67,74,3,dn7,37.718779,-122.462401,1
67,74,4,dn12,37.78929,-122.426797,1
67,74,5,dn14;dn15,37.739611,-122.492203,2
67,75,1,dn3,37.774524,-122.473656,1
67,75,2,dn4,37.751751,-122.410654,1
67,75,3,dn7,37.718779,-122.462401,1
67,75,4,dn12,37.78929,-122.426797,1
67,75,5,dn14;dn15,37.739611,-122.492203,2
67,76,1,dn3,37.774524,-122.473656,1
67,76,2,dn4,37.751751,-122.410654,1
67,76,3,dn7,37.718779,-122.462401,1
67,76,4,dn12,37.78929,-122.426797,1
67,76,5,dn14;dn15,37.739611,-122.492203,2
67,77,1,dn3,37.774524,-122.473656,1
67,77,2,dn4,37.751751,-122.410654,1
67,77,3,dn7;dn8;dn9,37.718779,-122.462401,3
67,77,4,dn12,37.78929,-122.426797,1
67,77,5,dn14;dn15,37.739611,-122.492203,2
67,78,2,dn4,37.751751,-122.410654,1
67,78,3,dn7;dn8;dn9,37.718779,-122.462401,3
67,78,4,dn12,37.78929,-122.426797,1
67,78,5,dn14;dn15,37.739611,-122.492203,2
67,79,2,dn4;dn6,37.751751,-122.410654,2
67,79,3,dn7;dn8;dn9,37.718779,-122.462401,3
67,79,4,dn12,37.78929,-122.426797,1
67,79,5,dn14;dn15,37.739611,-122.492203,2
67,80,2,dn4;dn6,37.751751,-122.410654,2
67,80,3,dn7;dn8;dn9,37.718779,-122.462401,3
67,80,5,dn14;dn15,37.739611,-122.492203,2
67,81,1,dn1,37.774524,-122.473656,1
67,81,2,dn6,37.751751,-122.410654,1
67,81,3,dn7;dn8;dn9,37.718779,-122.462401,3
67,81,5,dn14;dn15,37.739611,-122.492203,2
67,82,1,dn1,37.774524,-122.473656,1
67,82,2,dn6,37.751751,-122.410654,1
67,82,3,dn7;dn8;dn9,37.718779,-122.462401,3
67,82,5,dn14;dn15,37.739611,-122.492203,2
67,83,1,dn1,37.774524,-122.473656,1
67,83,3,dn7;dn8;dn9,37.718779,-122.462401,3
67,83,5,dn13;dn14;dn15,37.739611,-122.492203,3
67,84,3,dn7;dn8;dn9,37.718779,-122.462401,3
67,84,5,dn13;dn14;dn15,37.739611,-122.492203,3
67,85,3,dn7;dn8;dn9,37.718779,-122.462401,3
67,85,4,dn10,37.78929,-122.426797,1
67,85,5,dn13;dn14;dn15,37.739611,-122.492203,3
67,86,3,dn7;dn8;dn9,37.718779,-122.462401,3
67,86,4,dn10,37.78929,-122.426797,1
67,86,5,dn13;dn14;dn15,37.739611,-122.492203,3
67,87,3,dn7;dn8;dn9,37.718779,-122.462401,3
67,87,5,dn13;dn14;dn15,37.739611,-122.492203,3
67,88,3,dn8;dn9,37.718779,-122.462401,2
67,88,5,dn13;dn14;dn15,37.739611,-122.492203,3
67,89,3,dn8;dn9,37.718779,-122.462401,2
67,89,5,dn13;dn14;dn15,37.739611,-122.492203,3
67,90,3,dn8;dn9,37.718779,-122.462401,2
67,90,5,dn13;dn14;dn15,37.739611,-122.492203,3
67,91,3,dn8;dn9,37.718779,-122.462401,2
67,91,5,dn13;dn14;dn15,37.739611,-122.492203,3
67,92,3,dn8;dn9,37.718779,-122.462401,2
67,92,5,dn13;dn14;dn15,37.739611,-122.492203,3
67,93,3,dn8;dn9,37.718779,-122.462401,2
67,93,5,dn13;dn14;dn15,37.739611,-122.492203,3
67,94,3,dn8;dn9,37.718779,-122.462401,2
67,94,5,dn13;dn14;dn15,37.739611,-122.492203,3
67,95,3,dn9,37.718779,-122.462401,1
67,95,5,dn13;dn14;dn15,37.739611,-122.492203,3
67,96,3,dn9,37.718779,-122.462401,1
67,96,5,dn13;dn14;dn15,37.739611,-122.492203,3
67,97,3,dn9,37.718779,-122.462401,1
67,97,5,dn13;dn14;dn15,37.739611,-122.492203,3
67,98,3,dn9,37.718779,-122.462401,1
67,98,5,dn13;dn14;dn15,37.739611,-122.492203,3
67,99,2,dn4,37.751751,-122.410654,1
67,99,3,dn9,37.718779,-122.462401,1
67,99,5,dn13;dn14;dn15,37.739611,-122.492203,3
68,0,1,dn1;dn2;dn3,37.774524,-122.473656,3
68,0,2,dn4;dn5;dn6,37.751751,-122.410654,3
68,0,3,dn7;dn8;dn9,37.718779,-122.462401,3
68,0,4,dn10;dn11;dn12,37.78929,-122.426797,3
68,0,5,dn13;dn14;dn15,37.739611,-122.492203,3
68,10,3,dn9,37.718779,-122.462401,1
68,12,5,dn13,37.739611,-122.492203,1
68,14,4,dn10,37.78929,-122.426797,1
68,15,5,dn14,37.739611,-122.492203,1
68,16,2,dn5,37.751751,-122.410654,1
68,16,3,dn7,37.718779,-122.462401,1
68,18,1,dn1;dn2,37.774524,-122.473656,2
68,18,5,dn15,37.739611,-122.492203,1
68,19,5,dn14,37.739611,-122.492203,1
68,20,3,dn8,37.718779,-122.462401,1
68,20,5,dn13,37.739611,-122.492203,1
68,22,1,dn3,37.774524,-122.473656,1
68,22,4,dn11,37.78929,-122.426797,1
68,28,3,dn7,37.718779,-122.462401,1
68,28,5,dn13;dn15,37.739611,-122.492203,2
68,30,4,dn10;dn12,37.78929,-122.426797,2
68,34,2,dn4,37.751751,-122.410654,1
68,36,2,dn6,37.751751,-122.410654,1
68,36,3,dn7;dn9,37.718779,-122.462401,2
68,36,5,dn13,37.739611,-122.492203,1
68,37,3,dn7;dn9,37.718779,-122.462401,2
68,38,3,dn7;dn9,37.718779,-122.462401,2
68,39,3,dn7;dn9,37.718779,-122.462401,2
68,40,3,dn7;dn9,37.718779,-122.462401,2
68,41,3,dn7;dn9,37.718779,-122.462401,2
68,42,3,dn7;dn9,37.718779,-122.462401,2
68,43,3,dn7;dn9,37.718779,-122.462401,2
68,43,5,dn14,37.739611,-122.492203,1
68,44,1,dn1,37.774524,-122.473656,1
68,44,3,dn7;dn9,37.718779,-122.462401,2
68,44,4,dn11,37.78929,-122.426797,1
68,45,2,dn4,37.751751,-122.410654,1
68,45,3,dn7;dn9,37.718779,-122.462401,2
68,45,5,dn15,37.739611,-122.492203,1
68,46,1,dn2,37.774524,-122.473656,1
68,46,2,dn4,37.751751,-122.410654,1
68,46,3,dn7;dn9,37.718779,-122.462401,2
68,46,5,dn15,37.739611,-122.492203,1
68,47,1,dn2,37.774524,-122.473656,1
68,47,2,dn4,37.751751,-122.410654,1
68,47,3,dn7;dn9,37.718779,-122.462401,2
68,47,5,dn15,37.739611,-122.492203,1
68,48,1,dn2,37.774524,-122.473656,1
68,48,2,dn4,37.751751,-122.410654,1
68,48,3,dn7;dn9,37.718779,-122.462401,2
68,48,4,dn12,37.78929,-122.426797,1
68,48,5,dn15,37.739611,-122.492203,1
68,49,1,dn2,37.774524,-122.473656,1
68,49,2,dn4,37.751751,-122.410654,1
68,49,3,dn7;dn9,37.718779,-122.462401,2
68,49,4,dn12,37.78929,-122.426797,1
68,49,5,dn15,37.739611,-122.492203,1
68,50,1,dn2,37.774524,-122.473656,1
68,50,2,dn4,37.751751,-122.410654,1
68,50,3,dn7;dn9,37.718779,-122.462401,2
68,50,4,dn12,37.78929,-122.426797,1
68,50,5,dn15,37.739611,-122.492203,1
68,51,1,dn2,37.774524,-122.473656,1
68,51,2,dn4,37.751751,-122.410654,1
68,51,3,dn9,37.718779,-122.462401,1
68,51,4,dn12,37.78929,-122.426797,1
68,51,5,dn15,37.739611,-122.492203,1
68,52,1,dn3,37.774524,-122.473656,1
68,52,2,dn4,37.751751,-122.410654,1
68,52,3,dn9,37.718779,-122.462401,1
68,52,4,dn12,37.78929,-122.426797,1
68,52,5,dn15,37.739611,-122.492203,1
68,53,1,dn3,37.774524,-122.473656,1
68,53,2,dn4,37.751751,-122.410654,1
68,53,3,dn9,37.718779,-122.462401,1
68,53,4,dn12,37.78929,-122.426797,1
68,53,5,dn15,37.739611,-122.492203,1
68,54,1,dn3,37.774524,-122.473656,1
68,54,3,dn9,37.718779,-122.462401,1
68,54,4,dn12,37.78929,-122.426797,1
68,54,5,dn15,37.739611,-122.492203,1
68,55,3,dn9,37.718779,-122.462401,1
68,55,4,dn12,37.78929,-122.426797,1
68,55,5,dn15,37.739611,-122.492203,1
68,56,3,dn8,37.718779,-122.462401,1
68,56,4,dn12,37.78929,-122.426797,1
68,56,5,dn15,37.739611,-122.492203,1
68,57,3,dn8,37.718779,-122.462401,1
68,57,4,dn12,37.78929,-122.426797,1
68,57,5,dn15,37.739611,-122.492203,1
68,58,3,dn8,37.718779,-122.462401,1
68,58,4,dn12,37.78929,-122.426797,1
68,58,5,dn15,37.739611,-122.492203,1
68,59,4,dn12,37.78929,-122.426797,1
68,59,5,dn15,37.739611,-122.492203,1
68,60,2,dn5,37.751751,-122.410654,1
68,60,4,dn12,37.78929,-122.426797,1
68,60,5,dn13;dn15,37.739611,-122.492203,2
68,61,4,dn12,37.78929,-122.426797,1
68,61,5,dn13;dn14;dn15,37.739611,-122.492203,3
68,62,1,dn1,37.774524,-122.473656,1
68,62,4,dn12,37.78929,-122.426797,1
68,62,5,dn13;dn14;dn15,37.739611,-122.492203,3
68,63,1,dn1,37.774524,-122.473656,1
68,63,2,dn4,37.751751,-122.410654,1
68,63,4,dn12,37.78929,-122.426797,1
68,63,5,dn13;dn14;dn15,37.739611,-122.492203,3
68,64,1,dn1;dn2,37.774524,-122.473656,2
68,64,2,dn4;dn6,37.751751,-122.410654,2
68,64,4,dn12,37.78929,-122.426797,1
68,64,5,dn14;dn15,37.739611,-122.492203,2
68,65,1,dn1;dn2,37.774524,-122.473656,2
68,65,2,dn6,37.751751,-122.410654,1
68,65,4,dn12,37.78929,-122.426797,1
68,65,5,dn14;dn15,37.739611,-122.492203,2
68,66,1,dn1;dn2,37.774524,-122.473656,2
68,66,2,dn6,37.751751,-122.410654,1
68,66,3,dn9,37.718779,-122.462401,1
68,66,4,dn12,37.78929,-122.426797,1
68,66,5,dn14;dn15,37.739611,-122.492203,2
68,67,1,dn1;dn2,37.774524,-122.473656,2
68,67,2,dn6,37.751751,-122.410654,1
68,67,4,dn12,37.78929,-122.426797,1
68,67,5,dn14;dn15,37.739611,-122.492203,2
68,68,1,dn1;dn2,37.774524,-122.473656,2
68,68,4,dn12,37.78929,-122.426797,1
68,68,5,dn14;dn15,37.739611,-122.492203,2
68,69,1,dn1;dn2,37.774524,-122.473656,2
68,69,4,dn12,37.78929,-122.426797,1
68,69,5,dn14;dn15,37.739611,-122.492203,2
68,70,1,dn1;dn2,37.774524,-122.473656,2
68,70,3,dn7,37.718779,-122.462401,1
68,70,4,dn12,37.78929,-122.426797,1
68,70,5,dn14;dn15,37.739611,-122.492203,2
68,71,1,dn2,37.774524,-122.473656,1
68,71,4,dn12,37.78929,-122.426797,1
68,71,5,dn14;dn15,37.739611,-122.492203,2
68,72,4,dn12,37.78929,-122.426797,1
68,72,5,dn14;dn15,37.739611,-122.492203,2
68,73,4,dn12,37.78929,-122.426797,1
68,73,5,dn14;dn15,37.739611,-122.492203,2
68,74,4,dn12,37.78929,-122.426797,1
68,74,5,dn14;dn15,37.739611,-122.492203,2
68,75,4,dn12,37.78929,-122.426797,1
68,75,5,dn15,37.739611,-122.492203,1
68,76,4,dn12,37.78929,-122.426797,1
68,76,5,dn15,37.739611,-122.492203,1
68,77,4,dn12,37.78929,-122.426797,1
68,77,5,dn13;dn15,37.739611,-122.492203,2
68,78,1,dn3,37.774524,-122.473656,1
68,78,3,dn8,37.718779,-122.462401,1
68,78,4,dn12,37.78929,-122.426797,1
68,78,5,dn13;dn15,37.739611,-122.492203,2
68,79,1,dn3,37.774524,-122.473656,1
68,79,3,dn8,37.718779,-122.462401,1
68,79,4,dn12,37.78929,-122.426797,1
68,79,5,dn13;dn15,37.739611,-122.492203,2
68,80,1,dn3,37.774524,-122.473656,1
68,80,2,dn5,37.751751,-122.410654,1
68,80,3,dn7;dn8,37.718779,-122.462401,2
68,80,4,dn11;dn12,37.78929,-122.426797,2
68,80,5,dn13;dn15,37.739611,-122.492203,2
68,81,2,dn5,37.751751,-122.410654,1
68,81,3,dn7;dn8,37.718779,-122.462401,2
68,81,4,dn11;dn12,37.78929,-122.426797,2
68,81,5,dn13;dn15,37.739611,-122.492203,2
68,82,2,dn5;dn6,37.751751,-122.410654,2
68,82,3,dn7;dn8,37.718779,-122.462401,2
68,82,4,dn11;dn12,37.78929,-122.426797,2
68,82,5,dn13;dn15,37.739611,-122.492203,2
68,83,2,dn5;dn6,37.751751,-122.410654,2
68,83,3,dn7;dn8,37.718779,-122.462401,2
68,83,4,dn11;dn12,37.78929,-122.426797,2
68,83,5,dn13;dn15,37.739611,-122.492203,2
68,84,1,dn1,37.774524,-122.473656,1
68,84,2,dn5;dn6,37.751751,-122.410654,2
68,84,3,dn7;dn8,37.718779,-122.462401,2
68,84,4,dn11;dn12,37.78929,-122.426797,2
68,84,5,dn13;dn14;dn15,37.739611,-122.492203,3
68,85,1,dn2,37.774524,-122.473656,1
68,85,2,dn5;dn6,37.751751,-122.410654,2
68,85,3,dn7;dn8,37.718779,-122.462401,2
68,85,4,dn11;dn12,37.78929,-122.426797,2
68,85,5,dn13;dn14;dn15,37.739611,-122.492203,3
68,86,1,dn2,37.774524,-122.473656,1
68,86,2,dn5;dn6,37.751751,-122.410654,2
68,86,3,dn7;dn8;dn9,37.718779,-122.462401,3
68,86,4,dn10;dn11;dn12,37.78929,-122.426797,3
68,86,5,dn13;dn14;dn15,37.739611,-122.492203,3
68,87,1,dn2,37.774524,-122.473656,1
68,87,2,dn5;dn6,37.751751,-122.410654,2
68,87,3,dn7;dn8;dn9,37.718779,-122.462401,3
68,87,4,dn10;dn11;dn12,37.78929,-122.426797,3
68,87,5,dn13;dn14;dn15,37.739611,-122.492203,3
68,88,1,dn2,37.774524,-122.473656,1
68,88,2,dn5;dn6,37.751751,-122.410654,2
68,88,3,dn7;dn8;dn9,37.718779,-122.462401,3
68,88,4,dn10;dn11;dn12,37.78929,-122.426797,3
68,88,5,dn13;dn14;dn15,37.739611,-122.492203,3
68,89,1,dn2,37.774524,-122.473656,1
68,89,2,dn5;dn6,37.751751,-122.410654,2
68,89,3,dn7;dn8;dn9,37.718779,-122.462401,3
68,89,4,dn10;dn11;dn12,37.78929,-122.426797,3
68,89,5,dn13;dn14;dn15,37.739611,-122.492203,3
68,90,1,dn2,37.774524,-122.473656,1
68,90,2,dn4;dn5;dn6,37.751751,-122.410654,3
68,90,3,dn7;dn8;dn9,37.718779,-122.462401,3
68,90,4,dn10;dn11;dn12,37.78929,-122.426797,3
68,90,5,dn13;dn14;dn15,37.739611,-122.492203,3
68,91,1,dn2,37.774524,-122.473656,1
68,91,2,dn4;dn5;dn6,37.751751,-122.410654,3
68,91,3,dn7;dn8;dn9,37.718779,-122.462401,3
68,91,4,dn10;dn11;dn12,37.78929,-122.426797,3
68,91,5,dn13;dn14;dn15,37.739611,-122.492203,3
68,92,1,dn2;dn3,37.774524,-122.473656,2
68,92,2,dn4;dn5;dn6,37.751751,-122.410654,3
68,92,3,dn7;dn8;dn9,37.718779,-122.462401,3
68,92,4,dn10;dn11;dn12,37.78929,-122.426797,3
68,92,5,dn13;dn14;dn15,37.739611,-122.492203,3
68,93,1,dn3,37.774524,-122.473656,1
68,93,2,dn4;dn5;dn6,37.751751,-122.410654,3
68,93,3,dn7;dn8;dn9,37.718779,-122.462401,3
68,93,4,dn10;dn11;dn12,37.78929,-122.426797,3
68,93,5,dn13;dn14;dn15,37.739611,-122.492203,3
68,94,1,dn3,37.774524,-122.473656,1
68,94,2,dn5;dn6,37.751751,-122.410654,2
68,94,3,dn7;dn8;dn9,37.718779,-122.462401,3
68,94,4,dn10;dn11;dn12,37.78929,-122.426797,3
68,94,5,dn13;dn14;dn15,37.739611,-122.492203,3
68,95,2,dn5;dn6,37.751751,-122.410654,2
68,95,3,dn7;dn8;dn9,37.718779,-122.462401,3
68,95,4,dn10;dn11;dn12,37.78929,-122.426797,3
68,95,5,dn13;dn14;dn15,37.739611,-122.492203,3
68,96,2,dn6,37.751751,-122.410654,1
68,96,3,dn7;dn8;dn9,37.718779,-122.462401,3
68,96,4,dn10;dn11;dn12,37.78929,-122.426797,3
68,96,5,dn13;dn14;dn15,37.739611,-122.492203,3
68,97,1,dn1,37.774524,-122.473656,1
68,97,2,dn6,37.751751,-122.410654,1
68,97,3,dn7;dn8;dn9,37.718779,-122.462401,3
68,97,4,dn10;dn11;dn12,37.78929,-122.426797,3
68,97,5,dn13;dn14;dn15,37.739611,-122.492203,3
68,98,1,dn1,37.774524,-122.473656,1
68,98,3,dn7;dn8;dn9,37.718779,-122.462401,3
68,98,4,dn10;dn11;dn12,37.78929,-122.426797,3
68,98,5,dn13;dn14;dn15,37.739611,-122.492203,3
68,99,1,dn1,37.774524,-122.473656,1
68,99,3,dn7;dn8;dn9,37.718779,-122.462401,3
68,99,4,dn10;dn11;dn12,37.78929,-122.426797,3
68,99,5,dn13;dn14;dn15,37.739611,-122.492203,3
69,0,1,dn1;dn2;dn3,37.774524,-122.473656,3
69,0,2,dn4;dn5;dn6,37.751751,-122.410654,3
69,0,3,dn7;dn8;dn9,37.718779,-122.462401,3
69,0,4,dn10;dn11;dn12,37.78929,-122.426797,3
69,0,5,dn13;dn14;dn15,37.739611,-122.492203,3
69,7,3,dn9,37.718779,-122.462401,1
69,10,3,dn7,37.718779,-122.462401,1
69,11,5,dn13,37.739611,-122.492203,1
69,12,1,dn2,37.774524,-122.473656,1
69,14,1,dn1,37.774524,-122.473656,1
69,14,3,dn8,37.718779,-122.462401,1
69,14,5,dn14,37.739611,-122.492203,1
69,16,5,dn15,37.739611,-122.492203,1
69,19,5,dn13,37.739611,-122.492203,1
69,22,5,dn13,37.739611,-122.492203,1
69,24,1,dn3,37.774524,-122.473656,1
69,26,2,dn4,37.751751,-122.410654,1
69,26,5,dn13,37.739611,-122.492203,1
69,27,5,dn13,37.739611,-122.492203,1
69,28,1,dn2,37.774524,-122.473656,1
69,28,2,dn5,37.751751,-122.410654,1
69,28,5,dn13,37.739611,-122.492203,1
69,29,2,dn5,37.751751,-122.410654,1
69,30,4,dn12,37.78929,-122.426797,1
69,32,3,dn7,37.718779,-122.462401,1
69,32,5,dn14,37.739611,-122.492203,1
69,33,5,dn14,37.739611,-122.492203,1
69,34,5,dn14,37.739611,-122.492203,1
69,35,5,dn14,37.739611,-122.492203,1
69,36,5,dn14;dn15,37.739611,-122.492203,2
69,37,5,dn14;dn15,37.739611,-122.492203,2
69,38,5,dn14;dn15,37.739611,-122.492203,2
69,39,5,dn14;dn15,37.739611,-122.492203,2
69,40,1,dn3,37.774524,-122.473656,1
69,40,5,dn15,37.739611,-122.492203,1
69,41,1,dn3,37.774524,-122.473656,1
69,41,5,dn15,37.739611,-122.492203,1
69,42,1,dn3,37.774524,-122.473656,1
69,42,5,dn13;dn15,37.739611,-122.492203,2
69,43,1,dn3,37.774524,-122.473656,1
69,43,5,dn13;dn15,37.739611,-122.492203,2
69,44,1,dn1;dn3,37.774524,-122.473656,2
69,44,5,dn13;dn15,37.739611,-122.492203,2
69,45,1,dn3,37.774524,-122.473656,1
69,45,3,dn9,37.718779,-122.462401,1
69,45,5,dn13;dn15,37.739611,-122.492203,2
69,46,2,dn6,37.751751,-122.410654,1
69,46,5,dn13;dn15,37.739611,-122.492203,2
69,47,5,dn13;dn15,37.739611,-122.492203,2
69,48,4,dn10,37.78929,-122.426797,1
69,48,5,dn13;dn15,37.739611,-122.492203,2
69,49,3,dn7,37.718779,-122.462401,1
69,49,4,dn10,37.78929,-122.426797,1
69,49,5,dn15,37.739611,-122.492203,1
69,50,4,dn10,37.78929,-122.426797,1
69,50,5,dn14;dn15,37.739611,-122.492203,2
69,51,1,dn1,37.774524,-122.473656,1
69,51,5,dn14;dn15,37.739611,-122.492203,2
69,52,1,dn1,37.774524,-122.473656,1
69,52,5,dn14;dn15,37.739611,-122.492203,2
69,53,3,dn9,37.718779,-122.462401,1
69,53,5,dn14;dn15,37.739611,-122.492203,2
69,54,2,dn4,37.751751,-122.410654,1
69,54,5,dn15,37.739611,-122.492203,1
69,55,5,dn15,37.739611,-122.492203,1
69,56,4,dn11,37.78929,-122.426797,1
69,56,5,dn15,37.739611,-122.492203,1
69,57,4,dn11,37.78929,-122.426797,1
69,57,5,dn15,37.739611,-122.492203,1
69,58,5,dn15,37.739611,-122.492203,1
69,61,1,dn3,37.774524,-122.473656,1
69,61,5,dn13,37.739611,-122.492203,1
69,62,1,dn3,37.774524,-122.473656,1
69,62,4,dn12,37.78929,-122.426797,1
69,63,1,dn3,37.774524,-122.473656,1
69,63,2,dn5,37.751751,-122.410654,1
69,64,1,dn3,37.774524,-122.473656,1
69,64,3,dn8,37.718779,-122.462401,1
69,65,1,dn3,37.774524,-122.473656,1
69,66,1,dn3,37.774524,-122.473656,1
69,67,1,dn3,37.774524,-122.473656,1
69,68,1,dn3,37.774524,-122.473656,1
69,69,1,dn3,37.774524,-122.473656,1
69,69,3,dn7,37.718779,-122.462401,1
69,70,1,dn3,37.774524,-122.473656,1
69,71,5,dn14,37.739611,-122.492203,1
69,73,5,dn15,37.739611,-122.492203,1
69,74,5,dn15,37.739611,-122.492203,1
69,75,5,dn13,37.739611,-122.492203,1
69,77,3,dn7,37.718779,-122.462401,1
69,78,1,dn2,37.774524,-122.473656,1
69,79,1,dn3,37.774524,-122.473656,1
69,79,2,dn5,37.751751,-122.410654,1
69,80,1,dn3,37.774524,-122.473656,1
69,80,2,dn5,37.751751,-122.410654,1
69,81,2,dn5,37.751751,-122.410654,1
69,82,1,dn1,37.774524,-122.473656,1
69,83,1,dn1,37.774524,-122.473656,1
69,85,3,dn9,37.718779,-122.462401,1
69,86,4,dn10,37.78929,-122.426797,1
69,87,3,dn7,37.718779,-122.462401,1
69,87,5,dn13,37.739611,-122.492203,1
69,88,3,dn7;dn8,37.718779,-122.462401,2
69,88,5,dn13,37.739611,-122.492203,1
69,89,3,dn7;dn8,37.718779,-122.462401,2
69,89,4,dn11,37.78929,-122.426797,1
69,89,5,dn13,37.739611,-122.492203,1
69,90,2,dn6,37.751751,-122.410654,1
69,90,3,dn7;dn8,37.718779,-122.462401,2
69,90,5,dn13;dn15,37.739611,-122.492203,2
69,91,3,dn7;dn8,37.718779,-122.462401,2
69,91,5,dn13;dn15,37.739611,-122.492203,2
69,92,3,dn8,37.718779,-122.462401,1
69,92,5,dn13;dn15,37.739611,-122.492203,2
69,93,3,dn8,37.718779,-122.462401,1
69,93,5,dn13;dn15,37.739611,-122.492203,2
69,94,3,dn8,37.718779,-122.462401,1
69,94,5,dn13;dn15,37.739611,-122.492203,2
69,95,3,dn8,37.718779,-122.462401,1
69,95,5,dn13;dn15,37.739611,-122.492203,2
69,96,3,dn8,37.718779,-122.462401,1
69,96,5,dn13;dn15,37.739611,-122.492203,2
69,97,3,dn8,37.718779,-122.462401,1
69,97,5,dn13;dn14;dn15,37.739611,-122.492203,3
69,98,5,dn13;dn14;dn15,37.739611,-122.492203,3
69,99,5,dn13;dn14;dn15,37.739611,-122.492203,3
70,0,1,dn1;dn2;dn3,37.774524,-122.473656,3
70,0,2,dn4;dn5;dn6,37.751751,-122.410654,3
70,0,3,dn7;dn8;dn9,37.718779,-122.462401,3
70,0,4,dn10;dn11;dn12,37.78929,-122.426797,3
70,0,5,dn13;dn14;dn15,37.739611,-122.492203,3
70,1,5,dn15,37.739611,-122.492203,1
70,2,5,dn15,37.739611,-122.492203,1
70,3,5,dn15,37.739611,-122.492203,1
70,4,5,dn15,37.739611,-122.492203,1
70,5,5,dn15,37.739611,-122.492203,1
70,8,3,dn8,37.718779,-122.462401,1
70,10,5,dn13,37.739611,-122.492203,1
70,11,5,dn13,37.739611,-122.492203,1
70,12,3,dn7,37.718779,-122.462401,1
70,12,5,dn13,37.739611,-122.492203,1
70,14,5,dn14,37.739611,-122.492203,1
70,15,4,dn12,37.78929,-122.426797,1
70,15,5,dn14,37.739611,-122.492203,1
70,16,3,dn9,37.718779,-122.462401,1
70,16,5,dn14,37.739611,-122.492203,1
70,17,5,dn14,37.739611,-122.492203,1
70,18,1,dn1,37.774524,-122.473656,1
70,18,4,dn10,37.78929,-122.426797,1
70,18,5,dn14,37.739611,-122.492203,1
70,19,1,dn2,37.774524,-122.473656,1
70,19,5,dn13;dn14,37.739611,-122.492203,2
70,20,1,dn2;dn3,37.774524,-122.473656,2
70,20,5,dn13;dn14,37.739611,-122.492203,2
70,21,1,dn2;dn3,37.774524,-122.473656,2
70,21,5,dn13;dn14,37.739611,-122.492203,2
70,22,1,dn2;dn3,37.774524,-122.473656,2
70,22,5,dn13;dn14,37.739611,-122.492203,2
70,23,1,dn2;dn3,37.774524,-122.473656,2
70,23,5,dn13;dn14;dn15,37.739611,-122.492203,3
70,24,1,dn3,37.774524,-122.473656,1
70,24,4,dn11,37.78929,-122.426797,1
70,24,5,dn13;dn14;dn15,37.739611,-122.492203,3
70,25,1,dn3,37.774524,-122.473656,1
70,25,5,dn14;dn15,37.739611,-122.492203,2
70,26,1,dn3,37.774524,-122.473656,1
70,26,5,dn14;dn15,37.739611,-122.492203,2
70,27,1,dn3,37.774524,-122.473656,1
70,27,5,dn14;dn15,37.739611,-122.492203,2
70,28,2,dn6,37.751751,-122.410654,1
70,28,5,dn14;dn15,37.739611,-122.492203,2
70,29,5,dn14;dn15,37.739611,-122.492203,2
70,30,1,dn1,37.774524,-122.473656,1
70,30,5,dn15,37.739611,-122.492203,1
70,31,1,dn1,37.774524,-122.473656,1
70,31,5,dn15,37.739611,-122.492203,1
70,32,1,dn2,37.774524,-122.473656,1
70,32,5,dn15,37.739611,-122.492203,1
70,33,1,dn2,37.774524,-122.473656,1
70,33,5,dn15,37.739611,-122.492203,1
70,34,2,dn4,37.751751,-122.410654,1
70,34,3,dn8,37.718779,-122.462401,1
70,34,5,dn15,37.739611,-122.492203,1
70,35,4,dn12,37.78929,-122.426797,1
70,35,5,dn13;dn15,37.739611,-122.492203,2
70,36,5,dn13;dn15,37.739611,-122.492203,2
70,37,5,dn13;dn15,37.739611,-122.492203,2
70,38,3,dn7,37.718779,-122.462401,1
70,38,5,dn13;dn15,37.739611,-122.492203,2
70,39,5,dn13;dn15,37.739611,-122.492203,2
70,40,5,dn15,37.739611,-122.492203,1
70,41,1,dn1,37.774524,-122.473656,1
70,41,5,dn15,37.739611,-122.492203,1
70,42,1,dn1,37.774524,-122.473656,1
70,42,2,dn5,37.751751,-122.410654,1
70,42,5,dn15,37.739611,-122.492203,1
70,43,2,dn5,37.751751,-122.410654,1
70,43,5,dn15,37.739611,-122.492203,1
70,44,2,dn5,37.751751,-122.410654,1
70,44,5,dn15,37.739611,-122.492203,1
70,45,2,dn5,37.751751,-122.410654,1
70,45,5,dn15,37.739611,-122.492203,1
70,46,2,dn5,37.751751,-122.410654,1
70,46,3,dn9,37.718779,-122.462401,1
70,46,5,dn15,37.739611,-122.492203,1
70,47,2,dn5,37.751751,-122.410654,1
70,47,3,dn9,37.718779,-122.462401,1
70,47,5,dn15,37.739611,-122.492203,1
70,48,2,dn5,37.751751,-122.410654,1
70,48,5,dn15,37.739611,-122.492203,1
70,49,2,dn5,37.751751,-122.410654,1
70,49,5,dn15,37.739611,-122.492203,1
70,50,3,dn8,37.718779,-122.462401,1
70,50,5,dn15,37.739611,-122.492203,1
70,51,1,dn3,37.774524,-122.473656,1
70,51,3,dn8,37.718779,-122.462401,1
70,51,5,dn15,37.739611,-122.492203,1
70,52,1,dn3,37.774524,-122.473656,1
70,52,3,dn8,37.718779,-122.462401,1
70,52,5,dn15,37.739611,-122.492203,1
70,53,3,dn8,37.718779,-122.462401,1
70,53,5,dn13;dn15,37.739611,-122.492203,2
70,54,3,dn8,37.718779,-122.462401,1
70,54,5,dn13;dn15,37.739611,-122.492203,2
70,55,3,dn8,37.718779,-122.462401,1
70,55,5,dn13;dn15,37.739611,-122.492203,2
70,56,1,dn1,37.774524,-122.473656,1
70,56,3,dn8,37.718779,-122.462401,1
70,56,5,dn13;dn15,37.739611,-122.492203,2
70,57,3,dn8,37.718779,-122.462401,1
70,57,5,dn13;dn14;dn15,37.739611,-122.492203,3
70,58,3,dn8,37.718779,-122.462401,1
70,58,4,dn10,37.78929,-122.426797,1
70,58,5,dn13;dn14;dn15,37.739611,-122.492203,3
70,59,3,dn8,37.718779,-122.462401,1
70,59,5,dn13;dn14;dn15,37.739611,-122.492203,3
70,60,3,dn8,37.718779,-122.462401,1
70,60,5,dn13;dn14;dn15,37.739611,-122.492203,3
70,61,3,dn8,37.718779,-122.462401,1
70,61,5,dn13;dn14;dn15,37.739611,-122.492203,3
70,62,5,dn13;dn14;dn15,37.739611,-122.492203,3
70,63,3,dn9,37.718779,-122.462401,1
70,63,5,dn13;dn14;dn15,37.739611,-122.492203,3
70,64,2,dn4,37.751751,-122.410654,1
70,64,5,dn13;dn14;dn15,37.739611,-122.492203,3
70,65,5,dn13;dn14;dn15,37.739611,-122.492203,3
70,66,3,dn7,37.718779,-122.462401,1
70,66,5,dn13;dn14;dn15,37.739611,-122.492203,3
70,67,3,dn7,37.718779,-122.462401,1
70,67,5,dn13;dn14;dn15,37.739611,-122.492203,3
70,68,3,dn7,37.718779,-122.462401,1
70,68,5,dn13;dn14;dn15,37.739611,-122.492203,3
70,69,3,dn7,37.718779,-122.462401,1
70,69,5,dn13;dn14;dn15,37.739611,-122.492203,3
70,70,1,dn1,37.774524,-122.473656,1
70,70,3,dn7,37.718779,-122.462401,1
70,70,4,dn11,37.78929,-122.426797,1
70,70,5,dn13;dn14;dn15,37.739611,-122.492203,3
70,71,1,dn1,37.774524,-122.473656,1
70,71,3,dn7,37.718779,-122.462401,1
70,71,4,dn11,37.78929,-122.426797,1
70,71,5,dn13;dn14;dn15,37.739611,-122.492203,3
70,72,3,dn7,37.718779,-122.462401,1
70,72,4,dn11,37.78929,-122.426797,1
70,72,5,dn13;dn14;dn15,37.739611,-122.492203,3
70,73,3,dn7;dn8,37.718779,-122.462401,2
70,73,4,dn11,37.78929,-122.426797,1
70,73,5,dn13;dn14;dn15,37.739611,-122.492203,3
70,74,3,dn7;dn8,37.718779,-122.462401,2
70,74,4,dn11,37.78929,-122.426797,1
70,74,5,dn13;dn14;dn15,37.739611,-122.492203,3
70,75,2,dn5,37.751751,-122.410654,1
70,75,3,dn7;dn8,37.718779,-122.462401,2
70,75,4,dn11,37.78929,-122.426797,1
70,75,5,dn14;dn15,37.739611,-122.492203,2
70,76,2,dn5,37.751751,-122.410654,1
70,76,3,dn7;dn8,37.718779,-122.462401,2
70,76,5,dn14;dn15,37.739611,-122.492203,2
70,77,2,dn5,37.751751,-122.410654,1
70,77,3,dn7;dn8,37.718779,-122.462401,2
70,77,4,dn12,37.78929,-122.426797,1
70,77,5,dn14;dn15,37.739611,-122.492203,2
70,78,2,dn5;dn6,37.751751,-122.410654,2
70,78,3,dn7;dn8,37.718779,-122.462401,2
70,78,4,dn12,37.78929,-122.426797,1
70,78,5,dn14;dn15,37.739611,-122.492203,2
70,79,2,dn5;dn6,37.751751,-122.410654,2
70,79,3,dn8,37.718779,-122.462401,1
70,79,4,dn12,37.78929,-122.426797,1
70,79,5,dn14;dn15,37.739611,-122.492203,2
70,80,2,dn5;dn6,37.751751,-122.410654,2
70,80,3,dn8,37.718779,-122.462401,1
70,80,4,dn12,37.78929,-122.426797,1
70,80,5,dn14;dn15,37.739611,-122.492203,2
70,81,2,dn5;dn6,37.751751,-122.410654,2
70,81,3,dn8,37.718779,-122.462401,1
70,81,4,dn12,37.78929,-122.426797,1
70,81,5,dn14;dn15,37.739611,-122.492203,2
70,82,2,dn6,37.751751,-122.410654,1
70,82,3,dn8,37.718779,-122.462401,1
70,82,4,dn12,37.78929,-122.426797,1
70,82,5,dn14;dn15,37.739611,-122.492203,2
70,83,1,dn1;dn2,37.774524,-122.473656,2
70,83,2,dn6,37.751751,-122.410654,1
70,83,4,dn12,37.78929,-122.426797,1
70,83,5,dn14;dn15,37.739611,-122.492203,2
70,84,1,dn1;dn2;dn3,37.774524,-122.473656,3
70,84,2,dn6,37.751751,-122.410654,1
70,84,4,dn12,37.78929,-122.426797,1
70,84,5,dn14;dn15,37.739611,-122.492203,2
70,85,1,dn1;dn2;dn3,37.774524,-122.473656,3
70,85,2,dn6,37.751751,-122.410654,1
70,85,4,dn12,37.78929,-122.426797,1
70,85,5,dn13;dn14;dn15,37.739611,-122.492203,3
70,86,1,dn1;dn2;dn3,37.774524,-122.473656,3
70,86,2,dn6,37.751751,-122.410654,1
70,86,4,dn12,37.78929,-122.426797,1
70,86,5,dn13;dn14;dn15,37.739611,-122.492203,3
70,87,1,dn1;dn2;dn3,37.774524,-122.473656,3
70,87,4,dn12,37.78929,-122.426797,1
70,87,5,dn13;dn14;dn15,37.739611,-122.492203,3
70,88,1,dn1;dn2;dn3,37.774524,-122.473656,3
70,88,4,dn12,37.78929,-122.426797,1
70,88,5,dn13;dn14;dn15,37.739611,-122.492203,3
70,89,1,dn1;dn2;dn3,37.774524,-122.473656,3
70,89,4,dn12,37.78929,-122.426797,1
70,89,5,dn14;dn15,37.739611,-122.492203,2
70,90,1,dn2;dn3,37.774524,-122.473656,2
70,90,4,dn10;dn12,37.78929,-122.426797,2
70,90,5,dn14;dn15,37.739611,-122.492203,2
70,91,1,dn2;dn3,37.774524,-122.473656,2
70,91,4,dn10;dn12,37.78929,-122.426797,2
70,91,5,dn14;dn15,37.739611,-122.492203,2
70,92,1,dn3,37.774524,-122.473656,1
70,92,4,dn10;dn12,37.78929,-122.426797,2
70,92,5,dn14;dn15,37.739611,-122.492203,2
70,93,1,dn3,37.774524,-122.473656,1
70,93,4,dn10;dn11;dn12,37.78929,-122.426797,3
70,93,5,dn14;dn15,37.739611,-122.492203,2
70,94,1,dn3,37.774524,-122.473656,1
70,94,4,dn10;dn11;dn12,37.78929,-122.426797,3
70,94,5,dn14;dn15,37.739611,-122.492203,2
70,95,3,dn8;dn9,37.718779,-122.462401,2
70,95,4,dn10;dn11;dn12,37.78929,-122.426797,3
70,95,5,dn14;dn15,37.739611,-122.492203,2
70,96,2,dn4,37.751751,-122.410654,1
70,96,3,dn9,37.718779,-122.462401,1
70,96,4,dn10;dn11;dn12,37.78929,-122.426797,3
70,96,5,dn14;dn15,37.739611,-122.492203,2
70,97,2,dn4,37.751751,-122.410654,1
70,97,3,dn9,37.718779,-122.462401,1
70,97,4,dn10;dn11;dn12,37.78929,-122.426797,3
70,97,5,dn14;dn15,37.739611,-122.492203,2
70,98,2,dn4,37.751751,-122.410654,1
70,98,3,dn9,37.718779,-122.462401,1
70,98,4,dn10;dn11;dn12,37.78929,-122.426797,3
70,98,5,dn14;dn15,37.739611,-122.492203,2
70,99,2,dn4;dn6,37.751751,-122.410654,2
70,99,3,dn9,37.718779,-122.462401,1
70,99,4,dn11;dn12,37.78929,-122.426797,2
70,99,5,dn14;dn15,37.739611,-122.492203,2
71,0,1,dn1;dn2;dn3,37.774524,-122.473656,3
71,0,2,dn4;dn5;dn6,37.751751,-122.410654,3
71,0,3,dn7;dn8;dn9,37.718779,-122.462401,3
71,0,4,dn10;dn11;dn12,37.78929,-122.426797,3
71,0,5,dn13;dn14;dn15,37.739611,-122.492203,3
71,8,5,dn13,37.739611,-122.492203,1
71,12,1,dn3,37.774524,-122.473656,1
71,12,3,dn8,37.718779,-122.462401,1
71,12,5,dn14,37.739611,-122.492203,1
71,14,1,dn1,37.774524,-122.473656,1
71,18,3,dn7,37.718779,-122.462401,1
71,18,5,dn13,37.739611,-122.492203,1
71,20,2,dn5;dn6,37.751751,-122.410654,2
71,22,1,dn2,37.774524,-122.473656,1
71,24,4,dn11,37.78929,-122.426797,1
71,24,5,dn15,37.739611,-122.492203,1
71,26,2,dn4,37.751751,-122.410654,1
71,28,4,dn10,37.78929,-122.426797,1
71,28,5,dn14,37.739611,-122.492203,1
71,30,1,dn3,37.774524,-122.473656,1
71,32,3,dn9,37.718779,-122.462401,1
71,33,5,dn14,37.739611,-122.492203,1
71,40,4,dn10,37.78929,-122.426797,1
71,42,1,dn1,37.774524,-122.473656,1
71,42,5,dn14,37.739611,-122.492203,1
71,43,5,dn14,37.739611,-122.492203,1
71,44,4,dn12,37.78929,-122.426797,1
71,44,5,dn13;dn14;dn15,37.739611,-122.492203,3
71,45,5,dn13;dn14;dn15,37.739611,-122.492203,3
71,46,1,dn2;dn3,37.774524,-122.473656,2
71,46,3,dn8,37.718779,-122.462401,1
71,46,5,dn13;dn14;dn15,37.739611,-122.492203,3
71,47,5,dn13;dn14;dn15,37.739611,-122.492203,3
71,48,1,dn1,37.774524,-122.473656,1
71,48,5,dn13;dn14;dn15,37.739611,-122.492203,3
71,49,5,dn13;dn14;dn15,37.739611,-122.492203,3
71,50,3,dn7;dn9,37.718779,-122.462401,2
71,50,5,dn13;dn14;dn15,37.739611,-122.492203,3
71,51,3,dn7;dn9,37.718779,-122.462401,2
71,51,5,dn13;dn14;dn15,37.739611,-122.492203,3
71,52,2,dn4,37.751751,-122.410654,1
71,52,3,dn9,37.718779,-122.462401,1
71,52,5,dn13;dn14;dn15,37.739611,-122.492203,3
71,53,3,dn9,37.718779,-122.462401,1
71,53,5,dn13;dn14;dn15,37.739611,-122.492203,3
71,54,2,dn6,37.751751,-122.410654,1
71,54,3,dn9,37.718779,-122.462401,1
71,54,5,dn13;dn14;dn15,37.739611,-122.492203,3
71,55,2,dn6,37.751751,-122.410654,1
71,55,3,dn9,37.718779,-122.462401,1
71,55,5,dn13;dn14;dn15,37.739611,-122.492203,3
71,56,3,dn9,37.718779,-122.462401,1
71,56,5,dn13;dn14;dn15,37.739611,-122.492203,3
71,57,5,dn13;dn14;dn15,37.739611,-122.492203,3
71,58,5,dn13;dn14;dn15,37.739611,-122.492203,3
71,59,5,dn13;dn14;dn15,37.739611,-122.492203,3
71,60,2,dn5,37.751751,-122.410654,1
71,60,5,dn13;dn14;dn15,37.739611,-122.492203,3
71,61,5,dn13;dn14;dn15,37.739611,-122.492203,3
71,62,1,dn2,37.774524,-122.473656,1
71,62,4,dn12,37.78929,-122.426797,1
71,62,5,dn13;dn14;dn15,37.739611,-122.492203,3
71,63,5,dn13;dn14;dn15,37.739611,-122.492203,3
71,64,5,dn14;dn15,37.739611,-122.492203,2
71,65,5,dn14;dn15,37.739611,-122.492203,2
71,66,3,dn7,37.718779,-122.462401,1
71,66,5,dn14;dn15,37.739611,-122.492203,2
71,67,3,dn7,37.718779,-122.462401,1
71,67,5,dn14;dn15,37.739611,-122.492203,2
71,68,3,dn7;dn9,37.718779,-122.462401,2
71,68,5,dn14;dn15,37.739611,-122.492203,2
71,69,3,dn7;dn9,37.718779,-122.462401,2
71,69,5,dn14;dn15,37.739611,-122.492203,2
71,70,3,dn9,37.718779,-122.462401,1
71,70,5,dn14;dn15,37.739611,-122.492203,2
71,71,3,dn9,37.718779,-122.462401,1
71,71,5,dn13;dn14;dn15,37.739611,-122.492203,3
71,72,4,dn10,37.78929,-122.426797,1
71,72,5,dn13;dn14;dn15,37.739611,-122.492203,3
71,73,4,dn12,37.78929,-122.426797,1
71,73,5,dn13;dn14;dn15,37.739611,-122.492203,3
71,74,5,dn14;dn15,37.739611,-122.492203,2
71,75,5,dn14;dn15,37.739611,-122.492203,2
71,76,2,dn5,37.751751,-122.410654,1
71,76,4,dn11,37.78929,-122.426797,1
71,76,5,dn14;dn15,37.739611,-122.492203,2
71,77,2,dn5,37.751751,-122.410654,1
71,77,4,dn11,37.78929,-122.426797,1
71,77,5,dn14;dn15,37.739611,-122.492203,2
71,78,1,dn1,37.774524,-122.473656,1
71,78,2,dn5,37.751751,-122.410654,1
71,78,4,dn11,37.78929,-122.426797,1
71,78,5,dn15,37.739611,-122.492203,1
71,79,1,dn1,37.774524,-122.473656,1
71,79,2,dn5,37.751751,-122.410654,1
71,79,4,dn11,37.78929,-122.426797,1
71,80,1,dn1,37.774524,-122.473656,1
71,80,2,dn5,37.751751,-122.410654,1
71,80,4,dn11,37.78929,-122.426797,1
71,81,1,dn1,37.774524,-122.473656,1
71,81,2,dn5,37.751751,-122.410654,1
71,81,4,dn11,37.78929,-122.426797,1
71,82,1,dn1,37.774524,-122.473656,1
71,82,2,dn4,37.751751,-122.410654,1
71,82,4,dn11,37.78929,-122.426797,1
71,83,2,dn4,37.751751,-122.410654,1
71,83,4,dn11,37.78929,-122.426797,1
71,84,2,dn4,37.751751,-122.410654,1
71,84,4,dn11,37.78929,-122.426797,1
71,85,3,dn7,37.718779,-122.462401,1
71,85,4,dn11,37.78929,-122.426797,1
71,86,3,dn7,37.718779,-122.462401,1
71,86,4,dn11,37.78929,-122.426797,1
71,87,2,dn6,37.751751,-122.410654,1
71,87,4,dn11,37.78929,-122.426797,1
71,87,5,dn14,37.739611,-122.492203,1
71,88,4,dn11,37.78929,-122.426797,1
71,89,4,dn11,37.78929,-122.426797,1
71,90,4,dn11,37.78929,-122.426797,1
71,91,4,dn11,37.78929,-122.426797,1
71,91,5,dn13,37.739611,-122.492203,1
71,92,3,dn8,37.718779,-122.462401,1
71,92,4,dn11,37.78929,-122.426797,1
71,93,3,dn8,37.718779,-122.462401,1
71,93,4,dn11,37.78929,-122.426797,1
71,94,1,dn3,37.774524,-122.473656,1
71,94,4,dn11,37.78929,-122.426797,1
71,95,4,dn11,37.78929,-122.426797,1
71,95,5,dn15,37.739611,-122.492203,1
71,96,5,dn15,37.739611,-122.492203,1
71,97,5,dn14,37.739611,-122.492203,1
71,98,5,dn14,37.739611,-122.492203,1
71,99,5,dn14,37.739611,-122.492203,1
72,0,1,dn1;dn2;dn3,37.774524,-122.473656,3
72,0,2,dn4;dn5;dn6,37.751751,-122.410654,3
72,0,3,dn7;dn8;dn9,37.718779,-122.462401,3
72,0,4,dn10;dn11;dn12,37.78929,-122.426797,3
72,0,5,dn13;dn14;dn15,37.739611,-122.492203,3
72,10,5,dn13,37.739611,-122.492203,1
72,13,5,dn14,37.739611,-122.492203,1
72,14,5,dn15,37.739611,-122.492203,1
72,16,1,dn2;dn3,37.774524,-122.473656,2
72,24,3,dn8,37.718779,-122.462401,1
72,24,4,dn12,37.78929,-122.426797,1
72,24,5,dn15,37.739611,-122.492203,1
72,25,5,dn15,37.739611,-122.492203,1
72,26,1,dn1,37.774524,-122.473656,1
72,26,2,dn6,37.751751,-122.410654,1
72,26,3,dn9,37.718779,-122.462401,1
72,26,5,dn15,37.739611,-122.492203,1
72,27,3,dn9,37.718779,-122.462401,1
72,27,5,dn15,37.739611,-122.492203,1
72,28,3,dn9,37.718779,-122.462401,1
72,28,5,dn15,37.739611,-122.492203,1
72,29,3,dn9,37.718779,-122.462401,1
72,29,5,dn15,37.739611,-122.492203,1
72,30,3,dn9,37.718779,-122.462401,1
72,30,5,dn15,37.739611,-122.492203,1
72,31,3,dn9,37.718779,-122.462401,1
72,31,5,dn15,37.739611,-122.492203,1
72,32,5,dn13;dn15,37.739611,-122.492203,2
72,33,5,dn15,37.739611,-122.492203,1
72,34,2,dn5,37.751751,-122.410654,1
72,34,5,dn15,37.739611,-122.492203,1
72,35,5,dn15,37.739611,-122.492203,1
72,36,3,dn7,37.718779,-122.462401,1
72,36,5,dn15,37.739611,-122.492203,1
72,37,3,dn7,37.718779,-122.462401,1
72,37,5,dn15,37.739611,-122.492203,1
72,38,1,dn3,37.774524,-122.473656,1
72,38,2,dn4,37.751751,-122.410654,1
72,38,4,dn12,37.78929,-122.426797,1
72,38,5,dn15,37.739611,-122.492203,1
72,39,4,dn12,37.78929,-122.426797,1
72,39,5,dn15,37.739611,-122.492203,1
72,40,3,dn9,37.718779,-122.462401,1
72,40,4,dn11;dn12,37.78929,-122.426797,2
72,41,4,dn11;dn12,37.78929,-122.426797,2
72,41,5,dn14,37.739611,-122.492203,1
72,42,1,dn1,37.774524,-122.473656,1
72,42,4,dn11;dn12,37.78929,-122.426797,2
72,42,5,dn14,37.739611,-122.492203,1
72,43,4,dn11;dn12,37.78929,-122.426797,2
72,43,5,dn14,37.739611,-122.492203,1
72,44,1,dn2,37.774524,-122.473656,1
72,44,4,dn11;dn12,37.78929,-122.426797,2
72,45,1,dn2,37.774524,-122.473656,1
72,45,4,dn11;dn12,37.78929,-122.426797,2
72,46,1,dn2,37.774524,-122.473656,1
72,46,4,dn10;dn11;dn12,37.78929,-122.426797,3
72,47,1,dn2,37.774524,-122.473656,1
72,47,4,dn10;dn11;dn12,37.78929,-122.426797,3
72,48,4,dn10;dn11;dn12,37.78929,-122.426797,3
72,49,4,dn10;dn11;dn12,37.78929,-122.426797,3
72,49,5,dn13,37.739611,-122.492203,1
72,50,4,dn11;dn12,37.78929,-122.426797,2
72,50,5,dn13,37.739611,-122.492203,1
72,51,4,dn11;dn12,37.78929,-122.426797,2
72,51,5,dn14,37.739611,-122.492203,1
72,52,3,dn8,37.718779,-122.462401,1
72,52,4,dn11;dn12,37.78929,-122.426797,2
72,52,5,dn14,37.739611,-122.492203,1
72,53,4,dn11;dn12,37.78929,-122.426797,2
72,53,5,dn14,37.739611,-122.492203,1
72,54,4,dn11;dn12,37.78929,-122.426797,2
72,54,5,dn14,37.739611,-122.492203,1
72,55,4,dn11;dn12,37.78929,-122.426797,2
72,55,5,dn14,37.739611,-122.492203,1
72,56,1,dn1,37.774524,-122.473656,1
72,56,4,dn12,37.78929,-122.426797,1
72,56,5,dn14,37.739611,-122.492203,1
72,57,1,dn1,37.774524,-122.473656,1
72,57,4,dn12,37.78929,-122.426797,1
72,57,5,dn14,37.739611,-122.492203,1
72,58,3,dn9,37.718779,-122.462401,1
72,58,4,dn12,37.78929,-122.426797,1
72,58,5,dn14,37.739611,-122.492203,1
72,59,3,dn7;dn9,37.718779,-122.462401,2
72,59,4,dn12,37.78929,-122.426797,1
72,59,5,dn14,37.739611,-122.492203,1
72,60,2,dn5;dn6,37.751751,-122.410654,2
72,60,3,dn7;dn9,37.718779,-122.462401,2
72,60,4,dn10,37.78929,-122.426797,1
72,60,5,dn14,37.739611,-122.492203,1
72,61,2,dn5;dn6,37.751751,-122.410654,2
72,61,3,dn7;dn9,37.718779,-122.462401,2
72,61,4,dn10,37.78929,-122.426797,1
72,61,5,dn14,37.739611,-122.492203,1
72,62,2,dn5;dn6,37.751751,-122.410654,2
72,62,3,dn8;dn9,37.718779,-122.462401,2
72,62,4,dn10,37.78929,-122.426797,1
72,62,5,dn13;dn14,37.739611,-122.492203,2
72,63,2,dn5;dn6,37.751751,-122.410654,2
72,63,3,dn8;dn9,37.718779,-122.462401,2
72,63,4,dn10,37.78929,-122.426797,1
72,63,5,dn13;dn14,37.739611,-122.492203,2
72,64,2,dn5;dn6,37.751751,-122.410654,2
72,64,3,dn8;dn9,37.718779,-122.462401,2
72,64,4,dn10,37.78929,-122.426797,1
72,64,5,dn13;dn14,37.739611,-122.492203,2
72,65,1,dn2,37.774524,-122.473656,1
72,65,2,dn6,37.751751,-122.410654,1
72,65,3,dn8;dn9,37.718779,-122.462401,2
72,65,4,dn10,37.78929,-122.426797,1
72,65,5,dn13;dn14,37.739611,-122.492203,2
72,66,1,dn2,37.774524,-122.473656,1
72,66,2,dn6,37.751751,-122.410654,1
72,66,3,dn9,37.718779,-122.462401,1
72,66,4,dn10,37.78929,-122.426797,1
72,66,5,dn13;dn14,37.739611,-122.492203,2
72,67,1,dn2,37.774524,-122.473656,1
72,67,2,dn6,37.751751,-122.410654,1
72,67,4,dn10,37.78929,-122.426797,1
72,67,5,dn13;dn14,37.739611,-122.492203,2
72,68,1,dn2;dn3,37.774524,-122.473656,2
72,68,2,dn6,37.751751,-122.410654,1
72,68,4,dn10,37.78929,-122.426797,1
72,68,5,dn13;dn14,37.739611,-122.492203,2
72,69,1,dn2;dn3,37.774524,-122.473656,2
72,69,2,dn6,37.751751,-122.410654,1
72,69,3,dn7,37.718779,-122.462401,1
72,69,4,dn10,37.78929,-122.426797,1
72,69,5,dn14;dn15,37.739611,-122.492203,2
72,70,1,dn2;dn3,37.774524,-122.473656,2
72,70,2,dn6,37.751751,-122.410654,1
72,70,4,dn10,37.78929,-122.426797,1
72,70,5,dn14;dn15,37.739611,-122.492203,2
72,71,1,dn2;dn3,37.774524,-122.473656,2
72,71,2,dn6,37.751751,-122.410654,1
72,71,4,dn10,37.78929,-122.426797,1
72,71,5,dn15,37.739611,-122.492203,1
72,72,1,dn2;dn3,37.774524,-122.473656,2
72,72,2,dn6,37.751751,-122.410654,1
72,72,4,dn10,37.78929,-122.426797,1
72,72,5,dn15,37.739611,-122.492203,1
72,73,1,dn2;dn3,37.774524,-122.473656,2
72,73,2,dn6,37.751751,-122.410654,1
72,73,4,dn10,37.78929,-122.426797,1
72,73,5,dn15,37.739611,-122.492203,1
72,74,1,dn3,37.774524,-122.473656,1
72,74,2,dn6,37.751751,-122.410654,1
72,74,4,dn10,37.78929,-122.426797,1
72,74,5,dn15,37.739611,-122.492203,1
72,75,1,dn3,37.774524,-122.473656,1
72,75,2,dn6,37.751751,-122.410654,1
72,75,4,dn10,37.78929,-122.426797,1
72,76,1,dn3,37.774524,-122.473656,1
72,76,2,dn6,37.751751,-122.410654,1
72,76,4,dn10,37.78929,-122.426797,1
72,77,1,dn3,37.774524,-122.473656,1
72,77,2,dn6,37.751751,-122.410654,1
72,77,4,dn10,37.78929,-122.426797,1
72,78,2,dn6,37.751751,-122.410654,1
72,78,3,dn7,37.718779,-122.462401,1
72,78,4,dn10,37.78929,-122.426797,1
72,79,2,dn6,37.751751,-122.410654,1
72,79,4,dn10,37.78929,-122.426797,1
72,80,2,dn6,37.751751,-122.410654,1
72,80,4,dn10,37.78929,-122.426797,1
72,80,5,dn13,37.739611,-122.492203,1
72,81,2,dn6,37.751751,-122.410654,1
72,81,4,dn10,37.78929,-122.426797,1
72,81,5,dn14,37.739611,-122.492203,1
72,82,3,dn9,37.718779,-122.462401,1
72,82,4,dn10,37.78929,-122.426797,1
72,82,5,dn14,37.739611,-122.492203,1
72,83,3,dn8;dn9,37.718779,-122.462401,2
72,83,4,dn10,37.78929,-122.426797,1
72,84,2,dn4,37.751751,-122.410654,1
72,84,3,dn8;dn9,37.718779,-122.462401,2
72,84,4,dn10,37.78929,-122.426797,1
72,85,3,dn8;dn9,37.718779,-122.462401,2
72,85,4,dn10,37.78929,-122.426797,1
72,86,3,dn8;dn9,37.718779,-122.462401,2
72,86,4,dn10,37.78929,-122.426797,1
72,87,1,dn1,37.774524,-122.473656,1
72,87,3,dn8;dn9,37.718779,-122.462401,2
72,87,4,dn10,37.78929,-122.426797,1
72,88,1,dn1,37.774524,-122.473656,1
72,88,3,dn8;dn9,37.718779,-122.462401,2
72,88,4,dn10,37.78929,-122.426797,1
72,89,3,dn8;dn9,37.718779,-122.462401,2
72,89,4,dn10,37.78929,-122.426797,1
72,90,1,dn2,37.774524,-122.473656,1
72,90,2,dn5,37.751751,-122.410654,1
72,90,3,dn8;dn9,37.718779,-122.462401,2
72,90,4,dn10,37.78929,-122.426797,1
72,91,1,dn2,37.774524,-122.473656,1
72,91,2,dn5,37.751751,-122.410654,1
72,91,3,dn8;dn9,37.718779,-122.462401,2
72,91,4,dn10,37.78929,-122.426797,1
72,91,5,dn13,37.739611,-122.492203,1
72,92,1,dn2,37.774524,-122.473656,1
72,92,3,dn8;dn9,37.718779,-122.462401,2
72,92,4,dn10,37.78929,-122.426797,1
72,92,5,dn13,37.739611,-122.492203,1
72,93,1,dn2,37.774524,-122.473656,1
72,93,3,dn7;dn8;dn9,37.718779,-122.462401,3
72,93,4,dn10,37.78929,-122.426797,1
72,93,5,dn13,37.739611,-122.492203,1
72,94,3,dn7;dn8;dn9,37.718779,-122.462401,3
72,94,4,dn10,37.78929,-122.426797,1
72,94,5,dn13;dn14,37.739611,-122.492203,2
72,95,1,dn3,37.774524,-122.473656,1
72,95,3,dn7;dn8;dn9,37.718779,-122.462401,3
72,95,4,dn10;dn11,37.78929,-122.426797,2
72,95,5,dn13;dn14,37.739611,-122.492203,2
72,96,1,dn3,37.774524,-122.473656,1
72,96,3,dn8;dn9,37.718779,-122.462401,2
72,96,4,dn10;dn11,37.78929,-122.426797,2
72,96,5,dn13;dn14;dn15,37.739611,-122.492203,3
72,97,1,dn3,37.774524,-122.473656,1
72,97,3,dn8;dn9,37.718779,-122.462401,2
72,97,4,dn10;dn11;dn12,37.78929,-122.426797,3
72,97,5,dn13;dn14;dn15,37.739611,-122.492203,3
72,98,1,dn3,37.774524,-122.473656,1
72,98,3,dn8;dn9,37.718779,-122.462401,2
72,98,4,dn10;dn11;dn12,37.78929,-122.426797,3
72,98,5,dn13;dn14;dn15,37.739611,-122.492203,3
72,99,1,dn3,37.774524,-122.473656,1
72,99,3,dn8;dn9,37.718779,-122.462401,2
72,99,4,dn10;dn11;dn12,37.78929,-122.426797,3
72,99,5,dn13;dn14;dn15,37.739611,-122.492203,3
73,0,1,dn1;dn2;dn3,37.774524,-122.473656,3
73,0,2,dn4;dn5;dn6,37.751751,-122.410654,3
73,0,3,dn7;dn8;dn9,37.718779,-122.462401,3
73,0,4,dn10;dn11;dn12,37.78929,-122.426797,3
73,0,5,dn13;dn14;dn15,37.739611,-122.492203,3
73,8,1,dn1,37.774524,-122.473656,1
73,8,3,dn9,37.718779,-122.462401,1
73,8,5,dn13;dn14,37.739611,-122.492203,2
73,13,5,dn13,37.739611,-122.492203,1
73,16,3,dn8,37.718779,-122.462401,1
73,16,5,dn15,37.739611,-122.492203,1
73,22,1,dn1,37.774524,-122.473656,1
73,22,3,dn7,37.718779,-122.462401,1
73,28,2,dn6,37.751751,-122.410654,1
73,30,2,dn5,37.751751,-122.410654,1
73,30,3,dn8;dn9,37.718779,-122.462401,2
73,31,3,dn9,37.718779,-122.462401,1
73,32,3,dn9,37.718779,-122.462401,1
73,32,4,dn10;dn12,37.78929,-122.426797,2
73,33,3,dn9,37.718779,-122.462401,1
73,33,5,dn13,37.739611,-122.492203,1
73,34,1,dn2;dn3,37.774524,-122.473656,2
73,34,3,dn8;dn9,37.718779,-122.462401,2
73,34,5,dn13,37.739611,-122.492203,1
73,35,1,dn3,37.774524,-122.473656,1
73,35,3,dn8;dn9,37.718779,-122.462401,2
73,35,5,dn13,37.739611,-122.492203,1
73,36,1,dn1;dn3,37.774524,-122.473656,2
73,36,3,dn7;dn8;dn9,37.718779,-122.462401,3
73,36,5,dn13;dn14,37.739611,-122.492203,2
73,37,1,dn1;dn3,37.774524,-122.473656,2
73,37,3,dn8;dn9,37.718779,-122.462401,2
73,37,5,dn13;dn14,37.739611,-122.492203,2
73,38,1,dn3,37.774524,-122.473656,1
73,38,2,dn4;dn6,37.751751,-122.410654,2
73,38,3,dn8;dn9,37.718779,-122.462401,2
73,38,5,dn13;dn14;dn15,37.739611,-122.492203,3
73,39,1,dn3,37.774524,-122.473656,1
73,39,2,dn6,37.751751,-122.410654,1
73,39,3,dn8;dn9,37.718779,-122.462401,2
73,39,5,dn13;dn14;dn15,37.739611,-122.492203,3
73,40,1,dn3,37.774524,-122.473656,1
73,40,2,dn6,37.751751,-122.410654,1
73,40,3,dn8;dn9,37.718779,-122.462401,2
73,40,5,dn13;dn14;dn15,37.739611,-122.492203,3
73,41,1,dn3,37.774524,-122.473656,1
73,41,2,dn6,37.751751,-122.410654,1
73,41,3,dn8;dn9,37.718779,-122.462401,2
73,41,5,dn13;dn14;dn15,37.739611,-122.492203,3
73,42,1,dn3,37.774524,-122.473656,1
73,42,3,dn8;dn9,37.718779,-122.462401,2
73,42,5,dn13;dn14;dn15,37.739611,-122.492203,3
73,43,1,dn3,37.774524,-122.473656,1
73,43,3,dn9,37.718779,-122.462401,1
73,43,5,dn13;dn14;dn15,37.739611,-122.492203,3
73,44,1,dn3,37.774524,-122.473656,1
73,44,5,dn13;dn14;dn15,37.739611,-122.492203,3
73,45,5,dn13;dn14;dn15,37.739611,-122.492203,3
73,46,5,dn13;dn14;dn15,37.739611,-122.492203,3
73,47,3,dn7,37.718779,-122.462401,1
73,47,5,dn14;dn15,37.739611,-122.492203,2
73,48,5,dn14;dn15,37.739611,-122.492203,2
73,49,5,dn14;dn15,37.739611,-122.492203,2
73,50,4,dn10,37.78929,-122.426797,1
73,50,5,dn14;dn15,37.739611,-122.492203,2
73,51,4,dn10,37.78929,-122.426797,1
73,51,5,dn15,37.739611,-122.492203,1
73,52,4,dn10,37.78929,-122.426797,1
73,52,5,dn15,37.739611,-122.492203,1
73,53,4,dn10,37.78929,-122.426797,1
73,53,5,dn15,37.739611,-122.492203,1
73,54,1,dn2,37.774524,-122.473656,1
73,54,4,dn10;dn11,37.78929,-122.426797,2
73,54,5,dn15,37.739611,-122.492203,1
73,55,4,dn10;dn11,37.78929,-122.426797,2
73,55,5,dn15,37.739611,-122.492203,1
73,56,4,dn10;dn11,37.78929,-122.426797,2
73,56,5,dn15,37.739611,-122.492203,1
73,57,4,dn10;dn11,37.78929,-122.426797,2
73,58,1,dn3,37.774524,-122.473656,1
73,58,4,dn11,37.78929,-122.426797,1
73,59,4,dn11,37.78929,-122.426797,1
73,60,4,dn11,37.78929,-122.426797,1
73,63,3,dn7,37.718779,-122.462401,1
73,64,2,dn5,37.751751,-122.410654,1
73,64,3,dn7,37.718779,-122.462401,1
73,64,5,dn13,37.739611,-122.492203,1
73,65,3,dn7,37.718779,-122.462401,1
73,65,5,dn13,37.739611,-122.492203,1
73,66,3,dn7,37.718779,-122.462401,1
73,66,5,dn13,37.739611,-122.492203,1
73,67,3,dn7;dn9,37.718779,-122.462401,2
73,67,5,dn13,37.739611,-122.492203,1
73,68,3,dn7;dn9,37.718779,-122.462401,2
73,68,4,dn12,37.78929,-122.426797,1
73,68,5,dn13,37.739611,-122.492203,1
73,69,3,dn9,37.718779,-122.462401,1
73,69,5,dn13,37.739611,-122.492203,1
73,70,5,dn13;dn14,37.739611,-122.492203,2
73,71,5,dn13;dn14,37.739611,-122.492203,2
73,72,5,dn14,37.739611,-122.492203,1
73,73,2,dn6,37.751751,-122.410654,1
73,74,1,dn3,37.774524,-122.473656,1
73,74,2,dn4,37.751751,-122.410654,1
73,75,2,dn4,37.751751,-122.410654,1
73,75,4,dn10,37.78929,-122.426797,1
73,76,2,dn4,37.751751,-122.410654,1
73,77,2,dn4,37.751751,-122.410654,1
73,77,3,dn9,37.718779,-122.462401,1
73,78,2,dn4,37.751751,-122.410654,1
73,78,3,dn8,37.718779,-122.462401,1
73,79,1,dn1,37.774524,-122.473656,1
73,79,2,dn4,37.751751,-122.410654,1
73,79,3,dn8,37.718779,-122.462401,1
73,80,3,dn8,37.718779,-122.462401,1
73,80,5,dn15,37.739611,-122.492203,1
73,81,3,dn8,37.718779,-122.462401,1
73,81,5,dn14;dn15,37.739611,-122.492203,2
73,82,4,dn11,37.78929,-122.426797,1
73,82,5,dn14;dn15,37.739611,-122.492203,2
73,83,4,dn11,37.78929,-122.426797,1
73,83,5,dn15,37.739611,-122.492203,1
73,84,4,dn11,37.78929,-122.426797,1
73,84,5,dn15,37.739611,-122.492203,1
73,85,4,dn11,37.78929,-122.426797,1
73,85,5,dn13;dn15,37.739611,-122.492203,2
73,86,4,dn11,37.78929,-122.426797,1
73,86,5,dn13;dn15,37.739611,-122.492203,2
73,87,4,dn11,37.78929,-122.426797,1
73,87,5,dn15,37.739611,-122.492203,1
73,88,1,dn3,37.774524,-122.473656,1
73,88,5,dn15,37.739611,-122.492203,1
73,89,3,dn9,37.718779,-122.462401,1
73,89,5,dn15,37.739611,-122.492203,1
73,90,1,dn2,37.774524,-122.473656,1
73,90,3,dn9,37.718779,-122.462401,1
73,90,5,dn14,37.739611,-122.492203,1
73,91,1,dn2,37.774524,-122.473656,1
73,91,5,dn14,37.739611,-122.492203,1
73,92,5,dn14,37.739611,-122.492203,1
73,93,5,dn14,37.739611,-122.492203,1
73,94,5,dn13;dn14,37.739611,-122.492203,2
73,95,3,dn8,37.718779,-122.462401,1
73,95,5,dn13;dn14,37.739611,-122.492203,2
73,96,5,dn13;dn14,37.739611,-122.492203,2
73,97,5,dn13;dn14,37.739611,-122.492203,2
73,98,1,dn3,37.774524,-122.473656,1
73,98,5,dn13;dn14,37.739611,-122.492203,2
73,99,1,dn3,37.774524,-122.473656,1
73,99,5,dn13;dn14,37.739611,-122.492203,2
74,0,1,dn1;dn2;dn3,37.774524,-122.473656,3
74,0,2,dn4;dn5;dn6,37.751751,-122.410654,3
74,0,3,dn7;dn8;dn9,37.718779,-122.462401,3
74,0,4,dn10;dn11;dn12,37.78929,-122.426797,3
74,0,5,dn13;dn14;dn15,37.739611,-122.492203,3
74,9,3,dn7,37.718779,-122.462401,1
74,9,5,dn13;dn15,37.739611,-122.492203,2
74,10,5,dn14,37.739611,-122.492203,1
74,13,5,dn13,37.739611,-122.492203,1
74,14,3,dn9,37.718779,-122.462401,1
74,16,3,dn8,37.718779,-122.462401,1
74,17,5,dn15,37.739611,-122.492203,1
74,18,1,dn1;dn3,37.774524,-122.473656,2
74,19,5,dn13,37.739611,-122.492203,1
74,20,5,dn14,37.739611,-122.492203,1
74,22,4,dn10,37.78929,-122.426797,1
74,23,4,dn10,37.78929,-122.426797,1
74,25,5,dn15,37.739611,-122.492203,1
74,26,1,dn2,37.774524,-122.473656,1
74,26,4,dn11,37.78929,-122.426797,1
74,27,5,dn13,37.739611,-122.492203,1
74,29,3,dn7,37.718779,-122.462401,1
74,30,3,dn7,37.718779,-122.462401,1
74,31,3,dn7,37.718779,-122.462401,1
74,32,1,dn1,37.774524,-122.473656,1
74,32,3,dn7,37.718779,-122.462401,1
74,32,4,dn12,37.78929,-122.426797,1
74,33,3,dn7,37.718779,-122.462401,1
74,33,4,dn10,37.78929,-122.426797,1
74,33,5,dn15,37.739611,-122.492203,1
74,34,3,dn7,37.718779,-122.462401,1
74,34,5,dn14;dn15,37.739611,-122.492203,2
74,35,5,dn14;dn15,37.739611,-122.492203,2
74,36,3,dn8,37.718779,-122.462401,1
74,36,5,dn14;dn15,37.739611,-122.492203,2
74,37,5,dn13;dn14;dn15,37.739611,-122.492203,3
74,38,5,dn13;dn14;dn15,37.739611,-122.492203,3
74,39,5,dn13;dn14;dn15,37.739611,-122.492203,3
74,40,5,dn14;dn15,37.739611,-122.492203,2
74,41,5,dn14;dn15,37.739611,-122.492203,2
74,42,3,dn9,37.718779,-122.462401,1
74,42,5,dn14;dn15,37.739611,-122.492203,2
74,43,3,dn9,37.718779,-122.462401,1
74,43,5,dn15,37.739611,-122.492203,1
74,44,2,dn6,37.751751,-122.410654,1
74,44,3,dn9,37.718779,-122.462401,1
74,44,4,dn12,37.78929,-122.426797,1
74,44,5,dn15,37.739611,-122.492203,1
74,45,5,dn15,37.739611,-122.492203,1
74,46,3,dn8,37.718779,-122.462401,1
74,46,5,dn15,37.739611,-122.492203,1
74,47,3,dn8,37.718779,-122.462401,1
74,47,5,dn15,37.739611,-122.492203,1
74,48,1,dn3,37.774524,-122.473656,1
74,48,3,dn8,37.718779,-122.462401,1
74,48,5,dn15,37.739611,-122.492203,1
74,49,5,dn15,37.739611,-122.492203,1
74,50,2,dn5,37.751751,-122.410654,1
74,52,1,dn2,37.774524,-122.473656,1
74,54,5,dn14,37.739611,-122.492203,1
74,55,3,dn8,37.718779,-122.462401,1
74,55,5,dn14,37.739611,-122.492203,1
74,56,5,dn14,37.739611,-122.492203,1
74,57,5,dn14,37.739611,-122.492203,1
74,58,3,dn7,37.718779,-122.462401,1
74,58,5,dn14,37.739611,-122.492203,1
74,59,3,dn7,37.718779,-122.462401,1
74,59,5,dn14,37.739611,-122.492203,1
74,60,1,dn1,37.774524,-122.473656,1
74,60,3,dn7,37.718779,-122.462401,1
74,60,4,dn12,37.78929,-122.426797,1
74,61,1,dn1,37.774524,-122.473656,1
74,61,3,dn7,37.718779,-122.462401,1
74,62,1,dn1,37.774524,-122.473656,1
74,63,1,dn1,37.774524,-122.473656,1
74,63,5,dn13,37.739611,-122.492203,1
74,64,5,dn13,37.739611,-122.492203,1
74,67,5,dn15,37.739611,-122.492203,1
74,68,2,dn4,37.751751,-122.410654,1
74,68,3,dn9,37.718779,-122.462401,1
74,68,5,dn15,37.739611,-122.492203,1
74,69,5,dn15,37.739611,-122.492203,1
74,70,5,dn15,37.739611,-122.492203,1
74,71,5,dn15,37.739611,-122.492203,1
74,72,1,dn3,37.774524,-122.473656,1
74,74,4,dn11,37.78929,-122.426797,1
74,77,1,dn1,37.774524,-122.473656,1
74,77,5,dn13,37.739611,-122.492203,1
74,80,1,dn2,37.774524,-122.473656,1
74,81,1,dn2,37.774524,-122.473656,1
74,81,3,dn7,37.718779,-122.462401,1
74,82,1,dn2,37.774524,-122.473656,1
74,82,2,dn4;dn5,37.751751,-122.410654,2
74,83,2,dn5,37.751751,-122.410654,1
74,83,3,dn9,37.718779,-122.462401,1
74,83,4,dn10,37.78929,-122.426797,1
74,84,4,dn10,37.78929,-122.426797,1
74,85,4,dn10,37.78929,-122.426797,1
74,85,5,dn14,37.739611,-122.492203,1
74,86,4,dn10,37.78929,-122.426797,1
74,86,5,dn15,37.739611,-122.492203,1
74,87,4,dn10,37.78929,-122.426797,1
74,88,4,dn10,37.78929,-122.426797,1
74,89,3,dn7,37.718779,-122.462401,1
74,89,4,dn10,37.78929,-122.426797,1
74,90,1,dn3,37.774524,-122.473656,1
74,90,3,dn7,37.718779,-122.462401,1
74,90,4,dn10,37.78929,-122.426797,1
74,91,3,dn7;dn8,37.718779,-122.462401,2
74,91,4,dn10,37.78929,-122.426797,1
74,92,3,dn8,37.718779,-122.462401,1
74,92,4,dn10,37.78929,-122.426797,1
74,93,4,dn10,37.78929,-122.426797,1
74,94,3,dn9,37.718779,-122.462401,1
74,94,4,dn10,37.78929,-122.426797,1
74,94,5,dn15,37.739611,-122.492203,1
74,95,1,dn1,37.774524,-122.473656,1
74,95,4,dn10,37.78929,-122.426797,1
74,95,5,dn14;dn15,37.739611,-122.492203,2
74,96,1,dn1;dn2,37.774524,-122.473656,2
74,96,4,dn10,37.78929,-122.426797,1
74,96,5,dn14;dn15,37.739611,-122.492203,2
74,97,1,dn2,37.774524,-122.473656,1
74,97,4,dn10,37.78929,-122.426797,1
74,97,5,dn13;dn14;dn15,37.739611,-122.492203,3
74,98,1,dn2,37.774524,-122.473656,1
74,98,4,dn10,37.78929,-122.426797,1
74,98,5,dn13;dn14;dn15,37.739611,-122.492203,3
74,99,4,dn10,37.78929,-122.426797,1
74,99,5,dn13;dn14;dn15,37.739611,-122.492203,3
75,0,1,dn1;dn2;dn3,37.774524,-122.473656,3
75,0,2,dn4;dn5;dn6,37.751751,-122.410654,3
75,0,3,dn7;dn8;dn9,37.718779,-122.462401,3
75,0,4,dn10;dn11;dn12,37.78929,-122.426797,3
75,0,5,dn13;dn14;dn15,37.739611,-122.492203,3
75,8,5,dn13,37.739611,-122.492203,1
75,12,3,dn7,37.718779,-122.462401,1
75,12,5,dn13,37.739611,-122.492203,1
75,13,5,dn14,37.739611,-122.492203,1
75,14,1,dn1,37.774524,-122.473656,1
75,15,1,dn2,37.774524,-122.473656,1
75,17,2,dn6,37.751751,-122.410654,1
75,17,3,dn8,37.718779,-122.462401,1
75,18,1,dn3,37.774524,-122.473656,1
75,18,3,dn9,37.718779,-122.462401,1
75,20,1,dn1,37.774524,-122.473656,1
75,20,5,dn13,37.739611,-122.492203,1
75,24,2,dn5,37.751751,-122.410654,1
75,24,4,dn10,37.78929,-122.426797,1
75,25,5,dn14,37.739611,-122.492203,1
75,29,1,dn3,37.774524,-122.473656,1
75,29,3,dn8,37.718779,-122.462401,1
75,30,5,dn13,37.739611,-122.492203,1
75,31,5,dn13,37.739611,-122.492203,1
75,32,5,dn13,37.739611,-122.492203,1
75,34,3,dn7,37.718779,-122.462401,1
75,39,1,dn3,37.774524,-122.473656,1
75,39,3,dn8,37.718779,-122.462401,1
75,39,5,dn14,37.739611,-122.492203,1
75,40,4,dn11,37.78929,-122.426797,1
75,40,5,dn14,37.739611,-122.492203,1
75,41,5,dn14,37.739611,-122.492203,1
75,46,4,dn10,37.78929,-122.426797,1
75,46,5,dn13,37.739611,-122.492203,1
75,47,3,dn8,37.718779,-122.462401,1
75,49,1,dn2,37.774524,-122.473656,1
75,50,1,dn1,37.774524,-122.473656,1
75,51,1,dn1;dn3,37.774524,-122.473656,2
75,51,5,dn14,37.739611,-122.492203,1
75,52,1,dn1;dn3,37.774524,-122.473656,2
75,52,2,dn4,37.751751,-122.410654,1
75,53,1,dn1;dn3,37.774524,-122.473656,2
75,54,1,dn1;dn3,37.774524,-122.473656,2
75,55,1,dn1;dn3,37.774524,-122.473656,2
75,56,1,dn3,37.774524,-122.473656,1
75,56,3,dn7;dn9,37.718779,-122.462401,2
75,57,1,dn3,37.774524,-122.473656,1
75,57,2,dn6,37.751751,-122.410654,1
75,58,1,dn3,37.774524,-122.473656,1
75,60,4,dn12,37.78929,-122.426797,1
75,62,5,dn13,37.739611,-122.492203,1
75,63,5,dn13,37.739611,-122.492203,1
75,64,3,dn7,37.718779,-122.462401,1
75,64,5,dn13,37.739611,-122.492203,1
75,65,3,dn8,37.718779,-122.462401,1
75,65,5,dn13,37.739611,-122.492203,1
75,66,1,dn1,37.774524,-122.473656,1
75,66,2,dn5,37.751751,-122.410654,1
75,66,5,dn13,37.739611,-122.492203,1
75,67,5,dn13,37.739611,-122.492203,1
75,68,5,dn13,37.739611,-122.492203,1
75,72,2,dn4,37.751751,-122.410654,1
75,77,5,dn14,37.739611,-122.492203,1
75,78,4,dn12,37.78929,-122.426797,1
75,81,1,dn2,37.774524,-122.473656,1
75,81,5,dn13,37.739611,-122.492203,1
75,82,4,dn10,37.78929,-122.426797,1
75,84,2,dn4,37.751751,-122.410654,1
75,86,1,dn1,37.774524,-122.473656,1
75,86,3,dn9,37.718779,-122.462401,1
75,91,5,dn14,37.739611,-122.492203,1
75,95,3,dn8,37.718779,-122.462401,1
75,96,4,dn11,37.78929,-122.426797,1
75,97,2,dn6,37.751751,-122.410654,1
75,99,5,dn13;dn14,37.739611,-122.492203,2
76,0,1,dn1;dn2;dn3,37.774524,-122.473656,3
76,0,2,dn4;dn5;dn6,37.751751,-122.410654,3
76,0,3,dn7;dn8;dn9,37.718779,-122.462401,3
76,0,4,dn10;dn11;dn12,37.78929,-122.426797,3
76,0,5,dn13;dn14;dn15,37.739611,-122.492203,3
76,11,5,dn13,37.739611,-122.492203,1
76,13,1,dn2,37.774524,-122.473656,1
76,14,5,dn14,37.739611,-122.492203,1
76,15,3,dn7,37.718779,-122.462401,1
76,15,5,dn15,37.739611,-122.492203,1
76,16,2,dn4;dn5,37.751751,-122.410654,2
76,16,3,dn8,37.718779,-122.462401,1
76,17,3,dn8,37.718779,-122.462401,1
76,18,1,dn3,37.774524,-122.473656,1
76,18,3,dn8,37.718779,-122.462401,1
76,19,3,dn8,37.718779,-122.462401,1
76,19,5,dn13,37.739611,-122.492203,1
76,20,3,dn8,37.718779,-122.462401,1
76,21,3,dn8,37.718779,-122.462401,1
76,22,3,dn8,37.718779,-122.462401,1
76,26,2,dn6,37.751751,-122.410654,1
76,27,1,dn2,37.774524,-122.473656,1
76,28,3,dn9,37.718779,-122.462401,1
76,32,2,dn5,37.751751,-122.410654,1
76,32,5,dn14,37.739611,-122.492203,1
76,34,1,dn1,37.774524,-122.473656,1
76,36,4,dn12,37.78929,-122.426797,1
76,37,4,dn12,37.78929,-122.426797,1
76,37,5,dn15,37.739611,-122.492203,1
76,38,4,dn10,37.78929,-122.426797,1
76,39,4,dn10,37.78929,-122.426797,1
76,39,5,dn13,37.739611,-122.492203,1
76,40,2,dn6,37.751751,-122.410654,1
76,40,4,dn10;dn11,37.78929,-122.426797,2
76,41,4,dn10;dn11,37.78929,-122.426797,2
76,42,4,dn10;dn11,37.78929,-122.426797,2
76,42,5,dn14,37.739611,-122.492203,1
76,43,1,dn2,37.774524,-122.473656,1
76,43,4,dn10;dn11,37.78929,-122.426797,2
76,43,5,dn14,37.739611,-122.492203,1
76,44,3,dn9,37.718779,-122.462401,1
76,44,4,dn10;dn11,37.78929,-122.426797,2
76,45,3,dn9,37.718779,-122.462401,1
76,45,4,dn10;dn11,37.78929,-122.426797,2
76,46,4,dn10;dn11,37.78929,-122.426797,2
76,47,4,dn10;dn11,37.78929,-122.426797,2
76,48,4,dn11,37.78929,-122.426797,1
76,49,4,dn11,37.78929,-122.426797,1
76,49,5,dn13;dn15,37.739611,-122.492203,2
76,50,4,dn11,37.78929,-122.426797,1
76,50,5,dn15,37.739611,-122.492203,1
76,51,3,dn7,37.718779,-122.462401,1
76,51,4,dn11,37.78929,-122.426797,1
76,51,5,dn15,37.739611,-122.492203,1
76,52,1,dn1;dn3,37.774524,-122.473656,2
76,52,4,dn11,37.78929,-122.426797,1
76,52,5,dn15,37.739611,-122.492203,1
76,53,1,dn3,37.774524,-122.473656,1
76,53,4,dn11,37.78929,-122.426797,1
76,53,5,dn15,37.739611,-122.492203,1
76,54,1,dn3,37.774524,-122.473656,1
76,54,5,dn15,37.739611,-122.492203,1
76,55,1,dn3,37.774524,-122.473656,1
76,55,5,dn15,37.739611,-122.492203,1
76,56,1,dn3,37.774524,-122.473656,1
76,56,5,dn15,37.739611,-122.492203,1
76,57,1,dn3,37.774524,-122.473656,1
76,57,5,dn13;dn15,37.739611,-122.492203,2
76,58,1,dn3,37.774524,-122.473656,1
76,58,5,dn13;dn15,37.739611,-122.492203,2
76,59,1,dn3,37.774524,-122.473656,1
76,59,5,dn13;dn15,37.739611,-122.492203,2
76,60,1,dn3,37.774524,-122.473656,1
76,60,2,dn4,37.751751,-122.410654,1
76,60,5,dn13;dn15,37.739611,-122.492203,2
76,61,1,dn3,37.774524,-122.473656,1
76,61,5,dn13;dn15,37.739611,-122.492203,2
76,62,5,dn13;dn15,37.739611,-122.492203,2
76,63,5,dn13;dn15,37.739611,-122.492203,2
76,64,2,dn5,37.751751,-122.410654,1
76,64,5,dn15,37.739611,-122.492203,1
76,65,4,dn10,37.78929,-122.426797,1
76,66,4,dn10,37.78929,-122.426797,1
76,67,4,dn10,37.78929,-122.426797,1
76,68,1,dn1,37.774524,-122.473656,1
76,68,4,dn10,37.78929,-122.426797,1
76,69,3,dn9,37.718779,-122.462401,1
76,69,4,dn10,37.78929,-122.426797,1
76,69,5,dn13;dn14,37.739611,-122.492203,2
76,70,1,dn3,37.774524,-122.473656,1
76,70,4,dn10,37.78929,-122.426797,1
76,70,5,dn13;dn14,37.739611,-122.492203,2
76,71,1,dn3,37.774524,-122.473656,1
76,71,3,dn7,37.718779,-122.462401,1
76,71,4,dn10,37.78929,-122.426797,1
76,71,5,dn13;dn14,37.739611,-122.492203,2
76,72,1,dn3,37.774524,-122.473656,1
76,72,4,dn10,37.78929,-122.426797,1
76,72,5,dn13;dn14,37.739611,-122.492203,2
76,73,1,dn2,37.774524,-122.473656,1
76,73,4,dn10,37.78929,-122.426797,1
76,73,5,dn13;dn14,37.739611,-122.492203,2
76,74,1,dn2,37.774524,-122.473656,1
76,74,4,dn10,37.78929,-122.426797,1
76,74,5,dn14,37.739611,-122.492203,1
76,75,1,dn2,37.774524,-122.473656,1
76,75,4,dn10,37.78929,-122.426797,1
76,75,5,dn14,37.739611,-122.492203,1
76,76,1,dn2,37.774524,-122.473656,1
76,76,4,dn10,37.78929,-122.426797,1
76,76,5,dn14,37.739611,-122.492203,1
76,77,4,dn10,37.78929,-122.426797,1
76,77,5,dn14,37.739611,-122.492203,1
76,78,3,dn8,37.718779,-122.462401,1
76,78,4,dn10,37.78929,-122.426797,1
76,78,5,dn14,37.739611,-122.492203,1
76,79,3,dn8,37.718779,-122.462401,1
76,79,5,dn14,37.739611,-122.492203,1
76,80,3,dn8,37.718779,-122.462401,1
76,81,3,dn8;dn9,37.718779,-122.462401,2
76,81,5,dn15,37.739611,-122.492203,1
76,82,3,dn8;dn9,37.718779,-122.462401,2
76,82,5,dn15,37.739611,-122.492203,1
76,83,3,dn8;dn9,37.718779,-122.462401,2
76,83,4,dn12,37.78929,-122.426797,1
76,83,5,dn15,37.739611,-122.492203,1
76,84,2,dn4;dn5,37.751751,-122.410654,2
76,84,3,dn8;dn9,37.718779,-122.462401,2
76,84,5,dn15,37.739611,-122.492203,1
76,85,2,dn4;dn5,37.751751,-122.410654,2
76,85,3,dn8;dn9,37.718779,-122.462401,2
76,85,4,dn11,37.78929,-122.426797,1
76,85,5,dn15,37.739611,-122.492203,1
76,86,2,dn4;dn5,37.751751,-122.410654,2
76,86,3,dn8;dn9,37.718779,-122.462401,2
76,86,4,dn11,37.78929,-122.426797,1
76,86,5,dn15,37.739611,-122.492203,1
76,87,2,dn4;dn5,37.751751,-122.410654,2
76,87,3,dn9,37.718779,-122.462401,1
76,87,4,dn11,37.78929,-122.426797,1
76,87,5,dn15,37.739611,-122.492203,1
76,88,2,dn4;dn5,37.751751,-122.410654,2
76,88,4,dn11,37.78929,-122.426797,1
76,88,5,dn15,37.739611,-122.492203,1
76,89,2,dn4;dn5,37.751751,-122.410654,2
76,89,4,dn11,37.78929,-122.426797,1
76,89,5,dn15,37.739611,-122.492203,1
76,90,1,dn3,37.774524,-122.473656,1
76,90,2,dn5;dn6,37.751751,-122.410654,2
76,90,4,dn11,37.78929,-122.426797,1
76,90,5,dn15,37.739611,-122.492203,1
76,91,1,dn3,37.774524,-122.473656,1
76,91,2,dn5;dn6,37.751751,-122.410654,2
76,91,4,dn11,37.78929,-122.426797,1
76,91,5,dn15,37.739611,-122.492203,1
76,92,1,dn3,37.774524,-122.473656,1
76,92,2,dn6,37.751751,-122.410654,1
76,92,4,dn11,37.78929,-122.426797,1
76,92,5,dn14;dn15,37.739611,-122.492203,2
76,93,1,dn3,37.774524,-122.473656,1
76,93,2,dn6,37.751751,-122.410654,1
76,93,4,dn11,37.78929,-122.426797,1
76,93,5,dn14;dn15,37.739611,-122.492203,2
76,94,1,dn3,37.774524,-122.473656,1
76,94,2,dn6,37.751751,-122.410654,1
76,94,4,dn11,37.78929,-122.426797,1
76,94,5,dn14;dn15,37.739611,-122.492203,2
76,95,1,dn3,37.774524,-122.473656,1
76,95,2,dn6,37.751751,-122.410654,1
76,95,4,dn11,37.78929,-122.426797,1
76,95,5,dn14;dn15,37.739611,-122.492203,2
76,96,1,dn2;dn3,37.774524,-122.473656,2
76,96,2,dn6,37.751751,-122.410654,1
76,96,3,dn9,37.718779,-122.462401,1
76,96,4,dn11,37.78929,-122.426797,1
76,96,5,dn14;dn15,37.739611,-122.492203,2
76,97,1,dn3,37.774524,-122.473656,1
76,97,2,dn6,37.751751,-122.410654,1
76,97,3,dn9,37.718779,-122.462401,1
76,97,4,dn11,37.78929,-122.426797,1
76,97,5,dn14;dn15,37.739611,-122.492203,2
76,98,1,dn3,37.774524,-122.473656,1
76,98,2,dn6,37.751751,-122.410654,1
76,98,3,dn9,37.718779,-122.462401,1
76,98,4,dn11,37.78929,-122.426797,1
76,98,5,dn14;dn15,37.739611,-122.492203,2
76,99,1,dn3,37.774524,-122.473656,1
76,99,2,dn6,37.751751,-122.410654,1
76,99,3,dn9,37.718779,-122.462401,1
76,99,4,dn11;dn12,37.78929,-122.426797,2
76,99,5,dn13;dn14;dn15,37.739611,-122.492203,3
77,0,1,dn1;dn2;dn3,37.774524,-122.473656,3
77,0,2,dn4;dn5;dn6,37.751751,-122.410654,3
77,0,3,dn7;dn8;dn9,37.718779,-122.462401,3
77,0,4,dn10;dn11;dn12,37.78929,-122.426797,3
77,0,5,dn13;dn14;dn15,37.739611,-122.492203,3
77,10,1,dn1,37.774524,-122.473656,1
77,10,3,dn9,37.718779,-122.462401,1
77,11,5,dn13,37.739611,-122.492203,1
77,12,3,dn7,37.718779,-122.462401,1
77,13,5,dn14;dn15,37.739611,-122.492203,2
77,14,2,dn6,37.751751,-122.410654,1
77,16,3,dn8,37.718779,-122.462401,1
77,17,5,dn13,37.739611,-122.492203,1
77,18,1,dn3,37.774524,-122.473656,1
77,18,2,dn5,37.751751,-122.410654,1
77,19,4,dn12,37.78929,-122.426797,1
77,22,1,dn2,37.774524,-122.473656,1
77,24,2,dn4,37.751751,-122.410654,1
77,24,3,dn7,37.718779,-122.462401,1
77,26,3,dn9,37.718779,-122.462401,1
77,27,3,dn9,37.718779,-122.462401,1
77,28,2,dn6,37.751751,-122.410654,1
77,28,3,dn9,37.718779,-122.462401,1
77,29,3,dn9,37.718779,-122.462401,1
77,30,2,dn4,37.751751,-122.410654,1
77,30,3,dn9,37.718779,-122.462401,1
77,30,4,dn10,37.78929,-122.426797,1
77,31,3,dn9,37.718779,-122.462401,1
77,31,5,dn14,37.739611,-122.492203,1
77,32,5,dn14,37.739611,-122.492203,1
77,34,1,dn1,37.774524,-122.473656,1
77,36,1,dn3,37.774524,-122.473656,1
77,36,2,dn5,37.751751,-122.410654,1
77,37,2,dn5,37.751751,-122.410654,1
77,37,5,dn15,37.739611,-122.492203,1
77,38,2,dn5,37.751751,-122.410654,1
77,38,3,dn7,37.718779,-122.462401,1
77,39,3,dn7,37.718779,-122.462401,1
77,39,5,dn13,37.739611,-122.492203,1
77,40,4,dn11,37.78929,-122.426797,1
77,41,4,dn12,37.78929,-122.426797,1
77,42,1,dn2,37.774524,-122.473656,1
77,42,3,dn8,37.718779,-122.462401,1
77,42,4,dn12,37.78929,-122.426797,1
77,43,3,dn9,37.718779,-122.462401,1
77,43,4,dn12,37.78929,-122.426797,1
77,44,3,dn9,37.718779,-122.462401,1
77,44,4,dn12,37.78929,-122.426797,1
77,45,4,dn12,37.78929,-122.426797,1
77,45,5,dn14,37.739611,-122.492203,1
77,46,4,dn12,37.78929,-122.426797,1
77,46,5,dn14,37.739611,-122.492203,1
77,47,4,dn12,37.78929,-122.426797,1
77,50,5,dn15,37.739611,-122.492203,1
77,53,3,dn9,37.718779,-122.462401,1
77,54,3,dn9,37.718779,-122.462401,1
77,55,3,dn9,37.718779,-122.462401,1
77,56,3,dn9,37.718779,-122.462401,1
77,57,3,dn9,37.718779,-122.462401,1
77,58,1,dn2,37.774524,-122.473656,1
77,58,3,dn9,37.718779,-122.462401,1
77,58,5,dn14,37.739611,-122.492203,1
77,59,3,dn9,37.718779,-122.462401,1
77,59,5,dn13;dn14,37.739611,-122.492203,2
77,60,2,dn4,37.751751,-122.410654,1
77,60,5,dn13;dn14,37.739611,-122.492203,2
77,61,5,dn13;dn14,37.739611,-122.492203,2
77,62,4,dn11,37.78929,-122.426797,1
77,62,5,dn14,37.739611,-122.492203,1
77,63,4,dn11,37.78929,-122.426797,1
77,63,5,dn14,37.739611,-122.492203,1
77,64,3,dn8,37.718779,-122.462401,1
77,64,5,dn14;dn15,37.739611,-122.492203,2
77,65,5,dn14;dn15,37.739611,-122.492203,2
77,66,5,dn14;dn15,37.739611,-122.492203,2
77,67,3,dn7,37.718779,-122.462401,1
77,67,5,dn14;dn15,37.739611,-122.492203,2
77,68,1,dn1;dn3,37.774524,-122.473656,2
77,68,4,dn10,37.78929,-122.426797,1
77,68,5,dn15,37.739611,-122.492203,1
77,69,1,dn1;dn3,37.774524,-122.473656,2
77,69,4,dn10,37.78929,-122.426797,1
77,70,1,dn1;dn3,37.774524,-122.473656,2
77,70,4,dn10,37.78929,-122.426797,1
77,71,1,dn1;dn3,37.774524,-122.473656,2
77,71,4,dn10,37.78929,-122.426797,1
77,72,1,dn1;dn3,37.774524,-122.473656,2
77,72,3,dn9,37.718779,-122.462401,1
77,72,4,dn10,37.78929,-122.426797,1
77,73,1,dn1;dn3,37.774524,-122.473656,2
77,73,3,dn9,37.718779,-122.462401,1
77,73,4,dn10,37.78929,-122.426797,1
77,74,1,dn1;dn3,37.774524,-122.473656,2
77,74,3,dn9,37.718779,-122.462401,1
77,74,4,dn10,37.78929,-122.426797,1
77,75,1,dn1;dn3,37.774524,-122.473656,2
77,75,3,dn9,37.718779,-122.462401,1
77,75,4,dn10,37.78929,-122.426797,1
77,75,5,dn13,37.739611,-122.492203,1
77,76,1,dn2;dn3,37.774524,-122.473656,2
77,76,2,dn5,37.751751,-122.410654,1
77,76,3,dn9,37.718779,-122.462401,1
77,76,4,dn10,37.78929,-122.426797,1
77,76,5,dn13,37.739611,-122.492203,1
77,77,1,dn3,37.774524,-122.473656,1
77,77,2,dn5,37.751751,-122.410654,1
77,77,3,dn8;dn9,37.718779,-122.462401,2
77,77,4,dn10,37.78929,-122.426797,1
77,77,5,dn13,37.739611,-122.492203,1
77,78,1,dn3,37.774524,-122.473656,1
77,78,2,dn5;dn6,37.751751,-122.410654,2
77,78,3,dn8;dn9,37.718779,-122.462401,2
77,78,4,dn10,37.78929,-122.426797,1
77,78,5,dn13,37.739611,-122.492203,1
77,79,1,dn3,37.774524,-122.473656,1
77,79,2,dn5;dn6,37.751751,-122.410654,2
77,79,3,dn8;dn9,37.718779,-122.462401,2
77,79,4,dn10,37.78929,-122.426797,1
77,79,5,dn13,37.739611,-122.492203,1
77,80,1,dn3,37.774524,-122.473656,1
77,80,2,dn5;dn6,37.751751,-122.410654,2
77,80,3,dn8;dn9,37.718779,-122.462401,2
77,80,4,dn10,37.78929,-122.426797,1
77,80,5,dn13,37.739611,-122.492203,1
77,81,2,dn5;dn6,37.751751,-122.410654,2
77,81,3,dn8;dn9,37.718779,-122.462401,2
77,81,4,dn10,37.78929,-122.426797,1
77,81,5,dn13,37.739611,-122.492203,1
77,82,2,dn6,37.751751,-122.410654,1
77,82,3,dn8;dn9,37.718779,-122.462401,2
77,82,4,dn10,37.78929,-122.426797,1
77,82,5,dn13,37.739611,-122.492203,1
77,83,2,dn6,37.751751,-122.410654,1
77,83,3,dn8;dn9,37.718779,-122.462401,2
77,83,4,dn10,37.78929,-122.426797,1
77,83,5,dn13,37.739611,-122.492203,1
77,84,2,dn6,37.751751,-122.410654,1
77,84,3,dn8;dn9,37.718779,-122.462401,2
77,84,4,dn10,37.78929,-122.426797,1
77,84,5,dn13;dn15,37.739611,-122.492203,2
77,85,2,dn6,37.751751,-122.410654,1
77,85,3,dn8;dn9,37.718779,-122.462401,2
77,85,4,dn10;dn11,37.78929,-122.426797,2
77,85,5,dn13;dn15,37.739611,-122.492203,2
77,86,1,dn2,37.774524,-122.473656,1
77,86,2,dn6,37.751751,-122.410654,1
77,86,3,dn8;dn9,37.718779,-122.462401,2
77,86,4,dn10;dn11,37.78929,-122.426797,2
77,86,5,dn13;dn15,37.739611,-122.492203,2
77,87,2,dn6,37.751751,-122.410654,1
77,87,3,dn8;dn9,37.718779,-122.462401,2
77,87,4,dn10;dn11,37.78929,-122.426797,2
77,87,5,dn13;dn15,37.739611,-122.492203,2
77,88,2,dn6,37.751751,-122.410654,1
77,88,3,dn8;dn9,37.718779,-122.462401,2
77,88,4,dn10;dn11,37.78929,-122.426797,2
77,88,5,dn13;dn15,37.739611,-122.492203,2
77,89,2,dn6,37.751751,-122.410654,1
77,89,3,dn7;dn9,37.718779,-122.462401,2
77,89,4,dn10;dn11,37.78929,-122.426797,2
77,89,5,dn13;dn15,37.739611,-122.492203,2
77,90,2,dn6,37.751751,-122.410654,1
77,90,3,dn7;dn9,37.718779,-122.462401,2
77,90,4,dn10;dn11,37.78929,-122.426797,2
77,90,5,dn13;dn15,37.739611,-122.492203,2
77,91,2,dn6,37.751751,-122.410654,1
77,91,3,dn7;dn9,37.718779,-122.462401,2
77,91,4,dn10;dn11;dn12,37.78929,-122.426797,3
77,91,5,dn15,37.739611,-122.492203,1
77,92,3,dn7;dn9,37.718779,-122.462401,2
77,92,4,dn10;dn11;dn12,37.78929,-122.426797,3
77,92,5,dn15,37.739611,-122.492203,1
77,93,3,dn7;dn9,37.718779,-122.462401,2
77,93,4,dn11;dn12,37.78929,-122.426797,2
77,93,5,dn15,37.739611,-122.492203,1
77,94,3,dn7;dn9,37.718779,-122.462401,2
77,94,4,dn12,37.78929,-122.426797,1
77,94,5,dn15,37.739611,-122.492203,1
77,95,3,dn7;dn9,37.718779,-122.462401,2
77,95,5,dn15,37.739611,-122.492203,1
77,96,3,dn7;dn9,37.718779,-122.462401,2
77,96,5,dn15,37.739611,-122.492203,1
77,97,3,dn7;dn9,37.718779,-122.462401,2
77,97,5,dn15,37.739611,-122.492203,1
77,98,3,dn9,37.718779,-122.462401,1
77,98,5,dn15,37.739611,-122.492203,1
77,99,1,dn2;dn3,37.774524,-122.473656,2
77,99,3,dn8;dn9,37.718779,-122.462401,2
77,99,5,dn15,37.739611,-122.492203,1
78,0,1,dn1;dn2;dn3,37.774524,-122.473656,3
78,0,2,dn4;dn5;dn6,37.751751,-122.410654,3
78,0,3,dn7;dn8;dn9,37.718779,-122.462401,3
78,0,4,dn10;dn11;dn12,37.78929,-122.426797,3
78,0,5,dn13;dn14;dn15,37.739611,-122.492203,3
78,12,5,dn13,37.739611,-122.492203,1
78,13,5,dn15,37.739611,-122.492203,1
78,16,5,dn13,37.739611,-122.492203,1
78,18,1,dn2,37.774524,-122.473656,1
78,18,3,dn9,37.718779,-122.462401,1
78,18,4,dn11;dn12,37.78929,-122.426797,2
78,18,5,dn14,37.739611,-122.492203,1
78,20,1,dn1,37.774524,-122.473656,1
78,22,2,dn4;dn6,37.751751,-122.410654,2
78,22,3,dn7;dn8,37.718779,-122.462401,2
78,26,5,dn13,37.739611,-122.492203,1
78,28,1,dn3,37.774524,-122.473656,1
78,28,2,dn5,37.751751,-122.410654,1
78,28,5,dn14,37.739611,-122.492203,1
78,29,5,dn14,37.739611,-122.492203,1
78,30,5,dn14,37.739611,-122.492203,1
78,31,5,dn14,37.739611,-122.492203,1
78,32,3,dn7,37.718779,-122.462401,1
78,32,5,dn14,37.739611,-122.492203,1
78,33,5,dn14;dn15,37.739611,-122.492203,2
78,34,1,dn2,37.774524,-122.473656,1
78,34,2,dn6,37.751751,-122.410654,1
78,34,5,dn14;dn15,37.739611,-122.492203,2
78,35,1,dn2,37.774524,-122.473656,1
78,35,5,dn14;dn15,37.739611,-122.492203,2
78,36,5,dn14;dn15,37.739611,-122.492203,2
78,37,5,dn14;dn15,37.739611,-122.492203,2
78,38,4,dn12,37.78929,-122.426797,1
78,38,5,dn13;dn14;dn15,37.739611,-122.492203,3
78,39,5,dn14;dn15,37.739611,-122.492203,2
78,40,1,dn3,37.774524,-122.473656,1
78,40,3,dn8,37.718779,-122.462401,1
78,40,5,dn14;dn15,37.739611,-122.492203,2
78,41,3,dn8,37.718779,-122.462401,1
78,41,5,dn14;dn15,37.739611,-122.492203,2
78,42,3,dn8,37.718779,-122.462401,1
78,42,5,dn14;dn15,37.739611,-122.492203,2
78,43,3,dn8,37.718779,-122.462401,1
78,43,5,dn14;dn15,37.739611,-122.492203,2
78,44,3,dn8,37.718779,-122.462401,1
78,44,5,dn14;dn15,37.739611,-122.492203,2
78,45,3,dn8,37.718779,-122.462401,1
78,45,5,dn14;dn15,37.739611,-122.492203,2
78,46,1,dn1,37.774524,-122.473656,1
78,46,2,dn4,37.751751,-122.410654,1
78,46,3,dn8,37.718779,-122.462401,1
78,46,4,dn10,37.78929,-122.426797,1
78,46,5,dn14;dn15,37.739611,-122.492203,2
78,47,2,dn4,37.751751,-122.410654,1
78,47,3,dn8,37.718779,-122.462401,1
78,47,5,dn14;dn15,37.739611,-122.492203,2
78,48,1,dn2,37.774524,-122.473656,1
78,48,2,dn4,37.751751,-122.410654,1
78,48,3,dn7;dn8,37.718779,-122.462401,2
78,48,5,dn15,37.739611,-122.492203,1
78,49,3,dn7;dn8,37.718779,-122.462401,2
78,49,5,dn15,37.739611,-122.492203,1
78,50,3,dn7;dn8;dn9,37.718779,-122.462401,3
78,50,5,dn15,37.739611,-122.492203,1
78,51,3,dn7;dn8;dn9,37.718779,-122.462401,3
78,51,5,dn15,37.739611,-122.492203,1
78,52,3,dn7;dn8;dn9,37.718779,-122.462401,3
78,52,5,dn15,37.739611,-122.492203,1
78,53,3,dn7;dn8;dn9,37.718779,-122.462401,3
78,53,5,dn15,37.739611,-122.492203,1
78,54,3,dn7;dn8;dn9,37.718779,-122.462401,3
78,55,3,dn8;dn9,37.718779,-122.462401,2
78,56,3,dn8;dn9,37.718779,-122.462401,2
78,56,5,dn14,37.739611,-122.492203,1
78,57,3,dn8;dn9,37.718779,-122.462401,2
78,57,5,dn14,37.739611,-122.492203,1
78,58,3,dn8;dn9,37.718779,-122.462401,2
78,58,5,dn14,37.739611,-122.492203,1
78,59,3,dn8;dn9,37.718779,-122.462401,2
78,59,5,dn14,37.739611,-122.492203,1
78,60,3,dn8;dn9,37.718779,-122.462401,2
78,60,5,dn13;dn14,37.739611,-122.492203,2
78,61,3,dn8;dn9,37.718779,-122.462401,2
78,61,5,dn13;dn14,37.739611,-122.492203,2
78,62,2,dn4,37.751751,-122.410654,1
78,62,3,dn8;dn9,37.718779,-122.462401,2
78,62,5,dn13;dn14,37.739611,-122.492203,2
78,63,3,dn8;dn9,37.718779,-122.462401,2
78,63,5,dn13;dn14,37.739611,-122.492203,2
78,64,1,dn3,37.774524,-122.473656,1
78,64,3,dn8;dn9,37.718779,-122.462401,2
78,64,5,dn13;dn14,37.739611,-122.492203,2
78,65,3,dn8;dn9,37.718779,-122.462401,2
78,65,5,dn13;dn14,37.739611,-122.492203,2
78,66,3,dn9,37.718779,-122.462401,1
78,66,5,dn13;dn14,37.739611,-122.492203,2
78,67,5,dn13;dn14,37.739611,-122.492203,2
78,68,4,dn12,37.78929,-122.426797,1
78,68,5,dn13;dn14,37.739611,-122.492203,2
78,69,5,dn13;dn14,37.739611,-122.492203,2
78,70,3,dn7,37.718779,-122.462401,1
78,70,5,dn14,37.739611,-122.492203,1
78,71,3,dn7,37.718779,-122.462401,1
78,71,5,dn14;dn15,37.739611,-122.492203,2
78,72,3,dn7,37.718779,-122.462401,1
78,72,4,dn11,37.78929,-122.426797,1
78,72,5,dn14;dn15,37.739611,-122.492203,2
78,73,3,dn7,37.718779,-122.462401,1
78,73,5,dn14;dn15,37.739611,-122.492203,2
78,74,1,dn2,37.774524,-122.473656,1
78,74,3,dn7;dn9,37.718779,-122.462401,2
78,74,5,dn14;dn15,37.739611,-122.492203,2
78,75,3,dn7;dn9,37.718779,-122.462401,2
78,75,5,dn14;dn15,37.739611,-122.492203,2
78,76,3,dn7;dn9,37.718779,-122.462401,2
78,76,4,dn10,37.78929,-122.426797,1
78,76,5,dn14;dn15,37.739611,-122.492203,2
78,77,3,dn7;dn9,37.718779,-122.462401,2
78,77,5,dn14;dn15,37.739611,-122.492203,2
78,78,2,dn6,37.751751,-122.410654,1
78,78,3,dn9,37.718779,-122.462401,1
78,78,5,dn14;dn15,37.739611,-122.492203,2
78,79,2,dn6,37.751751,-122.410654,1
78,79,3,dn9,37.718779,-122.462401,1
78,79,5,dn14;dn15,37.739611,-122.492203,2
78,80,2,dn6,37.751751,-122.410654,1
78,80,3,dn8;dn9,37.718779,-122.462401,2
78,80,5,dn14;dn15,37.739611,-122.492203,2
78,81,2,dn6,37.751751,-122.410654,1
78,81,3,dn8;dn9,37.718779,-122.462401,2
78,81,5,dn14;dn15,37.739611,-122.492203,2
78,82,1,dn1,37.774524,-122.473656,1
78,82,2,dn6,37.751751,-122.410654,1
78,82,3,dn8;dn9,37.718779,-122.462401,2
78,82,5,dn14;dn15,37.739611,-122.492203,2
78,83,2,dn6,37.751751,-122.410654,1
78,83,3,dn8;dn9,37.718779,-122.462401,2
78,83,5,dn14;dn15,37.739611,-122.492203,2
78,84,2,dn6,37.751751,-122.410654,1
78,84,3,dn8;dn9,37.718779,-122.462401,2
78,84,5,dn13;dn14;dn15,37.739611,-122.492203,3
78,85,2,dn6,37.751751,-122.410654,1
78,85,3,dn7;dn9,37.718779,-122.462401,2
78,85,5,dn13;dn14;dn15,37.739611,-122.492203,3
78,86,2,dn6,37.751751,-122.410654,1
78,86,3,dn7;dn9,37.718779,-122.462401,2
78,86,5,dn13;dn14;dn15,37.739611,-122.492203,3
78,87,2,dn6,37.751751,-122.410654,1
78,87,3,dn7;dn9,37.718779,-122.462401,2
78,87,5,dn13;dn14;dn15,37.739611,-122.492203,3
78,88,2,dn5;dn6,37.751751,-122.410654,2
78,88,3,dn9,37.718779,-122.462401,1
78,88,4,dn11,37.78929,-122.426797,1
78,88,5,dn13;dn14;dn15,37.739611,-122.492203,3
78,89,2,dn6,37.751751,-122.410654,1
78,89,3,dn9,37.718779,-122.462401,1
78,89,4,dn11,37.78929,-122.426797,1
78,89,5,dn13;dn14;dn15,37.739611,-122.492203,3
78,90,3,dn9,37.718779,-122.462401,1
78,90,4,dn11,37.78929,-122.426797,1
78,90,5,dn13;dn14;dn15,37.739611,-122.492203,3
78,91,1,dn2,37.774524,-122.473656,1
78,91,4,dn11,37.78929,-122.426797,1
78,91,5,dn13;dn14;dn15,37.739611,-122.492203,3
78,92,4,dn11,37.78929,-122.426797,1
78,92,5,dn14;dn15,37.739611,-122.492203,2
78,93,4,dn11,37.78929,-122.426797,1
78,93,5,dn15,37.739611,-122.492203,1
78,94,1,dn3,37.774524,-122.473656,1
78,94,4,dn11,37.78929,-122.426797,1
78,95,1,dn3,37.774524,-122.473656,1
78,95,4,dn11,37.78929,-122.426797,1
78,96,1,dn3,37.774524,-122.473656,1
78,96,4,dn11,37.78929,-122.426797,1
78,97,1,dn3,37.774524,-122.473656,1
78,97,4,dn11,37.78929,-122.426797,1
78,98,3,dn7,37.718779,-122.462401,1
78,98,4,dn11,37.78929,-122.426797,1
78,99,4,dn11,37.78929,-122.426797,1
79,0,1,dn1;dn2;dn3,37.774524,-122.473656,3
79,0,2,dn4;dn5;dn6,37.751751,-122.410654,3
79,0,3,dn7;dn8;dn9,37.718779,-122.462401,3
79,0,4,dn10;dn11;dn12,37.78929,-122.426797,3
79,0,5,dn13;dn14;dn15,37.739611,-122.492203,3
79,9,1,dn3,37.774524,-122.473656,1
79,11,5,dn14,37.739611,-122.492203,1
79,13,4,dn10,37.78929,-122.426797,1
79,14,3,dn7;dn8,37.718779,-122.462401,2
79,15,5,dn15,37.739611,-122.492203,1
79,16,2,dn5,37.751751,-122.410654,1
79,16,5,dn13,37.739611,-122.492203,1
79,18,3,dn7,37.718779,-122.462401,1
79,19,3,dn7,37.718779,-122.462401,1
79,20,3,dn7,37.718779,-122.462401,1
79,21,3,dn7,37.718779,-122.462401,1
79,21,5,dn14,37.739611,-122.492203,1
79,24,3,dn8,37.718779,-122.462401,1
79,25,3,dn8,37.718779,-122.462401,1
79,26,3,dn8,37.718779,-122.462401,1
79,26,4,dn11,37.78929,-122.426797,1
79,27,3,dn8,37.718779,-122.462401,1
79,27,4,dn11,37.78929,-122.426797,1
79,28,1,dn1;dn2,37.774524,-122.473656,2
79,28,3,dn8,37.718779,-122.462401,1
79,29,1,dn2,37.774524,-122.473656,1
79,29,3,dn8,37.718779,-122.462401,1
79,29,5,dn15,37.739611,-122.492203,1
79,30,3,dn8,37.718779,-122.462401,1
79,30,4,dn12,37.78929,-122.426797,1
79,30,5,dn15,37.739611,-122.492203,1
79,31,3,dn8,37.718779,-122.462401,1
79,31,5,dn15,37.739611,-122.492203,1
79,32,2,dn4,37.751751,-122.410654,1
79,32,3,dn9,37.718779,-122.462401,1
79,32,5,dn13;dn15,37.739611,-122.492203,2
79,33,3,dn9,37.718779,-122.462401,1
79,33,5,dn15,37.739611,-122.492203,1
79,34,3,dn9,37.718779,-122.462401,1
79,34,5,dn15,37.739611,-122.492203,1
79,35,3,dn9,37.718779,-122.462401,1
79,35,5,dn15,37.739611,-122.492203,1
79,36,2,dn5,37.751751,-122.410654,1
79,36,3,dn9,37.718779,-122.462401,1
79,36,5,dn15,37.739611,-122.492203,1
79,37,2,dn5,37.751751,-122.410654,1
79,37,3,dn9,37.718779,-122.462401,1
79,37,5,dn15,37.739611,-122.492203,1
79,38,2,dn5;dn6,37.751751,-122.410654,2
79,38,3,dn7;dn9,37.718779,-122.462401,2
79,38,5,dn15,37.739611,-122.492203,1
79,39,2,dn5;dn6,37.751751,-122.410654,2
79,39,3,dn7;dn9,37.718779,-122.462401,2
79,39,4,dn10,37.78929,-122.426797,1
79,39,5,dn14;dn15,37.739611,-122.492203,2
79,40,2,dn5;dn6,37.751751,-122.410654,2
79,40,3,dn7;dn9,37.718779,-122.462401,2
79,40,4,dn10,37.78929,-122.426797,1
79,40,5,dn14;dn15,37.739611,-122.492203,2
79,41,1,dn3,37.774524,-122.473656,1
79,41,2,dn6,37.751751,-122.410654,1
79,41,3,dn7;dn9,37.718779,-122.462401,2
79,41,4,dn10,37.78929,-122.426797,1
79,41,5,dn14;dn15,37.739611,-122.492203,2
79,42,1,dn3,37.774524,-122.473656,1
79,42,2,dn6,37.751751,-122.410654,1
79,42,3,dn7;dn8;dn9,37.718779,-122.462401,3
79,42,4,dn10,37.78929,-122.426797,1
79,42,5,dn14;dn15,37.739611,-122.492203,2
79,43,1,dn3,37.774524,-122.473656,1
79,43,2,dn6,37.751751,-122.410654,1
79,43,3,dn7;dn8;dn9,37.718779,-122.462401,3
79,43,4,dn10,37.78929,-122.426797,1
79,43,5,dn13;dn14;dn15,37.739611,-122.492203,3
79,44,2,dn6,37.751751,-122.410654,1
79,44,3,dn7;dn8;dn9,37.718779,-122.462401,3
79,44,4,dn10;dn12,37.78929,-122.426797,2
79,44,5,dn13;dn14;dn15,37.739611,-122.492203,3
79,45,1,dn2,37.774524,-122.473656,1
79,45,2,dn6,37.751751,-122.410654,1
79,45,3,dn7;dn8;dn9,37.718779,-122.462401,3
79,45,4,dn10;dn12,37.78929,-122.426797,2
79,45,5,dn13;dn14;dn15,37.739611,-122.492203,3
79,46,1,dn2,37.774524,-122.473656,1
79,46,2,dn6,37.751751,-122.410654,1
79,46,3,dn7;dn8;dn9,37.718779,-122.462401,3
79,46,4,dn10;dn12,37.78929,-122.426797,2
79,46,5,dn13;dn14;dn15,37.739611,-122.492203,3
79,47,2,dn6,37.751751,-122.410654,1
79,47,3,dn7;dn8;dn9,37.718779,-122.462401,3
79,47,4,dn10;dn12,37.78929,-122.426797,2
79,47,5,dn13;dn14;dn15,37.739611,-122.492203,3
79,48,3,dn7;dn8;dn9,37.718779,-122.462401,3
79,48,4,dn10;dn12,37.78929,-122.426797,2
79,48,5,dn13;dn14;dn15,37.739611,-122.492203,3
79,49,3,dn7;dn8;dn9,37.718779,-122.462401,3
79,49,4,dn10;dn12,37.78929,-122.426797,2
79,49,5,dn13;dn14;dn15,37.739611,-122.492203,3
79,50,3,dn7;dn8;dn9,37.718779,-122.462401,3
79,50,4,dn12,37.78929,-122.426797,1
79,50,5,dn13;dn14;dn15,37.739611,-122.492203,3
79,51,3,dn8;dn9,37.718779,-122.462401,2
79,51,4,dn12,37.78929,-122.426797,1
79,51,5,dn13;dn14;dn15,37.739611,-122.492203,3
79,52,1,dn1,37.774524,-122.473656,1
79,52,2,dn4,37.751751,-122.410654,1
79,52,3,dn9,37.718779,-122.462401,1
79,52,4,dn12,37.78929,-122.426797,1
79,52,5,dn13;dn14;dn15,37.739611,-122.492203,3
79,53,1,dn1,37.774524,-122.473656,1
79,53,2,dn4,37.751751,-122.410654,1
79,53,4,dn12,37.78929,-122.426797,1
79,53,5,dn13;dn14;dn15,37.739611,-122.492203,3
79,54,1,dn1,37.774524,-122.473656,1
79,54,2,dn4,37.751751,-122.410654,1
79,54,4,dn12,37.78929,-122.426797,1
79,54,5,dn13;dn14;dn15,37.739611,-122.492203,3
79,55,1,dn1,37.774524,-122.473656,1
79,55,2,dn4,37.751751,-122.410654,1
79,55,4,dn12,37.78929,-122.426797,1
79,55,5,dn13;dn14;dn15,37.739611,-122.492203,3
79,56,1,dn1,37.774524,-122.473656,1
79,56,4,dn12,37.78929,-122.426797,1
79,56,5,dn13;dn14;dn15,37.739611,-122.492203,3
79,57,1,dn1,37.774524,-122.473656,1
79,57,4,dn12,37.78929,-122.426797,1
79,57,5,dn13;dn14;dn15,37.739611,-122.492203,3
79,58,1,dn1,37.774524,-122.473656,1
79,58,4,dn12,37.78929,-122.426797,1
79,58,5,dn13;dn14;dn15,37.739611,-122.492203,3
79,59,1,dn1,37.774524,-122.473656,1
79,59,4,dn12,37.78929,-122.426797,1
79,59,5,dn13;dn14;dn15,37.739611,-122.492203,3
79,60,1,dn1,37.774524,-122.473656,1
79,60,4,dn12,37.78929,-122.426797,1
79,60,5,dn13;dn14;dn15,37.739611,-122.492203,3
79,61,1,dn1,37.774524,-122.473656,1
79,61,3,dn7,37.718779,-122.462401,1
79,61,5,dn13;dn14;dn15,37.739611,-122.492203,3
79,62,1,dn1;dn2,37.774524,-122.473656,2
79,62,3,dn7,37.718779,-122.462401,1
79,62,5,dn13;dn14;dn15,37.739611,-122.492203,3
79,63,1,dn2,37.774524,-122.473656,1
79,63,3,dn7;dn8,37.718779,-122.462401,2
79,63,5,dn13;dn14;dn15,37.739611,-122.492203,3
79,64,1,dn2,37.774524,-122.473656,1
79,64,2,dn5,37.751751,-122.410654,1
79,64,3,dn7;dn8;dn9,37.718779,-122.462401,3
79,64,5,dn13;dn14;dn15,37.739611,-122.492203,3
79,65,1,dn2,37.774524,-122.473656,1
79,65,3,dn8;dn9,37.718779,-122.462401,2
79,65,5,dn13;dn14;dn15,37.739611,-122.492203,3
79,66,1,dn2,37.774524,-122.473656,1
79,66,3,dn8;dn9,37.718779,-122.462401,2
79,66,5,dn13;dn14;dn15,37.739611,-122.492203,3
79,67,1,dn2,37.774524,-122.473656,1
79,67,3,dn8;dn9,37.718779,-122.462401,2
79,67,5,dn13;dn14;dn15,37.739611,-122.492203,3
79,68,1,dn2,37.774524,-122.473656,1
79,68,3,dn8;dn9,37.718779,-122.462401,2
79,68,5,dn13;dn14;dn15,37.739611,-122.492203,3
79,69,1,dn2,37.774524,-122.473656,1
79,69,3,dn8;dn9,37.718779,-122.462401,2
79,69,5,dn13;dn14;dn15,37.739611,-122.492203,3
79,70,1,dn2,37.774524,-122.473656,1
79,70,3,dn9,37.718779,-122.462401,1
79,70,5,dn13;dn14;dn15,37.739611,-122.492203,3
79,71,1,dn3,37.774524,-122.473656,1
79,71,3,dn9,37.718779,-122.462401,1
79,71,5,dn13;dn14;dn15,37.739611,-122.492203,3
79,72,1,dn3,37.774524,-122.473656,1
79,72,5,dn13;dn14;dn15,37.739611,-122.492203,3
79,73,1,dn3,37.774524,-122.473656,1
79,73,3,dn7,37.718779,-122.462401,1
79,73,5,dn13;dn14;dn15,37.739611,-122.492203,3
79,74,1,dn3,37.774524,-122.473656,1
79,74,3,dn7,37.718779,-122.462401,1
79,74,5,dn13;dn14;dn15,37.739611,-122.492203,3
79,75,3,dn7,37.718779,-122.462401,1
79,75,5,dn13;dn14;dn15,37.739611,-122.492203,3
79,76,3,dn7,37.718779,-122.462401,1
79,76,5,dn13;dn14;dn15,37.739611,-122.492203,3
79,77,3,dn7,37.718779,-122.462401,1
79,77,5,dn14;dn15,37.739611,-122.492203,2
79,78,2,dn5,37.751751,-122.410654,1
79,78,3,dn7,37.718779,-122.462401,1
79,78,5,dn14;dn15,37.739611,-122.492203,2
79,79,2,dn5,37.751751,-122.410654,1
79,79,3,dn7,37.718779,-122.462401,1
79,79,5,dn14;dn15,37.739611,-122.492203,2
79,80,3,dn7,37.718779,-122.462401,1
79,80,5,dn14;dn15,37.739611,-122.492203,2
79,81,2,dn4,37.751751,-122.410654,1
79,81,3,dn7;dn8,37.718779,-122.462401,2
79,81,4,dn11,37.78929,-122.426797,1
79,81,5,dn14;dn15,37.739611,-122.492203,2
79,82,2,dn4,37.751751,-122.410654,1
79,82,3,dn7;dn8,37.718779,-122.462401,2
79,82,4,dn11,37.78929,-122.426797,1
79,82,5,dn14;dn15,37.739611,-122.492203,2
79,83,1,dn2,37.774524,-122.473656,1
79,83,2,dn4;dn6,37.751751,-122.410654,2
79,83,3,dn7;dn8;dn9,37.718779,-122.462401,3
79,83,4,dn11,37.78929,-122.426797,1
79,83,5,dn14;dn15,37.739611,-122.492203,2
79,84,1,dn2,37.774524,-122.473656,1
79,84,2,dn4;dn6,37.751751,-122.410654,2
79,84,3,dn7;dn8;dn9,37.718779,-122.462401,3
79,84,4,dn11;dn12,37.78929,-122.426797,2
79,84,5,dn14;dn15,37.739611,-122.492203,2
79,85,1,dn2,37.774524,-122.473656,1
79,85,2,dn4;dn6,37.751751,-122.410654,2
79,85,3,dn7;dn8;dn9,37.718779,-122.462401,3
79,85,4,dn11;dn12,37.78929,-122.426797,2
79,85,5,dn14;dn15,37.739611,-122.492203,2
79,86,1,dn2,37.774524,-122.473656,1
79,86,2,dn4;dn6,37.751751,-122.410654,2
79,86,3,dn7;dn8;dn9,37.718779,-122.462401,3
79,86,4,dn11;dn12,37.78929,-122.426797,2
79,86,5,dn13;dn14;dn15,37.739611,-122.492203,3
79,87,1,dn2,37.774524,-122.473656,1
79,87,2,dn4;dn6,37.751751,-122.410654,2
79,87,3,dn7;dn8;dn9,37.718779,-122.462401,3
79,87,4,dn11;dn12,37.78929,-122.426797,2
79,87,5,dn13;dn14;dn15,37.739611,-122.492203,3
79,88,1,dn3,37.774524,-122.473656,1
79,88,2,dn4;dn6,37.751751,-122.410654,2
79,88,3,dn7;dn8;dn9,37.718779,-122.462401,3
79,88,4,dn11;dn12,37.78929,-122.426797,2
79,88,5,dn13;dn14;dn15,37.739611,-122.492203,3
79,89,2,dn4;dn6,37.751751,-122.410654,2
79,89,3,dn7;dn8;dn9,37.718779,-122.462401,3
79,89,4,dn11;dn12,37.78929,-122.426797,2
79,89,5,dn13;dn14;dn15,37.739611,-122.492203,3
79,90,2,dn6,37.751751,-122.410654,1
79,90,3,dn7;dn8;dn9,37.718779,-122.462401,3
79,90,4,dn11;dn12,37.78929,-122.426797,2
79,90,5,dn13;dn14;dn15,37.739611,-122.492203,3
79,91,2,dn6,37.751751,-122.410654,1
79,91,3,dn7;dn8;dn9,37.718779,-122.462401,3
79,91,4,dn11;dn12,37.78929,-122.426797,2
79,91,5,dn13;dn14;dn15,37.739611,-122.492203,3
79,92,2,dn6,37.751751,-122.410654,1
79,92,3,dn7;dn8;dn9,37.718779,-122.462401,3
79,92,4,dn11;dn12,37.78929,-122.426797,2
79,92,5,dn13;dn14;dn15,37.739611,-122.492203,3
79,93,2,dn5;dn6,37.751751,-122.410654,2
79,93,3,dn8;dn9,37.718779,-122.462401,2
79,93,4,dn11;dn12,37.78929,-122.426797,2
79,93,5,dn13;dn14;dn15,37.739611,-122.492203,3
79,94,1,dn1,37.774524,-122.473656,1
79,94,2,dn6,37.751751,-122.410654,1
79,94,3,dn8;dn9,37.718779,-122.462401,2
79,94,4,dn11;dn12,37.78929,-122.426797,2
79,94,5,dn13;dn14;dn15,37.739611,-122.492203,3
79,95,2,dn6,37.751751,-122.410654,1
79,95,3,dn8;dn9,37.718779,-122.462401,2
79,95,4,dn11;dn12,37.78929,-122.426797,2
79,95,5,dn13;dn14;dn15,37.739611,-122.492203,3
79,96,2,dn6,37.751751,-122.410654,1
79,96,3,dn8;dn9,37.718779,-122.462401,2
79,96,4,dn11;dn12,37.78929,-122.426797,2
79,96,5,dn13;dn14;dn15,37.739611,-122.492203,3
79,97,2,dn6,37.751751,-122.410654,1
79,97,3,dn8;dn9,37.718779,-122.462401,2
79,97,4,dn11;dn12,37.78929,-122.426797,2
79,97,5,dn13;dn14;dn15,37.739611,-122.492203,3
79,98,3,dn8;dn9,37.718779,-122.462401,2
79,98,4,dn11;dn12,37.78929,-122.426797,2
79,98,5,dn13;dn14;dn15,37.739611,-122.492203,3
79,99,3,dn8;dn9,37.718779,-122.462401,2
79,99,4,dn10;dn11;dn12,37.78929,-122.426797,3
79,99,5,dn13;dn14;dn15,37.739611,-122.492203,3
80,0,1,dn1;dn2;dn3,37.774524,-122.473656,3
80,0,2,dn4;dn5;dn6,37.751751,-122.410654,3
80,0,3,dn7;dn8;dn9,37.718779,-122.462401,3
80,0,4,dn10;dn11;dn12,37.78929,-122.426797,3
80,0,5,dn13;dn14;dn15,37.739611,-122.492203,3
80,10,3,dn8,37.718779,-122.462401,1
80,10,5,dn13,37.739611,-122.492203,1
80,11,5,dn15,37.739611,-122.492203,1
80,13,5,dn14,37.739611,-122.492203,1
80,15,3,dn9,37.718779,-122.462401,1
80,16,5,dn13,37.739611,-122.492203,1
80,17,1,dn1,37.774524,-122.473656,1
80,18,2,dn4,37.751751,-122.410654,1
80,18,4,dn11,37.78929,-122.426797,1
80,20,1,dn3,37.774524,-122.473656,1
80,20,2,dn5,37.751751,-122.410654,1
80,24,4,dn12,37.78929,-122.426797,1
80,25,5,dn15,37.739611,-122.492203,1
80,26,1,dn2,37.774524,-122.473656,1
80,26,4,dn10,37.78929,-122.426797,1
80,27,5,dn14,37.739611,-122.492203,1
80,28,1,dn3,37.774524,-122.473656,1
80,28,3,dn7,37.718779,-122.462401,1
80,30,2,dn6,37.751751,-122.410654,1
80,30,3,dn8,37.718779,-122.462401,1
80,32,4,dn11,37.78929,-122.426797,1
80,34,1,dn2,37.774524,-122.473656,1
80,35,5,dn15,37.739611,-122.492203,1
80,37,5,dn14,37.739611,-122.492203,1
80,38,5,dn13;dn14,37.739611,-122.492203,2
80,39,5,dn13;dn14,37.739611,-122.492203,2
80,40,4,dn10,37.78929,-122.426797,1
80,40,5,dn14,37.739611,-122.492203,1
80,41,5,dn14,37.739611,-122.492203,1
80,42,5,dn14,37.739611,-122.492203,1
80,43,1,dn1,37.774524,-122.473656,1
80,43,5,dn14,37.739611,-122.492203,1
80,44,1,dn3,37.774524,-122.473656,1
80,44,5,dn14,37.739611,-122.492203,1
80,45,1,dn3,37.774524,-122.473656,1
80,45,5,dn14;dn15,37.739611,-122.492203,2
80,46,1,dn3,37.774524,-122.473656,1
80,46,2,dn5,37.751751,-122.410654,1
80,46,3,dn8,37.718779,-122.462401,1
80,46,5,dn14;dn15,37.739611,-122.492203,2
80,47,1,dn3,37.774524,-122.473656,1
80,47,3,dn8;dn9,37.718779,-122.462401,2
80,47,5,dn14;dn15,37.739611,-122.492203,2
80,48,1,dn2;dn3,37.774524,-122.473656,2
80,48,3,dn8;dn9,37.718779,-122.462401,2
80,48,5,dn14;dn15,37.739611,-122.492203,2
80,49,1,dn2;dn3,37.774524,-122.473656,2
80,49,3,dn8;dn9,37.718779,-122.462401,2
80,49,5,dn14;dn15,37.739611,-122.492203,2
80,50,1,dn2;dn3,37.774524,-122.473656,2
80,50,2,dn4,37.751751,-122.410654,1
80,50,3,dn8;dn9,37.718779,-122.462401,2
80,50,5,dn14;dn15,37.739611,-122.492203,2
80,51,1,dn2;dn3,37.774524,-122.473656,2
80,51,3,dn8;dn9,37.718779,-122.462401,2
80,51,5,dn14;dn15,37.739611,-122.492203,2
80,52,1,dn2;dn3,37.774524,-122.473656,2
80,52,3,dn7;dn8;dn9,37.718779,-122.462401,3
80,52,5,dn14;dn15,37.739611,-122.492203,2
80,53,1,dn2;dn3,37.774524,-122.473656,2
80,53,3,dn7;dn8;dn9,37.718779,-122.462401,3
80,53,5,dn14;dn15,37.739611,-122.492203,2
80,54,1,dn2;dn3,37.774524,-122.473656,2
80,54,3,dn8;dn9,37.718779,-122.462401,2
80,54,5,dn13;dn14;dn15,37.739611,-122.492203,3
80,55,1,dn2;dn3,37.774524,-122.473656,2
80,55,3,dn8;dn9,37.718779,-122.462401,2
80,55,5,dn13;dn14;dn15,37.739611,-122.492203,3
80,56,1,dn3,37.774524,-122.473656,1
80,56,3,dn8;dn9,37.718779,-122.462401,2
80,56,4,dn12,37.78929,-122.426797,1
80,56,5,dn13;dn14;dn15,37.739611,-122.492203,3
80,57,1,dn3,37.774524,-122.473656,1
80,57,3,dn9,37.718779,-122.462401,1
80,57,5,dn13;dn14;dn15,37.739611,-122.492203,3
80,58,1,dn3,37.774524,-122.473656,1
80,58,3,dn9,37.718779,-122.462401,1
80,58,5,dn13;dn14;dn15,37.739611,-122.492203,3
80,59,1,dn3,37.774524,-122.473656,1
80,59,3,dn9,37.718779,-122.462401,1
80,59,5,dn13;dn14;dn15,37.739611,-122.492203,3
80,60,1,dn3,37.774524,-122.473656,1
80,60,3,dn9,37.718779,-122.462401,1
80,60,5,dn13;dn14;dn15,37.739611,-122.492203,3
80,61,1,dn3,37.774524,-122.473656,1
80,61,3,dn9,37.718779,-122.462401,1
80,61,5,dn13;dn14;dn15,37.739611,-122.492203,3
80,62,1,dn3,37.774524,-122.473656,1
80,62,2,dn6,37.751751,-122.410654,1
80,62,4,dn11,37.78929,-122.426797,1
80,62,5,dn13;dn14;dn15,37.739611,-122.492203,3
80,63,2,dn6,37.751751,-122.410654,1
80,63,4,dn11,37.78929,-122.426797,1
80,63,5,dn13;dn14;dn15,37.739611,-122.492203,3
80,64,2,dn6,37.751751,-122.410654,1
80,64,4,dn11,37.78929,-122.426797,1
80,64,5,dn14;dn15,37.739611,-122.492203,2
80,65,2,dn6,37.751751,-122.410654,1
80,65,4,dn11,37.78929,-122.426797,1
80,65,5,dn14;dn15,37.739611,-122.492203,2
80,66,2,dn4,37.751751,-122.410654,1
80,66,4,dn11,37.78929,-122.426797,1
80,66,5,dn14;dn15,37.739611,-122.492203,2
80,67,2,dn4,37.751751,-122.410654,1
80,67,4,dn11,37.78929,-122.426797,1
80,67,5,dn14;dn15,37.739611,-122.492203,2
80,68,2,dn4,37.751751,-122.410654,1
80,68,3,dn8,37.718779,-122.462401,1
80,68,4,dn11,37.78929,-122.426797,1
80,68,5,dn14;dn15,37.739611,-122.492203,2
80,69,1,dn1,37.774524,-122.473656,1
80,69,2,dn4,37.751751,-122.410654,1
80,69,4,dn11,37.78929,-122.426797,1
80,69,5,dn14;dn15,37.739611,-122.492203,2
80,70,1,dn1;dn3,37.774524,-122.473656,2
80,70,4,dn11,37.78929,-122.426797,1
80,70,5,dn14;dn15,37.739611,-122.492203,2
80,71,1,dn3,37.774524,-122.473656,1
80,71,4,dn11,37.78929,-122.426797,1
80,71,5,dn14;dn15,37.739611,-122.492203,2
80,72,4,dn11,37.78929,-122.426797,1
80,72,5,dn14;dn15,37.739611,-122.492203,2
80,73,4,dn11,37.78929,-122.426797,1
80,73,5,dn15,37.739611,-122.492203,1
80,74,4,dn11;dn12,37.78929,-122.426797,2
80,75,3,dn9,37.718779,-122.462401,1
80,75,4,dn11;dn12,37.78929,-122.426797,2
80,76,2,dn5,37.751751,-122.410654,1
80,76,3,dn9,37.718779,-122.462401,1
80,76,4,dn11;dn12,37.78929,-122.426797,2
80,77,2,dn5,37.751751,-122.410654,1
80,77,3,dn9,37.718779,-122.462401,1
80,77,4,dn11;dn12,37.78929,-122.426797,2
80,77,5,dn13,37.739611,-122.492203,1
80,78,2,dn5,37.751751,-122.410654,1
80,78,3,dn9,37.718779,-122.462401,1
80,78,4,dn11;dn12,37.78929,-122.426797,2
80,79,1,dn2,37.774524,-122.473656,1
80,79,2,dn5,37.751751,-122.410654,1
80,79,4,dn11;dn12,37.78929,-122.426797,2
80,80,1,dn2,37.774524,-122.473656,1
80,80,2,dn5,37.751751,-122.410654,1
80,80,4,dn11;dn12,37.78929,-122.426797,2
80,81,1,dn2,37.774524,-122.473656,1
80,81,2,dn5,37.751751,-122.410654,1
80,81,4,dn11;dn12,37.78929,-122.426797,2
80,82,1,dn2,37.774524,-122.473656,1
80,82,2,dn5,37.751751,-122.410654,1
80,82,4,dn11;dn12,37.78929,-122.426797,2
80,83,1,dn2,37.774524,-122.473656,1
80,83,2,dn5;dn6,37.751751,-122.410654,2
80,83,3,dn7,37.718779,-122.462401,1
80,83,4,dn11;dn12,37.78929,-122.426797,2
80,84,2,dn5;dn6,37.751751,-122.410654,2
80,84,4,dn11;dn12,37.78929,-122.426797,2
80,85,2,dn5;dn6,37.751751,-122.410654,2
80,85,4,dn11;dn12,37.78929,-122.426797,2
80,86,2,dn5;dn6,37.751751,-122.410654,2
80,86,4,dn10;dn11;dn12,37.78929,-122.426797,3
80,87,1,dn3,37.774524,-122.473656,1
80,87,2,dn5;dn6,37.751751,-122.410654,2
80,87,4,dn10;dn11;dn12,37.78929,-122.426797,3
80,87,5,dn15,37.739611,-122.492203,1
80,88,2,dn5;dn6,37.751751,-122.410654,2
80,88,4,dn10;dn11;dn12,37.78929,-122.426797,3
80,88,5,dn15,37.739611,-122.492203,1
80,89,2,dn5;dn6,37.751751,-122.410654,2
80,89,4,dn10;dn11;dn12,37.78929,-122.426797,3
80,90,2,dn6,37.751751,-122.410654,1
80,90,3,dn8,37.718779,-122.462401,1
80,90,4,dn10;dn11;dn12,37.78929,-122.426797,3
80,91,3,dn8,37.718779,-122.462401,1
80,91,4,dn10;dn11;dn12,37.78929,-122.426797,3
80,91,5,dn13,37.739611,-122.492203,1
80,92,3,dn8;dn9,37.718779,-122.462401,2
80,92,4,dn11;dn12,37.78929,-122.426797,2
80,92,5,dn13,37.739611,-122.492203,1
80,93,1,dn2,37.774524,-122.473656,1
80,93,3,dn7;dn8;dn9,37.718779,-122.462401,3
80,93,4,dn11;dn12,37.78929,-122.426797,2
80,93,5,dn13,37.739611,-122.492203,1
80,94,1,dn2,37.774524,-122.473656,1
80,94,3,dn7;dn8;dn9,37.718779,-122.462401,3
80,94,4,dn11;dn12,37.78929,-122.426797,2
80,94,5,dn13;dn14,37.739611,-122.492203,2
80,95,1,dn2,37.774524,-122.473656,1
80,95,3,dn7;dn8;dn9,37.718779,-122.462401,3
80,95,4,dn11;dn12,37.78929,-122.426797,2
80,95,5,dn13;dn14,37.739611,-122.492203,2
80,96,1,dn2,37.774524,-122.473656,1
80,96,3,dn7;dn8;dn9,37.718779,-122.462401,3
80,96,4,dn11;dn12,37.78929,-122.426797,2
80,96,5,dn13;dn14,37.739611,-122.492203,2
80,97,1,dn2,37.774524,-122.473656,1
80,97,3,dn7;dn8;dn9,37.718779,-122.462401,3
80,97,4,dn11;dn12,37.78929,-122.426797,2
80,97,5,dn13;dn14,37.739611,-122.492203,2
80,98,1,dn2,37.774524,-122.473656,1
80,98,3,dn7;dn8;dn9,37.718779,-122.462401,3
80,98,4,dn12,37.78929,-122.426797,1
80,98,5,dn13;dn14;dn15,37.739611,-122.492203,3
80,99,3,dn7;dn8;dn9,37.718779,-122.462401,3
80,99,4,dn12,37.78929,-122.426797,1
80,99,5,dn13;dn14;dn15,37.739611,-122.492203,3
81,0,1,dn1;dn2;dn3,37.774524,-122.473656,3
81,0,2,dn4;dn5;dn6,37.751751,-122.410654,3
81,0,3,dn7;dn8;dn9,37.718779,-122.462401,3
81,0,4,dn10;dn11;dn12,37.78929,-122.426797,3
81,0,5,dn13;dn14;dn15,37.739611,-122.492203,3
81,8,1,dn1,37.774524,-122.473656,1
81,9,5,dn13;dn15,37.739611,-122.492203,2
81,13,1,dn3,37.774524,-122.473656,1
81,13,5,dn14,37.739611,-122.492203,1
81,15,1,dn2,37.774524,-122.473656,1
81,17,3,dn9,37.718779,-122.462401,1
81,17,4,dn12,37.78929,-122.426797,1
81,18,3,dn9,37.718779,-122.462401,1
81,18,5,dn15,37.739611,-122.492203,1
81,20,1,dn1,37.774524,-122.473656,1
81,21,5,dn13,37.739611,-122.492203,1
81,22,5,dn13,37.739611,-122.492203,1
81,23,5,dn13,37.739611,-122.492203,1
81,26,4,dn11,37.78929,-122.426797,1
81,28,1,dn2,37.774524,-122.473656,1
81,28,3,dn8,37.718779,-122.462401,1
81,29,1,dn1,37.774524,-122.473656,1
81,30,1,dn1,37.774524,-122.473656,1
81,30,4,dn10,37.78929,-122.426797,1
81,30,5,dn14,37.739611,-122.492203,1
81,31,1,dn1,37.774524,-122.473656,1
81,32,1,dn1,37.774524,-122.473656,1
81,33,1,dn1,37.774524,-122.473656,1
81,34,1,dn1;dn2,37.774524,-122.473656,2
81,34,2,dn5,37.751751,-122.410654,1
81,34,5,dn15,37.739611,-122.492203,1
81,35,1,dn1;dn2;dn3,37.774524,-122.473656,3
81,36,1,dn1;dn2;dn3,37.774524,-122.473656,3
81,36,3,dn7,37.718779,-122.462401,1
81,37,1,dn1;dn2;dn3,37.774524,-122.473656,3
81,37,3,dn9,37.718779,-122.462401,1
81,38,1,dn1;dn2;dn3,37.774524,-122.473656,3
81,38,3,dn8;dn9,37.718779,-122.462401,2
81,39,1,dn1;dn2;dn3,37.774524,-122.473656,3
81,39,3,dn9,37.718779,-122.462401,1
81,40,1,dn1;dn2;dn3,37.774524,-122.473656,3
81,40,3,dn9,37.718779,-122.462401,1
81,41,1,dn1;dn2;dn3,37.774524,-122.473656,3
81,41,3,dn9,37.718779,-122.462401,1
81,42,1,dn1;dn2;dn3,37.774524,-122.473656,3
81,42,2,dn4;dn6,37.751751,-122.410654,2
81,42,3,dn9,37.718779,-122.462401,1
81,43,1,dn2;dn3,37.774524,-122.473656,2
81,43,3,dn9,37.718779,-122.462401,1
81,44,1,dn3,37.774524,-122.473656,1
81,44,3,dn9,37.718779,-122.462401,1
81,45,1,dn3,37.774524,-122.473656,1
81,45,3,dn9,37.718779,-122.462401,1
81,46,1,dn3,37.774524,-122.473656,1
81,46,3,dn9,37.718779,-122.462401,1
81,47,1,dn3,37.774524,-122.473656,1
81,47,3,dn9,37.718779,-122.462401,1
81,47,5,dn13,37.739611,-122.492203,1
81,48,1,dn3,37.774524,-122.473656,1
81,48,3,dn9,37.718779,-122.462401,1
81,48,5,dn13;dn14;dn15,37.739611,-122.492203,3
81,49,1,dn3,37.774524,-122.473656,1
81,49,5,dn13;dn14;dn15,37.739611,-122.492203,3
81,50,1,dn3,37.774524,-122.473656,1
81,50,3,dn7,37.718779,-122.462401,1
81,50,5,dn13;dn14;dn15,37.739611,-122.492203,3
81,51,1,dn3,37.774524,-122.473656,1
81,51,3,dn7,37.718779,-122.462401,1
81,51,5,dn13;dn14;dn15,37.739611,-122.492203,3
81,52,1,dn3,37.774524,-122.473656,1
81,52,5,dn13;dn14;dn15,37.739611,-122.492203,3
81,53,1,dn3,37.774524,-122.473656,1
81,53,5,dn13;dn14;dn15,37.739611,-122.492203,3
81,54,1,dn1;dn3,37.774524,-122.473656,2
81,54,5,dn13;dn14;dn15,37.739611,-122.492203,3
81,55,1,dn1;dn3,37.774524,-122.473656,2
81,55,5,dn13;dn14;dn15,37.739611,-122.492203,3
81,56,1,dn1;dn3,37.774524,-122.473656,2
81,56,5,dn13;dn14;dn15,37.739611,-122.492203,3
81,57,1,dn1;dn3,37.774524,-122.473656,2
81,57,5,dn13;dn14;dn15,37.739611,-122.492203,3
81,58,1,dn1;dn3,37.774524,-122.473656,2
81,58,5,dn13;dn14;dn15,37.739611,-122.492203,3
81,59,1,dn1;dn3,37.774524,-122.473656,2
81,59,5,dn13;dn14;dn15,37.739611,-122.492203,3
81,60,1,dn1;dn3,37.774524,-122.473656,2
81,60,2,dn4,37.751751,-122.410654,1
81,60,5,dn14;dn15,37.739611,-122.492203,2
81,61,1,dn1;dn3,37.774524,-122.473656,2
81,61,5,dn15,37.739611,-122.492203,1
81,62,1,dn1;dn3,37.774524,-122.473656,2
81,62,2,dn5,37.751751,-122.410654,1
81,62,5,dn15,37.739611,-122.492203,1
81,63,1,dn1;dn2;dn3,37.774524,-122.473656,3
81,63,5,dn15,37.739611,-122.492203,1
81,64,1,dn1;dn2;dn3,37.774524,-122.473656,3
81,64,3,dn7,37.718779,-122.462401,1
81,64,5,dn15,37.739611,-122.492203,1
81,65,1,dn2;dn3,37.774524,-122.473656,2
81,65,3,dn7,37.718779,-122.462401,1
81,65,5,dn15,37.739611,-122.492203,1
81,66,1,dn3,37.774524,-122.473656,1
81,66,3,dn7,37.718779,-122.462401,1
81,66,5,dn15,37.739611,-122.492203,1
81,67,1,dn3,37.774524,-122.473656,1
81,67,5,dn15,37.739611,-122.492203,1
81,68,1,dn3,37.774524,-122.473656,1
81,69,5,dn14,37.739611,-122.492203,1
81,70,5,dn14,37.739611,-122.492203,1
81,71,4,dn12,37.78929,-122.426797,1
81,71,5,dn13,37.739611,-122.492203,1
81,72,5,dn13,37.739611,-122.492203,1
81,73,5,dn13,37.739611,-122.492203,1
81,74,3,dn8;dn9,37.718779,-122.462401,2
81,74,5,dn13,37.739611,-122.492203,1
81,75,1,dn3,37.774524,-122.473656,1
81,75,3,dn9,37.718779,-122.462401,1
81,75,5,dn13,37.739611,-122.492203,1
81,76,3,dn9,37.718779,-122.462401,1
81,76,5,dn13,37.739611,-122.492203,1
81,77,5,dn13,37.739611,-122.492203,1
81,78,2,dn5,37.751751,-122.410654,1
81,78,4,dn11,37.78929,-122.426797,1
81,79,4,dn11,37.78929,-122.426797,1
81,80,3,dn7,37.718779,-122.462401,1
81,80,4,dn11,37.78929,-122.426797,1
81,80,5,dn15,37.739611,-122.492203,1
81,81,4,dn11,37.78929,-122.426797,1
81,81,5,dn15,37.739611,-122.492203,1
81,82,4,dn11,37.78929,-122.426797,1
81,82,5,dn15,37.739611,-122.492203,1
81,83,1,dn2,37.774524,-122.473656,1
81,83,3,dn9,37.718779,-122.462401,1
81,83,4,dn11,37.78929,-122.426797,1
81,83,5,dn15,37.739611,-122.492203,1
81,84,1,dn2,37.774524,-122.473656,1
81,84,3,dn9,37.718779,-122.462401,1
81,84,4,dn11,37.78929,-122.426797,1
81,84,5,dn14;dn15,37.739611,-122.492203,2
81,85,1,dn2,37.774524,-122.473656,1
81,85,3,dn9,37.718779,-122.462401,1
81,85,4,dn11,37.78929,-122.426797,1
81,85,5,dn14;dn15,37.739611,-122.492203,2
81,86,1,dn2,37.774524,-122.473656,1
81,86,4,dn11,37.78929,-122.426797,1
81,86,5,dn14;dn15,37.739611,-122.492203,2
81,87,4,dn11,37.78929,-122.426797,1
81,87,5,dn14;dn15,37.739611,-122.492203,2
81,88,4,dn11,37.78929,-122.426797,1
81,88,5,dn14;dn15,37.739611,-122.492203,2
81,89,1,dn3,37.774524,-122.473656,1
81,89,3,dn8,37.718779,-122.462401,1
81,89,4,dn11,37.78929,-122.426797,1
81,89,5,dn15,37.739611,-122.492203,1
81,90,4,dn11,37.78929,-122.426797,1
81,90,5,dn15,37.739611,-122.492203,1
81,91,4,dn11,37.78929,-122.426797,1
81,91,5,dn15,37.739611,-122.492203,1
81,92,5,dn15,37.739611,-122.492203,1
81,93,5,dn15,37.739611,-122.492203,1
81,94,2,dn6,37.751751,-122.410654,1
81,96,4,dn10,37.78929,-122.426797,1
81,97,5,dn13,37.739611,-122.492203,1
81,98,1,dn1,37.774524,-122.473656,1
81,98,3,dn9,37.718779,-122.462401,1
81,99,1,dn1,37.774524,-122.473656,1
81,99,3,dn9,37.718779,-122.462401,1
82,0,1,dn1;dn2;dn3,37.774524,-122.473656,3
82,0,2,dn4;dn5;dn6,37.751751,-122.410654,3
82,0,3,dn7;dn8;dn9,37.718779,-122.462401,3
82,0,4,dn10;dn11;dn12,37.78929,-122.426797,3
82,0,5,dn13;dn14;dn15,37.739611,-122.492203,3
82,7,5,dn13,37.739611,-122.492203,1
82,9,5,dn15,37.739611,-122.492203,1
82,11,1,dn1,37.774524,-122.473656,1
82,12,3,dn7;dn9,37.718779,-122.462401,2
82,14,5,dn14,37.739611,-122.492203,1
82,17,5,dn13,37.739611,-122.492203,1
82,18,3,dn7,37.718779,-122.462401,1
82,18,5,dn13,37.739611,-122.492203,1
82,19,5,dn13,37.739611,-122.492203,1
82,20,1,dn2,37.774524,-122.473656,1
82,20,4,dn10,37.78929,-122.426797,1
82,22,5,dn14,37.739611,-122.492203,1
82,24,4,dn11,37.78929,-122.426797,1
82,25,5,dn15,37.739611,-122.492203,1
82,26,5,dn15,37.739611,-122.492203,1
82,27,5,dn15,37.739611,-122.492203,1
82,28,1,dn2,37.774524,-122.473656,1
82,28,3,dn7;dn8,37.718779,-122.462401,2
82,30,1,dn3,37.774524,-122.473656,1
82,30,2,dn4,37.751751,-122.410654,1
82,32,3,dn9,37.718779,-122.462401,1
82,33,1,dn1,37.774524,-122.473656,1
82,33,3,dn9,37.718779,-122.462401,1
82,34,1,dn1,37.774524,-122.473656,1
82,34,3,dn9,37.718779,-122.462401,1
82,35,1,dn1,37.774524,-122.473656,1
82,36,2,dn5,37.751751,-122.410654,1
82,39,5,dn13,37.739611,-122.492203,1
82,40,2,dn6,37.751751,-122.410654,1
82,40,4,dn11,37.78929,-122.426797,1
82,44,3,dn8,37.718779,-122.462401,1
82,44,5,dn14,37.739611,-122.492203,1
82,47,5,dn15,37.739611,-122.492203,1
82,51,5,dn13,37.739611,-122.492203,1
82,52,3,dn8,37.718779,-122.462401,1
82,52,5,dn14,37.739611,-122.492203,1
82,53,3,dn8,37.718779,-122.462401,1
82,54,3,dn9,37.718779,-122.462401,1
82,56,4,dn12,37.78929,-122.426797,1
82,57,5,dn13,37.739611,-122.492203,1
82,60,3,dn8,37.718779,-122.462401,1
82,61,5,dn15,37.739611,-122.492203,1
82,64,1,dn2,37.774524,-122.473656,1
82,64,4,dn10;dn11,37.78929,-122.426797,2
82,65,1,dn1,37.774524,-122.473656,1
82,66,1,dn1,37.774524,-122.473656,1
82,66,2,dn4,37.751751,-122.410654,1
82,66,3,dn7,37.718779,-122.462401,1
82,67,1,dn1,37.774524,-122.473656,1
82,67,3,dn7,37.718779,-122.462401,1
82,68,1,dn1,37.774524,-122.473656,1
82,68,3,dn7,37.718779,-122.462401,1
82,69,1,dn1,37.774524,-122.473656,1
82,69,3,dn7,37.718779,-122.462401,1
82,70,1,dn1;dn3,37.774524,-122.473656,2
82,70,2,dn6,37.751751,-122.410654,1
82,71,1,dn1;dn3,37.774524,-122.473656,2
82,71,2,dn6,37.751751,-122.410654,1
82,72,1,dn1;dn3,37.774524,-122.473656,2
82,72,2,dn6,37.751751,-122.410654,1
82,72,5,dn15,37.739611,-122.492203,1
82,73,1,dn2;dn3,37.774524,-122.473656,2
82,73,2,dn6,37.751751,-122.410654,1
82,73,5,dn13,37.739611,-122.492203,1
82,74,1,dn2;dn3,37.774524,-122.473656,2
82,74,2,dn6,37.751751,-122.410654,1
82,74,5,dn13,37.739611,-122.492203,1
82,75,1,dn2;dn3,37.774524,-122.473656,2
82,75,5,dn13,37.739611,-122.492203,1
82,76,1,dn2;dn3,37.774524,-122.473656,2
82,76,3,dn9,37.718779,-122.462401,1
82,76,5,dn13;dn14,37.739611,-122.492203,2
82,77,1,dn2;dn3,37.774524,-122.473656,2
82,77,3,dn9,37.718779,-122.462401,1
82,77,5,dn13;dn14,37.739611,-122.492203,2
82,78,1,dn2;dn3,37.774524,-122.473656,2
82,78,3,dn9,37.718779,-122.462401,1
82,78,4,dn10,37.78929,-122.426797,1
82,78,5,dn13;dn14,37.739611,-122.492203,2
82,79,1,dn2;dn3,37.774524,-122.473656,2
82,79,4,dn10,37.78929,-122.426797,1
82,79,5,dn13;dn14,37.739611,-122.492203,2
82,80,1,dn2;dn3,37.774524,-122.473656,2
82,80,4,dn10;dn12,37.78929,-122.426797,2
82,80,5,dn14;dn15,37.739611,-122.492203,2
82,81,1,dn3,37.774524,-122.473656,1
82,81,3,dn7,37.718779,-122.462401,1
82,81,4,dn10;dn12,37.78929,-122.426797,2
82,81,5,dn14;dn15,37.739611,-122.492203,2
82,82,1,dn1;dn3,37.774524,-122.473656,2
82,82,4,dn10;dn11;dn12,37.78929,-122.426797,3
82,82,5,dn14;dn15,37.739611,-122.492203,2
82,83,1,dn1;dn3,37.774524,-122.473656,2
82,83,4,dn10;dn11;dn12,37.78929,-122.426797,3
82,83,5,dn14;dn15,37.739611,-122.492203,2
82,84,1,dn1;dn3,37.774524,-122.473656,2
82,84,4,dn11;dn12,37.78929,-122.426797,2
82,84,5,dn14;dn15,37.739611,-122.492203,2
82,85,1,dn1;dn3,37.774524,-122.473656,2
82,85,4,dn12,37.78929,-122.426797,1
82,85,5,dn14;dn15,37.739611,-122.492203,2
82,86,1,dn1;dn3,37.774524,-122.473656,2
82,86,2,dn5,37.751751,-122.410654,1
82,86,4,dn12,37.78929,-122.426797,1
82,86,5,dn14;dn15,37.739611,-122.492203,2
82,87,1,dn1;dn3,37.774524,-122.473656,2
82,87,2,dn5,37.751751,-122.410654,1
82,87,4,dn12,37.78929,-122.426797,1
82,87,5,dn14;dn15,37.739611,-122.492203,2
82,88,1,dn1;dn3,37.774524,-122.473656,2
82,88,2,dn5,37.751751,-122.410654,1
82,88,4,dn12,37.78929,-122.426797,1
82,88,5,dn14;dn15,37.739611,-122.492203,2
82,89,1,dn3,37.774524,-122.473656,1
82,89,2,dn5,37.751751,-122.410654,1
82,89,4,dn12,37.78929,-122.426797,1
82,89,5,dn14;dn15,37.739611,-122.492203,2
82,90,1,dn3,37.774524,-122.473656,1
82,90,2,dn4;dn5,37.751751,-122.410654,2
82,90,3,dn8,37.718779,-122.462401,1
82,90,4,dn12,37.78929,-122.426797,1
82,90,5,dn14;dn15,37.739611,-122.492203,2
82,91,1,dn3,37.774524,-122.473656,1
82,91,2,dn5,37.751751,-122.410654,1
82,91,3,dn7;dn8,37.718779,-122.462401,2
82,91,4,dn12,37.78929,-122.426797,1
82,91,5,dn14;dn15,37.739611,-122.492203,2
82,92,1,dn3,37.774524,-122.473656,1
82,92,2,dn5,37.751751,-122.410654,1
82,92,3,dn7;dn8,37.718779,-122.462401,2
82,92,4,dn12,37.78929,-122.426797,1
82,92,5,dn14;dn15,37.739611,-122.492203,2
82,93,1,dn3,37.774524,-122.473656,1
82,93,2,dn5,37.751751,-122.410654,1
82,93,3,dn7;dn8,37.718779,-122.462401,2
82,93,4,dn12,37.78929,-122.426797,1
82,93,5,dn14;dn15,37.739611,-122.492203,2
82,94,1,dn3,37.774524,-122.473656,1
82,94,3,dn7;dn8,37.718779,-122.462401,2
82,94,4,dn12,37.78929,-122.426797,1
82,94,5,dn14;dn15,37.739611,-122.492203,2
82,95,3,dn7;dn8,37.718779,-122.462401,2
82,95,4,dn12,37.78929,-122.426797,1
82,95,5,dn14;dn15,37.739611,-122.492203,2
82,96,3,dn7;dn8,37.718779,-122.462401,2
82,96,5,dn14;dn15,37.739611,-122.492203,2
82,97,3,dn7;dn8,37.718779,-122.462401,2
82,97,5,dn13;dn14;dn15,37.739611,-122.492203,3
82,98,3,dn7;dn8,37.718779,-122.462401,2
82,98,5,dn14;dn15,37.739611,-122.492203,2
82,99,3,dn8,37.718779,-122.462401,1
82,99,5,dn14;dn15,37.739611,-122.492203,2
83,0,1,dn1;dn2;dn3,37.774524,-122.473656,3
83,0,2,dn4;dn5;dn6,37.751751,-122.410654,3
83,0,3,dn7;dn8;dn9,37.718779,-122.462401,3
83,0,4,dn10;dn11;dn12,37.78929,-122.426797,3
83,0,5,dn13;dn14;dn15,37.739611,-122.492203,3
83,8,5,dn13,37.739611,-122.492203,1
83,10,3,dn8,37.718779,-122.462401,1
83,12,3,dn7,37.718779,-122.462401,1
83,12,5,dn14,37.739611,-122.492203,1
83,16,4,dn12,37.78929,-122.426797,1
83,16,5,dn15,37.739611,-122.492203,1
83,18,1,dn3,37.774524,-122.473656,1
83,20,3,dn9,37.718779,-122.462401,1
83,20,5,dn13,37.739611,-122.492203,1
83,22,1,dn1,37.774524,-122.473656,1
83,24,3,dn8,37.718779,-122.462401,1
83,24,5,dn14,37.739611,-122.492203,1
83,26,2,dn5,37.751751,-122.410654,1
83,28,1,dn2,37.774524,-122.473656,1
83,28,4,dn11,37.78929,-122.426797,1
83,28,5,dn13;dn15,37.739611,-122.492203,2
83,29,5,dn13;dn15,37.739611,-122.492203,2
83,30,4,dn10,37.78929,-122.426797,1
83,30,5,dn13;dn15,37.739611,-122.492203,2
83,31,5,dn13;dn15,37.739611,-122.492203,2
83,32,3,dn7;dn8,37.718779,-122.462401,2
83,32,5,dn15,37.739611,-122.492203,1
83,33,3,dn8,37.718779,-122.462401,1
83,33,5,dn15,37.739611,-122.492203,1
83,34,3,dn8;dn9,37.718779,-122.462401,2
83,34,5,dn14;dn15,37.739611,-122.492203,2
83,35,3,dn8;dn9,37.718779,-122.462401,2
83,35,5,dn14;dn15,37.739611,-122.492203,2
83,36,2,dn4,37.751751,-122.410654,1
83,36,3,dn9,37.718779,-122.462401,1
83,36,5,dn14;dn15,37.739611,-122.492203,2
83,37,2,dn4,37.751751,-122.410654,1
83,37,3,dn9,37.718779,-122.462401,1
83,37,5,dn14;dn15,37.739611,-122.492203,2
83,38,1,dn2,37.774524,-122.473656,1
83,38,2,dn4,37.751751,-122.410654,1
83,38,3,dn9,37.718779,-122.462401,1
83,38,5,dn14;dn15,37.739611,-122.492203,2
83,39,1,dn2,37.774524,-122.473656,1
83,39,2,dn4,37.751751,-122.410654,1
83,39,3,dn9,37.718779,-122.462401,1
83,39,5,dn14;dn15,37.739611,-122.492203,2
83,40,1,dn2,37.774524,-122.473656,1
83,40,2,dn4,37.751751,-122.410654,1
83,40,3,dn9,37.718779,-122.462401,1
83,40,5,dn14;dn15,37.739611,-122.492203,2
83,41,2,dn4,37.751751,-122.410654,1
83,41,3,dn9,37.718779,-122.462401,1
83,41,5,dn14;dn15,37.739611,-122.492203,2
83,42,1,dn1,37.774524,-122.473656,1
83,42,2,dn4;dn5;dn6,37.751751,-122.410654,3
83,42,3,dn9,37.718779,-122.462401,1
83,42,5,dn14;dn15,37.739611,-122.492203,2
83,43,1,dn1,37.774524,-122.473656,1
83,43,2,dn5;dn6,37.751751,-122.410654,2
83,43,3,dn9,37.718779,-122.462401,1
83,43,5,dn14;dn15,37.739611,-122.492203,2
83,44,1,dn1,37.774524,-122.473656,1
83,44,2,dn5;dn6,37.751751,-122.410654,2
83,44,3,dn9,37.718779,-122.462401,1
83,44,5,dn14;dn15,37.739611,-122.492203,2
83,45,2,dn5;dn6,37.751751,-122.410654,2
83,45,3,dn9,37.718779,-122.462401,1
83,45,5,dn14;dn15,37.739611,-122.492203,2
83,46,2,dn5;dn6,37.751751,-122.410654,2
83,46,3,dn9,37.718779,-122.462401,1
83,46,5,dn14;dn15,37.739611,-122.492203,2
83,47,2,dn5;dn6,37.751751,-122.410654,2
83,47,3,dn9,37.718779,-122.462401,1
83,47,5,dn14;dn15,37.739611,-122.492203,2
83,48,2,dn5;dn6,37.751751,-122.410654,2
83,48,3,dn9,37.718779,-122.462401,1
83,48,5,dn15,37.739611,-122.492203,1
83,49,2,dn6,37.751751,-122.410654,1
83,49,3,dn9,37.718779,-122.462401,1
83,49,5,dn15,37.739611,-122.492203,1
83,50,2,dn6,37.751751,-122.410654,1
83,50,3,dn9,37.718779,-122.462401,1
83,51,2,dn6,37.751751,-122.410654,1
83,51,3,dn9,37.718779,-122.462401,1
83,52,2,dn6,37.751751,-122.410654,1
83,52,3,dn9,37.718779,-122.462401,1
83,53,3,dn9,37.718779,-122.462401,1
83,54,3,dn7;dn9,37.718779,-122.462401,2
83,55,3,dn7;dn9,37.718779,-122.462401,2
83,55,5,dn13,37.739611,-122.492203,1
83,56,3,dn7;dn9,37.718779,-122.462401,2
83,56,5,dn13,37.739611,-122.492203,1
83,57,3,dn7;dn9,37.718779,-122.462401,2
83,57,5,dn13,37.739611,-122.492203,1
83,58,1,dn2,37.774524,-122.473656,1
83,58,3,dn7;dn9,37.718779,-122.462401,2
83,58,4,dn10,37.78929,-122.426797,1
83,58,5,dn13,37.739611,-122.492203,1
83,59,1,dn2,37.774524,-122.473656,1
83,59,3,dn7;dn9,37.718779,-122.462401,2
83,59,4,dn10,37.78929,-122.426797,1
83,59,5,dn13,37.739611,-122.492203,1
83,60,3,dn7;dn9,37.718779,-122.462401,2
83,60,4,dn10;dn12,37.78929,-122.426797,2
83,60,5,dn13,37.739611,-122.492203,1
83,61,3,dn7;dn9,37.718779,-122.462401,2
83,61,4,dn10;dn12,37.78929,-122.426797,2
83,61,5,dn13;dn14,37.739611,-122.492203,2
83,62,3,dn7;dn9,37.718779,-122.462401,2
83,62,4,dn10;dn12,37.78929,-122.426797,2
83,62,5,dn13;dn14,37.739611,-122.492203,2
83,63,3,dn7;dn9,37.718779,-122.462401,2
83,63,4,dn10;dn12,37.78929,-122.426797,2
83,63,5,dn13;dn14,37.739611,-122.492203,2
83,64,3,dn7;dn9,37.718779,-122.462401,2
83,64,4,dn10;dn12,37.78929,-122.426797,2
83,64,5,dn13;dn14,37.739611,-122.492203,2
83,65,3,dn9,37.718779,-122.462401,1
83,65,4,dn10;dn12,37.78929,-122.426797,2
83,65,5,dn13;dn14,37.739611,-122.492203,2
83,66,1,dn3,37.774524,-122.473656,1
83,66,3,dn9,37.718779,-122.462401,1
83,66,4,dn12,37.78929,-122.426797,1
83,66,5,dn13;dn14,37.739611,-122.492203,2
83,67,1,dn3,37.774524,-122.473656,1
83,67,3,dn9,37.718779,-122.462401,1
83,67,4,dn12,37.78929,-122.426797,1
83,67,5,dn13;dn14,37.739611,-122.492203,2
83,68,1,dn3,37.774524,-122.473656,1
83,68,3,dn9,37.718779,-122.462401,1
83,68,4,dn12,37.78929,-122.426797,1
83,68,5,dn13;dn14,37.739611,-122.492203,2
83,69,1,dn3,37.774524,-122.473656,1
83,69,3,dn9,37.718779,-122.462401,1
83,69,5,dn13;dn14,37.739611,-122.492203,2
83,70,1,dn3,37.774524,-122.473656,1
83,70,2,dn5,37.751751,-122.410654,1
83,70,3,dn9,37.718779,-122.462401,1
83,70,5,dn13;dn14,37.739611,-122.492203,2
83,71,1,dn3,37.774524,-122.473656,1
83,71,2,dn5,37.751751,-122.410654,1
83,71,3,dn9,37.718779,-122.462401,1
83,71,5,dn13;dn14,37.739611,-122.492203,2
83,72,2,dn5,37.751751,-122.410654,1
83,72,3,dn9,37.718779,-122.462401,1
83,72,5,dn13;dn14,37.739611,-122.492203,2
83,73,2,dn5,37.751751,-122.410654,1
83,73,3,dn9,37.718779,-122.462401,1
83,73,5,dn13;dn14;dn15,37.739611,-122.492203,3
83,74,3,dn9,37.718779,-122.462401,1
83,74,4,dn11,37.78929,-122.426797,1
83,74,5,dn13;dn14;dn15,37.739611,-122.492203,3
83,75,3,dn8;dn9,37.718779,-122.462401,2
83,75,4,dn11,37.78929,-122.426797,1
83,75,5,dn13;dn14;dn15,37.739611,-122.492203,3
83,76,2,dn6,37.751751,-122.410654,1
83,76,3,dn8;dn9,37.718779,-122.462401,2
83,76,4,dn11,37.78929,-122.426797,1
83,76,5,dn13;dn14;dn15,37.739611,-122.492203,3
83,77,2,dn6,37.751751,-122.410654,1
83,77,3,dn7;dn8;dn9,37.718779,-122.462401,3
83,77,4,dn11,37.78929,-122.426797,1
83,77,5,dn13;dn14;dn15,37.739611,-122.492203,3
83,78,1,dn1,37.774524,-122.473656,1
83,78,2,dn6,37.751751,-122.410654,1
83,78,3,dn8;dn9,37.718779,-122.462401,2
83,78,4,dn11,37.78929,-122.426797,1
83,78,5,dn13;dn14;dn15,37.739611,-122.492203,3
83,79,2,dn6,37.751751,-122.410654,1
83,79,3,dn8;dn9,37.718779,-122.462401,2
83,79,4,dn11,37.78929,-122.426797,1
83,79,5,dn13;dn14;dn15,37.739611,-122.492203,3
83,80,3,dn8;dn9,37.718779,-122.462401,2
83,80,4,dn11,37.78929,-122.426797,1
83,80,5,dn13;dn14;dn15,37.739611,-122.492203,3
83,81,3,dn8;dn9,37.718779,-122.462401,2
83,81,4,dn11,37.78929,-122.426797,1
83,81,5,dn13;dn14;dn15,37.739611,-122.492203,3
83,82,3,dn8;dn9,37.718779,-122.462401,2
83,82,4,dn11,37.78929,-122.426797,1
83,82,5,dn13;dn14;dn15,37.739611,-122.492203,3
83,83,3,dn8;dn9,37.718779,-122.462401,2
83,83,4,dn10;dn11,37.78929,-122.426797,2
83,83,5,dn13;dn14;dn15,37.739611,-122.492203,3
83,84,3,dn8;dn9,37.718779,-122.462401,2
83,84,4,dn11,37.78929,-122.426797,1
83,84,5,dn13;dn14;dn15,37.739611,-122.492203,3
83,85,3,dn8;dn9,37.718779,-122.462401,2
83,85,4,dn11,37.78929,-122.426797,1
83,85,5,dn13;dn14;dn15,37.739611,-122.492203,3
83,86,2,dn5,37.751751,-122.410654,1
83,86,3,dn8;dn9,37.718779,-122.462401,2
83,86,4,dn11,37.78929,-122.426797,1
83,86,5,dn14;dn15,37.739611,-122.492203,2
83,87,3,dn8;dn9,37.718779,-122.462401,2
83,87,5,dn14;dn15,37.739611,-122.492203,2
83,88,3,dn8;dn9,37.718779,-122.462401,2
83,88,5,dn14;dn15,37.739611,-122.492203,2
83,89,3,dn9,37.718779,-122.462401,1
83,89,5,dn14;dn15,37.739611,-122.492203,2
83,90,1,dn3,37.774524,-122.473656,1
83,90,3,dn9,37.718779,-122.462401,1
83,90,5,dn14;dn15,37.739611,-122.492203,2
83,91,3,dn9,37.718779,-122.462401,1
83,91,5,dn14;dn15,37.739611,-122.492203,2
83,92,1,dn1,37.774524,-122.473656,1
83,92,2,dn4,37.751751,-122.410654,1
83,92,5,dn14;dn15,37.739611,-122.492203,2
83,93,5,dn14;dn15,37.739611,-122.492203,2
83,94,5,dn15,37.739611,-122.492203,1
83,95,5,dn15,37.739611,-122.492203,1
83,96,5,dn15,37.739611,-122.492203,1
83,97,1,dn2,37.774524,-122.473656,1
83,97,3,dn7,37.718779,-122.462401,1
83,97,5,dn15,37.739611,-122.492203,1
83,98,3,dn7,37.718779,-122.462401,1
83,99,3,dn7,37.718779,-122.462401,1
84,0,1,dn1;dn2;dn3,37.774524,-122.473656,3
84,0,2,dn4;dn5;dn6,37.751751,-122.410654,3
84,0,3,dn7;dn8;dn9,37.718779,-122.462401,3
84,0,4,dn10;dn11;dn12,37.78929,-122.426797,3
84,0,5,dn13;dn14;dn15,37.739611,-122.492203,3
84,1,5,dn15,37.739611,-122.492203,1
84,8,3,dn8,37.718779,-122.462401,1
84,9,3,dn9,37.718779,-122.462401,1
84,9,5,dn13,37.739611,-122.492203,1
84,10,5,dn13,37.739611,-122.492203,1
84,11,5,dn13,37.739611,-122.492203,1
84,12,3,dn7,37.718779,-122.462401,1
84,12,5,dn13,37.739611,-122.492203,1
84,13,3,dn7,37.718779,-122.462401,1
84,13,5,dn13;dn14,37.739611,-122.492203,2
84,14,2,dn5,37.751751,-122.410654,1
84,14,5,dn13;dn14,37.739611,-122.492203,2
84,15,5,dn14,37.739611,-122.492203,1
84,16,5,dn14,37.739611,-122.492203,1
84,18,2,dn4,37.751751,-122.410654,1
84,20,3,dn8,37.718779,-122.462401,1
84,21,3,dn8,37.718779,-122.462401,1
84,22,3,dn8,37.718779,-122.462401,1
84,23,5,dn15,37.739611,-122.492203,1
84,24,2,dn6,37.751751,-122.410654,1
84,26,1,dn1;dn2,37.774524,-122.473656,2
84,26,4,dn11,37.78929,-122.426797,1
84,27,4,dn11,37.78929,-122.426797,1
84,28,1,dn3,37.774524,-122.473656,1
84,28,4,dn11,37.78929,-122.426797,1
84,29,4,dn11,37.78929,-122.426797,1
84,30,4,dn10;dn11,37.78929,-122.426797,2
84,31,4,dn10;dn11,37.78929,-122.426797,2
84,32,4,dn10;dn11,37.78929,-122.426797,2
84,32,5,dn13,37.739611,-122.492203,1
84,33,4,dn10;dn11,37.78929,-122.426797,2
84,33,5,dn13;dn15,37.739611,-122.492203,2
84,34,4,dn11,37.78929,-122.426797,1
84,34,5,dn13;dn15,37.739611,-122.492203,2
84,35,4,dn11,37.78929,-122.426797,1
84,35,5,dn13;dn15,37.739611,-122.492203,2
84,36,4,dn11,37.78929,-122.426797,1
84,36,5,dn15,37.739611,-122.492203,1
84,37,4,dn11,37.78929,-122.426797,1
84,37,5,dn15,37.739611,-122.492203,1
84,38,2,dn4,37.751751,-122.410654,1
84,38,5,dn15,37.739611,-122.492203,1
84,39,2,dn4,37.751751,-122.410654,1
84,39,5,dn15,37.739611,-122.492203,1
84,40,2,dn4,37.751751,-122.410654,1
84,40,5,dn14;dn15,37.739611,-122.492203,2
84,41,2,dn4,37.751751,-122.410654,1
84,41,5,dn15,37.739611,-122.492203,1
84,42,2,dn4,37.751751,-122.410654,1
84,43,2,dn4,37.751751,-122.410654,1
84,44,1,dn2,37.774524,-122.473656,1
84,44,2,dn4,37.751751,-122.410654,1
84,45,2,dn4,37.751751,-122.410654,1
84,45,3,dn9,37.718779,-122.462401,1
84,45,5,dn13,37.739611,-122.492203,1
84,46,2,dn4,37.751751,-122.410654,1
84,47,5,dn14,37.739611,-122.492203,1
84,48,2,dn6,37.751751,-122.410654,1
84,49,2,dn6,37.751751,-122.410654,1
84,49,5,dn15,37.739611,-122.492203,1
84,50,2,dn6,37.751751,-122.410654,1
84,50,3,dn8,37.718779,-122.462401,1
84,51,3,dn7;dn8,37.718779,-122.462401,2
84,52,3,dn7;dn8,37.718779,-122.462401,2
84,53,3,dn7;dn8,37.718779,-122.462401,2
84,54,3,dn7;dn8,37.718779,-122.462401,2
84,55,3,dn7;dn8,37.718779,-122.462401,2
84,56,1,dn3,37.774524,-122.473656,1
84,56,3,dn7;dn8,37.718779,-122.462401,2
84,56,4,dn12,37.78929,-122.426797,1
84,57,3,dn7;dn8,37.718779,-122.462401,2
84,58,1,dn2,37.774524,-122.473656,1
84,58,3,dn7;dn8,37.718779,-122.462401,2
84,59,3,dn7;dn8,37.718779,-122.462401,2
84,60,1,dn1,37.774524,-122.473656,1
84,60,3,dn8,37.718779,-122.462401,1
84,61,1,dn1,37.774524,-122.473656,1
84,61,3,dn9,37.718779,-122.462401,1
84,62,1,dn1,37.774524,-122.473656,1
84,63,1,dn1,37.774524,-122.473656,1
84,63,4,dn10;dn11,37.78929,-122.426797,2
84,64,1,dn1,37.774524,-122.473656,1
84,64,4,dn11,37.78929,-122.426797,1
84,65,1,dn1,37.774524,-122.473656,1
84,65,4,dn11,37.78929,-122.426797,1
84,65,5,dn13,37.739611,-122.492203,1
84,66,1,dn1,37.774524,-122.473656,1
84,66,4,dn11,37.78929,-122.426797,1
84,66,5,dn13,37.739611,-122.492203,1
84,67,1,dn1,37.774524,-122.473656,1
84,67,4,dn11,37.78929,-122.426797,1
84,67,5,dn13,37.739611,-122.492203,1
84,68,1,dn3,37.774524,-122.473656,1
84,68,2,dn4;dn5,37.751751,-122.410654,2
84,68,4,dn11,37.78929,-122.426797,1
84,68,5,dn13,37.739611,-122.492203,1
84,69,1,dn3,37.774524,-122.473656,1
84,69,2,dn4;dn5,37.751751,-122.410654,2
84,69,4,dn11,37.78929,-122.426797,1
84,69,5,dn13;dn14,37.739611,-122.492203,2
84,70,1,dn3,37.774524,-122.473656,1
84,70,2,dn4;dn5,37.751751,-122.410654,2
84,70,4,dn11,37.78929,-122.426797,1
84,70,5,dn13;dn14,37.739611,-122.492203,2
84,71,2,dn4;dn5,37.751751,-122.410654,2
84,71,4,dn11,37.78929,-122.426797,1
84,71,5,dn13;dn14;dn15,37.739611,-122.492203,3
84,72,2,dn4;dn5,37.751751,-122.410654,2
84,72,3,dn9,37.718779,-122.462401,1
84,72,4,dn11,37.78929,-122.426797,1
84,72,5,dn14;dn15,37.739611,-122.492203,2
84,73,2,dn5,37.751751,-122.410654,1
84,73,3,dn9,37.718779,-122.462401,1
84,73,4,dn11,37.78929,-122.426797,1
84,73,5,dn14;dn15,37.739611,-122.492203,2
84,74,3,dn9,37.718779,-122.462401,1
84,74,4,dn11,37.78929,-122.426797,1
84,74,5,dn14;dn15,37.739611,-122.492203,2
84,75,3,dn7;dn9,37.718779,-122.462401,2
84,75,4,dn11,37.78929,-122.426797,1
84,75,5,dn14;dn15,37.739611,-122.492203,2
84,76,2,dn6,37.751751,-122.410654,1
84,76,3,dn7;dn8;dn9,37.718779,-122.462401,3
84,76,4,dn11,37.78929,-122.426797,1
84,76,5,dn14;dn15,37.739611,-122.492203,2
84,77,2,dn6,37.751751,-122.410654,1
84,77,3,dn7;dn8;dn9,37.718779,-122.462401,3
84,77,4,dn11,37.78929,-122.426797,1
84,77,5,dn14;dn15,37.739611,-122.492203,2
84,78,3,dn7;dn8;dn9,37.718779,-122.462401,3
84,78,4,dn11,37.78929,-122.426797,1
84,78,5,dn14;dn15,37.739611,-122.492203,2
84,79,3,dn8;dn9,37.718779,-122.462401,2
84,79,4,dn11,37.78929,-122.426797,1
84,79,5,dn14;dn15,37.739611,-122.492203,2
84,80,3,dn8;dn9,37.718779,-122.462401,2
84,80,5,dn14;dn15,37.739611,-122.492203,2
84,81,1,dn1,37.774524,-122.473656,1
84,81,3,dn8;dn9,37.718779,-122.462401,2
84,81,5,dn14;dn15,37.739611,-122.492203,2
84,82,1,dn2,37.774524,-122.473656,1
84,82,3,dn8;dn9,37.718779,-122.462401,2
84,82,5,dn14;dn15,37.739611,-122.492203,2
84,83,1,dn2,37.774524,-122.473656,1
84,83,3,dn8;dn9,37.718779,-122.462401,2
84,83,5,dn14;dn15,37.739611,-122.492203,2
84,84,1,dn2,37.774524,-122.473656,1
84,84,3,dn9,37.718779,-122.462401,1
84,84,5,dn14;dn15,37.739611,-122.492203,2
84,85,3,dn9,37.718779,-122.462401,1
84,85,5,dn14;dn15,37.739611,-122.492203,2
84,86,3,dn9,37.718779,-122.462401,1
84,86,5,dn14;dn15,37.739611,-122.492203,2
84,87,3,dn9,37.718779,-122.462401,1
84,87,5,dn14;dn15,37.739611,-122.492203,2
84,88,1,dn3,37.774524,-122.473656,1
84,88,3,dn9,37.718779,-122.462401,1
84,88,5,dn14;dn15,37.739611,-122.492203,2
84,89,3,dn9,37.718779,-122.462401,1
84,89,5,dn14;dn15,37.739611,-122.492203,2
84,90,3,dn9,37.718779,-122.462401,1
84,90,5,dn14;dn15,37.739611,-122.492203,2
84,91,1,dn1,37.774524,-122.473656,1
84,91,3,dn9,37.718779,-122.462401,1
84,91,4,dn11,37.78929,-122.426797,1
84,91,5,dn14;dn15,37.739611,-122.492203,2
84,92,1,dn1,37.774524,-122.473656,1
84,92,3,dn9,37.718779,-122.462401,1
84,92,5,dn14;dn15,37.739611,-122.492203,2
84,93,1,dn1,37.774524,-122.473656,1
84,93,3,dn9,37.718779,-122.462401,1
84,93,5,dn14;dn15,37.739611,-122.492203,2
84,94,3,dn9,37.718779,-122.462401,1
84,94,5,dn14;dn15,37.739611,-122.492203,2
84,95,5,dn14;dn15,37.739611,-122.492203,2
84,96,3,dn7,37.718779,-122.462401,1
84,96,5,dn14;dn15,37.739611,-122.492203,2
84,97,1,dn3,37.774524,-122.473656,1
84,97,5,dn14;dn15,37.739611,-122.492203,2
84,98,5,dn14;dn15,37.739611,-122.492203,2
84,99,5,dn13;dn14;dn15,37.739611,-122.492203,3
85,0,1,dn1;dn2;dn3,37.774524,-122.473656,3
85,0,2,dn4;dn5;dn6,37.751751,-122.410654,3
85,0,3,dn7;dn8;dn9,37.718779,-122.462401,3
85,0,4,dn10;dn11;dn12,37.78929,-122.426797,3
85,0,5,dn13;dn14;dn15,37.739611,-122.492203,3
85,9,3,dn7,37.718779,-122.462401,1
85,10,5,dn14,37.739611,-122.492203,1
85,12,1,dn2,37.774524,-122.473656,1
85,13,3,dn8,37.718779,-122.462401,1
85,15,5,dn13,37.739611,-122.492203,1
85,16,2,dn4,37.751751,-122.410654,1
85,16,4,dn11,37.78929,-122.426797,1
85,17,5,dn15,37.739611,-122.492203,1
85,21,5,dn13,37.739611,-122.492203,1
85,22,1,dn3,37.774524,-122.473656,1
85,23,5,dn13;dn15,37.739611,-122.492203,2
85,24,5,dn13;dn15,37.739611,-122.492203,2
85,25,3,dn7,37.718779,-122.462401,1
85,25,5,dn15,37.739611,-122.492203,1
85,26,3,dn9,37.718779,-122.462401,1
85,26,5,dn14;dn15,37.739611,-122.492203,2
85,27,3,dn9,37.718779,-122.462401,1
85,27,5,dn14;dn15,37.739611,-122.492203,2
85,28,3,dn9,37.718779,-122.462401,1
85,28,4,dn10,37.78929,-122.426797,1
85,28,5,dn14;dn15,37.739611,-122.492203,2
85,29,5,dn14;dn15,37.739611,-122.492203,2
85,30,5,dn14;dn15,37.739611,-122.492203,2
85,31,5,dn15,37.739611,-122.492203,1
85,32,1,dn3,37.774524,-122.473656,1
85,32,5,dn15,37.739611,-122.492203,1
85,33,5,dn15,37.739611,-122.492203,1
85,34,2,dn5,37.751751,-122.410654,1
85,34,4,dn11;dn12,37.78929,-122.426797,2
85,34,5,dn15,37.739611,-122.492203,1
85,35,4,dn12,37.78929,-122.426797,1
85,35,5,dn15,37.739611,-122.492203,1
85,36,1,dn1,37.774524,-122.473656,1
85,36,4,dn12,37.78929,-122.426797,1
85,36,5,dn15,37.739611,-122.492203,1
85,37,1,dn1,37.774524,-122.473656,1
85,37,3,dn8,37.718779,-122.462401,1
85,37,4,dn12,37.78929,-122.426797,1
85,37,5,dn15,37.739611,-122.492203,1
85,38,1,dn1,37.774524,-122.473656,1
85,38,3,dn8,37.718779,-122.462401,1
85,38,4,dn12,37.78929,-122.426797,1
85,38,5,dn15,37.739611,-122.492203,1
85,39,3,dn8,37.718779,-122.462401,1
85,39,4,dn12,37.78929,-122.426797,1
85,39,5,dn15,37.739611,-122.492203,1
85,40,1,dn2,37.774524,-122.473656,1
85,40,4,dn12,37.78929,-122.426797,1
85,40,5,dn15,37.739611,-122.492203,1
85,41,1,dn2,37.774524,-122.473656,1
85,41,5,dn15,37.739611,-122.492203,1
85,42,5,dn15,37.739611,-122.492203,1
85,43,5,dn15,37.739611,-122.492203,1
85,44,2,dn4,37.751751,-122.410654,1
85,45,2,dn4,37.751751,-122.410654,1
85,46,2,dn4;dn6,37.751751,-122.410654,2
85,47,2,dn4;dn6,37.751751,-122.410654,2
85,48,2,dn4;dn6,37.751751,-122.410654,2
85,48,5,dn13,37.739611,-122.492203,1
85,49,2,dn4;dn6,37.751751,-122.410654,2
85,50,2,dn4;dn6,37.751751,-122.410654,2
85,51,2,dn4;dn6,37.751751,-122.410654,2
85,52,2,dn6,37.751751,-122.410654,1
85,52,5,dn15,37.739611,-122.492203,1
85,53,1,dn1,37.774524,-122.473656,1
85,53,2,dn6,37.751751,-122.410654,1
85,53,5,dn15,37.739611,-122.492203,1
85,54,1,dn3,37.774524,-122.473656,1
85,54,2,dn6,37.751751,-122.410654,1
85,54,5,dn15,37.739611,-122.492203,1
85,55,2,dn6,37.751751,-122.410654,1
85,55,3,dn8,37.718779,-122.462401,1
85,55,5,dn15,37.739611,-122.492203,1
85,56,2,dn6,37.751751,-122.410654,1
85,56,3,dn8,37.718779,-122.462401,1
85,56,5,dn14;dn15,37.739611,-122.492203,2
85,57,2,dn6,37.751751,-122.410654,1
85,57,3,dn8,37.718779,-122.462401,1
85,57,5,dn14;dn15,37.739611,-122.492203,2
85,58,2,dn6,37.751751,-122.410654,1
85,58,3,dn8,37.718779,-122.462401,1
85,58,5,dn14;dn15,37.739611,-122.492203,2
85,59,2,dn6,37.751751,-122.410654,1
85,59,3,dn8,37.718779,-122.462401,1
85,59,5,dn15,37.739611,-122.492203,1
85,60,2,dn6,37.751751,-122.410654,1
85,60,3,dn8;dn9,37.718779,-122.462401,2
85,60,5,dn15,37.739611,-122.492203,1
85,61,3,dn8;dn9,37.718779,-122.462401,2
85,61,5,dn15,37.739611,-122.492203,1
85,62,3,dn9,37.718779,-122.462401,1
85,62,5,dn15,37.739611,-122.492203,1
85,63,1,dn2,37.774524,-122.473656,1
85,63,3,dn9,37.718779,-122.462401,1
85,63,5,dn15,37.739611,-122.492203,1
85,64,1,dn2,37.774524,-122.473656,1
85,64,3,dn9,37.718779,-122.462401,1
85,64,5,dn13;dn15,37.739611,-122.492203,2
85,65,1,dn2,37.774524,-122.473656,1
85,65,5,dn13;dn15,37.739611,-122.492203,2
85,66,1,dn2,37.774524,-122.473656,1
85,66,5,dn13;dn15,37.739611,-122.492203,2
85,67,1,dn2,37.774524,-122.473656,1
85,67,5,dn13;dn15,37.739611,-122.492203,2
85,68,1,dn2,37.774524,-122.473656,1
85,68,5,dn13;dn15,37.739611,-122.492203,2
85,69,1,dn2,37.774524,-122.473656,1
85,69,3,dn7,37.718779,-122.462401,1
85,69,5,dn13;dn15,37.739611,-122.492203,2
85,70,3,dn7,37.718779,-122.462401,1
85,70,5,dn13;dn15,37.739611,-122.492203,2
85,71,3,dn7,37.718779,-122.462401,1
85,71,5,dn13;dn15,37.739611,-122.492203,2
85,72,1,dn3,37.774524,-122.473656,1
85,72,2,dn5,37.751751,-122.410654,1
85,72,3,dn7,37.718779,-122.462401,1
85,72,5,dn13;dn15,37.739611,-122.492203,2
85,73,1,dn3,37.774524,-122.473656,1
85,73,2,dn4,37.751751,-122.410654,1
85,73,3,dn7,37.718779,-122.462401,1
85,73,5,dn13;dn15,37.739611,-122.492203,2
85,74,1,dn3,37.774524,-122.473656,1
85,74,2,dn4,37.751751,-122.410654,1
85,74,3,dn7,37.718779,-122.462401,1
85,74,4,dn10,37.78929,-122.426797,1
85,74,5,dn13;dn15,37.739611,-122.492203,2
85,75,2,dn4,37.751751,-122.410654,1
85,75,3,dn7;dn8,37.718779,-122.462401,2
85,75,4,dn10,37.78929,-122.426797,1
85,75,5,dn13;dn15,37.739611,-122.492203,2
85,76,2,dn4,37.751751,-122.410654,1
85,76,3,dn7;dn8,37.718779,-122.462401,2
85,76,4,dn10,37.78929,-122.426797,1
85,76,5,dn13;dn15,37.739611,-122.492203,2
85,77,2,dn4,37.751751,-122.410654,1
85,77,3,dn7;dn8,37.718779,-122.462401,2
85,77,4,dn10,37.78929,-122.426797,1
85,77,5,dn13;dn14;dn15,37.739611,-122.492203,3
85,78,3,dn7;dn8,37.718779,-122.462401,2
85,78,4,dn10;dn12,37.78929,-122.426797,2
85,78,5,dn13;dn14;dn15,37.739611,-122.492203,3
85,79,3,dn7;dn8;dn9,37.718779,-122.462401,3
85,79,4,dn10;dn12,37.78929,-122.426797,2
85,79,5,dn13;dn14;dn15,37.739611,-122.492203,3
85,80,3,dn7;dn8;dn9,37.718779,-122.462401,3
85,80,4,dn12,37.78929,-122.426797,1
85,80,5,dn13;dn14;dn15,37.739611,-122.492203,3
85,81,3,dn7;dn8;dn9,37.718779,-122.462401,3
85,81,4,dn12,37.78929,-122.426797,1
85,81,5,dn13;dn14;dn15,37.739611,-122.492203,3
85,82,3,dn7;dn8;dn9,37.718779,-122.462401,3
85,82,5,dn13;dn14;dn15,37.739611,-122.492203,3
85,83,3,dn7;dn8;dn9,37.718779,-122.462401,3
85,83,5,dn13;dn14;dn15,37.739611,-122.492203,3
85,84,3,dn8;dn9,37.718779,-122.462401,2
85,84,5,dn13;dn14;dn15,37.739611,-122.492203,3
85,85,3,dn9,37.718779,-122.462401,1
85,85,5,dn13;dn14;dn15,37.739611,-122.492203,3
85,86,2,dn6,37.751751,-122.410654,1
85,86,5,dn13;dn14;dn15,37.739611,-122.492203,3
85,87,2,dn6,37.751751,-122.410654,1
85,87,5,dn13;dn14;dn15,37.739611,-122.492203,3
85,88,5,dn13;dn14;dn15,37.739611,-122.492203,3
85,89,5,dn13;dn14;dn15,37.739611,-122.492203,3
85,90,4,dn11,37.78929,-122.426797,1
85,90,5,dn13;dn14;dn15,37.739611,-122.492203,3
85,91,5,dn13;dn14;dn15,37.739611,-122.492203,3
85,92,5,dn14;dn15,37.739611,-122.492203,2
85,93,1,dn1,37.774524,-122.473656,1
85,93,5,dn14;dn15,37.739611,-122.492203,2
85,94,1,dn1,37.774524,-122.473656,1
85,94,3,dn7,37.718779,-122.462401,1
85,94,5,dn14;dn15,37.739611,-122.492203,2
85,95,3,dn7,37.718779,-122.462401,1
85,95,5,dn14;dn15,37.739611,-122.492203,2
85,96,3,dn7,37.718779,-122.462401,1
85,96,5,dn14;dn15,37.739611,-122.492203,2
85,97,3,dn7,37.718779,-122.462401,1
85,97,5,dn14;dn15,37.739611,-122.492203,2
85,98,2,dn5,37.751751,-122.410654,1
85,98,3,dn7,37.718779,-122.462401,1
85,98,5,dn14;dn15,37.739611,-122.492203,2
85,99,3,dn7,37.718779,-122.462401,1
85,99,4,dn10,37.78929,-122.426797,1
85,99,5,dn15,37.739611,-122.492203,1
86,0,1,dn1;dn2;dn3,37.774524,-122.473656,3
86,0,2,dn4;dn5;dn6,37.751751,-122.410654,3
86,0,3,dn7;dn8;dn9,37.718779,-122.462401,3
86,0,4,dn10;dn11;dn12,37.78929,-122.426797,3
86,0,5,dn13;dn14;dn15,37.739611,-122.492203,3
86,7,5,dn14,37.739611,-122.492203,1
86,10,3,dn9,37.718779,-122.462401,1
86,11,2,dn6,37.751751,-122.410654,1
86,11,5,dn13,37.739611,-122.492203,1
86,12,3,dn7,37.718779,-122.462401,1
86,14,4,dn12,37.78929,-122.426797,1
86,16,2,dn4,37.751751,-122.410654,1
86,18,1,dn2,37.774524,-122.473656,1
86,18,3,dn8,37.718779,-122.462401,1
86,20,5,dn15,37.739611,-122.492203,1
86,22,3,dn9,37.718779,-122.462401,1
86,28,1,dn3,37.774524,-122.473656,1
86,28,2,dn4,37.751751,-122.410654,1
86,29,5,dn14,37.739611,-122.492203,1
86,30,1,dn2,37.774524,-122.473656,1
86,32,3,dn7,37.718779,-122.462401,1
86,33,3,dn7,37.718779,-122.462401,1
86,34,3,dn7,37.718779,-122.462401,1
86,35,3,dn7,37.718779,-122.462401,1
86,35,5,dn13,37.739611,-122.492203,1
86,36,3,dn7,37.718779,-122.462401,1
86,36,4,dn10,37.78929,-122.426797,1
86,37,3,dn7,37.718779,-122.462401,1
86,37,4,dn10,37.78929,-122.426797,1
86,38,3,dn7,37.718779,-122.462401,1
86,38,4,dn10;dn11,37.78929,-122.426797,2
86,39,3,dn7,37.718779,-122.462401,1
86,39,4,dn10;dn11,37.78929,-122.426797,2
86,40,4,dn10;dn11,37.78929,-122.426797,2
86,41,4,dn11,37.78929,-122.426797,1
86,42,1,dn2;dn3,37.774524,-122.473656,2
86,42,2,dn5,37.751751,-122.410654,1
86,42,3,dn8;dn9,37.718779,-122.462401,2
86,42,4,dn11;dn12,37.78929,-122.426797,2
86,43,1,dn3,37.774524,-122.473656,1
86,43,2,dn5,37.751751,-122.410654,1
86,43,3,dn8;dn9,37.718779,-122.462401,2
86,43,4,dn11;dn12,37.78929,-122.426797,2
86,44,1,dn3,37.774524,-122.473656,1
86,44,3,dn8;dn9,37.718779,-122.462401,2
86,44,4,dn11;dn12,37.78929,-122.426797,2
86,45,1,dn3,37.774524,-122.473656,1
86,45,3,dn8;dn9,37.718779,-122.462401,2
86,45,4,dn11;dn12,37.78929,-122.426797,2
86,45,5,dn14,37.739611,-122.492203,1
86,46,1,dn1;dn3,37.774524,-122.473656,2
86,46,3,dn8;dn9,37.718779,-122.462401,2
86,46,4,dn11;dn12,37.78929,-122.426797,2
86,46,5,dn14,37.739611,-122.492203,1
86,47,1,dn1;dn3,37.774524,-122.473656,2
86,47,3,dn9,37.718779,-122.462401,1
86,47,4,dn11;dn12,37.78929,-122.426797,2
86,47,5,dn14,37.739611,-122.492203,1
86,48,1,dn1;dn3,37.774524,-122.473656,2
86,48,3,dn9,37.718779,-122.462401,1
86,48,4,dn11;dn12,37.78929,-122.426797,2
86,48,5,dn14;dn15,37.739611,-122.492203,2
86,49,1,dn1;dn3,37.774524,-122.473656,2
86,49,3,dn7;dn9,37.718779,-122.462401,2
86,49,4,dn11;dn12,37.78929,-122.426797,2
86,49,5,dn14;dn15,37.739611,-122.492203,2
86,50,1,dn1;dn3,37.774524,-122.473656,2
86,50,3,dn9,37.718779,-122.462401,1
86,50,4,dn11;dn12,37.78929,-122.426797,2
86,50,5,dn14;dn15,37.739611,-122.492203,2
86,51,1,dn1;dn3,37.774524,-122.473656,2
86,51,2,dn6,37.751751,-122.410654,1
86,51,3,dn9,37.718779,-122.462401,1
86,51,4,dn11;dn12,37.78929,-122.426797,2
86,51,5,dn14;dn15,37.739611,-122.492203,2
86,52,1,dn1;dn3,37.774524,-122.473656,2
86,52,3,dn9,37.718779,-122.462401,1
86,52,4,dn11;dn12,37.78929,-122.426797,2
86,52,5,dn14;dn15,37.739611,-122.492203,2
86,53,1,dn1;dn3,37.774524,-122.473656,2
86,53,3,dn9,37.718779,-122.462401,1
86,53,4,dn11;dn12,37.78929,-122.426797,2
86,53,5,dn14;dn15,37.739611,-122.492203,2
86,54,1,dn3,37.774524,-122.473656,1
86,54,2,dn4,37.751751,-122.410654,1
86,54,3,dn9,37.718779,-122.462401,1
86,54,4,dn11;dn12,37.78929,-122.426797,2
86,54,5,dn13;dn14;dn15,37.739611,-122.492203,3
86,55,1,dn3,37.774524,-122.473656,1
86,55,2,dn4,37.751751,-122.410654,1
86,55,4,dn11;dn12,37.78929,-122.426797,2
86,55,5,dn13;dn14;dn15,37.739611,-122.492203,3
86,56,2,dn4,37.751751,-122.410654,1
86,56,4,dn11;dn12,37.78929,-122.426797,2
86,56,5,dn13;dn14;dn15,37.739611,-122.492203,3
86,57,2,dn4,37.751751,-122.410654,1
86,57,4,dn11;dn12,37.78929,-122.426797,2
86,57,5,dn13;dn14;dn15,37.739611,-122.492203,3
86,58,1,dn2,37.774524,-122.473656,1
86,58,2,dn4,37.751751,-122.410654,1
86,58,4,dn11;dn12,37.78929,-122.426797,2
86,58,5,dn14;dn15,37.739611,-122.492203,2
86,59,2,dn4,37.751751,-122.410654,1
86,59,4,dn11;dn12,37.78929,-122.426797,2
86,59,5,dn14;dn15,37.739611,-122.492203,2
86,60,4,dn11;dn12,37.78929,-122.426797,2
86,60,5,dn14;dn15,37.739611,-122.492203,2
86,61,3,dn8,37.718779,-122.462401,1
86,61,4,dn11;dn12,37.78929,-122.426797,2
86,61,5,dn15,37.739611,-122.492203,1
86,62,3,dn7,37.718779,-122.462401,1
86,62,4,dn11;dn12,37.78929,-122.426797,2
86,62,5,dn15,37.739611,-122.492203,1
86,63,3,dn7,37.718779,-122.462401,1
86,63,4,dn11;dn12,37.78929,-122.426797,2
86,64,3,dn7,37.718779,-122.462401,1
86,64,4,dn12,37.78929,-122.426797,1
86,65,3,dn7,37.718779,-122.462401,1
86,65,4,dn12,37.78929,-122.426797,1
86,66,3,dn7,37.718779,-122.462401,1
86,66,4,dn12,37.78929,-122.426797,1
86,67,2,dn5;dn6,37.751751,-122.410654,2
86,67,3,dn7,37.718779,-122.462401,1
86,67,4,dn12,37.78929,-122.426797,1
86,68,1,dn2,37.774524,-122.473656,1
86,68,2,dn5;dn6,37.751751,-122.410654,2
86,68,3,dn7,37.718779,-122.462401,1
86,68,4,dn10;dn12,37.78929,-122.426797,2
86,69,2,dn4;dn5;dn6,37.751751,-122.410654,3
86,69,3,dn7,37.718779,-122.462401,1
86,69,4,dn10;dn12,37.78929,-122.426797,2
86,70,2,dn5;dn6,37.751751,-122.410654,2
86,70,3,dn7,37.718779,-122.462401,1
86,70,4,dn10;dn12,37.78929,-122.426797,2
86,70,5,dn14,37.739611,-122.492203,1
86,71,2,dn5;dn6,37.751751,-122.410654,2
86,71,3,dn7;dn8,37.718779,-122.462401,2
86,71,4,dn10;dn12,37.78929,-122.426797,2
86,71,5,dn14,37.739611,-122.492203,1
86,72,2,dn5;dn6,37.751751,-122.410654,2
86,72,3,dn7;dn8,37.718779,-122.462401,2
86,72,4,dn10;dn12,37.78929,-122.426797,2
86,73,2,dn5;dn6,37.751751,-122.410654,2
86,73,3,dn7;dn8,37.718779,-122.462401,2
86,73,4,dn12,37.78929,-122.426797,1
86,73,5,dn13,37.739611,-122.492203,1
86,74,2,dn5;dn6,37.751751,-122.410654,2
86,74,3,dn7;dn8,37.718779,-122.462401,2
86,74,4,dn12,37.78929,-122.426797,1
86,74,5,dn13,37.739611,-122.492203,1
86,75,2,dn6,37.751751,-122.410654,1
86,75,3,dn7;dn8,37.718779,-122.462401,2
86,75,4,dn12,37.78929,-122.426797,1
86,75,5,dn13,37.739611,-122.492203,1
86,76,2,dn6,37.751751,-122.410654,1
86,76,3,dn8;dn9,37.718779,-122.462401,2
86,76,4,dn12,37.78929,-122.426797,1
86,76,5,dn13;dn15,37.739611,-122.492203,2
86,77,1,dn2,37.774524,-122.473656,1
86,77,2,dn6,37.751751,-122.410654,1
86,77,3,dn9,37.718779,-122.462401,1
86,77,4,dn12,37.78929,-122.426797,1
86,77,5,dn13;dn15,37.739611,-122.492203,2
86,78,1,dn2,37.774524,-122.473656,1
86,78,2,dn6,37.751751,-122.410654,1
86,78,3,dn9,37.718779,-122.462401,1
86,78,4,dn12,37.78929,-122.426797,1
86,78,5,dn13;dn15,37.739611,-122.492203,2
86,79,1,dn1;dn2,37.774524,-122.473656,2
86,79,2,dn6,37.751751,-122.410654,1
86,79,3,dn9,37.718779,-122.462401,1
86,79,4,dn12,37.78929,-122.426797,1
86,79,5,dn13;dn15,37.739611,-122.492203,2
86,80,1,dn2,37.774524,-122.473656,1
86,80,2,dn6,37.751751,-122.410654,1
86,80,3,dn9,37.718779,-122.462401,1
86,80,4,dn12,37.78929,-122.426797,1
86,80,5,dn13;dn15,37.739611,-122.492203,2
86,81,1,dn2,37.774524,-122.473656,1
86,81,2,dn6,37.751751,-122.410654,1
86,81,3,dn9,37.718779,-122.462401,1
86,81,4,dn12,37.78929,-122.426797,1
86,81,5,dn13;dn15,37.739611,-122.492203,2
86,82,2,dn6,37.751751,-122.410654,1
86,82,3,dn9,37.718779,-122.462401,1
86,82,4,dn12,37.78929,-122.426797,1
86,82,5,dn13;dn15,37.739611,-122.492203,2
86,83,2,dn6,37.751751,-122.410654,1
86,83,3,dn9,37.718779,-122.462401,1
86,83,4,dn12,37.78929,-122.426797,1
86,83,5,dn13;dn15,37.739611,-122.492203,2
86,84,2,dn6,37.751751,-122.410654,1
86,84,3,dn8;dn9,37.718779,-122.462401,2
86,84,4,dn12,37.78929,-122.426797,1
86,84,5,dn15,37.739611,-122.492203,1
86,85,3,dn7;dn8;dn9,37.718779,-122.462401,3
86,85,4,dn12,37.78929,-122.426797,1
86,85,5,dn15,37.739611,-122.492203,1
86,86,3,dn8;dn9,37.718779,-122.462401,2
86,86,4,dn12,37.78929,-122.426797,1
86,86,5,dn15,37.739611,-122.492203,1
86,87,3,dn9,37.718779,-122.462401,1
86,87,4,dn12,37.78929,-122.426797,1
86,87,5,dn15,37.739611,-122.492203,1
86,88,4,dn10;dn12,37.78929,-122.426797,2
86,88,5,dn15,37.739611,-122.492203,1
86,89,1,dn1;dn3,37.774524,-122.473656,2
86,89,4,dn10;dn12,37.78929,-122.426797,2
86,90,1,dn3,37.774524,-122.473656,1
86,90,4,dn10;dn12,37.78929,-122.426797,2
86,91,1,dn3,37.774524,-122.473656,1
86,91,4,dn10;dn12,37.78929,-122.426797,2
86,91,5,dn14,37.739611,-122.492203,1
86,92,1,dn2;dn3,37.774524,-122.473656,2
86,92,4,dn12,37.78929,-122.426797,1
86,92,5,dn14,37.739611,-122.492203,1
86,93,1,dn2;dn3,37.774524,-122.473656,2
86,93,4,dn12,37.78929,-122.426797,1
86,93,5,dn14,37.739611,-122.492203,1
86,94,1,dn2;dn3,37.774524,-122.473656,2
86,94,4,dn12,37.78929,-122.426797,1
86,94,5,dn14,37.739611,-122.492203,1
86,95,1,dn2;dn3,37.774524,-122.473656,2
86,95,5,dn14,37.739611,-122.492203,1
86,96,1,dn2;dn3,37.774524,-122.473656,2
86,96,5,dn14,37.739611,-122.492203,1
86,97,1,dn2;dn3,37.774524,-122.473656,2
86,97,3,dn8,37.718779,-122.462401,1
86,97,5,dn13;dn14,37.739611,-122.492203,2
86,98,1,dn2;dn3,37.774524,-122.473656,2
86,98,3,dn8,37.718779,-122.462401,1
86,98,5,dn13;dn14,37.739611,-122.492203,2
86,99,1,dn2;dn3,37.774524,-122.473656,2
86,99,4,dn11,37.78929,-122.426797,1
86,99,5,dn13;dn14,37.739611,-122.492203,2
87,0,1,dn1;dn2;dn3,37.774524,-122.473656,3
87,0,2,dn4;dn5;dn6,37.751751,-122.410654,3
87,0,3,dn7;dn8;dn9,37.718779,-122.462401,3
87,0,4,dn10;dn11;dn12,37.78929,-122.426797,3
87,0,5,dn13;dn14;dn15,37.739611,-122.492203,3
87,11,5,dn14;dn15,37.739611,-122.492203,2
87,14,3,dn7;dn9,37.718779,-122.462401,2
87,15,5,dn13;dn14,37.739611,-122.492203,2
87,16,1,dn2,37.774524,-122.473656,1
87,16,5,dn14,37.739611,-122.492203,1
87,19,5,dn15,37.739611,-122.492203,1
87,20,2,dn6,37.751751,-122.410654,1
87,20,4,dn11,37.78929,-122.426797,1
87,21,5,dn13,37.739611,-122.492203,1
87,24,1,dn3,37.774524,-122.473656,1
87,24,2,dn4,37.751751,-122.410654,1
87,25,1,dn3,37.774524,-122.473656,1
87,25,2,dn4,37.751751,-122.410654,1
87,26,1,dn3,37.774524,-122.473656,1
87,26,2,dn4;dn5,37.751751,-122.410654,2
87,27,1,dn3,37.774524,-122.473656,1
87,27,2,dn5,37.751751,-122.410654,1
87,28,2,dn5,37.751751,-122.410654,1
87,28,5,dn14,37.739611,-122.492203,1
87,29,2,dn5,37.751751,-122.410654,1
87,30,2,dn5,37.751751,-122.410654,1
87,31,2,dn5,37.751751,-122.410654,1
87,32,1,dn1,37.774524,-122.473656,1
87,32,2,dn5,37.751751,-122.410654,1
87,33,2,dn5,37.751751,-122.410654,1
87,33,5,dn15,37.739611,-122.492203,1
87,34,3,dn8,37.718779,-122.462401,1
87,34,5,dn15,37.739611,-122.492203,1
87,35,3,dn8,37.718779,-122.462401,1
87,35,5,dn15,37.739611,-122.492203,1
87,36,3,dn8,37.718779,-122.462401,1
87,36,5,dn13;dn15,37.739611,-122.492203,2
87,37,3,dn8,37.718779,-122.462401,1
87,37,5,dn13;dn15,37.739611,-122.492203,2
87,38,3,dn8,37.718779,-122.462401,1
87,38,4,dn10,37.78929,-122.426797,1
87,38,5,dn13;dn14;dn15,37.739611,-122.492203,3
87,39,3,dn8,37.718779,-122.462401,1
87,39,4,dn10,37.78929,-122.426797,1
87,39,5,dn13;dn14;dn15,37.739611,-122.492203,3
87,40,3,dn8,37.718779,-122.462401,1
87,40,4,dn10;dn11,37.78929,-122.426797,2
87,40,5,dn13;dn14;dn15,37.739611,-122.492203,3
87,41,4,dn10;dn11,37.78929,-122.426797,2
87,41,5,dn13;dn14;dn15,37.739611,-122.492203,3
87,42,1,dn1,37.774524,-122.473656,1
87,42,4,dn10;dn11,37.78929,-122.426797,2
87,42,5,dn13;dn14;dn15,37.739611,-122.492203,3
87,43,1,dn1,37.774524,-122.473656,1
87,43,4,dn10;dn11,37.78929,-122.426797,2
87,43,5,dn13;dn14;dn15,37.739611,-122.492203,3
87,44,1,dn1,37.774524,-122.473656,1
87,44,4,dn10;dn11,37.78929,-122.426797,2
87,44,5,dn13;dn14;dn15,37.739611,-122.492203,3
87,45,1,dn1;dn3,37.774524,-122.473656,2
87,45,4,dn10;dn11,37.78929,-122.426797,2
87,45,5,dn13;dn14;dn15,37.739611,-122.492203,3
87,46,1,dn3,37.774524,-122.473656,1
87,46,2,dn4,37.751751,-122.410654,1
87,46,4,dn10;dn11,37.78929,-122.426797,2
87,46,5,dn13;dn14;dn15,37.739611,-122.492203,3
87,47,1,dn3,37.774524,-122.473656,1
87,47,4,dn10;dn11,37.78929,-122.426797,2
87,47,5,dn13;dn14;dn15,37.739611,-122.492203,3
87,48,2,dn6,37.751751,-122.410654,1
87,48,4,dn10;dn11,37.78929,-122.426797,2
87,48,5,dn13;dn14;dn15,37.739611,-122.492203,3
87,49,4,dn10;dn11,37.78929,-122.426797,2
87,49,5,dn13;dn14;dn15,37.739611,-122.492203,3
87,50,3,dn7;dn9,37.718779,-122.462401,2
87,50,4,dn10;dn11;dn12,37.78929,-122.426797,3
87,50,5,dn14;dn15,37.739611,-122.492203,2
87,51,3,dn9,37.718779,-122.462401,1
87,51,4,dn10;dn11;dn12,37.78929,-122.426797,3
87,51,5,dn14;dn15,37.739611,-122.492203,2
87,52,3,dn8;dn9,37.718779,-122.462401,2
87,52,4,dn10;dn11;dn12,37.78929,-122.426797,3
87,52,5,dn14;dn15,37.739611,-122.492203,2
87,53,3,dn8;dn9,37.718779,-122.462401,2
87,53,4,dn10;dn11;dn12,37.78929,-122.426797,3
87,53,5,dn14;dn15,37.739611,-122.492203,2
87,54,3,dn8;dn9,37.718779,-122.462401,2
87,54,4,dn10;dn11;dn12,37.78929,-122.426797,3
87,54,5,dn14;dn15,37.739611,-122.492203,2
87,55,3,dn8;dn9,37.718779,-122.462401,2
87,55,4,dn10;dn11;dn12,37.78929,-122.426797,3
87,55,5,dn14;dn15,37.739611,-122.492203,2
87,56,3,dn8;dn9,37.718779,-122.462401,2
87,56,4,dn10;dn11;dn12,37.78929,-122.426797,3
87,56,5,dn14;dn15,37.739611,-122.492203,2
87,57,1,dn3,37.774524,-122.473656,1
87,57,3,dn9,37.718779,-122.462401,1
87,57,4,dn10;dn11;dn12,37.78929,-122.426797,3
87,57,5,dn13;dn14;dn15,37.739611,-122.492203,3
87,58,1,dn2,37.774524,-122.473656,1
87,58,3,dn9,37.718779,-122.462401,1
87,58,4,dn10;dn11;dn12,37.78929,-122.426797,3
87,58,5,dn13;dn14;dn15,37.739611,-122.492203,3
87,59,1,dn2,37.774524,-122.473656,1
87,59,2,dn5,37.751751,-122.410654,1
87,59,3,dn9,37.718779,-122.462401,1
87,59,4,dn10;dn11;dn12,37.78929,-122.426797,3
87,59,5,dn13;dn14;dn15,37.739611,-122.492203,3
87,60,1,dn2,37.774524,-122.473656,1
87,60,3,dn9,37.718779,-122.462401,1
87,60,4,dn11;dn12,37.78929,-122.426797,2
87,60,5,dn13;dn14;dn15,37.739611,-122.492203,3
87,61,1,dn2,37.774524,-122.473656,1
87,61,4,dn11;dn12,37.78929,-122.426797,2
87,61,5,dn13;dn14;dn15,37.739611,-122.492203,3
87,62,1,dn2,37.774524,-122.473656,1
87,62,4,dn11;dn12,37.78929,-122.426797,2
87,62,5,dn13;dn14;dn15,37.739611,-122.492203,3
87,63,1,dn1;dn2,37.774524,-122.473656,2
87,63,4,dn11;dn12,37.78929,-122.426797,2
87,63,5,dn13;dn14;dn15,37.739611,-122.492203,3
87,64,1,dn1;dn2,37.774524,-122.473656,2
87,64,4,dn11;dn12,37.78929,-122.426797,2
87,64,5,dn13;dn14;dn15,37.739611,-122.492203,3
87,65,1,dn1;dn2,37.774524,-122.473656,2
87,65,4,dn11;dn12,37.78929,-122.426797,2
87,65,5,dn14;dn15,37.739611,-122.492203,2
87,66,1,dn2,37.774524,-122.473656,1
87,66,3,dn8,37.718779,-122.462401,1
87,66,4,dn11;dn12,37.78929,-122.426797,2
87,66,5,dn14;dn15,37.739611,-122.492203,2
87,67,1,dn2,37.774524,-122.473656,1
87,67,3,dn8,37.718779,-122.462401,1
87,67,4,dn11;dn12,37.78929,-122.426797,2
87,67,5,dn14;dn15,37.739611,-122.492203,2
87,68,3,dn7;dn8,37.718779,-122.462401,2
87,68,4,dn11;dn12,37.78929,-122.426797,2
87,68,5,dn14;dn15,37.739611,-122.492203,2
87,69,3,dn7;dn8,37.718779,-122.462401,2
87,69,4,dn11;dn12,37.78929,-122.426797,2
87,69,5,dn14;dn15,37.739611,-122.492203,2
87,70,3,dn7;dn8,37.718779,-122.462401,2
87,70,4,dn11;dn12,37.78929,-122.426797,2
87,70,5,dn14;dn15,37.739611,-122.492203,2
87,71,3,dn7;dn8;dn9,37.718779,-122.462401,3
87,71,4,dn11;dn12,37.78929,-122.426797,2
87,71,5,dn14;dn15,37.739611,-122.492203,2
87,72,3,dn7;dn8;dn9,37.718779,-122.462401,3
87,72,4,dn11;dn12,37.78929,-122.426797,2
87,72,5,dn15,37.739611,-122.492203,1
87,73,3,dn7;dn8;dn9,37.718779,-122.462401,3
87,73,4,dn11;dn12,37.78929,-122.426797,2
87,73,5,dn15,37.739611,-122.492203,1
87,74,3,dn7;dn8;dn9,37.718779,-122.462401,3
87,74,4,dn12,37.78929,-122.426797,1
87,74,5,dn15,37.739611,-122.492203,1
87,75,3,dn7;dn8;dn9,37.718779,-122.462401,3
87,75,4,dn12,37.78929,-122.426797,1
87,75,5,dn15,37.739611,-122.492203,1
87,76,2,dn4,37.751751,-122.410654,1
87,76,3,dn7;dn8;dn9,37.718779,-122.462401,3
87,76,5,dn15,37.739611,-122.492203,1
87,77,3,dn7;dn8;dn9,37.718779,-122.462401,3
87,77,5,dn15,37.739611,-122.492203,1
87,78,3,dn7;dn8;dn9,37.718779,-122.462401,3
87,78,5,dn13;dn15,37.739611,-122.492203,2
87,79,1,dn1;dn2,37.774524,-122.473656,2
87,79,3,dn7;dn8;dn9,37.718779,-122.462401,3
87,79,4,dn10,37.78929,-122.426797,1
87,79,5,dn13;dn15,37.739611,-122.492203,2
87,80,1,dn1;dn2,37.774524,-122.473656,2
87,80,3,dn7;dn8;dn9,37.718779,-122.462401,3
87,80,5,dn13;dn15,37.739611,-122.492203,2
87,81,1,dn1;dn2,37.774524,-122.473656,2
87,81,3,dn7;dn8;dn9,37.718779,-122.462401,3
87,81,5,dn13;dn15,37.739611,-122.492203,2
87,82,1,dn1;dn2,37.774524,-122.473656,2
87,82,3,dn7;dn8;dn9,37.718779,-122.462401,3
87,82,5,dn13;dn15,37.739611,-122.492203,2
87,83,1,dn1;dn2,37.774524,-122.473656,2
87,83,3,dn7;dn8;dn9,37.718779,-122.462401,3
87,83,5,dn13;dn15,37.739611,-122.492203,2
87,84,1,dn1;dn2,37.774524,-122.473656,2
87,84,3,dn7;dn8;dn9,37.718779,-122.462401,3
87,84,5,dn13;dn15,37.739611,-122.492203,2
87,85,1,dn1;dn2,37.774524,-122.473656,2
87,85,3,dn8;dn9,37.718779,-122.462401,2
87,85,5,dn13;dn15,37.739611,-122.492203,2
87,86,1,dn1;dn2,37.774524,-122.473656,2
87,86,2,dn6,37.751751,-122.410654,1
87,86,3,dn8;dn9,37.718779,-122.462401,2
87,86,5,dn13;dn15,37.739611,-122.492203,2
87,87,1,dn2,37.774524,-122.473656,1
87,87,2,dn6,37.751751,-122.410654,1
87,87,3,dn8;dn9,37.718779,-122.462401,2
87,87,5,dn13;dn15,37.739611,-122.492203,2
87,88,1,dn2,37.774524,-122.473656,1
87,88,2,dn6,37.751751,-122.410654,1
87,88,3,dn8;dn9,37.718779,-122.462401,2
87,88,5,dn13;dn15,37.739611,-122.492203,2
87,89,2,dn6,37.751751,-122.410654,1
87,89,3,dn8;dn9,37.718779,-122.462401,2
87,89,5,dn13;dn14;dn15,37.739611,-122.492203,3
87,90,2,dn6,37.751751,-122.410654,1
87,90,3,dn8;dn9,37.718779,-122.462401,2
87,90,5,dn13;dn14;dn15,37.739611,-122.492203,3
87,91,2,dn6,37.751751,-122.410654,1
87,91,3,dn8;dn9,37.718779,-122.462401,2
87,91,5,dn14;dn15,37.739611,-122.492203,2
87,92,3,dn8;dn9,37.718779,-122.462401,2
87,92,5,dn14;dn15,37.739611,-122.492203,2
87,93,3,dn9,37.718779,-122.462401,1
87,93,5,dn14;dn15,37.739611,-122.492203,2
87,94,3,dn9,37.718779,-122.462401,1
87,94,5,dn14;dn15,37.739611,-122.492203,2
87,95,3,dn9,37.718779,-122.462401,1
87,95,5,dn14;dn15,37.739611,-122.492203,2
87,96,3,dn9,37.718779,-122.462401,1
87,96,5,dn14;dn15,37.739611,-122.492203,2
87,97,3,dn9,37.718779,-122.462401,1
87,97,5,dn14;dn15,37.739611,-122.492203,2
87,98,3,dn7;dn9,37.718779,-122.462401,2
87,98,5,dn15,37.739611,-122.492203,1
87,99,3,dn7;dn9,37.718779,-122.462401,2
87,99,4,dn11,37.78929,-122.426797,1
87,99,5,dn15,37.739611,-122.492203,1
88,0,1,dn1;dn2;dn3,37.774524,-122.473656,3
88,0,2,dn4;dn5;dn6,37.751751,-122.410654,3
88,0,3,dn7;dn8;dn9,37.718779,-122.462401,3
88,0,4,dn10;dn11;dn12,37.78929,-122.426797,3
88,0,5,dn13;dn14;dn15,37.739611,-122.492203,3
88,7,3,dn8,37.718779,-122.462401,1
88,11,1,dn1,37.774524,-122.473656,1
88,11,3,dn8;dn9,37.718779,-122.462401,2
88,11,5,dn13,37.739611,-122.492203,1
88,13,3,dn7,37.718779,-122.462401,1
88,18,5,dn14,37.739611,-122.492203,1
88,19,5,dn13,37.739611,-122.492203,1
88,20,5,dn15,37.739611,-122.492203,1
88,21,1,dn1,37.774524,-122.473656,1
88,22,2,dn5,37.751751,-122.410654,1
88,26,1,dn3,37.774524,-122.473656,1
88,26,4,dn12,37.78929,-122.426797,1
88,27,1,dn3,37.774524,-122.473656,1
88,27,3,dn7,37.718779,-122.462401,1
88,28,1,dn3,37.774524,-122.473656,1
88,28,4,dn10,37.78929,-122.426797,1
88,28,5,dn14,37.739611,-122.492203,1
88,29,4,dn10,37.78929,-122.426797,1
88,29,5,dn13;dn14,37.739611,-122.492203,2
88,30,1,dn2,37.774524,-122.473656,1
88,30,5,dn13;dn14,37.739611,-122.492203,2
88,31,1,dn2,37.774524,-122.473656,1
88,31,5,dn13;dn14,37.739611,-122.492203,2
88,32,1,dn2,37.774524,-122.473656,1
88,32,2,dn4,37.751751,-122.410654,1
88,32,5,dn13;dn14;dn15,37.739611,-122.492203,3
88,33,1,dn2,37.774524,-122.473656,1
88,33,2,dn4,37.751751,-122.410654,1
88,33,3,dn8,37.718779,-122.462401,1
88,33,5,dn13;dn14;dn15,37.739611,-122.492203,3
88,34,1,dn2,37.774524,-122.473656,1
88,34,2,dn5,37.751751,-122.410654,1
88,34,3,dn8,37.718779,-122.462401,1
88,34,5,dn13;dn14;dn15,37.739611,-122.492203,3
88,35,1,dn2,37.774524,-122.473656,1
88,35,2,dn5,37.751751,-122.410654,1
88,35,3,dn8,37.718779,-122.462401,1
88,35,5,dn13;dn14;dn15,37.739611,-122.492203,3
88,36,2,dn5,37.751751,-122.410654,1
88,36,3,dn8,37.718779,-122.462401,1
88,36,4,dn11,37.78929,-122.426797,1
88,36,5,dn13;dn14;dn15,37.739611,-122.492203,3
88,37,2,dn5,37.751751,-122.410654,1
88,37,3,dn7,37.718779,-122.462401,1
88,37,4,dn11,37.78929,-122.426797,1
88,37,5,dn13;dn14;dn15,37.739611,-122.492203,3
88,38,2,dn5,37.751751,-122.410654,1
88,38,3,dn7,37.718779,-122.462401,1
88,38,4,dn11,37.78929,-122.426797,1
88,38,5,dn13;dn14;dn15,37.739611,-122.492203,3
88,39,2,dn5,37.751751,-122.410654,1
88,39,3,dn7,37.718779,-122.462401,1
88,39,4,dn11,37.78929,-122.426797,1
88,39,5,dn13;dn14;dn15,37.739611,-122.492203,3
88,40,2,dn5,37.751751,-122.410654,1
88,40,3,dn7,37.718779,-122.462401,1
88,40,4,dn11,37.78929,-122.426797,1
88,40,5,dn13;dn14;dn15,37.739611,-122.492203,3
88,41,1,dn3,37.774524,-122.473656,1
88,41,2,dn5,37.751751,-122.410654,1
88,41,3,dn7,37.718779,-122.462401,1
88,41,4,dn11,37.78929,-122.426797,1
88,41,5,dn13;dn14;dn15,37.739611,-122.492203,3
88,42,2,dn5,37.751751,-122.410654,1
88,42,3,dn7,37.718779,-122.462401,1
88,42,4,dn11,37.78929,-122.426797,1
88,42,5,dn13;dn14;dn15,37.739611,-122.492203,3
88,43,2,dn5,37.751751,-122.410654,1
88,43,3,dn9,37.718779,-122.462401,1
88,43,4,dn11,37.78929,-122.426797,1
88,43,5,dn13;dn14;dn15,37.739611,-122.492203,3
88,44,2,dn5,37.751751,-122.410654,1
88,44,4,dn11,37.78929,-122.426797,1
88,44,5,dn13;dn14;dn15,37.739611,-122.492203,3
88,45,4,dn11,37.78929,-122.426797,1
88,45,5,dn13;dn14;dn15,37.739611,-122.492203,3
88,46,4,dn11,37.78929,-122.426797,1
88,46,5,dn13;dn14;dn15,37.739611,-122.492203,3
88,47,5,dn13;dn14;dn15,37.739611,-122.492203,3
88,48,5,dn13;dn14;dn15,37.739611,-122.492203,3
88,49,5,dn13;dn14;dn15,37.739611,-122.492203,3
88,50,4,dn12,37.78929,-122.426797,1
88,50,5,dn13;dn14;dn15,37.739611,-122.492203,3
88,51,5,dn13;dn14;dn15,37.739611,-122.492203,3
88,52,5,dn13;dn14;dn15,37.739611,-122.492203,3
88,53,5,dn13;dn14;dn15,37.739611,-122.492203,3
88,54,2,dn6,37.751751,-122.410654,1
88,54,5,dn13;dn14;dn15,37.739611,-122.492203,3
88,55,5,dn13;dn14;dn15,37.739611,-122.492203,3
88,56,3,dn8,37.718779,-122.462401,1
88,56,5,dn14;dn15,37.739611,-122.492203,2
88,57,1,dn1,37.774524,-122.473656,1
88,57,3,dn8,37.718779,-122.462401,1
88,57,5,dn14;dn15,37.739611,-122.492203,2
88,58,3,dn8,37.718779,-122.462401,1
88,58,5,dn14;dn15,37.739611,-122.492203,2
88,59,2,dn4,37.751751,-122.410654,1
88,59,3,dn8,37.718779,-122.462401,1
88,59,4,dn10,37.78929,-122.426797,1
88,59,5,dn14;dn15,37.739611,-122.492203,2
88,60,3,dn8;dn9,37.718779,-122.462401,2
88,60,5,dn14;dn15,37.739611,-122.492203,2
88,61,3,dn8;dn9,37.718779,-122.462401,2
88,61,5,dn14;dn15,37.739611,-122.492203,2
88,62,2,dn5,37.751751,-122.410654,1
88,62,3,dn7;dn8;dn9,37.718779,-122.462401,3
88,62,5,dn14;dn15,37.739611,-122.492203,2
88,63,3,dn8;dn9,37.718779,-122.462401,2
88,63,4,dn11,37.78929,-122.426797,1
88,63,5,dn14;dn15,37.739611,-122.492203,2
88,64,3,dn8;dn9,37.718779,-122.462401,2
88,64,4,dn11,37.78929,-122.426797,1
88,64,5,dn14;dn15,37.739611,-122.492203,2
88,65,3,dn8;dn9,37.718779,-122.462401,2
88,65,5,dn14;dn15,37.739611,-122.492203,2
88,66,3,dn8;dn9,37.718779,-122.462401,2
88,66,5,dn13;dn14;dn15,37.739611,-122.492203,3
88,67,1,dn3,37.774524,-122.473656,1
88,67,3,dn8;dn9,37.718779,-122.462401,2
88,67,5,dn14;dn15,37.739611,-122.492203,2
88,68,1,dn3,37.774524,-122.473656,1
88,68,3,dn8;dn9,37.718779,-122.462401,2
88,68,5,dn14;dn15,37.739611,-122.492203,2
88,69,3,dn8;dn9,37.718779,-122.462401,2
88,69,5,dn14;dn15,37.739611,-122.492203,2
88,70,3,dn8;dn9,37.718779,-122.462401,2
88,70,5,dn14;dn15,37.739611,-122.492203,2
88,71,3,dn8;dn9,37.718779,-122.462401,2
88,71,5,dn15,37.739611,-122.492203,1
88,72,3,dn8;dn9,37.718779,-122.462401,2
88,72,5,dn15,37.739611,-122.492203,1
88,73,1,dn1,37.774524,-122.473656,1
88,73,3,dn9,37.718779,-122.462401,1
88,73,5,dn15,37.739611,-122.492203,1
88,74,1,dn1,37.774524,-122.473656,1
88,74,2,dn6,37.751751,-122.410654,1
88,74,3,dn9,37.718779,-122.462401,1
88,74,5,dn15,37.739611,-122.492203,1
88,75,1,dn1,37.774524,-122.473656,1
88,75,3,dn9,37.718779,-122.462401,1
88,75,5,dn15,37.739611,-122.492203,1
88,76,2,dn5,37.751751,-122.410654,1
88,76,3,dn9,37.718779,-122.462401,1
88,76,5,dn15,37.739611,-122.492203,1
88,77,1,dn2,37.774524,-122.473656,1
88,77,2,dn5,37.751751,-122.410654,1
88,77,3,dn9,37.718779,-122.462401,1
88,77,5,dn15,37.739611,-122.492203,1
88,78,1,dn2,37.774524,-122.473656,1
88,78,2,dn5,37.751751,-122.410654,1
88,78,3,dn9,37.718779,-122.462401,1
88,78,4,dn12,37.78929,-122.426797,1
88,78,5,dn15,37.739611,-122.492203,1
88,79,2,dn5,37.751751,-122.410654,1
88,79,3,dn9,37.718779,-122.462401,1
88,79,4,dn12,37.78929,-122.426797,1
88,79,5,dn15,37.739611,-122.492203,1
88,80,2,dn5,37.751751,-122.410654,1
88,80,3,dn9,37.718779,-122.462401,1
88,80,4,dn12,37.78929,-122.426797,1
88,80,5,dn15,37.739611,-122.492203,1
88,81,2,dn5,37.751751,-122.410654,1
88,81,3,dn9,37.718779,-122.462401,1
88,81,4,dn12,37.78929,-122.426797,1
88,81,5,dn15,37.739611,-122.492203,1
88,82,3,dn9,37.718779,-122.462401,1
88,82,4,dn12,37.78929,-122.426797,1
88,82,5,dn15,37.739611,-122.492203,1
88,83,3,dn9,37.718779,-122.462401,1
88,83,4,dn12,37.78929,-122.426797,1
88,83,5,dn15,37.739611,-122.492203,1
88,84,3,dn9,37.718779,-122.462401,1
88,84,5,dn15,37.739611,-122.492203,1
88,85,5,dn15,37.739611,-122.492203,1
88,86,5,dn15,37.739611,-122.492203,1
88,87,5,dn15,37.739611,-122.492203,1
88,88,3,dn7,37.718779,-122.462401,1
88,88,5,dn15,37.739611,-122.492203,1
88,89,5,dn15,37.739611,-122.492203,1
88,90,5,dn15,37.739611,-122.492203,1
88,91,5,dn15,37.739611,-122.492203,1
88,92,4,dn11,37.78929,-122.426797,1
88,92,5,dn13,37.739611,-122.492203,1
88,93,4,dn11,37.78929,-122.426797,1
88,93,5,dn13,37.739611,-122.492203,1
88,94,4,dn11,37.78929,-122.426797,1
88,94,5,dn14,37.739611,-122.492203,1
88,95,4,dn11,37.78929,-122.426797,1
88,95,5,dn14,37.739611,-122.492203,1
88,96,4,dn11,37.78929,-122.426797,1
88,96,5,dn14,37.739611,-122.492203,1
88,97,4,dn11,37.78929,-122.426797,1
88,98,2,dn6,37.751751,-122.410654,1
88,98,4,dn11,37.78929,-122.426797,1
88,99,1,dn1,37.774524,-122.473656,1
88,99,4,dn11,37.78929,-122.426797,1
89,0,1,dn1;dn2;dn3,37.774524,-122.473656,3
89,0,2,dn4;dn5;dn6,37.751751,-122.410654,3
89,0,3,dn7;dn8;dn9,37.718779,-122.462401,3
89,0,4,dn10;dn11;dn12,37.78929,-122.426797,3
89,0,5,dn13;dn14;dn15,37.739611,-122.492203,3
89,9,5,dn13,37.739611,-122.492203,1
89,10,5,dn15,37.739611,-122.492203,1
89,12,2,dn4,37.751751,-122.410654,1
89,12,3,dn7,37.718779,-122.462401,1
89,14,1,dn3,37.774524,-122.473656,1
89,16,5,dn14,37.739611,-122.492203,1
89,17,3,dn9,37.718779,-122.462401,1
89,17,5,dn13,37.739611,-122.492203,1
89,22,1,dn1,37.774524,-122.473656,1
89,24,5,dn14;dn15,37.739611,-122.492203,2
89,27,5,dn13,37.739611,-122.492203,1
89,28,3,dn7,37.718779,-122.462401,1
89,30,1,dn2,37.774524,-122.473656,1
89,30,3,dn8,37.718779,-122.462401,1
89,30,4,dn12,37.78929,-122.426797,1
89,31,3,dn8,37.718779,-122.462401,1
89,32,1,dn3,37.774524,-122.473656,1
89,32,3,dn8,37.718779,-122.462401,1
89,33,3,dn8,37.718779,-122.462401,1
89,34,3,dn8,37.718779,-122.462401,1
89,34,4,dn11,37.78929,-122.426797,1
89,34,5,dn14,37.739611,-122.492203,1
89,35,3,dn8,37.718779,-122.462401,1
89,36,2,dn5,37.751751,-122.410654,1
89,36,3,dn8,37.718779,-122.462401,1
89,36,5,dn15,37.739611,-122.492203,1
89,37,2,dn5,37.751751,-122.410654,1
89,37,3,dn8,37.718779,-122.462401,1
89,37,5,dn15,37.739611,-122.492203,1
89,38,3,dn8,37.718779,-122.462401,1
89,38,4,dn10,37.78929,-122.426797,1
89,38,5,dn15,37.739611,-122.492203,1
89,39,3,dn9,37.718779,-122.462401,1
89,39,4,dn10,37.78929,-122.426797,1
89,39,5,dn15,37.739611,-122.492203,1
89,40,2,dn6,37.751751,-122.410654,1
89,40,3,dn9,37.718779,-122.462401,1
89,40,4,dn10,37.78929,-122.426797,1
89,40,5,dn15,37.739611,-122.492203,1
89,41,2,dn6,37.751751,-122.410654,1
89,41,3,dn9,37.718779,-122.462401,1
89,41,4,dn10,37.78929,-122.426797,1
89,41,5,dn15,37.739611,-122.492203,1
89,42,2,dn6,37.751751,-122.410654,1
89,42,3,dn7;dn9,37.718779,-122.462401,2
89,42,4,dn10,37.78929,-122.426797,1
89,42,5,dn15,37.739611,-122.492203,1
89,43,2,dn6,37.751751,-122.410654,1
89,43,3,dn7;dn9,37.718779,-122.462401,2
89,43,4,dn10,37.78929,-122.426797,1
89,43,5,dn15,37.739611,-122.492203,1
89,44,2,dn6,37.751751,-122.410654,1
89,44,3,dn7;dn9,37.718779,-122.462401,2
89,44,5,dn14;dn15,37.739611,-122.492203,2
89,45,2,dn6,37.751751,-122.410654,1
89,45,3,dn7;dn9,37.718779,-122.462401,2
89,45,5,dn14;dn15,37.739611,-122.492203,2
89,46,2,dn6,37.751751,-122.410654,1
89,46,3,dn9,37.718779,-122.462401,1
89,46,5,dn14;dn15,37.739611,-122.492203,2
89,47,1,dn3,37.774524,-122.473656,1
89,47,3,dn9,37.718779,-122.462401,1
89,47,5,dn14;dn15,37.739611,-122.492203,2
89,48,1,dn3,37.774524,-122.473656,1
89,48,3,dn9,37.718779,-122.462401,1
89,48,5,dn14;dn15,37.739611,-122.492203,2
89,49,1,dn3,37.774524,-122.473656,1
89,49,3,dn9,37.718779,-122.462401,1
89,49,5,dn14;dn15,37.739611,-122.492203,2
89,50,1,dn3,37.774524,-122.473656,1
89,50,3,dn9,37.718779,-122.462401,1
89,50,5,dn14;dn15,37.739611,-122.492203,2
89,51,3,dn9,37.718779,-122.462401,1
89,51,5,dn14;dn15,37.739611,-122.492203,2
89,52,3,dn9,37.718779,-122.462401,1
89,52,4,dn12,37.78929,-122.426797,1
89,52,5,dn14;dn15,37.739611,-122.492203,2
89,53,3,dn9,37.718779,-122.462401,1
89,53,5,dn15,37.739611,-122.492203,1
89,54,1,dn1,37.774524,-122.473656,1
89,54,3,dn8,37.718779,-122.462401,1
89,54,5,dn15,37.739611,-122.492203,1
89,55,1,dn1,37.774524,-122.473656,1
89,55,3,dn8,37.718779,-122.462401,1
89,55,5,dn13;dn15,37.739611,-122.492203,2
89,56,1,dn1,37.774524,-122.473656,1
89,56,2,dn4,37.751751,-122.410654,1
89,56,3,dn8,37.718779,-122.462401,1
89,56,4,dn11,37.78929,-122.426797,1
89,56,5,dn13;dn15,37.739611,-122.492203,2
89,57,2,dn4,37.751751,-122.410654,1
89,57,3,dn8,37.718779,-122.462401,1
89,57,4,dn11,37.78929,-122.426797,1
89,57,5,dn13;dn15,37.739611,-122.492203,2
89,58,2,dn4,37.751751,-122.410654,1
89,58,3,dn8,37.718779,-122.462401,1
89,58,4,dn11,37.78929,-122.426797,1
89,58,5,dn13;dn15,37.739611,-122.492203,2
89,59,2,dn4,37.751751,-122.410654,1
89,59,3,dn7;dn8,37.718779,-122.462401,2
89,59,4,dn11,37.78929,-122.426797,1
89,59,5,dn13;dn15,37.739611,-122.492203,2
89,60,2,dn4,37.751751,-122.410654,1
89,60,3,dn7;dn8,37.718779,-122.462401,2
89,60,4,dn11,37.78929,-122.426797,1
89,60,5,dn15,37.739611,-122.492203,1
89,61,3,dn7;dn8,37.718779,-122.462401,2
89,61,4,dn11,37.78929,-122.426797,1
89,61,5,dn15,37.739611,-122.492203,1
89,62,3,dn8,37.718779,-122.462401,1
89,62,4,dn11,37.78929,-122.426797,1
89,62,5,dn15,37.739611,-122.492203,1
89,63,1,dn3,37.774524,-122.473656,1
89,63,3,dn8,37.718779,-122.462401,1
89,63,4,dn11,37.78929,-122.426797,1
89,63,5,dn15,37.739611,-122.492203,1
89,64,3,dn8,37.718779,-122.462401,1
89,64,4,dn11,37.78929,-122.426797,1
89,64,5,dn15,37.739611,-122.492203,1
89,65,3,dn8,37.718779,-122.462401,1
89,65,4,dn11,37.78929,-122.426797,1
89,66,3,dn8,37.718779,-122.462401,1
89,66,4,dn11;dn12,37.78929,-122.426797,2
89,67,3,dn9,37.718779,-122.462401,1
89,67,4,dn11;dn12,37.78929,-122.426797,2
89,68,1,dn2,37.774524,-122.473656,1
89,68,3,dn9,37.718779,-122.462401,1
89,68,4,dn11;dn12,37.78929,-122.426797,2
89,69,1,dn2,37.774524,-122.473656,1
89,69,2,dn5,37.751751,-122.410654,1
89,69,3,dn9,37.718779,-122.462401,1
89,69,4,dn12,37.78929,-122.426797,1
89,70,1,dn1;dn2,37.774524,-122.473656,2
89,70,2,dn5,37.751751,-122.410654,1
89,70,3,dn9,37.718779,-122.462401,1
89,70,4,dn12,37.78929,-122.426797,1
89,71,1,dn1;dn2,37.774524,-122.473656,2
89,71,2,dn5,37.751751,-122.410654,1
89,71,4,dn12,37.78929,-122.426797,1
89,72,1,dn1;dn2,37.774524,-122.473656,2
89,72,4,dn12,37.78929,-122.426797,1
89,73,1,dn2;dn3,37.774524,-122.473656,2
89,73,4,dn12,37.78929,-122.426797,1
89,74,1,dn2;dn3,37.774524,-122.473656,2
89,74,3,dn7,37.718779,-122.462401,1
89,74,4,dn12,37.78929,-122.426797,1
89,75,1,dn2;dn3,37.774524,-122.473656,2
89,75,3,dn7,37.718779,-122.462401,1
89,75,4,dn12,37.78929,-122.426797,1
89,75,5,dn13,37.739611,-122.492203,1
89,76,1,dn3,37.774524,-122.473656,1
89,76,3,dn7,37.718779,-122.462401,1
89,76,4,dn12,37.78929,-122.426797,1
89,76,5,dn13,37.739611,-122.492203,1
89,77,1,dn3,37.774524,-122.473656,1
89,77,3,dn7,37.718779,-122.462401,1
89,77,4,dn12,37.78929,-122.426797,1
89,77,5,dn13;dn15,37.739611,-122.492203,2
89,78,1,dn3,37.774524,-122.473656,1
89,78,3,dn7,37.718779,-122.462401,1
89,78,4,dn12,37.78929,-122.426797,1
89,78,5,dn13;dn15,37.739611,-122.492203,2
89,79,1,dn3,37.774524,-122.473656,1
89,79,3,dn7,37.718779,-122.462401,1
89,79,4,dn12,37.78929,-122.426797,1
89,79,5,dn13;dn15,37.739611,-122.492203,2
89,80,1,dn3,37.774524,-122.473656,1
89,80,3,dn7;dn8;dn9,37.718779,-122.462401,3
89,80,4,dn12,37.78929,-122.426797,1
89,80,5,dn13;dn14;dn15,37.739611,-122.492203,3
89,81,3,dn7;dn8;dn9,37.718779,-122.462401,3
89,81,4,dn12,37.78929,-122.426797,1
89,81,5,dn13;dn14;dn15,37.739611,-122.492203,3
89,82,3,dn8;dn9,37.718779,-122.462401,2
89,82,4,dn12,37.78929,-122.426797,1
89,82,5,dn13;dn14;dn15,37.739611,-122.492203,3
89,83,3,dn8;dn9,37.718779,-122.462401,2
89,83,4,dn10,37.78929,-122.426797,1
89,83,5,dn13;dn14;dn15,37.739611,-122.492203,3
89,84,2,dn6,37.751751,-122.410654,1
89,84,3,dn8;dn9,37.718779,-122.462401,2
89,84,5,dn13;dn14;dn15,37.739611,-122.492203,3
89,85,3,dn9,37.718779,-122.462401,1
89,85,5,dn13;dn14;dn15,37.739611,-122.492203,3
89,86,3,dn9,37.718779,-122.462401,1
89,86,5,dn13;dn14;dn15,37.739611,-122.492203,3
89,87,3,dn9,37.718779,-122.462401,1
89,87,5,dn13;dn14;dn15,37.739611,-122.492203,3
89,88,3,dn9,37.718779,-122.462401,1
89,88,5,dn13;dn14;dn15,37.739611,-122.492203,3
89,89,3,dn9,37.718779,-122.462401,1
89,89,5,dn13;dn14;dn15,37.739611,-122.492203,3
89,90,2,dn4,37.751751,-122.410654,1
89,90,3,dn9,37.718779,-122.462401,1
89,90,5,dn13;dn14;dn15,37.739611,-122.492203,3
89,91,3,dn9,37.718779,-122.462401,1
89,91,5,dn13;dn14;dn15,37.739611,-122.492203,3
89,92,5,dn13;dn14;dn15,37.739611,-122.492203,3
89,93,5,dn13;dn14;dn15,37.739611,-122.492203,3
89,94,1,dn1,37.774524,-122.473656,1
89,94,5,dn14;dn15,37.739611,-122.492203,2
89,95,1,dn2,37.774524,-122.473656,1
89,95,5,dn14;dn15,37.739611,-122.492203,2
89,96,1,dn2,37.774524,-122.473656,1
89,96,5,dn15,37.739611,-122.492203,1
89,97,5,dn15,37.739611,-122.492203,1
90,0,1,dn1;dn2;dn3,37.774524,-122.473656,3
90,0,2,dn4;dn5;dn6,37.751751,-122.410654,3
90,0,3,dn7;dn8;dn9,37.718779,-122.462401,3
90,0,4,dn10;dn11;dn12,37.78929,-122.426797,3
90,0,5,dn13;dn14;dn15,37.739611,-122.492203,3
90,1,5,dn15,37.739611,-122.492203,1
90,2,5,dn15,37.739611,-122.492203,1
90,3,5,dn15,37.739611,-122.492203,1
90,10,2,dn6,37.751751,-122.410654,1
90,12,1,dn3,37.774524,-122.473656,1
90,13,1,dn2,37.774524,-122.473656,1
90,14,2,dn4,37.751751,-122.410654,1
90,14,3,dn7,37.718779,-122.462401,1
90,14,4,dn11,37.78929,-122.426797,1
90,14,5,dn13,37.739611,-122.492203,1
90,17,3,dn8,37.718779,-122.462401,1
90,18,5,dn14,37.739611,-122.492203,1
90,22,5,dn15,37.739611,-122.492203,1
90,24,1,dn3,37.774524,-122.473656,1
90,28,1,dn1,37.774524,-122.473656,1
90,28,5,dn14,37.739611,-122.492203,1
90,30,5,dn13,37.739611,-122.492203,1
90,32,5,dn15,37.739611,-122.492203,1
90,34,2,dn5,37.751751,-122.410654,1
90,34,4,dn11,37.78929,-122.426797,1
90,38,2,dn4,37.751751,-122.410654,1
90,38,4,dn10,37.78929,-122.426797,1
90,38,5,dn13,37.739611,-122.492203,1
90,40,2,dn6,37.751751,-122.410654,1
90,40,3,dn7,37.718779,-122.462401,1
90,41,2,dn6,37.751751,-122.410654,1
90,42,2,dn6,37.751751,-122.410654,1
90,42,5,dn14,37.739611,-122.492203,1
90,43,2,dn6,37.751751,-122.410654,1
90,43,5,dn14,37.739611,-122.492203,1
90,44,5,dn14,37.739611,-122.492203,1
90,45,1,dn2,37.774524,-122.473656,1
90,45,5,dn14,37.739611,-122.492203,1
90,46,5,dn14,37.739611,-122.492203,1
90,47,5,dn14,37.739611,-122.492203,1
90,48,1,dn3,37.774524,-122.473656,1
90,48,2,dn4,37.751751,-122.410654,1
90,48,3,dn7,37.718779,-122.462401,1
90,48,5,dn14,37.739611,-122.492203,1
90,49,1,dn3,37.774524,-122.473656,1
90,49,2,dn4,37.751751,-122.410654,1
90,49,3,dn7,37.718779,-122.462401,1
90,49,5,dn14,37.739611,-122.492203,1
90,50,1,dn3,37.774524,-122.473656,1
90,50,2,dn4,37.751751,-122.410654,1
90,50,3,dn7,37.718779,-122.462401,1
90,50,5,dn14;dn15,37.739611,-122.492203,2
90,51,1,dn3,37.774524,-122.473656,1
90,51,2,dn4,37.751751,-122.410654,1
90,51,3,dn7,37.718779,-122.462401,1
90,51,5,dn14;dn15,37.739611,-122.492203,2
90,52,1,dn3,37.774524,-122.473656,1
90,52,2,dn4,37.751751,-122.410654,1
90,52,5,dn13;dn14;dn15,37.739611,-122.492203,3
90,53,1,dn3,37.774524,-122.473656,1
90,53,2,dn4,37.751751,-122.410654,1
90,53,5,dn13;dn14;dn15,37.739611,-122.492203,3
90,54,1,dn1;dn3,37.774524,-122.473656,2
90,54,2,dn4,37.751751,-122.410654,1
90,54,5,dn13;dn14;dn15,37.739611,-122.492203,3
90,55,1,dn3,37.774524,-122.473656,1
90,55,2,dn4,37.751751,-122.410654,1
90,55,5,dn13;dn14;dn15,37.739611,-122.492203,3
90,56,1,dn3,37.774524,-122.473656,1
90,56,2,dn4,37.751751,-122.410654,1
90,56,5,dn13;dn14;dn15,37.739611,-122.492203,3
90,57,1,dn3,37.774524,-122.473656,1
90,57,2,dn4,37.751751,-122.410654,1
90,57,5,dn13;dn14;dn15,37.739611,-122.492203,3
90,58,1,dn3,37.774524,-122.473656,1
90,58,2,dn4,37.751751,-122.410654,1
90,58,5,dn13;dn14;dn15,37.739611,-122.492203,3
90,59,1,dn3,37.774524,-122.473656,1
90,59,2,dn4;dn6,37.751751,-122.410654,2
90,59,3,dn7,37.718779,-122.462401,1
90,59,5,dn13;dn14;dn15,37.739611,-122.492203,3
90,60,1,dn3,37.774524,-122.473656,1
90,60,2,dn4;dn6,37.751751,-122.410654,2
90,60,3,dn7,37.718779,-122.462401,1
90,60,4,dn12,37.78929,-122.426797,1
90,60,5,dn13;dn14;dn15,37.739611,-122.492203,3
90,61,1,dn3,37.774524,-122.473656,1
90,61,2,dn6,37.751751,-122.410654,1
90,61,3,dn7,37.718779,-122.462401,1
90,61,4,dn12,37.78929,-122.426797,1
90,61,5,dn13;dn14;dn15,37.739611,-122.492203,3
90,62,1,dn3,37.774524,-122.473656,1
90,62,2,dn5;dn6,37.751751,-122.410654,2
90,62,3,dn7,37.718779,-122.462401,1
90,62,4,dn12,37.78929,-122.426797,1
90,62,5,dn13;dn14;dn15,37.739611,-122.492203,3
90,63,2,dn5;dn6,37.751751,-122.410654,2
90,63,3,dn7,37.718779,-122.462401,1
90,63,4,dn12,37.78929,-122.426797,1
90,63,5,dn13;dn14;dn15,37.739611,-122.492203,3
90,64,1,dn1,37.774524,-122.473656,1
90,64,2,dn5;dn6,37.751751,-122.410654,2
90,64,3,dn7,37.718779,-122.462401,1
90,64,4,dn12,37.78929,-122.426797,1
90,64,5,dn13;dn14;dn15,37.739611,-122.492203,3
90,65,1,dn1,37.774524,-122.473656,1
90,65,2,dn5;dn6,37.751751,-122.410654,2
90,65,3,dn7;dn8,37.718779,-122.462401,2
90,65,4,dn12,37.78929,-122.426797,1
90,65,5,dn13;dn14;dn15,37.739611,-122.492203,3
90,66,1,dn1,37.774524,-122.473656,1
90,66,2,dn5;dn6,37.751751,-122.410654,2
90,66,3,dn7;dn8,37.718779,-122.462401,2
90,66,4,dn11;dn12,37.78929,-122.426797,2
90,66,5,dn13;dn14;dn15,37.739611,-122.492203,3
90,67,2,dn5;dn6,37.751751,-122.410654,2
90,67,3,dn7;dn8,37.718779,-122.462401,2
90,67,4,dn11;dn12,37.78929,-122.426797,2
90,67,5,dn13;dn14;dn15,37.739611,-122.492203,3
90,68,2,dn5;dn6,37.751751,-122.410654,2
90,68,3,dn7;dn8,37.718779,-122.462401,2
90,68,4,dn10;dn12,37.78929,-122.426797,2
90,68,5,dn13;dn14;dn15,37.739611,-122.492203,3
90,69,2,dn6,37.751751,-122.410654,1
90,69,3,dn7;dn8,37.718779,-122.462401,2
90,69,4,dn10;dn12,37.78929,-122.426797,2
90,69,5,dn13;dn14;dn15,37.739611,-122.492203,3
90,70,2,dn6,37.751751,-122.410654,1
90,70,3,dn7;dn8,37.718779,-122.462401,2
90,70,4,dn10;dn12,37.78929,-122.426797,2
90,70,5,dn13;dn14;dn15,37.739611,-122.492203,3
90,71,2,dn6,37.751751,-122.410654,1
90,71,3,dn7;dn8,37.718779,-122.462401,2
90,71,4,dn10;dn12,37.78929,-122.426797,2
90,71,5,dn13;dn14;dn15,37.739611,-122.492203,3
90,72,2,dn6,37.751751,-122.410654,1
90,72,3,dn7;dn8,37.718779,-122.462401,2
90,72,4,dn10;dn12,37.78929,-122.426797,2
90,72,5,dn13;dn14;dn15,37.739611,-122.492203,3
90,73,3,dn7;dn8,37.718779,-122.462401,2
90,73,4,dn10;dn12,37.78929,-122.426797,2
90,73,5,dn13;dn14;dn15,37.739611,-122.492203,3
90,74,3,dn7;dn8,37.718779,-122.462401,2
90,74,4,dn10;dn12,37.78929,-122.426797,2
90,74,5,dn13;dn14;dn15,37.739611,-122.492203,3
90,75,3,dn7;dn8,37.718779,-122.462401,2
90,75,4,dn10;dn12,37.78929,-122.426797,2
90,75,5,dn13;dn14;dn15,37.739611,-122.492203,3
90,76,3,dn7;dn8,37.718779,-122.462401,2
90,76,4,dn12,37.78929,-122.426797,1
90,76,5,dn13;dn14;dn15,37.739611,-122.492203,3
90,77,3,dn7;dn8,37.718779,-122.462401,2
90,77,4,dn12,37.78929,-122.426797,1
90,77,5,dn13;dn14;dn15,37.739611,-122.492203,3
90,78,3,dn7;dn8,37.718779,-122.462401,2
90,78,4,dn12,37.78929,-122.426797,1
90,78,5,dn13;dn14;dn15,37.739611,-122.492203,3
90,79,3,dn7;dn8,37.718779,-122.462401,2
90,79,4,dn12,37.78929,-122.426797,1
90,79,5,dn13;dn14;dn15,37.739611,-122.492203,3
90,80,3,dn7;dn8,37.718779,-122.462401,2
90,80,5,dn13;dn14;dn15,37.739611,-122.492203,3
90,81,3,dn8,37.718779,-122.462401,1
90,81,5,dn13;dn14;dn15,37.739611,-122.492203,3
90,82,3,dn8,37.718779,-122.462401,1
90,82,5,dn13;dn14;dn15,37.739611,-122.492203,3
90,83,3,dn8,37.718779,-122.462401,1
90,83,5,dn14;dn15,37.739611,-122.492203,2
90,84,3,dn8,37.718779,-122.462401,1
90,84,5,dn14;dn15,37.739611,-122.492203,2
90,85,3,dn8,37.718779,-122.462401,1
90,85,5,dn14;dn15,37.739611,-122.492203,2
90,86,3,dn8,37.718779,-122.462401,1
90,86,5,dn14;dn15,37.739611,-122.492203,2
90,87,3,dn8,37.718779,-122.462401,1
90,87,5,dn14;dn15,37.739611,-122.492203,2
90,88,5,dn14;dn15,37.739611,-122.492203,2
90,89,5,dn14;dn15,37.739611,-122.492203,2
90,90,2,dn6,37.751751,-122.410654,1
90,90,3,dn7,37.718779,-122.462401,1
90,90,5,dn14;dn15,37.739611,-122.492203,2
90,91,1,dn2,37.774524,-122.473656,1
90,91,3,dn7,37.718779,-122.462401,1
90,91,5,dn14;dn15,37.739611,-122.492203,2
90,92,3,dn7,37.718779,-122.462401,1
90,92,5,dn14;dn15,37.739611,-122.492203,2
90,93,3,dn7,37.718779,-122.462401,1
90,93,5,dn14;dn15,37.739611,-122.492203,2
90,94,3,dn7,37.718779,-122.462401,1
90,94,5,dn14;dn15,37.739611,-122.492203,2
90,95,3,dn7,37.718779,-122.462401,1
90,95,5,dn14;dn15,37.739611,-122.492203,2
90,96,2,dn5,37.751751,-122.410654,1
90,96,3,dn7,37.718779,-122.462401,1
90,96,5,dn14;dn15,37.739611,-122.492203,2
90,97,2,dn5,37.751751,-122.410654,1
90,97,3,dn7,37.718779,-122.462401,1
90,97,5,dn14;dn15,37.739611,-122.492203,2
90,98,2,dn5,37.751751,-122.410654,1
90,98,3,dn7,37.718779,-122.462401,1
90,98,5,dn14;dn15,37.739611,-122.492203,2
90,99,2,dn5,37.751751,-122.410654,1
90,99,3,dn7,37.718779,-122.462401,1
90,99,5,dn14;dn15,37.739611,-122.492203,2
91,0,1,dn1;dn2;dn3,37.774524,-122.473656,3
91,0,2,dn4;dn5;dn6,37.751751,-122.410654,3
91,0,3,dn7;dn8;dn9,37.718779,-122.462401,3
91,0,4,dn10;dn11;dn12,37.78929,-122.426797,3
91,0,5,dn13;dn14;dn15,37.739611,-122.492203,3
91,1,4,dn12,37.78929,-122.426797,1
91,2,4,dn12,37.78929,-122.426797,1
91,3,4,dn12,37.78929,-122.426797,1
91,4,4,dn12,37.78929,-122.426797,1
91,5,4,dn12,37.78929,-122.426797,1
91,7,1,dn3,37.774524,-122.473656,1
91,9,3,dn9,37.718779,-122.462401,1
91,9,5,dn13;dn14,37.739611,-122.492203,2
91,10,1,dn1,37.774524,-122.473656,1
91,11,5,dn15,37.739611,-122.492203,1
91,14,2,dn5,37.751751,-122.410654,1
91,15,5,dn13,37.739611,-122.492203,1
91,16,3,dn7,37.718779,-122.462401,1
91,17,1,dn3,37.774524,-122.473656,1
91,17,2,dn6,37.751751,-122.410654,1
91,17,5,dn14,37.739611,-122.492203,1
91,18,5,dn14,37.739611,-122.492203,1
91,19,5,dn14,37.739611,-122.492203,1
91,20,5,dn14,37.739611,-122.492203,1
91,21,5,dn14,37.739611,-122.492203,1
91,22,5,dn14,37.739611,-122.492203,1
91,23,1,dn3,37.774524,-122.473656,1
91,23,4,dn12,37.78929,-122.426797,1
91,23,5,dn14,37.739611,-122.492203,1
91,24,4,dn10,37.78929,-122.426797,1
91,26,1,dn1,37.774524,-122.473656,1
91,26,2,dn4,37.751751,-122.410654,1
91,26,4,dn11,37.78929,-122.426797,1
91,27,1,dn1,37.774524,-122.473656,1
91,27,2,dn4,37.751751,-122.410654,1
91,27,4,dn11,37.78929,-122.426797,1
91,27,5,dn13;dn15,37.739611,-122.492203,2
91,28,1,dn1,37.774524,-122.473656,1
91,28,3,dn8,37.718779,-122.462401,1
91,28,4,dn11,37.78929,-122.426797,1
91,28,5,dn15,37.739611,-122.492203,1
91,29,1,dn1,37.774524,-122.473656,1
91,29,3,dn8;dn9,37.718779,-122.462401,2
91,29,4,dn11,37.78929,-122.426797,1
91,29,5,dn15,37.739611,-122.492203,1
91,30,1,dn1,37.774524,-122.473656,1
91,30,3,dn8;dn9,37.718779,-122.462401,2
91,30,4,dn11,37.78929,-122.426797,1
91,30,5,dn15,37.739611,-122.492203,1
91,31,1,dn1,37.774524,-122.473656,1
91,31,3,dn8;dn9,37.718779,-122.462401,2
91,31,5,dn15,37.739611,-122.492203,1
91,32,3,dn8;dn9,37.718779,-122.462401,2
91,32,5,dn15,37.739611,-122.492203,1
91,33,3,dn8;dn9,37.718779,-122.462401,2
91,33,5,dn14;dn15,37.739611,-122.492203,2
91,34,1,dn2,37.774524,-122.473656,1
91,34,3,dn8;dn9,37.718779,-122.462401,2
91,34,5,dn14;dn15,37.739611,-122.492203,2
91,35,1,dn2,37.774524,-122.473656,1
91,35,3,dn8;dn9,37.718779,-122.462401,2
91,35,5,dn14;dn15,37.739611,-122.492203,2
91,36,3,dn8;dn9,37.718779,-122.462401,2
91,36,5,dn14;dn15,37.739611,-122.492203,2
91,37,3,dn8;dn9,37.718779,-122.462401,2
91,37,5,dn14;dn15,37.739611,-122.492203,2
91,38,3,dn8;dn9,37.718779,-122.462401,2
91,38,5,dn14;dn15,37.739611,-122.492203,2
91,39,3,dn8;dn9,37.718779,-122.462401,2
91,39,5,dn13;dn14;dn15,37.739611,-122.492203,3
91,40,1,dn1,37.774524,-122.473656,1
91,40,2,dn5,37.751751,-122.410654,1
91,40,3,dn7;dn9,37.718779,-122.462401,2
91,40,5,dn13;dn14;dn15,37.739611,-122.492203,3
91,41,1,dn1,37.774524,-122.473656,1
91,41,3,dn9,37.718779,-122.462401,1
91,41,5,dn13;dn14;dn15,37.739611,-122.492203,3
91,42,1,dn1,37.774524,-122.473656,1
91,42,3,dn9,37.718779,-122.462401,1
91,42,5,dn13;dn14;dn15,37.739611,-122.492203,3
91,43,1,dn1,37.774524,-122.473656,1
91,43,3,dn9,37.718779,-122.462401,1
91,43,5,dn13;dn14;dn15,37.739611,-122.492203,3
91,44,1,dn1,37.774524,-122.473656,1
91,44,3,dn9,37.718779,-122.462401,1
91,44,5,dn13;dn14;dn15,37.739611,-122.492203,3
91,45,3,dn9,37.718779,-122.462401,1
91,45,5,dn13;dn14;dn15,37.739611,-122.492203,3
91,46,5,dn13;dn14;dn15,37.739611,-122.492203,3
91,47,5,dn14;dn15,37.739611,-122.492203,2
91,48,5,dn15,37.739611,-122.492203,1
91,49,2,dn4,37.751751,-122.410654,1
91,49,5,dn15,37.739611,-122.492203,1
91,50,5,dn15,37.739611,-122.492203,1
91,51,5,dn15,37.739611,-122.492203,1
91,52,5,dn15,37.739611,-122.492203,1
91,53,5,dn15,37.739611,-122.492203,1
91,54,5,dn15,37.739611,-122.492203,1
91,55,1,dn1;dn3,37.774524,-122.473656,2
91,55,5,dn15,37.739611,-122.492203,1
91,56,5,dn15,37.739611,-122.492203,1
91,57,3,dn9,37.718779,-122.462401,1
91,57,5,dn15,37.739611,-122.492203,1
91,59,2,dn6,37.751751,-122.410654,1
91,61,5,dn14,37.739611,-122.492203,1
91,62,4,dn10,37.78929,-122.426797,1
91,67,3,dn8,37.718779,-122.462401,1
91,67,4,dn12,37.78929,-122.426797,1
91,68,4,dn12,37.78929,-122.426797,1
91,69,5,dn15,37.739611,-122.492203,1
91,70,5,dn13;dn15,37.739611,-122.492203,2
91,71,5,dn13;dn15,37.739611,-122.492203,2
91,72,5,dn13;dn15,37.739611,-122.492203,2
91,73,5,dn13;dn15,37.739611,-122.492203,2
91,74,5,dn13;dn15,37.739611,-122.492203,2
91,75,1,dn2,37.774524,-122.473656,1
91,75,5,dn13;dn15,37.739611,-122.492203,2
91,76,2,dn5,37.751751,-122.410654,1
91,76,5,dn13;dn15,37.739611,-122.492203,2
91,77,3,dn8,37.718779,-122.462401,1
91,77,5,dn13;dn15,37.739611,-122.492203,2
91,78,5,dn13;dn15,37.739611,-122.492203,2
91,79,5,dn13;dn15,37.739611,-122.492203,2
91,80,5,dn13;dn15,37.739611,-122.492203,2
91,81,5,dn15,37.739611,-122.492203,1
91,82,4,dn11,37.78929,-122.426797,1
91,82,5,dn15,37.739611,-122.492203,1
91,83,1,dn1,37.774524,-122.473656,1
91,83,2,dn4,37.751751,-122.410654,1
91,83,5,dn14,37.739611,-122.492203,1
91,84,2,dn4,37.751751,-122.410654,1
91,84,5,dn14,37.739611,-122.492203,1
91,85,2,dn4,37.751751,-122.410654,1
91,85,5,dn14,37.739611,-122.492203,1
91,86,2,dn4,37.751751,-122.410654,1
91,86,3,dn7,37.718779,-122.462401,1
91,86,5,dn14,37.739611,-122.492203,1
91,87,3,dn7,37.718779,-122.462401,1
91,87,5,dn14,37.739611,-122.492203,1
91,88,3,dn7,37.718779,-122.462401,1
91,88,5,dn13;dn14,37.739611,-122.492203,2
91,89,5,dn13;dn14,37.739611,-122.492203,2
91,90,5,dn14,37.739611,-122.492203,1
91,91,5,dn14,37.739611,-122.492203,1
91,92,5,dn14,37.739611,-122.492203,1
91,95,1,dn3,37.774524,-122.473656,1
91,95,3,dn8;dn9,37.718779,-122.462401,2
91,96,3,dn8;dn9,37.718779,-122.462401,2
91,97,3,dn8;dn9,37.718779,-122.462401,2
91,98,3,dn9,37.718779,-122.462401,1
91,98,5,dn15,37.739611,-122.492203,1
91,99,1,dn2,37.774524,-122.473656,1
91,99,3,dn9,37.718779,-122.462401,1
91,99,5,dn15,37.739611,-122.492203,1
92,0,1,dn1;dn2;dn3,37.774524,-122.473656,3
92,0,2,dn4;dn5;dn6,37.751751,-122.410654,3
92,0,3,dn7;dn8;dn9,37.718779,-122.462401,3
92,0,4,dn10;dn11;dn12,37.78929,-122.426797,3
92,0,5,dn13;dn14;dn15,37.739611,-122.492203,3
92,9,3,dn8,37.718779,-122.462401,1
92,10,5,dn13,37.739611,-122.492203,1
92,11,5,dn15,37.739611,-122.492203,1
92,14,3,dn9,37.718779,-122.462401,1
92,14,5,dn14,37.739611,-122.492203,1
92,19,5,dn15,37.739611,-122.492203,1
92,20,1,dn3,37.774524,-122.473656,1
92,24,1,dn1;dn2,37.774524,-122.473656,2
92,24,2,dn6,37.751751,-122.410654,1
92,24,4,dn11,37.78929,-122.426797,1
92,24,5,dn13,37.739611,-122.492203,1
92,27,3,dn8,37.718779,-122.462401,1
92,30,2,dn4,37.751751,-122.410654,1
92,30,3,dn7,37.718779,-122.462401,1
92,30,5,dn13;dn14,37.739611,-122.492203,2
92,32,1,dn2,37.774524,-122.473656,1
92,34,1,dn1,37.774524,-122.473656,1
92,34,4,dn10,37.78929,-122.426797,1
92,37,3,dn8,37.718779,-122.462401,1
92,38,3,dn9,37.718779,-122.462401,1
92,38,5,dn13,37.739611,-122.492203,1
92,40,5,dn14,37.739611,-122.492203,1
92,42,3,dn7,37.718779,-122.462401,1
92,42,4,dn11;dn12,37.78929,-122.426797,2
92,43,5,dn15,37.739611,-122.492203,1
92,44,5,dn15,37.739611,-122.492203,1
92,45,5,dn15,37.739611,-122.492203,1
92,46,1,dn2,37.774524,-122.473656,1
92,46,5,dn15,37.739611,-122.492203,1
92,47,1,dn2,37.774524,-122.473656,1
92,47,3,dn8,37.718779,-122.462401,1
92,47,5,dn13;dn15,37.739611,-122.492203,2
92,48,1,dn2;dn3,37.774524,-122.473656,2
92,48,2,dn5,37.751751,-122.410654,1
92,48,3,dn9,37.718779,-122.462401,1
92,48,5,dn13;dn15,37.739611,-122.492203,2
92,49,1,dn2;dn3,37.774524,-122.473656,2
92,49,2,dn5,37.751751,-122.410654,1
92,49,3,dn9,37.718779,-122.462401,1
92,49,5,dn13;dn15,37.739611,-122.492203,2
92,50,1,dn2;dn3,37.774524,-122.473656,2
92,50,2,dn5,37.751751,-122.410654,1
92,50,3,dn9,37.718779,-122.462401,1
92,50,5,dn13;dn15,37.739611,-122.492203,2
92,51,1,dn2;dn3,37.774524,-122.473656,2
92,51,2,dn5,37.751751,-122.410654,1
92,51,3,dn9,37.718779,-122.462401,1
92,51,5,dn13;dn15,37.739611,-122.492203,2
92,52,1,dn2;dn3,37.774524,-122.473656,2
92,52,2,dn5,37.751751,-122.410654,1
92,52,3,dn9,37.718779,-122.462401,1
92,52,5,dn13;dn14;dn15,37.739611,-122.492203,3
92,53,1,dn2;dn3,37.774524,-122.473656,2
92,53,3,dn9,37.718779,-122.462401,1
92,53,5,dn13;dn14;dn15,37.739611,-122.492203,3
92,54,1,dn3,37.774524,-122.473656,1
92,54,3,dn9,37.718779,-122.462401,1
92,54,5,dn13;dn14;dn15,37.739611,-122.492203,3
92,55,1,dn3,37.774524,-122.473656,1
92,55,3,dn9,37.718779,-122.462401,1
92,55,5,dn13;dn14;dn15,37.739611,-122.492203,3
92,56,1,dn1;dn3,37.774524,-122.473656,2
92,56,5,dn13;dn14;dn15,37.739611,-122.492203,3
92,57,1,dn1;dn3,37.774524,-122.473656,2
92,57,5,dn14;dn15,37.739611,-122.492203,2
92,58,1,dn1;dn3,37.774524,-122.473656,2
92,58,5,dn14;dn15,37.739611,-122.492203,2
92,59,1,dn1;dn3,37.774524,-122.473656,2
92,59,5,dn14;dn15,37.739611,-122.492203,2
92,60,1,dn1;dn3,37.774524,-122.473656,2
92,60,4,dn11,37.78929,-122.426797,1
92,60,5,dn14;dn15,37.739611,-122.492203,2
92,61,1,dn1;dn3,37.774524,-122.473656,2
92,61,5,dn15,37.739611,-122.492203,1
92,62,1,dn1;dn3,37.774524,-122.473656,2
92,62,5,dn15,37.739611,-122.492203,1
92,63,1,dn1;dn3,37.774524,-122.473656,2
92,63,5,dn15,37.739611,-122.492203,1
92,64,1,dn3,37.774524,-122.473656,1
92,64,5,dn15,37.739611,-122.492203,1
92,65,1,dn3,37.774524,-122.473656,1
92,65,3,dn8,37.718779,-122.462401,1
92,65,5,dn15,37.739611,-122.492203,1
92,66,1,dn3,37.774524,-122.473656,1
92,66,2,dn6,37.751751,-122.410654,1
92,66,3,dn8,37.718779,-122.462401,1
92,66,5,dn15,37.739611,-122.492203,1
92,67,1,dn2,37.774524,-122.473656,1
92,67,3,dn8,37.718779,-122.462401,1
92,67,5,dn15,37.739611,-122.492203,1
92,68,1,dn2,37.774524,-122.473656,1
92,68,3,dn8,37.718779,-122.462401,1
92,68,5,dn15,37.739611,-122.492203,1
92,69,1,dn2,37.774524,-122.473656,1
92,69,3,dn9,37.718779,-122.462401,1
92,69,5,dn15,37.739611,-122.492203,1
92,70,1,dn2,37.774524,-122.473656,1
92,70,3,dn7;dn9,37.718779,-122.462401,2
92,70,4,dn10,37.78929,-122.426797,1
92,70,5,dn15,37.739611,-122.492203,1
92,71,1,dn2,37.774524,-122.473656,1
92,71,3,dn7;dn9,37.718779,-122.462401,2
92,71,4,dn10,37.78929,-122.426797,1
92,71,5,dn13;dn15,37.739611,-122.492203,2
92,72,3,dn7;dn9,37.718779,-122.462401,2
92,72,4,dn10,37.78929,-122.426797,1
92,72,5,dn13;dn15,37.739611,-122.492203,2
92,73,3,dn7;dn9,37.718779,-122.462401,2
92,73,4,dn10,37.78929,-122.426797,1
92,73,5,dn13;dn15,37.739611,-122.492203,2
92,74,2,dn5,37.751751,-122.410654,1
92,74,3,dn7;dn9,37.718779,-122.462401,2
92,74,4,dn10,37.78929,-122.426797,1
92,74,5,dn13;dn15,37.739611,-122.492203,2
92,75,3,dn7;dn9,37.718779,-122.462401,2
92,75,4,dn10,37.78929,-122.426797,1
92,75,5,dn13;dn15,37.739611,-122.492203,2
92,76,2,dn4,37.751751,-122.410654,1
92,76,3,dn7;dn9,37.718779,-122.462401,2
92,76,4,dn10,37.78929,-122.426797,1
92,76,5,dn13;dn15,37.739611,-122.492203,2
92,77,2,dn4,37.751751,-122.410654,1
92,77,3,dn7;dn9,37.718779,-122.462401,2
92,77,4,dn10,37.78929,-122.426797,1
92,77,5,dn13;dn15,37.739611,-122.492203,2
92,78,2,dn4,37.751751,-122.410654,1
92,78,3,dn7;dn9,37.718779,-122.462401,2
92,78,4,dn10,37.78929,-122.426797,1
92,78,5,dn14;dn15,37.739611,-122.492203,2
92,79,2,dn6,37.751751,-122.410654,1
92,79,3,dn7;dn9,37.718779,-122.462401,2
92,79,4,dn10,37.78929,-122.426797,1
92,79,5,dn14;dn15,37.739611,-122.492203,2
92,80,2,dn6,37.751751,-122.410654,1
92,80,3,dn7;dn9,37.718779,-122.462401,2
92,80,4,dn10,37.78929,-122.426797,1
92,80,5,dn14;dn15,37.739611,-122.492203,2
92,81,1,dn3,37.774524,-122.473656,1
92,81,2,dn6,37.751751,-122.410654,1
92,81,3,dn7;dn9,37.718779,-122.462401,2
92,81,4,dn10,37.78929,-122.426797,1
92,81,5,dn14;dn15,37.739611,-122.492203,2
92,82,1,dn3,37.774524,-122.473656,1
92,82,2,dn6,37.751751,-122.410654,1
92,82,3,dn7;dn9,37.718779,-122.462401,2
92,82,4,dn10,37.78929,-122.426797,1
92,82,5,dn14;dn15,37.739611,-122.492203,2
92,83,2,dn6,37.751751,-122.410654,1
92,83,3,dn7;dn9,37.718779,-122.462401,2
92,83,4,dn10,37.78929,-122.426797,1
92,83,5,dn14;dn15,37.739611,-122.492203,2
92,84,3,dn7;dn9,37.718779,-122.462401,2
92,84,4,dn10,37.78929,-122.426797,1
92,84,5,dn14;dn15,37.739611,-122.492203,2
92,85,1,dn1;dn2,37.774524,-122.473656,2
92,85,3,dn7;dn9,37.718779,-122.462401,2
92,85,5,dn14;dn15,37.739611,-122.492203,2
92,86,1,dn1;dn2,37.774524,-122.473656,2
92,86,3,dn7;dn9,37.718779,-122.462401,2
92,86,5,dn14;dn15,37.739611,-122.492203,2
92,87,1,dn1;dn2,37.774524,-122.473656,2
92,87,3,dn7;dn9,37.718779,-122.462401,2
92,87,5,dn14;dn15,37.739611,-122.492203,2
92,88,1,dn1;dn2,37.774524,-122.473656,2
92,88,3,dn9,37.718779,-122.462401,1
92,88,5,dn14;dn15,37.739611,-122.492203,2
92,89,1,dn1;dn2,37.774524,-122.473656,2
92,89,3,dn9,37.718779,-122.462401,1
92,89,5,dn14;dn15,37.739611,-122.492203,2
92,90,1,dn2,37.774524,-122.473656,1
92,90,3,dn9,37.718779,-122.462401,1
92,90,5,dn14;dn15,37.739611,-122.492203,2
92,91,1,dn2,37.774524,-122.473656,1
92,91,3,dn9,37.718779,-122.462401,1
92,91,5,dn14;dn15,37.739611,-122.492203,2
92,92,1,dn2,37.774524,-122.473656,1
92,92,5,dn14;dn15,37.739611,-122.492203,2
92,93,5,dn14;dn15,37.739611,-122.492203,2
92,94,4,dn12,37.78929,-122.426797,1
92,94,5,dn14;dn15,37.739611,-122.492203,2
92,95,1,dn3,37.774524,-122.473656,1
92,95,4,dn12,37.78929,-122.426797,1
92,95,5,dn13;dn14;dn15,37.739611,-122.492203,3
92,96,1,dn3,37.774524,-122.473656,1
92,96,4,dn12,37.78929,-122.426797,1
92,96,5,dn13;dn14;dn15,37.739611,-122.492203,3
92,97,1,dn3,37.774524,-122.473656,1
92,97,4,dn12,37.78929,-122.426797,1
92,97,5,dn13;dn14;dn15,37.739611,-122.492203,3
92,98,1,dn3,37.774524,-122.473656,1
92,98,4,dn12,37.78929,-122.426797,1
92,98,5,dn13;dn14;dn15,37.739611,-122.492203,3
92,99,4,dn12,37.78929,-122.426797,1
92,99,5,dn13;dn14;dn15,37.739611,-122.492203,3
93,0,1,dn1;dn2;dn3,37.774524,-122.473656,3
93,0,2,dn4;dn5;dn6,37.751751,-122.410654,3
93,0,3,dn7;dn8;dn9,37.718779,-122.462401,3
93,0,4,dn10;dn11;dn12,37.78929,-122.426797,3
93,0,5,dn13;dn14;dn15,37.739611,-122.492203,3
93,7,3,dn7,37.718779,-122.462401,1
93,9,3,dn8,37.718779,-122.462401,1
93,9,5,dn13,37.739611,-122.492203,1
93,10,1,dn1,37.774524,-122.473656,1
93,12,5,dn14,37.739611,-122.492203,1
93,15,3,dn9,37.718779,-122.462401,1
93,15,5,dn15,37.739611,-122.492203,1
93,16,1,dn3,37.774524,-122.473656,1
93,21,3,dn8,37.718779,-122.462401,1
93,21,5,dn13,37.739611,-122.492203,1
93,22,1,dn2,37.774524,-122.473656,1
93,24,1,dn1,37.774524,-122.473656,1
93,24,2,dn4,37.751751,-122.410654,1
93,26,2,dn5,37.751751,-122.410654,1
93,28,5,dn14,37.739611,-122.492203,1
93,30,1,dn3,37.774524,-122.473656,1
93,30,2,dn6,37.751751,-122.410654,1
93,30,4,dn12,37.78929,-122.426797,1
93,31,3,dn7,37.718779,-122.462401,1
93,33,5,dn15,37.739611,-122.492203,1
93,34,4,dn10;dn11,37.78929,-122.426797,2
93,34,5,dn15,37.739611,-122.492203,1
93,35,5,dn15,37.739611,-122.492203,1
93,36,5,dn15,37.739611,-122.492203,1
93,37,5,dn13,37.739611,-122.492203,1
93,40,1,dn3,37.774524,-122.473656,1
93,41,3,dn7;dn8;dn9,37.718779,-122.462401,3
93,42,3,dn8;dn9,37.718779,-122.462401,2
93,43,3,dn8;dn9,37.718779,-122.462401,2
93,44,3,dn8;dn9,37.718779,-122.462401,2
93,45,3,dn8;dn9,37.718779,-122.462401,2
93,46,1,dn2,37.774524,-122.473656,1
93,46,3,dn8;dn9,37.718779,-122.462401,2
93,46,5,dn13,37.739611,-122.492203,1
93,47,3,dn8;dn9,37.718779,-122.462401,2
93,47,5,dn13,37.739611,-122.492203,1
93,48,3,dn8;dn9,37.718779,-122.462401,2
93,48,4,dn12,37.78929,-122.426797,1
93,48,5,dn13,37.739611,-122.492203,1
93,49,3,dn8;dn9,37.718779,-122.462401,2
93,49,5,dn13,37.739611,-122.492203,1
93,50,3,dn8;dn9,37.718779,-122.462401,2
93,50,5,dn13;dn15,37.739611,-122.492203,2
93,51,3,dn8;dn9,37.718779,-122.462401,2
93,51,5,dn13;dn15,37.739611,-122.492203,2
93,52,2,dn4,37.751751,-122.410654,1
93,52,3,dn9,37.718779,-122.462401,1
93,52,5,dn13;dn15,37.739611,-122.492203,2
93,53,2,dn4,37.751751,-122.410654,1
93,53,5,dn13;dn15,37.739611,-122.492203,2
93,54,1,dn1,37.774524,-122.473656,1
93,54,3,dn7,37.718779,-122.462401,1
93,54,4,dn10,37.78929,-122.426797,1
93,54,5,dn13;dn15,37.739611,-122.492203,2
93,55,1,dn1,37.774524,-122.473656,1
93,55,3,dn7,37.718779,-122.462401,1
93,55,5,dn13;dn15,37.739611,-122.492203,2
93,56,1,dn1,37.774524,-122.473656,1
93,56,2,dn6,37.751751,-122.410654,1
93,56,5,dn13;dn15,37.739611,-122.492203,2
93,57,2,dn6,37.751751,-122.410654,1
93,57,5,dn13;dn15,37.739611,-122.492203,2
93,58,2,dn6,37.751751,-122.410654,1
93,58,5,dn15,37.739611,-122.492203,1
93,59,5,dn15,37.739611,-122.492203,1
93,60,5,dn14;dn15,37.739611,-122.492203,2
93,61,5,dn15,37.739611,-122.492203,1
93,62,5,dn15,37.739611,-122.492203,1
93,65,3,dn9,37.718779,-122.462401,1
93,67,3,dn7,37.718779,-122.462401,1
93,68,3,dn7,37.718779,-122.462401,1
93,69,3,dn7,37.718779,-122.462401,1
93,70,3,dn7,37.718779,-122.462401,1
93,71,5,dn14,37.739611,-122.492203,1
93,72,4,dn12,37.78929,-122.426797,1
93,72,5,dn13,37.739611,-122.492203,1
93,73,5,dn13;dn15,37.739611,-122.492203,2
93,74,1,dn1;dn3,37.774524,-122.473656,2
93,74,5,dn13;dn15,37.739611,-122.492203,2
93,75,1,dn1;dn3,37.774524,-122.473656,2
93,75,5,dn13;dn15,37.739611,-122.492203,2
93,76,1,dn1;dn3,37.774524,-122.473656,2
93,76,2,dn5,37.751751,-122.410654,1
93,76,5,dn13;dn15,37.739611,-122.492203,2
93,77,1,dn3,37.774524,-122.473656,1
93,77,2,dn5,37.751751,-122.410654,1
93,77,5,dn13;dn15,37.739611,-122.492203,2
93,78,2,dn5,37.751751,-122.410654,1
93,78,5,dn13;dn15,37.739611,-122.492203,2
93,79,5,dn13;dn15,37.739611,-122.492203,2
93,80,3,dn7,37.718779,-122.462401,1
93,80,5,dn13;dn14;dn15,37.739611,-122.492203,3
93,81,3,dn7,37.718779,-122.462401,1
93,81,5,dn13;dn14;dn15,37.739611,-122.492203,3
93,82,1,dn2,37.774524,-122.473656,1
93,82,3,dn7,37.718779,-122.462401,1
93,82,4,dn11,37.78929,-122.426797,1
93,82,5,dn13;dn14;dn15,37.739611,-122.492203,3
93,83,3,dn7,37.718779,-122.462401,1
93,83,4,dn11,37.78929,-122.426797,1
93,83,5,dn13;dn14;dn15,37.739611,-122.492203,3
93,84,3,dn7,37.718779,-122.462401,1
93,84,4,dn11,37.78929,-122.426797,1
93,84,5,dn13;dn14;dn15,37.739611,-122.492203,3
93,85,2,dn4,37.751751,-122.410654,1
93,85,3,dn8,37.718779,-122.462401,1
93,85,4,dn11,37.78929,-122.426797,1
93,85,5,dn13;dn14;dn15,37.739611,-122.492203,3
93,86,2,dn4,37.751751,-122.410654,1
93,86,3,dn8,37.718779,-122.462401,1
93,86,4,dn10;dn11,37.78929,-122.426797,2
93,86,5,dn13;dn14;dn15,37.739611,-122.492203,3
93,87,2,dn4,37.751751,-122.410654,1
93,87,3,dn8,37.718779,-122.462401,1
93,87,4,dn10;dn11,37.78929,-122.426797,2
93,87,5,dn13;dn14;dn15,37.739611,-122.492203,3
93,88,2,dn4,37.751751,-122.410654,1
93,88,3,dn8,37.718779,-122.462401,1
93,88,4,dn10;dn11,37.78929,-122.426797,2
93,88,5,dn13;dn14;dn15,37.739611,-122.492203,3
93,89,2,dn4,37.751751,-122.410654,1
93,89,4,dn10;dn11,37.78929,-122.426797,2
93,89,5,dn13;dn14;dn15,37.739611,-122.492203,3
93,90,4,dn10;dn11,37.78929,-122.426797,2
93,90,5,dn13;dn14;dn15,37.739611,-122.492203,3
93,91,4,dn10;dn11,37.78929,-122.426797,2
93,91,5,dn13;dn14;dn15,37.739611,-122.492203,3
93,92,4,dn10;dn11,37.78929,-122.426797,2
93,92,5,dn13;dn14;dn15,37.739611,-122.492203,3
93,93,4,dn11,37.78929,-122.426797,1
93,93,5,dn13;dn14;dn15,37.739611,-122.492203,3
93,94,4,dn11,37.78929,-122.426797,1
93,94,5,dn13;dn14;dn15,37.739611,-122.492203,3
93,95,3,dn9,37.718779,-122.462401,1
93,95,4,dn11,37.78929,-122.426797,1
93,95,5,dn13;dn14;dn15,37.739611,-122.492203,3
93,96,1,dn3,37.774524,-122.473656,1
93,96,4,dn11,37.78929,-122.426797,1
93,96,5,dn13;dn14;dn15,37.739611,-122.492203,3
93,97,1,dn3,37.774524,-122.473656,1
93,97,4,dn11,37.78929,-122.426797,1
93,97,5,dn13;dn14;dn15,37.739611,-122.492203,3
93,98,2,dn6,37.751751,-122.410654,1
93,98,4,dn11,37.78929,-122.426797,1
93,98,5,dn13;dn14;dn15,37.739611,-122.492203,3
93,99,5,dn13;dn14;dn15,37.739611,-122.492203,3
94,0,1,dn1;dn2;dn3,37.774524,-122.473656,3
94,0,2,dn4;dn5;dn6,37.751751,-122.410654,3
94,0,3,dn7;dn8;dn9,37.718779,-122.462401,3
94,0,4,dn10;dn11;dn12,37.78929,-122.426797,3
94,0,5,dn13;dn14;dn15,37.739611,-122.492203,3
94,7,5,dn13,37.739611,-122.492203,1
94,15,3,dn9,37.718779,-122.462401,1
94,17,4,dn12,37.78929,-122.426797,1
94,18,1,dn1;dn3,37.774524,-122.473656,2
94,18,5,dn14,37.739611,-122.492203,1
94,19,5,dn13,37.739611,-122.492203,1
94,20,3,dn7,37.718779,-122.462401,1
94,20,4,dn11,37.78929,-122.426797,1
94,20,5,dn13,37.739611,-122.492203,1
94,21,4,dn11,37.78929,-122.426797,1
94,21,5,dn13,37.739611,-122.492203,1
94,22,1,dn2,37.774524,-122.473656,1
94,22,2,dn4,37.751751,-122.410654,1
94,22,3,dn8,37.718779,-122.462401,1
94,22,4,dn11,37.78929,-122.426797,1
94,22,5,dn13,37.739611,-122.492203,1
94,23,1,dn2,37.774524,-122.473656,1
94,23,2,dn4,37.751751,-122.410654,1
94,23,3,dn8,37.718779,-122.462401,1
94,23,4,dn11,37.78929,-122.426797,1
94,23,5,dn13,37.739611,-122.492203,1
94,24,1,dn2,37.774524,-122.473656,1
94,24,2,dn4,37.751751,-122.410654,1
94,24,3,dn8,37.718779,-122.462401,1
94,24,4,dn11,37.78929,-122.426797,1
94,24,5,dn13,37.739611,-122.492203,1
94,25,2,dn4,37.751751,-122.410654,1
94,25,3,dn8,37.718779,-122.462401,1
94,25,4,dn11,37.78929,-122.426797,1
94,25,5,dn13,37.739611,-122.492203,1
94,26,2,dn4,37.751751,-122.410654,1
94,26,3,dn8,37.718779,-122.462401,1
94,26,4,dn10;dn11,37.78929,-122.426797,2
94,26,5,dn13;dn15,37.739611,-122.492203,2
94,27,2,dn4,37.751751,-122.410654,1
94,27,3,dn8,37.718779,-122.462401,1
94,27,4,dn11,37.78929,-122.426797,1
94,27,5,dn13;dn15,37.739611,-122.492203,2
94,28,3,dn8,37.718779,-122.462401,1
94,28,4,dn11,37.78929,-122.426797,1
94,28,5,dn13;dn15,37.739611,-122.492203,2
94,29,3,dn8;dn9,37.718779,-122.462401,2
94,29,4,dn11,37.78929,-122.426797,1
94,29,5,dn13;dn15,37.739611,-122.492203,2
94,30,1,dn3,37.774524,-122.473656,1
94,30,3,dn8;dn9,37.718779,-122.462401,2
94,30,4,dn11,37.78929,-122.426797,1
94,30,5,dn13;dn15,37.739611,-122.492203,2
94,31,3,dn8;dn9,37.718779,-122.462401,2
94,31,4,dn11,37.78929,-122.426797,1
94,31,5,dn13;dn15,37.739611,-122.492203,2
94,32,3,dn8;dn9,37.718779,-122.462401,2
94,32,4,dn11,37.78929,-122.426797,1
94,32,5,dn13;dn15,37.739611,-122.492203,2
94,33,1,dn2,37.774524,-122.473656,1
94,33,3,dn8;dn9,37.718779,-122.462401,2
94,33,4,dn11,37.78929,-122.426797,1
94,33,5,dn13;dn14;dn15,37.739611,-122.492203,3
94,34,1,dn2,37.774524,-122.473656,1
94,34,3,dn8;dn9,37.718779,-122.462401,2
94,34,4,dn11,37.78929,-122.426797,1
94,34,5,dn13;dn14;dn15,37.739611,-122.492203,3
94,35,3,dn8;dn9,37.718779,-122.462401,2
94,35,4,dn11,37.78929,-122.426797,1
94,35,5,dn13;dn14;dn15,37.739611,-122.492203,3
94,36,3,dn8;dn9,37.718779,-122.462401,2
94,36,4,dn11,37.78929,-122.426797,1
94,36,5,dn13;dn14;dn15,37.739611,-122.492203,3
94,37,3,dn8;dn9,37.718779,-122.462401,2
94,37,4,dn11,37.78929,-122.426797,1
94,37,5,dn13;dn14;dn15,37.739611,-122.492203,3
94,38,2,dn5,37.751751,-122.410654,1
94,38,3,dn7;dn8;dn9,37.718779,-122.462401,3
94,38,5,dn13;dn14;dn15,37.739611,-122.492203,3
94,39,2,dn5,37.751751,-122.410654,1
94,39,3,dn7;dn8;dn9,37.718779,-122.462401,3
94,39,5,dn13;dn14;dn15,37.739611,-122.492203,3
94,40,2,dn5,37.751751,-122.410654,1
94,40,3,dn7;dn8;dn9,37.718779,-122.462401,3
94,40,5,dn13;dn14;dn15,37.739611,-122.492203,3
94,41,2,dn5,37.751751,-122.410654,1
94,41,3,dn7;dn8;dn9,37.718779,-122.462401,3
94,41,4,dn10,37.78929,-122.426797,1
94,41,5,dn13;dn14;dn15,37.739611,-122.492203,3
94,42,1,dn3,37.774524,-122.473656,1
94,42,2,dn5,37.751751,-122.410654,1
94,42,3,dn7;dn8;dn9,37.718779,-122.462401,3
94,42,4,dn10,37.78929,-122.426797,1
94,42,5,dn13;dn14;dn15,37.739611,-122.492203,3
94,43,1,dn3,37.774524,-122.473656,1
94,43,3,dn7;dn8;dn9,37.718779,-122.462401,3
94,43,4,dn10,37.78929,-122.426797,1
94,43,5,dn13;dn14;dn15,37.739611,-122.492203,3
94,44,3,dn7;dn8;dn9,37.718779,-122.462401,3
94,44,4,dn10,37.78929,-122.426797,1
94,44,5,dn13;dn14;dn15,37.739611,-122.492203,3
94,45,3,dn8;dn9,37.718779,-122.462401,2
94,45,4,dn10,37.78929,-122.426797,1
94,45,5,dn13;dn14;dn15,37.739611,-122.492203,3
94,46,1,dn1;dn2,37.774524,-122.473656,2
94,46,2,dn6,37.751751,-122.410654,1
94,46,3,dn8;dn9,37.718779,-122.462401,2
94,46,5,dn13;dn14;dn15,37.739611,-122.492203,3
94,47,1,dn1;dn2,37.774524,-122.473656,2
94,47,3,dn8;dn9,37.718779,-122.462401,2
94,47,5,dn13;dn14;dn15,37.739611,-122.492203,3
94,48,1,dn2,37.774524,-122.473656,1
94,48,3,dn8;dn9,37.718779,-122.462401,2
94,48,5,dn13;dn14;dn15,37.739611,-122.492203,3
94,49,1,dn2,37.774524,-122.473656,1
94,49,3,dn8;dn9,37.718779,-122.462401,2
94,49,5,dn13;dn14;dn15,37.739611,-122.492203,3
94,50,1,dn2,37.774524,-122.473656,1
94,50,3,dn8;dn9,37.718779,-122.462401,2
94,50,5,dn13;dn14;dn15,37.739611,-122.492203,3
94,51,1,dn2,37.774524,-122.473656,1
94,51,3,dn8;dn9,37.718779,-122.462401,2
94,51,4,dn12,37.78929,-122.426797,1
94,51,5,dn13;dn14;dn15,37.739611,-122.492203,3
94,52,1,dn2,37.774524,-122.473656,1
94,52,3,dn8;dn9,37.718779,-122.462401,2
94,52,5,dn13;dn14;dn15,37.739611,-122.492203,3
94,53,1,dn2,37.774524,-122.473656,1
94,53,3,dn8;dn9,37.718779,-122.462401,2
94,53,4,dn11,37.78929,-122.426797,1
94,53,5,dn13;dn14;dn15,37.739611,-122.492203,3
94,54,1,dn2,37.774524,-122.473656,1
94,54,3,dn8;dn9,37.718779,-122.462401,2
94,54,4,dn11,37.78929,-122.426797,1
94,54,5,dn13;dn14;dn15,37.739611,-122.492203,3
94,55,3,dn8;dn9,37.718779,-122.462401,2
94,55,4,dn11,37.78929,-122.426797,1
94,55,5,dn13;dn14;dn15,37.739611,-122.492203,3
94,56,3,dn9,37.718779,-122.462401,1
94,56,4,dn11,37.78929,-122.426797,1
94,56,5,dn13;dn14;dn15,37.739611,-122.492203,3
94,57,3,dn9,37.718779,-122.462401,1
94,57,4,dn11,37.78929,-122.426797,1
94,57,5,dn13;dn14;dn15,37.739611,-122.492203,3
94,58,2,dn6,37.751751,-122.410654,1
94,58,3,dn9,37.718779,-122.462401,1
94,58,4,dn11,37.78929,-122.426797,1
94,58,5,dn13;dn14;dn15,37.739611,-122.492203,3
94,59,3,dn9,37.718779,-122.462401,1
94,59,4,dn11,37.78929,-122.426797,1
94,59,5,dn13;dn14;dn15,37.739611,-122.492203,3
94,60,4,dn11,37.78929,-122.426797,1
94,60,5,dn13;dn14;dn15,37.739611,-122.492203,3
94,61,4,dn11,37.78929,-122.426797,1
94,61,5,dn13;dn14;dn15,37.739611,-122.492203,3
94,62,5,dn13;dn14;dn15,37.739611,-122.492203,3
94,63,2,dn4,37.751751,-122.410654,1
94,63,5,dn13;dn14;dn15,37.739611,-122.492203,3
94,64,2,dn4,37.751751,-122.410654,1
94,64,5,dn13;dn14;dn15,37.739611,-122.492203,3
94,65,1,dn1,37.774524,-122.473656,1
94,65,2,dn4,37.751751,-122.410654,1
94,65,5,dn13;dn14;dn15,37.739611,-122.492203,3
94,66,2,dn4,37.751751,-122.410654,1
94,66,3,dn8,37.718779,-122.462401,1
94,66,5,dn13;dn14;dn15,37.739611,-122.492203,3
94,67,3,dn8,37.718779,-122.462401,1
94,67,4,dn12,37.78929,-122.426797,1
94,67,5,dn13;dn14;dn15,37.739611,-122.492203,3
94,68,2,dn6,37.751751,-122.410654,1
94,68,3,dn8,37.718779,-122.462401,1
94,68,4,dn12,37.78929,-122.426797,1
94,68,5,dn13;dn14;dn15,37.739611,-122.492203,3
94,69,1,dn3,37.774524,-122.473656,1
94,69,3,dn8,37.718779,-122.462401,1
94,69,4,dn12,37.78929,-122.426797,1
94,69,5,dn13;dn14;dn15,37.739611,-122.492203,3
94,70,3,dn8;dn9,37.718779,-122.462401,2
94,70,4,dn12,37.78929,-122.426797,1
94,70,5,dn13;dn14;dn15,37.739611,-122.492203,3
94,71,3,dn8;dn9,37.718779,-122.462401,2
94,71,4,dn12,37.78929,-122.426797,1
94,71,5,dn13;dn14;dn15,37.739611,-122.492203,3
94,72,3,dn7;dn8;dn9,37.718779,-122.462401,3
94,72,5,dn13;dn14;dn15,37.739611,-122.492203,3
94,73,3,dn7;dn8;dn9,37.718779,-122.462401,3
94,73,5,dn13;dn14;dn15,37.739611,-122.492203,3
94,74,3,dn7;dn8;dn9,37.718779,-122.462401,3
94,74,5,dn13;dn14;dn15,37.739611,-122.492203,3
94,75,3,dn7;dn8;dn9,37.718779,-122.462401,3
94,75,5,dn13;dn14;dn15,37.739611,-122.492203,3
94,76,2,dn5,37.751751,-122.410654,1
94,76,3,dn7;dn8;dn9,37.718779,-122.462401,3
94,76,5,dn13;dn14;dn15,37.739611,-122.492203,3
94,77,2,dn5,37.751751,-122.410654,1
94,77,3,dn7;dn8;dn9,37.718779,-122.462401,3
94,77,5,dn13;dn14;dn15,37.739611,-122.492203,3
94,78,3,dn7;dn8;dn9,37.718779,-122.462401,3
94,78,5,dn13;dn14;dn15,37.739611,-122.492203,3
94,79,3,dn7;dn8;dn9,37.718779,-122.462401,3
94,79,5,dn14;dn15,37.739611,-122.492203,2
94,80,2,dn4,37.751751,-122.410654,1
94,80,3,dn7;dn8;dn9,37.718779,-122.462401,3
94,80,5,dn14;dn15,37.739611,-122.492203,2
94,81,1,dn3,37.774524,-122.473656,1
94,81,2,dn4,37.751751,-122.410654,1
94,81,3,dn7;dn8;dn9,37.718779,-122.462401,3
94,81,5,dn14;dn15,37.739611,-122.492203,2
94,82,1,dn3,37.774524,-122.473656,1
94,82,2,dn4,37.751751,-122.410654,1
94,82,3,dn7;dn8;dn9,37.718779,-122.462401,3
94,82,5,dn14;dn15,37.739611,-122.492203,2
94,83,1,dn3,37.774524,-122.473656,1
94,83,2,dn4,37.751751,-122.410654,1
94,83,3,dn7;dn8;dn9,37.718779,-122.462401,3
94,83,4,dn10,37.78929,-122.426797,1
94,83,5,dn14;dn15,37.739611,-122.492203,2
94,84,2,dn4,37.751751,-122.410654,1
94,84,3,dn7;dn8;dn9,37.718779,-122.462401,3
94,84,4,dn10,37.78929,-122.426797,1
94,84,5,dn14;dn15,37.739611,-122.492203,2
94,85,2,dn4,37.751751,-122.410654,1
94,85,3,dn7;dn8;dn9,37.718779,-122.462401,3
94,85,4,dn10,37.78929,-122.426797,1
94,85,5,dn14;dn15,37.739611,-122.492203,2
94,86,2,dn4,37.751751,-122.410654,1
94,86,3,dn7;dn8;dn9,37.718779,-122.462401,3
94,86,4,dn10;dn12,37.78929,-122.426797,2
94,86,5,dn14;dn15,37.739611,-122.492203,2
94,87,3,dn7;dn8;dn9,37.718779,-122.462401,3
94,87,4,dn10;dn11;dn12,37.78929,-122.426797,3
94,87,5,dn14;dn15,37.739611,-122.492203,2
94,88,1,dn2,37.774524,-122.473656,1
94,88,3,dn8;dn9,37.718779,-122.462401,2
94,88,4,dn10;dn11;dn12,37.78929,-122.426797,3
94,88,5,dn14;dn15,37.739611,-122.492203,2
94,89,1,dn2,37.774524,-122.473656,1
94,89,3,dn8;dn9,37.718779,-122.462401,2
94,89,4,dn10;dn11;dn12,37.78929,-122.426797,3
94,89,5,dn14;dn15,37.739611,-122.492203,2
94,90,1,dn2,37.774524,-122.473656,1
94,90,3,dn8;dn9,37.718779,-122.462401,2
94,90,4,dn10;dn11;dn12,37.78929,-122.426797,3
94,90,5,dn14;dn15,37.739611,-122.492203,2
94,91,1,dn2,37.774524,-122.473656,1
94,91,3,dn8;dn9,37.718779,-122.462401,2
94,91,4,dn10;dn11;dn12,37.78929,-122.426797,3
94,91,5,dn14;dn15,37.739611,-122.492203,2
94,92,3,dn8;dn9,37.718779,-122.462401,2
94,92,4,dn10;dn11;dn12,37.78929,-122.426797,3
94,92,5,dn14;dn15,37.739611,-122.492203,2
94,93,1,dn3,37.774524,-122.473656,1
94,93,3,dn8;dn9,37.718779,-122.462401,2
94,93,4,dn10;dn11;dn12,37.78929,-122.426797,3
94,93,5,dn14;dn15,37.739611,-122.492203,2
94,94,1,dn3,37.774524,-122.473656,1
94,94,2,dn4,37.751751,-122.410654,1
94,94,3,dn8;dn9,37.718779,-122.462401,2
94,94,4,dn10;dn11;dn12,37.78929,-122.426797,3
94,94,5,dn14;dn15,37.739611,-122.492203,2
94,95,1,dn3,37.774524,-122.473656,1
94,95,2,dn4,37.751751,-122.410654,1
94,95,3,dn8;dn9,37.718779,-122.462401,2
94,95,4,dn10;dn11;dn12,37.78929,-122.426797,3
94,95,5,dn14;dn15,37.739611,-122.492203,2
94,96,1,dn3,37.774524,-122.473656,1
94,96,2,dn4,37.751751,-122.410654,1
94,96,3,dn8;dn9,37.718779,-122.462401,2
94,96,4,dn10;dn11;dn12,37.78929,-122.426797,3
94,96,5,dn13;dn14;dn15,37.739611,-122.492203,3
94,97,1,dn3,37.774524,-122.473656,1
94,97,2,dn4,37.751751,-122.410654,1
94,97,3,dn8;dn9,37.718779,-122.462401,2
94,97,4,dn10;dn11;dn12,37.78929,-122.426797,3
94,97,5,dn13;dn14;dn15,37.739611,-122.492203,3
94,98,1,dn3,37.774524,-122.473656,1
94,98,2,dn4,37.751751,-122.410654,1
94,98,3,dn8;dn9,37.718779,-122.462401,2
94,98,4,dn10;dn11;dn12,37.78929,-122.426797,3
94,98,5,dn13;dn14;dn15,37.739611,-122.492203,3
94,99,2,dn4,37.751751,-122.410654,1
94,99,3,dn8;dn9,37.718779,-122.462401,2
94,99,4,dn10;dn11;dn12,37.78929,-122.426797,3
94,99,5,dn13;dn14;dn15,37.739611,-122.492203,3
95,0,1,dn1;dn2;dn3,37.774524,-122.473656,3
95,0,2,dn4;dn5;dn6,37.751751,-122.410654,3
95,0,3,dn7;dn8;dn9,37.718779,-122.462401,3
95,0,4,dn10;dn11;dn12,37.78929,-122.426797,3
95,0,5,dn13;dn14;dn15,37.739611,-122.492203,3
95,9,3,dn9,37.718779,-122.462401,1
95,11,5,dn13,37.739611,-122.492203,1
95,13,1,dn3,37.774524,-122.473656,1
95,13,5,dn15,37.739611,-122.492203,1
95,16,1,dn2,37.774524,-122.473656,1
95,16,2,dn5,37.751751,-122.410654,1
95,16,3,dn7,37.718779,-122.462401,1
95,16,5,dn14,37.739611,-122.492203,1
95,20,3,dn8,37.718779,-122.462401,1
95,24,5,dn14,37.739611,-122.492203,1
95,27,3,dn9,37.718779,-122.462401,1
95,30,3,dn8,37.718779,-122.462401,1
95,33,1,dn3,37.774524,-122.473656,1
95,33,5,dn13,37.739611,-122.492203,1
95,34,1,dn1,37.774524,-122.473656,1
95,34,2,dn6,37.751751,-122.410654,1
95,34,4,dn10;dn11,37.78929,-122.426797,2
95,35,4,dn10;dn11,37.78929,-122.426797,2
95,36,4,dn10;dn11,37.78929,-122.426797,2
95,37,3,dn9,37.718779,-122.462401,1
95,37,4,dn10;dn11,37.78929,-122.426797,2
95,38,1,dn2,37.774524,-122.473656,1
95,38,3,dn9,37.718779,-122.462401,1
95,38,4,dn11,37.78929,-122.426797,1
95,38,5,dn14,37.739611,-122.492203,1
95,39,1,dn2,37.774524,-122.473656,1
95,39,3,dn9,37.718779,-122.462401,1
95,39,4,dn11,37.78929,-122.426797,1
95,39,5,dn14,37.739611,-122.492203,1
95,40,3,dn9,37.718779,-122.462401,1
95,40,4,dn11,37.78929,-122.426797,1
95,40,5,dn14,37.739611,-122.492203,1
95,41,3,dn9,37.718779,-122.462401,1
95,41,4,dn11,37.78929,-122.426797,1
95,41,5,dn14,37.739611,-122.492203,1
95,42,3,dn9,37.718779,-122.462401,1
95,42,4,dn11;dn12,37.78929,-122.426797,2
95,42,5,dn13;dn14,37.739611,-122.492203,2
95,43,3,dn9,37.718779,-122.462401,1
95,43,4,dn11;dn12,37.78929,-122.426797,2
95,43,5,dn13;dn14,37.739611,-122.492203,2
95,44,1,dn1,37.774524,-122.473656,1
95,44,4,dn11;dn12,37.78929,-122.426797,2
95,44,5,dn13;dn14,37.739611,-122.492203,2
95,45,1,dn1,37.774524,-122.473656,1
95,45,4,dn11;dn12,37.78929,-122.426797,2
95,45,5,dn13;dn14,37.739611,-122.492203,2
95,46,1,dn1,37.774524,-122.473656,1
95,46,4,dn11;dn12,37.78929,-122.426797,2
95,46,5,dn13;dn14,37.739611,-122.492203,2
95,47,1,dn1,37.774524,-122.473656,1
95,47,4,dn11;dn12,37.78929,-122.426797,2
95,47,5,dn13;dn14;dn15,37.739611,-122.492203,3
95,48,1,dn1,37.774524,-122.473656,1
95,48,4,dn11;dn12,37.78929,-122.426797,2
95,48,5,dn13;dn14;dn15,37.739611,-122.492203,3
95,49,1,dn1;dn3,37.774524,-122.473656,2
95,49,4,dn11;dn12,37.78929,-122.426797,2
95,49,5,dn13;dn14;dn15,37.739611,-122.492203,3
95,50,1,dn1;dn3,37.774524,-122.473656,2
95,50,2,dn4,37.751751,-122.410654,1
95,50,4,dn11;dn12,37.78929,-122.426797,2
95,50,5,dn13;dn14;dn15,37.739611,-122.492203,3
95,51,1,dn1;dn3,37.774524,-122.473656,2
95,51,4,dn12,37.78929,-122.426797,1
95,51,5,dn13;dn14;dn15,37.739611,-122.492203,3
95,52,1,dn1;dn3,37.774524,-122.473656,2
95,52,2,dn5,37.751751,-122.410654,1
95,52,4,dn12,37.78929,-122.426797,1
95,52,5,dn14;dn15,37.739611,-122.492203,2
95,53,1,dn1;dn3,37.774524,-122.473656,2
95,53,4,dn12,37.78929,-122.426797,1
95,53,5,dn15,37.739611,-122.492203,1
95,54,1,dn3,37.774524,-122.473656,1
95,54,3,dn7;dn8,37.718779,-122.462401,2
95,54,4,dn12,37.78929,-122.426797,1
95,54,5,dn15,37.739611,-122.492203,1
95,55,3,dn7;dn8,37.718779,-122.462401,2
95,55,4,dn12,37.78929,-122.426797,1
95,55,5,dn15,37.739611,-122.492203,1
95,56,3,dn7;dn8,37.718779,-122.462401,2
95,56,4,dn10;dn12,37.78929,-122.426797,2
95,56,5,dn15,37.739611,-122.492203,1
95,57,3,dn7;dn8;dn9,37.718779,-122.462401,3
95,57,4,dn12,37.78929,-122.426797,1
95,57,5,dn15,37.739611,-122.492203,1
95,58,3,dn7;dn8;dn9,37.718779,-122.462401,3
95,58,5,dn15,37.739611,-122.492203,1
95,59,3,dn8;dn9,37.718779,-122.462401,2
95,59,5,dn15,37.739611,-122.492203,1
95,60,3,dn8;dn9,37.718779,-122.462401,2
95,60,5,dn15,37.739611,-122.492203,1
95,61,3,dn8;dn9,37.718779,-122.462401,2
95,61,5,dn15,37.739611,-122.492203,1
95,62,3,dn9,37.718779,-122.462401,1
95,62,5,dn15,37.739611,-122.492203,1
95,63,1,dn1,37.774524,-122.473656,1
95,63,3,dn9,37.718779,-122.462401,1
95,63,5,dn15,37.739611,-122.492203,1
95,64,5,dn15,37.739611,-122.492203,1
95,65,5,dn13;dn15,37.739611,-122.492203,2
95,66,2,dn6,37.751751,-122.410654,1
95,66,3,dn7,37.718779,-122.462401,1
95,66,5,dn15,37.739611,-122.492203,1
95,67,3,dn7,37.718779,-122.462401,1
95,67,5,dn15,37.739611,-122.492203,1
95,68,3,dn7,37.718779,-122.462401,1
95,68,5,dn15,37.739611,-122.492203,1
95,69,3,dn7,37.718779,-122.462401,1
95,69,5,dn15,37.739611,-122.492203,1
95,70,3,dn7,37.718779,-122.462401,1
95,70,5,dn15,37.739611,-122.492203,1
95,71,3,dn7,37.718779,-122.462401,1
95,71,5,dn15,37.739611,-122.492203,1
95,72,5,dn15,37.739611,-122.492203,1
95,73,1,dn2,37.774524,-122.473656,1
95,73,4,dn10,37.78929,-122.426797,1
95,73,5,dn15,37.739611,-122.492203,1
95,74,1,dn2,37.774524,-122.473656,1
95,74,4,dn10,37.78929,-122.426797,1
95,74,5,dn14;dn15,37.739611,-122.492203,2
95,75,1,dn2,37.774524,-122.473656,1
95,75,4,dn10,37.78929,-122.426797,1
95,75,5,dn15,37.739611,-122.492203,1
95,76,1,dn2,37.774524,-122.473656,1
95,76,4,dn10,37.78929,-122.426797,1
95,76,5,dn15,37.739611,-122.492203,1
95,77,4,dn10,37.78929,-122.426797,1
95,77,5,dn15,37.739611,-122.492203,1
95,78,4,dn10,37.78929,-122.426797,1
95,79,3,dn9,37.718779,-122.462401,1
95,79,4,dn10,37.78929,-122.426797,1
95,80,1,dn3,37.774524,-122.473656,1
95,80,3,dn9,37.718779,-122.462401,1
95,80,4,dn10,37.78929,-122.426797,1
95,81,1,dn3,37.774524,-122.473656,1
95,81,3,dn8;dn9,37.718779,-122.462401,2
95,81,4,dn10,37.78929,-122.426797,1
95,82,3,dn8;dn9,37.718779,-122.462401,2
95,82,4,dn10;dn11,37.78929,-122.426797,2
95,83,3,dn8;dn9,37.718779,-122.462401,2
95,83,4,dn11,37.78929,-122.426797,1
95,83,5,dn13,37.739611,-122.492203,1
95,84,3,dn8;dn9,37.718779,-122.462401,2
95,84,4,dn11,37.78929,-122.426797,1
95,84,5,dn13;dn14,37.739611,-122.492203,2
95,85,3,dn8;dn9,37.718779,-122.462401,2
95,85,4,dn11,37.78929,-122.426797,1
95,85,5,dn13;dn14,37.739611,-122.492203,2
95,86,3,dn8;dn9,37.718779,-122.462401,2
95,86,4,dn11,37.78929,-122.426797,1
95,86,5,dn13;dn14,37.739611,-122.492203,2
95,87,3,dn8;dn9,37.718779,-122.462401,2
95,87,4,dn11,37.78929,-122.426797,1
95,87,5,dn13;dn14,37.739611,-122.492203,2
95,88,3,dn8;dn9,37.718779,-122.462401,2
95,88,5,dn13;dn14,37.739611,-122.492203,2
95,89,3,dn8;dn9,37.718779,-122.462401,2
95,89,5,dn13;dn14;dn15,37.739611,-122.492203,3
95,90,2,dn4;dn5,37.751751,-122.410654,2
95,90,3,dn8;dn9,37.718779,-122.462401,2
95,90,5,dn13;dn14;dn15,37.739611,-122.492203,3
95,91,2,dn5,37.751751,-122.410654,1
95,91,3,dn8;dn9,37.718779,-122.462401,2
95,91,5,dn13;dn14;dn15,37.739611,-122.492203,3
95,92,2,dn5,37.751751,-122.410654,1
95,92,3,dn8;dn9,37.718779,-122.462401,2
95,92,5,dn13;dn14;dn15,37.739611,-122.492203,3
95,93,1,dn2,37.774524,-122.473656,1
95,93,3,dn8;dn9,37.718779,-122.462401,2
95,93,5,dn13;dn14;dn15,37.739611,-122.492203,3
95,94,3,dn8;dn9,37.718779,-122.462401,2
95,94,5,dn13;dn14;dn15,37.739611,-122.492203,3
95,95,1,dn1,37.774524,-122.473656,1
95,95,3,dn8;dn9,37.718779,-122.462401,2
95,95,5,dn13;dn14;dn15,37.739611,-122.492203,3
95,96,3,dn8;dn9,37.718779,-122.462401,2
95,96,5,dn13;dn14;dn15,37.739611,-122.492203,3
95,97,3,dn9,37.718779,-122.462401,1
95,97,5,dn13;dn14;dn15,37.739611,-122.492203,3
95,98,3,dn9,37.718779,-122.462401,1
95,98,5,dn13;dn14;dn15,37.739611,-122.492203,3
95,99,1,dn3,37.774524,-122.473656,1
95,99,3,dn9,37.718779,-122.462401,1
95,99,5,dn13;dn14;dn15,37.739611,-122.492203,3
96,0,1,dn1;dn2;dn3,37.774524,-122.473656,3
96,0,2,dn4;dn5;dn6,37.751751,-122.410654,3
96,0,3,dn7;dn8;dn9,37.718779,-122.462401,3
96,0,4,dn10;dn11;dn12,37.78929,-122.426797,3
96,0,5,dn13;dn14;dn15,37.739611,-122.492203,3
96,7,3,dn7,37.718779,-122.462401,1
96,10,1,dn3,37.774524,-122.473656,1
96,14,1,dn1,37.774524,-122.473656,1
96,14,5,dn13;dn15,37.739611,-122.492203,2
96,22,4,dn12,37.78929,-122.426797,1
96,24,2,dn5,37.751751,-122.410654,1
96,26,5,dn14,37.739611,-122.492203,1
96,27,3,dn7,37.718779,-122.462401,1
96,28,2,dn6,37.751751,-122.410654,1
96,28,3,dn8;dn9,37.718779,-122.462401,2
96,30,1,dn2,37.774524,-122.473656,1
96,30,4,dn11,37.78929,-122.426797,1
96,30,5,dn15,37.739611,-122.492203,1
96,32,1,dn3,37.774524,-122.473656,1
96,32,5,dn13,37.739611,-122.492203,1
96,33,5,dn13,37.739611,-122.492203,1
96,36,2,dn5,37.751751,-122.410654,1
96,38,4,dn12,37.78929,-122.426797,1
96,38,5,dn14,37.739611,-122.492203,1
96,39,3,dn7,37.718779,-122.462401,1
96,39,5,dn14,37.739611,-122.492203,1
96,40,3,dn7;dn8,37.718779,-122.462401,2
96,40,5,dn14,37.739611,-122.492203,1
96,41,3,dn7;dn8,37.718779,-122.462401,2
96,41,5,dn14,37.739611,-122.492203,1
96,42,1,dn1,37.774524,-122.473656,1
96,42,3,dn7;dn8,37.718779,-122.462401,2
96,42,5,dn14,37.739611,-122.492203,1
96,43,3,dn8,37.718779,-122.462401,1
96,43,5,dn14,37.739611,-122.492203,1
96,44,5,dn14;dn15,37.739611,-122.492203,2
96,45,5,dn14;dn15,37.739611,-122.492203,2
96,46,2,dn4,37.751751,-122.410654,1
96,46,4,dn11,37.78929,-122.426797,1
96,46,5,dn15,37.739611,-122.492203,1
96,47,4,dn11,37.78929,-122.426797,1
96,47,5,dn13;dn15,37.739611,-122.492203,2
96,48,4,dn11,37.78929,-122.426797,1
96,48,5,dn13;dn15,37.739611,-122.492203,2
96,49,4,dn11,37.78929,-122.426797,1
96,49,5,dn15,37.739611,-122.492203,1
96,50,4,dn11,37.78929,-122.426797,1
96,50,5,dn15,37.739611,-122.492203,1
96,51,4,dn11,37.78929,-122.426797,1
96,52,2,dn6,37.751751,-122.410654,1
96,52,4,dn11,37.78929,-122.426797,1
96,53,4,dn11,37.78929,-122.426797,1
96,54,4,dn10;dn11,37.78929,-122.426797,2
96,55,4,dn10;dn11,37.78929,-122.426797,2
96,56,4,dn10;dn11,37.78929,-122.426797,2
96,56,5,dn14,37.739611,-122.492203,1
96,57,4,dn10;dn11,37.78929,-122.426797,2
96,58,4,dn10;dn11,37.78929,-122.426797,2
96,59,4,dn10;dn11,37.78929,-122.426797,2
96,60,3,dn9,37.718779,-122.462401,1
96,60,4,dn10;dn11,37.78929,-122.426797,2
96,61,4,dn11,37.78929,-122.426797,1
96,62,4,dn11,37.78929,-122.426797,1
96,63,3,dn8,37.718779,-122.462401,1
96,63,4,dn11,37.78929,-122.426797,1
96,63,5,dn13,37.739611,-122.492203,1
96,64,1,dn1;dn2;dn3,37.774524,-122.473656,3
96,64,4,dn11,37.78929,-122.426797,1
96,65,1,dn2;dn3,37.774524,-122.473656,2
96,65,4,dn11,37.78929,-122.426797,1
96,65,5,dn15,37.739611,-122.492203,1
96,66,1,dn2;dn3,37.774524,-122.473656,2
96,66,4,dn11,37.78929,-122.426797,1
96,66,5,dn15,37.739611,-122.492203,1
96,67,1,dn2;dn3,37.774524,-122.473656,2
96,67,4,dn11,37.78929,-122.426797,1
96,67,5,dn15,37.739611,-122.492203,1
96,68,1,dn2;dn3,37.774524,-122.473656,2
96,68,2,dn6,37.751751,-122.410654,1
96,68,4,dn11,37.78929,-122.426797,1
96,68,5,dn15,37.739611,-122.492203,1
96,69,1,dn2;dn3,37.774524,-122.473656,2
96,69,4,dn11,37.78929,-122.426797,1
96,69,5,dn15,37.739611,-122.492203,1
96,70,1,dn2;dn3,37.774524,-122.473656,2
96,70,2,dn5,37.751751,-122.410654,1
96,70,4,dn11;dn12,37.78929,-122.426797,2
96,70,5,dn15,37.739611,-122.492203,1
96,71,1,dn2;dn3,37.774524,-122.473656,2
96,71,4,dn11;dn12,37.78929,-122.426797,2
96,71,5,dn15,37.739611,-122.492203,1
96,72,1,dn2;dn3,37.774524,-122.473656,2
96,72,4,dn11;dn12,37.78929,-122.426797,2
96,72,5,dn15,37.739611,-122.492203,1
96,73,1,dn2;dn3,37.774524,-122.473656,2
96,73,4,dn11;dn12,37.78929,-122.426797,2
96,73,5,dn15,37.739611,-122.492203,1
96,74,1,dn2;dn3,37.774524,-122.473656,2
96,74,4,dn11;dn12,37.78929,-122.426797,2
96,74,5,dn15,37.739611,-122.492203,1
96,75,1,dn2;dn3,37.774524,-122.473656,2
96,75,4,dn11;dn12,37.78929,-122.426797,2
96,75,5,dn15,37.739611,-122.492203,1
96,76,1,dn2;dn3,37.774524,-122.473656,2
96,76,3,dn9,37.718779,-122.462401,1
96,76,4,dn11;dn12,37.78929,-122.426797,2
96,76,5,dn14;dn15,37.739611,-122.492203,2
96,77,1,dn3,37.774524,-122.473656,1
96,77,4,dn10;dn11;dn12,37.78929,-122.426797,3
96,77,5,dn14;dn15,37.739611,-122.492203,2
96,78,3,dn7,37.718779,-122.462401,1
96,78,4,dn10;dn11;dn12,37.78929,-122.426797,3
96,78,5,dn14;dn15,37.739611,-122.492203,2
96,79,4,dn10;dn11;dn12,37.78929,-122.426797,3
96,79,5,dn15,37.739611,-122.492203,1
96,80,1,dn1,37.774524,-122.473656,1
96,80,4,dn10;dn11;dn12,37.78929,-122.426797,3
96,80,5,dn15,37.739611,-122.492203,1
96,81,1,dn1,37.774524,-122.473656,1
96,81,4,dn10;dn11;dn12,37.78929,-122.426797,3
96,81,5,dn15,37.739611,-122.492203,1
96,82,1,dn1,37.774524,-122.473656,1
96,82,4,dn10;dn11;dn12,37.78929,-122.426797,3
96,83,1,dn1,37.774524,-122.473656,1
96,83,4,dn10;dn11;dn12,37.78929,-122.426797,3
96,84,1,dn1,37.774524,-122.473656,1
96,84,4,dn10;dn11;dn12,37.78929,-122.426797,3
96,85,4,dn10;dn11;dn12,37.78929,-122.426797,3
96,86,4,dn10;dn11;dn12,37.78929,-122.426797,3
96,87,4,dn10;dn11;dn12,37.78929,-122.426797,3
96,88,4,dn10;dn11;dn12,37.78929,-122.426797,3
96,89,4,dn10;dn11;dn12,37.78929,-122.426797,3
96,89,5,dn13,37.739611,-122.492203,1
96,90,4,dn11;dn12,37.78929,-122.426797,2
96,91,4,dn11;dn12,37.78929,-122.426797,2
96,92,4,dn11;dn12,37.78929,-122.426797,2
96,93,4,dn11;dn12,37.78929,-122.426797,2
96,93,5,dn14,37.739611,-122.492203,1
96,94,4,dn12,37.78929,-122.426797,1
96,95,4,dn12,37.78929,-122.426797,1
96,96,2,dn5,37.751751,-122.410654,1
96,96,4,dn12,37.78929,-122.426797,1
96,97,4,dn12,37.78929,-122.426797,1
96,98,1,dn2,37.774524,-122.473656,1
97,0,1,dn1;dn2;dn3,37.774524,-122.473656,3
97,0,2,dn4;dn5;dn6,37.751751,-122.410654,3
97,0,3,dn7;dn8;dn9,37.718779,-122.462401,3
97,0,4,dn10;dn11;dn12,37.78929,-122.426797,3
97,0,5,dn13;dn14;dn15,37.739611,-122.492203,3
97,8,5,dn14,37.739611,-122.492203,1
97,9,5,dn13,37.739611,-122.492203,1
97,10,3,dn7,37.718779,-122.462401,1
97,12,5,dn15,37.739611,-122.492203,1
97,13,3,dn9,37.718779,-122.462401,1
97,14,1,dn2,37.774524,-122.473656,1
97,16,4,dn12,37.78929,-122.426797,1
97,17,1,dn1,37.774524,-122.473656,1
97,18,5,dn14,37.739611,-122.492203,1
97,19,5,dn13,37.739611,-122.492203,1
97,22,2,dn4,37.751751,-122.410654,1
97,24,3,dn8,37.718779,-122.462401,1
97,24,4,dn10;dn11,37.78929,-122.426797,2
97,25,4,dn11,37.78929,-122.426797,1
97,26,1,dn3,37.774524,-122.473656,1
97,26,4,dn11,37.78929,-122.426797,1
97,27,4,dn11,37.78929,-122.426797,1
97,28,4,dn11,37.78929,-122.426797,1
97,29,5,dn13,37.739611,-122.492203,1
97,30,2,dn5,37.751751,-122.410654,1
97,30,3,dn7,37.718779,-122.462401,1
97,31,3,dn9,37.718779,-122.462401,1
97,32,5,dn14;dn15,37.739611,-122.492203,2
97,33,5,dn14;dn15,37.739611,-122.492203,2
97,34,1,dn2,37.774524,-122.473656,1
97,34,5,dn14;dn15,37.739611,-122.492203,2
97,35,1,dn2,37.774524,-122.473656,1
97,35,5,dn14;dn15,37.739611,-122.492203,2
97,36,5,dn14;dn15,37.739611,-122.492203,2
97,37,5,dn14;dn15,37.739611,-122.492203,2
97,38,2,dn6,37.751751,-122.410654,1
97,38,5,dn15,37.739611,-122.492203,1
97,39,5,dn15,37.739611,-122.492203,1
97,40,5,dn15,37.739611,-122.492203,1
97,41,5,dn15,37.739611,-122.492203,1
97,42,5,dn15,37.739611,-122.492203,1
97,43,1,dn1,37.774524,-122.473656,1
97,43,5,dn15,37.739611,-122.492203,1
97,44,1,dn1,37.774524,-122.473656,1
97,44,3,dn8,37.718779,-122.462401,1
97,44,4,dn11,37.78929,-122.426797,1
97,44,5,dn15,37.739611,-122.492203,1
97,45,1,dn1,37.774524,-122.473656,1
97,45,3,dn8,37.718779,-122.462401,1
97,45,4,dn11,37.78929,-122.426797,1
97,45,5,dn13;dn15,37.739611,-122.492203,2
97,46,3,dn8,37.718779,-122.462401,1
97,46,4,dn11,37.78929,-122.426797,1
97,46,5,dn13;dn15,37.739611,-122.492203,2
97,47,3,dn8,37.718779,-122.462401,1
97,47,5,dn13;dn15,37.739611,-122.492203,2
97,48,5,dn13;dn15,37.739611,-122.492203,2
97,49,5,dn13;dn15,37.739611,-122.492203,2
97,50,5,dn13;dn15,37.739611,-122.492203,2
97,51,1,dn2,37.774524,-122.473656,1
97,51,5,dn13;dn15,37.739611,-122.492203,2
97,52,1,dn2,37.774524,-122.473656,1
97,52,2,dn4,37.751751,-122.410654,1
97,52,4,dn10,37.78929,-122.426797,1
97,52,5,dn13;dn15,37.739611,-122.492203,2
97,53,1,dn2,37.774524,-122.473656,1
97,53,2,dn4,37.751751,-122.410654,1
97,53,4,dn10,37.78929,-122.426797,1
97,53,5,dn13;dn15,37.739611,-122.492203,2
97,54,1,dn2;dn3,37.774524,-122.473656,2
97,54,2,dn4,37.751751,-122.410654,1
97,54,4,dn10;dn12,37.78929,-122.426797,2
97,54,5,dn13;dn15,37.739611,-122.492203,2
97,55,1,dn2;dn3,37.774524,-122.473656,2
97,55,2,dn4,37.751751,-122.410654,1
97,55,4,dn10;dn12,37.78929,-122.426797,2
97,55,5,dn15,37.739611,-122.492203,1
97,56,1,dn2;dn3,37.774524,-122.473656,2
97,56,4,dn10;dn12,37.78929,-122.426797,2
97,56,5,dn15,37.739611,-122.492203,1
97,57,1,dn2;dn3,37.774524,-122.473656,2
97,57,4,dn10;dn12,37.78929,-122.426797,2
97,57,5,dn15,37.739611,-122.492203,1
97,58,1,dn3,37.774524,-122.473656,1
97,58,2,dn6,37.751751,-122.410654,1
97,58,4,dn10;dn12,37.78929,-122.426797,2
97,58,5,dn15,37.739611,-122.492203,1
97,59,1,dn1;dn3,37.774524,-122.473656,2
97,59,2,dn6,37.751751,-122.410654,1
97,59,4,dn10;dn12,37.78929,-122.426797,2
97,59,5,dn14;dn15,37.739611,-122.492203,2
97,60,1,dn1;dn3,37.774524,-122.473656,2
97,60,2,dn6,37.751751,-122.410654,1
97,60,4,dn10;dn12,37.78929,-122.426797,2
97,60,5,dn14;dn15,37.739611,-122.492203,2
97,61,1,dn1;dn3,37.774524,-122.473656,2
97,61,2,dn6,37.751751,-122.410654,1
97,61,3,dn8,37.718779,-122.462401,1
97,61,4,dn10;dn12,37.78929,-122.426797,2
97,61,5,dn14;dn15,37.739611,-122.492203,2
97,62,1,dn1;dn3,37.774524,-122.473656,2
97,62,2,dn6,37.751751,-122.410654,1
97,62,3,dn8,37.718779,-122.462401,1
97,62,4,dn10;dn12,37.78929,-122.426797,2
97,62,5,dn14;dn15,37.739611,-122.492203,2
97,63,1,dn1;dn3,37.774524,-122.473656,2
97,63,2,dn6,37.751751,-122.410654,1
97,63,3,dn8;dn9,37.718779,-122.462401,2
97,63,4,dn10;dn12,37.78929,-122.426797,2
97,63,5,dn14;dn15,37.739611,-122.492203,2
97,64,1,dn1;dn3,37.774524,-122.473656,2
97,64,2,dn6,37.751751,-122.410654,1
97,64,3,dn7;dn8;dn9,37.718779,-122.462401,3
97,64,4,dn10;dn12,37.78929,-122.426797,2
97,64,5,dn14;dn15,37.739611,-122.492203,2
97,65,1,dn1;dn3,37.774524,-122.473656,2
97,65,2,dn6,37.751751,-122.410654,1
97,65,3,dn7;dn8;dn9,37.718779,-122.462401,3
97,65,4,dn10;dn12,37.78929,-122.426797,2
97,65,5,dn14;dn15,37.739611,-122.492203,2
97,66,1,dn1;dn3,37.774524,-122.473656,2
97,66,2,dn5;dn6,37.751751,-122.410654,2
97,66,3,dn7;dn8;dn9,37.718779,-122.462401,3
97,66,4,dn10;dn12,37.78929,-122.426797,2
97,66,5,dn14;dn15,37.739611,-122.492203,2
97,67,1,dn1;dn2;dn3,37.774524,-122.473656,3
97,67,2,dn6,37.751751,-122.410654,1
97,67,3,dn7;dn8;dn9,37.718779,-122.462401,3
97,67,4,dn10;dn12,37.78929,-122.426797,2
97,67,5,dn14;dn15,37.739611,-122.492203,2
97,68,1,dn1;dn2;dn3,37.774524,-122.473656,3
97,68,3,dn7;dn8;dn9,37.718779,-122.462401,3
97,68,4,dn10;dn12,37.78929,-122.426797,2
97,68,5,dn14;dn15,37.739611,-122.492203,2
97,69,1,dn1;dn2;dn3,37.774524,-122.473656,3
97,69,3,dn7;dn8;dn9,37.718779,-122.462401,3
97,69,4,dn10;dn12,37.78929,-122.426797,2
97,69,5,dn14;dn15,37.739611,-122.492203,2
97,70,1,dn2;dn3,37.774524,-122.473656,2
97,70,3,dn7;dn8;dn9,37.718779,-122.462401,3
97,70,4,dn10;dn12,37.78929,-122.426797,2
97,70,5,dn14;dn15,37.739611,-122.492203,2
97,71,1,dn2;dn3,37.774524,-122.473656,2
97,71,3,dn7;dn8;dn9,37.718779,-122.462401,3
97,71,4,dn10;dn12,37.78929,-122.426797,2
97,71,5,dn14;dn15,37.739611,-122.492203,2
97,72,1,dn3,37.774524,-122.473656,1
97,72,3,dn7;dn8;dn9,37.718779,-122.462401,3
97,72,4,dn10;dn11;dn12,37.78929,-122.426797,3
97,72,5,dn14;dn15,37.739611,-122.492203,2
97,73,1,dn3,37.774524,-122.473656,1
97,73,3,dn7;dn8;dn9,37.718779,-122.462401,3
97,73,4,dn10;dn11;dn12,37.78929,-122.426797,3
97,73,5,dn14;dn15,37.739611,-122.492203,2
97,74,3,dn7;dn8;dn9,37.718779,-122.462401,3
97,74,4,dn10;dn11;dn12,37.78929,-122.426797,3
97,74,5,dn14;dn15,37.739611,-122.492203,2
97,75,3,dn7;dn8;dn9,37.718779,-122.462401,3
97,75,4,dn10;dn11;dn12,37.78929,-122.426797,3
97,75,5,dn14;dn15,37.739611,-122.492203,2
97,76,3,dn7;dn8;dn9,37.718779,-122.462401,3
97,76,4,dn10;dn11;dn12,37.78929,-122.426797,3
97,76,5,dn14;dn15,37.739611,-122.492203,2
97,77,3,dn7;dn8;dn9,37.718779,-122.462401,3
97,77,4,dn10;dn11;dn12,37.78929,-122.426797,3
97,77,5,dn14;dn15,37.739611,-122.492203,2
97,78,3,dn7;dn8;dn9,37.718779,-122.462401,3
97,78,4,dn10;dn11;dn12,37.78929,-122.426797,3
97,78,5,dn13;dn14;dn15,37.739611,-122.492203,3
97,79,3,dn7;dn8;dn9,37.718779,-122.462401,3
97,79,4,dn10;dn11;dn12,37.78929,-122.426797,3
97,79,5,dn13;dn14;dn15,37.739611,-122.492203,3
97,80,1,dn1,37.774524,-122.473656,1
97,80,3,dn8;dn9,37.718779,-122.462401,2
97,80,4,dn10;dn11;dn12,37.78929,-122.426797,3
97,80,5,dn13;dn14;dn15,37.739611,-122.492203,3
97,81,1,dn1,37.774524,-122.473656,1
97,81,3,dn8;dn9,37.718779,-122.462401,2
97,81,4,dn10;dn11;dn12,37.78929,-122.426797,3
97,81,5,dn13;dn14;dn15,37.739611,-122.492203,3
97,82,3,dn8;dn9,37.718779,-122.462401,2
97,82,4,dn10;dn11;dn12,37.78929,-122.426797,3
97,82,5,dn13;dn14;dn15,37.739611,-122.492203,3
97,83,3,dn9,37.718779,-122.462401,1
97,83,4,dn10;dn11;dn12,37.78929,-122.426797,3
97,83,5,dn13;dn14;dn15,37.739611,-122.492203,3
97,84,3,dn9,37.718779,-122.462401,1
97,84,4,dn10;dn11;dn12,37.78929,-122.426797,3
97,84,5,dn13;dn14;dn15,37.739611,-122.492203,3
97,85,2,dn6,37.751751,-122.410654,1
97,85,3,dn9,37.718779,-122.462401,1
97,85,4,dn10;dn11;dn12,37.78929,-122.426797,3
97,85,5,dn13;dn14;dn15,37.739611,-122.492203,3
97,86,2,dn6,37.751751,-122.410654,1
97,86,3,dn9,37.718779,-122.462401,1
97,86,4,dn10;dn11;dn12,37.78929,-122.426797,3
97,86,5,dn13;dn14;dn15,37.739611,-122.492203,3
97,87,2,dn6,37.751751,-122.410654,1
97,87,3,dn9,37.718779,-122.462401,1
97,87,4,dn10;dn11;dn12,37.78929,-122.426797,3
97,87,5,dn13;dn14;dn15,37.739611,-122.492203,3
97,88,2,dn6,37.751751,-122.410654,1
97,88,3,dn9,37.718779,-122.462401,1
97,88,4,dn10;dn11;dn12,37.78929,-122.426797,3
97,88,5,dn13;dn14;dn15,37.739611,-122.492203,3
97,89,3,dn9,37.718779,-122.462401,1
97,89,4,dn10;dn11;dn12,37.78929,-122.426797,3
97,89,5,dn13;dn14;dn15,37.739611,-122.492203,3
97,90,3,dn9,37.718779,-122.462401,1
97,90,4,dn10;dn11;dn12,37.78929,-122.426797,3
97,90,5,dn13;dn14;dn15,37.739611,-122.492203,3
97,91,1,dn3,37.774524,-122.473656,1
97,91,3,dn7;dn9,37.718779,-122.462401,2
97,91,4,dn11;dn12,37.78929,-122.426797,2
97,91,5,dn13;dn14;dn15,37.739611,-122.492203,3
97,92,1,dn3,37.774524,-122.473656,1
97,92,3,dn7;dn9,37.718779,-122.462401,2
97,92,4,dn11;dn12,37.78929,-122.426797,2
97,92,5,dn13;dn14;dn15,37.739611,-122.492203,3
97,93,3,dn7;dn9,37.718779,-122.462401,2
97,93,4,dn11;dn12,37.78929,-122.426797,2
97,93,5,dn13;dn14;dn15,37.739611,-122.492203,3
97,94,3,dn7;dn9,37.718779,-122.462401,2
97,94,4,dn12,37.78929,-122.426797,1
97,94,5,dn13;dn14;dn15,37.739611,-122.492203,3
97,95,3,dn7;dn9,37.718779,-122.462401,2
97,95,5,dn13;dn14;dn15,37.739611,-122.492203,3
97,96,3,dn7;dn9,37.718779,-122.462401,2
97,96,5,dn13;dn14;dn15,37.739611,-122.492203,3
97,97,3,dn7;dn9,37.718779,-122.462401,2
97,97,5,dn13;dn14;dn15,37.739611,-122.492203,3
97,98,2,dn5,37.751751,-122.410654,1
97,98,3,dn7;dn8;dn9,37.718779,-122.462401,3
97,98,5,dn13;dn14;dn15,37.739611,-122.492203,3
97,99,1,dn1,37.774524,-122.473656,1
97,99,3,dn7;dn8;dn9,37.718779,-122.462401,3
97,99,5,dn13;dn14;dn15,37.739611,-122.492203,3
98,0,1,dn1;dn2;dn3,37.774524,-122.473656,3
98,0,2,dn4;dn5;dn6,37.751751,-122.410654,3
98,0,3,dn7;dn8;dn9,37.718779,-122.462401,3
98,0,4,dn10;dn11;dn12,37.78929,-122.426797,3
98,0,5,dn13;dn14;dn15,37.739611,-122.492203,3
98,8,5,dn13,37.739611,-122.492203,1
98,9,1,dn2,37.774524,-122.473656,1
98,9,5,dn15,37.739611,-122.492203,1
98,10,5,dn14,37.739611,-122.492203,1
98,12,3,dn7,37.718779,-122.462401,1
98,15,5,dn15,37.739611,-122.492203,1
98,16,5,dn13;dn15,37.739611,-122.492203,2
98,17,1,dn3,37.774524,-122.473656,1
98,17,5,dn13;dn15,37.739611,-122.492203,2
98,18,5,dn13;dn15,37.739611,-122.492203,2
98,19,1,dn2,37.774524,-122.473656,1
98,19,5,dn13;dn15,37.739611,-122.492203,2
98,20,2,dn6,37.751751,-122.410654,1
98,20,5,dn13;dn15,37.739611,-122.492203,2
98,21,5,dn13;dn15,37.739611,-122.492203,2
98,22,1,dn1,37.774524,-122.473656,1
98,22,5,dn13;dn15,37.739611,-122.492203,2
98,23,5,dn13;dn15,37.739611,-122.492203,2
98,24,2,dn4,37.751751,-122.410654,1
98,24,3,dn7;dn9,37.718779,-122.462401,2
98,24,5,dn13;dn15,37.739611,-122.492203,2
98,25,3,dn7;dn9,37.718779,-122.462401,2
98,25,5,dn13;dn15,37.739611,-122.492203,2
98,26,3,dn8;dn9,37.718779,-122.462401,2
98,26,5,dn13;dn15,37.739611,-122.492203,2
98,27,3,dn9,37.718779,-122.462401,1
98,27,5,dn13;dn15,37.739611,-122.492203,2
98,28,5,dn13;dn15,37.739611,-122.492203,2
98,29,5,dn13;dn15,37.739611,-122.492203,2
98,30,5,dn15,37.739611,-122.492203,1
98,31,5,dn15,37.739611,-122.492203,1
98,32,4,dn11;dn12,37.78929,-122.426797,2
98,32,5,dn15,37.739611,-122.492203,1
98,33,5,dn15,37.739611,-122.492203,1
98,34,5,dn15,37.739611,-122.492203,1
98,35,5,dn15,37.739611,-122.492203,1
98,36,5,dn15,37.739611,-122.492203,1
98,37,5,dn15,37.739611,-122.492203,1
98,38,3,dn8,37.718779,-122.462401,1
98,38,4,dn10,37.78929,-122.426797,1
98,38,5,dn15,37.739611,-122.492203,1
98,39,3,dn8;dn9,37.718779,-122.462401,2
98,39,5,dn15,37.739611,-122.492203,1
98,40,2,dn5,37.751751,-122.410654,1
98,40,3,dn7;dn8;dn9,37.718779,-122.462401,3
98,40,5,dn15,37.739611,-122.492203,1
98,41,3,dn7;dn8;dn9,37.718779,-122.462401,3
98,41,5,dn15,37.739611,-122.492203,1
98,42,3,dn7;dn8;dn9,37.718779,-122.462401,3
98,42,5,dn14;dn15,37.739611,-122.492203,2
98,43,1,dn2,37.774524,-122.473656,1
98,43,3,dn7;dn8;dn9,37.718779,-122.462401,3
98,43,5,dn14;dn15,37.739611,-122.492203,2
98,44,3,dn7;dn8;dn9,37.718779,-122.462401,3
98,44,5,dn14;dn15,37.739611,-122.492203,2
98,45,3,dn7;dn8;dn9,37.718779,-122.462401,3
98,45,5,dn14;dn15,37.739611,-122.492203,2
98,46,3,dn7;dn8;dn9,37.718779,-122.462401,3
98,46,5,dn14;dn15,37.739611,-122.492203,2
98,47,3,dn7;dn8;dn9,37.718779,-122.462401,3
98,47,5,dn14;dn15,37.739611,-122.492203,2
98,48,3,dn7;dn8;dn9,37.718779,-122.462401,3
98,48,5,dn14;dn15,37.739611,-122.492203,2
98,49,3,dn7;dn8;dn9,37.718779,-122.462401,3
98,49,5,dn15,37.739611,-122.492203,1
98,50,3,dn7;dn8;dn9,37.718779,-122.462401,3
98,51,3,dn8;dn9,37.718779,-122.462401,2
98,52,1,dn1,37.774524,-122.473656,1
98,52,3,dn8;dn9,37.718779,-122.462401,2
98,53,3,dn8;dn9,37.718779,-122.462401,2
98,54,3,dn8;dn9,37.718779,-122.462401,2
98,54,4,dn12,37.78929,-122.426797,1
98,55,1,dn3,37.774524,-122.473656,1
98,55,3,dn8;dn9,37.718779,-122.462401,2
98,56,3,dn9,37.718779,-122.462401,1
98,57,3,dn9,37.718779,-122.462401,1
98,58,3,dn9,37.718779,-122.462401,1
98,59,3,dn9,37.718779,-122.462401,1
98,60,2,dn4,37.751751,-122.410654,1
98,60,3,dn9,37.718779,-122.462401,1
98,60,5,dn14,37.739611,-122.492203,1
98,61,3,dn9,37.718779,-122.462401,1
98,61,5,dn13;dn14,37.739611,-122.492203,2
98,62,3,dn9,37.718779,-122.462401,1
98,62,5,dn13;dn14,37.739611,-122.492203,2
98,63,1,dn2,37.774524,-122.473656,1
98,63,3,dn9,37.718779,-122.462401,1
98,63,5,dn13;dn14,37.739611,-122.492203,2
98,64,3,dn7;dn9,37.718779,-122.462401,2
98,64,5,dn13;dn14,37.739611,-122.492203,2
98,65,3,dn9,37.718779,-122.462401,1
98,65,5,dn13;dn14,37.739611,-122.492203,2
98,66,2,dn6,37.751751,-122.410654,1
98,66,3,dn9,37.718779,-122.462401,1
98,66,5,dn13;dn14,37.739611,-122.492203,2
98,67,3,dn9,37.718779,-122.462401,1
98,67,5,dn13;dn14,37.739611,-122.492203,2
98,68,2,dn5,37.751751,-122.410654,1
98,68,4,dn10,37.78929,-122.426797,1
98,68,5,dn13;dn14,37.739611,-122.492203,2
98,69,2,dn5,37.751751,-122.410654,1
98,69,4,dn10,37.78929,-122.426797,1
98,69,5,dn13;dn14,37.739611,-122.492203,2
98,70,1,dn1,37.774524,-122.473656,1
98,70,2,dn5,37.751751,-122.410654,1
98,70,4,dn10;dn11,37.78929,-122.426797,2
98,70,5,dn13;dn14,37.739611,-122.492203,2
98,71,1,dn1,37.774524,-122.473656,1
98,71,3,dn8,37.718779,-122.462401,1
98,71,4,dn10;dn11,37.78929,-122.426797,2
98,71,5,dn13;dn14,37.739611,-122.492203,2
98,72,1,dn1,37.774524,-122.473656,1
98,72,3,dn8,37.718779,-122.462401,1
98,72,4,dn10;dn11,37.78929,-122.426797,2
98,72,5,dn13;dn14,37.739611,-122.492203,2
98,73,3,dn8,37.718779,-122.462401,1
98,73,4,dn10;dn11,37.78929,-122.426797,2
98,73,5,dn13;dn14,37.739611,-122.492203,2
98,74,3,dn8,37.718779,-122.462401,1
98,74,4,dn10;dn11,37.78929,-122.426797,2
98,74,5,dn13;dn14,37.739611,-122.492203,2
98,75,4,dn10;dn11,37.78929,-122.426797,2
98,75,5,dn13;dn14,37.739611,-122.492203,2
98,76,4,dn10;dn11,37.78929,-122.426797,2
98,76,5,dn13;dn14,37.739611,-122.492203,2
98,77,4,dn10;dn11,37.78929,-122.426797,2
98,77,5,dn13;dn14;dn15,37.739611,-122.492203,3
98,78,4,dn10;dn11,37.78929,-122.426797,2
98,78,5,dn13;dn14;dn15,37.739611,-122.492203,3
98,79,4,dn10;dn11,37.78929,-122.426797,2
98,79,5,dn14;dn15,37.739611,-122.492203,2
98,80,4,dn10;dn11,37.78929,-122.426797,2
98,80,5,dn15,37.739611,-122.492203,1
98,81,4,dn10;dn11,37.78929,-122.426797,2
98,81,5,dn15,37.739611,-122.492203,1
98,82,3,dn7,37.718779,-122.462401,1
98,82,4,dn10;dn11,37.78929,-122.426797,2
98,82,5,dn15,37.739611,-122.492203,1
98,83,1,dn2,37.774524,-122.473656,1
98,83,3,dn7;dn8,37.718779,-122.462401,2
98,83,4,dn10;dn11,37.78929,-122.426797,2
98,83,5,dn15,37.739611,-122.492203,1
98,84,3,dn7;dn8,37.718779,-122.462401,2
98,84,4,dn10;dn11,37.78929,-122.426797,2
98,84,5,dn15,37.739611,-122.492203,1
98,85,3,dn7;dn8,37.718779,-122.462401,2
98,85,4,dn10;dn11,37.78929,-122.426797,2
98,85,5,dn13;dn15,37.739611,-122.492203,2
98,86,3,dn8,37.718779,-122.462401,1
98,86,4,dn10;dn11,37.78929,-122.426797,2
98,86,5,dn13;dn15,37.739611,-122.492203,2
98,87,1,dn3,37.774524,-122.473656,1
98,87,3,dn8,37.718779,-122.462401,1
98,87,4,dn11,37.78929,-122.426797,1
98,87,5,dn13;dn15,37.739611,-122.492203,2
98,88,1,dn3,37.774524,-122.473656,1
98,88,2,dn4;dn6,37.751751,-122.410654,2
98,88,3,dn8,37.718779,-122.462401,1
98,88,4,dn11,37.78929,-122.426797,1
98,88,5,dn13;dn15,37.739611,-122.492203,2
98,89,1,dn3,37.774524,-122.473656,1
98,89,2,dn6,37.751751,-122.410654,1
98,89,3,dn8,37.718779,-122.462401,1
98,89,4,dn11,37.78929,-122.426797,1
98,89,5,dn13;dn15,37.739611,-122.492203,2
98,90,2,dn6,37.751751,-122.410654,1
98,90,3,dn8,37.718779,-122.462401,1
98,90,4,dn11,37.78929,-122.426797,1
98,90,5,dn13;dn15,37.739611,-122.492203,2
98,91,3,dn8,37.718779,-122.462401,1
98,91,4,dn11,37.78929,-122.426797,1
98,91,5,dn13;dn15,37.739611,-122.492203,2
98,92,1,dn1,37.774524,-122.473656,1
98,92,4,dn11,37.78929,-122.426797,1
98,92,5,dn13;dn15,37.739611,-122.492203,2
98,93,1,dn1,37.774524,-122.473656,1
98,93,4,dn11,37.78929,-122.426797,1
98,93,5,dn14;dn15,37.739611,-122.492203,2
98,94,1,dn1,37.774524,-122.473656,1
98,94,4,dn11,37.78929,-122.426797,1
98,94,5,dn14;dn15,37.739611,-122.492203,2
98,95,4,dn11,37.78929,-122.426797,1
98,95,5,dn14;dn15,37.739611,-122.492203,2
98,96,4,dn11,37.78929,-122.426797,1
98,96,5,dn14;dn15,37.739611,-122.492203,2
98,97,4,dn11,37.78929,-122.426797,1
98,97,5,dn15,37.739611,-122.492203,1
98,98,1,dn2,37.774524,-122.473656,1
98,98,4,dn11,37.78929,-122.426797,1
98,98,5,dn15,37.739611,-122.492203,1
98,99,1,dn2,37.774524,-122.473656,1
98,99,4,dn11,37.78929,-122.426797,1
98,99,5,dn15,37.739611,-122.492203,1
99,0,1,dn1;dn2;dn3,37.774524,-122.473656,3
99,0,2,dn4;dn5;dn6,37.751751,-122.410654,3
99,0,3,dn7;dn8;dn9,37.718779,-122.462401,3
99,0,4,dn10;dn11;dn12,37.78929,-122.426797,3
99,0,5,dn13;dn14;dn15,37.739611,-122.492203,3
99,6,3,dn7,37.718779,-122.462401,1
99,8,3,dn8,37.718779,-122.462401,1
99,8,5,dn14,37.739611,-122.492203,1
99,10,1,dn1,37.774524,-122.473656,1
99,13,5,dn13,37.739611,-122.492203,1
99,14,1,dn3,37.774524,-122.473656,1
99,15,5,dn15,37.739611,-122.492203,1
99,16,1,dn2,37.774524,-122.473656,1
99,18,3,dn9,37.718779,-122.462401,1
99,19,3,dn9,37.718779,-122.462401,1
99,22,1,dn1,37.774524,-122.473656,1
99,22,5,dn14,37.739611,-122.492203,1
99,24,1,dn3,37.774524,-122.473656,1
99,24,4,dn11,37.78929,-122.426797,1
99,25,4,dn11,37.78929,-122.426797,1
99,26,4,dn11,37.78929,-122.426797,1
99,27,4,dn11,37.78929,-122.426797,1
99,27,5,dn15,37.739611,-122.492203,1
99,28,2,dn6,37.751751,-122.410654,1
99,28,4,dn11;dn12,37.78929,-122.426797,2
99,28,5,dn15,37.739611,-122.492203,1
99,29,4,dn11;dn12,37.78929,-122.426797,2
99,29,5,dn15,37.739611,-122.492203,1
99,30,2,dn5,37.751751,-122.410654,1
99,30,4,dn11;dn12,37.78929,-122.426797,2
99,30,5,dn15,37.739611,-122.492203,1
99,31,4,dn11;dn12,37.78929,-122.426797,2
99,31,5,dn13;dn15,37.739611,-122.492203,2
99,32,4,dn11;dn12,37.78929,-122.426797,2
99,32,5,dn13;dn15,37.739611,-122.492203,2
99,33,4,dn11;dn12,37.78929,-122.426797,2
99,33,5,dn13;dn15,37.739611,-122.492203,2
99,34,4,dn11;dn12,37.78929,-122.426797,2
99,34,5,dn15,37.739611,-122.492203,1
99,35,4,dn11;dn12,37.78929,-122.426797,2
99,36,2,dn4,37.751751,-122.410654,1
99,36,4,dn11;dn12,37.78929,-122.426797,2
99,37,2,dn4,37.751751,-122.410654,1
99,37,4,dn11;dn12,37.78929,-122.426797,2
99,38,4,dn11;dn12,37.78929,-122.426797,2
99,39,4,dn11;dn12,37.78929,-122.426797,2
99,40,1,dn3,37.774524,-122.473656,1
99,40,3,dn8,37.718779,-122.462401,1
99,40,4,dn10;dn11;dn12,37.78929,-122.426797,3
99,41,1,dn3,37.774524,-122.473656,1
99,41,4,dn10;dn11;dn12,37.78929,-122.426797,3
99,42,1,dn3,37.774524,-122.473656,1
99,42,4,dn10;dn11;dn12,37.78929,-122.426797,3
99,43,1,dn3,37.774524,-122.473656,1
99,43,4,dn11;dn12,37.78929,-122.426797,2
99,43,5,dn15,37.739611,-122.492203,1
99,44,1,dn3,37.774524,-122.473656,1
99,44,3,dn7,37.718779,-122.462401,1
99,44,4,dn11;dn12,37.78929,-122.426797,2
99,44,5,dn13;dn15,37.739611,-122.492203,2
99,45,3,dn7,37.718779,-122.462401,1
99,45,4,dn11;dn12,37.78929,-122.426797,2
99,45,5,dn13;dn15,37.739611,-122.492203,2
99,46,4,dn11;dn12,37.78929,-122.426797,2
99,46,5,dn13;dn14;dn15,37.739611,-122.492203,3
99,47,4,dn11;dn12,37.78929,-122.426797,2
99,47,5,dn13;dn14;dn15,37.739611,-122.492203,3
99,48,4,dn11;dn12,37.78929,-122.426797,2
99,48,5,dn14;dn15,37.739611,-122.492203,2
99,49,4,dn11;dn12,37.78929,-122.426797,2
99,49,5,dn14;dn15,37.739611,-122.492203,2
99,50,1,dn2,37.774524,-122.473656,1
99,50,4,dn11;dn12,37.78929,-122.426797,2
99,50,5,dn15,37.739611,-122.492203,1
99,51,3,dn9,37.718779,-122.462401,1
99,51,4,dn11;dn12,37.78929,-122.426797,2
99,51,5,dn15,37.739611,-122.492203,1
99,52,3,dn9,37.718779,-122.462401,1
99,52,4,dn12,37.78929,-122.426797,1
99,52,5,dn15,37.739611,-122.492203,1
99,53,3,dn9,37.718779,-122.462401,1
99,53,5,dn15,37.739611,-122.492203,1
99,54,3,dn9,37.718779,-122.462401,1
99,54,5,dn15,37.739611,-122.492203,1
99,55,3,dn9,37.718779,-122.462401,1
99,55,5,dn15,37.739611,-122.492203,1
99,56,1,dn1,37.774524,-122.473656,1
99,56,5,dn15,37.739611,-122.492203,1
99,57,5,dn15,37.739611,-122.492203,1
99,58,5,dn15,37.739611,-122.492203,1
99,59,5,dn15,37.739611,-122.492203,1
99,60,3,dn8,37.718779,-122.462401,1
99,60,5,dn13;dn15,37.739611,-122.492203,2
99,61,3,dn7,37.718779,-122.462401,1
99,61,5,dn13;dn15,37.739611,-122.492203,2
99,62,3,dn7,37.718779,-122.462401,1
99,62,5,dn13;dn15,37.739611,-122.492203,2
99,63,3,dn7,37.718779,-122.462401,1
99,63,5,dn13;dn15,37.739611,-122.492203,2
99,64,3,dn7,37.718779,-122.462401,1
99,64,5,dn13;dn15,37.739611,-122.492203,2
99,65,3,dn7,37.718779,-122.462401,1
99,65,5,dn13;dn14;dn15,37.739611,-122.492203,3
99,66,3,dn7,37.718779,-122.462401,1
99,66,5,dn13;dn14;dn15,37.739611,-122.492203,3
99,67,3,dn7,37.718779,-122.462401,1
99,67,5,dn13;dn14;dn15,37.739611,-122.492203,3
99,68,2,dn6,37.751751,-122.410654,1
99,68,3,dn7,37.718779,-122.462401,1
99,68,5,dn13;dn14;dn15,37.739611,-122.492203,3
99,69,1,dn1,37.774524,-122.473656,1
99,69,3,dn9,37.718779,-122.462401,1
99,69,5,dn13;dn14;dn15,37.739611,-122.492203,3
99,70,3,dn9,37.718779,-122.462401,1
99,70,5,dn13;dn14;dn15,37.739611,-122.492203,3
99,71,3,dn9,37.718779,-122.462401,1
99,71,5,dn13;dn14;dn15,37.739611,-122.492203,3
99,72,3,dn9,37.718779,-122.462401,1
99,72,5,dn13;dn14;dn15,37.739611,-122.492203,3
99,73,5,dn13;dn14;dn15,37.739611,-122.492203,3
99,74,5,dn13;dn14;dn15,37.739611,-122.492203,3
99,75,5,dn13;dn14;dn15,37.739611,-122.492203,3
99,76,5,dn13;dn14;dn15,37.739611,-122.492203,3
99,77,5,dn13;dn14;dn15,37.739611,-122.492203,3
99,78,1,dn3,37.774524,-122.473656,1
99,78,2,dn5,37.751751,-122.410654,1
99,78,5,dn14;dn15,37.739611,-122.492203,2
99,79,4,dn11,37.78929,-122.426797,1
99,79,5,dn15,37.739611,-122.492203,1
99,80,4,dn11,37.78929,-122.426797,1
99,80,5,dn15,37.739611,-122.492203,1
99,81,3,dn9,37.718779,-122.462401,1
99,81,4,dn11,37.78929,-122.426797,1
99,81,5,dn15,37.739611,-122.492203,1
99,82,3,dn9,37.718779,-122.462401,1
99,82,4,dn11,37.78929,-122.426797,1
99,83,1,dn1,37.774524,-122.473656,1
99,83,3,dn9,37.718779,-122.462401,1
99,83,4,dn11,37.78929,-122.426797,1
99,84,1,dn1,37.774524,-122.473656,1
99,84,3,dn9,37.718779,-122.462401,1
99,84,4,dn11,37.78929,-122.426797,1
99,85,3,dn9,37.718779,-122.462401,1
99,85,4,dn11,37.78929,-122.426797,1
99,86,1,dn2,37.774524,-122.473656,1
99,86,2,dn6,37.751751,-122.410654,1
99,86,4,dn11,37.78929,-122.426797,1
99,87,1,dn2,37.774524,-122.473656,1
99,87,2,dn6,37.751751,-122.410654,1
99,87,4,dn11,37.78929,-122.426797,1
99,87,5,dn14,37.739611,-122.492203,1
99,88,1,dn2,37.774524,-122.473656,1
99,88,2,dn6,37.751751,-122.410654,1
99,88,4,dn11;dn12,37.78929,-122.426797,2
99,88,5,dn14,37.739611,-122.492203,1
99,89,2,dn6,37.751751,-122.410654,1
99,89,4,dn11;dn12,37.78929,-122.426797,2
99,89,5,dn14,37.739611,-122.492203,1
99,90,2,dn6,37.751751,-122.410654,1
99,90,4,dn10;dn11;dn12,37.78929,-122.426797,3
99,90,5,dn14,37.739611,-122.492203,1
99,91,4,dn10;dn11;dn12,37.78929,-122.426797,3
99,91,5,dn14,37.739611,-122.492203,1
99,92,4,dn10;dn11;dn12,37.78929,-122.426797,3
99,92,5,dn14,37.739611,-122.492203,1
99,93,4,dn11;dn12,37.78929,-122.426797,2
99,93,5,dn14,37.739611,-122.492203,1
99,94,3,dn8,37.718779,-122.462401,1
99,94,4,dn11;dn12,37.78929,-122.426797,2
99,94,5,dn14,37.739611,-122.492203,1
99,95,4,dn12,37.78929,-122.426797,1
99,95,5,dn14,37.739611,-122.492203,1
99,96,5,dn14,37.739611,-122.492203,1
99,97,5,dn14;dn15,37.739611,-122.492203,2
99,98,5,dn15,37.739611,-122.492203,1
99,99,5,dn13,37.739611,-122.492203,1
