trial,time,drone_id,depot_id,pkg_id,agent_tw_earliest_time,agent_tw_latest_time,agent_tw_avail,reward,true_return_time,true_delivery_time,approx_travel_time,true_travel_time
0,0,dn1,1,pkg8,8.0,14.0,15,1000.0,12.0,8.0,1,4.0
0,0,dn2,1,pkg7,7.0,15.0,17,1000.0,26,13,2,13
0,0,dn3,1,pkg16,5.0,12.0,19,1000.0,14,7,7,7
0,0,dn4,2,pkg17,6.0,13.0,16,1000.0,46,23,3,23
0,0,dn5,2,pkg4,8.0,16.0,18,1000.0,34,17,2,17
0,0,dn6,2,pkg12,10.0,17.0,19,1000.0,22,11,2,11
0,0,dn7,3,pkg9,5.0,12.0,14,1000.0,12,6,2,6
0,0,dn8,3,pkg21,6.0,12.0,17,1000.0,30,15,5,15
0,0,dn9,3,pkg3,8.0,15.0,18,1000.0,22,11,3,11
0,0,dn10,4,pkg11,8.0,15.0,21,1000.0,32,16,6,16
0,0,dn13,5,pkg19,6.0,15.0,19,1000.0,9.0,6.0,4,3.0
0,0,dn14,5,pkg15,7.0,16.0,20,1000.0,12.0,7.0,4,5.0
0,0,dn15,5,pkg2,8.0,17.0,24,1000.0,20,10,7,10
0,2,dn11,4,pkg24,8.0,17.0,24,1000.0,32,17,7,15
0,9,dn13,5,pkg25,12.0,18.0,21,1000.0,15,12,3,3
0,12,dn1,1,pkg14,9.0,15.0,22,1000.0,24,18,7,6
0,12,dn7,3,pkg13,5.0,14.0,18,1000.0,24,18,4,6
0,12,dn14,5,pkg5,10.0,19.0,24,1000.0,20,16,5,4
0,14,dn3,1,pkg6,9.0,18.0,23,1000.0,46,30,5,16
0,14,dn12,4,pkg28,21.0,29.0,39,1000.0,34,24,10,10
0,15,dn13,5,pkg18,10.0,18.0,25,1000.0,37,26,7,11
0,22,dn6,2,pkg29,22.0,28.0,36,1000.0,48,35,8,13
0,22,dn9,3,pkg26,20.0,29.0,37,1000.0,60,41,8,19
0,23,dn14,5,pkg30,29.0,37.0,41,1000.0,31.0,29.0,4,2.0
0,25,dn1,1,pkg31,30.0,35.0,42,1000.0,67,46,7,21
0,26,dn7,3,pkg32,35.0,42.0,51,1000.0,54,40,9,14
0,29,dn2,1,pkg33,39.0,47.0,55,1000.0,46.0,39.0,8,7.0
0,32,dn8,3,pkg35,37.0,44.0,55,1000.0,40.0,37.0,11,3.0
0,32,dn10,4,pkg34,38.0,45.0,48,1000.0,60,46,3,14
0,34,dn5,2,pkg36,42.0,48.0,56,1000.0,56,45,8,11
0,38,dn11,4,pkg37,48.0,56.0,60,1000.0,88,63,4,25
0,41,dn8,3,pkg38,47.0,52.0,54,1000.0,52.0,47.0,2,5.0
0,44,dn13,5,pkg40,50.0,55.0,59,1000.0,55.0,50.0,4,5.0
0,46,dn4,2,pkg39,48.0,57.0,63,1000.0,66,56,6,10
0,46,dn12,4,pkg41,51.0,58.0,65,1000.0,78,62,7,16
0,50,dn6,2,pkg42,58.0,68.0,76,1000.0,98,74,8,24
0,51,dn2,1,pkg43,60.0,65.0,72,1000.0,63.0,60.0,7,3.0
0,55,dn3,1,pkg45,63.0,73.0,75,1000.0,79,67,2,12
0,56,dn5,2,pkg44,62.0,71.0,74,1000.0,82,69,3,13
0,59,dn7,3,pkg46,65.0,74.0,84,1000.0,85,72,10,13
0,60,dn10,4,pkg47,70.0,80.0,84,1000.0,80,70,4,10
0,63,dn2,1,pkg48,70.0,79.0,84,1000.0,79,71,5,8
0,66,dn4,2,pkg49,74.0,80.0,87,1000.0,132,99,7,33
0,67,dn1,1,pkg50,76.0,82.0,91,1000.0,82.0,76.0,9,6.0
0,72,dn8,3,pkg52,79.0,85.0,96,1000.0,102,87,11,15
0,73,dn9,3,pkg53,82.0,92.0,96,1000.0,85.0,82.0,4,3.0
0,75,dn13,5,pkg54,83.0,88.0,91,1000.0,85.0,83.0,3,2.0
0,77,dn14,5,pkg55,86.0,95.0,103,1000.0,94.0,86.0,8,8.0
0,78,dn12,4,pkg51,76.0,86.0,90,1000.0,134,106,4,28
0,79,dn2,1,pkg57,85.0,92.0,97,1000.0,115,97,5,18
0,82,dn5,2,pkg56,83.0,91.0,100,1000.0,116,99,9,17
0,85,dn1,1,pkg59,90.0,97.0,106,1000.0,93.0,90.0,9,3.0
0,85,dn7,3,pkg58,87.0,96.0,105,1000.0,107,96,9,11
0,86,dn3,1,pkg60,91.0,99.0,109,1000.0,122,104,10,18
0,88,dn9,3,pkg61,93.0,102.0,109,1000.0,95.0,93.0,7,2.0
0,89,dn10,4,pkg62,98.0,107.0,118,1000.0,117,103,11,14
0,93,dn13,5,pkg64,100.0,106.0,117,1000.0,117,105,11,12
0,95,dn9,3,pkg63,99.0,109.0,120,1000.0,127,111,11,16
0,95,dn11,4,pkg65,101.0,111.0,114,1000.0,121,108,3,13
0,98,dn6,2,pkg67,104.0,113.0,123,1000.0,130,114,10,16
1,0,dn1,1,pkg7,8.0,13.0,16,1000.0,22,11,3,11
1,0,dn2,1,pkg19,5.0,13.0,18,1000.0,36,18,5,18
1,0,dn3,1,pkg6,7.0,12.0,20,1000.0,9.0,7.0,8,2.0
1,0,dn4,2,pkg13,5.0,11.0,12,1000.0,42,21,1,21
1,0,dn5,2,pkg8,9.0,16.0,20,1000.0,24,12,4,12
1,0,dn6,2,pkg1,9.0,15.0,21,1000.0,32,16,6,16
1,0,dn7,3,pkg12,6.0,14.0,16,1000.0,18,9,2,9
1,0,dn8,3,pkg4,9.0,14.0,20,1000.0,28,14,6,14
1,0,dn9,3,pkg18,6.0,12.0,20,1000.0,12,6,8,6
1,0,dn10,4,pkg10,5.0,12.0,13,1000.0,20,10,1,10
1,0,dn11,4,pkg16,9.0,15.0,18,1000.0,48,24,3,24
1,0,dn12,4,pkg22,8.0,15.0,20,1000.0,44,22,5,22
1,0,dn13,5,pkg3,10.0,15.0,16,1000.0,11.0,10.0,1,1.0
1,0,dn14,5,pkg21,6.0,15.0,20,1000.0,10.0,6.0,5,4.0
1,0,dn15,5,pkg14,5.0,15.0,26,1000.0,24,12,11,12
1,9,dn3,1,pkg5,9.0,17.0,23,1000.0,39,24,6,15
1,10,dn14,5,pkg24,11.0,17.0,20,1000.0,16,13,3,3
1,11,dn13,5,pkg26,17.0,27.0,31,1000.0,22.0,17.0,4,5.0
1,12,dn9,3,pkg25,14.0,22.0,24,1000.0,40,26,2,14
1,16,dn14,5,pkg28,20.0,28.0,31,1000.0,22.0,20.0,3,2.0
1,18,dn7,3,pkg30,20.0,28.0,37,1000.0,44,31,9,13
1,20,dn10,4,pkg31,24.0,30.0,36,1000.0,54,37,6,17
1,22,dn1,1,pkg27,14.0,24.0,30,1000.0,32,27,6,5
1,22,dn13,5,pkg34,29.0,38.0,41,1000.0,32.0,29.0,3,3.0
1,23,dn14,5,pkg35,31.0,36.0,38,1000.0,34.0,31.0,2,3.0
1,24,dn5,2,pkg32,25.0,32.0,36,1000.0,36,30,4,6
1,28,dn8,3,pkg29,20.0,30.0,38,1000.0,62,45,8,17
1,30,dn15,5,pkg39,40.0,47.0,58,1000.0,58,44,11,14
1,32,dn1,1,pkg38,34.0,42.0,45,1000.0,44,38,3,6
1,32,dn6,2,pkg36,34.0,41.0,50,1000.0,54,43,9,11
1,32,dn13,5,pkg40,39.0,49.0,59,1000.0,64,48,10,16
1,34,dn14,5,pkg41,40.0,49.0,54,1000.0,44.0,40.0,5,4.0
1,36,dn2,1,pkg37,34.0,41.0,47,1000.0,68,52,6,16
1,39,dn3,1,pkg42,48.0,58.0,64,1000.0,56.0,48.0,6,8.0
1,40,dn5,2,pkg43,46.0,55.0,61,1000.0,51.0,46.0,6,5.0
1,42,dn4,2,pkg45,49.0,59.0,63,1000.0,70,56,4,14
1,44,dn1,1,pkg44,46.0,54.0,61,1000.0,70,57,7,13
1,44,dn7,3,pkg46,49.0,57.0,66,1000.0,51.0,49.0,9,2.0
1,45,dn12,4,pkg47,54.0,62.0,67,1000.0,85,65,5,20
1,48,dn11,4,pkg48,51.0,56.0,63,1000.0,68,58,7,10
1,50,dn9,3,pkg49,55.0,60.0,71,1000.0,57.0,55.0,11,2.0
1,51,dn5,2,pkg50,57.0,65.0,67,1000.0,83,67,2,16
1,55,dn6,2,pkg51,62.0,72.0,83,1000.0,87,71,11,16
1,59,dn10,4,pkg52,64.0,72.0,79,1000.0,89,74,7,15
1,60,dn3,1,pkg53,70.0,78.0,89,1000.0,71.0,70.0,11,1.0
1,62,dn7,3,pkg54,71.0,80.0,90,1000.0,77.0,71.0,10,6.0
1,63,dn8,3,pkg55,72.0,82.0,89,1000.0,87,75,7,12
1,66,dn13,5,pkg57,71.0,78.0,83,1000.0,74.0,71.0,5,3.0
1,67,dn9,3,pkg58,72.0,78.0,88,1000.0,93,80,10,13
1,68,dn2,1,pkg56,70.0,76.0,81,1000.0,84,76,5,8
1,69,dn11,4,pkg59,76.0,81.0,92,1000.0,85,77,11,8
1,70,dn1,1,pkg60,78.0,86.0,91,1000.0,96,83,5,13
1,73,dn3,1,pkg61,79.0,85.0,86,1000.0,89,81,1,8
1,76,dn4,2,pkg62,82.0,91.0,93,1000.0,94,85,2,9
1,78,dn7,3,pkg63,87.0,95.0,98,1000.0,91.0,87.0,3,4.0
1,83,dn5,2,pkg65,88.0,95.0,101,1000.0,111,97,6,14
1,87,dn6,2,pkg64,87.0,97.0,106,1000.0,145,116,9,29
1,89,dn8,3,pkg66,97.0,102.0,107,1000.0,117,103,5,14
1,91,dn2,1,pkg67,96.0,106.0,109,1000.0,111,101,3,10
1,96,dn7,3,pkg68,106.0,113.0,118,1000.0,111.0,106.0,5,5.0
1,97,dn1,1,pkg69,107.0,114.0,122,1000.0,121,109,8,12
1,99,dn4,2,pkg70,104.0,111.0,116,1000.0,147,123,5,24
2,0,dn1,1,pkg22,5.0,13.0,15,1000.0,10,5,2,5
2,0,dn2,1,pkg4,6.0,13.0,18,1000.0,14,7,5,7
2,0,dn3,1,pkg9,10.0,15.0,19,1000.0,13.0,10.0,4,3.0
2,0,dn4,2,pkg6,5.0,11.0,14,1000.0,16,8,3,8
2,0,dn5,2,pkg16,5.0,10.0,15,1000.0,36,18,5,18
2,0,dn6,2,pkg10,6.0,12.0,18,1000.0,20,10,6,10
2,0,dn7,3,pkg14,6.0,11.0,12,1000.0,10.0,6.0,1,4.0
2,0,dn8,3,pkg2,7.0,13.0,19,1000.0,11.0,7.0,6,4.0
2,0,dn9,3,pkg17,5.0,12.0,20,1000.0,20,10,8,10
2,0,dn10,4,pkg5,6.0,12.0,19,1000.0,52,26,7,26
2,0,dn11,4,pkg12,10.0,15.0,19,1000.0,42,21,4,21
2,0,dn12,4,pkg13,7.0,15.0,25,1000.0,12.0,7.0,10,5.0
2,0,dn13,5,pkg19,6.0,15.0,17,1000.0,9.0,6.0,2,3.0
2,0,dn14,5,pkg3,8.0,15.0,18,1000.0,11.0,8.0,3,3.0
2,0,dn15,5,pkg8,9.0,19.0,26,1000.0,13.0,9.0,7,4.0
2,9,dn13,5,pkg24,9.0,18.0,23,1000.0,23,16,5,7
2,10,dn1,1,pkg26,15.0,22.0,27,1000.0,24,17,5,7
2,10,dn7,3,pkg20,10.0,18.0,20,1000.0,24,17,2,7
2,11,dn8,3,pkg11,9.0,15.0,22,1000.0,33,22,7,11
2,11,dn14,5,pkg27,15.0,20.0,29,1000.0,29,20,9,9
2,12,dn12,4,pkg23,10.0,19.0,21,1000.0,48,30,2,18
2,13,dn3,1,pkg28,18.0,26.0,30,1000.0,37,25,4,12
2,13,dn15,5,pkg29,21.0,30.0,35,1000.0,25.0,21.0,5,4.0
2,16,dn2,1,pkg31,21.0,26.0,33,1000.0,26,21,7,5
2,16,dn4,2,pkg21,10.0,17.0,22,1000.0,32,24,5,8
2,20,dn6,2,pkg25,13.0,22.0,28,1000.0,68,44,6,24
2,22,dn9,3,pkg34,29.0,36.0,47,1000.0,66,44,11,22
2,31,dn1,1,pkg35,40.0,47.0,54,1000.0,46.0,40.0,7,6.0
2,32,dn4,2,pkg33,30.0,38.0,41,1000.0,50,41,3,9
2,33,dn2,1,pkg36,39.0,48.0,58,1000.0,47,40,10,7
2,35,dn7,3,pkg38,43.0,50.0,55,1000.0,49.0,43.0,5,6.0
2,36,dn5,2,pkg37,43.0,48.0,52,1000.0,86,61,4,25
2,37,dn3,1,pkg39,43.0,53.0,57,1000.0,61,49,4,12
2,40,dn8,3,pkg41,50.0,59.0,67,1000.0,57.0,50.0,8,7.0
2,42,dn13,5,pkg42,51.0,57.0,67,1000.0,62,52,10,10
2,44,dn14,5,pkg43,51.0,61.0,64,1000.0,55.0,51.0,3,4.0
2,46,dn15,5,pkg44,54.0,64.0,68,1000.0,56.0,54.0,4,2.0
2,48,dn11,4,pkg45,55.0,60.0,62,1000.0,88,68,2,20
2,50,dn4,2,pkg40,43.0,52.0,62,1000.0,102,76,10,26
2,50,dn7,3,pkg46,59.0,66.0,70,1000.0,66.0,59.0,4,7.0
2,54,dn1,1,pkg47,62.0,68.0,77,1000.0,92,73,9,19
2,56,dn2,1,pkg49,66.0,75.0,79,1000.0,76,66,4,10
2,57,dn8,3,pkg48,61.0,71.0,82,1000.0,99,78,11,21
2,59,dn14,5,pkg51,68.0,77.0,86,1000.0,83,71,9,12
2,62,dn3,1,pkg52,68.0,76.0,83,1000.0,86,74,7,12
2,66,dn7,3,pkg53,75.0,83.0,92,1000.0,82.0,75.0,9,7.0
2,67,dn10,4,pkg54,73.0,82.0,89,1000.0,103,85,7,18
2,68,dn6,2,pkg50,63.0,70.0,78,1000.0,98,83,8,15
2,69,dn12,4,pkg55,79.0,87.0,93,1000.0,103,86,6,17
2,72,dn9,3,pkg56,77.0,83.0,87,1000.0,92,82,4,10
2,76,dn2,1,pkg58,84.0,89.0,91,1000.0,90.0,84.0,2,6.0
2,77,dn13,5,pkg59,82.0,89.0,96,1000.0,93,85,7,8
2,80,dn15,5,pkg61,88.0,98.0,107,1000.0,106,93,9,13
2,82,dn7,3,pkg57,83.0,89.0,100,1000.0,118,100,11,18
2,83,dn14,5,pkg63,87.0,92.0,101,1000.0,97,90,9,7
2,86,dn3,1,pkg62,91.0,99.0,105,1000.0,106,96,6,10
2,86,dn5,2,pkg60,87.0,92.0,99,1000.0,116,101,7,15
2,88,dn11,4,pkg64,92.0,97.0,106,1000.0,102,95,9,7
2,92,dn9,3,pkg65,96.0,102.0,112,1000.0,116,104,10,12
2,94,dn1,1,pkg67,102.0,108.0,117,1000.0,108.0,102.0,9,6.0
2,98,dn6,2,pkg68,106.0,112.0,113,1000.0,130,114,1,16
2,99,dn8,3,pkg69,109.0,117.0,125,1000.0,121,110,8,11
3,0,dn1,1,pkg2,7.0,12.0,16,1000.0,20,10,4,10
3,0,dn2,1,pkg18,6.0,13.0,20,1000.0,18,9,7,9
3,0,dn3,1,pkg5,9.0,16.0,21,1000.0,14.0,9.0,5,5.0
3,0,dn4,2,pkg10,6.0,12.0,17,1000.0,20,10,5,10
3,0,dn5,2,pkg6,6.0,15.0,18,1000.0,32,16,3,16
3,0,dn6,2,pkg4,9.0,17.0,21,1000.0,46,23,4,23
3,0,dn7,3,pkg1,6.0,14.0,19,1000.0,18,9,5,9
3,0,dn8,3,pkg3,7.0,14.0,21,1000.0,18,9,7,9
3,0,dn9,3,pkg13,10.0,15.0,22,1000.0,12.0,10.0,7,2.0
3,0,dn10,4,pkg21,5.0,13.0,15,1000.0,54,27,2,27
3,0,dn11,4,pkg7,6.0,15.0,21,1000.0,28,14,6,14
3,0,dn12,4,pkg8,9.0,17.0,21,1000.0,46,23,4,23
3,0,dn13,5,pkg14,9.0,18.0,23,1000.0,13.0,9.0,5,4.0
3,0,dn14,5,pkg9,6.0,16.0,27,1000.0,14,7,11,7
3,2,dn15,5,pkg24,10.0,19.0,28,1000.0,16.0,10.0,9,6.0
3,12,dn9,3,pkg25,10.0,15.0,22,1000.0,24,18,7,6
3,13,dn13,5,pkg28,17.0,24.0,35,1000.0,31,22,11,9
3,14,dn3,1,pkg23,6.0,16.0,20,1000.0,56,35,4,21
3,14,dn14,5,pkg30,22.0,29.0,37,1000.0,32,23,8,9
3,16,dn15,5,pkg31,24.0,32.0,37,1000.0,28.0,24.0,5,4.0
3,18,dn2,1,pkg16,9.0,19.0,26,1000.0,64,41,7,23
3,18,dn7,3,pkg29,22.0,28.0,34,1000.0,44,31,6,13
3,18,dn8,3,pkg32,25.0,32.0,43,1000.0,29.0,25.0,11,4.0
3,20,dn1,1,pkg34,26.0,34.0,38,1000.0,29.0,26.0,4,3.0
3,20,dn4,2,pkg26,16.0,25.0,28,1000.0,64,42,3,22
3,24,dn9,3,pkg35,30.0,40.0,45,1000.0,48,36,5,12
3,28,dn11,4,pkg33,28.0,36.0,43,1000.0,68,48,7,20
3,29,dn8,3,pkg36,34.0,41.0,52,1000.0,79,54,11,25
3,30,dn1,1,pkg37,36.0,44.0,55,1000.0,62,46,11,16
3,32,dn5,2,pkg38,37.0,46.0,56,1000.0,66,49,10,17
3,39,dn13,5,pkg42,45.0,52.0,61,1000.0,67,53,9,14
3,44,dn7,3,pkg44,52.0,62.0,65,1000.0,70,57,3,13
3,45,dn14,5,pkg45,54.0,62.0,71,1000.0,57.0,54.0,9,3.0
3,46,dn6,2,pkg40,43.0,51.0,61,1000.0,66,56,10,10
3,46,dn12,4,pkg39,39.0,49.0,57,1000.0,86,66,8,20
3,47,dn15,5,pkg46,55.0,61.0,71,1000.0,62.0,55.0,10,7.0
3,48,dn9,3,pkg43,49.0,58.0,69,1000.0,100,74,11,26
3,54,dn10,4,pkg41,46.0,56.0,59,1000.0,100,77,3,23
3,56,dn3,1,pkg48,59.0,66.0,70,1000.0,88,72,4,16
3,57,dn14,5,pkg50,61.0,70.0,80,1000.0,75,66,10,9
3,62,dn1,1,pkg47,58.0,68.0,71,1000.0,90,76,3,14
3,62,dn15,5,pkg55,65.0,72.0,80,1000.0,76,69,8,7
3,64,dn2,1,pkg52,66.0,75.0,82,1000.0,86,75,7,11
3,64,dn4,2,pkg49,58.0,68.0,72,1000.0,118,91,4,27
3,66,dn5,2,pkg51,60.0,69.0,72,1000.0,102,84,3,18
3,66,dn6,2,pkg53,62.0,72.0,75,1000.0,122,94,3,28
3,67,dn13,5,pkg58,74.0,82.0,91,1000.0,83,75,9,8
3,68,dn11,4,pkg57,72.0,81.0,86,1000.0,102,85,5,17
3,70,dn7,3,pkg60,77.0,85.0,88,1000.0,80.0,77.0,3,3.0
3,75,dn14,5,pkg62,83.0,92.0,101,1000.0,90.0,83.0,9,7.0
3,76,dn15,5,pkg64,86.0,94.0,102,1000.0,98,87,8,11
3,79,dn8,3,pkg59,79.0,84.0,93,1000.0,95,87,9,8
3,80,dn7,3,pkg66,89.0,94.0,100,1000.0,114,97,6,17
3,86,dn12,4,pkg63,80.0,89.0,97,1000.0,124,105,9,19
3,89,dn2,1,pkg69,97.0,106.0,114,1000.0,121,105,8,16
3,90,dn13,5,pkg70,96.0,106.0,115,1000.0,110,100,9,10
3,93,dn14,5,pkg71,101.0,109.0,111,1000.0,103.0,101.0,2,2.0
3,94,dn1,1,pkg72,104.0,110.0,120,1000.0,114,104,10,10
3,95,dn8,3,pkg67,91.0,96.0,100,1000.0,127,111,4,16
4,0,dn1,1,pkg13,5.0,12.0,17,1000.0,36,18,5,18
4,0,dn2,1,pkg17,7.0,14.0,18,1000.0,20,10,4,10
4,0,dn3,1,pkg11,5.0,13.0,23,1000.0,34,17,10,17
4,0,dn4,2,pkg7,5.0,12.0,19,1000.0,40,20,7,20
4,0,dn5,2,pkg15,9.0,14.0,19,1000.0,42,21,5,21
4,0,dn6,2,pkg16,9.0,14.0,19,1000.0,24,12,5,12
4,0,dn7,3,pkg14,7.0,12.0,14,1000.0,11.0,7.0,2,4.0
4,0,dn8,3,pkg8,8.0,14.0,17,1000.0,22,11,3,11
4,0,dn9,3,pkg9,10.0,15.0,17,1000.0,16.0,10.0,2,6.0
4,0,dn10,4,pkg3,9.0,15.0,16,1000.0,48,24,1,24
4,0,dn11,4,pkg22,8.0,16.0,17,1000.0,32,16,1,16
4,0,dn12,4,pkg2,10.0,16.0,18,1000.0,26,13,2,13
4,0,dn13,5,pkg4,7.0,16.0,18,1000.0,9.0,7.0,2,2.0
4,0,dn14,5,pkg21,6.0,14.0,20,1000.0,10.0,6.0,6,4.0
4,0,dn15,5,pkg1,9.0,18.0,23,1000.0,16.0,9.0,5,7.0
4,9,dn13,5,pkg27,12.0,17.0,21,1000.0,15,12,4,3
4,10,dn14,5,pkg24,11.0,16.0,22,1000.0,24,17,6,7
4,11,dn7,3,pkg25,9.0,17.0,21,1000.0,27,19,4,8
4,15,dn13,5,pkg10,10.0,20.0,26,1000.0,25,20,6,5
4,16,dn9,3,pkg26,11.0,17.0,27,1000.0,34,25,10,9
4,16,dn15,5,pkg30,20.0,26.0,33,1000.0,24,20,7,4
4,20,dn2,1,pkg28,16.0,25.0,33,1000.0,38,29,8,9
4,22,dn8,3,pkg31,21.0,26.0,36,1000.0,50,36,10,14
4,24,dn14,5,pkg33,25.0,34.0,35,1000.0,26,25,1,1
4,24,dn15,5,pkg32,26.0,32.0,36,1000.0,27.0,26.0,4,1.0
4,26,dn12,4,pkg36,33.0,40.0,42,1000.0,62,44,2,18
4,27,dn7,3,pkg37,34.0,43.0,50,1000.0,37.0,34.0,7,3.0
4,30,dn6,2,pkg38,39.0,45.0,47,1000.0,70,50,2,20
4,31,dn13,5,pkg39,39.0,48.0,51,1000.0,42.0,39.0,3,3.0
4,32,dn11,4,pkg35,32.0,42.0,48,1000.0,50,41,6,9
4,40,dn1,1,pkg42,49.0,58.0,60,1000.0,60,50,2,10
4,40,dn4,2,pkg40,43.0,53.0,59,1000.0,56,48,6,8
4,41,dn2,1,pkg43,51.0,57.0,66,1000.0,53.0,51.0,9,2.0
4,42,dn5,2,pkg41,44.0,54.0,63,1000.0,78,60,9,18
4,42,dn7,3,pkg44,50.0,57.0,61,1000.0,56.0,50.0,4,6.0
4,44,dn9,3,pkg45,52.0,60.0,69,1000.0,68,56,9,12
4,45,dn3,1,pkg46,54.0,59.0,68,1000.0,73,59,9,14
4,48,dn10,4,pkg47,57.0,63.0,70,1000.0,112,80,7,32
4,48,dn13,5,pkg48,56.0,65.0,76,1000.0,66,57,11,9
4,51,dn8,3,pkg49,56.0,66.0,75,1000.0,59.0,56.0,9,3.0
4,53,dn11,4,pkg51,60.0,66.0,77,1000.0,99,76,11,23
4,56,dn4,2,pkg50,62.0,69.0,77,1000.0,86,71,8,15
4,57,dn7,3,pkg53,66.0,74.0,75,1000.0,81,69,1,12
4,62,dn12,4,pkg52,66.0,74.0,82,1000.0,102,82,8,20
4,63,dn1,1,pkg55,71.0,81.0,82,1000.0,78.0,71.0,1,7.0
4,64,dn2,1,pkg56,73.0,82.0,87,1000.0,92,78,5,14
4,69,dn13,5,pkg57,79.0,87.0,96,1000.0,88.0,79.0,9,9.0
4,70,dn6,2,pkg54,65.0,72.0,75,1000.0,98,84,3,14
4,72,dn8,3,pkg58,82.0,89.0,91,1000.0,87.0,82.0,2,5.0
4,75,dn3,1,pkg59,85.0,94.0,105,1000.0,94.0,85.0,11,9.0
4,77,dn9,3,pkg60,85.0,93.0,104,1000.0,91.0,85.0,11,6.0
4,78,dn1,1,pkg61,86.0,96.0,104,1000.0,87.0,86.0,8,1.0
4,80,dn14,5,pkg62,89.0,95.0,102,1000.0,92.0,89.0,7,3.0
4,83,dn7,3,pkg64,88.0,96.0,107,1000.0,101,92,11,9
4,85,dn5,2,pkg65,95.0,105.0,113,1000.0,133,109,8,24
4,87,dn1,1,pkg63,90.0,95.0,98,1000.0,101,94,3,7
4,88,dn4,2,pkg66,96.0,101.0,110,1000.0,106,97,9,9
4,89,dn8,3,pkg67,95.0,100.0,109,1000.0,101,95,9,6
4,95,dn9,3,pkg69,101.0,111.0,120,1000.0,121,108,9,13
4,96,dn2,1,pkg70,101.0,109.0,116,1000.0,104.0,101.0,7,3.0
4,98,dn3,1,pkg71,106.0,111.0,114,1000.0,110.0,106.0,3,4.0
4,98,dn6,2,pkg68,103.0,110.0,117,1000.0,136,117,7,19
5,0,dn1,1,pkg7,5.0,10.0,15,1000.0,8.0,5.0,5,3.0
5,0,dn2,1,pkg18,6.0,14.0,17,1000.0,10.0,6.0,3,4.0
5,0,dn3,1,pkg5,6.0,16.0,19,1000.0,14,7,3,7
5,0,dn4,2,pkg6,8.0,16.0,19,1000.0,34,17,3,17
5,0,dn5,2,pkg9,8.0,16.0,19,1000.0,42,21,3,21
5,0,dn6,2,pkg11,5.0,12.0,19,1000.0,22,11,7,11
5,0,dn7,3,pkg13,5.0,13.0,14,1000.0,24,12,1,12
5,0,dn8,3,pkg4,9.0,14.0,16,1000.0,13.0,9.0,2,4.0
5,0,dn9,3,pkg10,10.0,15.0,17,1000.0,26,13,2,13
5,0,dn10,4,pkg14,8.0,16.0,20,1000.0,46,23,4,23
5,0,dn11,4,pkg21,9.0,16.0,21,1000.0,22,11,5,11
5,0,dn12,4,pkg20,9.0,16.0,26,1000.0,15.0,9.0,10,6.0
5,0,dn13,5,pkg17,6.0,11.0,13,1000.0,9.0,6.0,2,3.0
5,0,dn14,5,pkg15,5.0,12.0,15,1000.0,9.0,5.0,3,4.0
5,0,dn15,5,pkg19,8.0,15.0,19,1000.0,12.0,8.0,4,4.0
5,8,dn1,1,pkg23,10.0,16.0,22,1000.0,18,13,6,5
5,9,dn13,5,pkg12,10.0,15.0,20,1000.0,15,12,5,3
5,9,dn14,5,pkg24,10.0,17.0,23,1000.0,21,15,6,6
5,10,dn2,1,pkg16,7.0,17.0,23,1000.0,34,22,6,12
5,12,dn15,5,pkg3,6.0,15.0,24,1000.0,38,25,9,13
5,13,dn8,3,pkg2,9.0,17.0,28,1000.0,59,36,11,23
5,14,dn3,1,pkg1,6.0,16.0,24,1000.0,48,31,8,17
5,15,dn12,4,pkg26,13.0,19.0,25,1000.0,77,46,6,31
5,15,dn13,5,pkg25,13.0,22.0,24,1000.0,21,18,2,3
5,18,dn1,1,pkg28,15.0,25.0,29,1000.0,30,24,4,6
5,21,dn13,5,pkg29,18.0,27.0,30,1000.0,25,23,3,2
5,21,dn14,5,pkg32,25.0,30.0,37,1000.0,33,27,7,6
5,22,dn6,2,pkg30,22.0,28.0,30,1000.0,46,34,2,12
5,22,dn11,4,pkg27,16.0,26.0,32,1000.0,34,28,6,6
5,24,dn7,3,pkg35,32.0,41.0,45,1000.0,60,42,4,18
5,26,dn9,3,pkg36,34.0,39.0,50,1000.0,58,42,11,16
5,28,dn13,5,pkg37,35.0,44.0,47,1000.0,40.0,35.0,3,5.0
5,33,dn1,1,pkg38,40.0,49.0,60,1000.0,44.0,40.0,11,4.0
5,34,dn2,1,pkg39,44.0,49.0,59,1000.0,60,47,10,13
5,35,dn4,2,pkg40,44.0,53.0,61,1000.0,65,50,8,15
5,36,dn11,4,pkg41,41.0,46.0,47,1000.0,58,47,1,11
5,38,dn14,5,pkg42,43.0,52.0,59,1000.0,56,47,7,9
5,42,dn5,2,pkg43,47.0,55.0,64,1000.0,66,54,9,12
5,46,dn6,2,pkg44,52.0,61.0,70,1000.0,98,72,9,26
5,48,dn1,1,pkg47,55.0,65.0,73,1000.0,59.0,55.0,8,4.0
5,50,dn3,1,pkg48,59.0,67.0,76,1000.0,72,61,9,11
5,52,dn13,5,pkg49,59.0,65.0,73,1000.0,70,61,8,9
5,54,dn15,5,pkg50,59.0,68.0,73,1000.0,64,59,5,5
5,56,dn14,5,pkg51,64.0,70.0,77,1000.0,74,65,7,9
5,58,dn9,3,pkg46,56.0,64.0,73,1000.0,80,69,9,11
5,59,dn1,1,pkg52,63.0,72.0,83,1000.0,67,63,11,4
5,59,dn8,3,pkg53,67.0,77.0,80,1000.0,73.0,67.0,3,6.0
5,60,dn7,3,pkg54,68.0,74.0,84,1000.0,92,76,10,16
5,61,dn10,4,pkg55,71.0,79.0,88,1000.0,99,80,9,19
5,65,dn15,5,pkg56,75.0,80.0,90,1000.0,95,80,10,15
5,66,dn2,1,pkg57,71.0,78.0,84,1000.0,78,72,6,6
5,67,dn1,1,pkg58,75.0,84.0,94,1000.0,87,77,10,10
5,68,dn4,2,pkg59,76.0,84.0,91,1000.0,112,90,7,22
5,69,dn5,2,pkg60,77.0,86.0,94,1000.0,89,79,8,10
5,70,dn11,4,pkg61,75.0,80.0,84,1000.0,96,83,4,13
5,75,dn8,3,pkg62,85.0,92.0,98,1000.0,97,86,6,11
5,78,dn2,1,pkg63,84.0,92.0,99,1000.0,96,87,7,9
5,80,dn3,1,pkg64,87.0,93.0,101,1000.0,89.0,87.0,8,2.0
5,82,dn9,3,pkg65,89.0,96.0,105,1000.0,91.0,89.0,9,2.0
5,85,dn13,5,pkg67,90.0,96.0,103,1000.0,99,92,7,7
5,86,dn12,4,pkg68,94.0,102.0,112,1000.0,124,105,10,19
5,88,dn1,1,pkg69,97.0,105.0,116,1000.0,124,106,11,18
5,89,dn3,1,pkg70,96.0,101.0,108,1000.0,123,106,7,17
5,89,dn5,2,pkg66,91.0,99.0,110,1000.0,127,108,11,19
5,91,dn14,5,pkg72,98.0,106.0,114,1000.0,102.0,98.0,8,4.0
5,93,dn7,3,pkg73,103.0,113.0,120,1000.0,106.0,103.0,7,3.0
5,96,dn2,1,pkg71,99.0,105.0,109,1000.0,126,111,4,15
5,97,dn8,3,pkg74,106.0,112.0,118,1000.0,109.0,106.0,6,3.0
5,98,dn6,2,pkg75,105.0,112.0,119,1000.0,140,119,7,21
6,0,dn1,1,pkg4,5.0,13.0,17,1000.0,9.0,5.0,4,4.0
6,0,dn2,1,pkg2,8.0,13.0,18,1000.0,28,14,5,14
6,0,dn3,1,pkg1,8.0,14.0,19,1000.0,14.0,8.0,5,6.0
6,0,dn4,2,pkg3,6.0,14.0,18,1000.0,36,18,4,18
6,0,dn5,2,pkg15,6.0,12.0,18,1000.0,20,10,6,10
6,0,dn6,2,pkg13,6.0,13.0,19,1000.0,34,17,6,17
6,0,dn7,3,pkg14,6.0,14.0,16,1000.0,18,9,2,9
6,0,dn8,3,pkg7,7.0,13.0,17,1000.0,11.0,7.0,4,4.0
6,0,dn9,3,pkg12,8.0,14.0,17,1000.0,28,14,3,14
6,0,dn10,4,pkg22,9.0,16.0,19,1000.0,24,12,3,12
6,0,dn11,4,pkg9,8.0,16.0,22,1000.0,42,21,6,21
6,0,dn12,4,pkg21,8.0,14.0,22,1000.0,24,12,8,12
6,0,dn13,5,pkg16,5.0,11.0,15,1000.0,7.0,5.0,4,2.0
6,0,dn14,5,pkg6,10.0,16.0,19,1000.0,13.0,10.0,3,3.0
6,0,dn15,5,pkg20,8.0,14.0,19,1000.0,15.0,8.0,5,7.0
6,7,dn13,5,pkg17,9.0,16.0,24,1000.0,19,13,8,6
6,9,dn1,1,pkg10,8.0,14.0,21,1000.0,27,18,7,9
6,11,dn8,3,pkg23,9.0,16.0,20,1000.0,35,23,4,12
6,13,dn14,5,pkg11,9.0,18.0,29,1000.0,27,20,11,7
6,14,dn3,1,pkg18,8.0,17.0,25,1000.0,34,24,8,10
6,15,dn15,5,pkg25,15.0,23.0,30,1000.0,27,21,7,6
6,18,dn7,3,pkg5,10.0,19.0,23,1000.0,38,28,4,10
6,19,dn13,5,pkg28,21.0,29.0,33,1000.0,29,24,4,5
6,20,dn5,2,pkg26,22.0,32.0,37,1000.0,50,35,5,15
6,24,dn10,4,pkg31,31.0,37.0,45,1000.0,46,35,8,11
6,24,dn12,4,pkg33,34.0,43.0,50,1000.0,40.0,34.0,7,6.0
6,27,dn1,1,pkg30,25.0,31.0,40,1000.0,35,31,9,4
6,27,dn14,5,pkg35,32.0,39.0,40,1000.0,33.0,32.0,1,1.0
6,27,dn15,5,pkg32,29.0,39.0,47,1000.0,39,33,8,6
6,28,dn9,3,pkg29,24.0,34.0,40,1000.0,64,46,6,18
6,31,dn2,1,pkg38,39.0,48.0,56,1000.0,63,47,8,16
6,34,dn3,1,pkg39,42.0,50.0,58,1000.0,60,47,8,13
6,34,dn6,2,pkg36,34.0,43.0,47,1000.0,64,49,4,15
6,35,dn8,3,pkg37,35.0,40.0,48,1000.0,73,54,8,19
6,36,dn1,1,pkg40,46.0,51.0,58,1000.0,51.0,46.0,7,5.0
6,36,dn4,2,pkg34,35.0,43.0,53,1000.0,82,59,10,23
6,37,dn13,5,pkg41,44.0,52.0,60,1000.0,55,46,8,9
6,40,dn12,4,pkg42,48.0,56.0,64,1000.0,58,49,8,9
6,43,dn7,3,pkg43,48.0,58.0,61,1000.0,59,51,3,8
6,50,dn5,2,pkg44,52.0,61.0,71,1000.0,76,63,10,13
6,55,dn1,1,pkg45,62.0,67.0,72,1000.0,71,63,5,8
6,63,dn7,3,pkg46,71.0,80.0,89,1000.0,95,79,9,16
6,64,dn6,2,pkg47,72.0,78.0,88,1000.0,79.0,72.0,10,7.0
6,66,dn9,3,pkg48,76.0,84.0,88,1000.0,88,77,4,11
6,67,dn2,1,pkg49,72.0,77.0,87,1000.0,89,78,10,11
6,70,dn13,5,pkg50,79.0,86.0,94,1000.0,87.0,79.0,8,8.0
6,73,dn1,1,pkg51,83.0,89.0,93,1000.0,111,92,4,19
6,74,dn10,4,pkg52,83.0,90.0,96,1000.0,126,100,6,26
6,77,dn3,1,pkg53,86.0,91.0,97,1000.0,105,91,6,14
6,80,dn8,3,pkg54,90.0,97.0,105,1000.0,95.0,90.0,8,5.0
6,83,dn11,4,pkg55,90.0,96.0,106,1000.0,113,98,10,15
6,86,dn4,2,pkg56,92.0,98.0,105,1000.0,95.0,92.0,7,3.0
6,87,dn5,2,pkg57,93.0,100.0,107,1000.0,135,111,7,24
6,89,dn2,1,pkg58,96.0,106.0,112,1000.0,117,103,6,14
6,91,dn9,3,pkg59,100.0,108.0,112,1000.0,105.0,100.0,4,5.0
6,92,dn6,2,pkg60,102.0,107.0,114,1000.0,107.0,102.0,7,5.0
6,94,dn12,4,pkg61,102.0,112.0,121,1000.0,118,106,9,12
6,96,dn7,3,pkg62,106.0,111.0,116,1000.0,132,114,5,18
6,97,dn4,2,pkg63,104.0,111.0,121,1000.0,133,115,10,18
6,98,dn8,3,pkg64,103.0,108.0,113,1000.0,136,117,5,19
7,0,dn1,1,pkg5,5.0,10.0,17,1000.0,9.0,5.0,7,4.0
7,0,dn2,1,pkg11,9.0,14.0,17,1000.0,16.0,9.0,3,7.0
7,0,dn3,1,pkg7,5.0,12.0,18,1000.0,16,8,6,8
7,0,dn4,2,pkg13,6.0,13.0,16,1000.0,34,17,3,17
7,0,dn5,2,pkg16,6.0,14.0,16,1000.0,14,7,2,7
7,0,dn6,2,pkg12,5.0,11.0,17,1000.0,20,10,6,10
7,0,dn7,3,pkg8,5.0,12.0,13,1000.0,20,10,1,10
7,0,dn8,3,pkg3,5.0,11.0,19,1000.0,14,7,8,7
7,0,dn9,3,pkg19,7.0,12.0,20,1000.0,30,15,8,15
7,0,dn10,4,pkg4,5.0,12.0,16,1000.0,20,10,4,10
7,0,dn11,4,pkg1,10.0,15.0,18,1000.0,16.0,10.0,3,6.0
7,0,dn12,4,pkg21,5.0,15.0,20,1000.0,26,13,5,13
7,0,dn13,5,pkg14,7.0,16.0,19,1000.0,10.0,7.0,3,3.0
7,0,dn14,5,pkg2,10.0,15.0,20,1000.0,13.0,10.0,5,3.0
7,0,dn15,5,pkg17,10.0,17.0,25,1000.0,24,12,8,12
7,9,dn1,1,pkg18,8.0,14.0,20,1000.0,43,26,6,17
7,10,dn13,5,pkg15,8.0,18.0,26,1000.0,30,20,8,10
7,13,dn14,5,pkg27,16.0,21.0,27,1000.0,21,17,6,4
7,14,dn5,2,pkg10,7.0,17.0,20,1000.0,28,21,3,7
7,14,dn8,3,pkg25,11.0,16.0,24,1000.0,44,29,8,15
7,16,dn2,1,pkg9,7.0,17.0,25,1000.0,32,24,8,8
7,16,dn3,1,pkg24,11.0,17.0,25,1000.0,50,33,8,17
7,16,dn11,4,pkg28,16.0,21.0,28,1000.0,58,37,7,21
7,20,dn6,2,pkg31,21.0,29.0,31,1000.0,66,43,2,23
7,20,dn7,3,pkg32,19.0,25.0,32,1000.0,42,31,7,11
7,20,dn10,4,pkg37,27.0,33.0,35,1000.0,44,32,2,12
7,21,dn14,5,pkg29,15.0,24.0,30,1000.0,29,25,6,4
7,24,dn15,5,pkg34,25.0,31.0,36,1000.0,36,30,5,6
7,26,dn12,4,pkg35,24.0,30.0,36,1000.0,72,49,6,23
7,28,dn5,2,pkg36,24.0,33.0,38,1000.0,62,45,5,17
7,29,dn14,5,pkg38,26.0,32.0,39,1000.0,51,40,7,11
7,30,dn9,3,pkg41,39.0,48.0,54,1000.0,54,42,6,12
7,30,dn13,5,pkg33,25.0,35.0,41,1000.0,44,37,6,7
7,32,dn2,1,pkg39,29.0,38.0,44,1000.0,50,41,6,9
7,34,dn4,2,pkg40,33.0,42.0,45,1000.0,50,42,3,8
7,40,dn15,5,pkg46,50.0,59.0,68,1000.0,60,50,9,10
7,42,dn7,3,pkg45,48.0,57.0,67,1000.0,62,52,10,10
7,43,dn1,1,pkg43,45.0,51.0,62,1000.0,81,62,11,19
7,44,dn8,3,pkg49,50.0,59.0,63,1000.0,64,54,4,10
7,44,dn10,4,pkg42,40.0,45.0,56,1000.0,70,57,11,13
7,48,dn13,5,pkg50,55.0,64.0,74,1000.0,62,55,10,7
7,50,dn4,2,pkg48,53.0,61.0,63,1000.0,64,57,2,7
7,52,dn14,5,pkg51,58.0,63.0,72,1000.0,74,63,9,11
7,54,dn9,3,pkg52,60.0,70.0,73,1000.0,70,62,3,8
7,57,dn2,1,pkg53,66.0,72.0,77,1000.0,71.0,66.0,5,5.0
7,59,dn3,1,pkg54,67.0,73.0,77,1000.0,81,70,4,11
7,60,dn11,4,pkg55,67.0,75.0,79,1000.0,92,76,4,16
7,61,dn15,5,pkg56,69.0,79.0,85,1000.0,76.0,69.0,6,7.0
7,62,dn7,3,pkg57,68.0,75.0,81,1000.0,88,75,6,13
7,68,dn8,3,pkg59,73.0,83.0,85,1000.0,90,79,2,11
7,70,dn10,4,pkg58,72.0,78.0,85,1000.0,84,77,7,7
7,71,dn2,1,pkg60,81.0,87.0,88,1000.0,93,82,1,11
7,72,dn4,2,pkg61,77.0,86.0,91,1000.0,94,83,5,11
7,74,dn9,3,pkg62,80.0,90.0,95,1000.0,83.0,80.0,5,3.0
7,75,dn13,5,pkg63,82.0,91.0,94,1000.0,84.0,82.0,3,2.0
7,77,dn5,2,pkg64,84.0,94.0,100,1000.0,107,92,6,15
7,78,dn6,2,pkg65,83.0,88.0,94,1000.0,128,103,6,25
7,79,dn12,4,pkg66,86.0,93.0,103,1000.0,129,104,10,25
7,86,dn1,1,pkg68,91.0,99.0,102,1000.0,110,98,3,12
7,87,dn3,1,pkg69,93.0,101.0,110,1000.0,109,98,9,11
7,88,dn7,3,pkg70,97.0,103.0,112,1000.0,100.0,97.0,9,3.0
7,90,dn8,3,pkg71,99.0,108.0,117,1000.0,128,109,9,19
7,91,dn9,3,pkg72,101.0,108.0,119,1000.0,110.0,101.0,11,9.0
7,93,dn2,1,pkg73,98.0,105.0,116,1000.0,113,103,11,10
7,94,dn4,2,pkg67,89.0,99.0,104,1000.0,116,105,5,11
7,94,dn10,4,pkg74,101.0,106.0,108,1000.0,118,106,2,12
7,99,dn13,5,pkg75,107.0,114.0,122,1000.0,121,110,8,11
8,0,dn1,1,pkg15,5.0,12.0,13,1000.0,9.0,5.0,1,4.0
8,0,dn2,1,pkg13,5.0,14.0,18,1000.0,10,5,4,5
8,0,dn3,1,pkg2,5.0,13.0,20,1000.0,14,7,7,7
8,0,dn4,2,pkg1,5.0,10.0,18,1000.0,20,10,8,10
8,0,dn5,2,pkg7,5.0,11.0,18,1000.0,20,10,7,10
8,0,dn6,2,pkg4,5.0,10.0,20,1000.0,26,13,10,13
8,0,dn7,3,pkg5,7.0,12.0,17,1000.0,12.0,7.0,5,5.0
8,0,dn8,3,pkg11,5.0,15.0,19,1000.0,9.0,5.0,4,4.0
8,0,dn9,3,pkg6,6.0,16.0,20,1000.0,14,7,4,7
8,0,dn10,4,pkg12,10.0,15.0,17,1000.0,18.0,10.0,2,8.0
8,0,dn11,4,pkg19,8.0,17.0,19,1000.0,22,11,2,11
8,0,dn12,4,pkg21,6.0,16.0,20,1000.0,28,14,4,14
8,0,dn13,5,pkg8,9.0,14.0,16,1000.0,10.0,9.0,2,1.0
8,0,dn14,5,pkg14,9.0,16.0,22,1000.0,18,9,6,9
8,0,dn15,5,pkg3,10.0,16.0,24,1000.0,17.0,10.0,8,7.0
8,9,dn1,1,pkg16,9.0,18.0,20,1000.0,25,17,2,8
8,9,dn8,3,pkg24,9.0,16.0,22,1000.0,13,11,6,2
8,10,dn2,1,pkg25,11.0,16.0,20,1000.0,30,20,4,10
8,10,dn13,5,pkg10,9.0,18.0,26,1000.0,20,15,8,5
8,12,dn7,3,pkg9,10.0,18.0,27,1000.0,34,23,9,11
8,13,dn8,3,pkg22,8.0,16.0,27,1000.0,29,21,11,8
8,14,dn3,1,pkg20,5.0,15.0,23,1000.0,50,32,8,18
8,14,dn9,3,pkg23,10.0,17.0,27,1000.0,60,37,10,23
8,17,dn15,5,pkg27,16.0,24.0,30,1000.0,31,24,6,7
8,18,dn10,4,pkg28,18.0,28.0,36,1000.0,42,30,8,12
8,18,dn14,5,pkg30,21.0,28.0,31,1000.0,23.0,21.0,3,2.0
8,20,dn4,2,pkg26,15.0,21.0,29,1000.0,44,32,8,12
8,20,dn5,2,pkg31,21.0,30.0,40,1000.0,58,39,10,19
8,20,dn13,5,pkg29,20.0,28.0,37,1000.0,46,33,9,13
8,22,dn11,4,pkg33,26.0,32.0,35,1000.0,56,39,3,17
8,25,dn1,1,pkg32,25.0,34.0,38,1000.0,37,31,4,6
8,25,dn14,5,pkg35,32.0,41.0,48,1000.0,39,32,7,7
8,26,dn6,2,pkg34,32.0,37.0,38,1000.0,76,51,1,25
8,30,dn8,3,pkg36,38.0,47.0,55,1000.0,41.0,38.0,8,3.0
8,33,dn2,1,pkg37,41.0,46.0,53,1000.0,44.0,41.0,7,3.0
8,34,dn12,4,pkg38,44.0,52.0,53,1000.0,66,50,1,16
8,35,dn7,3,pkg39,44.0,50.0,56,1000.0,51.0,44.0,6,7.0
8,37,dn1,1,pkg40,42.0,48.0,56,1000.0,71,54,8,17
8,39,dn14,5,pkg42,44.0,50.0,53,1000.0,46.0,44.0,3,2.0
8,41,dn8,3,pkg43,47.0,53.0,61,1000.0,63,52,8,11
8,42,dn10,4,pkg41,45.0,50.0,54,1000.0,84,63,4,21
8,43,dn15,5,pkg45,48.0,54.0,60,1000.0,59,51,6,8
8,44,dn2,1,pkg46,52.0,60.0,67,1000.0,74,59,7,15
8,44,dn4,2,pkg44,52.0,57.0,64,1000.0,80,62,7,18
8,48,dn13,5,pkg49,55.0,64.0,75,1000.0,60.0,55.0,11,5.0
8,54,dn7,3,pkg50,63.0,69.0,78,1000.0,68.0,63.0,9,5.0
8,56,dn11,4,pkg48,54.0,59.0,65,1000.0,88,72,6,16
8,57,dn3,1,pkg52,65.0,70.0,81,1000.0,71.0,65.0,11,6.0
8,58,dn5,2,pkg51,63.0,68.0,79,1000.0,88,73,11,15
8,66,dn12,4,pkg55,70.0,75.0,86,1000.0,128,97,11,31
8,66,dn13,5,pkg56,75.0,83.0,91,1000.0,84,75,8,9
8,67,dn14,5,pkg57,74.0,84.0,94,1000.0,80.0,74.0,10,6.0
8,69,dn7,3,pkg59,76.0,82.0,90,1000.0,80.0,76.0,8,4.0
8,71,dn1,1,pkg58,76.0,82.0,88,1000.0,103,87,6,16
8,71,dn3,1,pkg53,68.0,78.0,89,1000.0,107,89,11,18
8,72,dn8,3,pkg60,81.0,91.0,102,1000.0,126,99,11,27
8,74,dn9,3,pkg61,82.0,89.0,93,1000.0,92,83,4,9
8,76,dn6,2,pkg54,72.0,79.0,81,1000.0,92,84,2,8
8,76,dn15,5,pkg62,86.0,96.0,102,1000.0,94.0,86.0,6,8.0
8,77,dn2,1,pkg63,83.0,90.0,94,1000.0,97,87,4,10
8,80,dn4,2,pkg64,87.0,96.0,103,1000.0,94,87,7,7
8,83,dn7,3,pkg66,93.0,99.0,108,1000.0,95.0,93.0,9,2.0
8,84,dn10,4,pkg65,90.0,97.0,104,1000.0,106,95,7,11
8,86,dn13,5,pkg67,95.0,104.0,110,1000.0,100.0,95.0,6,5.0
8,88,dn5,2,pkg68,95.0,101.0,104,1000.0,102,95,3,7
8,92,dn6,2,pkg70,99.0,108.0,118,1000.0,103.0,99.0,10,4.0
8,92,dn9,3,pkg69,98.0,108.0,119,1000.0,118,105,11,13
8,93,dn14,5,pkg71,101.0,111.0,119,1000.0,111,102,8,9
8,94,dn4,2,pkg72,103.0,112.0,113,1000.0,140,117,1,23
8,95,dn11,4,pkg73,103.0,112.0,118,1000.0,123,109,6,14
8,97,dn2,1,pkg75,103.0,110.0,114,1000.0,111,104,4,7
9,0,dn1,1,pkg7,9.0,14.0,18,1000.0,17.0,9.0,4,8.0
9,0,dn2,1,pkg5,6.0,11.0,19,1000.0,9.0,6.0,8,3.0
9,0,dn3,1,pkg21,8.0,17.0,21,1000.0,13.0,8.0,4,5.0
9,0,dn4,2,pkg1,7.0,12.0,17,1000.0,18,9,5,9
9,0,dn5,2,pkg22,6.0,16.0,18,1000.0,32,16,2,16
9,0,dn6,2,pkg6,7.0,14.0,19,1000.0,24,12,5,12
9,0,dn7,3,pkg20,6.0,14.0,18,1000.0,18,9,4,9
9,0,dn8,3,pkg11,9.0,15.0,20,1000.0,13.0,9.0,5,4.0
9,0,dn9,3,pkg17,7.0,17.0,20,1000.0,22,11,3,11
9,0,dn10,4,pkg13,9.0,14.0,17,1000.0,30,15,3,15
9,0,dn11,4,pkg10,8.0,16.0,19,1000.0,34,17,3,17
9,0,dn12,4,pkg12,9.0,14.0,21,1000.0,52,26,7,26
9,0,dn13,5,pkg3,6.0,15.0,21,1000.0,20,10,6,10
9,0,dn14,5,pkg19,9.0,18.0,21,1000.0,11.0,9.0,3,2.0
9,0,dn15,5,pkg18,9.0,19.0,23,1000.0,12.0,9.0,4,3.0
9,9,dn2,1,pkg15,10.0,20.0,22,1000.0,21,15,2,6
9,11,dn14,5,pkg23,12.0,21.0,24,1000.0,19,15,3,4
9,12,dn15,5,pkg2,10.0,19.0,27,1000.0,34,23,8,11
9,13,dn3,1,pkg26,13.0,18.0,25,1000.0,31,22,7,9
9,13,dn8,3,pkg4,9.0,17.0,23,1000.0,49,31,6,18
9,17,dn1,1,pkg8,10.0,20.0,27,1000.0,37,27,7,10
9,18,dn4,2,pkg27,16.0,24.0,30,1000.0,50,34,6,16
9,18,dn7,3,pkg24,13.0,22.0,23,1000.0,34,26,1,8
9,19,dn14,5,pkg32,25.0,30.0,36,1000.0,30.0,25.0,6,5.0
9,20,dn13,5,pkg33,28.0,35.0,41,1000.0,34.0,28.0,6,6.0
9,21,dn2,1,pkg28,18.0,23.0,33,1000.0,39,30,10,9
9,22,dn9,3,pkg35,29.0,39.0,41,1000.0,38,30,2,8
9,24,dn6,2,pkg30,20.0,30.0,32,1000.0,68,46,2,22
9,30,dn10,4,pkg34,26.0,33.0,35,1000.0,66,48,2,18
9,30,dn14,5,pkg31,24.0,34.0,44,1000.0,58,44,10,14
9,31,dn3,1,pkg36,30.0,38.0,43,1000.0,47,39,5,8
9,32,dn5,2,pkg37,31.0,37.0,40,1000.0,54,43,3,11
9,34,dn7,3,pkg40,39.0,44.0,50,1000.0,46,40,6,6
9,34,dn11,4,pkg38,33.0,39.0,43,1000.0,56,45,4,11
9,37,dn1,1,pkg39,41.0,51.0,62,1000.0,87,62,11,25
9,40,dn9,3,pkg42,48.0,57.0,63,1000.0,53.0,48.0,6,5.0
9,43,dn2,1,pkg44,50.0,60.0,65,1000.0,59,51,5,8
9,47,dn3,1,pkg45,54.0,64.0,71,1000.0,67,57,7,10
9,47,dn7,3,pkg47,52.0,60.0,71,1000.0,83,65,11,18
9,48,dn13,5,pkg48,54.0,60.0,68,1000.0,59.0,54.0,8,5.0
9,49,dn8,3,pkg49,56.0,61.0,72,1000.0,89,69,11,20
9,50,dn4,2,pkg41,45.0,54.0,60,1000.0,68,59,6,9
9,50,dn15,5,pkg50,59.0,67.0,75,1000.0,72,61,8,11
9,52,dn12,4,pkg46,53.0,58.0,68,1000.0,90,71,10,19
9,53,dn9,3,pkg51,62.0,70.0,77,1000.0,66.0,62.0,7,4.0
9,54,dn5,2,pkg43,52.0,60.0,70,1000.0,96,75,10,21
9,58,dn14,5,pkg52,58.0,66.0,69,1000.0,62,60,3,2
9,59,dn2,1,pkg53,62.0,68.0,72,1000.0,81,70,4,11
9,59,dn11,4,pkg55,68.0,77.0,88,1000.0,71.0,68.0,11,3.0
9,62,dn13,5,pkg58,71.0,78.0,87,1000.0,86,74,9,12
9,64,dn14,5,pkg59,69.0,75.0,83,1000.0,78,71,8,7
9,66,dn9,3,pkg54,64.0,70.0,76,1000.0,82,74,6,8
9,66,dn10,4,pkg56,65.0,73.0,78,1000.0,92,79,5,13
9,67,dn3,1,pkg61,73.0,78.0,82,1000.0,87,77,4,10
9,68,dn4,2,pkg60,73.0,78.0,80,1000.0,100,84,2,16
9,68,dn6,2,pkg57,67.0,77.0,85,1000.0,102,85,8,17
9,71,dn11,4,pkg62,75.0,82.0,88,1000.0,107,89,6,18
9,72,dn15,5,pkg63,75.0,82.0,92,1000.0,100,86,10,14
9,78,dn14,5,pkg67,83.0,92.0,93,1000.0,84.0,83.0,1,1.0
9,81,dn2,1,pkg66,84.0,89.0,92,1000.0,101,91,3,10
9,82,dn9,3,pkg69,85.0,91.0,95,1000.0,98,90,4,8
9,83,dn7,3,pkg64,82.0,91.0,99,1000.0,109,96,8,13
9,84,dn14,5,pkg65,80.0,89.0,100,1000.0,112,98,11,14
9,86,dn13,5,pkg71,92.0,98.0,104,1000.0,97.0,92.0,6,5.0
9,87,dn1,1,pkg70,91.0,101.0,111,1000.0,117,102,10,15
9,89,dn8,3,pkg68,85.0,95.0,99,1000.0,97,93,4,4
9,90,dn3,1,pkg73,97.0,105.0,116,1000.0,99.0,97.0,11,2.0
9,96,dn5,2,pkg75,101.0,108.0,117,1000.0,128,112,9,16
9,97,dn8,3,pkg72,92.0,98.0,105,1000.0,117,107,7,10
9,97,dn10,4,pkg77,102.0,112.0,119,1000.0,141,119,7,22
9,97,dn13,5,pkg74,100.0,105.0,110,1000.0,111,104,5,7
9,98,dn9,3,pkg76,106.0,115.0,118,1000.0,113.0,106.0,3,7.0
9,99,dn12,4,pkg78,109.0,116.0,123,1000.0,118.0,109.0,7,9.0
10,0,dn1,1,pkg3,5.0,12.0,14,1000.0,20,10,2,10
10,0,dn2,1,pkg1,7.0,12.0,18,1000.0,16,8,6,8
10,0,dn3,1,pkg9,8.0,15.0,23,1000.0,13.0,8.0,8,5.0
10,0,dn4,2,pkg15,5.0,10.0,13,1000.0,28,14,3,14
10,0,dn5,2,pkg20,5.0,13.0,17,1000.0,32,16,4,16
10,0,dn6,2,pkg18,9.0,17.0,19,1000.0,28,14,2,14
10,0,dn7,3,pkg12,5.0,14.0,18,1000.0,8.0,5.0,4,3.0
10,0,dn8,3,pkg16,7.0,15.0,20,1000.0,20,10,5,10
10,0,dn9,3,pkg5,10.0,15.0,21,1000.0,14.0,10.0,6,4.0
10,0,dn10,4,pkg19,5.0,11.0,17,1000.0,38,19,6,19
10,0,dn11,4,pkg4,9.0,16.0,20,1000.0,18,9,4,9
10,0,dn12,4,pkg14,9.0,16.0,22,1000.0,26,13,6,13
10,0,dn13,5,pkg10,8.0,18.0,22,1000.0,11.0,8.0,4,3.0
10,0,dn14,5,pkg2,8.0,17.0,23,1000.0,18,9,6,9
10,0,dn15,5,pkg21,10.0,19.0,27,1000.0,16.0,10.0,8,6.0
10,8,dn7,3,pkg13,8.0,14.0,23,1000.0,44,26,9,18
10,11,dn13,5,pkg25,16.0,21.0,30,1000.0,23,17,9,6
10,13,dn3,1,pkg6,9.0,17.0,25,1000.0,41,27,8,14
10,14,dn9,3,pkg17,7.0,17.0,24,1000.0,32,23,7,9
10,16,dn2,1,pkg28,18.0,23.0,25,1000.0,32,24,2,8
10,16,dn15,5,pkg27,15.0,25.0,32,1000.0,24,20,7,4
10,18,dn11,4,pkg24,15.0,22.0,24,1000.0,48,33,2,15
10,18,dn14,5,pkg26,18.0,28.0,39,1000.0,48,33,11,15
10,20,dn1,1,pkg29,22.0,27.0,33,1000.0,46,33,6,13
10,23,dn8,3,pkg34,33.0,42.0,50,1000.0,35.0,33.0,8,2.0
10,23,dn13,5,pkg31,25.0,32.0,41,1000.0,43,33,9,10
10,24,dn15,5,pkg32,25.0,33.0,41,1000.0,28,26,8,2
10,26,dn12,4,pkg30,26.0,33.0,37,1000.0,42,34,4,8
10,28,dn4,2,pkg35,32.0,40.0,44,1000.0,60,44,4,16
10,28,dn6,2,pkg37,37.0,43.0,50,1000.0,64,46,7,18
10,28,dn15,5,pkg36,35.0,40.0,51,1000.0,50,39,11,11
10,32,dn2,1,pkg33,28.0,35.0,40,1000.0,60,46,5,14
10,32,dn5,2,pkg39,37.0,46.0,56,1000.0,50,41,10,9
10,38,dn10,4,pkg40,40.0,49.0,56,1000.0,56,47,7,9
10,39,dn8,3,pkg42,47.0,54.0,64,1000.0,65,52,10,13
10,40,dn9,3,pkg43,48.0,58.0,64,1000.0,62,51,6,11
10,41,dn3,1,pkg38,35.0,45.0,51,1000.0,69,55,6,14
10,43,dn13,5,pkg44,51.0,56.0,62,1000.0,59,51,6,8
10,44,dn7,3,pkg45,50.0,56.0,67,1000.0,54.0,50.0,11,4.0
10,45,dn12,4,pkg46,55.0,64.0,74,1000.0,75,60,10,15
10,49,dn1,1,pkg47,56.0,66.0,73,1000.0,67,58,7,9
10,50,dn5,2,pkg41,47.0,54.0,58,1000.0,72,61,4,11
10,51,dn14,5,pkg48,60.0,67.0,78,1000.0,79,65,11,14
10,54,dn11,4,pkg49,59.0,69.0,79,1000.0,66,60,10,6
10,59,dn7,3,pkg51,64.0,73.0,82,1000.0,81,70,9,11
10,60,dn2,1,pkg50,65.0,75.0,82,1000.0,80,70,7,10
10,60,dn4,2,pkg52,65.0,72.0,74,1000.0,76,68,2,8
10,65,dn8,3,pkg54,71.0,76.0,82,1000.0,76.0,71.0,6,5.0
10,67,dn1,1,pkg53,70.0,79.0,85,1000.0,103,85,6,18
10,67,dn13,5,pkg55,74.0,82.0,91,1000.0,83,75,9,8
10,68,dn6,2,pkg56,73.0,81.0,90,1000.0,112,90,9,22
10,69,dn3,1,pkg57,75.0,82.0,88,1000.0,80.0,75.0,6,5.0
10,70,dn10,4,pkg58,77.0,83.0,87,1000.0,100,85,4,15
10,71,dn9,3,pkg59,80.0,86.0,93,1000.0,82.0,80.0,7,2.0
10,72,dn5,2,pkg60,81.0,89.0,97,1000.0,130,101,8,29
10,73,dn11,4,pkg61,79.0,88.0,93,1000.0,99,86,5,13
10,78,dn4,2,pkg62,88.0,97.0,105,1000.0,110,94,8,16
10,79,dn12,4,pkg63,89.0,95.0,102,1000.0,101,90,7,11
10,83,dn2,1,pkg64,90.0,98.0,105,1000.0,113,98,7,15
10,84,dn7,3,pkg65,90.0,99.0,101,1000.0,100,92,2,8
10,85,dn3,1,pkg66,94.0,102.0,107,1000.0,115,100,5,15
10,86,dn8,3,pkg67,96.0,104.0,108,1000.0,98.0,96.0,4,2.0
10,88,dn9,3,pkg68,97.0,103.0,105,1000.0,104.0,97.0,2,7.0
10,93,dn13,5,pkg71,102.0,110.0,119,1000.0,111,102,9,9
10,94,dn14,5,pkg72,99.0,109.0,114,1000.0,108,101,5,7
10,96,dn15,5,pkg73,103.0,109.0,119,1000.0,124,110,10,14
10,98,dn8,3,pkg75,103.0,108.0,117,1000.0,108,103,9,5
10,99,dn11,4,pkg74,104.0,113.0,118,1000.0,135,117,5,18
11,0,dn1,1,pkg19,8.0,15.0,19,1000.0,13.0,8.0,4,5.0
11,0,dn2,1,pkg10,9.0,14.0,20,1000.0,30,15,6,15
11,0,dn3,1,pkg15,9.0,14.0,20,1000.0,18,9,6,9
11,0,dn4,2,pkg17,7.0,12.0,17,1000.0,24,12,5,12
11,0,dn5,2,pkg9,6.0,13.0,18,1000.0,48,24,5,24
11,0,dn6,2,pkg21,5.0,11.0,18,1000.0,26,13,7,13
11,0,dn7,3,pkg3,6.0,11.0,15,1000.0,10.0,6.0,4,4.0
11,0,dn8,3,pkg11,8.0,16.0,20,1000.0,10.0,8.0,4,2.0
11,0,dn9,3,pkg18,8.0,15.0,20,1000.0,13.0,8.0,5,5.0
11,0,dn10,4,pkg14,8.0,15.0,19,1000.0,44,22,4,22
11,0,dn11,4,pkg7,7.0,15.0,21,1000.0,44,22,6,22
11,0,dn12,4,pkg16,7.0,15.0,22,1000.0,20,10,7,10
11,0,dn13,5,pkg8,6.0,14.0,17,1000.0,8.0,6.0,3,2.0
11,0,dn14,5,pkg1,7.0,16.0,22,1000.0,16,8,6,8
11,0,dn15,5,pkg4,9.0,19.0,23,1000.0,13.0,9.0,4,4.0
11,8,dn13,5,pkg13,9.0,19.0,25,1000.0,22,15,6,7
11,10,dn7,3,pkg20,6.0,14.0,20,1000.0,40,25,6,15
11,10,dn8,3,pkg6,8.0,17.0,24,1000.0,28,19,7,9
11,13,dn1,1,pkg23,10.0,15.0,20,1000.0,23,18,5,5
11,13,dn9,3,pkg12,9.0,17.0,25,1000.0,27,20,8,7
11,13,dn15,5,pkg24,14.0,22.0,31,1000.0,27,20,9,7
11,16,dn14,5,pkg25,18.0,27.0,34,1000.0,26,21,7,5
11,22,dn13,5,pkg30,29.0,34.0,37,1000.0,31.0,29.0,3,2.0
11,24,dn4,2,pkg27,22.0,27.0,34,1000.0,58,41,7,17
11,25,dn12,4,pkg32,35.0,41.0,48,1000.0,71,48,7,23
11,26,dn1,1,pkg33,31.0,36.0,41,1000.0,60,43,5,17
11,26,dn6,2,pkg28,21.0,27.0,35,1000.0,70,48,8,22
11,26,dn14,5,pkg29,27.0,32.0,42,1000.0,58,42,10,16
11,27,dn9,3,pkg31,29.0,35.0,45,1000.0,59,43,10,16
11,30,dn2,1,pkg35,39.0,46.0,50,1000.0,44.0,39.0,4,5.0
11,32,dn8,3,pkg36,41.0,46.0,48,1000.0,49.0,41.0,2,8.0
11,34,dn13,5,pkg37,40.0,45.0,56,1000.0,54,44,11,10
11,36,dn3,1,pkg39,42.0,52.0,58,1000.0,46.0,42.0,6,4.0
11,40,dn7,3,pkg40,48.0,56.0,61,1000.0,62,51,5,11
11,44,dn2,1,pkg41,49.0,57.0,60,1000.0,58,51,3,7
11,44,dn10,4,pkg42,52.0,60.0,65,1000.0,82,63,5,19
11,46,dn3,1,pkg43,54.0,60.0,70,1000.0,82,64,10,18
11,48,dn15,5,pkg44,58.0,63.0,69,1000.0,62.0,58.0,6,4.0
11,50,dn11,4,pkg45,59.0,68.0,75,1000.0,88,69,7,19
11,51,dn8,3,pkg46,61.0,71.0,78,1000.0,63.0,61.0,7,2.0
11,52,dn5,2,pkg47,61.0,71.0,76,1000.0,102,77,5,25
11,56,dn13,5,pkg49,61.0,71.0,77,1000.0,65.0,61.0,6,4.0
11,58,dn4,2,pkg48,61.0,69.0,75,1000.0,82,70,6,12
11,59,dn2,1,pkg50,64.0,72.0,76,1000.0,95,77,4,18
11,62,dn1,1,pkg52,67.0,73.0,76,1000.0,90,76,3,14
11,63,dn7,3,pkg53,73.0,78.0,89,1000.0,79.0,73.0,11,6.0
11,70,dn6,2,pkg51,69.0,76.0,87,1000.0,124,97,11,27
11,71,dn12,4,pkg54,74.0,84.0,89,1000.0,103,87,5,16
11,79,dn7,3,pkg61,88.0,98.0,102,1000.0,95.0,88.0,4,7.0
11,82,dn3,1,pkg57,78.0,83.0,87,1000.0,124,103,4,21
11,82,dn4,2,pkg56,79.0,86.0,91,1000.0,132,107,5,25
11,82,dn10,4,pkg60,87.0,96.0,102,1000.0,114,98,6,16
11,84,dn8,3,pkg65,94.0,102.0,113,1000.0,138,111,11,27
11,85,dn9,3,pkg66,95.0,104.0,113,1000.0,107,96,9,11
11,88,dn11,4,pkg62,89.0,94.0,102,1000.0,106,97,8,9
11,89,dn13,5,pkg69,94.0,101.0,111,1000.0,99,94,10,5
11,90,dn1,1,pkg64,93.0,100.0,104,1000.0,114,102,4,12
11,91,dn14,5,pkg70,100.0,108.0,113,1000.0,104.0,100.0,5,4.0
11,93,dn15,5,pkg72,103.0,110.0,117,1000.0,110.0,103.0,7,7.0
11,95,dn2,1,pkg63,89.0,99.0,109,1000.0,141,118,10,23
11,95,dn7,3,pkg73,103.0,113.0,117,1000.0,109.0,103.0,4,6.0
11,99,dn13,5,pkg74,105.0,110.0,111,1000.0,106.0,105.0,1,1.0
12,0,dn1,1,pkg5,5.0,10.0,14,1000.0,14,7,4,7
12,0,dn2,1,pkg4,5.0,14.0,16,1000.0,9.0,5.0,2,4.0
12,0,dn3,1,pkg9,6.0,12.0,16,1000.0,16,8,4,8
12,0,dn4,2,pkg11,7.0,13.0,18,1000.0,16,8,5,8
12,0,dn5,2,pkg20,6.0,14.0,18,1000.0,24,12,4,12
12,0,dn6,2,pkg2,5.0,14.0,21,1000.0,10,5,7,5
12,0,dn7,3,pkg19,9.0,15.0,20,1000.0,13.0,9.0,5,4.0
12,0,dn8,3,pkg7,7.0,15.0,22,1000.0,22,11,7,11
12,0,dn9,3,pkg16,9.0,14.0,22,1000.0,14.0,9.0,8,5.0
12,0,dn10,4,pkg1,6.0,11.0,15,1000.0,52,26,4,26
12,0,dn11,4,pkg18,5.0,15.0,21,1000.0,28,14,6,14
12,0,dn12,4,pkg21,8.0,17.0,21,1000.0,38,19,4,19
12,0,dn13,5,pkg22,6.0,14.0,18,1000.0,8.0,6.0,4,2.0
12,0,dn14,5,pkg3,8.0,16.0,19,1000.0,11.0,8.0,3,3.0
12,0,dn15,5,pkg13,6.0,14.0,19,1000.0,14,7,5,7
12,8,dn13,5,pkg17,8.0,17.0,19,1000.0,12,10,2,2
12,9,dn2,1,pkg23,7.0,14.0,18,1000.0,21,15,4,6
12,10,dn6,2,pkg24,9.0,16.0,21,1000.0,48,29,5,19
12,11,dn14,5,pkg15,10.0,19.0,28,1000.0,17,14,9,3
12,12,dn13,5,pkg25,10.0,20.0,29,1000.0,34,23,9,11
12,13,dn7,3,pkg12,10.0,19.0,24,1000.0,29,21,5,8
12,14,dn1,1,pkg10,9.0,17.0,22,1000.0,40,27,5,13
12,14,dn9,3,pkg14,10.0,20.0,25,1000.0,28,21,5,7
12,14,dn15,5,pkg27,18.0,26.0,29,1000.0,22,18,3,4
12,16,dn3,1,pkg8,10.0,18.0,23,1000.0,34,25,5,9
12,16,dn4,2,pkg28,18.0,24.0,26,1000.0,42,29,2,13
12,20,dn14,5,pkg29,26.0,33.0,42,1000.0,42,31,9,11
12,22,dn2,1,pkg31,30.0,38.0,43,1000.0,35.0,30.0,5,5.0
12,22,dn8,3,pkg30,26.0,31.0,34,1000.0,38,30,3,8
12,25,dn5,2,pkg33,31.0,39.0,40,1000.0,67,46,1,21
12,28,dn9,3,pkg34,36.0,42.0,52,1000.0,68,48,10,20
12,28,dn11,4,pkg32,34.0,39.0,47,1000.0,54,41,8,13
12,28,dn15,5,pkg35,34.0,42.0,47,1000.0,37.0,34.0,5,3.0
12,34,dn3,1,pkg37,44.0,52.0,58,1000.0,68,51,6,17
12,38,dn12,4,pkg36,41.0,48.0,51,1000.0,90,64,3,26
12,41,dn1,1,pkg38,50.0,59.0,68,1000.0,51.0,50.0,9,1.0
12,42,dn4,2,pkg39,51.0,56.0,64,1000.0,58.0,51.0,8,7.0
12,44,dn7,3,pkg41,52.0,62.0,64,1000.0,66,55,2,11
12,45,dn2,1,pkg42,50.0,59.0,66,1000.0,69,57,7,12
12,46,dn8,3,pkg43,54.0,64.0,70,1000.0,58.0,54.0,6,4.0
12,48,dn6,2,pkg40,51.0,60.0,69,1000.0,102,75,9,27
12,48,dn13,5,pkg44,54.0,62.0,70,1000.0,58.0,54.0,8,4.0
12,52,dn10,4,pkg45,55.0,60.0,65,1000.0,112,82,5,30
12,52,dn14,5,pkg46,58.0,66.0,72,1000.0,64,58,6,6
12,55,dn1,1,pkg48,61.0,69.0,78,1000.0,67,61,9,6
12,58,dn4,2,pkg47,63.0,69.0,77,1000.0,96,77,8,19
12,58,dn8,3,pkg49,63.0,68.0,75,1000.0,76,67,7,9
12,64,dn13,5,pkg51,69.0,75.0,82,1000.0,78,71,7,7
12,65,dn11,4,pkg52,71.0,81.0,87,1000.0,93,79,6,14
12,67,dn5,2,pkg50,72.0,79.0,82,1000.0,83,75,3,8
12,67,dn7,3,pkg53,75.0,80.0,86,1000.0,93,80,6,13
12,69,dn1,1,pkg54,74.0,82.0,86,1000.0,103,86,4,17
12,70,dn9,3,pkg55,79.0,89.0,97,1000.0,88,79,8,9
12,71,dn2,1,pkg56,78.0,84.0,94,1000.0,79.0,78.0,10,1.0
12,74,dn14,5,pkg57,79.0,89.0,95,1000.0,81.0,79.0,6,2.0
12,76,dn8,3,pkg58,81.0,91.0,95,1000.0,92,84,4,8
12,78,dn3,1,pkg59,85.0,93.0,104,1000.0,102,90,11,12
12,79,dn2,1,pkg60,85.0,92.0,103,1000.0,89.0,85.0,11,4.0
12,84,dn13,5,pkg61,91.0,97.0,103,1000.0,97.0,91.0,6,6.0
12,85,dn5,2,pkg62,92.0,101.0,108,1000.0,131,108,7,23
12,86,dn14,5,pkg63,96.0,104.0,114,1000.0,110,98,10,12
12,87,dn15,5,pkg64,94.0,100.0,110,1000.0,100.0,94.0,10,6.0
12,89,dn2,1,pkg65,98.0,105.0,110,1000.0,104.0,98.0,5,6.0
12,89,dn9,3,pkg66,96.0,103.0,109,1000.0,99.0,96.0,6,3.0
12,96,dn11,4,pkg68,105.0,113.0,117,1000.0,126,111,4,15
13,0,dn1,1,pkg17,7.0,12.0,17,1000.0,24,12,5,12
13,0,dn2,1,pkg20,7.0,12.0,17,1000.0,26,13,5,13
13,0,dn3,1,pkg22,5.0,14.0,19,1000.0,9.0,5.0,5,4.0
13,0,dn4,2,pkg16,8.0,17.0,19,1000.0,30,15,2,15
13,0,dn5,2,pkg13,5.0,13.0,20,1000.0,36,18,7,18
13,0,dn6,2,pkg1,6.0,13.0,22,1000.0,26,13,9,13
13,0,dn7,3,pkg9,8.0,16.0,18,1000.0,14.0,8.0,2,6.0
13,0,dn8,3,pkg3,7.0,12.0,20,1000.0,10.0,7.0,8,3.0
13,0,dn9,3,pkg4,6.0,14.0,20,1000.0,36,18,6,18
13,0,dn10,4,pkg21,6.0,15.0,20,1000.0,32,16,5,16
13,0,dn11,4,pkg6,8.0,16.0,22,1000.0,12.0,8.0,6,4.0
13,0,dn12,4,pkg10,10.0,18.0,22,1000.0,38,19,4,19
13,0,dn13,5,pkg19,6.0,14.0,17,1000.0,9.0,6.0,3,3.0
13,0,dn14,5,pkg12,9.0,18.0,20,1000.0,11.0,9.0,2,2.0
13,0,dn15,5,pkg5,10.0,19.0,24,1000.0,17.0,10.0,5,7.0
13,9,dn3,1,pkg7,9.0,16.0,21,1000.0,43,26,5,17
13,9,dn13,5,pkg25,11.0,17.0,18,1000.0,12.0,11.0,1,1.0
13,10,dn8,3,pkg11,8.0,16.0,25,1000.0,34,22,9,12
13,11,dn14,5,pkg24,9.0,16.0,25,1000.0,37,24,9,13
13,12,dn11,4,pkg15,9.0,16.0,22,1000.0,48,30,6,18
13,12,dn13,5,pkg28,17.0,22.0,26,1000.0,22,17,4,5
13,14,dn7,3,pkg2,9.0,18.0,28,1000.0,30,22,10,8
13,17,dn15,5,pkg30,21.0,28.0,30,1000.0,23.0,21.0,2,2.0
13,22,dn13,5,pkg33,25.0,35.0,40,1000.0,32,27,5,5
13,23,dn15,5,pkg34,31.0,41.0,47,1000.0,36.0,31.0,6,5.0
13,24,dn1,1,pkg35,31.0,38.0,43,1000.0,44,34,5,10
13,26,dn2,1,pkg36,34.0,44.0,47,1000.0,40.0,34.0,3,6.0
13,26,dn6,2,pkg32,24.0,34.0,37,1000.0,44,35,3,9
13,30,dn7,3,pkg37,34.0,42.0,53,1000.0,42,36,11,6
13,31,dn4,2,pkg38,40.0,48.0,53,1000.0,67,49,5,18
13,32,dn13,5,pkg39,42.0,48.0,54,1000.0,46.0,42.0,6,4.0
13,36,dn5,2,pkg40,39.0,44.0,49,1000.0,58,47,5,11
13,36,dn10,4,pkg41,45.0,54.0,60,1000.0,74,55,6,19
13,38,dn8,3,pkg42,48.0,56.0,58,1000.0,55.0,48.0,2,7.0
13,41,dn2,1,pkg43,50.0,60.0,65,1000.0,73,57,5,16
13,43,dn3,1,pkg44,53.0,60.0,64,1000.0,60.0,53.0,4,7.0
13,44,dn1,1,pkg45,49.0,58.0,63,1000.0,52.0,49.0,5,3.0
13,46,dn6,2,pkg46,54.0,62.0,68,1000.0,62,54,6,8
13,47,dn12,4,pkg47,52.0,59.0,66,1000.0,95,71,7,24
13,49,dn7,3,pkg48,56.0,61.0,71,1000.0,62.0,56.0,10,6.0
13,50,dn11,4,pkg49,55.0,65.0,73,1000.0,76,63,8,13
13,52,dn1,1,pkg50,61.0,69.0,78,1000.0,78,65,9,13
13,53,dn9,3,pkg51,59.0,64.0,74,1000.0,62.0,59.0,10,3.0
13,58,dn5,2,pkg52,60.0,68.0,78,1000.0,110,84,10,26
13,58,dn8,3,pkg54,68.0,76.0,82,1000.0,76.0,68.0,6,8.0
13,60,dn3,1,pkg53,67.0,76.0,84,1000.0,84,72,8,12
13,60,dn13,5,pkg55,65.0,74.0,84,1000.0,86,73,10,13
13,61,dn14,5,pkg56,66.0,74.0,83,1000.0,91,76,9,15
13,63,dn6,2,pkg57,73.0,83.0,89,1000.0,103,83,6,20
13,66,dn7,3,pkg59,76.0,85.0,88,1000.0,80.0,76.0,3,4.0
13,68,dn9,3,pkg60,73.0,79.0,83,1000.0,86,77,4,9
13,72,dn15,5,pkg61,79.0,89.0,95,1000.0,90,81,6,9
13,73,dn2,1,pkg58,71.0,81.0,84,1000.0,89,81,3,8
13,78,dn1,1,pkg62,83.0,89.0,97,1000.0,94,86,8,8
13,80,dn4,2,pkg63,89.0,95.0,102,1000.0,126,103,7,23
13,81,dn10,4,pkg64,90.0,95.0,99,1000.0,103,92,4,11
13,82,dn11,4,pkg65,89.0,94.0,102,1000.0,124,103,8,21
13,86,dn3,1,pkg66,94.0,103.0,107,1000.0,101.0,94.0,4,7.0
13,90,dn7,3,pkg67,96.0,104.0,108,1000.0,106,98,4,8
13,91,dn2,1,pkg68,96.0,105.0,116,1000.0,133,112,11,21
13,94,dn1,1,pkg69,103.0,109.0,115,1000.0,114,104,6,10
13,94,dn8,3,pkg70,99.0,107.0,115,1000.0,112,103,8,9
13,96,dn9,3,pkg71,103.0,112.0,122,1000.0,122,109,10,13
13,97,dn12,4,pkg72,104.0,111.0,115,1000.0,119,108,4,11
13,98,dn13,5,pkg73,105.0,115.0,121,1000.0,108.0,105.0,6,3.0
14,0,dn1,1,pkg12,5.0,12.0,16,1000.0,9.0,5.0,4,4.0
14,0,dn2,1,pkg8,7.0,13.0,18,1000.0,28,14,5,14
14,0,dn3,1,pkg15,8.0,15.0,18,1000.0,14.0,8.0,3,6.0
14,0,dn4,2,pkg14,8.0,13.0,15,1000.0,44,22,2,22
14,0,dn5,2,pkg7,7.0,13.0,17,1000.0,30,15,4,15
14,0,dn6,2,pkg16,9.0,16.0,19,1000.0,44,22,3,22
14,0,dn7,3,pkg9,6.0,11.0,16,1000.0,11.0,6.0,5,5.0
14,0,dn8,3,pkg6,5.0,14.0,21,1000.0,30,15,7,15
14,0,dn9,3,pkg17,8.0,16.0,21,1000.0,11.0,8.0,5,3.0
14,0,dn10,4,pkg2,9.0,14.0,15,1000.0,20,10,1,10
14,0,dn11,4,pkg19,6.0,15.0,18,1000.0,24,12,3,12
14,0,dn12,4,pkg13,7.0,15.0,21,1000.0,16,8,6,8
14,0,dn13,5,pkg20,7.0,17.0,19,1000.0,9.0,7.0,2,2.0
14,0,dn14,5,pkg22,5.0,14.0,22,1000.0,14,7,8,7
14,0,dn15,5,pkg5,9.0,18.0,23,1000.0,14.0,9.0,5,5.0
14,9,dn1,1,pkg10,9.0,14.0,20,1000.0,41,25,6,16
14,9,dn13,5,pkg1,9.0,17.0,25,1000.0,23,16,8,7
14,11,dn7,3,pkg4,9.0,15.0,22,1000.0,27,19,7,8
14,11,dn9,3,pkg18,9.0,19.0,26,1000.0,39,25,7,14
14,14,dn3,1,pkg11,8.0,17.0,21,1000.0,34,24,4,10
14,14,dn14,5,pkg27,22.0,28.0,29,1000.0,23.0,22.0,1,1.0
14,16,dn12,4,pkg28,20.0,28.0,33,1000.0,34,25,5,9
14,16,dn15,5,pkg29,24.0,31.0,35,1000.0,29.0,24.0,4,5.0
14,22,dn10,4,pkg32,30.0,40.0,42,1000.0,64,43,2,21
14,23,dn13,5,pkg31,26.0,34.0,41,1000.0,37,30,7,7
14,25,dn11,4,pkg33,33.0,40.0,47,1000.0,61,43,7,18
14,27,dn7,3,pkg30,26.0,31.0,38,1000.0,63,45,7,18
14,28,dn2,1,pkg34,36.0,43.0,48,1000.0,48,38,5,10
14,30,dn5,2,pkg35,32.0,42.0,45,1000.0,72,51,3,21
14,31,dn14,5,pkg36,39.0,49.0,58,1000.0,49,40,9,9
14,34,dn3,1,pkg38,41.0,51.0,56,1000.0,68,51,5,17
14,34,dn12,4,pkg37,38.0,45.0,52,1000.0,72,53,7,19
14,36,dn8,3,pkg39,46.0,54.0,60,1000.0,51.0,46.0,6,5.0
14,39,dn13,5,pkg41,47.0,52.0,60,1000.0,54.0,47.0,8,7.0
14,40,dn9,3,pkg42,50.0,55.0,64,1000.0,57.0,50.0,9,7.0
14,41,dn1,1,pkg40,45.0,50.0,56,1000.0,77,59,6,18
14,43,dn15,5,pkg43,50.0,57.0,65,1000.0,63,53,8,10
14,48,dn4,2,pkg45,58.0,67.0,77,1000.0,63.0,58.0,10,5.0
14,49,dn14,5,pkg44,53.0,60.0,69,1000.0,61,55,9,6
14,55,dn6,2,pkg46,61.0,70.0,72,1000.0,87,71,2,16
14,58,dn8,3,pkg47,66.0,76.0,86,1000.0,102,80,10,22
14,61,dn11,4,pkg48,69.0,79.0,85,1000.0,103,82,6,21
14,74,dn4,2,pkg49,84.0,89.0,93,1000.0,108,91,4,17
14,76,dn2,1,pkg50,85.0,90.0,93,1000.0,90.0,85.0,3,5.0
14,77,dn5,2,pkg51,83.0,93.0,94,1000.0,119,98,1,21
14,78,dn1,1,pkg52,86.0,92.0,100,1000.0,88.0,86.0,8,2.0
14,80,dn10,4,pkg53,89.0,99.0,110,1000.0,128,104,11,24
14,81,dn3,1,pkg54,90.0,100.0,105,1000.0,111,96,5,15
14,82,dn12,4,pkg55,87.0,93.0,103,1000.0,108,95,10,13
14,83,dn7,3,pkg56,93.0,99.0,104,1000.0,96.0,93.0,5,3.0
14,84,dn9,3,pkg57,91.0,97.0,101,1000.0,114,99,4,15
14,86,dn13,5,pkg59,96.0,101.0,105,1000.0,99.0,96.0,4,3.0
14,87,dn6,2,pkg58,92.0,100.0,110,1000.0,131,109,10,22
14,88,dn14,5,pkg60,97.0,102.0,111,1000.0,102.0,97.0,9,5.0
14,90,dn1,1,pkg62,96.0,102.0,107,1000.0,108,99,5,9
14,91,dn2,1,pkg63,97.0,106.0,109,1000.0,113,102,3,11
14,93,dn15,5,pkg64,98.0,107.0,118,1000.0,101.0,98.0,11,3.0
14,96,dn7,3,pkg65,102.0,111.0,116,1000.0,106.0,102.0,5,4.0
14,99,dn13,5,pkg66,102.0,109.0,113,1000.0,109,104,4,5
15,0,dn1,1,pkg5,9.0,15.0,16,1000.0,22,11,1,11
15,0,dn2,1,pkg7,7.0,12.0,16,1000.0,11.0,7.0,4,4.0
15,0,dn3,1,pkg12,5.0,10.0,17,1000.0,10,5,7,5
15,0,dn4,2,pkg4,7.0,12.0,15,1000.0,34,17,3,17
15,0,dn5,2,pkg21,9.0,15.0,18,1000.0,32,16,3,16
15,0,dn6,2,pkg1,9.0,17.0,19,1000.0,40,20,2,20
15,0,dn7,3,pkg13,6.0,12.0,16,1000.0,8.0,6.0,4,2.0
15,0,dn8,3,pkg16,8.0,14.0,18,1000.0,16,8,4,8
15,0,dn9,3,pkg8,6.0,12.0,19,1000.0,9.0,6.0,7,3.0
15,0,dn10,4,pkg17,5.0,13.0,17,1000.0,42,21,4,21
15,0,dn11,4,pkg6,10.0,15.0,18,1000.0,52,26,3,26
15,0,dn12,4,pkg2,7.0,16.0,20,1000.0,28,14,4,14
15,0,dn13,5,pkg9,9.0,15.0,22,1000.0,15.0,9.0,7,6.0
15,0,dn14,5,pkg15,7.0,17.0,22,1000.0,13.0,7.0,5,6.0
15,0,dn15,5,pkg20,8.0,14.0,22,1000.0,20,10,8,10
15,8,dn7,3,pkg10,5.0,15.0,21,1000.0,30,19,6,11
15,9,dn9,3,pkg25,12.0,20.0,31,1000.0,51,30,11,21
15,10,dn3,1,pkg18,7.0,12.0,19,1000.0,40,25,7,15
15,11,dn2,1,pkg22,10.0,16.0,22,1000.0,37,24,6,13
15,13,dn14,5,pkg28,18.0,25.0,30,1000.0,29,21,5,8
15,15,dn13,5,pkg26,20.0,26.0,35,1000.0,27,21,9,6
15,21,dn15,5,pkg34,30.0,39.0,44,1000.0,36.0,30.0,5,6.0
15,22,dn1,1,pkg31,23.0,28.0,33,1000.0,38,30,5,8
15,27,dn13,5,pkg35,34.0,43.0,51,1000.0,47,37,8,10
15,28,dn8,3,pkg36,36.0,41.0,48,1000.0,40.0,36.0,7,4.0
15,28,dn12,4,pkg33,28.0,34.0,40,1000.0,58,43,6,15
15,29,dn14,5,pkg37,36.0,44.0,54,1000.0,55,42,10,13
15,34,dn4,2,pkg38,43.0,50.0,57,1000.0,74,54,7,20
15,35,dn5,2,pkg39,42.0,49.0,60,1000.0,51,43,11,8
15,40,dn1,1,pkg42,47.0,53.0,60,1000.0,53.0,47.0,7,6.0
15,40,dn6,2,pkg40,45.0,53.0,60,1000.0,70,55,7,15
15,41,dn2,1,pkg43,51.0,60.0,68,1000.0,59.0,51.0,8,8.0
15,43,dn3,1,pkg44,50.0,60.0,65,1000.0,77,60,5,17
15,44,dn15,5,pkg45,51.0,57.0,66,1000.0,53.0,51.0,9,2.0
15,45,dn10,4,pkg46,50.0,56.0,65,1000.0,67,56,9,11
15,51,dn5,2,pkg41,45.0,55.0,65,1000.0,83,67,10,16
15,51,dn7,3,pkg47,60.0,66.0,72,1000.0,66.0,60.0,6,6.0
15,52,dn8,3,pkg48,58.0,66.0,70,1000.0,63.0,58.0,4,5.0
15,53,dn9,3,pkg49,62.0,69.0,74,1000.0,66.0,62.0,5,4.0
15,54,dn1,1,pkg50,64.0,70.0,80,1000.0,67.0,64.0,10,3.0
15,57,dn11,4,pkg52,67.0,73.0,80,1000.0,77,67,7,10
15,60,dn2,1,pkg53,68.0,77.0,82,1000.0,72.0,68.0,5,4.0
15,63,dn8,3,pkg51,65.0,74.0,82,1000.0,101,82,8,19
15,66,dn7,3,pkg54,73.0,79.0,87,1000.0,88,77,8,11
15,66,dn12,4,pkg55,74.0,81.0,87,1000.0,82,74,6,8
15,73,dn1,1,pkg56,78.0,83.0,92,1000.0,91,82,9,9
15,74,dn2,1,pkg57,79.0,89.0,94,1000.0,100,87,5,13
15,75,dn4,2,pkg58,83.0,89.0,99,1000.0,87.0,83.0,10,4.0
15,79,dn6,2,pkg59,89.0,99.0,103,1000.0,111,95,4,16
15,81,dn3,1,pkg60,87.0,93.0,97,1000.0,105,93,4,12
15,85,dn5,2,pkg61,93.0,98.0,106,1000.0,121,103,8,18
15,87,dn4,2,pkg62,96.0,101.0,106,1000.0,133,110,5,23
15,89,dn10,4,pkg63,96.0,104.0,112,1000.0,111,100,8,11
15,92,dn11,4,pkg64,97.0,102.0,112,1000.0,110,101,10,9
15,98,dn7,3,pkg65,108.0,117.0,121,1000.0,114.0,108.0,4,6.0
16,0,dn1,1,pkg18,5.0,10.0,15,1000.0,16,8,5,8
16,0,dn2,1,pkg3,8.0,14.0,18,1000.0,32,16,4,16
16,0,dn3,1,pkg9,10.0,15.0,18,1000.0,19.0,10.0,3,9.0
16,0,dn4,2,pkg6,6.0,11.0,16,1000.0,38,19,5,19
16,0,dn5,2,pkg22,7.0,12.0,16,1000.0,44,22,4,22
16,0,dn6,2,pkg13,7.0,15.0,19,1000.0,14,7,4,7
16,0,dn7,3,pkg10,6.0,11.0,13,1000.0,20,10,2,10
16,0,dn8,3,pkg4,8.0,13.0,18,1000.0,11.0,8.0,5,3.0
16,0,dn9,3,pkg20,5.0,13.0,18,1000.0,9.0,5.0,5,4.0
16,0,dn10,4,pkg12,10.0,15.0,20,1000.0,20,10,5,10
16,0,dn11,4,pkg1,8.0,15.0,23,1000.0,14.0,8.0,8,6.0
16,0,dn12,4,pkg16,9.0,15.0,23,1000.0,16.0,9.0,8,7.0
16,0,dn13,5,pkg8,5.0,14.0,22,1000.0,18,9,8,9
16,0,dn14,5,pkg19,10.0,18.0,23,1000.0,13.0,10.0,5,3.0
16,0,dn15,5,pkg21,10.0,19.0,23,1000.0,14.0,10.0,4,4.0
16,9,dn9,3,pkg11,6.0,14.0,20,1000.0,43,26,6,17
16,11,dn8,3,pkg5,7.0,12.0,21,1000.0,47,29,9,18
16,13,dn14,5,pkg26,11.0,17.0,22,1000.0,25,19,5,6
16,14,dn6,2,pkg2,10.0,19.0,23,1000.0,36,25,4,11
16,14,dn11,4,pkg23,12.0,20.0,28,1000.0,66,40,8,26
16,14,dn15,5,pkg25,11.0,19.0,24,1000.0,26,20,5,6
16,16,dn1,1,pkg14,9.0,19.0,24,1000.0,24,20,5,4
16,16,dn12,4,pkg28,15.0,21.0,28,1000.0,42,29,7,13
16,18,dn13,5,pkg24,13.0,20.0,27,1000.0,22,20,7,2
16,19,dn3,1,pkg31,24.0,32.0,42,1000.0,28.0,24.0,10,4.0
16,20,dn7,3,pkg32,29.0,35.0,43,1000.0,64,42,8,22
16,20,dn10,4,pkg29,17.0,26.0,31,1000.0,66,43,5,23
16,30,dn1,1,pkg36,40.0,48.0,58,1000.0,78,54,10,24
16,33,dn2,1,pkg38,39.0,44.0,50,1000.0,47,40,6,7
16,36,dn3,1,pkg40,43.0,48.0,55,1000.0,86,61,7,25
16,36,dn6,2,pkg35,32.0,40.0,45,1000.0,56,46,5,10
16,37,dn13,5,pkg41,42.0,47.0,53,1000.0,49,43,6,6
16,38,dn4,2,pkg33,31.0,40.0,49,1000.0,64,51,9,13
16,41,dn14,5,pkg44,47.0,56.0,58,1000.0,50.0,47.0,2,3.0
16,42,dn12,4,pkg37,38.0,46.0,52,1000.0,104,73,6,31
16,43,dn9,3,pkg43,50.0,56.0,63,1000.0,77,60,7,17
16,43,dn15,5,pkg45,53.0,59.0,62,1000.0,56.0,53.0,3,3.0
16,44,dn5,2,pkg39,43.0,49.0,52,1000.0,68,56,3,12
16,47,dn8,3,pkg42,48.0,56.0,66,1000.0,97,72,10,25
16,48,dn2,1,pkg46,55.0,64.0,66,1000.0,76,62,2,14
16,49,dn13,5,pkg47,57.0,63.0,71,1000.0,65,57,8,8
16,51,dn14,5,pkg49,60.0,68.0,78,1000.0,67.0,60.0,10,7.0
16,56,dn6,2,pkg48,58.0,65.0,70,1000.0,92,74,5,18
16,56,dn15,5,pkg50,58.0,66.0,72,1000.0,66,61,6,5
16,64,dn4,2,pkg51,59.0,69.0,79,1000.0,92,78,10,14
16,64,dn7,3,pkg54,65.0,70.0,77,1000.0,78,71,7,7
16,65,dn13,5,pkg52,61.0,66.0,75,1000.0,79,72,9,7
16,66,dn10,4,pkg55,64.0,71.0,78,1000.0,100,83,7,17
16,66,dn11,4,pkg53,63.0,73.0,84,1000.0,78,72,11,6
16,66,dn15,5,pkg59,69.0,76.0,81,1000.0,82,74,5,8
16,68,dn5,2,pkg57,67.0,74.0,82,1000.0,106,87,8,19
16,71,dn14,5,pkg65,77.0,84.0,91,1000.0,81.0,77.0,7,4.0
16,76,dn2,1,pkg60,73.0,78.0,84,1000.0,100,88,6,12
16,77,dn9,3,pkg62,74.0,81.0,88,1000.0,103,90,7,13
16,78,dn1,1,pkg68,84.0,89.0,91,1000.0,100,89,2,11
16,78,dn7,3,pkg58,72.0,81.0,90,1000.0,118,98,9,20
16,78,dn11,4,pkg63,78.0,87.0,91,1000.0,122,100,4,22
16,79,dn13,5,pkg67,78.0,86.0,93,1000.0,91,85,7,6
16,81,dn14,5,pkg69,87.0,92.0,100,1000.0,105,93,8,12
16,82,dn15,5,pkg70,84.0,94.0,100,1000.0,92,87,6,5
16,86,dn3,1,pkg72,85.0,90.0,91,1000.0,114,100,1,14
16,91,dn13,5,pkg73,88.0,98.0,109,1000.0,123,107,11,16
16,92,dn4,2,pkg77,91.0,96.0,104,1000.0,134,113,8,21
16,92,dn6,2,pkg74,88.0,94.0,105,1000.0,132,112,11,20
16,92,dn15,5,pkg79,98.0,104.0,113,1000.0,114,103,9,11
16,97,dn8,3,pkg71,88.0,98.0,103,1000.0,127,112,5,15
17,0,dn1,1,pkg4,7.0,12.0,18,1000.0,20,10,6,10
17,0,dn2,1,pkg14,5.0,11.0,20,1000.0,12,6,9,6
17,0,dn3,1,pkg5,9.0,17.0,21,1000.0,18,9,4,9
17,0,dn4,2,pkg21,5.0,15.0,17,1000.0,20,10,2,10
17,0,dn5,2,pkg3,6.0,11.0,19,1000.0,38,19,8,19
17,0,dn6,2,pkg11,6.0,13.0,20,1000.0,18,9,7,9
17,0,dn7,3,pkg6,5.0,15.0,18,1000.0,10,5,3,5
17,0,dn8,3,pkg22,5.0,14.0,18,1000.0,20,10,4,10
17,0,dn9,3,pkg13,8.0,16.0,19,1000.0,10.0,8.0,3,2.0
17,0,dn10,4,pkg15,6.0,14.0,17,1000.0,46,23,3,23
17,0,dn11,4,pkg12,5.0,15.0,21,1000.0,38,19,6,19
17,0,dn12,4,pkg7,10.0,20.0,26,1000.0,38,19,6,19
17,0,dn13,5,pkg19,7.0,13.0,17,1000.0,14,7,4,7
17,0,dn14,5,pkg17,5.0,15.0,19,1000.0,12,6,4,6
17,0,dn15,5,pkg1,9.0,18.0,20,1000.0,10.0,9.0,2,1.0
17,10,dn7,3,pkg9,7.0,17.0,21,1000.0,16,13,4,3
17,10,dn9,3,pkg2,7.0,17.0,25,1000.0,16,13,8,3
17,10,dn15,5,pkg8,6.0,16.0,22,1000.0,16,13,6,3
17,12,dn2,1,pkg24,12.0,21.0,25,1000.0,26,19,4,7
17,12,dn14,5,pkg16,10.0,16.0,24,1000.0,32,22,8,10
17,14,dn13,5,pkg26,15.0,20.0,24,1000.0,26,20,4,6
17,16,dn7,3,pkg10,8.0,18.0,26,1000.0,34,25,8,9
17,16,dn9,3,pkg18,8.0,18.0,26,1000.0,30,23,8,7
17,18,dn3,1,pkg27,19.0,25.0,36,1000.0,46,32,11,14
17,18,dn6,2,pkg25,13.0,19.0,21,1000.0,60,39,2,21
17,18,dn15,5,pkg29,25.0,34.0,39,1000.0,29.0,25.0,5,4.0
17,20,dn1,1,pkg31,28.0,34.0,41,1000.0,32.0,28.0,7,4.0
17,20,dn4,2,pkg28,25.0,30.0,38,1000.0,48,34,8,14
17,25,dn8,3,pkg33,30.0,38.0,47,1000.0,47,36,9,11
17,26,dn2,1,pkg32,31.0,38.0,41,1000.0,58,42,3,16
17,32,dn1,1,pkg30,28.0,38.0,46,1000.0,76,54,8,22
17,33,dn9,3,pkg34,43.0,48.0,55,1000.0,52.0,43.0,7,9.0
17,35,dn7,3,pkg35,41.0,47.0,52,1000.0,63,49,5,14
17,38,dn5,2,pkg36,41.0,47.0,57,1000.0,54,46,10,8
17,40,dn11,4,pkg37,46.0,55.0,64,1000.0,64,52,9,12
17,41,dn12,4,pkg38,47.0,53.0,64,1000.0,59,50,11,9
17,45,dn13,5,pkg40,55.0,61.0,69,1000.0,69,57,8,12
17,46,dn10,4,pkg39,51.0,61.0,67,1000.0,78,62,6,16
17,46,dn14,5,pkg41,51.0,61.0,66,1000.0,56,51,5,5
17,47,dn3,1,pkg42,54.0,59.0,63,1000.0,61,54,4,7
17,51,dn4,2,pkg43,56.0,63.0,65,1000.0,87,69,2,18
17,55,dn15,5,pkg44,62.0,69.0,77,1000.0,79,67,8,12
17,56,dn5,2,pkg45,65.0,75.0,86,1000.0,69.0,65.0,11,4.0
17,58,dn8,3,pkg46,65.0,75.0,78,1000.0,74,66,3,8
17,61,dn2,1,pkg47,69.0,74.0,77,1000.0,79,70,3,9
17,64,dn3,1,pkg48,70.0,79.0,84,1000.0,78,71,5,7
17,65,dn6,2,pkg49,72.0,79.0,89,1000.0,78.0,72.0,10,6.0
17,66,dn7,3,pkg50,71.0,80.0,87,1000.0,73.0,71.0,7,2.0
17,67,dn9,3,pkg51,74.0,83.0,85,1000.0,80.0,74.0,2,6.0
17,68,dn11,4,pkg52,73.0,80.0,91,1000.0,86,77,11,9
17,72,dn5,2,pkg53,80.0,86.0,97,1000.0,94,83,11,11
17,73,dn7,3,pkg54,78.0,88.0,95,1000.0,82.0,78.0,7,4.0
17,76,dn1,1,pkg55,82.0,89.0,98,1000.0,85.0,82.0,9,3.0
17,78,dn3,1,pkg56,84.0,89.0,93,1000.0,94,86,4,8
17,80,dn8,3,pkg57,90.0,95.0,102,1000.0,100,90,7,10
17,86,dn7,3,pkg58,91.0,99.0,102,1000.0,102,94,3,8
17,87,dn1,1,pkg59,97.0,103.0,105,1000.0,101.0,97.0,2,4.0
17,92,dn4,2,pkg60,102.0,111.0,119,1000.0,111.0,102.0,8,9.0
17,93,dn2,1,pkg61,100.0,106.0,113,1000.0,105.0,100.0,7,5.0
17,94,dn3,1,pkg62,101.0,109.0,113,1000.0,114,104,4,10
17,96,dn5,2,pkg63,106.0,113.0,120,1000.0,146,121,7,25
17,98,dn6,2,pkg64,107.0,115.0,126,1000.0,118,108,11,10
17,99,dn9,3,pkg65,108.0,117.0,118,1000.0,113.0,108.0,1,5.0
18,0,dn1,1,pkg14,6.0,15.0,18,1000.0,36,18,3,18
18,0,dn2,1,pkg6,5.0,10.0,21,1000.0,20,10,11,10
18,0,dn3,1,pkg9,7.0,12.0,21,1000.0,11.0,7.0,9,4.0
18,0,dn4,2,pkg10,7.0,12.0,16,1000.0,12.0,7.0,4,5.0
18,0,dn5,2,pkg16,7.0,14.0,16,1000.0,24,12,2,12
18,0,dn6,2,pkg5,5.0,13.0,17,1000.0,40,20,4,20
18,0,dn7,3,pkg20,7.0,12.0,16,1000.0,22,11,4,11
18,0,dn8,3,pkg1,6.0,15.0,17,1000.0,8.0,6.0,2,2.0
18,0,dn9,3,pkg11,6.0,15.0,18,1000.0,10.0,6.0,3,4.0
18,0,dn10,4,pkg13,6.0,13.0,18,1000.0,28,14,5,14
18,0,dn11,4,pkg19,6.0,16.0,21,1000.0,44,22,5,22
18,0,dn12,4,pkg2,5.0,15.0,22,1000.0,30,15,7,15
18,0,dn13,5,pkg4,6.0,14.0,16,1000.0,8.0,6.0,2,2.0
18,0,dn14,5,pkg22,8.0,18.0,24,1000.0,13.0,8.0,6,5.0
18,0,dn15,5,pkg18,9.0,18.0,25,1000.0,17.0,9.0,7,8.0
18,8,dn8,3,pkg8,8.0,18.0,20,1000.0,24,16,2,8
18,8,dn13,5,pkg24,15.0,23.0,25,1000.0,16.0,15.0,2,1.0
18,10,dn9,3,pkg17,9.0,14.0,20,1000.0,30,20,6,10
18,11,dn3,1,pkg23,7.0,14.0,21,1000.0,47,29,7,18
18,12,dn4,2,pkg21,5.0,14.0,18,1000.0,46,29,4,17
18,13,dn14,5,pkg25,16.0,22.0,25,1000.0,23,18,3,5
18,16,dn13,5,pkg7,10.0,18.0,29,1000.0,34,25,11,9
18,17,dn15,5,pkg15,9.0,19.0,30,1000.0,31,24,11,7
18,20,dn2,1,pkg28,17.0,23.0,27,1000.0,50,35,4,15
18,22,dn7,3,pkg30,25.0,32.0,43,1000.0,58,40,11,18
18,24,dn5,2,pkg29,24.0,29.0,38,1000.0,56,40,9,16
18,27,dn8,3,pkg33,35.0,41.0,46,1000.0,40.0,35.0,5,5.0
18,28,dn10,4,pkg32,28.0,33.0,38,1000.0,52,40,5,12
18,30,dn9,3,pkg35,35.0,43.0,53,1000.0,52,41,10,11
18,30,dn12,4,pkg31,28.0,36.0,41,1000.0,70,50,5,20
18,34,dn13,5,pkg37,44.0,50.0,55,1000.0,52.0,44.0,5,8.0
18,36,dn1,1,pkg34,35.0,45.0,50,1000.0,74,55,5,19
18,37,dn14,5,pkg39,46.0,56.0,63,1000.0,54.0,46.0,7,8.0
18,40,dn6,2,pkg41,47.0,52.0,61,1000.0,84,62,9,22
18,41,dn8,3,pkg42,48.0,58.0,67,1000.0,79,60,9,19
18,44,dn11,4,pkg36,40.0,46.0,56,1000.0,72,58,10,14
18,44,dn15,5,pkg44,49.0,54.0,57,1000.0,52.0,49.0,3,3.0
18,46,dn4,2,pkg43,48.0,57.0,60,1000.0,82,64,3,18
18,47,dn3,1,pkg38,43.0,52.0,58,1000.0,85,66,6,19
18,50,dn2,1,pkg40,48.0,56.0,66,1000.0,88,69,10,19
18,52,dn9,3,pkg46,55.0,61.0,70,1000.0,66,59,9,7
18,52,dn10,4,pkg45,50.0,56.0,60,1000.0,74,63,4,11
18,52,dn13,5,pkg48,59.0,64.0,69,1000.0,65.0,59.0,5,6.0
18,56,dn5,2,pkg47,59.0,65.0,74,1000.0,84,70,9,14
18,56,dn14,5,pkg50,62.0,71.0,77,1000.0,70,63,6,7
18,62,dn15,5,pkg54,68.0,73.0,82,1000.0,74,68,9,6
18,69,dn7,3,pkg56,75.0,85.0,95,1000.0,105,87,10,18
18,70,dn12,4,pkg52,65.0,75.0,79,1000.0,110,90,4,20
18,72,dn11,4,pkg53,70.0,76.0,80,1000.0,116,94,4,22
18,72,dn13,5,pkg58,77.0,84.0,90,1000.0,84,78,6,6
18,74,dn1,1,pkg55,73.0,79.0,90,1000.0,112,93,11,19
18,74,dn10,4,pkg57,77.0,82.0,87,1000.0,116,95,5,21
18,78,dn9,3,pkg60,84.0,94.0,103,1000.0,92,85,9,7
18,79,dn14,5,pkg61,87.0,93.0,100,1000.0,92.0,87.0,7,5.0
18,80,dn15,5,pkg62,88.0,96.0,105,1000.0,102,91,9,11
18,83,dn4,2,pkg65,90.0,95.0,103,1000.0,97,90,8,7
18,84,dn5,2,pkg66,91.0,96.0,103,1000.0,126,105,7,21
18,84,dn13,5,pkg63,88.0,95.0,102,1000.0,96,90,7,6
18,85,dn3,1,pkg59,82.0,87.0,92,1000.0,101,93,5,8
18,88,dn2,1,pkg64,87.0,97.0,106,1000.0,130,109,9,21
18,88,dn6,2,pkg68,96.0,106.0,114,1000.0,108,98,8,10
18,92,dn14,5,pkg67,97.0,106.0,113,1000.0,112,102,7,10
18,96,dn13,5,pkg71,104.0,110.0,117,1000.0,111.0,104.0,7,7.0
18,98,dn4,2,pkg73,107.0,114.0,123,1000.0,142,120,9,22
19,0,dn1,1,pkg20,6.0,12.0,14,1000.0,18,9,2,9
19,0,dn2,1,pkg11,6.0,14.0,17,1000.0,22,11,3,11
19,0,dn3,1,pkg10,7.0,14.0,21,1000.0,16,8,7,8
19,0,dn4,2,pkg18,6.0,14.0,16,1000.0,36,18,2,18
19,0,dn5,2,pkg12,9.0,14.0,17,1000.0,34,17,3,17
19,0,dn6,2,pkg16,9.0,14.0,20,1000.0,18,9,6,9
19,0,dn7,3,pkg7,10.0,17.0,19,1000.0,30,15,2,15
19,0,dn8,3,pkg9,7.0,13.0,19,1000.0,9.0,7.0,6,2.0
19,0,dn9,3,pkg22,7.0,14.0,21,1000.0,14,7,7,7
19,0,dn10,4,pkg14,7.0,14.0,18,1000.0,16,8,4,8
19,0,dn11,4,pkg17,7.0,17.0,24,1000.0,32,16,7,16
19,0,dn12,4,pkg8,10.0,17.0,26,1000.0,24,12,9,12
19,0,dn13,5,pkg4,6.0,16.0,21,1000.0,8.0,6.0,5,2.0
19,0,dn14,5,pkg5,7.0,15.0,23,1000.0,24,12,8,12
19,0,dn15,5,pkg2,10.0,19.0,28,1000.0,15.0,10.0,9,5.0
19,8,dn13,5,pkg24,10.0,18.0,22,1000.0,20,14,4,6
19,9,dn8,3,pkg23,7.0,17.0,20,1000.0,31,20,3,11
19,14,dn9,3,pkg19,6.0,16.0,23,1000.0,40,27,7,13
19,15,dn15,5,pkg3,9.0,19.0,28,1000.0,29,22,9,7
19,16,dn3,1,pkg13,8.0,18.0,29,1000.0,36,26,11,10
19,16,dn10,4,pkg21,9.0,18.0,27,1000.0,36,26,9,10
19,18,dn1,1,pkg28,19.0,26.0,37,1000.0,42,30,11,12
19,18,dn6,2,pkg6,9.0,19.0,22,1000.0,44,31,3,13
19,20,dn13,5,pkg25,11.0,21.0,30,1000.0,48,34,9,14
19,22,dn2,1,pkg31,21.0,31.0,37,1000.0,40,31,6,9
19,24,dn12,4,pkg32,23.0,31.0,36,1000.0,62,43,5,19
19,24,dn14,5,pkg30,22.0,28.0,35,1000.0,38,31,7,7
19,29,dn15,5,pkg35,27.0,32.0,42,1000.0,43,36,10,7
19,30,dn7,3,pkg34,27.0,33.0,38,1000.0,52,41,5,11
19,32,dn11,4,pkg36,32.0,40.0,43,1000.0,62,47,3,15
19,33,dn8,3,pkg39,40.0,47.0,52,1000.0,46.0,40.0,5,6.0
19,34,dn5,2,pkg33,28.0,37.0,39,1000.0,58,46,2,12
19,36,dn3,1,pkg38,39.0,49.0,55,1000.0,60,48,6,12
19,36,dn4,2,pkg37,33.0,39.0,45,1000.0,62,49,6,13
19,36,dn10,4,pkg40,46.0,52.0,59,1000.0,70,53,7,17
19,40,dn2,1,pkg41,46.0,53.0,58,1000.0,62,51,5,11
19,42,dn9,3,pkg42,49.0,56.0,60,1000.0,58,50,4,8
19,46,dn6,2,pkg43,53.0,58.0,68,1000.0,74,60,10,14
19,48,dn1,1,pkg44,56.0,65.0,73,1000.0,61.0,56.0,8,5.0
19,55,dn13,5,pkg47,63.0,68.0,74,1000.0,73,64,6,9
19,58,dn5,2,pkg46,61.0,71.0,77,1000.0,84,71,6,13
19,60,dn3,1,pkg45,58.0,64.0,70,1000.0,76,68,6,8
19,61,dn1,1,pkg48,63.0,71.0,76,1000.0,101,81,5,20
19,62,dn2,1,pkg51,65.0,73.0,79,1000.0,86,74,6,12
19,62,dn4,2,pkg50,68.0,78.0,82,1000.0,104,83,4,21
19,62,dn11,4,pkg49,67.0,74.0,78,1000.0,96,79,4,17
19,62,dn14,5,pkg52,71.0,77.0,86,1000.0,80,71,9,9
19,63,dn7,3,pkg53,69.0,77.0,83,1000.0,85,74,6,11
19,64,dn8,3,pkg54,73.0,78.0,84,1000.0,86,75,6,11
19,69,dn9,3,pkg55,77.0,86.0,97,1000.0,80.0,77.0,11,3.0
19,70,dn10,4,pkg56,80.0,90.0,94,1000.0,112,91,4,21
19,72,dn15,5,pkg57,79.0,84.0,87,1000.0,80.0,79.0,3,1.0
19,73,dn12,4,pkg58,82.0,87.0,93,1000.0,97,85,6,12
19,76,dn3,1,pkg59,80.0,89.0,94,1000.0,92,84,5,8
19,78,dn13,5,pkg61,88.0,97.0,107,1000.0,102,90,10,12
19,80,dn14,5,pkg63,90.0,95.0,101,1000.0,98.0,90.0,6,8.0
19,82,dn9,3,pkg65,89.0,94.0,104,1000.0,92.0,89.0,10,3.0
19,83,dn15,5,pkg66,90.0,97.0,101,1000.0,95.0,90.0,4,5.0
19,86,dn2,1,pkg60,86.0,93.0,99,1000.0,114,100,6,14
19,87,dn7,3,pkg67,94.0,103.0,107,1000.0,117,102,4,15
19,88,dn5,2,pkg68,98.0,105.0,109,1000.0,132,110,4,22
19,91,dn8,3,pkg69,98.0,106.0,111,1000.0,102.0,98.0,5,4.0
19,92,dn3,1,pkg62,86.0,93.0,99,1000.0,102,97,6,5
19,92,dn9,3,pkg70,102.0,111.0,115,1000.0,105.0,102.0,4,3.0
19,94,dn6,2,pkg71,102.0,111.0,122,1000.0,142,118,11,24
19,96,dn11,4,pkg72,101.0,111.0,121,1000.0,110,103,10,7
19,97,dn15,5,pkg73,103.0,112.0,118,1000.0,111,104,6,7
20,0,dn1,1,pkg22,6.0,11.0,15,1000.0,16,8,4,8
20,0,dn2,1,pkg7,5.0,13.0,18,1000.0,18,9,5,9
20,0,dn3,1,pkg16,8.0,13.0,19,1000.0,18,9,6,9
20,0,dn4,2,pkg13,6.0,11.0,17,1000.0,24,12,6,12
20,0,dn5,2,pkg14,10.0,18.0,19,1000.0,28,14,1,14
20,0,dn6,2,pkg6,10.0,15.0,20,1000.0,30,15,4,15
20,0,dn7,3,pkg10,6.0,12.0,15,1000.0,16,8,3,8
20,0,dn8,3,pkg17,7.0,13.0,19,1000.0,18,9,6,9
20,0,dn9,3,pkg21,6.0,11.0,21,1000.0,56,28,10,28
20,0,dn10,4,pkg20,6.0,12.0,14,1000.0,22,11,2,11
20,0,dn11,4,pkg1,7.0,14.0,15,1000.0,26,13,1,13
20,0,dn12,4,pkg5,8.0,18.0,23,1000.0,28,14,5,14
20,0,dn13,5,pkg2,7.0,15.0,18,1000.0,10.0,7.0,3,3.0
20,0,dn14,5,pkg9,10.0,16.0,19,1000.0,13.0,10.0,3,3.0
20,0,dn15,5,pkg15,6.0,16.0,19,1000.0,9.0,6.0,3,3.0
20,9,dn15,5,pkg24,11.0,18.0,22,1000.0,17,13,4,4
20,10,dn13,5,pkg23,12.0,17.0,23,1000.0,26,18,6,8
20,13,dn14,5,pkg4,7.0,17.0,25,1000.0,21,17,8,4
20,16,dn1,1,pkg11,8.0,17.0,21,1000.0,58,37,4,21
20,16,dn7,3,pkg3,8.0,17.0,25,1000.0,38,27,8,11
20,17,dn15,5,pkg26,16.0,24.0,34,1000.0,33,25,10,8
20,18,dn2,1,pkg25,11.0,19.0,28,1000.0,68,43,9,25
20,18,dn3,1,pkg28,23.0,30.0,38,1000.0,42,30,8,12
20,18,dn8,3,pkg27,19.0,24.0,35,1000.0,42,30,11,12
20,22,dn10,4,pkg30,29.0,35.0,39,1000.0,64,43,4,21
20,22,dn14,5,pkg32,31.0,38.0,41,1000.0,33.0,31.0,3,2.0
20,24,dn4,2,pkg29,28.0,33.0,40,1000.0,48,36,7,12
20,26,dn11,4,pkg31,31.0,37.0,39,1000.0,62,44,2,18
20,29,dn5,2,pkg33,37.0,42.0,46,1000.0,47,38,4,9
20,31,dn13,5,pkg34,41.0,48.0,54,1000.0,45.0,41.0,6,4.0
20,37,dn6,2,pkg35,42.0,50.0,56,1000.0,85,61,6,24
20,42,dn3,1,pkg36,47.0,53.0,63,1000.0,64,53,10,11
20,43,dn12,4,pkg37,50.0,60.0,70,1000.0,63,53,10,10
20,47,dn5,2,pkg38,51.0,60.0,68,1000.0,91,69,8,22
20,48,dn7,3,pkg39,56.0,64.0,73,1000.0,58.0,56.0,9,2.0
20,49,dn4,2,pkg40,58.0,64.0,72,1000.0,69,59,8,10
20,52,dn13,5,pkg43,61.0,69.0,75,1000.0,68.0,61.0,6,7.0
20,53,dn8,3,pkg44,58.0,67.0,76,1000.0,63,58,9,5
20,55,dn14,5,pkg45,64.0,74.0,85,1000.0,72.0,64.0,11,8.0
20,56,dn9,3,pkg46,63.0,71.0,81,1000.0,86,71,10,15
20,58,dn1,1,pkg42,60.0,65.0,74,1000.0,86,72,9,14
20,61,dn15,5,pkg47,68.0,78.0,86,1000.0,83,72,8,11
20,62,dn11,4,pkg41,59.0,67.0,70,1000.0,128,95,3,33
20,66,dn7,3,pkg48,74.0,82.0,89,1000.0,77.0,74.0,7,3.0
20,71,dn2,1,pkg49,79.0,88.0,98,1000.0,101,86,10,15
20,74,dn4,2,pkg50,84.0,91.0,99,1000.0,112,93,8,19
20,75,dn3,1,pkg51,81.0,91.0,96,1000.0,83.0,81.0,5,2.0
20,77,dn7,3,pkg52,85.0,94.0,99,1000.0,93,85,5,8
20,79,dn10,4,pkg53,89.0,95.0,106,1000.0,115,97,11,18
20,81,dn8,3,pkg54,88.0,95.0,102,1000.0,101,91,7,10
20,83,dn3,1,pkg55,89.0,99.0,104,1000.0,101,92,5,9
20,85,dn6,2,pkg56,92.0,97.0,106,1000.0,111,98,9,13
20,85,dn13,5,pkg57,93.0,102.0,106,1000.0,96.0,93.0,4,3.0
20,86,dn1,1,pkg58,92.0,98.0,106,1000.0,97.0,92.0,8,5.0
20,91,dn9,3,pkg59,99.0,105.0,116,1000.0,107,99,11,8
20,92,dn5,2,pkg60,102.0,111.0,120,1000.0,120,106,9,14
20,95,dn7,3,pkg61,102.0,109.0,115,1000.0,111,103,6,8
20,98,dn1,1,pkg63,106.0,116.0,119,1000.0,110.0,106.0,3,4.0
21,0,dn1,1,pkg2,7.0,12.0,16,1000.0,13.0,7.0,4,6.0
21,0,dn2,1,pkg9,6.0,16.0,20,1000.0,36,18,4,18
21,0,dn3,1,pkg8,9.0,15.0,21,1000.0,14.0,9.0,6,5.0
21,0,dn4,2,pkg6,8.0,13.0,15,1000.0,46,23,2,23
21,0,dn5,2,pkg19,10.0,15.0,18,1000.0,36,18,3,18
21,0,dn6,2,pkg1,5.0,10.0,19,1000.0,34,17,9,17
21,0,dn7,3,pkg12,5.0,12.0,13,1000.0,18,9,1,9
21,0,dn8,3,pkg10,6.0,12.0,15,1000.0,16,8,3,8
21,0,dn9,3,pkg11,7.0,12.0,16,1000.0,13.0,7.0,4,6.0
21,0,dn10,4,pkg3,6.0,12.0,14,1000.0,34,17,2,17
21,0,dn11,4,pkg18,9.0,14.0,17,1000.0,26,13,3,13
21,0,dn12,4,pkg22,5.0,15.0,19,1000.0,26,13,4,13
21,0,dn13,5,pkg13,5.0,13.0,15,1000.0,8.0,5.0,2,3.0
21,0,dn14,5,pkg20,8.0,13.0,16,1000.0,11.0,8.0,3,3.0
21,0,dn15,5,pkg4,6.0,14.0,18,1000.0,9.0,6.0,4,3.0
21,8,dn13,5,pkg23,14.0,23.0,29,1000.0,26,17,6,9
21,9,dn15,5,pkg24,15.0,20.0,27,1000.0,19.0,15.0,7,4.0
21,13,dn1,1,pkg21,8.0,15.0,21,1000.0,59,36,6,23
21,13,dn9,3,pkg7,9.0,15.0,25,1000.0,39,26,10,13
21,14,dn3,1,pkg14,10.0,16.0,24,1000.0,46,30,8,16
21,14,dn14,5,pkg26,19.0,29.0,33,1000.0,24,19,4,5
21,16,dn8,3,pkg5,9.0,17.0,27,1000.0,66,41,10,25
21,18,dn7,3,pkg28,22.0,32.0,36,1000.0,30,24,4,6
21,19,dn15,5,pkg30,26.0,36.0,41,1000.0,30.0,26.0,5,4.0
21,24,dn14,5,pkg31,32.0,37.0,47,1000.0,39.0,32.0,10,7.0
21,26,dn11,4,pkg27,26.0,34.0,38,1000.0,58,42,4,16
21,26,dn12,4,pkg29,25.0,34.0,41,1000.0,86,56,7,30
21,29,dn13,5,pkg35,35.0,42.0,51,1000.0,40.0,35.0,9,5.0
21,31,dn7,3,pkg37,38.0,45.0,55,1000.0,69,50,10,19
21,33,dn15,5,pkg39,43.0,50.0,58,1000.0,48.0,43.0,8,5.0
21,34,dn6,2,pkg32,31.0,40.0,41,1000.0,44,39,1,5
21,34,dn10,4,pkg34,35.0,40.0,45,1000.0,88,61,5,27
21,36,dn2,1,pkg36,38.0,44.0,50,1000.0,62,49,6,13
21,36,dn5,2,pkg33,35.0,43.0,46,1000.0,62,49,3,13
21,39,dn9,3,pkg42,46.0,51.0,54,1000.0,55,47,3,8
21,44,dn6,2,pkg38,41.0,49.0,55,1000.0,100,72,6,28
21,46,dn3,1,pkg44,52.0,57.0,63,1000.0,74,60,6,14
21,46,dn4,2,pkg40,44.0,53.0,59,1000.0,82,64,6,18
21,46,dn13,5,pkg45,56.0,62.0,70,1000.0,64.0,56.0,8,8.0
21,47,dn14,5,pkg46,57.0,64.0,75,1000.0,77,62,11,15
21,49,dn15,5,pkg47,59.0,65.0,70,1000.0,66.0,59.0,5,7.0
21,55,dn9,3,pkg43,50.0,57.0,67,1000.0,79,67,10,12
21,59,dn1,1,pkg48,58.0,64.0,71,1000.0,77,68,7,9
21,60,dn11,4,pkg51,70.0,75.0,77,1000.0,96,78,2,18
21,62,dn5,2,pkg49,61.0,66.0,76,1000.0,88,75,10,13
21,66,dn8,3,pkg50,63.0,70.0,75,1000.0,104,85,5,19
21,68,dn2,1,pkg56,76.0,84.0,90,1000.0,96,82,6,14
21,69,dn7,3,pkg55,73.0,78.0,87,1000.0,109,89,9,20
21,72,dn13,5,pkg58,79.0,84.0,93,1000.0,88,80,9,8
21,75,dn3,1,pkg59,83.0,93.0,95,1000.0,90.0,83.0,2,7.0
21,80,dn1,1,pkg61,85.0,93.0,102,1000.0,92,86,9,6
21,81,dn9,3,pkg62,88.0,94.0,104,1000.0,109,95,10,14
21,82,dn4,2,pkg57,79.0,86.0,87,1000.0,124,103,1,21
21,84,dn14,5,pkg63,89.0,99.0,109,1000.0,106,95,10,11
21,86,dn12,4,pkg64,92.0,99.0,101,1000.0,126,106,2,20
21,88,dn5,2,pkg60,83.0,92.0,94,1000.0,116,102,2,14
21,88,dn10,4,pkg65,94.0,99.0,109,1000.0,116,102,10,14
21,91,dn3,1,pkg66,101.0,110.0,121,1000.0,115,103,11,12
21,93,dn13,5,pkg67,100.0,108.0,115,1000.0,109,101,7,8
21,95,dn1,1,pkg68,100.0,110.0,115,1000.0,121,108,5,13
21,96,dn15,5,pkg69,105.0,110.0,117,1000.0,116,106,7,10
22,0,dn1,1,pkg9,5.0,10.0,16,1000.0,24,12,6,12
22,0,dn2,1,pkg21,7.0,14.0,16,1000.0,16,8,2,8
22,0,dn3,1,pkg1,5.0,12.0,17,1000.0,30,15,5,15
22,0,dn4,2,pkg17,6.0,11.0,21,1000.0,16,8,10,8
22,0,dn5,2,pkg10,8.0,16.0,22,1000.0,34,17,6,17
22,0,dn6,2,pkg16,7.0,13.0,22,1000.0,18,9,9,9
22,0,dn7,3,pkg22,5.0,10.0,14,1000.0,8.0,5.0,4,3.0
22,0,dn8,3,pkg12,6.0,15.0,18,1000.0,22,11,3,11
22,0,dn9,3,pkg8,6.0,12.0,22,1000.0,12,6,10,6
22,0,dn10,4,pkg18,5.0,14.0,17,1000.0,48,24,3,24
22,0,dn11,4,pkg13,9.0,14.0,20,1000.0,30,15,6,15
22,0,dn12,4,pkg11,5.0,15.0,21,1000.0,36,18,6,18
22,0,dn13,5,pkg19,6.0,14.0,20,1000.0,14,7,6,7
22,0,dn14,5,pkg14,9.0,18.0,23,1000.0,17.0,9.0,5,8.0
22,0,dn15,5,pkg4,9.0,19.0,25,1000.0,14.0,9.0,6,5.0
22,8,dn7,3,pkg2,7.0,13.0,23,1000.0,38,23,10,15
22,12,dn9,3,pkg7,10.0,16.0,24,1000.0,40,26,8,14
22,14,dn13,5,pkg6,10.0,20.0,26,1000.0,22,18,6,4
22,14,dn15,5,pkg23,8.0,18.0,28,1000.0,32,23,10,9
22,16,dn2,1,pkg5,10.0,19.0,21,1000.0,34,25,2,9
22,16,dn4,2,pkg3,8.0,18.0,27,1000.0,62,39,9,23
22,17,dn14,5,pkg29,23.0,28.0,31,1000.0,26.0,23.0,3,3.0
22,18,dn6,2,pkg24,13.0,23.0,28,1000.0,46,32,5,14
22,22,dn8,3,pkg27,20.0,27.0,30,1000.0,34,28,3,6
22,22,dn13,5,pkg28,19.0,29.0,38,1000.0,44,33,9,11
22,24,dn1,1,pkg30,20.0,26.0,36,1000.0,68,46,10,22
22,26,dn14,5,pkg32,32.0,42.0,52,1000.0,44,35,10,9
22,30,dn3,1,pkg33,31.0,40.0,45,1000.0,50,40,5,10
22,30,dn11,4,pkg34,35.0,44.0,49,1000.0,80,55,5,25
22,32,dn15,5,pkg36,38.0,45.0,54,1000.0,48,40,9,8
22,34,dn2,1,pkg35,36.0,41.0,45,1000.0,70,52,4,18
22,34,dn5,2,pkg38,43.0,50.0,55,1000.0,51.0,43.0,5,8.0
22,36,dn12,4,pkg37,43.0,50.0,58,1000.0,58,47,8,11
22,44,dn7,3,pkg42,50.0,57.0,66,1000.0,72,58,9,14
22,45,dn13,5,pkg43,55.0,63.0,71,1000.0,60.0,55.0,8,5.0
22,46,dn6,2,pkg39,44.0,52.0,61,1000.0,102,74,9,28
22,48,dn10,4,pkg44,52.0,57.0,60,1000.0,94,71,3,23
22,49,dn8,3,pkg46,58.0,64.0,73,1000.0,83,66,9,17
22,50,dn3,1,pkg41,51.0,56.0,60,1000.0,86,68,4,18
22,51,dn9,3,pkg47,61.0,67.0,74,1000.0,65.0,61.0,7,4.0
22,54,dn14,5,pkg48,64.0,72.0,78,1000.0,73.0,64.0,6,9.0
22,55,dn15,5,pkg49,64.0,71.0,79,1000.0,72.0,64.0,8,8.0
22,60,dn5,2,pkg50,68.0,77.0,86,1000.0,104,82,9,22
22,61,dn13,5,pkg51,69.0,79.0,82,1000.0,72.0,69.0,3,3.0
22,65,dn9,3,pkg52,71.0,81.0,82,1000.0,75.0,71.0,1,4.0
22,72,dn7,3,pkg53,77.0,86.0,89,1000.0,84,78,3,6
22,73,dn13,5,pkg54,82.0,89.0,96,1000.0,87.0,82.0,7,5.0
22,74,dn4,2,pkg55,82.0,88.0,90,1000.0,110,92,2,18
22,75,dn1,1,pkg56,82.0,89.0,95,1000.0,87.0,82.0,6,5.0
22,76,dn9,3,pkg57,84.0,90.0,95,1000.0,86.0,84.0,5,2.0
22,80,dn11,4,pkg58,88.0,93.0,100,1000.0,108,94,7,14
22,81,dn2,1,pkg59,90.0,100.0,109,1000.0,107,94,9,13
22,83,dn8,3,pkg60,92.0,99.0,104,1000.0,109,96,5,13
22,84,dn12,4,pkg61,90.0,98.0,105,1000.0,100,92,7,8
22,86,dn3,1,pkg62,95.0,103.0,109,1000.0,128,107,6,21
22,86,dn7,3,pkg63,94.0,104.0,107,1000.0,116,101,3,15
22,87,dn1,1,pkg64,94.0,103.0,107,1000.0,103,95,4,8
22,89,dn9,3,pkg65,95.0,101.0,106,1000.0,100.0,95.0,5,5.0
22,93,dn13,5,pkg66,98.0,104.0,113,1000.0,113,103,9,10
22,98,dn10,4,pkg68,106.0,116.0,127,1000.0,112.0,106.0,11,6.0
23,0,dn1,1,pkg16,6.0,15.0,17,1000.0,11.0,6.0,2,5.0
23,0,dn2,1,pkg19,6.0,13.0,18,1000.0,28,14,5,14
23,0,dn3,1,pkg5,7.0,14.0,19,1000.0,20,10,5,10
23,0,dn4,2,pkg9,8.0,15.0,17,1000.0,30,15,2,15
23,0,dn5,2,pkg6,9.0,16.0,18,1000.0,30,15,2,15
23,0,dn6,2,pkg15,8.0,13.0,18,1000.0,44,22,5,22
23,0,dn7,3,pkg8,5.0,13.0,14,1000.0,10,5,1,5
23,0,dn8,3,pkg7,7.0,14.0,15,1000.0,11.0,7.0,1,4.0
23,0,dn9,3,pkg22,7.0,12.0,17,1000.0,28,14,5,14
23,0,dn10,4,pkg13,7.0,12.0,14,1000.0,18,9,2,9
23,0,dn11,4,pkg17,6.0,15.0,18,1000.0,34,17,3,17
23,0,dn12,4,pkg21,5.0,15.0,22,1000.0,16,8,7,8
23,0,dn13,5,pkg2,7.0,13.0,16,1000.0,11.0,7.0,3,4.0
23,0,dn14,5,pkg20,5.0,13.0,21,1000.0,9.0,5.0,8,4.0
23,0,dn15,5,pkg10,6.0,16.0,22,1000.0,8.0,6.0,6,2.0
23,8,dn15,5,pkg24,11.0,17.0,23,1000.0,16,12,6,4
23,9,dn14,5,pkg14,10.0,19.0,24,1000.0,15,12,5,3
23,10,dn7,3,pkg25,15.0,23.0,31,1000.0,38,24,8,14
23,11,dn1,1,pkg12,9.0,19.0,22,1000.0,45,28,3,17
23,11,dn8,3,pkg28,19.0,26.0,37,1000.0,37,24,11,13
23,11,dn13,5,pkg1,9.0,18.0,25,1000.0,27,19,7,8
23,15,dn14,5,pkg26,11.0,19.0,26,1000.0,23,19,7,4
23,16,dn12,4,pkg3,8.0,17.0,23,1000.0,58,37,6,21
23,16,dn15,5,pkg4,10.0,18.0,28,1000.0,32,24,10,8
23,18,dn10,4,pkg29,22.0,30.0,33,1000.0,44,31,3,13
23,20,dn3,1,pkg31,21.0,28.0,34,1000.0,36,28,6,8
23,23,dn14,5,pkg32,22.0,32.0,35,1000.0,31,27,3,4
23,27,dn13,5,pkg37,31.0,39.0,48,1000.0,37,32,9,5
23,28,dn2,1,pkg30,25.0,30.0,35,1000.0,50,39,5,11
23,28,dn9,3,pkg38,36.0,42.0,52,1000.0,44,36,10,8
23,30,dn4,2,pkg34,26.0,36.0,40,1000.0,54,42,4,12
23,30,dn5,2,pkg35,30.0,40.0,47,1000.0,62,46,7,16
23,31,dn14,5,pkg41,39.0,46.0,56,1000.0,57,44,10,13
23,34,dn11,4,pkg33,28.0,36.0,43,1000.0,54,44,7,10
23,36,dn3,1,pkg36,32.0,41.0,47,1000.0,62,49,6,13
23,37,dn8,3,pkg39,34.0,44.0,53,1000.0,63,50,9,13
23,38,dn7,3,pkg40,35.0,45.0,53,1000.0,68,53,8,15
23,43,dn13,5,pkg44,49.0,55.0,60,1000.0,52.0,49.0,5,3.0
23,44,dn6,2,pkg42,47.0,52.0,57,1000.0,80,62,5,18
23,44,dn9,3,pkg43,49.0,57.0,63,1000.0,70,57,6,13
23,44,dn15,5,pkg45,51.0,58.0,64,1000.0,57.0,51.0,6,6.0
23,47,dn1,1,pkg47,55.0,63.0,68,1000.0,63,55,5,8
23,48,dn10,4,pkg48,54.0,62.0,72,1000.0,94,71,10,23
23,52,dn2,1,pkg51,58.0,65.0,72,1000.0,80,66,7,14
23,54,dn4,2,pkg46,51.0,56.0,64,1000.0,90,72,8,18
23,54,dn11,4,pkg49,56.0,61.0,63,1000.0,102,78,2,24
23,54,dn13,5,pkg52,60.0,69.0,77,1000.0,70,62,8,8
23,57,dn14,5,pkg53,62.0,68.0,74,1000.0,67,62,6,5
23,58,dn12,4,pkg54,64.0,72.0,78,1000.0,104,81,6,23
23,61,dn15,5,pkg55,70.0,80.0,83,1000.0,74.0,70.0,3,4.0
23,62,dn5,2,pkg50,58.0,68.0,79,1000.0,76,69,11,7
23,67,dn1,1,pkg58,73.0,82.0,93,1000.0,87,77,11,10
23,69,dn3,1,pkg59,74.0,79.0,89,1000.0,76.0,74.0,10,2.0
23,70,dn7,3,pkg60,76.0,85.0,96,1000.0,80.0,76.0,11,4.0
23,76,dn3,1,pkg61,82.0,90.0,101,1000.0,88,82,11,6
23,76,dn5,2,pkg57,72.0,80.0,86,1000.0,98,87,6,11
23,76,dn8,3,pkg62,86.0,92.0,97,1000.0,91.0,86.0,5,5.0
23,77,dn9,3,pkg63,84.0,94.0,96,1000.0,107,92,2,15
23,78,dn13,5,pkg64,86.0,91.0,98,1000.0,93.0,86.0,7,7.0
23,80,dn2,1,pkg65,87.0,95.0,105,1000.0,102,91,10,11
23,83,dn7,3,pkg66,90.0,100.0,107,1000.0,94.0,90.0,7,4.0
23,84,dn6,2,pkg67,90.0,98.0,107,1000.0,104,94,9,10
23,89,dn14,5,pkg70,98.0,103.0,109,1000.0,103.0,98.0,6,5.0
23,90,dn4,2,pkg68,92.0,99.0,102,1000.0,144,117,3,27
23,91,dn8,3,pkg69,92.0,97.0,106,1000.0,105,98,9,7
23,94,dn7,3,pkg71,101.0,111.0,120,1000.0,138,116,9,22
23,95,dn13,5,pkg72,101.0,108.0,116,1000.0,105.0,101.0,8,4.0
23,98,dn5,2,pkg73,105.0,114.0,115,1000.0,116,107,1,9
24,0,dn1,1,pkg10,6.0,13.0,16,1000.0,20,10,3,10
24,0,dn2,1,pkg6,7.0,12.0,17,1000.0,14,7,5,7
24,0,dn3,1,pkg22,8.0,13.0,18,1000.0,34,17,5,17
24,0,dn4,2,pkg2,5.0,11.0,15,1000.0,50,25,4,25
24,0,dn5,2,pkg3,10.0,16.0,18,1000.0,40,20,2,20
24,0,dn6,2,pkg15,9.0,15.0,18,1000.0,34,17,3,17
24,0,dn7,3,pkg17,5.0,11.0,16,1000.0,26,13,5,13
24,0,dn8,3,pkg1,10.0,16.0,19,1000.0,13.0,10.0,3,3.0
24,0,dn9,3,pkg14,10.0,15.0,19,1000.0,28,14,4,14
24,0,dn10,4,pkg11,7.0,13.0,16,1000.0,20,10,3,10
24,0,dn11,4,pkg7,5.0,13.0,18,1000.0,46,23,5,23
24,0,dn12,4,pkg20,8.0,16.0,18,1000.0,50,25,2,25
24,0,dn13,5,pkg4,6.0,14.0,16,1000.0,7.0,6.0,2,1.0
24,0,dn14,5,pkg19,9.0,17.0,21,1000.0,15.0,9.0,4,6.0
24,0,dn15,5,pkg21,6.0,16.0,27,1000.0,18,9,11,9
24,7,dn13,5,pkg23,8.0,16.0,21,1000.0,13,10,5,3
24,13,dn8,3,pkg5,5.0,14.0,23,1000.0,25,19,9,6
24,13,dn13,5,pkg27,15.0,21.0,27,1000.0,21,17,6,4
24,14,dn2,1,pkg13,8.0,16.0,21,1000.0,34,24,5,10
24,15,dn14,5,pkg24,9.0,18.0,28,1000.0,37,26,10,11
24,18,dn15,5,pkg16,10.0,20.0,30,1000.0,46,32,10,14
24,20,dn1,1,pkg31,25.0,31.0,36,1000.0,54,37,5,17
24,20,dn10,4,pkg25,12.0,22.0,25,1000.0,58,39,3,19
24,21,dn13,5,pkg30,21.0,27.0,37,1000.0,41,31,10,10
24,25,dn8,3,pkg28,17.0,27.0,31,1000.0,37,31,4,6
24,26,dn7,3,pkg34,28.0,33.0,41,1000.0,62,44,8,18
24,28,dn9,3,pkg36,30.0,39.0,43,1000.0,40,34,4,6
24,34,dn2,1,pkg35,32.0,37.0,40,1000.0,52,43,3,9
24,34,dn3,1,pkg37,33.0,42.0,44,1000.0,56,45,2,11
24,34,dn6,2,pkg40,44.0,49.0,53,1000.0,58,46,4,12
24,37,dn8,3,pkg38,33.0,43.0,46,1000.0,45,41,3,4
24,37,dn14,5,pkg41,42.0,50.0,53,1000.0,46.0,42.0,3,4.0
24,40,dn5,2,pkg39,40.0,47.0,57,1000.0,78,59,10,19
24,40,dn9,3,pkg43,43.0,50.0,57,1000.0,50,45,7,5
24,46,dn11,4,pkg42,43.0,49.0,54,1000.0,84,65,5,19
24,50,dn4,2,pkg44,52.0,59.0,67,1000.0,86,68,8,18
24,50,dn12,4,pkg45,55.0,63.0,66,1000.0,92,71,3,21
24,52,dn2,1,pkg46,53.0,61.0,68,1000.0,84,68,7,16
24,58,dn6,2,pkg48,62.0,69.0,73,1000.0,100,79,4,21
24,58,dn10,4,pkg47,58.0,68.0,72,1000.0,104,81,4,23
24,60,dn1,1,pkg52,66.0,71.0,77,1000.0,80,70,6,10
24,61,dn3,1,pkg53,70.0,76.0,83,1000.0,74.0,70.0,7,4.0
24,63,dn13,5,pkg54,72.0,82.0,93,1000.0,91,77,11,14
24,65,dn7,3,pkg55,73.0,78.0,85,1000.0,78.0,73.0,7,5.0
24,66,dn8,3,pkg56,71.0,80.0,88,1000.0,78,72,8,6
24,70,dn9,3,pkg57,78.0,86.0,94,1000.0,79.0,78.0,8,1.0
24,75,dn14,5,pkg58,84.0,94.0,100,1000.0,87.0,84.0,6,3.0
24,76,dn15,5,pkg59,81.0,91.0,95,1000.0,86,81,4,5
24,78,dn5,2,pkg60,87.0,95.0,100,1000.0,96,87,5,9
24,79,dn3,1,pkg61,89.0,98.0,104,1000.0,103,91,6,12
24,81,dn1,1,pkg62,88.0,95.0,104,1000.0,91.0,88.0,9,3.0
24,84,dn2,1,pkg63,89.0,99.0,103,1000.0,108,96,4,12
24,84,dn7,3,pkg64,90.0,100.0,104,1000.0,98,91,4,7
24,87,dn4,2,pkg65,96.0,106.0,114,1000.0,133,110,8,23
24,88,dn8,3,pkg66,93.0,102.0,112,1000.0,116,102,10,14
24,89,dn9,3,pkg67,99.0,109.0,119,1000.0,111,100,10,11
24,91,dn1,1,pkg69,100.0,109.0,114,1000.0,105.0,100.0,5,5.0
24,92,dn13,5,pkg70,98.0,103.0,112,1000.0,108,100,9,8
24,96,dn5,2,pkg68,97.0,104.0,107,1000.0,116,106,3,10
24,98,dn11,4,pkg71,108.0,114.0,124,1000.0,117.0,108.0,10,9.0
25,0,dn1,1,pkg20,5.0,10.0,14,1000.0,28,14,4,14
25,0,dn2,1,pkg7,6.0,14.0,15,1000.0,32,16,1,16
25,0,dn3,1,pkg15,6.0,14.0,16,1000.0,12,6,2,6
25,0,dn4,2,pkg12,9.0,14.0,17,1000.0,40,20,3,20
25,0,dn5,2,pkg14,9.0,14.0,18,1000.0,26,13,4,13
25,0,dn6,2,pkg6,8.0,14.0,19,1000.0,26,13,5,13
25,0,dn7,3,pkg16,5.0,12.0,17,1000.0,18,9,5,9
25,0,dn8,3,pkg5,5.0,15.0,19,1000.0,9.0,5.0,4,4.0
25,0,dn9,3,pkg13,10.0,17.0,19,1000.0,18.0,10.0,2,8.0
25,0,dn10,4,pkg8,7.0,15.0,19,1000.0,40,20,4,20
25,0,dn11,4,pkg10,5.0,13.0,19,1000.0,20,10,6,10
25,0,dn12,4,pkg19,9.0,16.0,23,1000.0,28,14,7,14
25,0,dn13,5,pkg4,10.0,15.0,18,1000.0,14.0,10.0,3,4.0
25,0,dn14,5,pkg22,7.0,14.0,20,1000.0,14,7,6,7
25,0,dn15,5,pkg1,7.0,12.0,22,1000.0,18,9,10,9
25,9,dn8,3,pkg18,10.0,20.0,22,1000.0,21,15,2,6
25,12,dn3,1,pkg11,9.0,17.0,20,1000.0,38,25,3,13
25,14,dn13,5,pkg2,8.0,15.0,24,1000.0,34,24,9,10
25,14,dn14,5,pkg3,9.0,17.0,25,1000.0,28,21,8,7
25,18,dn7,3,pkg9,10.0,19.0,26,1000.0,40,29,7,11
25,18,dn9,3,pkg25,19.0,28.0,36,1000.0,30,24,8,6
25,18,dn15,5,pkg28,23.0,33.0,34,1000.0,24.0,23.0,1,1.0
25,20,dn11,4,pkg26,17.0,27.0,30,1000.0,36,28,3,8
25,21,dn8,3,pkg30,30.0,39.0,47,1000.0,41,31,8,10
25,24,dn15,5,pkg31,29.0,37.0,44,1000.0,46,35,7,11
25,26,dn5,2,pkg27,25.0,32.0,41,1000.0,88,57,9,31
25,26,dn6,2,pkg33,32.0,41.0,49,1000.0,42,34,8,8
25,28,dn1,1,pkg29,25.0,34.0,41,1000.0,70,49,7,21
25,28,dn12,4,pkg32,34.0,42.0,52,1000.0,46,37,10,9
25,28,dn14,5,pkg34,33.0,41.0,49,1000.0,36.0,33.0,8,3.0
25,30,dn9,3,pkg36,38.0,45.0,55,1000.0,68,49,10,19
25,32,dn2,1,pkg37,38.0,48.0,55,1000.0,41.0,38.0,7,3.0
25,34,dn13,5,pkg38,41.0,46.0,57,1000.0,50,42,11,8
25,36,dn11,4,pkg35,38.0,48.0,56,1000.0,90,63,8,27
25,36,dn14,5,pkg39,46.0,54.0,59,1000.0,49.0,46.0,5,3.0
25,38,dn3,1,pkg40,48.0,53.0,60,1000.0,58,48,7,10
25,41,dn4,2,pkg41,51.0,61.0,68,1000.0,67,54,7,13
25,43,dn7,3,pkg42,49.0,55.0,58,1000.0,61,52,3,9
25,44,dn2,1,pkg43,53.0,60.0,65,1000.0,59.0,53.0,5,6.0
25,45,dn6,2,pkg44,53.0,59.0,68,1000.0,57.0,53.0,9,4.0
25,46,dn8,3,pkg45,51.0,61.0,72,1000.0,60,53,11,7
25,50,dn13,5,pkg47,56.0,63.0,70,1000.0,60.0,56.0,7,4.0
25,53,dn14,5,pkg48,62.0,71.0,72,1000.0,63.0,62.0,1,1.0
25,55,dn10,4,pkg50,65.0,71.0,79,1000.0,75,65,8,10
25,57,dn6,2,pkg46,56.0,62.0,72,1000.0,117,87,10,30
25,57,dn12,4,pkg52,66.0,72.0,80,1000.0,89,73,8,16
25,59,dn15,5,pkg54,65.0,73.0,79,1000.0,73,66,6,7
25,60,dn8,3,pkg51,61.0,69.0,77,1000.0,90,75,8,15
25,60,dn13,5,pkg55,68.0,78.0,86,1000.0,73.0,68.0,8,5.0
25,61,dn7,3,pkg53,64.0,71.0,77,1000.0,87,74,6,13
25,62,dn2,1,pkg56,69.0,76.0,80,1000.0,82,72,4,10
25,67,dn4,2,pkg49,62.0,71.0,77,1000.0,83,75,6,8
25,69,dn3,1,pkg57,79.0,84.0,95,1000.0,82.0,79.0,11,3.0
25,70,dn1,1,pkg58,76.0,85.0,96,1000.0,82,76,11,6
25,75,dn10,4,pkg60,78.0,86.0,90,1000.0,111,93,4,18
25,76,dn9,3,pkg62,83.0,89.0,93,1000.0,89.0,83.0,4,6.0
25,78,dn13,5,pkg63,86.0,94.0,100,1000.0,90.0,86.0,6,4.0
25,82,dn1,1,pkg59,82.0,88.0,92,1000.0,122,102,4,20
25,83,dn4,2,pkg64,89.0,94.0,99,1000.0,125,104,5,21
25,84,dn2,1,pkg66,93.0,101.0,111,1000.0,118,101,10,17
25,85,dn14,5,pkg67,91.0,100.0,107,1000.0,107,96,7,11
25,87,dn7,3,pkg68,95.0,104.0,106,1000.0,101.0,95.0,2,6.0
25,88,dn5,2,pkg61,85.0,93.0,103,1000.0,116,102,10,14
25,89,dn12,4,pkg65,88.0,97.0,101,1000.0,129,109,4,20
25,91,dn3,1,pkg69,101.0,106.0,111,1000.0,104.0,101.0,5,3.0
25,93,dn11,4,pkg70,98.0,104.0,106,1000.0,109,101,2,8
25,94,dn8,3,pkg71,104.0,112.0,118,1000.0,108.0,104.0,6,4.0
25,97,dn9,3,pkg72,102.0,112.0,118,1000.0,105.0,102.0,6,3.0
26,0,dn1,1,pkg2,5.0,10.0,12,1000.0,24,12,2,12
26,0,dn2,1,pkg21,5.0,12.0,16,1000.0,16,8,4,8
26,0,dn3,1,pkg15,5.0,15.0,17,1000.0,22,11,2,11
26,0,dn4,2,pkg11,5.0,10.0,14,1000.0,28,14,4,14
26,0,dn5,2,pkg9,10.0,15.0,19,1000.0,42,21,4,21
26,0,dn6,2,pkg5,10.0,16.0,22,1000.0,24,12,6,12
26,0,dn7,3,pkg1,6.0,13.0,16,1000.0,9.0,6.0,3,3.0
26,0,dn8,3,pkg17,9.0,16.0,19,1000.0,11.0,9.0,3,2.0
26,0,dn9,3,pkg19,5.0,14.0,20,1000.0,14,7,6,7
26,0,dn10,4,pkg10,10.0,16.0,19,1000.0,18.0,10.0,3,8.0
26,0,dn11,4,pkg12,9.0,16.0,20,1000.0,28,14,4,14
26,0,dn12,4,pkg18,8.0,17.0,20,1000.0,46,23,3,23
26,0,dn13,5,pkg8,7.0,15.0,17,1000.0,8.0,7.0,2,1.0
26,0,dn14,5,pkg7,10.0,16.0,19,1000.0,14.0,10.0,3,4.0
26,0,dn15,5,pkg6,6.0,14.0,23,1000.0,14,7,9,7
26,8,dn13,5,pkg13,10.0,19.0,23,1000.0,20,14,4,6
26,9,dn7,3,pkg14,8.0,18.0,21,1000.0,21,15,3,6
26,11,dn8,3,pkg16,9.0,18.0,21,1000.0,27,19,3,8
26,14,dn9,3,pkg3,6.0,16.0,25,1000.0,48,31,9,17
26,14,dn14,5,pkg4,10.0,15.0,25,1000.0,28,21,10,7
26,14,dn15,5,pkg24,11.0,18.0,26,1000.0,26,20,8,6
26,16,dn2,1,pkg26,19.0,24.0,30,1000.0,52,34,6,18
26,20,dn13,5,pkg28,19.0,27.0,30,1000.0,28,24,3,4
26,21,dn7,3,pkg27,19.0,28.0,35,1000.0,31,26,7,5
26,22,dn3,1,pkg29,24.0,32.0,42,1000.0,32,27,10,5
26,23,dn10,4,pkg32,31.0,40.0,48,1000.0,45,34,8,11
26,24,dn1,1,pkg33,31.0,38.0,43,1000.0,38,31,5,7
26,24,dn6,2,pkg30,24.0,33.0,42,1000.0,56,40,9,16
26,27,dn8,3,pkg31,32.0,41.0,49,1000.0,47,37,8,10
26,27,dn15,5,pkg34,37.0,45.0,48,1000.0,39.0,37.0,3,2.0
26,28,dn4,2,pkg35,33.0,42.0,52,1000.0,92,60,10,32
26,29,dn11,4,pkg36,37.0,46.0,52,1000.0,59,44,6,15
26,31,dn7,3,pkg38,41.0,47.0,52,1000.0,51,41,5,10
26,32,dn3,1,pkg37,35.0,43.0,49,1000.0,64,48,6,16
26,37,dn13,5,pkg42,44.0,52.0,60,1000.0,55,46,8,9
26,38,dn1,1,pkg39,42.0,49.0,53,1000.0,68,53,4,15
26,42,dn5,2,pkg40,40.0,48.0,50,1000.0,96,69,2,27
26,42,dn14,5,pkg44,49.0,55.0,58,1000.0,52.0,49.0,3,3.0
26,45,dn10,4,pkg43,48.0,53.0,62,1000.0,65,55,9,10
26,47,dn8,3,pkg45,52.0,62.0,72,1000.0,87,67,10,20
26,48,dn9,3,pkg46,56.0,63.0,65,1000.0,70,59,2,11
26,49,dn15,5,pkg47,59.0,64.0,71,1000.0,66.0,59.0,7,7.0
26,52,dn2,1,pkg48,60.0,65.0,76,1000.0,62.0,60.0,11,2.0
26,53,dn7,3,pkg49,63.0,69.0,77,1000.0,65.0,63.0,8,2.0
26,56,dn12,4,pkg51,66.0,76.0,85,1000.0,72.0,66.0,9,6.0
26,57,dn6,2,pkg52,64.0,73.0,76,1000.0,77,67,3,10
26,62,dn2,1,pkg50,64.0,69.0,75,1000.0,90,76,6,14
26,64,dn3,1,pkg54,72.0,78.0,87,1000.0,79.0,72.0,9,7.0
26,65,dn7,3,pkg53,69.0,75.0,84,1000.0,85,75,9,10
26,66,dn10,4,pkg56,74.0,84.0,94,1000.0,79.0,74.0,10,5.0
26,68,dn11,4,pkg57,76.0,81.0,86,1000.0,130,99,5,31
26,70,dn9,3,pkg55,75.0,83.0,90,1000.0,80,75,7,5
26,72,dn1,1,pkg59,78.0,83.0,84,1000.0,98,85,1,13
26,73,dn12,4,pkg60,79.0,84.0,93,1000.0,83.0,79.0,9,4.0
26,75,dn13,5,pkg61,82.0,89.0,98,1000.0,91,83,9,8
26,77,dn6,2,pkg58,75.0,81.0,84,1000.0,103,90,3,13
26,80,dn3,1,pkg64,90.0,99.0,109,1000.0,95.0,90.0,10,5.0
26,80,dn9,3,pkg63,88.0,94.0,101,1000.0,114,97,7,17
26,86,dn10,4,pkg65,91.0,100.0,104,1000.0,138,112,4,26
26,90,dn7,3,pkg66,100.0,109.0,115,1000.0,104.0,100.0,6,4.0
26,92,dn2,1,pkg67,101.0,107.0,112,1000.0,116,104,5,12
26,93,dn13,5,pkg68,103.0,111.0,122,1000.0,125,109,11,16
26,96,dn3,1,pkg69,104.0,111.0,119,1000.0,110.0,104.0,8,6.0
26,97,dn14,5,pkg70,103.0,110.0,115,1000.0,107.0,103.0,5,4.0
26,98,dn1,1,pkg71,106.0,116.0,126,1000.0,116,107,10,9
26,99,dn4,2,pkg72,105.0,114.0,121,1000.0,119,109,7,10
27,0,dn1,1,pkg2,9.0,15.0,19,1000.0,12.0,9.0,4,3.0
27,0,dn2,1,pkg13,8.0,17.0,19,1000.0,12.0,8.0,2,4.0
27,0,dn3,1,pkg5,5.0,11.0,20,1000.0,7.0,5.0,9,2.0
27,0,dn4,2,pkg22,8.0,13.0,18,1000.0,18,9,5,9
27,0,dn5,2,pkg3,5.0,10.0,19,1000.0,42,21,9,21
27,0,dn6,2,pkg16,10.0,19.0,21,1000.0,26,13,2,13
27,0,dn7,3,pkg10,6.0,11.0,15,1000.0,11.0,6.0,4,5.0
27,0,dn8,3,pkg6,9.0,15.0,18,1000.0,16.0,9.0,3,7.0
27,0,dn9,3,pkg17,7.0,13.0,21,1000.0,12.0,7.0,8,5.0
27,0,dn10,4,pkg8,10.0,18.0,20,1000.0,26,13,2,13
27,0,dn11,4,pkg11,8.0,17.0,21,1000.0,42,21,4,21
27,0,dn13,5,pkg20,6.0,14.0,16,1000.0,9.0,6.0,2,3.0
27,0,dn14,5,pkg19,8.0,15.0,18,1000.0,11.0,8.0,3,3.0
27,0,dn15,5,pkg21,7.0,15.0,18,1000.0,8.0,7.0,3,1.0
27,7,dn3,1,pkg23,6.0,14.0,18,1000.0,13,10,4,3
27,7,dn12,4,pkg26,15.0,25.0,35,1000.0,27,17,10,10
27,8,dn15,5,pkg7,9.0,18.0,23,1000.0,18,13,5,5
27,9,dn13,5,pkg12,9.0,19.0,25,1000.0,21,15,6,6
27,11,dn7,3,pkg15,7.0,12.0,22,1000.0,35,23,10,12
27,11,dn14,5,pkg25,12.0,18.0,29,1000.0,29,20,11,9
27,12,dn1,1,pkg29,21.0,27.0,30,1000.0,28.0,21.0,3,7.0
27,12,dn9,3,pkg18,7.0,17.0,23,1000.0,22,17,6,5
27,16,dn2,1,pkg30,26.0,36.0,45,1000.0,52,34,9,18
27,16,dn8,3,pkg9,9.0,19.0,29,1000.0,40,28,10,12
27,18,dn3,1,pkg32,27.0,32.0,41,1000.0,33.0,27.0,9,6.0
27,18,dn4,2,pkg28,19.0,26.0,28,1000.0,52,35,2,17
27,18,dn15,5,pkg31,26.0,35.0,45,1000.0,40,29,10,11
27,21,dn13,5,pkg33,28.0,33.0,43,1000.0,41,31,10,10
27,22,dn9,3,pkg27,18.0,25.0,35,1000.0,60,41,10,19
27,26,dn6,2,pkg34,31.0,38.0,49,1000.0,48,37,11,11
27,27,dn10,4,pkg36,37.0,47.0,56,1000.0,55,41,9,14
27,28,dn1,1,pkg35,29.0,37.0,46,1000.0,30,29,9,1
27,28,dn12,4,pkg37,36.0,44.0,53,1000.0,72,50,9,22
27,29,dn14,5,pkg38,38.0,46.0,49,1000.0,41.0,38.0,3,3.0
27,31,dn1,1,pkg39,41.0,50.0,53,1000.0,47.0,41.0,3,6.0
27,34,dn3,1,pkg41,39.0,45.0,53,1000.0,52,43,8,9
27,38,dn7,3,pkg44,43.0,49.0,52,1000.0,54,46,3,8
27,40,dn15,5,pkg43,44.0,49.0,60,1000.0,58,49,11,9
27,42,dn5,2,pkg40,40.0,50.0,55,1000.0,92,67,5,25
27,42,dn11,4,pkg45,49.0,56.0,59,1000.0,70,56,3,14
27,47,dn1,1,pkg47,53.0,59.0,69,1000.0,87,67,10,20
27,48,dn6,2,pkg42,45.0,54.0,65,1000.0,98,73,11,25
27,48,dn8,3,pkg49,57.0,64.0,73,1000.0,66,57,9,9
27,51,dn13,5,pkg52,61.0,67.0,75,1000.0,70.0,61.0,8,9.0
27,52,dn2,1,pkg48,53.0,60.0,70,1000.0,90,71,10,19
27,52,dn3,1,pkg51,55.0,64.0,75,1000.0,98,75,11,23
27,52,dn4,2,pkg46,49.0,57.0,66,1000.0,100,76,9,24
27,54,dn7,3,pkg50,55.0,61.0,71,1000.0,94,74,10,20
27,55,dn10,4,pkg53,61.0,68.0,73,1000.0,71,63,5,8
27,55,dn14,5,pkg54,61.0,71.0,82,1000.0,87,71,11,16
27,58,dn15,5,pkg55,66.0,74.0,80,1000.0,72.0,66.0,6,6.0
27,60,dn9,3,pkg58,68.0,76.0,82,1000.0,82,71,6,11
27,66,dn8,3,pkg59,67.0,75.0,80,1000.0,82,74,5,8
27,70,dn11,4,pkg57,64.0,74.0,76,1000.0,112,91,2,21
27,70,dn13,5,pkg61,75.0,80.0,84,1000.0,80,75,4,5
27,72,dn15,5,pkg62,77.0,83.0,88,1000.0,84,78,5,6
27,75,dn10,4,pkg64,82.0,87.0,91,1000.0,105,90,4,15
27,76,dn12,4,pkg65,81.0,91.0,100,1000.0,98,87,9,11
27,80,dn13,5,pkg63,77.0,82.0,88,1000.0,88,84,6,4
27,82,dn8,3,pkg66,87.0,92.0,100,1000.0,98,90,8,8
27,82,dn9,3,pkg67,91.0,98.0,105,1000.0,92.0,91.0,7,1.0
27,86,dn15,5,pkg71,93.0,102.0,108,1000.0,102,94,6,8
27,87,dn1,1,pkg68,90.0,99.0,108,1000.0,127,107,9,20
27,88,dn13,5,pkg72,93.0,100.0,107,1000.0,96.0,93.0,7,3.0
27,91,dn2,1,pkg74,96.0,101.0,111,1000.0,99.0,96.0,10,3.0
27,92,dn5,2,pkg69,92.0,100.0,103,1000.0,146,119,3,27
27,92,dn9,3,pkg73,97.0,106.0,114,1000.0,110,101,8,9
27,93,dn14,5,pkg75,100.0,108.0,113,1000.0,105.0,100.0,5,5.0
27,98,dn3,1,pkg76,100.0,109.0,114,1000.0,126,112,5,14
27,98,dn6,2,pkg70,95.0,105.0,108,1000.0,110,104,3,6
28,0,dn1,1,pkg18,6.0,12.0,16,1000.0,20,10,4,10
28,0,dn2,1,pkg9,5.0,13.0,17,1000.0,18,9,4,9
28,0,dn3,1,pkg19,5.0,12.0,19,1000.0,14,7,7,7
28,0,dn4,2,pkg14,5.0,10.0,13,1000.0,50,25,3,25
28,0,dn5,2,pkg22,6.0,11.0,17,1000.0,12,6,6,6
28,0,dn6,2,pkg16,8.0,14.0,18,1000.0,20,10,4,10
28,0,dn7,3,pkg17,5.0,13.0,16,1000.0,14,7,3,7
28,0,dn8,3,pkg2,8.0,13.0,17,1000.0,15.0,8.0,4,7.0
28,0,dn9,3,pkg15,8.0,14.0,17,1000.0,28,14,3,14
28,0,dn10,4,pkg5,9.0,17.0,22,1000.0,42,21,5,21
28,0,dn11,4,pkg7,6.0,15.0,22,1000.0,44,22,7,22
28,0,dn12,4,pkg21,9.0,15.0,23,1000.0,15.0,9.0,8,6.0
28,0,dn13,5,pkg1,5.0,15.0,16,1000.0,6.0,5.0,1,1.0
28,0,dn14,5,pkg8,6.0,13.0,21,1000.0,11.0,6.0,8,5.0
28,0,dn15,5,pkg13,9.0,17.0,21,1000.0,11.0,9.0,4,2.0
28,6,dn13,5,pkg20,5.0,15.0,21,1000.0,16,11,6,5
28,11,dn14,5,pkg4,6.0,15.0,22,1000.0,31,21,7,10
28,11,dn15,5,pkg23,10.0,18.0,23,1000.0,19,15,5,4
28,12,dn5,2,pkg12,6.0,13.0,19,1000.0,34,23,6,11
28,14,dn3,1,pkg6,9.0,18.0,24,1000.0,36,25,6,11
28,14,dn7,3,pkg11,8.0,18.0,21,1000.0,32,23,3,9
28,15,dn8,3,pkg10,7.0,17.0,27,1000.0,45,30,10,15
28,15,dn12,4,pkg29,17.0,25.0,29,1000.0,69,42,4,27
28,16,dn13,5,pkg24,14.0,23.0,25,1000.0,18,17,2,1
28,18,dn2,1,pkg25,16.0,22.0,27,1000.0,32,25,5,7
28,18,dn13,5,pkg30,23.0,32.0,36,1000.0,30,24,4,6
28,19,dn15,5,pkg31,26.0,33.0,43,1000.0,49,34,10,15
28,20,dn1,1,pkg27,20.0,27.0,37,1000.0,72,46,10,26
28,20,dn6,2,pkg28,19.0,25.0,28,1000.0,62,41,3,21
28,30,dn13,5,pkg34,31.0,40.0,45,1000.0,36,33,5,3
28,32,dn2,1,pkg32,30.0,37.0,44,1000.0,52,42,7,10
28,32,dn7,3,pkg36,40.0,46.0,52,1000.0,48,40,6,8
28,34,dn5,2,pkg33,28.0,37.0,39,1000.0,68,51,2,17
28,34,dn9,3,pkg37,42.0,48.0,58,1000.0,58,46,10,12
28,35,dn14,5,pkg38,41.0,47.0,54,1000.0,51,43,7,8
28,41,dn3,1,pkg40,49.0,57.0,64,1000.0,83,62,7,21
28,42,dn10,4,pkg35,37.0,44.0,47,1000.0,60,51,3,9
28,42,dn13,5,pkg41,47.0,57.0,64,1000.0,58,50,7,8
28,44,dn11,4,pkg39,45.0,50.0,54,1000.0,100,72,4,28
28,48,dn7,3,pkg44,57.0,66.0,77,1000.0,76,62,11,14
28,49,dn8,3,pkg45,57.0,63.0,69,1000.0,64.0,57.0,6,7.0
28,50,dn4,2,pkg43,53.0,63.0,65,1000.0,78,64,2,14
28,51,dn14,5,pkg46,56.0,65.0,68,1000.0,61,56,3,5
28,52,dn2,1,pkg42,54.0,60.0,65,1000.0,66,59,5,7
28,55,dn15,5,pkg47,65.0,72.0,79,1000.0,68.0,65.0,7,3.0
28,58,dn9,3,pkg48,66.0,74.0,83,1000.0,67.0,66.0,9,1.0
28,59,dn13,5,pkg49,68.0,78.0,84,1000.0,75.0,68.0,6,7.0
28,62,dn6,2,pkg50,69.0,79.0,87,1000.0,76,69,8,7
28,64,dn8,3,pkg51,69.0,75.0,82,1000.0,88,76,7,12
28,66,dn2,1,pkg52,74.0,81.0,90,1000.0,74.0,74.0,9,0.0
28,71,dn9,3,pkg53,80.0,85.0,91,1000.0,84.0,80.0,6,4.0
28,72,dn1,1,pkg54,78.0,85.0,95,1000.0,106,89,10,17
28,78,dn10,4,pkg55,86.0,94.0,101,1000.0,108,93,7,15
28,80,dn4,2,pkg56,90.0,95.0,104,1000.0,134,107,9,27
28,81,dn7,3,pkg57,89.0,97.0,100,1000.0,91.0,89.0,3,2.0
28,82,dn5,2,pkg58,92.0,102.0,110,1000.0,112,97,8,15
28,83,dn13,5,pkg59,90.0,100.0,105,1000.0,93.0,90.0,5,3.0
28,85,dn9,3,pkg60,93.0,100.0,105,1000.0,119,102,5,17
28,86,dn6,2,pkg61,91.0,99.0,108,1000.0,124,105,9,19
28,88,dn8,3,pkg62,94.0,100.0,105,1000.0,104,96,5,8
28,89,dn14,5,pkg63,94.0,102.0,111,1000.0,111,100,9,11
28,90,dn15,5,pkg64,95.0,102.0,112,1000.0,112,101,10,11
28,91,dn7,3,pkg65,101.0,106.0,108,1000.0,107.0,101.0,2,6.0
28,93,dn13,5,pkg66,98.0,103.0,112,1000.0,107,100,9,7
28,99,dn3,1,pkg69,109.0,117.0,123,1000.0,115.0,109.0,6,6.0
29,0,dn1,1,pkg15,9.0,16.0,21,1000.0,14.0,9.0,5,5.0
29,0,dn2,1,pkg13,9.0,19.0,22,1000.0,22,11,3,11
29,0,dn3,1,pkg21,10.0,17.0,22,1000.0,24,12,5,12
29,0,dn4,2,pkg17,6.0,11.0,16,1000.0,44,22,5,22
29,0,dn5,2,pkg4,8.0,13.0,19,1000.0,48,24,6,24
29,0,dn6,2,pkg14,7.0,16.0,19,1000.0,38,19,3,19
29,0,dn7,3,pkg5,6.0,13.0,17,1000.0,24,12,4,12
29,0,dn8,3,pkg6,7.0,16.0,18,1000.0,12.0,7.0,2,5.0
29,0,dn9,3,pkg8,5.0,12.0,19,1000.0,44,22,7,22
29,0,dn10,4,pkg19,7.0,15.0,17,1000.0,18,9,2,9
29,0,dn11,4,pkg10,7.0,15.0,24,1000.0,13.0,7.0,9,6.0
29,0,dn12,4,pkg22,10.0,17.0,25,1000.0,15.0,10.0,8,5.0
29,0,dn13,5,pkg20,8.0,18.0,20,1000.0,10.0,8.0,2,2.0
29,0,dn14,5,pkg1,6.0,16.0,22,1000.0,11.0,6.0,6,5.0
29,0,dn15,5,pkg11,7.0,17.0,23,1000.0,14,7,6,7
29,10,dn13,5,pkg18,9.0,18.0,25,1000.0,24,17,7,7
29,11,dn14,5,pkg23,7.0,14.0,25,1000.0,23,17,11,6
29,12,dn8,3,pkg9,10.0,18.0,24,1000.0,54,33,6,21
29,13,dn11,4,pkg24,8.0,15.0,20,1000.0,49,31,5,18
29,14,dn1,1,pkg25,11.0,17.0,24,1000.0,48,31,7,17
29,14,dn15,5,pkg3,10.0,16.0,27,1000.0,44,29,11,15
29,15,dn12,4,pkg27,14.0,22.0,26,1000.0,65,40,4,25
29,18,dn10,4,pkg28,17.0,27.0,28,1000.0,28,23,1,5
29,22,dn2,1,pkg29,20.0,25.0,32,1000.0,28,25,7,3
29,24,dn3,1,pkg30,26.0,31.0,39,1000.0,64,44,8,20
29,24,dn7,3,pkg32,23.0,28.0,38,1000.0,42,33,10,9
29,24,dn13,5,pkg35,34.0,43.0,47,1000.0,40.0,34.0,4,6.0
29,28,dn2,1,pkg34,27.0,34.0,39,1000.0,42,35,5,7
29,28,dn10,4,pkg31,26.0,35.0,44,1000.0,82,55,9,27
29,29,dn14,5,pkg37,36.0,45.0,54,1000.0,41.0,36.0,9,5.0
29,38,dn6,2,pkg38,36.0,46.0,52,1000.0,56,47,6,9
29,40,dn13,5,pkg42,46.0,51.0,55,1000.0,52,46,4,6
29,41,dn14,5,pkg41,45.0,51.0,57,1000.0,51,46,6,5
29,42,dn2,1,pkg40,46.0,51.0,55,1000.0,60,51,4,9
29,42,dn7,3,pkg39,39.0,49.0,58,1000.0,86,64,9,22
29,44,dn4,2,pkg44,52.0,59.0,64,1000.0,70,57,5,13
29,44,dn9,3,pkg45,51.0,56.0,58,1000.0,57.0,51.0,2,6.0
29,48,dn1,1,pkg47,53.0,59.0,69,1000.0,58,53,10,5
29,48,dn5,2,pkg43,50.0,56.0,65,1000.0,88,68,9,20
29,52,dn11,4,pkg48,59.0,64.0,73,1000.0,82,67,9,15
29,54,dn8,3,pkg46,53.0,61.0,70,1000.0,74,64,9,10
29,57,dn6,2,pkg50,63.0,71.0,74,1000.0,93,75,3,18
29,58,dn1,1,pkg49,62.0,71.0,80,1000.0,92,75,9,17
29,63,dn2,1,pkg52,70.0,79.0,86,1000.0,72.0,70.0,7,2.0
29,64,dn3,1,pkg53,70.0,77.0,87,1000.0,108,86,10,22
29,65,dn12,4,pkg51,68.0,74.0,79,1000.0,95,80,5,15
29,69,dn9,3,pkg55,78.0,83.0,89,1000.0,87,78,6,9
29,70,dn4,2,pkg56,75.0,84.0,88,1000.0,88,79,4,9
29,72,dn2,1,pkg54,71.0,80.0,86,1000.0,84,78,6,6
29,74,dn8,3,pkg58,81.0,91.0,94,1000.0,96,85,3,11
29,75,dn13,5,pkg59,81.0,91.0,99,1000.0,97,86,8,11
29,81,dn14,5,pkg63,90.0,99.0,106,1000.0,98.0,90.0,7,8.0
29,82,dn10,4,pkg60,84.0,89.0,93,1000.0,128,105,4,23
29,82,dn11,4,pkg57,81.0,91.0,98,1000.0,130,106,7,24
29,83,dn15,5,pkg65,88.0,98.0,101,1000.0,90.0,88.0,3,2.0
29,86,dn7,3,pkg61,86.0,95.0,102,1000.0,106,96,7,10
29,87,dn9,3,pkg67,93.0,102.0,109,1000.0,117,102,7,15
29,88,dn4,2,pkg64,92.0,99.0,100,1000.0,122,105,1,17
29,88,dn5,2,pkg62,89.0,94.0,102,1000.0,146,117,8,29
29,93,dn6,2,pkg69,102.0,107.0,109,1000.0,110.0,102.0,2,8.0
29,95,dn1,1,pkg70,104.0,111.0,115,1000.0,127,111,4,16
29,96,dn8,3,pkg68,100.0,108.0,114,1000.0,106,101,6,5
29,98,dn2,1,pkg71,108.0,114.0,120,1000.0,115.0,108.0,6,7.0
30,0,dn1,1,pkg1,7.0,14.0,19,1000.0,34,17,5,17
30,0,dn2,1,pkg6,8.0,16.0,19,1000.0,15.0,8.0,3,7.0
30,0,dn3,1,pkg17,8.0,14.0,19,1000.0,12.0,8.0,5,4.0
30,0,dn4,2,pkg2,8.0,18.0,20,1000.0,42,21,2,21
30,0,dn5,2,pkg14,9.0,16.0,21,1000.0,36,18,5,18
30,0,dn6,2,pkg16,7.0,12.0,21,1000.0,24,12,9,12
30,0,dn7,3,pkg22,5.0,11.0,17,1000.0,8.0,5.0,6,3.0
30,0,dn8,3,pkg5,7.0,13.0,18,1000.0,18,9,5,9
30,0,dn9,3,pkg3,7.0,12.0,19,1000.0,10.0,7.0,7,3.0
30,0,dn10,4,pkg12,5.0,14.0,17,1000.0,24,12,3,12
30,0,dn11,4,pkg10,8.0,14.0,20,1000.0,40,20,6,20
30,0,dn12,4,pkg8,9.0,17.0,21,1000.0,44,22,4,22
30,0,dn13,5,pkg18,8.0,15.0,16,1000.0,9.0,8.0,1,1.0
30,0,dn14,5,pkg4,9.0,16.0,22,1000.0,16.0,9.0,6,7.0
30,0,dn15,5,pkg7,10.0,15.0,24,1000.0,28,14,9,14
30,8,dn7,3,pkg15,7.0,13.0,20,1000.0,40,24,7,16
30,9,dn13,5,pkg9,10.0,16.0,26,1000.0,39,24,10,15
30,10,dn9,3,pkg11,9.0,17.0,25,1000.0,22,16,8,6
30,12,dn3,1,pkg20,7.0,16.0,19,1000.0,32,22,3,10
30,15,dn2,1,pkg13,9.0,18.0,22,1000.0,49,32,4,17
30,16,dn14,5,pkg26,15.0,23.0,26,1000.0,22,19,3,3
30,18,dn8,3,pkg27,15.0,23.0,32,1000.0,34,26,9,8
30,22,dn9,3,pkg31,23.0,29.0,33,1000.0,28,25,4,3
30,22,dn14,5,pkg28,20.0,27.0,31,1000.0,32,27,4,5
30,24,dn6,2,pkg30,21.0,28.0,38,1000.0,28,26,10,2
30,24,dn10,4,pkg29,23.0,30.0,40,1000.0,38,31,10,7
30,28,dn6,2,pkg34,36.0,43.0,51,1000.0,58,43,8,15
30,28,dn9,3,pkg32,28.0,33.0,40,1000.0,32,30,7,2
30,28,dn15,5,pkg33,34.0,42.0,47,1000.0,40,34,5,6
30,32,dn3,1,pkg35,36.0,46.0,53,1000.0,76,54,7,22
30,32,dn9,3,pkg36,39.0,48.0,56,1000.0,42.0,39.0,8,3.0
30,34,dn8,3,pkg38,39.0,46.0,47,1000.0,48,41,1,7
30,36,dn5,2,pkg37,40.0,45.0,50,1000.0,92,64,5,28
30,43,dn7,3,pkg39,52.0,57.0,61,1000.0,60.0,52.0,4,8.0
30,44,dn4,2,pkg40,49.0,58.0,65,1000.0,100,72,7,28
30,45,dn1,1,pkg41,50.0,60.0,70,1000.0,52.0,50.0,10,2.0
30,47,dn9,3,pkg42,52.0,61.0,65,1000.0,61,54,4,7
30,51,dn8,3,pkg43,57.0,67.0,68,1000.0,63,57,1,6
30,54,dn13,5,pkg44,62.0,71.0,78,1000.0,69.0,62.0,7,7.0
30,57,dn1,1,pkg45,65.0,71.0,74,1000.0,67.0,65.0,3,2.0
30,59,dn2,1,pkg46,65.0,71.0,82,1000.0,79,69,11,10
30,60,dn10,4,pkg47,69.0,79.0,88,1000.0,80,70,9,10
30,64,dn6,2,pkg48,69.0,75.0,85,1000.0,84,74,10,10
30,66,dn7,3,pkg49,71.0,77.0,83,1000.0,90,78,6,12
30,68,dn8,3,pkg51,78.0,85.0,96,1000.0,118,93,11,25
30,70,dn11,4,pkg52,80.0,90.0,96,1000.0,134,102,6,32
30,71,dn1,1,pkg53,81.0,91.0,97,1000.0,87.0,81.0,6,6.0
30,73,dn12,4,pkg54,79.0,89.0,91,1000.0,113,93,2,20
30,77,dn3,1,pkg55,84.0,92.0,102,1000.0,86.0,84.0,10,2.0
30,81,dn10,4,pkg56,86.0,94.0,99,1000.0,101,91,5,10
30,82,dn9,3,pkg57,91.0,97.0,101,1000.0,104,93,4,11
30,85,dn2,1,pkg58,91.0,99.0,105,1000.0,107,96,6,11
30,86,dn3,1,pkg59,95.0,104.0,110,1000.0,112,99,6,13
30,87,dn1,1,pkg60,96.0,102.0,112,1000.0,101.0,96.0,10,5.0
30,88,dn13,5,pkg61,97.0,106.0,109,1000.0,100.0,97.0,3,3.0
30,89,dn6,2,pkg62,95.0,105.0,115,1000.0,113,101,10,12
30,92,dn5,2,pkg63,101.0,109.0,113,1000.0,134,113,4,21
30,94,dn7,3,pkg64,103.0,112.0,122,1000.0,140,117,10,23
30,99,dn14,5,pkg66,104.0,110.0,118,1000.0,121,110,8,11
31,0,dn1,1,pkg15,6.0,11.0,16,1000.0,20,10,5,10
31,0,dn2,1,pkg3,6.0,12.0,17,1000.0,11.0,6.0,5,5.0
31,0,dn3,1,pkg14,8.0,13.0,18,1000.0,32,16,5,16
31,0,dn4,2,pkg19,10.0,16.0,17,1000.0,28,14,1,14
31,0,dn5,2,pkg10,6.0,15.0,18,1000.0,36,18,3,18
31,0,dn6,2,pkg21,5.0,12.0,18,1000.0,16,8,6,8
31,0,dn7,3,pkg18,5.0,12.0,15,1000.0,10,5,3,5
31,0,dn8,3,pkg20,6.0,15.0,17,1000.0,24,12,2,12
31,0,dn9,3,pkg13,7.0,14.0,19,1000.0,13.0,7.0,5,6.0
31,0,dn10,4,pkg22,7.0,12.0,16,1000.0,30,15,4,15
31,0,dn11,4,pkg4,5.0,13.0,17,1000.0,30,15,4,15
31,0,dn12,4,pkg11,8.0,16.0,17,1000.0,38,19,1,19
31,0,dn13,5,pkg17,7.0,15.0,24,1000.0,16,8,9,8
31,0,dn14,5,pkg16,8.0,16.0,27,1000.0,34,17,11,17
31,0,dn15,5,pkg9,8.0,18.0,29,1000.0,22,11,11,11
31,10,dn7,3,pkg12,5.0,12.0,21,1000.0,26,18,9,8
31,11,dn2,1,pkg1,8.0,15.0,21,1000.0,33,22,6,11
31,13,dn9,3,pkg6,6.0,14.0,23,1000.0,37,25,9,12
31,16,dn6,2,pkg8,10.0,20.0,26,1000.0,46,31,6,15
31,16,dn13,5,pkg23,11.0,20.0,24,1000.0,24,20,4,4
31,20,dn1,1,pkg24,13.0,21.0,26,1000.0,26,23,5,3
31,22,dn15,5,pkg30,18.0,28.0,36,1000.0,34,28,8,6
31,24,dn8,3,pkg27,17.0,26.0,35,1000.0,56,40,9,16
31,24,dn13,5,pkg31,23.0,31.0,41,1000.0,50,37,10,13
31,26,dn1,1,pkg34,24.0,30.0,36,1000.0,56,41,6,15
31,26,dn7,3,pkg33,24.0,31.0,41,1000.0,56,41,10,15
31,28,dn4,2,pkg32,26.0,36.0,43,1000.0,64,46,7,18
31,30,dn10,4,pkg36,30.0,35.0,43,1000.0,40,35,8,5
31,30,dn11,4,pkg37,34.0,42.0,52,1000.0,38,34,10,4
31,34,dn2,1,pkg38,43.0,50.0,56,1000.0,47.0,43.0,6,4.0
31,34,dn14,5,pkg35,33.0,38.0,47,1000.0,60,47,9,13
31,35,dn3,1,pkg39,40.0,45.0,51,1000.0,75,55,6,20
31,36,dn5,2,pkg40,45.0,53.0,63,1000.0,50.0,45.0,10,5.0
31,39,dn11,4,pkg41,44.0,53.0,58,1000.0,75,57,5,18
31,41,dn9,3,pkg43,47.0,54.0,61,1000.0,57,49,7,8
31,42,dn10,4,pkg44,52.0,60.0,66,1000.0,57.0,52.0,6,5.0
31,45,dn12,4,pkg45,54.0,64.0,73,1000.0,77,61,9,16
31,46,dn6,2,pkg42,45.0,54.0,58,1000.0,96,71,4,25
31,47,dn15,5,pkg46,52.0,61.0,70,1000.0,56.0,52.0,9,4.0
31,48,dn2,1,pkg47,53.0,62.0,66,1000.0,78,63,4,15
31,50,dn13,5,pkg48,58.0,65.0,70,1000.0,64.0,58.0,5,6.0
31,51,dn5,2,pkg49,57.0,65.0,74,1000.0,77,64,9,13
31,56,dn1,1,pkg50,58.0,65.0,72,1000.0,84,70,7,14
31,56,dn7,3,pkg51,61.0,70.0,80,1000.0,74,65,10,9
31,57,dn15,5,pkg52,63.0,70.0,76,1000.0,68.0,63.0,6,5.0
31,58,dn8,3,pkg53,64.0,72.0,83,1000.0,106,82,11,24
31,59,dn9,3,pkg54,67.0,77.0,85,1000.0,68.0,67.0,8,1.0
31,62,dn10,4,pkg56,70.0,80.0,87,1000.0,88,75,7,13
31,64,dn4,2,pkg55,70.0,78.0,89,1000.0,78,71,11,7
31,70,dn9,3,pkg59,76.0,81.0,88,1000.0,86,78,7,8
31,75,dn3,1,pkg57,72.0,82.0,89,1000.0,95,85,7,10
31,75,dn11,4,pkg58,72.0,82.0,91,1000.0,113,94,9,19
31,76,dn7,3,pkg60,86.0,95.0,103,1000.0,92.0,86.0,8,6.0
31,80,dn2,1,pkg61,89.0,99.0,105,1000.0,96.0,89.0,6,7.0
31,85,dn1,1,pkg62,94.0,100.0,104,1000.0,101.0,94.0,4,7.0
31,86,dn13,5,pkg63,92.0,100.0,110,1000.0,110,98,10,12
31,88,dn10,4,pkg64,96.0,105.0,108,1000.0,110,99,3,11
31,90,dn4,2,pkg65,96.0,106.0,111,1000.0,116,103,5,13
31,91,dn9,3,pkg66,99.0,107.0,114,1000.0,106.0,99.0,7,7.0
31,93,dn7,3,pkg67,102.0,112.0,118,1000.0,107.0,102.0,6,5.0
31,96,dn5,2,pkg68,104.0,111.0,116,1000.0,144,120,5,24
31,98,dn2,1,pkg69,105.0,114.0,119,1000.0,128,113,5,15
31,99,dn14,5,pkg70,106.0,115.0,124,1000.0,112.0,106.0,9,6.0
32,0,dn1,1,pkg11,6.0,11.0,13,1000.0,30,15,2,15
32,0,dn2,1,pkg4,6.0,11.0,14,1000.0,10.0,6.0,3,4.0
32,0,dn3,1,pkg3,6.0,11.0,17,1000.0,11.0,6.0,6,5.0
32,0,dn4,2,pkg10,5.0,14.0,17,1000.0,14,7,3,7
32,0,dn5,2,pkg22,9.0,14.0,17,1000.0,54,27,3,27
32,0,dn6,2,pkg17,7.0,15.0,20,1000.0,24,12,5,12
32,0,dn7,3,pkg7,7.0,12.0,19,1000.0,10.0,7.0,7,3.0
32,0,dn8,3,pkg19,9.0,18.0,19,1000.0,14.0,9.0,1,5.0
32,0,dn9,3,pkg14,7.0,16.0,20,1000.0,10.0,7.0,4,3.0
32,0,dn10,4,pkg5,9.0,16.0,18,1000.0,30,15,2,15
32,0,dn11,4,pkg8,5.0,13.0,22,1000.0,32,16,9,16
32,0,dn12,4,pkg1,8.0,13.0,24,1000.0,18,9,11,9
32,0,dn13,5,pkg12,5.0,13.0,18,1000.0,7.0,5.0,5,2.0
32,0,dn14,5,pkg21,5.0,14.0,20,1000.0,8.0,5.0,6,3.0
32,0,dn15,5,pkg16,10.0,15.0,21,1000.0,18.0,10.0,6,8.0
32,7,dn13,5,pkg15,10.0,19.0,22,1000.0,15,11,3,4
32,8,dn14,5,pkg23,6.0,14.0,23,1000.0,34,21,9,13
32,10,dn2,1,pkg20,6.0,16.0,19,1000.0,32,21,3,11
32,10,dn7,3,pkg24,8.0,17.0,20,1000.0,28,19,3,9
32,10,dn9,3,pkg18,10.0,18.0,22,1000.0,22,16,4,6
32,11,dn3,1,pkg2,8.0,18.0,22,1000.0,29,20,4,9
32,14,dn4,2,pkg9,6.0,15.0,21,1000.0,48,31,6,17
32,14,dn8,3,pkg13,8.0,18.0,24,1000.0,24,19,6,5
32,15,dn13,5,pkg6,10.0,18.0,24,1000.0,25,20,6,5
32,18,dn12,4,pkg29,17.0,25.0,26,1000.0,50,34,1,16
32,18,dn15,5,pkg26,10.0,19.0,26,1000.0,40,29,7,11
32,22,dn9,3,pkg33,20.0,29.0,39,1000.0,40,31,10,9
32,24,dn6,2,pkg31,18.0,28.0,35,1000.0,40,32,7,8
32,24,dn8,3,pkg38,30.0,40.0,44,1000.0,38,31,4,7
32,25,dn13,5,pkg34,20.0,29.0,38,1000.0,41,33,9,8
32,28,dn7,3,pkg37,28.0,37.0,45,1000.0,36,32,8,4
32,29,dn3,1,pkg35,24.0,34.0,38,1000.0,45,37,4,8
32,30,dn1,1,pkg32,21.0,31.0,39,1000.0,50,40,8,10
32,30,dn10,4,pkg39,31.0,41.0,44,1000.0,54,42,3,12
32,32,dn2,1,pkg41,34.0,41.0,47,1000.0,52,42,6,10
32,32,dn11,4,pkg43,39.0,45.0,53,1000.0,56,44,8,12
32,34,dn14,5,pkg40,29.0,39.0,41,1000.0,36,35,2,1
32,36,dn7,3,pkg42,33.0,40.0,50,1000.0,74,55,10,19
32,36,dn14,5,pkg46,43.0,50.0,54,1000.0,48.0,43.0,4,5.0
32,38,dn8,3,pkg44,37.0,47.0,56,1000.0,42,40,9,2
32,40,dn6,2,pkg49,45.0,53.0,56,1000.0,60,50,3,10
32,40,dn9,3,pkg48,47.0,52.0,62,1000.0,51.0,47.0,10,4.0
32,45,dn3,1,pkg47,44.0,54.0,61,1000.0,77,61,7,16
32,45,dn8,3,pkg51,50.0,58.0,63,1000.0,55,50,5,5
32,48,dn4,2,pkg50,53.0,58.0,61,1000.0,60,54,3,6
32,49,dn13,5,pkg54,56.0,65.0,73,1000.0,71,60,8,11
32,50,dn1,1,pkg53,53.0,59.0,65,1000.0,74,62,6,12
32,50,dn12,4,pkg52,52.0,58.0,68,1000.0,68,59,10,9
32,51,dn9,3,pkg55,61.0,66.0,77,1000.0,67.0,61.0,11,6.0
32,52,dn2,1,pkg56,62.0,69.0,74,1000.0,90,71,5,19
32,53,dn14,5,pkg57,59.0,66.0,73,1000.0,73,63,7,10
32,54,dn5,2,pkg58,64.0,74.0,85,1000.0,69.0,64.0,11,5.0
32,55,dn10,4,pkg59,60.0,65.0,69,1000.0,93,74,4,19
32,57,dn8,3,pkg60,63.0,73.0,82,1000.0,65.0,63.0,9,2.0
32,59,dn15,5,pkg61,67.0,75.0,78,1000.0,70.0,67.0,3,3.0
32,69,dn8,3,pkg64,74.0,84.0,88,1000.0,87,78,4,9
32,70,dn15,5,pkg62,69.0,74.0,78,1000.0,74,72,4,2
32,71,dn4,2,pkg65,77.0,85.0,92,1000.0,87,79,7,8
32,73,dn11,4,pkg66,81.0,90.0,100,1000.0,86.0,81.0,10,5.0
32,74,dn1,1,pkg63,75.0,84.0,90,1000.0,104,89,6,15
32,74,dn5,2,pkg67,83.0,89.0,99,1000.0,130,102,10,28
32,76,dn6,2,pkg68,81.0,91.0,99,1000.0,130,103,8,27
32,79,dn3,1,pkg69,86.0,94.0,99,1000.0,97,88,5,9
32,83,dn7,3,pkg70,90.0,96.0,99,1000.0,97,90,3,7
32,85,dn9,3,pkg71,94.0,104.0,111,1000.0,103,94,7,9
32,86,dn11,4,pkg72,94.0,101.0,109,1000.0,108,97,8,11
32,89,dn4,2,pkg73,94.0,104.0,111,1000.0,115,102,7,13
32,96,dn10,4,pkg78,104.0,110.0,113,1000.0,150,123,3,27
32,97,dn2,1,pkg79,105.0,115.0,125,1000.0,109.0,105.0,10,4.0
32,98,dn12,4,pkg80,107.0,113.0,120,1000.0,144,121,7,23
32,99,dn7,3,pkg81,107.0,114.0,115,1000.0,117,108,1,9
33,0,dn1,1,pkg3,5.0,10.0,16,1000.0,10,5,6,5
33,0,dn2,1,pkg16,7.0,12.0,16,1000.0,18,9,4,9
33,0,dn3,1,pkg20,7.0,14.0,16,1000.0,30,15,2,15
33,0,dn4,2,pkg7,6.0,12.0,18,1000.0,42,21,6,21
33,0,dn5,2,pkg14,7.0,16.0,22,1000.0,13.0,7.0,6,6.0
33,0,dn6,2,pkg22,10.0,18.0,23,1000.0,38,19,5,19
33,0,dn7,3,pkg1,5.0,13.0,16,1000.0,14,7,3,7
33,0,dn8,3,pkg13,6.0,13.0,17,1000.0,30,15,4,15
33,0,dn9,3,pkg6,5.0,15.0,18,1000.0,16,8,3,8
33,0,dn10,4,pkg11,9.0,14.0,16,1000.0,30,15,2,15
33,0,dn11,4,pkg10,8.0,13.0,18,1000.0,34,17,5,17
33,0,dn12,4,pkg21,8.0,18.0,27,1000.0,18,9,9,9
33,0,dn13,5,pkg2,6.0,14.0,17,1000.0,8.0,6.0,3,2.0
33,0,dn14,5,pkg17,8.0,13.0,17,1000.0,12.0,8.0,4,4.0
33,0,dn15,5,pkg15,8.0,18.0,20,1000.0,11.0,8.0,2,3.0
33,8,dn13,5,pkg18,6.0,12.0,21,1000.0,26,17,9,9
33,10,dn1,1,pkg19,8.0,15.0,19,1000.0,34,22,4,12
33,11,dn15,5,pkg23,9.0,16.0,23,1000.0,33,22,7,11
33,12,dn14,5,pkg26,13.0,21.0,24,1000.0,18,15,3,3
33,13,dn5,2,pkg25,14.0,20.0,23,1000.0,33,23,3,10
33,14,dn7,3,pkg12,7.0,17.0,20,1000.0,36,25,3,11
33,16,dn9,3,pkg24,10.0,20.0,28,1000.0,52,34,8,18
33,18,dn2,1,pkg9,10.0,19.0,21,1000.0,32,25,2,7
33,18,dn12,4,pkg27,21.0,29.0,35,1000.0,58,38,6,20
33,18,dn14,5,pkg4,10.0,19.0,25,1000.0,34,26,6,8
33,26,dn13,5,pkg29,24.0,31.0,33,1000.0,30,28,2,2
33,30,dn3,1,pkg28,23.0,31.0,34,1000.0,46,38,3,8
33,30,dn8,3,pkg30,28.0,36.0,44,1000.0,34,32,8,2
33,30,dn10,4,pkg34,30.0,35.0,39,1000.0,48,39,4,9
33,30,dn13,5,pkg31,26.0,31.0,38,1000.0,44,37,7,7
33,32,dn2,1,pkg33,27.0,34.0,38,1000.0,62,47,4,15
33,33,dn5,2,pkg32,30.0,38.0,49,1000.0,51,42,11,9
33,33,dn15,5,pkg36,32.0,41.0,49,1000.0,45,39,8,6
33,34,dn1,1,pkg35,33.0,42.0,44,1000.0,66,50,2,16
33,34,dn11,4,pkg39,39.0,45.0,48,1000.0,74,54,3,20
33,35,dn8,3,pkg40,40.0,48.0,56,1000.0,65,50,8,15
33,38,dn6,2,pkg37,35.0,45.0,54,1000.0,82,60,9,22
33,39,dn7,3,pkg42,48.0,57.0,61,1000.0,56.0,48.0,4,8.0
33,40,dn14,5,pkg43,46.0,51.0,61,1000.0,66,53,10,13
33,42,dn4,2,pkg38,39.0,45.0,54,1000.0,80,61,9,19
33,44,dn13,5,pkg44,49.0,56.0,63,1000.0,62,53,7,9
33,45,dn15,5,pkg45,50.0,59.0,63,1000.0,53.0,50.0,4,3.0
33,46,dn3,1,pkg46,55.0,65.0,70,1000.0,64,55,5,9
33,48,dn10,4,pkg41,45.0,52.0,57,1000.0,88,68,5,20
33,51,dn5,2,pkg48,58.0,67.0,72,1000.0,89,70,5,19
33,52,dn9,3,pkg49,59.0,68.0,79,1000.0,62.0,59.0,11,3.0
33,53,dn15,5,pkg47,53.0,59.0,65,1000.0,69,61,6,8
33,58,dn12,4,pkg51,59.0,66.0,67,1000.0,88,73,1,15
33,62,dn2,1,pkg52,68.0,77.0,84,1000.0,90,76,7,14
33,64,dn3,1,pkg55,71.0,76.0,83,1000.0,90,77,7,13
33,67,dn7,3,pkg56,76.0,81.0,83,1000.0,81.0,76.0,2,5.0
33,68,dn1,1,pkg57,78.0,86.0,91,1000.0,116,92,5,24
33,72,dn8,3,pkg59,82.0,88.0,98,1000.0,102,87,10,15
33,74,dn9,3,pkg60,84.0,90.0,98,1000.0,88.0,84.0,8,4.0
33,74,dn11,4,pkg53,69.0,77.0,87,1000.0,96,85,10,11
33,80,dn4,2,pkg61,85.0,90.0,92,1000.0,100,90,2,10
33,84,dn6,2,pkg62,89.0,94.0,97,1000.0,112,98,3,14
33,86,dn7,3,pkg63,93.0,102.0,111,1000.0,102,94,9,8
33,88,dn9,3,pkg64,92.0,99.0,105,1000.0,110,99,6,11
33,94,dn13,5,pkg65,100.0,106.0,114,1000.0,116,105,8,11
33,95,dn5,2,pkg66,105.0,115.0,122,1000.0,145,120,7,25
33,96,dn2,1,pkg67,103.0,111.0,119,1000.0,107.0,103.0,8,4.0
33,99,dn14,5,pkg69,105.0,113.0,123,1000.0,111,105,10,6
34,0,dn1,1,pkg12,5.0,12.0,17,1000.0,34,17,5,17
34,0,dn2,1,pkg13,8.0,13.0,17,1000.0,22,11,4,11
34,0,dn3,1,pkg10,7.0,12.0,19,1000.0,11.0,7.0,7,4.0
34,0,dn4,2,pkg2,8.0,13.0,15,1000.0,50,25,2,25
34,0,dn5,2,pkg4,6.0,13.0,16,1000.0,34,17,3,17
34,0,dn6,2,pkg7,7.0,14.0,17,1000.0,34,17,3,17
34,0,dn7,3,pkg17,6.0,11.0,17,1000.0,12,6,6,6
34,0,dn8,3,pkg11,5.0,11.0,18,1000.0,6.0,5.0,7,1.0
34,0,dn9,3,pkg19,6.0,13.0,18,1000.0,28,14,5,14
34,0,dn10,4,pkg1,8.0,14.0,15,1000.0,40,20,1,20
34,0,dn11,4,pkg6,5.0,13.0,18,1000.0,38,19,5,19
34,0,dn12,4,pkg14,8.0,15.0,21,1000.0,34,17,6,17
34,0,dn13,5,pkg16,8.0,14.0,16,1000.0,10.0,8.0,2,2.0
34,0,dn14,5,pkg18,8.0,13.0,19,1000.0,11.0,8.0,6,3.0
34,0,dn15,5,pkg5,8.0,17.0,21,1000.0,14.0,8.0,4,6.0
34,6,dn8,3,pkg21,8.0,16.0,19,1000.0,20,13,3,7
34,10,dn13,5,pkg15,10.0,19.0,21,1000.0,14,12,2,2
34,11,dn3,1,pkg8,8.0,18.0,25,1000.0,33,22,7,11
34,11,dn14,5,pkg20,8.0,18.0,21,1000.0,15,13,3,2
34,12,dn7,3,pkg9,8.0,14.0,21,1000.0,48,30,7,18
34,14,dn13,5,pkg26,13.0,18.0,21,1000.0,16,15,3,1
34,14,dn15,5,pkg22,10.0,18.0,27,1000.0,38,26,9,12
34,15,dn14,5,pkg25,14.0,21.0,28,1000.0,33,24,7,9
34,16,dn13,5,pkg30,17.0,27.0,35,1000.0,36,26,8,10
34,20,dn8,3,pkg27,16.0,22.0,30,1000.0,48,34,8,14
34,22,dn2,1,pkg31,19.0,27.0,31,1000.0,56,39,4,17
34,28,dn9,3,pkg34,24.0,31.0,37,1000.0,48,38,6,10
34,33,dn3,1,pkg39,29.0,37.0,41,1000.0,43,38,4,5
34,33,dn14,5,pkg41,30.0,39.0,45,1000.0,49,41,6,8
34,34,dn1,1,pkg36,27.0,37.0,43,1000.0,66,50,6,16
34,34,dn5,2,pkg37,28.0,37.0,42,1000.0,78,56,5,22
34,34,dn6,2,pkg38,31.0,40.0,44,1000.0,70,52,4,18
34,34,dn12,4,pkg40,33.0,43.0,47,1000.0,58,46,4,12
34,36,dn13,5,pkg45,42.0,49.0,58,1000.0,52,44,9,8
34,38,dn11,4,pkg42,32.0,42.0,49,1000.0,88,63,7,25
34,38,dn15,5,pkg46,45.0,55.0,63,1000.0,56,47,8,9
34,40,dn10,4,pkg44,36.0,45.0,50,1000.0,60,50,5,10
34,43,dn3,1,pkg48,47.0,56.0,66,1000.0,55,49,10,6
34,48,dn7,3,pkg47,49.0,54.0,60,1000.0,82,65,6,17
34,48,dn8,3,pkg50,51.0,57.0,61,1000.0,68,58,4,10
34,48,dn9,3,pkg49,51.0,61.0,66,1000.0,62,55,5,7
34,49,dn14,5,pkg51,56.0,62.0,65,1000.0,59.0,56.0,3,3.0
34,52,dn4,2,pkg54,60.0,65.0,76,1000.0,88,70,11,18
34,52,dn13,5,pkg52,56.0,61.0,65,1000.0,62,57,4,5
34,55,dn3,1,pkg53,60.0,68.0,69,1000.0,65,60,1,5
34,57,dn15,5,pkg55,64.0,73.0,79,1000.0,71,64,6,7
34,58,dn2,1,pkg56,68.0,73.0,78,1000.0,80,69,5,11
34,65,dn3,1,pkg57,71.0,80.0,90,1000.0,81,73,10,8
34,67,dn9,3,pkg58,75.0,82.0,85,1000.0,89,78,3,11
34,70,dn6,2,pkg59,74.0,81.0,85,1000.0,106,88,4,18
34,71,dn8,3,pkg60,81.0,91.0,98,1000.0,86.0,81.0,7,5.0
34,72,dn1,1,pkg61,78.0,86.0,96,1000.0,98,85,10,13
34,73,dn10,4,pkg62,81.0,90.0,101,1000.0,86.0,81.0,11,5.0
34,78,dn5,2,pkg63,83.0,91.0,101,1000.0,114,96,10,18
34,78,dn13,5,pkg64,88.0,97.0,100,1000.0,89.0,88.0,3,1.0
34,80,dn2,1,pkg65,86.0,91.0,102,1000.0,112,96,11,16
34,83,dn3,1,pkg66,92.0,101.0,110,1000.0,94.0,92.0,9,2.0
34,86,dn7,3,pkg68,92.0,99.0,108,1000.0,118,102,9,16
34,87,dn8,3,pkg69,96.0,105.0,114,1000.0,103.0,96.0,9,7.0
34,88,dn4,2,pkg70,98.0,105.0,114,1000.0,105.0,98.0,9,7.0
34,91,dn10,4,pkg71,98.0,103.0,111,1000.0,123,107,8,16
34,94,dn3,1,pkg67,89.0,97.0,103,1000.0,118,106,6,12
34,94,dn9,3,pkg72,100.0,110.0,120,1000.0,102.0,100.0,10,2.0
34,95,dn11,4,pkg73,104.0,110.0,121,1000.0,123,109,11,14
34,97,dn12,4,pkg74,106.0,111.0,120,1000.0,143,120,9,23
35,0,dn1,1,pkg14,8.0,13.0,14,1000.0,14.0,8.0,1,6.0
35,0,dn2,1,pkg16,7.0,12.0,15,1000.0,18,9,3,9
35,0,dn3,1,pkg18,7.0,12.0,19,1000.0,40,20,7,20
35,0,dn4,2,pkg12,9.0,15.0,18,1000.0,36,18,3,18
35,0,dn5,2,pkg21,8.0,14.0,19,1000.0,18,9,5,9
35,0,dn6,2,pkg9,6.0,14.0,24,1000.0,12,6,10,6
35,0,dn7,3,pkg10,6.0,12.0,17,1000.0,30,15,5,15
35,0,dn8,3,pkg11,5.0,12.0,19,1000.0,6.0,5.0,7,1.0
35,0,dn9,3,pkg13,7.0,12.0,21,1000.0,10.0,7.0,9,3.0
35,0,dn10,4,pkg15,8.0,18.0,20,1000.0,44,22,2,22
35,0,dn11,4,pkg17,9.0,18.0,20,1000.0,22,11,2,11
35,0,dn12,4,pkg22,10.0,15.0,24,1000.0,26,13,9,13
35,0,dn13,5,pkg4,10.0,17.0,18,1000.0,11.0,10.0,1,1.0
35,0,dn14,5,pkg19,6.0,15.0,18,1000.0,8.0,6.0,3,2.0
35,0,dn15,5,pkg2,7.0,17.0,19,1000.0,10.0,7.0,2,3.0
35,6,dn8,3,pkg26,10.0,16.0,21,1000.0,24,15,5,9
35,8,dn14,5,pkg7,9.0,17.0,23,1000.0,14,11,6,3
35,10,dn9,3,pkg1,8.0,17.0,24,1000.0,26,18,7,8
35,10,dn15,5,pkg3,10.0,20.0,25,1000.0,18,14,5,4
35,11,dn13,5,pkg27,19.0,27.0,35,1000.0,25.0,19.0,8,6.0
35,12,dn6,2,pkg24,10.0,15.0,18,1000.0,38,25,3,13
35,14,dn1,1,pkg8,8.0,17.0,21,1000.0,46,30,4,16
35,16,dn14,5,pkg32,25.0,32.0,36,1000.0,28.0,25.0,4,3.0
35,18,dn2,1,pkg31,24.0,29.0,40,1000.0,48,33,11,15
35,18,dn5,2,pkg25,13.0,22.0,33,1000.0,62,40,11,22
35,20,dn15,5,pkg33,25.0,34.0,44,1000.0,40,30,10,10
35,22,dn11,4,pkg30,22.0,29.0,35,1000.0,70,46,6,24
35,24,dn8,3,pkg29,20.0,29.0,35,1000.0,46,35,6,11
35,25,dn13,5,pkg34,29.0,36.0,43,1000.0,43,34,7,9
35,29,dn9,3,pkg36,34.0,43.0,54,1000.0,39,34,11,5
35,30,dn12,4,pkg37,36.0,43.0,45,1000.0,58,44,2,14
35,33,dn7,3,pkg38,40.0,47.0,50,1000.0,46.0,40.0,3,6.0
35,36,dn4,2,pkg35,31.0,39.0,46,1000.0,92,64,7,28
35,39,dn9,3,pkg41,45.0,52.0,53,1000.0,51,45,1,6
35,40,dn3,1,pkg40,44.0,51.0,57,1000.0,58,49,6,9
35,41,dn6,2,pkg42,50.0,56.0,58,1000.0,83,62,2,21
35,42,dn14,5,pkg43,48.0,53.0,64,1000.0,66,54,11,12
35,44,dn10,4,pkg39,40.0,49.0,52,1000.0,66,55,3,11
35,44,dn13,5,pkg44,50.0,59.0,64,1000.0,56,50,5,6
35,47,dn7,3,pkg45,53.0,60.0,63,1000.0,59,53,3,6
35,48,dn1,1,pkg46,53.0,58.0,67,1000.0,70,59,9,11
35,50,dn8,3,pkg48,57.0,63.0,73,1000.0,90,70,10,20
35,52,dn2,1,pkg50,61.0,69.0,77,1000.0,63.0,61.0,8,2.0
35,57,dn9,3,pkg51,66.0,75.0,84,1000.0,95,76,9,19
35,58,dn12,4,pkg49,56.0,66.0,72,1000.0,94,76,6,18
35,61,dn3,1,pkg52,68.0,75.0,84,1000.0,77,69,9,8
35,62,dn5,2,pkg47,58.0,65.0,68,1000.0,78,70,3,8
35,62,dn7,3,pkg53,72.0,79.0,86,1000.0,106,84,7,22
35,63,dn2,1,pkg54,73.0,78.0,83,1000.0,80.0,73.0,5,7.0
35,64,dn13,5,pkg55,69.0,78.0,80,1000.0,70.0,69.0,2,1.0
35,65,dn15,5,pkg56,73.0,78.0,82,1000.0,77.0,73.0,4,4.0
35,71,dn1,1,pkg58,81.0,89.0,95,1000.0,97,84,6,13
35,72,dn10,4,pkg59,82.0,90.0,98,1000.0,92,82,8,10
35,74,dn11,4,pkg60,80.0,87.0,96,1000.0,92,83,9,9
35,76,dn13,5,pkg61,84.0,92.0,99,1000.0,90.0,84.0,7,6.0
35,77,dn14,5,pkg62,83.0,88.0,98,1000.0,87.0,83.0,10,4.0
35,78,dn5,2,pkg57,79.0,89.0,99,1000.0,120,99,10,21
35,79,dn3,1,pkg63,88.0,94.0,100,1000.0,97,88,6,9
35,82,dn2,1,pkg64,91.0,96.0,106,1000.0,96.0,91.0,10,5.0
35,84,dn6,2,pkg65,92.0,99.0,103,1000.0,138,111,4,27
35,87,dn14,5,pkg67,95.0,103.0,107,1000.0,97.0,95.0,4,2.0
35,92,dn4,2,pkg66,91.0,100.0,103,1000.0,140,116,3,24
35,92,dn10,4,pkg68,97.0,104.0,110,1000.0,110,101,6,9
35,92,dn11,4,pkg69,96.0,106.0,116,1000.0,120,106,10,14
35,94,dn8,3,pkg70,99.0,105.0,112,1000.0,103.0,99.0,7,4.0
35,96,dn12,4,pkg71,106.0,112.0,116,1000.0,138,117,4,21
36,0,dn1,1,pkg5,5.0,10.0,13,1000.0,14,7,3,7
36,0,dn2,1,pkg13,5.0,14.0,18,1000.0,16,8,4,8
36,0,dn3,1,pkg6,8.0,15.0,19,1000.0,14.0,8.0,4,6.0
36,0,dn4,2,pkg17,5.0,12.0,17,1000.0,52,26,5,26
36,0,dn5,2,pkg16,6.0,15.0,19,1000.0,40,20,4,20
36,0,dn6,2,pkg10,5.0,11.0,20,1000.0,30,15,9,15
36,0,dn7,3,pkg2,7.0,13.0,20,1000.0,12.0,7.0,7,5.0
36,0,dn8,3,pkg12,5.0,14.0,20,1000.0,30,15,6,15
36,0,dn9,3,pkg20,10.0,15.0,20,1000.0,15.0,10.0,5,5.0
36,0,dn10,4,pkg11,9.0,15.0,17,1000.0,46,23,2,23
36,0,dn11,4,pkg14,8.0,16.0,19,1000.0,28,14,3,14
36,0,dn12,4,pkg9,8.0,15.0,20,1000.0,40,20,5,20
36,0,dn13,5,pkg19,10.0,16.0,21,1000.0,17.0,10.0,5,7.0
36,0,dn14,5,pkg8,7.0,13.0,22,1000.0,22,11,9,11
36,0,dn15,5,pkg15,7.0,17.0,24,1000.0,14,7,7,7
36,12,dn7,3,pkg3,10.0,20.0,22,1000.0,22,17,2,5
36,14,dn1,1,pkg4,10.0,16.0,22,1000.0,44,29,6,15
36,14,dn3,1,pkg7,10.0,17.0,23,1000.0,40,27,6,13
36,14,dn15,5,pkg24,10.0,16.0,18,1000.0,16,15,2,1
36,15,dn9,3,pkg22,6.0,16.0,22,1000.0,35,25,6,10
36,16,dn2,1,pkg18,10.0,18.0,23,1000.0,38,27,5,11
36,16,dn15,5,pkg25,12.0,20.0,22,1000.0,20,18,2,2
36,17,dn13,5,pkg30,26.0,36.0,46,1000.0,43,30,10,13
36,22,dn7,3,pkg26,18.0,26.0,35,1000.0,50,36,9,14
36,23,dn14,5,pkg33,29.0,38.0,42,1000.0,35,29,4,6
36,28,dn11,4,pkg28,21.0,29.0,39,1000.0,80,54,10,26
36,28,dn15,5,pkg37,35.0,43.0,46,1000.0,37.0,35.0,3,2.0
36,30,dn6,2,pkg31,27.0,35.0,38,1000.0,66,48,3,18
36,30,dn8,3,pkg35,36.0,44.0,54,1000.0,50,40,10,10
36,35,dn9,3,pkg38,39.0,45.0,54,1000.0,67,51,9,16
36,35,dn14,5,pkg39,42.0,51.0,52,1000.0,43.0,42.0,1,1.0
36,37,dn15,5,pkg40,45.0,53.0,60,1000.0,48.0,45.0,7,3.0
36,38,dn2,1,pkg34,33.0,39.0,45,1000.0,84,61,6,23
36,40,dn3,1,pkg36,33.0,42.0,52,1000.0,66,53,10,13
36,40,dn5,2,pkg41,45.0,52.0,62,1000.0,70,55,10,15
36,40,dn12,4,pkg42,43.0,48.0,54,1000.0,72,56,6,16
36,43,dn13,5,pkg43,44.0,50.0,60,1000.0,65,54,10,11
36,43,dn14,5,pkg44,48.0,55.0,66,1000.0,69,56,11,13
36,46,dn10,4,pkg48,55.0,60.0,67,1000.0,92,69,7,23
36,48,dn15,5,pkg47,51.0,58.0,68,1000.0,68,58,10,10
36,50,dn7,3,pkg45,48.0,54.0,65,1000.0,98,74,11,24
36,50,dn8,3,pkg46,51.0,60.0,69,1000.0,80,65,9,15
36,51,dn1,1,pkg49,59.0,66.0,77,1000.0,63.0,59.0,11,4.0
36,59,dn4,2,pkg52,65.0,75.0,86,1000.0,99,79,11,20
36,63,dn1,1,pkg50,66.0,73.0,81,1000.0,69,66,8,3
36,65,dn13,5,pkg51,66.0,74.0,79,1000.0,79,72,5,7
36,66,dn3,1,pkg54,72.0,80.0,87,1000.0,75.0,72.0,7,3.0
36,66,dn6,2,pkg53,70.0,80.0,87,1000.0,102,84,7,18
36,67,dn9,3,pkg55,72.0,82.0,91,1000.0,93,80,9,13
36,70,dn5,2,pkg56,75.0,83.0,88,1000.0,98,84,5,14
36,70,dn14,5,pkg57,79.0,86.0,94,1000.0,96,83,8,13
36,76,dn1,1,pkg58,85.0,93.0,101,1000.0,92.0,85.0,8,7.0
36,77,dn3,1,pkg59,82.0,90.0,97,1000.0,111,94,7,17
36,78,dn12,4,pkg60,88.0,96.0,106,1000.0,102,90,10,12
36,83,dn8,3,pkg61,91.0,98.0,104,1000.0,94.0,91.0,6,3.0
36,84,dn13,5,pkg62,90.0,98.0,105,1000.0,95.0,90.0,7,5.0
36,89,dn2,1,pkg63,94.0,102.0,104,1000.0,113,101,2,12
36,90,dn15,5,pkg64,99.0,105.0,109,1000.0,104.0,99.0,4,5.0
36,93,dn9,3,pkg65,96.0,102.0,106,1000.0,107,100,4,7
36,94,dn1,1,pkg66,103.0,110.0,121,1000.0,107.0,103.0,11,4.0
36,97,dn10,4,pkg67,103.0,108.0,116,1000.0,127,112,8,15
36,99,dn4,2,pkg68,107.0,112.0,121,1000.0,147,123,9,24
37,0,dn1,1,pkg3,6.0,12.0,16,1000.0,20,10,4,10
37,0,dn2,1,pkg1,9.0,14.0,21,1000.0,30,15,7,15
37,0,dn3,1,pkg5,8.0,16.0,21,1000.0,20,10,5,10
37,0,dn4,2,pkg9,6.0,11.0,13,1000.0,20,10,2,10
37,0,dn5,2,pkg14,6.0,11.0,17,1000.0,48,24,6,24
37,0,dn6,2,pkg17,5.0,11.0,17,1000.0,32,16,6,16
37,0,dn7,3,pkg2,6.0,12.0,20,1000.0,11.0,6.0,8,5.0
37,0,dn8,3,pkg7,8.0,13.0,21,1000.0,10.0,8.0,8,2.0
37,0,dn9,3,pkg20,10.0,18.0,21,1000.0,19.0,10.0,3,9.0
37,0,dn10,4,pkg22,5.0,13.0,15,1000.0,16,8,2,8
37,0,dn11,4,pkg11,5.0,13.0,18,1000.0,42,21,5,21
37,0,dn12,4,pkg8,9.0,17.0,25,1000.0,30,15,8,15
37,0,dn13,5,pkg4,7.0,15.0,17,1000.0,9.0,7.0,2,2.0
37,0,dn14,5,pkg21,9.0,16.0,19,1000.0,13.0,9.0,3,4.0
37,0,dn15,5,pkg13,10.0,19.0,22,1000.0,15.0,10.0,3,5.0
37,9,dn13,5,pkg19,9.0,14.0,22,1000.0,19,14,8,5
37,10,dn8,3,pkg6,5.0,13.0,22,1000.0,30,20,9,10
37,11,dn7,3,pkg12,5.0,15.0,23,1000.0,21,16,8,5
37,13,dn14,5,pkg28,19.0,24.0,33,1000.0,41,27,9,14
37,15,dn15,5,pkg26,16.0,26.0,36,1000.0,33,24,10,9
37,16,dn10,4,pkg24,10.0,18.0,24,1000.0,48,32,6,16
37,19,dn9,3,pkg27,18.0,24.0,35,1000.0,53,36,11,17
37,20,dn1,1,pkg29,23.0,31.0,40,1000.0,48,34,9,14
37,20,dn4,2,pkg25,14.0,21.0,25,1000.0,32,26,4,6
37,21,dn3,1,pkg32,31.0,41.0,47,1000.0,35.0,31.0,6,4.0
37,22,dn7,3,pkg33,29.0,35.0,40,1000.0,35.0,29.0,5,6.0
37,23,dn13,5,pkg34,28.0,35.0,39,1000.0,30.0,28.0,4,2.0
37,30,dn2,1,pkg36,33.0,41.0,47,1000.0,52,41,6,11
37,30,dn8,3,pkg38,35.0,40.0,46,1000.0,38.0,35.0,6,3.0
37,30,dn12,4,pkg31,29.0,37.0,43,1000.0,60,45,6,15
37,30,dn13,5,pkg37,36.0,43.0,51,1000.0,41.0,36.0,8,5.0
37,32,dn4,2,pkg30,27.0,35.0,44,1000.0,94,63,9,31
37,32,dn6,2,pkg35,33.0,42.0,49,1000.0,54,43,7,11
37,35,dn7,3,pkg39,41.0,51.0,62,1000.0,75,55,11,20
37,37,dn3,1,pkg40,45.0,54.0,62,1000.0,65,51,8,14
37,39,dn8,3,pkg41,44.0,51.0,55,1000.0,55,47,4,8
37,40,dn15,5,pkg42,50.0,55.0,64,1000.0,59.0,50.0,9,9.0
37,41,dn13,5,pkg43,51.0,57.0,67,1000.0,73,57,10,16
37,42,dn11,4,pkg44,50.0,57.0,63,1000.0,60,51,6,9
37,43,dn14,5,pkg45,50.0,56.0,63,1000.0,65,54,7,11
37,48,dn1,1,pkg46,50.0,56.0,66,1000.0,74,61,10,13
37,48,dn5,2,pkg47,51.0,60.0,69,1000.0,72,60,9,12
37,48,dn10,4,pkg48,54.0,64.0,68,1000.0,72,60,4,12
37,52,dn2,1,pkg49,54.0,62.0,69,1000.0,58,55,7,3
37,53,dn9,3,pkg51,63.0,68.0,76,1000.0,70.0,63.0,8,7.0
37,54,dn6,2,pkg50,61.0,66.0,68,1000.0,106,80,2,26
37,55,dn8,3,pkg52,62.0,72.0,76,1000.0,83,69,4,14
37,58,dn2,1,pkg53,65.0,70.0,79,1000.0,76,67,9,9
37,63,dn11,4,pkg54,71.0,78.0,89,1000.0,91,77,11,14
37,64,dn15,5,pkg55,74.0,82.0,87,1000.0,78.0,74.0,5,4.0
37,65,dn3,1,pkg56,70.0,75.0,86,1000.0,81,73,11,8
37,66,dn12,4,pkg57,75.0,81.0,91,1000.0,86,76,10,10
37,69,dn14,5,pkg58,79.0,88.0,92,1000.0,84.0,79.0,4,5.0
37,70,dn9,3,pkg59,78.0,83.0,88,1000.0,92,81,5,11
37,72,dn5,2,pkg60,78.0,84.0,91,1000.0,94,83,7,11
37,73,dn10,4,pkg61,81.0,91.0,96,1000.0,88.0,81.0,5,7.0
37,75,dn1,1,pkg62,80.0,85.0,93,1000.0,85,80,8,5
37,76,dn7,3,pkg63,82.0,88.0,97,1000.0,104,90,9,14
37,79,dn13,5,pkg65,85.0,90.0,95,1000.0,93,86,5,7
37,85,dn1,1,pkg66,93.0,98.0,104,1000.0,96.0,93.0,6,3.0
37,86,dn8,3,pkg67,94.0,103.0,106,1000.0,102,94,3,8
37,86,dn12,4,pkg64,85.0,91.0,95,1000.0,138,112,4,26
37,87,dn2,1,pkg68,94.0,102.0,106,1000.0,107,97,4,10
37,90,dn14,5,pkg69,99.0,104.0,112,1000.0,108,99,8,9
37,91,dn3,1,pkg70,97.0,102.0,113,1000.0,117,104,11,13
37,92,dn9,3,pkg71,99.0,105.0,108,1000.0,103.0,99.0,3,4.0
37,94,dn4,2,pkg72,103.0,108.0,112,1000.0,116,105,4,11
37,95,dn13,5,pkg73,104.0,110.0,120,1000.0,117,106,10,11
37,96,dn1,1,pkg74,102.0,108.0,118,1000.0,118,107,10,11
37,98,dn15,5,pkg75,107.0,114.0,119,1000.0,111.0,107.0,5,4.0
38,0,dn1,1,pkg13,5.0,13.0,16,1000.0,14,7,3,7
38,0,dn2,1,pkg22,7.0,15.0,19,1000.0,14,7,4,7
38,0,dn3,1,pkg6,5.0,12.0,20,1000.0,8.0,5.0,8,3.0
38,0,dn4,2,pkg10,7.0,13.0,14,1000.0,46,23,1,23
38,0,dn5,2,pkg18,10.0,15.0,18,1000.0,40,20,3,20
38,0,dn6,2,pkg11,8.0,15.0,20,1000.0,40,20,5,20
38,0,dn7,3,pkg7,6.0,11.0,13,1000.0,22,11,2,11
38,0,dn8,3,pkg8,6.0,12.0,17,1000.0,32,16,5,16
38,0,dn9,3,pkg5,10.0,15.0,19,1000.0,19.0,10.0,4,9.0
38,0,dn10,4,pkg17,5.0,11.0,12,1000.0,30,15,1,15
38,0,dn11,4,pkg4,5.0,12.0,14,1000.0,40,20,2,20
38,0,dn12,4,pkg2,5.0,15.0,19,1000.0,60,30,4,30
38,0,dn13,5,pkg14,6.0,14.0,16,1000.0,7.0,6.0,2,1.0
38,0,dn14,5,pkg21,7.0,14.0,16,1000.0,8.0,7.0,2,1.0
38,0,dn15,5,pkg3,9.0,19.0,20,1000.0,10.0,9.0,1,1.0
38,7,dn13,5,pkg25,13.0,19.0,22,1000.0,16.0,13.0,3,3.0
38,8,dn3,1,pkg16,10.0,16.0,20,1000.0,38,23,4,15
38,8,dn14,5,pkg19,9.0,17.0,25,1000.0,22,15,8,7
38,10,dn15,5,pkg9,9.0,19.0,26,1000.0,24,17,7,7
38,14,dn1,1,pkg24,15.0,20.0,22,1000.0,40,27,2,13
38,14,dn2,1,pkg23,12.0,20.0,25,1000.0,38,26,5,12
38,16,dn13,5,pkg29,22.0,32.0,42,1000.0,40,28,10,12
38,19,dn9,3,pkg26,20.0,30.0,35,1000.0,43,31,5,12
38,22,dn7,3,pkg30,22.0,31.0,36,1000.0,56,39,5,17
38,24,dn14,5,pkg32,29.0,39.0,44,1000.0,36,30,5,6
38,25,dn15,5,pkg33,30.0,37.0,40,1000.0,32.0,30.0,3,2.0
38,30,dn10,4,pkg31,25.0,34.0,37,1000.0,68,49,3,19
38,32,dn8,3,pkg34,33.0,39.0,43,1000.0,48,40,4,8
38,36,dn14,5,pkg39,45.0,53.0,58,1000.0,48.0,45.0,5,3.0
38,38,dn2,1,pkg36,39.0,45.0,51,1000.0,52,45,6,7
38,38,dn3,1,pkg37,38.0,47.0,53,1000.0,50,44,6,6
38,40,dn5,2,pkg35,35.0,42.0,52,1000.0,82,61,10,21
38,40,dn6,2,pkg38,40.0,49.0,58,1000.0,70,55,9,15
38,40,dn11,4,pkg41,46.0,51.0,56,1000.0,72,56,5,16
38,43,dn9,3,pkg42,49.0,57.0,65,1000.0,79,61,8,18
38,46,dn1,1,pkg44,56.0,66.0,73,1000.0,90,68,7,22
38,46,dn4,2,pkg40,45.0,53.0,59,1000.0,78,62,6,16
38,50,dn3,1,pkg45,54.0,60.0,66,1000.0,88,69,6,19
38,51,dn8,3,pkg47,57.0,63.0,71,1000.0,58.0,57.0,8,1.0
38,56,dn7,3,pkg48,61.0,67.0,78,1000.0,94,75,11,19
38,57,dn13,5,pkg49,63.0,70.0,80,1000.0,83,70,10,13
38,58,dn2,1,pkg50,67.0,75.0,86,1000.0,88,73,11,15
38,60,dn12,4,pkg46,56.0,63.0,74,1000.0,88,74,11,14
38,61,dn14,5,pkg52,71.0,77.0,87,1000.0,81,71,10,10
38,62,dn8,3,pkg53,68.0,78.0,80,1000.0,78,70,2,8
38,64,dn15,5,pkg54,74.0,83.0,84,1000.0,75.0,74.0,1,1.0
38,68,dn10,4,pkg57,77.0,82.0,88,1000.0,106,87,6,19
38,70,dn6,2,pkg55,73.0,81.0,87,1000.0,110,90,6,20
38,72,dn11,4,pkg60,82.0,91.0,98,1000.0,104,88,7,16
38,75,dn15,5,pkg56,72.0,79.0,87,1000.0,95,85,8,10
38,78,dn4,2,pkg62,80.0,86.0,87,1000.0,104,91,1,13
38,78,dn8,3,pkg59,79.0,84.0,92,1000.0,88,83,8,5
38,79,dn9,3,pkg64,81.0,88.0,94,1000.0,101,90,6,11
38,81,dn14,5,pkg61,82.0,90.0,96,1000.0,99,90,6,9
38,82,dn5,2,pkg58,80.0,89.0,97,1000.0,104,93,8,11
38,83,dn13,5,pkg65,83.0,88.0,97,1000.0,105,94,9,11
38,88,dn2,1,pkg67,90.0,97.0,100,1000.0,118,103,3,15
38,88,dn3,1,pkg68,93.0,98.0,104,1000.0,102,95,6,7
38,88,dn8,3,pkg69,92.0,101.0,109,1000.0,100,94,8,6
38,88,dn12,4,pkg66,91.0,101.0,110,1000.0,120,104,9,16
38,90,dn1,1,pkg70,96.0,106.0,111,1000.0,118,104,5,14
38,94,dn7,3,pkg71,96.0,102.0,109,1000.0,134,114,7,20
38,95,dn15,5,pkg72,99.0,106.0,116,1000.0,109,102,10,7
38,99,dn14,5,pkg74,105.0,113.0,118,1000.0,113,106,5,7
39,0,dn1,1,pkg10,6.0,11.0,15,1000.0,12,6,4,6
39,0,dn2,1,pkg2,7.0,16.0,17,1000.0,26,13,1,13
39,0,dn3,1,pkg6,10.0,15.0,17,1000.0,17.0,10.0,2,7.0
39,0,dn4,2,pkg14,6.0,15.0,18,1000.0,38,19,3,19
39,0,dn5,2,pkg3,9.0,14.0,22,1000.0,28,14,8,14
39,0,dn6,2,pkg1,8.0,17.0,24,1000.0,20,10,7,10
39,0,dn7,3,pkg12,7.0,12.0,15,1000.0,20,10,3,10
39,0,dn8,3,pkg9,8.0,15.0,19,1000.0,18,9,4,9
39,0,dn9,3,pkg15,9.0,17.0,19,1000.0,17.0,9.0,2,8.0
39,0,dn10,4,pkg5,9.0,15.0,17,1000.0,38,19,2,19
39,0,dn11,4,pkg22,5.0,15.0,17,1000.0,20,10,2,10
39,0,dn12,4,pkg18,5.0,15.0,19,1000.0,16,8,4,8
39,0,dn13,5,pkg13,6.0,11.0,14,1000.0,11.0,6.0,3,5.0
39,0,dn14,5,pkg7,5.0,12.0,21,1000.0,16,8,9,8
39,0,dn15,5,pkg8,10.0,17.0,21,1000.0,15.0,10.0,4,5.0
39,11,dn13,5,pkg21,8.0,18.0,24,1000.0,19,15,6,4
39,12,dn1,1,pkg11,8.0,14.0,19,1000.0,44,28,5,16
39,15,dn15,5,pkg20,8.0,17.0,26,1000.0,29,22,9,7
39,16,dn12,4,pkg16,7.0,17.0,24,1000.0,26,21,7,5
39,16,dn14,5,pkg25,18.0,25.0,28,1000.0,24,20,3,4
39,17,dn3,1,pkg26,19.0,25.0,30,1000.0,35,26,5,9
39,17,dn9,3,pkg27,26.0,36.0,41,1000.0,41,29,5,12
39,19,dn13,5,pkg28,25.0,33.0,44,1000.0,51,35,11,16
39,26,dn6,2,pkg29,31.0,39.0,42,1000.0,44,35,3,9
39,27,dn2,1,pkg30,33.0,41.0,47,1000.0,39,33,6,6
39,28,dn7,3,pkg31,35.0,43.0,51,1000.0,40.0,35.0,8,5.0
39,31,dn8,3,pkg32,38.0,43.0,53,1000.0,40.0,38.0,10,2.0
39,32,dn14,5,pkg33,40.0,46.0,52,1000.0,47.0,40.0,6,7.0
39,36,dn5,2,pkg34,42.0,52.0,60,1000.0,60,48,8,12
39,38,dn15,5,pkg35,47.0,57.0,63,1000.0,51.0,47.0,6,4.0
39,40,dn7,3,pkg36,48.0,55.0,64,1000.0,54.0,48.0,9,6.0
39,41,dn4,2,pkg37,51.0,56.0,64,1000.0,93,67,8,26
39,42,dn8,3,pkg38,52.0,57.0,62,1000.0,58.0,52.0,5,6.0
39,43,dn2,1,pkg39,51.0,57.0,63,1000.0,61,52,6,9
39,45,dn1,1,pkg40,51.0,57.0,61,1000.0,65,55,4,10
39,49,dn6,2,pkg41,54.0,60.0,71,1000.0,91,70,11,21
39,50,dn3,1,pkg42,55.0,65.0,76,1000.0,94,72,11,22
39,51,dn9,3,pkg43,59.0,64.0,70,1000.0,85,68,6,17
39,52,dn10,4,pkg44,59.0,69.0,78,1000.0,72,62,9,10
39,56,dn7,3,pkg45,61.0,69.0,74,1000.0,68,62,5,6
39,58,dn8,3,pkg46,64.0,72.0,81,1000.0,69.0,64.0,9,5.0
39,60,dn13,5,pkg47,65.0,72.0,75,1000.0,66.0,65.0,3,1.0
39,62,dn2,1,pkg48,67.0,72.0,78,1000.0,69.0,67.0,6,2.0
39,63,dn5,2,pkg49,70.0,75.0,85,1000.0,117,90,10,27
39,65,dn11,4,pkg50,72.0,78.0,86,1000.0,111,88,8,23
39,68,dn1,1,pkg51,73.0,83.0,92,1000.0,86,77,9,9
39,69,dn7,3,pkg52,75.0,83.0,92,1000.0,79.0,75.0,9,4.0
39,73,dn2,1,pkg53,78.0,86.0,94,1000.0,119,96,8,23
39,74,dn8,3,pkg54,81.0,86.0,92,1000.0,87.0,81.0,6,6.0
39,75,dn13,5,pkg55,82.0,92.0,101,1000.0,86.0,82.0,9,4.0
39,76,dn14,5,pkg56,85.0,95.0,105,1000.0,100,88,10,12
39,81,dn15,5,pkg57,90.0,96.0,103,1000.0,95.0,90.0,7,5.0
39,84,dn10,4,pkg59,89.0,95.0,101,1000.0,136,110,6,26
39,85,dn7,3,pkg60,93.0,103.0,110,1000.0,103,94,7,9
39,86,dn1,1,pkg58,93.0,103.0,107,1000.0,99.0,93.0,4,6.0
39,89,dn12,4,pkg62,98.0,106.0,114,1000.0,105.0,98.0,8,7.0
39,91,dn6,2,pkg61,96.0,102.0,106,1000.0,119,105,4,14
39,93,dn4,2,pkg63,99.0,104.0,113,1000.0,123,108,9,15
39,94,dn3,1,pkg64,103.0,109.0,119,1000.0,105.0,103.0,10,2.0
39,97,dn13,5,pkg65,102.0,112.0,121,1000.0,113,105,9,8
39,98,dn15,5,pkg66,108.0,114.0,125,1000.0,132,115,11,17
40,0,dn1,1,pkg10,6.0,13.0,17,1000.0,26,13,4,13
40,0,dn2,1,pkg18,5.0,10.0,19,1000.0,18,9,9,9
40,0,dn3,1,pkg11,7.0,13.0,20,1000.0,54,27,7,27
40,0,dn4,2,pkg2,6.0,12.0,15,1000.0,24,12,3,12
40,0,dn5,2,pkg13,5.0,13.0,19,1000.0,32,16,6,16
40,0,dn6,2,pkg7,9.0,17.0,20,1000.0,32,16,3,16
40,0,dn7,3,pkg4,6.0,15.0,18,1000.0,11.0,6.0,3,5.0
40,0,dn8,3,pkg22,6.0,12.0,19,1000.0,11.0,6.0,7,5.0
40,0,dn9,3,pkg5,8.0,15.0,20,1000.0,11.0,8.0,5,3.0
40,0,dn10,4,pkg1,6.0,14.0,16,1000.0,46,23,2,23
40,0,dn11,4,pkg19,7.0,15.0,18,1000.0,20,10,3,10
40,0,dn12,4,pkg9,10.0,17.0,21,1000.0,22,11,4,11
40,0,dn13,5,pkg3,8.0,17.0,21,1000.0,12.0,8.0,4,4.0
40,0,dn14,5,pkg8,7.0,16.0,22,1000.0,14,7,6,7
40,0,dn15,5,pkg15,10.0,18.0,24,1000.0,19.0,10.0,6,9.0
40,11,dn7,3,pkg17,9.0,16.0,26,1000.0,35,23,10,12
40,11,dn8,3,pkg14,9.0,19.0,30,1000.0,23,17,11,6
40,12,dn9,3,pkg26,20.0,27.0,37,1000.0,52,32,10,20
40,12,dn13,5,pkg12,8.0,17.0,26,1000.0,30,21,9,9
40,14,dn14,5,pkg20,10.0,17.0,26,1000.0,30,22,9,8
40,18,dn2,1,pkg6,10.0,19.0,26,1000.0,48,33,7,15
40,20,dn11,4,pkg28,19.0,25.0,33,1000.0,60,40,8,20
40,20,dn15,5,pkg32,26.0,32.0,34,1000.0,29.0,26.0,2,3.0
40,22,dn12,4,pkg24,16.0,25.0,34,1000.0,50,36,9,14
40,23,dn8,3,pkg30,27.0,35.0,42,1000.0,33,28,7,5
40,24,dn4,2,pkg31,28.0,35.0,40,1000.0,46,35,5,11
40,26,dn1,1,pkg27,23.0,32.0,37,1000.0,42,34,5,8
40,29,dn15,5,pkg35,32.0,37.0,47,1000.0,37,33,10,4
40,30,dn13,5,pkg39,40.0,48.0,57,1000.0,52,41,9,11
40,32,dn5,2,pkg29,25.0,33.0,43,1000.0,88,60,10,28
40,32,dn6,2,pkg38,36.0,42.0,52,1000.0,78,55,10,23
40,34,dn8,3,pkg40,39.0,48.0,54,1000.0,46,40,6,6
40,41,dn14,5,pkg42,47.0,55.0,66,1000.0,63,52,11,11
40,42,dn1,1,pkg43,51.0,57.0,63,1000.0,66,54,6,12
40,45,dn7,3,pkg45,50.0,60.0,61,1000.0,54.0,50.0,1,4.0
40,46,dn4,2,pkg41,44.0,53.0,61,1000.0,82,64,8,18
40,46,dn10,4,pkg46,52.0,60.0,63,1000.0,64,55,3,9
40,48,dn2,1,pkg44,49.0,58.0,64,1000.0,86,67,6,19
40,50,dn12,4,pkg48,54.0,59.0,63,1000.0,72,61,4,11
40,53,dn8,3,pkg49,60.0,70.0,76,1000.0,73,63,6,10
40,54,dn3,1,pkg47,58.0,63.0,70,1000.0,84,69,7,15
40,54,dn7,3,pkg50,59.0,64.0,66,1000.0,74,64,2,10
40,57,dn9,3,pkg52,62.0,67.0,75,1000.0,79,68,8,11
40,60,dn11,4,pkg51,63.0,72.0,76,1000.0,94,77,4,17
40,64,dn13,5,pkg53,73.0,82.0,89,1000.0,82,73,7,9
40,65,dn10,4,pkg54,72.0,81.0,92,1000.0,97,81,11,16
40,67,dn1,1,pkg55,74.0,82.0,89,1000.0,81,74,7,7
40,69,dn14,5,pkg57,77.0,84.0,90,1000.0,82.0,77.0,6,5.0
40,72,dn12,4,pkg58,79.0,88.0,94,1000.0,118,95,6,23
40,72,dn15,5,pkg59,80.0,87.0,96,1000.0,92,82,9,10
40,74,dn7,3,pkg60,80.0,88.0,96,1000.0,83.0,80.0,8,3.0
40,78,dn6,2,pkg56,77.0,86.0,89,1000.0,132,105,3,27
40,78,dn8,3,pkg63,86.0,96.0,101,1000.0,92.0,86.0,5,6.0
40,80,dn9,3,pkg65,89.0,96.0,106,1000.0,108,94,10,14
40,81,dn1,1,pkg66,89.0,94.0,101,1000.0,99,90,7,9
40,82,dn4,2,pkg61,84.0,91.0,94,1000.0,110,96,3,14
40,82,dn13,5,pkg64,87.0,94.0,98,1000.0,91.0,87.0,4,4.0
40,83,dn14,5,pkg68,91.0,98.0,109,1000.0,107,95,11,12
40,84,dn3,1,pkg67,91.0,97.0,104,1000.0,104,94,7,10
40,84,dn7,3,pkg69,94.0,100.0,103,1000.0,100.0,94.0,3,6.0
40,88,dn5,2,pkg62,84.0,94.0,99,1000.0,100,94,5,6
40,89,dn2,1,pkg71,99.0,108.0,119,1000.0,117,103,11,14
40,91,dn13,5,pkg70,92.0,100.0,108,1000.0,107,99,8,8
40,92,dn8,3,pkg72,100.0,106.0,115,1000.0,122,107,9,15
40,93,dn15,5,pkg74,103.0,112.0,121,1000.0,119,106,9,13
40,99,dn1,1,pkg75,102.0,108.0,114,1000.0,127,113,6,14
41,0,dn1,1,pkg3,5.0,12.0,15,1000.0,18,9,3,9
41,0,dn2,1,pkg17,7.0,16.0,19,1000.0,24,12,3,12
41,0,dn3,1,pkg12,5.0,11.0,20,1000.0,56,28,9,28
41,0,dn4,2,pkg13,7.0,13.0,17,1000.0,30,15,4,15
41,0,dn5,2,pkg20,6.0,16.0,20,1000.0,18,9,4,9
41,0,dn6,2,pkg14,9.0,19.0,22,1000.0,42,21,3,21
41,0,dn7,3,pkg9,6.0,14.0,18,1000.0,24,12,4,12
41,0,dn8,3,pkg10,6.0,11.0,18,1000.0,36,18,7,18
41,0,dn9,3,pkg4,9.0,16.0,19,1000.0,14.0,9.0,3,5.0
41,0,dn10,4,pkg11,8.0,17.0,20,1000.0,26,13,3,13
41,0,dn11,4,pkg15,9.0,15.0,20,1000.0,38,19,5,19
41,0,dn12,4,pkg1,9.0,18.0,23,1000.0,26,13,5,13
41,0,dn13,5,pkg6,8.0,15.0,18,1000.0,11.0,8.0,3,3.0
41,0,dn14,5,pkg19,6.0,16.0,18,1000.0,8.0,6.0,2,2.0
41,0,dn15,5,pkg5,6.0,15.0,23,1000.0,20,10,8,10
41,8,dn14,5,pkg24,12.0,18.0,21,1000.0,16,12,3,4
41,11,dn13,5,pkg22,10.0,15.0,23,1000.0,25,18,8,7
41,14,dn9,3,pkg21,10.0,16.0,19,1000.0,26,20,3,6
41,16,dn14,5,pkg8,10.0,19.0,28,1000.0,38,27,9,11
41,18,dn1,1,pkg25,20.0,26.0,32,1000.0,44,31,6,13
41,18,dn5,2,pkg26,22.0,27.0,38,1000.0,36,27,11,9
41,21,dn15,5,pkg29,26.0,35.0,42,1000.0,33,27,7,6
41,24,dn7,3,pkg30,28.0,33.0,36,1000.0,36,30,3,6
41,26,dn2,1,pkg32,31.0,37.0,41,1000.0,50,38,4,12
41,26,dn9,3,pkg31,31.0,39.0,50,1000.0,42,34,11,8
41,26,dn10,4,pkg27,28.0,38.0,43,1000.0,68,47,5,21
41,30,dn4,2,pkg28,28.0,35.0,46,1000.0,62,46,11,16
41,34,dn13,5,pkg33,40.0,46.0,57,1000.0,62,48,11,14
41,36,dn5,2,pkg34,44.0,52.0,62,1000.0,58,47,10,11
41,37,dn12,4,pkg35,45.0,54.0,61,1000.0,69,53,7,16
41,43,dn6,2,pkg36,51.0,57.0,67,1000.0,61,52,10,9
41,45,dn7,3,pkg37,51.0,59.0,68,1000.0,61,53,9,8
41,48,dn11,4,pkg38,54.0,63.0,72,1000.0,108,78,9,30
41,49,dn1,1,pkg39,56.0,64.0,71,1000.0,63,56,7,7
41,51,dn2,1,pkg40,59.0,65.0,76,1000.0,81,66,11,15
41,52,dn8,3,pkg41,62.0,72.0,77,1000.0,68.0,62.0,5,6.0
41,53,dn9,3,pkg42,58.0,65.0,73,1000.0,67,60,8,7
41,54,dn14,5,pkg43,63.0,68.0,77,1000.0,66.0,63.0,9,3.0
41,56,dn3,1,pkg44,62.0,71.0,78,1000.0,65.0,62.0,7,3.0
41,59,dn5,2,pkg45,69.0,77.0,85,1000.0,83,71,8,12
41,64,dn1,1,pkg46,72.0,80.0,91,1000.0,73.0,72.0,11,1.0
41,67,dn3,1,pkg47,76.0,82.0,88,1000.0,87,77,6,10
41,68,dn4,2,pkg48,75.0,84.0,93,1000.0,118,93,9,25
41,69,dn6,2,pkg49,75.0,85.0,93,1000.0,95,82,8,13
41,73,dn7,3,pkg50,78.0,87.0,90,1000.0,95,84,3,11
41,79,dn8,3,pkg51,85.0,93.0,97,1000.0,97,88,4,9
41,81,dn1,1,pkg52,86.0,93.0,103,1000.0,127,104,10,23
41,85,dn2,1,pkg53,92.0,99.0,105,1000.0,107,96,6,11
41,86,dn5,2,pkg54,95.0,103.0,109,1000.0,110,98,6,12
41,88,dn9,3,pkg55,98.0,106.0,114,1000.0,122,105,8,17
41,95,dn6,2,pkg56,104.0,113.0,116,1000.0,133,114,3,19
41,97,dn3,1,pkg57,105.0,113.0,123,1000.0,113,105,10,8
41,98,dn7,3,pkg58,106.0,111.0,120,1000.0,136,117,9,19
41,99,dn8,3,pkg59,106.0,113.0,122,1000.0,117,108,9,9
42,0,dn1,1,pkg4,5.0,12.0,17,1000.0,18,9,5,9
42,0,dn2,1,pkg7,5.0,14.0,17,1000.0,24,12,3,12
42,0,dn3,1,pkg3,8.0,13.0,19,1000.0,22,11,6,11
42,0,dn4,2,pkg2,6.0,14.0,16,1000.0,26,13,2,13
42,0,dn5,2,pkg12,7.0,13.0,16,1000.0,46,23,3,23
42,0,dn6,2,pkg19,5.0,13.0,17,1000.0,52,26,4,26
42,0,dn7,3,pkg17,7.0,13.0,15,1000.0,11.0,7.0,2,4.0
42,0,dn8,3,pkg13,6.0,16.0,17,1000.0,9.0,6.0,1,3.0
42,0,dn9,3,pkg21,6.0,12.0,17,1000.0,14,7,5,7
42,0,dn10,4,pkg8,9.0,14.0,18,1000.0,20,10,4,10
42,0,dn11,4,pkg22,10.0,17.0,19,1000.0,36,18,2,18
42,0,dn12,4,pkg20,8.0,14.0,21,1000.0,32,16,7,16
42,0,dn13,5,pkg6,8.0,13.0,14,1000.0,9.0,8.0,1,1.0
42,0,dn14,5,pkg10,8.0,14.0,17,1000.0,9.0,8.0,3,1.0
42,0,dn15,5,pkg16,8.0,18.0,24,1000.0,14.0,8.0,6,6.0
42,9,dn8,3,pkg11,9.0,15.0,24,1000.0,31,20,9,11
42,9,dn13,5,pkg15,6.0,15.0,25,1000.0,41,25,10,16
42,9,dn14,5,pkg26,13.0,18.0,28,1000.0,25,17,10,8
42,11,dn7,3,pkg1,9.0,19.0,25,1000.0,47,29,6,18
42,14,dn9,3,pkg9,7.0,17.0,27,1000.0,48,31,10,17
42,14,dn15,5,pkg25,10.0,20.0,30,1000.0,44,29,10,15
42,18,dn1,1,pkg27,16.0,22.0,25,1000.0,38,28,3,10
42,20,dn10,4,pkg28,18.0,25.0,32,1000.0,78,49,7,29
42,22,dn3,1,pkg33,22.0,29.0,39,1000.0,24,23,10,1
42,24,dn2,1,pkg36,27.0,33.0,40,1000.0,60,42,7,18
42,24,dn3,1,pkg35,26.0,36.0,46,1000.0,46,35,10,11
42,25,dn14,5,pkg31,21.0,28.0,38,1000.0,37,31,10,6
42,26,dn4,2,pkg29,21.0,30.0,34,1000.0,60,43,4,17
42,31,dn8,3,pkg34,28.0,34.0,42,1000.0,59,45,8,14
42,32,dn12,4,pkg38,33.0,39.0,45,1000.0,72,52,6,20
42,36,dn11,4,pkg39,38.0,43.0,53,1000.0,46,41,10,5
42,37,dn14,5,pkg41,37.0,47.0,56,1000.0,51,44,9,7
42,40,dn1,1,pkg44,48.0,53.0,55,1000.0,55.0,48.0,2,7.0
42,41,dn13,5,pkg43,45.0,53.0,61,1000.0,59,50,8,9
42,44,dn15,5,pkg45,51.0,56.0,62,1000.0,53.0,51.0,6,2.0
42,46,dn3,1,pkg47,52.0,61.0,66,1000.0,58,52,5,6
42,46,dn5,2,pkg48,51.0,57.0,61,1000.0,70,58,4,12
42,46,dn11,4,pkg46,54.0,61.0,66,1000.0,66,56,5,10
42,50,dn7,3,pkg51,56.0,62.0,72,1000.0,66,58,10,8
42,51,dn14,5,pkg49,52.0,62.0,72,1000.0,77,64,10,13
42,52,dn6,2,pkg50,53.0,62.0,68,1000.0,78,65,6,13
42,55,dn1,1,pkg53,61.0,70.0,79,1000.0,85,70,9,15
42,57,dn15,5,pkg55,67.0,74.0,83,1000.0,74.0,67.0,9,7.0
42,59,dn3,1,pkg56,68.0,78.0,82,1000.0,76.0,68.0,4,8.0
42,60,dn4,2,pkg52,59.0,67.0,74,1000.0,88,74,7,14
42,62,dn8,3,pkg57,70.0,80.0,89,1000.0,86,74,9,12
42,64,dn9,3,pkg59,74.0,79.0,87,1000.0,90,77,8,13
42,65,dn2,1,pkg60,70.0,76.0,81,1000.0,81,73,5,8
42,66,dn7,3,pkg61,71.0,78.0,86,1000.0,84,75,8,9
42,66,dn11,4,pkg58,68.0,73.0,79,1000.0,122,94,6,28
42,69,dn13,5,pkg63,77.0,83.0,88,1000.0,81.0,77.0,5,4.0
42,70,dn5,2,pkg64,78.0,87.0,98,1000.0,85.0,78.0,11,7.0
42,74,dn15,5,pkg66,79.0,84.0,93,1000.0,86,80,9,6
42,76,dn3,1,pkg62,73.0,82.0,88,1000.0,94,85,6,9
42,76,dn12,4,pkg68,86.0,94.0,100,1000.0,114,95,6,19
42,77,dn14,5,pkg67,81.0,90.0,95,1000.0,89,83,5,6
42,78,dn6,2,pkg65,80.0,89.0,99,1000.0,104,91,10,13
42,81,dn2,1,pkg70,89.0,97.0,98,1000.0,97,89,1,8
42,81,dn13,5,pkg69,89.0,99.0,103,1000.0,91.0,89.0,4,2.0
42,85,dn5,2,pkg71,94.0,104.0,107,1000.0,107,96,3,11
42,91,dn7,3,pkg72,99.0,106.0,110,1000.0,109,100,4,9
42,92,dn1,1,pkg73,97.0,107.0,109,1000.0,116,104,2,12
42,95,dn3,1,pkg74,105.0,110.0,118,1000.0,113.0,105.0,8,8.0
42,99,dn2,1,pkg75,108.0,114.0,120,1000.0,114.0,108.0,6,6.0
43,0,dn1,1,pkg16,5.0,11.0,16,1000.0,20,10,5,10
43,0,dn2,1,pkg9,5.0,14.0,17,1000.0,20,10,3,10
43,0,dn3,1,pkg1,5.0,13.0,18,1000.0,32,16,5,16
43,0,dn4,2,pkg13,7.0,14.0,16,1000.0,32,16,2,16
43,0,dn5,2,pkg19,7.0,12.0,16,1000.0,36,18,4,18
43,0,dn6,2,pkg7,6.0,14.0,20,1000.0,22,11,6,11
43,0,dn7,3,pkg12,5.0,15.0,17,1000.0,20,10,2,10
43,0,dn8,3,pkg11,6.0,11.0,18,1000.0,11.0,6.0,7,5.0
43,0,dn9,3,pkg14,10.0,16.0,18,1000.0,18.0,10.0,2,8.0
43,0,dn10,4,pkg6,7.0,12.0,13,1000.0,36,18,1,18
43,0,dn11,4,pkg22,6.0,13.0,18,1000.0,62,31,5,31
43,0,dn12,4,pkg5,9.0,16.0,23,1000.0,18,9,7,9
43,0,dn13,5,pkg10,8.0,14.0,21,1000.0,16,8,7,8
43,0,dn14,5,pkg4,7.0,15.0,23,1000.0,12.0,7.0,8,5.0
43,0,dn15,5,pkg17,10.0,15.0,25,1000.0,18.0,10.0,10,8.0
43,11,dn8,3,pkg23,11.0,16.0,19,1000.0,23,17,3,6
43,12,dn14,5,pkg21,10.0,20.0,27,1000.0,24,18,7,6
43,16,dn13,5,pkg28,16.0,22.0,27,1000.0,30,23,5,7
43,18,dn9,3,pkg26,14.0,23.0,26,1000.0,32,25,3,7
43,18,dn12,4,pkg2,10.0,20.0,24,1000.0,54,36,4,18
43,18,dn15,5,pkg8,10.0,20.0,31,1000.0,46,32,11,14
43,20,dn1,1,pkg27,14.0,21.0,25,1000.0,58,39,4,19
43,20,dn2,1,pkg33,22.0,28.0,32,1000.0,32,26,4,6
43,20,dn7,3,pkg31,17.0,27.0,33,1000.0,30,25,6,5
43,22,dn6,2,pkg29,18.0,25.0,29,1000.0,68,45,4,23
43,23,dn8,3,pkg32,20.0,30.0,34,1000.0,37,30,4,7
43,24,dn14,5,pkg30,21.0,31.0,38,1000.0,40,32,7,8
43,30,dn7,3,pkg36,26.0,36.0,45,1000.0,40,35,9,5
43,30,dn13,5,pkg35,27.0,37.0,41,1000.0,34,32,4,2
43,32,dn2,1,pkg34,28.0,35.0,39,1000.0,50,41,4,9
43,32,dn3,1,pkg37,32.0,37.0,43,1000.0,56,44,6,12
43,32,dn4,2,pkg40,32.0,41.0,46,1000.0,62,47,5,15
43,32,dn9,3,pkg41,35.0,41.0,50,1000.0,48,40,9,8
43,34,dn13,5,pkg43,38.0,43.0,47,1000.0,44,39,4,5
43,36,dn5,2,pkg38,31.0,37.0,47,1000.0,70,53,10,17
43,36,dn10,4,pkg45,40.0,45.0,47,1000.0,84,60,2,24
43,37,dn8,3,pkg42,38.0,45.0,52,1000.0,67,52,7,15
43,40,dn7,3,pkg49,45.0,55.0,62,1000.0,68,54,7,14
43,40,dn14,5,pkg47,46.0,56.0,60,1000.0,49.0,46.0,4,3.0
43,44,dn13,5,pkg50,47.0,52.0,58,1000.0,49.0,47.0,6,2.0
43,46,dn15,5,pkg53,51.0,56.0,59,1000.0,54.0,51.0,3,3.0
43,48,dn9,3,pkg51,53.0,59.0,63,1000.0,57.0,53.0,4,4.0
43,49,dn13,5,pkg55,52.0,62.0,68,1000.0,54.0,52.0,6,2.0
43,49,dn14,5,pkg54,54.0,61.0,70,1000.0,75,62,9,13
43,50,dn2,1,pkg46,43.0,51.0,56,1000.0,74,62,5,12
43,54,dn13,5,pkg56,55.0,65.0,72,1000.0,78,66,7,12
43,54,dn15,5,pkg57,61.0,69.0,75,1000.0,67.0,61.0,6,6.0
43,58,dn9,3,pkg59,65.0,74.0,81,1000.0,70.0,65.0,7,5.0
43,59,dn1,1,pkg60,65.0,70.0,81,1000.0,75,67,11,8
43,61,dn3,1,pkg61,66.0,73.0,77,1000.0,77,69,4,8
43,62,dn4,2,pkg58,61.0,67.0,71,1000.0,106,84,4,22
43,63,dn11,4,pkg62,70.0,80.0,87,1000.0,129,96,7,33
43,64,dn12,4,pkg63,71.0,77.0,83,1000.0,88,76,6,12
43,68,dn6,2,pkg66,76.0,84.0,86,1000.0,104,86,2,18
43,70,dn5,2,pkg64,76.0,81.0,88,1000.0,106,88,7,18
43,72,dn15,5,pkg69,81.0,91.0,98,1000.0,87.0,81.0,7,6.0
43,74,dn2,1,pkg67,75.0,84.0,94,1000.0,102,88,10,14
43,74,dn7,3,pkg70,79.0,87.0,95,1000.0,92,83,8,9
43,75,dn1,1,pkg68,79.0,84.0,95,1000.0,125,100,11,25
43,75,dn14,5,pkg71,85.0,95.0,102,1000.0,90.0,85.0,7,5.0
43,77,dn3,1,pkg72,84.0,89.0,97,1000.0,91,84,8,7
43,78,dn8,3,pkg73,85.0,93.0,101,1000.0,88.0,85.0,8,3.0
43,80,dn9,3,pkg74,87.0,96.0,103,1000.0,100,90,7,10
43,85,dn13,5,pkg76,95.0,100.0,104,1000.0,101.0,95.0,4,6.0
43,88,dn8,3,pkg75,88.0,96.0,101,1000.0,120,104,5,16
43,90,dn14,5,pkg77,96.0,102.0,111,1000.0,112,101,9,11
43,96,dn3,1,pkg79,104.0,112.0,120,1000.0,105.0,104.0,8,1.0
43,98,dn7,3,pkg80,103.0,111.0,115,1000.0,107.0,103.0,4,4.0
43,99,dn10,4,pkg81,108.0,116.0,126,1000.0,117,108,10,9
44,0,dn1,1,pkg20,7.0,12.0,14,1000.0,36,18,2,18
44,0,dn2,1,pkg3,5.0,11.0,16,1000.0,20,10,5,10
44,0,dn3,1,pkg4,9.0,14.0,19,1000.0,26,13,5,13
44,0,dn4,2,pkg9,6.0,11.0,18,1000.0,38,19,7,19
44,0,dn5,2,pkg5,8.0,14.0,19,1000.0,13.0,8.0,5,5.0
44,0,dn6,2,pkg18,7.0,12.0,20,1000.0,32,16,8,16
44,0,dn7,3,pkg13,6.0,11.0,15,1000.0,22,11,4,11
44,0,dn8,3,pkg6,8.0,13.0,19,1000.0,40,20,6,20
44,0,dn9,3,pkg8,6.0,13.0,20,1000.0,20,10,7,10
44,0,dn10,4,pkg12,7.0,12.0,14,1000.0,50,25,2,25
44,0,dn11,4,pkg1,8.0,14.0,17,1000.0,46,23,3,23
44,0,dn12,4,pkg16,8.0,14.0,19,1000.0,40,20,5,20
44,0,dn13,5,pkg7,9.0,18.0,23,1000.0,15.0,9.0,5,6.0
44,0,dn14,5,pkg14,9.0,15.0,23,1000.0,24,12,8,12
44,0,dn15,5,pkg15,10.0,17.0,26,1000.0,19.0,10.0,9,9.0
44,13,dn5,2,pkg2,9.0,14.0,21,1000.0,37,25,7,12
44,15,dn13,5,pkg26,14.0,23.0,32,1000.0,33,24,9,9
44,19,dn15,5,pkg27,17.0,25.0,35,1000.0,39,29,10,10
44,20,dn2,1,pkg30,23.0,28.0,29,1000.0,46,33,1,13
44,23,dn7,3,pkg33,33.0,42.0,53,1000.0,65,44,11,21
44,24,dn9,3,pkg34,29.0,37.0,43,1000.0,32.0,29.0,6,3.0
44,26,dn3,1,pkg28,20.0,30.0,33,1000.0,46,36,3,10
44,26,dn14,5,pkg35,34.0,44.0,47,1000.0,36.0,34.0,3,2.0
44,32,dn6,2,pkg37,36.0,41.0,50,1000.0,46,39,9,7
44,32,dn9,3,pkg36,34.0,43.0,49,1000.0,62,47,6,15
44,37,dn5,2,pkg38,43.0,50.0,54,1000.0,77,57,4,20
44,38,dn4,2,pkg41,45.0,51.0,58,1000.0,86,62,7,24
44,40,dn8,3,pkg40,43.0,52.0,60,1000.0,86,63,8,23
44,40,dn12,4,pkg39,44.0,54.0,59,1000.0,90,65,5,25
44,41,dn1,1,pkg42,47.0,56.0,64,1000.0,50.0,47.0,8,3.0
44,42,dn13,5,pkg43,50.0,60.0,69,1000.0,57.0,50.0,9,7.0
44,43,dn14,5,pkg44,51.0,61.0,70,1000.0,56.0,51.0,9,5.0
44,46,dn6,2,pkg45,51.0,59.0,67,1000.0,74,60,8,14
44,47,dn15,5,pkg46,52.0,59.0,64,1000.0,54.0,52.0,5,2.0
44,48,dn11,4,pkg47,58.0,68.0,76,1000.0,92,70,8,22
44,49,dn2,1,pkg48,59.0,68.0,79,1000.0,61.0,59.0,11,2.0
44,52,dn1,1,pkg49,61.0,68.0,70,1000.0,80,66,2,14
44,55,dn3,1,pkg51,60.0,67.0,71,1000.0,83,69,4,14
44,57,dn10,4,pkg52,63.0,69.0,80,1000.0,79,68,11,11
44,59,dn13,5,pkg53,66.0,75.0,86,1000.0,83,71,11,12
44,61,dn2,1,pkg54,66.0,76.0,80,1000.0,69.0,66.0,4,3.0
44,62,dn9,3,pkg50,62.0,72.0,82,1000.0,80,71,10,9
44,65,dn7,3,pkg55,73.0,78.0,88,1000.0,83,74,10,9
44,70,dn2,1,pkg57,75.0,81.0,88,1000.0,88,79,7,9
44,71,dn14,5,pkg58,76.0,81.0,91,1000.0,97,84,10,13
44,72,dn15,5,pkg59,77.0,82.0,90,1000.0,84,78,8,6
44,74,dn6,2,pkg56,78.0,83.0,84,1000.0,106,90,1,16
44,77,dn5,2,pkg60,82.0,88.0,98,1000.0,97,87,10,10
44,79,dn10,4,pkg63,84.0,92.0,99,1000.0,107,93,7,14
44,80,dn1,1,pkg62,81.0,90.0,96,1000.0,100,90,6,10
44,80,dn9,3,pkg61,82.0,92.0,97,1000.0,92,86,5,6
44,83,dn3,1,pkg64,91.0,99.0,102,1000.0,101,92,3,9
44,88,dn4,2,pkg65,96.0,106.0,115,1000.0,104,96,9,8
44,89,dn7,3,pkg66,96.0,101.0,107,1000.0,115,102,6,13
44,92,dn2,1,pkg67,97.0,102.0,108,1000.0,112,102,6,10
44,93,dn11,4,pkg68,98.0,104.0,112,1000.0,117,105,8,12
44,95,dn12,4,pkg69,102.0,111.0,118,1000.0,127,111,7,16
44,97,dn5,2,pkg70,102.0,108.0,114,1000.0,119,108,6,11
45,0,dn1,1,pkg13,5.0,10.0,13,1000.0,24,12,3,12
45,0,dn2,1,pkg3,7.0,12.0,14,1000.0,26,13,2,13
45,0,dn3,1,pkg16,6.0,11.0,16,1000.0,18,9,5,9
45,0,dn4,2,pkg21,5.0,11.0,14,1000.0,34,17,3,17
45,0,dn5,2,pkg6,6.0,15.0,17,1000.0,34,17,2,17
45,0,dn6,2,pkg1,6.0,14.0,19,1000.0,30,15,5,15
45,0,dn7,3,pkg4,8.0,16.0,20,1000.0,11.0,8.0,4,3.0
45,0,dn8,3,pkg9,10.0,17.0,22,1000.0,15.0,10.0,5,5.0
45,0,dn9,3,pkg10,9.0,17.0,25,1000.0,13.0,9.0,8,4.0
45,0,dn10,4,pkg5,5.0,13.0,19,1000.0,20,10,6,10
45,0,dn11,4,pkg7,10.0,18.0,20,1000.0,54,27,2,27
45,0,dn12,4,pkg19,6.0,14.0,20,1000.0,20,10,6,10
45,0,dn13,5,pkg18,10.0,20.0,25,1000.0,14.0,10.0,5,4.0
45,1,dn14,5,pkg23,10.0,19.0,28,1000.0,19,10,9,9
45,2,dn15,5,pkg24,11.0,21.0,26,1000.0,17.0,11.0,5,6.0
45,11,dn7,3,pkg12,6.0,15.0,26,1000.0,53,32,11,21
45,13,dn9,3,pkg22,6.0,16.0,27,1000.0,59,36,11,23
45,14,dn13,5,pkg27,22.0,27.0,36,1000.0,34,24,9,10
45,15,dn8,3,pkg25,13.0,20.0,30,1000.0,43,29,10,14
45,18,dn3,1,pkg17,10.0,20.0,27,1000.0,62,40,7,22
45,19,dn14,5,pkg30,26.0,35.0,43,1000.0,41,30,8,11
45,20,dn10,4,pkg26,17.0,26.0,34,1000.0,48,34,8,14
45,20,dn12,4,pkg28,23.0,32.0,34,1000.0,46,33,2,13
45,24,dn1,1,pkg32,32.0,38.0,43,1000.0,38.0,32.0,5,6.0
45,28,dn2,1,pkg34,36.0,44.0,55,1000.0,56,42,11,14
45,30,dn6,2,pkg29,27.0,37.0,40,1000.0,48,39,3,9
45,30,dn15,5,pkg36,39.0,46.0,54,1000.0,54,42,8,12
45,34,dn4,2,pkg31,28.0,36.0,43,1000.0,48,41,7,7
45,34,dn5,2,pkg35,34.0,40.0,48,1000.0,62,48,8,14
45,36,dn13,5,pkg38,42.0,52.0,61,1000.0,56,46,9,10
45,41,dn14,5,pkg40,48.0,57.0,63,1000.0,52.0,48.0,6,4.0
45,42,dn1,1,pkg41,48.0,57.0,64,1000.0,74,58,7,16
45,43,dn8,3,pkg42,53.0,60.0,70,1000.0,87,65,10,22
45,46,dn12,4,pkg37,41.0,47.0,49,1000.0,88,67,2,21
45,48,dn4,2,pkg39,44.0,50.0,57,1000.0,76,62,7,14
45,48,dn6,2,pkg43,49.0,56.0,62,1000.0,66,57,6,9
45,52,dn14,5,pkg45,51.0,57.0,65,1000.0,64,58,8,6
45,53,dn7,3,pkg44,50.0,57.0,59,1000.0,75,64,2,11
45,53,dn10,4,pkg48,63.0,71.0,80,1000.0,67.0,63.0,9,4.0
45,54,dn15,5,pkg49,62.0,68.0,76,1000.0,78,66,8,12
45,56,dn2,1,pkg46,59.0,67.0,78,1000.0,88,72,11,16
45,58,dn13,5,pkg50,65.0,70.0,74,1000.0,71.0,65.0,4,6.0
45,59,dn9,3,pkg47,57.0,62.0,72,1000.0,107,83,10,24
45,60,dn11,4,pkg52,66.0,76.0,86,1000.0,92,76,10,16
45,62,dn3,1,pkg54,69.0,76.0,85,1000.0,86,74,9,12
45,62,dn5,2,pkg53,70.0,79.0,88,1000.0,94,78,9,16
45,64,dn14,5,pkg55,72.0,78.0,83,1000.0,76.0,72.0,5,4.0
45,69,dn6,2,pkg57,78.0,87.0,96,1000.0,93,81,9,12
45,71,dn10,4,pkg58,77.0,84.0,88,1000.0,111,91,4,20
45,71,dn13,5,pkg56,74.0,82.0,88,1000.0,87,79,6,8
45,74,dn1,1,pkg60,82.0,87.0,93,1000.0,110,92,6,18
45,75,dn7,3,pkg59,82.0,88.0,93,1000.0,87.0,82.0,5,5.0
45,76,dn4,2,pkg62,85.0,95.0,105,1000.0,108,92,10,16
45,79,dn14,5,pkg63,86.0,95.0,96,1000.0,87.0,86.0,1,1.0
45,82,dn15,5,pkg65,91.0,98.0,107,1000.0,96.0,91.0,9,5.0
45,86,dn3,1,pkg61,84.0,90.0,97,1000.0,118,102,7,16
45,87,dn7,3,pkg67,94.0,99.0,105,1000.0,125,106,6,19
45,87,dn8,3,pkg64,89.0,99.0,108,1000.0,129,108,9,21
45,88,dn12,4,pkg66,90.0,95.0,103,1000.0,114,101,8,13
45,89,dn13,5,pkg68,96.0,102.0,109,1000.0,101.0,96.0,7,5.0
45,92,dn2,1,pkg69,102.0,107.0,116,1000.0,114,103,9,11
46,0,dn1,1,pkg11,6.0,13.0,17,1000.0,14,7,4,7
46,0,dn2,1,pkg13,5.0,13.0,17,1000.0,16,8,4,8
46,0,dn3,1,pkg6,8.0,13.0,18,1000.0,13.0,8.0,5,5.0
46,0,dn4,2,pkg20,7.0,12.0,18,1000.0,16,8,6,8
46,0,dn5,2,pkg14,9.0,16.0,19,1000.0,40,20,3,20
46,0,dn6,2,pkg18,6.0,14.0,19,1000.0,56,28,5,28
46,0,dn7,3,pkg4,5.0,10.0,14,1000.0,9.0,5.0,4,4.0
46,0,dn8,3,pkg17,7.0,12.0,17,1000.0,16,8,5,8
46,0,dn9,3,pkg1,5.0,11.0,19,1000.0,6.0,5.0,8,1.0
46,0,dn10,4,pkg7,7.0,14.0,19,1000.0,62,31,5,31
46,0,dn11,4,pkg12,7.0,16.0,21,1000.0,44,22,5,22
46,0,dn12,4,pkg21,9.0,18.0,21,1000.0,38,19,3,19
46,0,dn13,5,pkg15,5.0,14.0,23,1000.0,26,13,9,13
46,0,dn14,5,pkg2,8.0,15.0,24,1000.0,24,12,9,12
46,0,dn15,5,pkg10,8.0,16.0,24,1000.0,16,8,8,8
46,6,dn9,3,pkg19,10.0,15.0,25,1000.0,38,22,10,16
46,9,dn7,3,pkg22,8.0,16.0,25,1000.0,25,17,9,8
46,13,dn3,1,pkg5,9.0,17.0,20,1000.0,49,31,3,18
46,14,dn1,1,pkg8,9.0,17.0,27,1000.0,62,38,10,24
46,16,dn2,1,pkg26,18.0,27.0,36,1000.0,44,30,9,14
46,16,dn4,2,pkg3,10.0,17.0,24,1000.0,40,28,7,12
46,16,dn8,3,pkg28,19.0,28.0,32,1000.0,28,22,4,6
46,16,dn15,5,pkg29,18.0,25.0,36,1000.0,42,29,11,13
46,24,dn14,5,pkg31,30.0,38.0,44,1000.0,38,31,6,7
46,25,dn7,3,pkg30,24.0,30.0,38,1000.0,37,31,8,6
46,26,dn13,5,pkg32,29.0,39.0,47,1000.0,32,29,8,3
46,35,dn8,3,pkg38,42.0,51.0,56,1000.0,48.0,42.0,5,6.0
46,37,dn7,3,pkg40,42.0,47.0,52,1000.0,46.0,42.0,5,4.0
46,38,dn12,4,pkg35,32.0,39.0,48,1000.0,74,56,9,18
46,40,dn4,2,pkg37,36.0,44.0,47,1000.0,60,50,3,10
46,40,dn5,2,pkg34,34.0,42.0,48,1000.0,84,62,6,22
46,41,dn9,3,pkg43,51.0,57.0,61,1000.0,59.0,51.0,4,8.0
46,42,dn13,5,pkg44,51.0,57.0,66,1000.0,60,51,9,9
46,44,dn2,1,pkg39,43.0,53.0,63,1000.0,74,59,10,15
46,44,dn11,4,pkg36,38.0,45.0,49,1000.0,60,52,4,8
46,47,dn7,3,pkg46,52.0,62.0,68,1000.0,79,63,6,16
46,56,dn6,2,pkg47,58.0,64.0,68,1000.0,68,62,4,6
46,59,dn3,1,pkg50,68.0,75.0,83,1000.0,87,73,8,14
46,60,dn4,2,pkg45,54.0,63.0,74,1000.0,74,67,11,7
46,60,dn11,4,pkg49,65.0,70.0,77,1000.0,80,70,7,10
46,62,dn1,1,pkg52,67.0,73.0,79,1000.0,86,74,6,12
46,62,dn10,4,pkg51,71.0,78.0,81,1000.0,106,84,3,22
46,66,dn13,5,pkg54,73.0,79.0,90,1000.0,92,79,11,13
46,68,dn6,2,pkg48,60.0,69.0,77,1000.0,88,78,8,10
46,74,dn2,1,pkg53,68.0,76.0,81,1000.0,96,85,5,11
46,74,dn4,2,pkg55,74.0,79.0,83,1000.0,114,94,4,20
46,74,dn12,4,pkg57,79.0,87.0,89,1000.0,120,97,2,23
46,75,dn8,3,pkg59,81.0,89.0,97,1000.0,89,82,8,7
46,79,dn7,3,pkg61,84.0,89.0,95,1000.0,97,88,6,9
46,80,dn9,3,pkg62,88.0,93.0,99,1000.0,90.0,88.0,6,2.0
46,80,dn11,4,pkg58,82.0,88.0,89,1000.0,110,95,1,15
46,81,dn14,5,pkg63,90.0,99.0,102,1000.0,93.0,90.0,3,3.0
46,84,dn5,2,pkg56,78.0,88.0,93,1000.0,116,100,5,16
46,84,dn15,5,pkg65,94.0,103.0,114,1000.0,108,96,11,12
46,86,dn1,1,pkg64,88.0,97.0,101,1000.0,100,93,4,7
46,88,dn3,1,pkg67,98.0,103.0,110,1000.0,105.0,98.0,7,7.0
46,88,dn6,2,pkg60,83.0,90.0,97,1000.0,136,112,7,24
46,89,dn8,3,pkg68,96.0,102.0,107,1000.0,125,107,5,18
46,90,dn9,3,pkg66,96.0,104.0,111,1000.0,106,98,7,8
46,96,dn2,1,pkg72,103.0,111.0,120,1000.0,122,109,9,13
46,98,dn7,3,pkg73,104.0,109.0,119,1000.0,105.0,104.0,10,1.0
47,0,dn1,1,pkg21,7.0,15.0,16,1000.0,24,12,1,12
47,0,dn2,1,pkg20,5.0,11.0,17,1000.0,14,7,6,7
47,0,dn3,1,pkg11,5.0,13.0,19,1000.0,24,12,6,12
47,0,dn4,2,pkg14,7.0,14.0,16,1000.0,38,19,2,19
47,0,dn5,2,pkg17,8.0,15.0,19,1000.0,26,13,4,13
47,0,dn6,2,pkg5,9.0,15.0,20,1000.0,32,16,5,16
47,0,dn7,3,pkg19,7.0,12.0,15,1000.0,18,9,3,9
47,0,dn8,3,pkg22,7.0,13.0,17,1000.0,13.0,7.0,4,6.0
47,0,dn9,3,pkg2,8.0,14.0,19,1000.0,14.0,8.0,5,6.0
47,0,dn10,4,pkg12,7.0,13.0,16,1000.0,20,10,3,10
47,0,dn11,4,pkg15,10.0,18.0,20,1000.0,28,14,2,14
47,0,dn12,4,pkg16,6.0,13.0,20,1000.0,50,25,7,25
47,0,dn13,5,pkg3,5.0,11.0,17,1000.0,10,5,6,5
47,0,dn14,5,pkg9,8.0,18.0,20,1000.0,10.0,8.0,2,2.0
47,0,dn15,5,pkg8,10.0,15.0,21,1000.0,15.0,10.0,6,5.0
47,10,dn13,5,pkg10,9.0,14.0,24,1000.0,30,20,10,10
47,10,dn14,5,pkg23,9.0,14.0,24,1000.0,40,25,10,15
47,13,dn8,3,pkg6,9.0,17.0,19,1000.0,33,23,2,10
47,14,dn2,1,pkg24,10.0,16.0,18,1000.0,28,21,2,7
47,14,dn9,3,pkg13,9.0,18.0,21,1000.0,26,20,3,6
47,15,dn15,5,pkg25,13.0,20.0,27,1000.0,25,20,7,5
47,18,dn7,3,pkg26,18.0,25.0,30,1000.0,24,21,5,3
47,20,dn10,4,pkg32,30.0,36.0,40,1000.0,44,32,4,12
47,24,dn1,1,pkg31,25.0,31.0,34,1000.0,46,35,3,11
47,24,dn3,1,pkg30,27.0,33.0,35,1000.0,42,33,2,9
47,24,dn7,3,pkg34,28.0,36.0,38,1000.0,36,30,2,6
47,25,dn15,5,pkg33,30.0,40.0,47,1000.0,35,30,7,5
47,26,dn5,2,pkg28,22.0,32.0,40,1000.0,74,50,8,24
47,26,dn9,3,pkg36,34.0,44.0,53,1000.0,50,38,9,12
47,28,dn2,1,pkg29,25.0,35.0,41,1000.0,56,42,6,14
47,28,dn11,4,pkg35,30.0,35.0,41,1000.0,70,49,6,21
47,31,dn13,5,pkg38,39.0,45.0,51,1000.0,46.0,39.0,6,7.0
47,32,dn6,2,pkg37,38.0,44.0,49,1000.0,64,48,5,16
47,33,dn8,3,pkg39,43.0,52.0,63,1000.0,61,47,11,14
47,35,dn15,5,pkg40,39.0,45.0,53,1000.0,51,43,8,8
47,38,dn4,2,pkg41,46.0,51.0,57,1000.0,76,57,6,19
47,38,dn7,3,pkg43,47.0,53.0,60,1000.0,55.0,47.0,7,8.0
47,40,dn14,5,pkg44,48.0,54.0,61,1000.0,55.0,48.0,7,7.0
47,44,dn10,4,pkg42,45.0,54.0,60,1000.0,62,53,6,9
47,46,dn13,5,pkg45,52.0,57.0,68,1000.0,78,62,11,16
47,48,dn1,1,pkg46,53.0,61.0,70,1000.0,54.0,53.0,9,1.0
47,50,dn3,1,pkg48,57.0,67.0,70,1000.0,72,61,3,11
47,53,dn9,3,pkg49,63.0,73.0,76,1000.0,71.0,63.0,3,8.0
47,54,dn1,1,pkg50,59.0,64.0,71,1000.0,61.0,59.0,7,2.0
47,57,dn7,3,pkg51,63.0,70.0,77,1000.0,93,75,7,18
47,58,dn12,4,pkg52,67.0,76.0,86,1000.0,112,85,10,27
47,59,dn2,1,pkg53,65.0,74.0,81,1000.0,77,68,7,9
47,61,dn8,3,pkg54,71.0,76.0,84,1000.0,73.0,71.0,8,2.0
47,62,dn1,1,pkg55,67.0,73.0,75,1000.0,74,68,2,6
47,64,dn6,2,pkg47,58.0,67.0,70,1000.0,84,74,3,10
47,66,dn14,5,pkg56,74.0,82.0,90,1000.0,88,77,8,11
47,71,dn9,3,pkg57,81.0,87.0,88,1000.0,89.0,81.0,1,8.0
47,73,dn10,4,pkg58,82.0,88.0,95,1000.0,91,82,7,9
47,74,dn5,2,pkg59,83.0,89.0,95,1000.0,104,89,6,15
47,75,dn1,1,pkg60,83.0,92.0,96,1000.0,97,86,4,11
47,77,dn2,1,pkg61,84.0,91.0,97,1000.0,115,96,6,19
47,78,dn3,1,pkg62,88.0,98.0,108,1000.0,92.0,88.0,10,4.0
47,79,dn4,2,pkg63,88.0,95.0,98,1000.0,94.0,88.0,3,6.0
47,81,dn13,5,pkg64,89.0,98.0,104,1000.0,94.0,89.0,6,5.0
47,82,dn11,4,pkg65,88.0,96.0,103,1000.0,110,96,7,14
47,83,dn15,5,pkg66,91.0,101.0,107,1000.0,98.0,91.0,6,7.0
47,86,dn6,2,pkg67,91.0,98.0,104,1000.0,112,99,6,13
47,91,dn10,4,pkg68,96.0,106.0,115,1000.0,139,115,9,24
47,95,dn4,2,pkg69,105.0,110.0,115,1000.0,135,115,5,20
47,99,dn1,1,pkg70,107.0,115.0,122,1000.0,135,117,7,18
48,0,dn1,1,pkg4,5.0,11.0,12,1000.0,20,10,1,10
48,0,dn2,1,pkg12,6.0,13.0,23,1000.0,11.0,6.0,10,5.0
48,0,dn3,1,pkg5,8.0,18.0,24,1000.0,22,11,6,11
48,0,dn4,2,pkg1,5.0,14.0,18,1000.0,38,19,4,19
48,0,dn5,2,pkg10,9.0,15.0,20,1000.0,18,9,5,9
48,0,dn6,2,pkg15,6.0,14.0,21,1000.0,38,19,7,19
48,0,dn7,3,pkg19,5.0,12.0,15,1000.0,8.0,5.0,3,3.0
48,0,dn8,3,pkg16,9.0,15.0,17,1000.0,17.0,9.0,2,8.0
48,0,dn9,3,pkg2,9.0,16.0,20,1000.0,16.0,9.0,4,7.0
48,0,dn10,4,pkg11,7.0,15.0,18,1000.0,24,12,3,12
48,0,dn11,4,pkg21,10.0,18.0,21,1000.0,36,18,3,18
48,0,dn12,4,pkg7,10.0,20.0,24,1000.0,32,16,4,16
48,0,dn13,5,pkg8,7.0,17.0,22,1000.0,11.0,7.0,5,4.0
48,0,dn14,5,pkg18,7.0,17.0,25,1000.0,14,7,8,7
48,0,dn15,5,pkg17,9.0,18.0,26,1000.0,24,12,8,12
48,8,dn7,3,pkg9,6.0,15.0,22,1000.0,40,24,7,16
48,11,dn2,1,pkg23,9.0,15.0,22,1000.0,21,16,7,5
48,11,dn13,5,pkg22,6.0,16.0,27,1000.0,45,28,11,17
48,14,dn14,5,pkg25,15.0,22.0,27,1000.0,30,22,5,8
48,16,dn9,3,pkg14,8.0,17.0,25,1000.0,50,33,8,17
48,17,dn8,3,pkg26,14.0,19.0,28,1000.0,61,39,9,22
48,18,dn5,2,pkg24,12.0,20.0,22,1000.0,46,32,2,14
48,20,dn1,1,pkg32,25.0,31.0,35,1000.0,54,37,4,17
48,21,dn2,1,pkg31,22.0,31.0,39,1000.0,33,27,8,6
48,22,dn3,1,pkg33,27.0,37.0,43,1000.0,46,34,6,12
48,24,dn10,4,pkg28,19.0,28.0,34,1000.0,60,42,6,18
48,24,dn15,5,pkg30,25.0,33.0,41,1000.0,48,36,8,12
48,30,dn14,5,pkg34,30.0,38.0,46,1000.0,40,35,8,5
48,32,dn12,4,pkg35,31.0,41.0,51,1000.0,58,45,10,13
48,35,dn2,1,pkg38,45.0,50.0,58,1000.0,55,45,8,10
48,36,dn11,4,pkg36,40.0,45.0,54,1000.0,76,56,9,20
48,38,dn4,2,pkg41,47.0,57.0,63,1000.0,74,56,6,18
48,40,dn7,3,pkg37,42.0,48.0,56,1000.0,48,44,8,4
48,40,dn14,5,pkg39,42.0,50.0,54,1000.0,50,45,4,5
48,43,dn6,2,pkg43,48.0,56.0,67,1000.0,99,71,11,28
48,45,dn13,5,pkg42,49.0,59.0,62,1000.0,50.0,49.0,3,1.0
48,46,dn3,1,pkg40,45.0,51.0,57,1000.0,60,53,6,7
48,46,dn5,2,pkg44,54.0,59.0,68,1000.0,68,57,9,11
48,52,dn13,5,pkg47,57.0,64.0,72,1000.0,64,58,8,6
48,54,dn1,1,pkg45,51.0,58.0,62,1000.0,76,65,4,11
48,54,dn7,3,pkg48,63.0,69.0,72,1000.0,80,67,3,13
48,55,dn2,1,pkg46,51.0,60.0,67,1000.0,77,66,7,11
48,55,dn14,5,pkg49,62.0,67.0,78,1000.0,73,64,11,9
48,56,dn9,3,pkg50,61.0,71.0,73,1000.0,76,66,2,10
48,59,dn15,5,pkg51,66.0,76.0,81,1000.0,72.0,66.0,5,6.0
48,66,dn3,1,pkg52,72.0,78.0,89,1000.0,108,87,11,21
48,67,dn8,3,pkg53,74.0,79.0,86,1000.0,87,77,7,10
48,68,dn5,2,pkg54,73.0,81.0,89,1000.0,82,75,8,7
48,70,dn10,4,pkg55,80.0,87.0,98,1000.0,90,80,11,10
48,71,dn13,5,pkg56,79.0,85.0,89,1000.0,83.0,79.0,4,4.0
48,76,dn1,1,pkg57,85.0,90.0,98,1000.0,88.0,85.0,8,3.0
48,78,dn2,1,pkg58,84.0,94.0,104,1000.0,98,88,10,10
48,79,dn4,2,pkg59,85.0,90.0,99,1000.0,97,88,9,9
48,85,dn5,2,pkg60,90.0,100.0,108,1000.0,103,94,8,9
48,90,dn7,3,pkg61,98.0,105.0,114,1000.0,116,103,9,13
48,92,dn8,3,pkg62,98.0,107.0,110,1000.0,110,101,3,9
48,95,dn1,1,pkg63,103.0,112.0,116,1000.0,115,105,4,10
48,98,dn4,2,pkg64,104.0,111.0,119,1000.0,128,113,8,15
48,99,dn2,1,pkg65,109.0,119.0,125,1000.0,117.0,109.0,6,8.0
49,0,dn1,1,pkg14,6.0,12.0,14,1000.0,32,16,2,16
49,0,dn2,1,pkg11,10.0,15.0,17,1000.0,32,16,2,16
49,0,dn3,1,pkg13,5.0,13.0,18,1000.0,48,24,5,24
49,0,dn4,2,pkg17,6.0,13.0,15,1000.0,22,11,2,11
49,0,dn5,2,pkg8,7.0,12.0,17,1000.0,26,13,5,13
49,0,dn6,2,pkg1,6.0,15.0,18,1000.0,16,8,3,8
49,0,dn7,3,pkg7,7.0,14.0,17,1000.0,14,7,3,7
49,0,dn8,3,pkg22,10.0,17.0,20,1000.0,14.0,10.0,3,4.0
49,0,dn9,3,pkg18,7.0,13.0,22,1000.0,8.0,7.0,9,1.0
49,0,dn10,4,pkg2,6.0,13.0,15,1000.0,42,21,2,21
49,0,dn11,4,pkg9,8.0,15.0,16,1000.0,16,8,1,8
49,0,dn12,4,pkg16,8.0,15.0,21,1000.0,28,14,6,14
49,0,dn13,5,pkg6,6.0,15.0,17,1000.0,8.0,6.0,2,2.0
49,0,dn14,5,pkg10,8.0,13.0,22,1000.0,13.0,8.0,9,5.0
49,0,dn15,5,pkg15,10.0,19.0,29,1000.0,28,14,10,14
49,8,dn9,3,pkg23,9.0,19.0,22,1000.0,24,16,3,8
49,14,dn7,3,pkg19,10.0,18.0,25,1000.0,46,30,7,16
49,14,dn8,3,pkg20,7.0,17.0,26,1000.0,36,25,9,11
49,16,dn6,2,pkg3,9.0,17.0,22,1000.0,40,28,5,12
49,16,dn11,4,pkg4,7.0,17.0,22,1000.0,56,36,5,20
49,16,dn13,5,pkg27,25.0,35.0,44,1000.0,30.0,25.0,9,5.0
49,21,dn14,5,pkg30,29.0,39.0,49,1000.0,41,31,10,10
49,22,dn4,2,pkg25,15.0,24.0,29,1000.0,68,45,5,23
49,24,dn9,3,pkg28,23.0,31.0,37,1000.0,52,38,6,14
49,26,dn5,2,pkg26,22.0,27.0,35,1000.0,60,43,8,17
49,28,dn12,4,pkg31,27.0,33.0,44,1000.0,46,37,11,9
49,28,dn15,5,pkg32,32.0,39.0,47,1000.0,48,38,8,10
49,30,dn13,5,pkg34,34.0,44.0,51,1000.0,40,35,7,5
49,32,dn1,1,pkg33,37.0,44.0,46,1000.0,56,44,2,12
49,32,dn2,1,pkg36,37.0,42.0,48,1000.0,58,45,6,13
49,36,dn8,3,pkg37,42.0,48.0,50,1000.0,47.0,42.0,2,5.0
49,40,dn6,2,pkg39,41.0,49.0,60,1000.0,58,49,11,9
49,40,dn13,5,pkg35,41.0,50.0,55,1000.0,48,44,5,4
49,41,dn14,5,pkg40,44.0,52.0,55,1000.0,45.0,44.0,3,1.0
49,42,dn10,4,pkg38,42.0,47.0,56,1000.0,54,48,9,6
49,46,dn12,4,pkg41,49.0,57.0,68,1000.0,72,59,11,13
49,48,dn3,1,pkg43,57.0,62.0,66,1000.0,63.0,57.0,4,6.0
49,50,dn13,5,pkg45,58.0,63.0,71,1000.0,66,58,8,8
49,53,dn7,3,pkg47,58.0,66.0,73,1000.0,73,63,7,10
49,54,dn10,4,pkg42,54.0,61.0,65,1000.0,80,67,4,13
49,55,dn8,3,pkg49,60.0,66.0,74,1000.0,62.0,60.0,8,2.0
49,56,dn1,1,pkg44,58.0,65.0,70,1000.0,84,70,5,14
49,56,dn9,3,pkg50,66.0,74.0,84,1000.0,72.0,66.0,10,6.0
49,56,dn11,4,pkg46,59.0,66.0,72,1000.0,90,73,6,17
49,58,dn2,1,pkg48,64.0,73.0,80,1000.0,84,71,7,13
49,59,dn6,2,pkg51,69.0,75.0,78,1000.0,83,71,3,12
49,61,dn5,2,pkg52,70.0,75.0,83,1000.0,87,74,8,13
49,62,dn8,3,pkg53,69.0,79.0,85,1000.0,72.0,69.0,6,3.0
49,65,dn14,5,pkg54,70.0,76.0,83,1000.0,74.0,70.0,7,4.0
49,66,dn3,1,pkg55,73.0,78.0,85,1000.0,90,78,7,12
49,68,dn4,2,pkg56,74.0,81.0,83,1000.0,104,86,2,18
49,71,dn13,5,pkg58,80.0,86.0,90,1000.0,83.0,80.0,4,3.0
49,72,dn8,3,pkg57,79.0,87.0,93,1000.0,104,88,6,16
49,72,dn12,4,pkg59,82.0,89.0,95,1000.0,108,90,6,18
49,73,dn15,5,pkg60,80.0,85.0,94,1000.0,97,85,9,12
49,74,dn7,3,pkg61,80.0,89.0,98,1000.0,90,82,9,8
49,76,dn9,3,pkg62,83.0,88.0,94,1000.0,96,86,6,10
49,80,dn14,5,pkg64,89.0,96.0,105,1000.0,98,89,9,9
49,83,dn6,2,pkg66,88.0,98.0,104,1000.0,97,90,6,7
49,83,dn13,5,pkg65,89.0,94.0,100,1000.0,99,91,6,8
49,84,dn1,1,pkg63,88.0,94.0,101,1000.0,104,94,7,10
49,87,dn2,1,pkg68,92.0,97.0,106,1000.0,101,94,9,7
49,87,dn5,2,pkg67,94.0,101.0,103,1000.0,109,98,2,11
49,90,dn3,1,pkg71,98.0,107.0,116,1000.0,126,108,9,18
49,90,dn7,3,pkg69,93.0,101.0,105,1000.0,116,103,4,13
49,96,dn9,3,pkg72,96.0,102.0,109,1000.0,118,107,7,11
49,96,dn10,4,pkg75,105.0,110.0,118,1000.0,122,109,8,13
49,97,dn15,5,pkg74,98.0,105.0,112,1000.0,111,104,7,7
49,98,dn11,4,pkg76,103.0,111.0,121,1000.0,112,105,10,7
49,98,dn14,5,pkg70,98.0,108.0,118,1000.0,120,109,10,11
50,0,dn1,1,pkg15,8.0,15.0,16,1000.0,18,9,1,9
50,0,dn2,1,pkg21,5.0,12.0,17,1000.0,34,17,5,17
50,0,dn3,1,pkg9,6.0,15.0,18,1000.0,18,9,3,9
50,0,dn4,2,pkg17,7.0,13.0,16,1000.0,38,19,3,19
50,0,dn5,2,pkg22,5.0,11.0,17,1000.0,12,6,6,6
50,0,dn6,2,pkg3,6.0,12.0,20,1000.0,28,14,8,14
50,0,dn7,3,pkg4,5.0,10.0,13,1000.0,34,17,3,17
50,0,dn8,3,pkg8,8.0,13.0,14,1000.0,12.0,8.0,1,4.0
50,0,dn9,3,pkg1,5.0,12.0,15,1000.0,20,10,3,10
50,0,dn10,4,pkg14,8.0,14.0,18,1000.0,52,26,4,26
50,0,dn11,4,pkg10,10.0,16.0,21,1000.0,16.0,10.0,5,6.0
50,0,dn12,4,pkg5,7.0,16.0,23,1000.0,32,16,7,16
50,0,dn13,5,pkg6,10.0,15.0,16,1000.0,11.0,10.0,1,1.0
50,0,dn14,5,pkg12,9.0,18.0,21,1000.0,12.0,9.0,3,3.0
50,0,dn15,5,pkg18,8.0,18.0,23,1000.0,12.0,8.0,5,4.0
50,11,dn13,5,pkg2,10.0,15.0,24,1000.0,33,22,9,11
50,12,dn5,2,pkg7,8.0,16.0,21,1000.0,50,31,5,19
50,12,dn8,3,pkg23,6.0,13.0,21,1000.0,44,28,8,16
50,12,dn14,5,pkg20,8.0,17.0,24,1000.0,30,21,7,9
50,12,dn15,5,pkg24,14.0,23.0,26,1000.0,16,14,3,2
50,16,dn11,4,pkg11,10.0,19.0,28,1000.0,34,25,9,9
50,16,dn15,5,pkg25,16.0,23.0,30,1000.0,22,19,7,3
50,18,dn1,1,pkg28,18.0,28.0,32,1000.0,44,31,4,13
50,18,dn3,1,pkg30,21.0,29.0,32,1000.0,32,25,3,7
50,20,dn9,3,pkg27,21.0,26.0,30,1000.0,36,28,4,8
50,23,dn15,5,pkg34,28.0,38.0,39,1000.0,29.0,28.0,1,1.0
50,28,dn6,2,pkg29,21.0,31.0,34,1000.0,64,46,3,18
50,29,dn15,5,pkg35,30.0,39.0,50,1000.0,49,39,11,10
50,30,dn14,5,pkg37,37.0,42.0,50,1000.0,50,40,8,10
50,32,dn3,1,pkg33,26.0,34.0,41,1000.0,48,40,7,8
50,32,dn12,4,pkg31,28.0,34.0,37,1000.0,72,52,3,20
50,34,dn7,3,pkg38,40.0,50.0,52,1000.0,48,41,2,7
50,34,dn11,4,pkg36,37.0,43.0,48,1000.0,70,52,5,18
50,35,dn2,1,pkg39,41.0,49.0,54,1000.0,67,51,5,16
50,38,dn4,2,pkg40,44.0,54.0,63,1000.0,66,52,9,14
50,41,dn9,3,pkg43,51.0,58.0,67,1000.0,58.0,51.0,9,7.0
50,44,dn1,1,pkg44,52.0,59.0,62,1000.0,70,57,3,13
50,45,dn8,3,pkg46,52.0,62.0,72,1000.0,67,56,10,11
50,46,dn13,5,pkg47,53.0,59.0,70,1000.0,59.0,53.0,11,6.0
50,48,dn3,1,pkg41,45.0,55.0,63,1000.0,104,76,8,28
50,49,dn7,3,pkg49,55.0,61.0,70,1000.0,89,69,9,20
50,50,dn5,2,pkg42,46.0,55.0,62,1000.0,64,57,7,7
50,52,dn10,4,pkg52,57.0,62.0,66,1000.0,112,82,4,30
50,58,dn14,5,pkg55,64.0,72.0,80,1000.0,80,69,8,11
50,59,dn9,3,pkg56,67.0,74.0,79,1000.0,70.0,67.0,5,3.0
50,64,dn5,2,pkg50,58.0,68.0,71,1000.0,122,93,3,29
50,64,dn6,2,pkg54,61.0,69.0,79,1000.0,114,89,10,25
50,65,dn13,5,pkg59,72.0,77.0,87,1000.0,89,77,10,12
50,66,dn4,2,pkg58,74.0,83.0,92,1000.0,104,85,9,19
50,67,dn2,1,pkg57,71.0,79.0,85,1000.0,77,72,6,5
50,69,dn8,3,pkg61,79.0,85.0,91,1000.0,91,80,6,11
50,70,dn11,4,pkg60,74.0,80.0,86,1000.0,116,93,6,23
50,74,dn9,3,pkg62,82.0,89.0,92,1000.0,94,84,3,10
50,76,dn1,1,pkg63,81.0,90.0,95,1000.0,114,95,5,19
50,81,dn2,1,pkg65,90.0,95.0,101,1000.0,121,101,6,20
50,82,dn12,4,pkg66,87.0,92.0,102,1000.0,110,96,10,14
50,83,dn14,5,pkg67,88.0,97.0,108,1000.0,107,95,11,12
50,88,dn15,5,pkg69,95.0,101.0,111,1000.0,102,95,10,7
50,89,dn7,3,pkg64,86.0,92.0,100,1000.0,117,103,8,14
51,0,dn1,1,pkg8,6.0,15.0,18,1000.0,16,8,3,8
51,0,dn2,1,pkg5,8.0,15.0,22,1000.0,24,12,7,12
51,0,dn3,1,pkg14,9.0,14.0,22,1000.0,18,9,8,9
51,0,dn4,2,pkg6,7.0,12.0,15,1000.0,18,9,3,9
51,0,dn5,2,pkg16,7.0,12.0,15,1000.0,26,13,3,13
51,0,dn6,2,pkg11,5.0,11.0,16,1000.0,22,11,5,11
51,0,dn7,3,pkg20,10.0,16.0,19,1000.0,19.0,10.0,3,9.0
51,0,dn8,3,pkg22,5.0,14.0,19,1000.0,12,6,5,6
51,0,dn9,3,pkg18,8.0,17.0,20,1000.0,28,14,3,14
51,0,dn10,4,pkg19,8.0,16.0,19,1000.0,24,12,3,12
51,0,dn11,4,pkg3,6.0,13.0,20,1000.0,18,9,7,9
51,0,dn12,4,pkg17,10.0,16.0,21,1000.0,34,17,5,17
51,0,dn13,5,pkg2,7.0,14.0,15,1000.0,8.0,7.0,1,1.0
51,0,dn14,5,pkg1,9.0,14.0,17,1000.0,11.0,9.0,3,2.0
51,0,dn15,5,pkg7,6.0,16.0,21,1000.0,9.0,6.0,5,3.0
51,8,dn13,5,pkg9,8.0,14.0,22,1000.0,34,21,8,13
51,9,dn15,5,pkg26,15.0,21.0,23,1000.0,18.0,15.0,2,3.0
51,11,dn14,5,pkg15,8.0,18.0,24,1000.0,21,16,6,5
51,12,dn8,3,pkg10,6.0,15.0,25,1000.0,64,38,10,26
51,16,dn1,1,pkg24,11.0,19.0,23,1000.0,34,25,4,9
51,18,dn3,1,pkg25,13.0,22.0,29,1000.0,24,21,7,3
51,18,dn4,2,pkg23,11.0,20.0,29,1000.0,72,45,9,27
51,18,dn11,4,pkg28,21.0,31.0,41,1000.0,34,26,10,8
51,18,dn15,5,pkg30,25.0,30.0,34,1000.0,29.0,25.0,4,4.0
51,19,dn7,3,pkg29,23.0,33.0,40,1000.0,25.0,23.0,7,2.0
51,22,dn6,2,pkg27,20.0,30.0,33,1000.0,52,37,3,15
51,24,dn2,1,pkg32,24.0,29.0,33,1000.0,36,30,4,6
51,24,dn3,1,pkg33,25.0,30.0,40,1000.0,64,44,10,20
51,24,dn14,5,pkg34,33.0,38.0,44,1000.0,42,33,6,9
51,26,dn5,2,pkg31,26.0,31.0,42,1000.0,90,58,11,32
51,26,dn7,3,pkg35,35.0,40.0,47,1000.0,58,42,7,16
51,28,dn9,3,pkg36,37.0,46.0,52,1000.0,45.0,37.0,6,8.0
51,29,dn15,5,pkg37,36.0,43.0,50,1000.0,43,36,7,7
51,32,dn10,4,pkg38,37.0,44.0,49,1000.0,62,47,5,15
51,36,dn1,1,pkg39,43.0,52.0,61,1000.0,78,57,9,21
51,37,dn13,5,pkg40,43.0,50.0,53,1000.0,47.0,43.0,3,4.0
51,40,dn2,1,pkg42,45.0,53.0,63,1000.0,64,52,10,12
51,42,dn11,4,pkg44,51.0,61.0,65,1000.0,72,57,4,15
51,42,dn14,5,pkg41,45.0,51.0,61,1000.0,66,54,10,12
51,43,dn15,5,pkg45,49.0,54.0,59,1000.0,53.0,49.0,5,4.0
51,44,dn12,4,pkg46,52.0,59.0,65,1000.0,84,64,6,20
51,45,dn9,3,pkg43,46.0,51.0,59,1000.0,53,49,8,4
51,49,dn13,5,pkg49,56.0,62.0,69,1000.0,60.0,56.0,7,4.0
51,52,dn6,2,pkg48,54.0,62.0,70,1000.0,92,72,8,20
51,56,dn9,3,pkg51,64.0,69.0,76,1000.0,70.0,64.0,7,6.0
51,62,dn7,3,pkg53,71.0,76.0,85,1000.0,73.0,71.0,9,2.0
51,62,dn10,4,pkg50,61.0,67.0,71,1000.0,84,73,4,11
51,64,dn2,1,pkg54,71.0,78.0,89,1000.0,78,71,11,7
51,65,dn3,1,pkg56,70.0,75.0,84,1000.0,93,79,9,14
51,72,dn4,2,pkg55,74.0,83.0,89,1000.0,128,100,6,28
51,72,dn8,3,pkg57,78.0,84.0,95,1000.0,120,96,11,24
51,73,dn11,4,pkg58,83.0,92.0,96,1000.0,97,85,4,12
51,78,dn1,1,pkg59,83.0,88.0,93,1000.0,104,91,5,13
51,78,dn2,1,pkg60,83.0,92.0,98,1000.0,114,96,6,18
51,80,dn7,3,pkg61,90.0,97.0,103,1000.0,91.0,90.0,6,1.0
51,84,dn10,4,pkg62,87.0,96.0,103,1000.0,120,102,7,18
51,86,dn9,3,pkg63,94.0,99.0,108,1000.0,108,97,9,11
51,92,dn5,2,pkg65,97.0,103.0,110,1000.0,102,97,7,5
51,93,dn3,1,pkg64,99.0,105.0,111,1000.0,109,101,6,8
51,95,dn6,2,pkg67,105.0,112.0,122,1000.0,112.0,105.0,10,7.0
51,96,dn7,3,pkg68,103.0,111.0,119,1000.0,105.0,103.0,8,2.0
52,0,dn1,1,pkg7,5.0,12.0,16,1000.0,18,9,4,9
52,0,dn2,1,pkg9,5.0,13.0,17,1000.0,14,7,4,7
52,0,dn3,1,pkg2,8.0,13.0,18,1000.0,15.0,8.0,5,7.0
52,0,dn4,2,pkg14,6.0,11.0,14,1000.0,20,10,3,10
52,0,dn5,2,pkg3,5.0,13.0,15,1000.0,24,12,2,12
52,0,dn6,2,pkg20,5.0,13.0,21,1000.0,32,16,8,16
52,0,dn7,3,pkg10,6.0,14.0,19,1000.0,10.0,6.0,5,4.0
52,0,dn8,3,pkg11,8.0,13.0,19,1000.0,14.0,8.0,6,6.0
52,0,dn9,3,pkg15,6.0,14.0,20,1000.0,22,11,6,11
52,0,dn10,4,pkg19,9.0,17.0,23,1000.0,18,9,6,9
52,0,dn11,4,pkg13,7.0,17.0,24,1000.0,38,19,7,19
52,0,dn13,5,pkg22,6.0,15.0,18,1000.0,8.0,6.0,3,2.0
52,0,dn14,5,pkg12,8.0,16.0,20,1000.0,14.0,8.0,4,6.0
52,0,dn15,5,pkg4,6.0,15.0,21,1000.0,10.0,6.0,6,4.0
52,1,dn12,4,pkg23,7.0,13.0,24,1000.0,23,12,11,11
52,8,dn13,5,pkg5,8.0,16.0,21,1000.0,22,15,5,7
52,10,dn7,3,pkg6,8.0,16.0,25,1000.0,36,23,9,13
52,10,dn15,5,pkg16,7.0,14.0,25,1000.0,32,21,11,11
52,14,dn2,1,pkg21,9.0,16.0,23,1000.0,46,30,7,16
52,14,dn8,3,pkg24,14.0,22.0,27,1000.0,32,23,5,9
52,14,dn14,5,pkg25,15.0,24.0,27,1000.0,22,18,3,4
52,16,dn3,1,pkg28,23.0,32.0,36,1000.0,34,25,4,9
52,18,dn10,4,pkg26,19.0,29.0,36,1000.0,62,40,7,22
52,20,dn4,2,pkg30,23.0,29.0,32,1000.0,44,32,3,12
52,22,dn9,3,pkg27,19.0,27.0,29,1000.0,36,29,2,7
52,22,dn13,5,pkg32,32.0,40.0,43,1000.0,35.0,32.0,3,3.0
52,24,dn5,2,pkg29,27.0,34.0,40,1000.0,56,40,6,16
52,24,dn12,4,pkg33,33.0,39.0,45,1000.0,78,51,6,27
52,32,dn1,1,pkg37,40.0,50.0,58,1000.0,68,50,8,18
52,32,dn6,2,pkg36,36.0,41.0,44,1000.0,58,45,3,13
52,32,dn8,3,pkg31,27.0,37.0,43,1000.0,72,52,6,20
52,35,dn3,1,pkg40,43.0,48.0,49,1000.0,59,47,1,12
52,36,dn7,3,pkg34,35.0,45.0,55,1000.0,46,41,10,5
52,36,dn9,3,pkg39,40.0,48.0,56,1000.0,62,49,8,13
52,38,dn11,4,pkg35,33.0,39.0,45,1000.0,72,55,6,17
52,39,dn13,5,pkg41,49.0,55.0,64,1000.0,57.0,49.0,9,8.0
52,44,dn4,2,pkg38,40.0,48.0,56,1000.0,106,75,8,31
52,44,dn14,5,pkg42,49.0,58.0,63,1000.0,54,49,5,5
52,46,dn7,3,pkg43,51.0,61.0,70,1000.0,68,57,9,11
52,47,dn2,1,pkg45,54.0,59.0,66,1000.0,69,58,7,11
52,49,dn15,5,pkg46,59.0,67.0,71,1000.0,64.0,59.0,4,5.0
52,54,dn14,5,pkg48,58.0,66.0,74,1000.0,62,58,8,4
52,56,dn5,2,pkg44,52.0,57.0,59,1000.0,78,67,2,11
52,57,dn13,5,pkg47,60.0,69.0,80,1000.0,77,67,11,10
52,58,dn6,2,pkg49,62.0,70.0,71,1000.0,74,66,1,8
52,59,dn3,1,pkg52,67.0,75.0,76,1000.0,74.0,67.0,1,7.0
52,62,dn9,3,pkg53,69.0,74.0,77,1000.0,74.0,69.0,3,5.0
52,62,dn10,4,pkg51,62.0,70.0,79,1000.0,108,85,9,23
52,62,dn14,5,pkg54,66.0,71.0,75,1000.0,69.0,66.0,4,3.0
52,64,dn15,5,pkg55,70.0,77.0,87,1000.0,94,79,10,15
52,68,dn1,1,pkg57,73.0,80.0,85,1000.0,84,76,5,8
52,68,dn7,3,pkg58,72.0,78.0,86,1000.0,86,77,8,9
52,69,dn2,1,pkg60,76.0,82.0,88,1000.0,91,80,6,11
52,69,dn14,5,pkg61,79.0,87.0,89,1000.0,81.0,79.0,2,2.0
52,72,dn8,3,pkg59,74.0,80.0,88,1000.0,108,90,8,18
52,72,dn11,4,pkg56,69.0,77.0,83,1000.0,92,82,6,10
52,74,dn3,1,pkg63,81.0,87.0,93,1000.0,104,89,6,15
52,74,dn6,2,pkg62,76.0,84.0,93,1000.0,86,80,9,6
52,75,dn9,3,pkg65,81.0,86.0,89,1000.0,85.0,81.0,3,4.0
52,78,dn5,2,pkg64,84.0,92.0,98,1000.0,110,94,6,16
52,78,dn13,5,pkg66,84.0,89.0,97,1000.0,94,86,8,8
52,81,dn14,5,pkg67,85.0,91.0,93,1000.0,88.0,85.0,2,3.0
52,82,dn12,4,pkg69,88.0,95.0,102,1000.0,118,100,7,18
52,84,dn1,1,pkg68,87.0,95.0,101,1000.0,98,91,6,7
52,85,dn9,3,pkg71,91.0,101.0,105,1000.0,103,94,4,9
52,86,dn6,2,pkg70,88.0,95.0,106,1000.0,126,106,11,20
52,86,dn7,3,pkg72,93.0,102.0,113,1000.0,116,101,11,15
52,88,dn14,5,pkg73,97.0,106.0,111,1000.0,100.0,97.0,5,3.0
52,92,dn2,1,pkg74,102.0,107.0,111,1000.0,112,102,4,10
52,93,dn11,4,pkg75,102.0,107.0,115,1000.0,121,107,8,14
52,98,dn13,5,pkg77,105.0,113.0,122,1000.0,116,107,9,9
53,0,dn1,1,pkg10,5.0,10.0,16,1000.0,38,19,6,19
53,0,dn2,1,pkg7,5.0,12.0,17,1000.0,22,11,5,11
53,0,dn3,1,pkg11,5.0,15.0,18,1000.0,14,7,3,7
53,0,dn4,2,pkg4,8.0,13.0,14,1000.0,38,19,1,19
53,0,dn5,2,pkg18,6.0,11.0,16,1000.0,30,15,5,15
53,0,dn6,2,pkg9,5.0,10.0,18,1000.0,58,29,8,29
53,0,dn7,3,pkg17,8.0,14.0,15,1000.0,14.0,8.0,1,6.0
53,0,dn8,3,pkg3,10.0,15.0,17,1000.0,19.0,10.0,2,9.0
53,0,dn9,3,pkg13,5.0,12.0,20,1000.0,9.0,5.0,8,4.0
53,0,dn10,4,pkg19,7.0,16.0,22,1000.0,24,12,6,12
53,0,dn11,4,pkg5,7.0,16.0,26,1000.0,16,8,10,8
53,0,dn12,4,pkg15,10.0,16.0,26,1000.0,14.0,10.0,10,4.0
53,0,dn13,5,pkg16,7.0,13.0,21,1000.0,16,8,8,8
53,0,dn14,5,pkg20,8.0,17.0,21,1000.0,15.0,8.0,4,7.0
53,0,dn15,5,pkg21,9.0,18.0,21,1000.0,13.0,9.0,3,4.0
53,9,dn9,3,pkg12,7.0,16.0,23,1000.0,47,28,7,19
53,13,dn15,5,pkg2,9.0,19.0,22,1000.0,23,18,3,5
53,14,dn3,1,pkg22,7.0,15.0,18,1000.0,30,22,3,8
53,14,dn7,3,pkg1,10.0,19.0,25,1000.0,32,23,6,9
53,14,dn12,4,pkg24,10.0,19.0,21,1000.0,60,37,2,23
53,15,dn14,5,pkg14,9.0,19.0,22,1000.0,23,19,3,4
53,16,dn11,4,pkg26,11.0,20.0,25,1000.0,40,28,5,12
53,16,dn13,5,pkg25,9.0,18.0,23,1000.0,24,20,5,4
53,19,dn8,3,pkg6,10.0,20.0,25,1000.0,53,36,5,17
53,22,dn2,1,pkg29,20.0,25.0,33,1000.0,36,29,8,7
53,23,dn14,5,pkg32,21.0,29.0,35,1000.0,35,29,6,6
53,24,dn10,4,pkg31,22.0,29.0,34,1000.0,70,47,5,23
53,26,dn13,5,pkg35,34.0,43.0,51,1000.0,44,35,8,9
53,29,dn15,5,pkg38,37.0,45.0,48,1000.0,40.0,37.0,3,3.0
53,30,dn3,1,pkg36,34.0,41.0,47,1000.0,64,47,6,17
53,30,dn5,2,pkg33,30.0,40.0,48,1000.0,58,44,8,14
53,32,dn7,3,pkg39,39.0,45.0,56,1000.0,45.0,39.0,11,6.0
53,36,dn2,1,pkg37,38.0,46.0,50,1000.0,54,45,4,9
53,38,dn1,1,pkg34,34.0,43.0,54,1000.0,82,60,11,22
53,38,dn4,2,pkg40,43.0,50.0,53,1000.0,60,49,3,11
53,40,dn11,4,pkg43,43.0,53.0,58,1000.0,84,62,5,22
53,50,dn7,3,pkg45,56.0,64.0,73,1000.0,58.0,56.0,9,2.0
53,54,dn2,1,pkg46,60.0,66.0,68,1000.0,74,64,2,10
53,58,dn5,2,pkg44,53.0,60.0,63,1000.0,100,79,3,21
53,58,dn6,2,pkg50,62.0,72.0,77,1000.0,84,71,5,13
53,60,dn4,2,pkg49,63.0,68.0,78,1000.0,88,74,10,14
53,60,dn12,4,pkg48,63.0,71.0,76,1000.0,108,84,5,24
53,64,dn3,1,pkg52,68.0,78.0,81,1000.0,74,69,3,5
53,70,dn7,3,pkg55,80.0,90.0,93,1000.0,83.0,80.0,3,3.0
53,70,dn10,4,pkg47,64.0,74.0,79,1000.0,104,87,5,17
53,72,dn8,3,pkg57,82.0,92.0,102,1000.0,92,82,10,10
53,73,dn9,3,pkg58,80.0,86.0,90,1000.0,82.0,80.0,4,2.0
53,74,dn2,1,pkg53,72.0,80.0,88,1000.0,102,88,8,14
53,74,dn3,1,pkg54,75.0,81.0,89,1000.0,120,97,8,23
53,76,dn13,5,pkg60,84.0,91.0,95,1000.0,90.0,84.0,4,6.0
53,77,dn14,5,pkg61,86.0,93.0,101,1000.0,92.0,86.0,8,6.0
53,81,dn15,5,pkg63,91.0,99.0,109,1000.0,101,91,10,10
53,82,dn1,1,pkg56,78.0,83.0,92,1000.0,132,107,9,25
53,82,dn9,3,pkg64,89.0,98.0,104,1000.0,104,93,6,11
53,84,dn11,4,pkg59,84.0,93.0,100,1000.0,118,101,7,17
53,85,dn6,2,pkg66,95.0,105.0,111,1000.0,123,104,6,19
53,88,dn4,2,pkg69,95.0,102.0,110,1000.0,124,106,8,18
53,90,dn13,5,pkg65,92.0,98.0,103,1000.0,100,95,5,5
53,92,dn14,5,pkg68,95.0,105.0,114,1000.0,114,103,9,11
53,95,dn7,3,pkg72,103.0,112.0,119,1000.0,129,112,7,17
53,98,dn8,3,pkg74,107.0,112.0,120,1000.0,108.0,107.0,8,1.0
54,0,dn1,1,pkg7,5.0,10.0,11,1000.0,18,9,1,9
54,0,dn2,1,pkg8,7.0,12.0,15,1000.0,12.0,7.0,3,5.0
54,0,dn3,1,pkg12,7.0,13.0,15,1000.0,28,14,2,14
54,0,dn4,2,pkg21,7.0,12.0,16,1000.0,46,23,4,23
54,0,dn5,2,pkg1,7.0,12.0,17,1000.0,30,15,5,15
54,0,dn6,2,pkg5,5.0,14.0,18,1000.0,40,20,4,20
54,0,dn7,3,pkg2,5.0,10.0,14,1000.0,22,11,4,11
54,0,dn8,3,pkg3,6.0,11.0,15,1000.0,20,10,4,10
54,0,dn9,3,pkg13,6.0,16.0,20,1000.0,20,10,4,10
54,0,dn10,4,pkg14,9.0,14.0,18,1000.0,40,20,4,20
54,0,dn11,4,pkg17,5.0,13.0,18,1000.0,32,16,5,16
54,0,dn12,4,pkg18,8.0,14.0,19,1000.0,38,19,5,19
54,0,dn13,5,pkg9,6.0,14.0,16,1000.0,9.0,6.0,2,3.0
54,0,dn14,5,pkg15,5.0,14.0,17,1000.0,8.0,5.0,3,3.0
54,0,dn15,5,pkg19,7.0,12.0,22,1000.0,28,14,10,14
54,8,dn14,5,pkg11,5.0,14.0,25,1000.0,18,13,11,5
54,9,dn13,5,pkg23,11.0,17.0,28,1000.0,25,17,11,8
54,12,dn2,1,pkg6,10.0,17.0,23,1000.0,38,25,6,13
54,18,dn1,1,pkg25,13.0,20.0,25,1000.0,34,26,5,8
54,18,dn14,5,pkg29,26.0,35.0,39,1000.0,30.0,26.0,4,4.0
54,20,dn8,3,pkg31,25.0,34.0,40,1000.0,64,42,6,22
54,28,dn3,1,pkg26,19.0,29.0,32,1000.0,68,48,3,20
54,30,dn5,2,pkg28,22.0,32.0,38,1000.0,48,39,6,9
54,31,dn7,3,pkg35,38.0,47.0,58,1000.0,77,54,11,23
54,32,dn9,3,pkg36,38.0,44.0,50,1000.0,48,40,6,8
54,32,dn11,4,pkg30,25.0,35.0,39,1000.0,80,56,4,24
54,34,dn1,1,pkg34,34.0,42.0,51,1000.0,60,47,9,13
54,38,dn2,1,pkg38,44.0,54.0,63,1000.0,47.0,44.0,9,3.0
54,38,dn12,4,pkg37,46.0,53.0,60,1000.0,60,49,7,11
54,41,dn13,5,pkg39,50.0,56.0,67,1000.0,79,60,11,19
54,43,dn6,2,pkg40,52.0,59.0,70,1000.0,67,55,11,12
54,44,dn14,5,pkg41,50.0,55.0,57,1000.0,51.0,50.0,2,1.0
54,47,dn4,2,pkg42,53.0,63.0,73,1000.0,75,61,10,14
54,48,dn2,1,pkg43,58.0,64.0,71,1000.0,61.0,58.0,7,3.0
54,51,dn9,3,pkg44,59.0,65.0,74,1000.0,60.0,59.0,9,1.0
54,52,dn14,5,pkg45,60.0,65.0,75,1000.0,72,62,10,10
54,54,dn5,2,pkg46,62.0,69.0,79,1000.0,90,72,10,18
54,56,dn10,4,pkg47,64.0,73.0,82,1000.0,71.0,64.0,9,7.0
54,60,dn1,1,pkg48,69.0,79.0,84,1000.0,94,77,5,17
54,62,dn9,3,pkg49,68.0,77.0,82,1000.0,76,69,5,7
54,63,dn2,1,pkg50,69.0,77.0,82,1000.0,79,71,5,8
54,65,dn12,4,pkg51,75.0,85.0,96,1000.0,99,82,11,17
54,74,dn6,2,pkg52,79.0,84.0,87,1000.0,94,84,3,10
54,75,dn4,2,pkg53,85.0,95.0,104,1000.0,88.0,85.0,9,3.0
54,81,dn2,1,pkg55,86.0,92.0,96,1000.0,91,86,4,5
54,85,dn7,3,pkg57,94.0,102.0,113,1000.0,121,103,11,18
54,87,dn8,3,pkg58,92.0,101.0,108,1000.0,97,92,7,5
54,88,dn3,1,pkg59,95.0,103.0,108,1000.0,101.0,95.0,5,6.0
54,88,dn4,2,pkg54,85.0,93.0,97,1000.0,108,98,4,10
54,90,dn5,2,pkg56,89.0,98.0,101,1000.0,138,114,3,24
54,94,dn9,3,pkg60,101.0,106.0,107,1000.0,110,102,1,8
54,97,dn1,1,pkg61,104.0,111.0,119,1000.0,108.0,104.0,8,4.0
54,99,dn2,1,pkg62,106.0,114.0,119,1000.0,119,109,5,10
55,0,dn1,1,pkg1,6.0,11.0,18,1000.0,34,17,7,17
55,0,dn2,1,pkg2,9.0,16.0,18,1000.0,20,10,2,10
55,0,dn3,1,pkg11,5.0,12.0,19,1000.0,14,7,7,7
55,0,dn4,2,pkg16,5.0,13.0,17,1000.0,42,21,4,21
55,0,dn5,2,pkg22,9.0,19.0,20,1000.0,22,11,1,11
55,0,dn6,2,pkg5,6.0,14.0,21,1000.0,40,20,7,20
55,0,dn7,3,pkg20,6.0,13.0,18,1000.0,20,10,5,10
55,0,dn8,3,pkg6,6.0,16.0,20,1000.0,11.0,6.0,4,5.0
55,0,dn9,3,pkg7,7.0,17.0,20,1000.0,10.0,7.0,3,3.0
55,0,dn10,4,pkg12,6.0,11.0,15,1000.0,22,11,4,11
55,0,dn11,4,pkg14,6.0,12.0,15,1000.0,30,15,3,15
55,0,dn12,4,pkg13,5.0,13.0,19,1000.0,16,8,6,8
55,0,dn13,5,pkg17,5.0,13.0,16,1000.0,6.0,5.0,3,1.0
55,0,dn14,5,pkg3,9.0,14.0,17,1000.0,14.0,9.0,3,5.0
55,0,dn15,5,pkg19,10.0,15.0,26,1000.0,34,17,11,17
55,6,dn13,5,pkg23,13.0,19.0,25,1000.0,20,13,6,7
55,10,dn9,3,pkg15,7.0,16.0,23,1000.0,40,25,7,15
55,11,dn8,3,pkg8,9.0,18.0,24,1000.0,39,25,6,14
55,14,dn3,1,pkg10,9.0,17.0,21,1000.0,30,22,4,8
55,14,dn14,5,pkg28,16.0,22.0,27,1000.0,24,19,5,5
55,16,dn12,4,pkg18,10.0,20.0,24,1000.0,46,31,4,15
55,20,dn2,1,pkg26,18.0,25.0,34,1000.0,30,25,9,5
55,20,dn7,3,pkg29,21.0,27.0,29,1000.0,36,28,2,8
55,20,dn13,5,pkg31,22.0,28.0,37,1000.0,34,27,9,7
55,22,dn5,2,pkg27,17.0,25.0,36,1000.0,48,35,11,13
55,22,dn10,4,pkg33,24.0,34.0,35,1000.0,62,42,1,20
55,24,dn14,5,pkg34,29.0,39.0,47,1000.0,44,34,8,10
55,30,dn2,1,pkg30,22.0,31.0,36,1000.0,60,45,5,15
55,30,dn3,1,pkg36,32.0,37.0,39,1000.0,44,37,2,7
55,32,dn11,4,pkg38,42.0,50.0,52,1000.0,49.0,42.0,2,7.0
55,34,dn1,1,pkg39,41.0,46.0,55,1000.0,46.0,41.0,9,5.0
55,34,dn13,5,pkg37,34.0,39.0,46,1000.0,46,40,7,6
55,36,dn7,3,pkg35,35.0,44.0,52,1000.0,68,52,8,16
55,39,dn15,5,pkg42,49.0,58.0,69,1000.0,59,49,11,10
55,41,dn6,2,pkg43,51.0,58.0,68,1000.0,95,68,10,27
55,42,dn8,3,pkg44,47.0,54.0,64,1000.0,50.0,47.0,10,3.0
55,43,dn4,2,pkg45,49.0,57.0,67,1000.0,83,63,10,20
55,44,dn3,1,pkg40,41.0,46.0,51,1000.0,76,60,5,16
55,44,dn9,3,pkg46,51.0,59.0,66,1000.0,54.0,51.0,7,3.0
55,46,dn1,1,pkg41,43.0,50.0,58,1000.0,72,59,8,13
55,48,dn5,2,pkg47,55.0,60.0,64,1000.0,80,64,4,16
55,49,dn11,4,pkg48,57.0,63.0,69,1000.0,81,65,6,16
55,50,dn13,5,pkg49,60.0,68.0,74,1000.0,69.0,60.0,6,9.0
55,58,dn8,3,pkg50,64.0,71.0,74,1000.0,80,69,3,11
55,59,dn12,4,pkg51,69.0,79.0,87,1000.0,78.0,69.0,8,9.0
55,60,dn2,1,pkg52,65.0,71.0,82,1000.0,69.0,65.0,11,4.0
55,62,dn9,3,pkg53,68.0,73.0,83,1000.0,76,69,10,7
55,70,dn2,1,pkg54,78.0,84.0,95,1000.0,90,80,11,10
55,71,dn10,4,pkg55,81.0,88.0,93,1000.0,95,83,5,12
55,75,dn1,1,pkg56,83.0,93.0,96,1000.0,87.0,83.0,3,4.0
55,77,dn7,3,pkg57,87.0,96.0,105,1000.0,89.0,87.0,9,2.0
55,80,dn5,2,pkg58,90.0,97.0,103,1000.0,104,92,6,12
55,86,dn3,1,pkg59,91.0,101.0,108,1000.0,120,103,7,17
55,87,dn8,3,pkg60,95.0,102.0,104,1000.0,109,98,2,11
55,88,dn1,1,pkg61,94.0,104.0,114,1000.0,128,108,10,20
55,92,dn2,1,pkg62,102.0,111.0,121,1000.0,102.0,102.0,10,0.0
55,95,dn4,2,pkg63,100.0,109.0,117,1000.0,121,108,8,13
55,97,dn6,2,pkg64,106.0,113.0,122,1000.0,131,114,9,17
56,0,dn1,1,pkg4,7.0,14.0,15,1000.0,26,13,1,13
56,0,dn2,1,pkg20,5.0,12.0,17,1000.0,12,6,5,6
56,0,dn3,1,pkg1,8.0,13.0,19,1000.0,26,13,6,13
56,0,dn4,2,pkg11,5.0,10.0,15,1000.0,14,7,5,7
56,0,dn5,2,pkg10,10.0,17.0,18,1000.0,32,16,1,16
56,0,dn6,2,pkg6,6.0,11.0,19,1000.0,26,13,8,13
56,0,dn7,3,pkg5,6.0,12.0,15,1000.0,10.0,6.0,3,4.0
56,0,dn8,3,pkg3,9.0,15.0,18,1000.0,11.0,9.0,3,2.0
56,0,dn9,3,pkg2,10.0,16.0,19,1000.0,22,11,3,11
56,0,dn10,4,pkg12,8.0,13.0,15,1000.0,36,18,2,18
56,0,dn11,4,pkg17,7.0,13.0,17,1000.0,34,17,4,17
56,0,dn12,4,pkg14,7.0,15.0,21,1000.0,50,25,6,25
56,0,dn13,5,pkg8,8.0,14.0,18,1000.0,10.0,8.0,4,2.0
56,0,dn14,5,pkg18,7.0,17.0,19,1000.0,9.0,7.0,2,2.0
56,0,dn15,5,pkg7,9.0,19.0,20,1000.0,10.0,9.0,1,1.0
56,9,dn14,5,pkg24,11.0,18.0,22,1000.0,19,14,4,5
56,10,dn7,3,pkg13,7.0,15.0,20,1000.0,46,28,5,18
56,10,dn13,5,pkg19,8.0,18.0,24,1000.0,22,16,6,6
56,10,dn15,5,pkg25,12.0,21.0,24,1000.0,14,12,3,2
56,11,dn8,3,pkg15,7.0,16.0,26,1000.0,39,25,10,14
56,12,dn2,1,pkg21,5.0,13.0,19,1000.0,24,18,6,6
56,14,dn4,2,pkg9,9.0,15.0,19,1000.0,52,33,4,19
56,14,dn15,5,pkg23,15.0,24.0,27,1000.0,18,16,3,2
56,18,dn15,5,pkg26,15.0,22.0,32,1000.0,46,32,10,14
56,19,dn14,5,pkg28,22.0,29.0,33,1000.0,27,23,4,4
56,22,dn9,3,pkg29,22.0,32.0,41,1000.0,28,25,9,3
56,22,dn13,5,pkg32,26.0,32.0,42,1000.0,34,28,10,6
56,24,dn2,1,pkg27,19.0,27.0,33,1000.0,44,34,6,10
56,26,dn1,1,pkg30,21.0,31.0,36,1000.0,70,48,5,22
56,26,dn3,1,pkg33,31.0,37.0,42,1000.0,35.0,31.0,5,4.0
56,26,dn6,2,pkg31,27.0,34.0,41,1000.0,80,53,7,27
56,27,dn14,5,pkg35,33.0,43.0,48,1000.0,41,34,5,7
56,31,dn9,3,pkg37,39.0,44.0,52,1000.0,46.0,39.0,8,7.0
56,32,dn5,2,pkg34,29.0,35.0,42,1000.0,58,45,7,13
56,34,dn11,4,pkg36,35.0,40.0,48,1000.0,54,44,8,10
56,36,dn10,4,pkg39,41.0,51.0,62,1000.0,76,56,11,20
56,37,dn13,5,pkg40,43.0,52.0,61,1000.0,63,50,9,13
56,39,dn3,1,pkg41,47.0,55.0,60,1000.0,52.0,47.0,5,5.0
56,39,dn8,3,pkg38,38.0,47.0,52,1000.0,65,52,5,13
56,41,dn14,5,pkg42,47.0,54.0,57,1000.0,50.0,47.0,3,3.0
56,44,dn2,1,pkg44,51.0,58.0,64,1000.0,70,57,6,13
56,46,dn7,3,pkg45,54.0,60.0,67,1000.0,59.0,54.0,7,5.0
56,48,dn15,5,pkg46,56.0,65.0,75,1000.0,60.0,56.0,10,4.0
56,50,dn12,4,pkg43,50.0,58.0,64,1000.0,92,71,6,21
56,50,dn14,5,pkg47,58.0,66.0,71,1000.0,65.0,58.0,5,7.0
56,52,dn9,3,pkg48,61.0,66.0,68,1000.0,78,65,2,13
56,53,dn3,1,pkg49,58.0,65.0,75,1000.0,75,64,10,11
56,56,dn11,4,pkg51,65.0,75.0,85,1000.0,74,65,10,9
56,59,dn7,3,pkg50,61.0,69.0,75,1000.0,69,64,6,5
56,60,dn4,2,pkg54,65.0,74.0,84,1000.0,74,67,10,7
56,60,dn15,5,pkg52,67.0,73.0,78,1000.0,69.0,67.0,5,2.0
56,63,dn13,5,pkg53,66.0,76.0,87,1000.0,83,73,11,10
56,70,dn1,1,pkg55,76.0,86.0,93,1000.0,86,78,7,8
56,74,dn4,2,pkg56,82.0,91.0,100,1000.0,130,102,9,28
56,76,dn2,1,pkg57,85.0,90.0,98,1000.0,89.0,85.0,8,4.0
56,80,dn3,1,pkg58,88.0,94.0,95,1000.0,98,89,1,9
56,82,dn7,3,pkg59,87.0,95.0,105,1000.0,91.0,87.0,10,4.0
56,84,dn8,3,pkg60,91.0,96.0,107,1000.0,96.0,91.0,11,5.0
56,86,dn1,1,pkg61,92.0,99.0,107,1000.0,98,92,8,6
56,89,dn2,1,pkg62,97.0,107.0,113,1000.0,117,103,6,14
56,91,dn5,2,pkg63,96.0,102.0,107,1000.0,121,106,5,15
56,93,dn10,4,pkg64,103.0,111.0,119,1000.0,112.0,103.0,8,9.0
56,95,dn7,3,pkg65,100.0,110.0,113,1000.0,107,101,3,6
56,97,dn6,2,pkg66,105.0,112.0,116,1000.0,123,110,4,13
57,0,dn1,1,pkg17,5.0,11.0,14,1000.0,16,8,3,8
57,0,dn2,1,pkg7,5.0,11.0,15,1000.0,10,5,4,5
57,0,dn3,1,pkg18,8.0,13.0,17,1000.0,28,14,4,14
57,0,dn4,2,pkg5,6.0,12.0,15,1000.0,18,9,3,9
57,0,dn5,2,pkg1,6.0,15.0,18,1000.0,12,6,3,6
57,0,dn6,2,pkg22,6.0,14.0,19,1000.0,26,13,5,13
57,0,dn7,3,pkg12,5.0,11.0,14,1000.0,18,9,3,9
57,0,dn8,3,pkg4,5.0,11.0,19,1000.0,20,10,8,10
57,0,dn9,3,pkg9,8.0,15.0,19,1000.0,24,12,4,12
57,0,dn10,4,pkg19,7.0,12.0,15,1000.0,54,27,3,27
57,0,dn11,4,pkg21,7.0,12.0,22,1000.0,22,11,10,11
57,0,dn12,4,pkg15,10.0,17.0,23,1000.0,34,17,6,17
57,0,dn13,5,pkg11,6.0,12.0,15,1000.0,9.0,6.0,3,3.0
57,0,dn14,5,pkg8,6.0,15.0,19,1000.0,10.0,6.0,4,4.0
57,0,dn15,5,pkg6,9.0,16.0,23,1000.0,13.0,9.0,7,4.0
57,9,dn13,5,pkg26,13.0,18.0,21,1000.0,15.0,13.0,3,2.0
57,10,dn2,1,pkg3,9.0,14.0,18,1000.0,38,24,4,14
57,10,dn14,5,pkg10,5.0,14.0,24,1000.0,28,19,10,9
57,12,dn5,2,pkg14,7.0,13.0,21,1000.0,44,28,8,16
57,13,dn15,5,pkg20,10.0,20.0,26,1000.0,23,18,6,5
57,15,dn13,5,pkg27,13.0,22.0,28,1000.0,29,22,6,7
57,16,dn1,1,pkg16,10.0,19.0,24,1000.0,46,31,5,15
57,18,dn4,2,pkg25,13.0,19.0,22,1000.0,50,34,3,16
57,18,dn7,3,pkg24,10.0,19.0,30,1000.0,36,27,11,9
57,20,dn8,3,pkg29,19.0,29.0,35,1000.0,52,36,6,16
57,22,dn11,4,pkg28,20.0,29.0,40,1000.0,44,33,11,11
57,23,dn15,5,pkg32,27.0,32.0,35,1000.0,29.0,27.0,3,2.0
57,24,dn9,3,pkg30,19.0,27.0,35,1000.0,44,34,8,10
57,28,dn3,1,pkg31,24.0,32.0,36,1000.0,46,37,4,9
57,28,dn14,5,pkg34,30.0,37.0,44,1000.0,36,32,7,4
57,29,dn13,5,pkg33,26.0,36.0,45,1000.0,35,32,9,3
57,29,dn15,5,pkg35,33.0,40.0,47,1000.0,51,40,7,11
57,31,dn6,2,pkg37,38.0,44.0,54,1000.0,87,59,10,28
57,34,dn12,4,pkg36,36.0,45.0,55,1000.0,62,48,10,14
57,35,dn13,5,pkg38,39.0,47.0,52,1000.0,45,40,5,5
57,36,dn7,3,pkg40,43.0,50.0,55,1000.0,68,52,5,16
57,36,dn14,5,pkg39,40.0,45.0,55,1000.0,62,49,10,13
57,44,dn5,2,pkg42,45.0,50.0,55,1000.0,78,61,5,17
57,44,dn9,3,pkg43,50.0,58.0,61,1000.0,58,51,3,7
57,44,dn11,4,pkg41,46.0,56.0,61,1000.0,92,68,5,24
57,45,dn2,1,pkg45,54.0,62.0,69,1000.0,63,54,7,9
57,45,dn13,5,pkg44,51.0,59.0,66,1000.0,63,54,7,9
57,47,dn1,1,pkg46,54.0,62.0,70,1000.0,71,59,8,12
57,49,dn3,1,pkg47,56.0,65.0,73,1000.0,62.0,56.0,8,6.0
57,50,dn4,2,pkg48,56.0,64.0,71,1000.0,94,72,7,22
57,54,dn10,4,pkg49,57.0,66.0,72,1000.0,92,73,6,19
57,55,dn15,5,pkg51,60.0,66.0,75,1000.0,73,64,9,9
57,62,dn3,1,pkg54,71.0,78.0,80,1000.0,77.0,71.0,2,6.0
57,62,dn12,4,pkg50,60.0,67.0,77,1000.0,96,79,10,17
57,63,dn2,1,pkg53,70.0,78.0,82,1000.0,93,78,4,15
57,63,dn8,3,pkg55,69.0,76.0,87,1000.0,115,89,11,26
57,64,dn9,3,pkg56,73.0,78.0,84,1000.0,76.0,73.0,6,3.0
57,67,dn13,5,pkg57,72.0,80.0,87,1000.0,87,77,7,10
57,68,dn7,3,pkg58,75.0,83.0,92,1000.0,100,84,9,16
57,71,dn1,1,pkg59,81.0,90.0,100,1000.0,101,86,10,15
57,77,dn3,1,pkg61,84.0,91.0,96,1000.0,99,88,5,11
57,77,dn9,3,pkg62,82.0,92.0,102,1000.0,93,85,10,8
57,78,dn5,2,pkg60,82.0,90.0,93,1000.0,104,91,3,13
57,81,dn14,5,pkg63,86.0,93.0,104,1000.0,111,96,11,15
57,83,dn15,5,pkg64,90.0,100.0,107,1000.0,97,90,7,7
57,87,dn6,2,pkg65,90.0,97.0,106,1000.0,117,102,9,15
57,92,dn13,5,pkg66,97.0,103.0,105,1000.0,100.0,97.0,2,3.0
57,96,dn4,2,pkg67,104.0,114.0,124,1000.0,130,113,10,17
57,99,dn9,3,pkg68,109.0,115.0,119,1000.0,127,113,4,14
58,0,dn1,1,pkg5,5.0,12.0,17,1000.0,18,9,5,9
58,0,dn2,1,pkg15,8.0,13.0,17,1000.0,10.0,8.0,4,2.0
58,0,dn3,1,pkg18,6.0,11.0,17,1000.0,14,7,6,7
58,0,dn4,2,pkg4,5.0,11.0,15,1000.0,18,9,4,9
58,0,dn5,2,pkg10,7.0,12.0,15,1000.0,18,9,3,9
58,0,dn6,2,pkg17,6.0,13.0,20,1000.0,40,20,7,20
58,0,dn7,3,pkg7,7.0,15.0,17,1000.0,11.0,7.0,2,4.0
58,0,dn8,3,pkg12,6.0,12.0,17,1000.0,8.0,6.0,5,2.0
58,0,dn9,3,pkg2,10.0,18.0,20,1000.0,32,16,2,16
58,0,dn10,4,pkg20,7.0,12.0,14,1000.0,52,26,2,26
58,0,dn11,4,pkg22,8.0,13.0,19,1000.0,52,26,6,26
58,0,dn12,4,pkg19,10.0,16.0,21,1000.0,44,22,5,22
58,0,dn13,5,pkg8,8.0,14.0,16,1000.0,9.0,8.0,2,1.0
58,0,dn14,5,pkg14,10.0,15.0,17,1000.0,13.0,10.0,2,3.0
58,0,dn15,5,pkg1,9.0,17.0,19,1000.0,10.0,9.0,2,1.0
58,8,dn8,3,pkg13,7.0,17.0,22,1000.0,26,17,5,9
58,9,dn13,5,pkg9,10.0,17.0,19,1000.0,15,12,2,3
58,10,dn2,1,pkg6,6.0,13.0,18,1000.0,30,20,5,10
58,10,dn15,5,pkg16,9.0,15.0,24,1000.0,20,15,9,5
58,11,dn7,3,pkg28,16.0,22.0,24,1000.0,27,19,2,8
58,13,dn14,5,pkg21,10.0,20.0,25,1000.0,27,20,5,7
58,14,dn3,1,pkg3,10.0,18.0,23,1000.0,52,33,5,19
58,15,dn13,5,pkg29,23.0,32.0,35,1000.0,26.0,23.0,3,3.0
58,18,dn1,1,pkg25,14.0,19.0,24,1000.0,36,27,5,9
58,18,dn4,2,pkg24,15.0,21.0,27,1000.0,44,31,6,13
58,18,dn5,2,pkg11,10.0,20.0,30,1000.0,40,29,10,11
58,20,dn15,5,pkg27,17.0,27.0,36,1000.0,30,25,9,5
58,26,dn8,3,pkg31,32.0,41.0,44,1000.0,46,36,3,10
58,26,dn13,5,pkg33,34.0,41.0,46,1000.0,39.0,34.0,5,5.0
58,27,dn7,3,pkg30,32.0,40.0,45,1000.0,45,36,5,9
58,30,dn2,1,pkg34,39.0,47.0,56,1000.0,58,44,9,14
58,32,dn9,3,pkg36,42.0,48.0,57,1000.0,72,52,9,20
58,33,dn14,5,pkg37,40.0,46.0,57,1000.0,63,48,11,15
58,34,dn15,5,pkg38,39.0,49.0,58,1000.0,48,41,9,7
58,36,dn1,1,pkg35,37.0,47.0,54,1000.0,48,42,7,6
58,40,dn5,2,pkg39,41.0,51.0,58,1000.0,60,50,7,10
58,41,dn13,5,pkg40,51.0,60.0,71,1000.0,60.0,51.0,11,9.0
58,42,dn6,2,pkg41,47.0,55.0,57,1000.0,58,50,2,8
58,45,dn12,4,pkg42,51.0,59.0,66,1000.0,57,51,7,6
58,46,dn7,3,pkg43,56.0,62.0,70,1000.0,56.0,56.0,8,0.0
58,47,dn4,2,pkg44,56.0,61.0,64,1000.0,81,64,3,17
58,50,dn1,1,pkg45,56.0,64.0,72,1000.0,57.0,56.0,8,1.0
58,52,dn3,1,pkg46,60.0,65.0,73,1000.0,67.0,60.0,8,7.0
58,53,dn10,4,pkg48,58.0,67.0,73,1000.0,89,71,6,18
58,57,dn1,1,pkg47,62.0,68.0,74,1000.0,99,78,6,21
58,57,dn15,5,pkg49,62.0,70.0,75,1000.0,64.0,62.0,5,2.0
58,61,dn2,1,pkg50,68.0,77.0,83,1000.0,91,76,6,15
58,62,dn8,3,pkg51,68.0,73.0,76,1000.0,92,77,3,15
58,67,dn3,1,pkg53,72.0,82.0,89,1000.0,85,76,7,9
58,69,dn5,2,pkg54,75.0,85.0,95,1000.0,95,82,10,13
58,70,dn6,2,pkg55,76.0,84.0,90,1000.0,88,79,6,9
58,72,dn9,3,pkg56,77.0,84.0,94,1000.0,108,90,10,18
58,74,dn13,5,pkg57,82.0,88.0,92,1000.0,85.0,82.0,4,3.0
58,76,dn11,4,pkg58,81.0,90.0,96,1000.0,114,95,6,19
58,84,dn14,5,pkg59,90.0,99.0,104,1000.0,95.0,90.0,5,5.0
58,85,dn3,1,pkg60,93.0,102.0,110,1000.0,119,102,8,17
58,86,dn13,5,pkg61,92.0,98.0,104,1000.0,97.0,92.0,6,5.0
58,88,dn15,5,pkg62,95.0,104.0,112,1000.0,102,95,8,7
58,91,dn2,1,pkg65,98.0,107.0,111,1000.0,123,107,4,16
58,92,dn4,2,pkg66,98.0,105.0,114,1000.0,108,100,9,8
58,92,dn8,3,pkg64,97.0,107.0,110,1000.0,108,100,3,8
58,95,dn14,5,pkg63,97.0,106.0,110,1000.0,109,102,4,7
58,98,dn5,2,pkg68,106.0,112.0,123,1000.0,111.0,106.0,11,5.0
58,99,dn1,1,pkg67,101.0,106.0,113,1000.0,125,112,7,13
59,0,dn1,1,pkg10,5.0,10.0,12,1000.0,30,15,2,15
59,0,dn2,1,pkg7,5.0,10.0,15,1000.0,24,12,5,12
59,0,dn3,1,pkg19,5.0,10.0,15,1000.0,10,5,5,5
59,0,dn4,2,pkg2,5.0,11.0,17,1000.0,30,15,6,15
59,0,dn5,2,pkg13,8.0,13.0,21,1000.0,40,20,8,20
59,0,dn6,2,pkg15,6.0,16.0,21,1000.0,28,14,5,14
59,0,dn7,3,pkg9,6.0,13.0,18,1000.0,10.0,6.0,5,4.0
59,0,dn8,3,pkg12,7.0,13.0,19,1000.0,38,19,6,19
59,0,dn9,3,pkg22,8.0,13.0,20,1000.0,11.0,8.0,7,3.0
59,0,dn10,4,pkg4,6.0,13.0,15,1000.0,32,16,2,16
59,0,dn11,4,pkg1,9.0,15.0,19,1000.0,22,11,4,11
59,0,dn12,4,pkg6,9.0,18.0,22,1000.0,52,26,4,26
59,0,dn13,5,pkg17,10.0,16.0,19,1000.0,13.0,10.0,3,3.0
59,0,dn14,5,pkg11,10.0,16.0,20,1000.0,15.0,10.0,4,5.0
59,0,dn15,5,pkg3,6.0,13.0,22,1000.0,26,13,9,13
59,10,dn3,1,pkg8,5.0,15.0,17,1000.0,26,18,2,8
59,10,dn7,3,pkg16,6.0,15.0,21,1000.0,34,22,6,12
59,11,dn9,3,pkg24,8.0,17.0,21,1000.0,31,21,4,10
59,13,dn13,5,pkg26,10.0,16.0,24,1000.0,23,18,8,5
59,15,dn14,5,pkg14,8.0,18.0,25,1000.0,31,23,7,8
59,22,dn11,4,pkg29,17.0,24.0,35,1000.0,36,29,11,7
59,23,dn13,5,pkg33,29.0,37.0,40,1000.0,32.0,29.0,3,3.0
59,24,dn2,1,pkg35,33.0,42.0,50,1000.0,41.0,33.0,8,8.0
59,28,dn6,2,pkg32,24.0,32.0,37,1000.0,44,36,5,8
59,30,dn4,2,pkg36,35.0,40.0,44,1000.0,82,56,4,26
59,31,dn9,3,pkg34,28.0,38.0,46,1000.0,57,44,8,13
59,32,dn1,1,pkg37,40.0,47.0,55,1000.0,42.0,40.0,8,2.0
59,33,dn3,1,pkg38,43.0,49.0,52,1000.0,47.0,43.0,3,4.0
59,35,dn13,5,pkg40,44.0,54.0,59,1000.0,48.0,44.0,5,4.0
59,36,dn7,3,pkg41,42.0,50.0,55,1000.0,45.0,42.0,5,3.0
59,37,dn10,4,pkg42,45.0,50.0,53,1000.0,85,61,3,24
59,38,dn8,3,pkg43,44.0,52.0,57,1000.0,58,48,5,10
59,40,dn5,2,pkg39,43.0,51.0,58,1000.0,72,56,7,16
59,42,dn1,1,pkg45,51.0,60.0,65,1000.0,58.0,51.0,5,7.0
59,43,dn11,4,pkg46,53.0,60.0,64,1000.0,91,67,4,24
59,44,dn6,2,pkg44,47.0,54.0,63,1000.0,74,59,9,15
59,45,dn7,3,pkg47,50.0,58.0,67,1000.0,73,59,9,14
59,46,dn2,1,pkg48,51.0,61.0,69,1000.0,62,54,8,8
59,51,dn3,1,pkg50,60.0,69.0,73,1000.0,75,63,4,12
59,52,dn12,4,pkg51,60.0,67.0,70,1000.0,82,67,3,15
59,53,dn13,5,pkg52,58.0,67.0,77,1000.0,75,64,10,11
59,54,dn14,5,pkg53,61.0,70.0,75,1000.0,67.0,61.0,5,6.0
59,58,dn1,1,pkg55,65.0,70.0,73,1000.0,72,65,3,7
59,62,dn2,1,pkg56,67.0,77.0,83,1000.0,88,75,6,13
59,62,dn8,3,pkg57,70.0,76.0,79,1000.0,74.0,70.0,3,4.0
59,69,dn14,5,pkg63,78.0,84.0,95,1000.0,89,79,11,10
59,71,dn9,3,pkg64,76.0,81.0,85,1000.0,87,79,4,8
59,72,dn1,1,pkg58,69.0,79.0,88,1000.0,102,87,9,15
59,72,dn5,2,pkg59,71.0,78.0,80,1000.0,94,83,2,11
59,74,dn6,2,pkg60,73.0,79.0,87,1000.0,118,96,8,22
59,75,dn3,1,pkg61,76.0,82.0,90,1000.0,125,100,8,25
59,79,dn13,5,pkg65,87.0,93.0,102,1000.0,95,87,9,8
59,80,dn15,5,pkg66,89.0,94.0,100,1000.0,95.0,89.0,6,6.0
59,82,dn4,2,pkg62,77.0,84.0,88,1000.0,118,100,4,18
59,82,dn12,4,pkg68,89.0,98.0,103,1000.0,130,106,5,24
59,83,dn7,3,pkg69,89.0,97.0,101,1000.0,99,91,4,8
59,84,dn8,3,pkg70,91.0,97.0,106,1000.0,114,99,9,15
59,85,dn10,4,pkg67,86.0,96.0,105,1000.0,115,100,9,15
59,87,dn9,3,pkg72,93.0,99.0,105,1000.0,95.0,93.0,6,2.0
59,91,dn11,4,pkg71,93.0,99.0,107,1000.0,117,104,8,13
59,96,dn9,3,pkg73,103.0,111.0,119,1000.0,120,108,8,12
60,0,dn1,1,pkg13,5.0,11.0,17,1000.0,22,11,6,11
60,0,dn2,1,pkg4,6.0,15.0,21,1000.0,14,7,6,7
60,0,dn3,1,pkg8,6.0,13.0,21,1000.0,22,11,8,11
60,0,dn4,2,pkg14,7.0,13.0,18,1000.0,14,7,5,7
60,0,dn5,2,pkg3,6.0,16.0,20,1000.0,22,11,4,11
60,0,dn6,2,pkg17,5.0,12.0,20,1000.0,12,6,8,6
60,0,dn7,3,pkg10,7.0,15.0,17,1000.0,26,13,2,13
60,0,dn8,3,pkg12,9.0,15.0,20,1000.0,13.0,9.0,5,4.0
60,0,dn9,3,pkg19,6.0,15.0,20,1000.0,18,9,5,9
60,0,dn10,4,pkg15,7.0,15.0,19,1000.0,50,25,4,25
60,0,dn11,4,pkg20,9.0,15.0,20,1000.0,24,12,5,12
60,0,dn12,4,pkg5,7.0,17.0,21,1000.0,22,11,4,11
60,0,dn13,5,pkg1,6.0,15.0,20,1000.0,12,6,5,6
60,0,dn14,5,pkg16,9.0,18.0,21,1000.0,13.0,9.0,3,4.0
60,0,dn15,5,pkg21,8.0,13.0,22,1000.0,18,9,9,9
60,12,dn6,2,pkg18,10.0,18.0,20,1000.0,28,20,2,8
60,12,dn13,5,pkg6,10.0,20.0,23,1000.0,20,16,3,4
60,13,dn8,3,pkg11,7.0,14.0,21,1000.0,21,17,7,4
60,13,dn14,5,pkg23,10.0,16.0,23,1000.0,27,20,7,7
60,14,dn2,1,pkg9,7.0,16.0,22,1000.0,28,21,6,7
60,14,dn4,2,pkg2,9.0,16.0,24,1000.0,68,41,8,27
60,18,dn9,3,pkg26,22.0,27.0,29,1000.0,36,27,2,9
60,22,dn1,1,pkg25,18.0,28.0,35,1000.0,62,42,7,20
60,22,dn5,2,pkg27,25.0,33.0,35,1000.0,70,46,2,24
60,24,dn8,3,pkg28,33.0,42.0,50,1000.0,44,34,8,10
60,27,dn3,1,pkg29,37.0,45.0,49,1000.0,46.0,37.0,4,9.0
60,31,dn2,1,pkg30,38.0,44.0,50,1000.0,65,48,6,17
60,35,dn11,4,pkg31,40.0,48.0,55,1000.0,53,44,7,9
60,40,dn6,2,pkg32,46.0,52.0,57,1000.0,58,49,5,9
60,41,dn12,4,pkg33,51.0,56.0,61,1000.0,67,54,5,13
60,44,dn13,5,pkg34,52.0,58.0,62,1000.0,56.0,52.0,4,4.0
60,48,dn7,3,pkg35,56.0,65.0,68,1000.0,66,57,3,9
60,51,dn3,1,pkg36,60.0,67.0,68,1000.0,66.0,60.0,1,6.0
60,52,dn8,3,pkg37,61.0,71.0,74,1000.0,66.0,61.0,3,5.0
60,55,dn9,3,pkg38,61.0,66.0,72,1000.0,83,69,6,14
60,57,dn10,4,pkg39,66.0,75.0,83,1000.0,113,85,8,28
60,58,dn13,5,pkg40,67.0,74.0,76,1000.0,69.0,67.0,2,2.0
60,59,dn11,4,pkg41,69.0,78.0,83,1000.0,81,70,5,11
60,60,dn6,2,pkg42,66.0,74.0,80,1000.0,86,73,6,13
60,62,dn1,1,pkg43,68.0,75.0,82,1000.0,106,84,7,22
60,65,dn2,1,pkg45,73.0,78.0,85,1000.0,113,89,7,24
60,66,dn3,1,pkg44,71.0,78.0,86,1000.0,100,83,8,17
60,68,dn4,2,pkg46,77.0,84.0,88,1000.0,120,94,4,26
60,69,dn12,4,pkg47,77.0,83.0,89,1000.0,99,84,6,15
60,70,dn7,3,pkg48,76.0,85.0,93,1000.0,78.0,76.0,8,2.0
60,71,dn13,5,pkg49,81.0,86.0,94,1000.0,91,81,8,10
60,72,dn5,2,pkg50,79.0,87.0,90,1000.0,112,92,3,20
60,73,dn14,5,pkg51,80.0,85.0,90,1000.0,85.0,80.0,5,5.0
60,74,dn8,3,pkg52,80.0,90.0,101,1000.0,122,98,11,24
60,75,dn15,5,pkg53,80.0,85.0,93,1000.0,84.0,80.0,8,4.0
60,80,dn7,3,pkg55,87.0,93.0,102,1000.0,92.0,87.0,9,5.0
60,81,dn11,4,pkg54,88.0,95.0,102,1000.0,95,88,7,7
60,83,dn9,3,pkg56,90.0,96.0,100,1000.0,95.0,90.0,4,5.0
60,84,dn15,5,pkg57,90.0,96.0,100,1000.0,94.0,90.0,4,4.0
60,88,dn6,2,pkg58,96.0,106.0,115,1000.0,138,113,9,25
60,93,dn7,3,pkg61,98.0,104.0,109,1000.0,102.0,98.0,5,4.0
60,95,dn11,4,pkg59,101.0,111.0,113,1000.0,125,110,2,15
60,96,dn9,3,pkg62,101.0,110.0,112,1000.0,112,104,2,8
60,97,dn13,5,pkg63,104.0,112.0,114,1000.0,106.0,104.0,2,2.0
60,99,dn12,4,pkg60,102.0,111.0,115,1000.0,145,122,4,23
61,0,dn1,1,pkg9,5.0,14.0,18,1000.0,34,17,4,17
61,0,dn2,1,pkg16,5.0,10.0,18,1000.0,30,15,8,15
61,0,dn3,1,pkg14,5.0,11.0,19,1000.0,8.0,5.0,8,3.0
61,0,dn4,2,pkg13,10.0,15.0,16,1000.0,32,16,1,16
61,0,dn5,2,pkg21,7.0,12.0,20,1000.0,28,14,8,14
61,0,dn6,2,pkg2,5.0,13.0,21,1000.0,22,11,8,11
61,0,dn7,3,pkg4,5.0,11.0,15,1000.0,28,14,4,14
61,0,dn8,3,pkg17,7.0,16.0,19,1000.0,10.0,7.0,3,3.0
61,0,dn9,3,pkg11,8.0,15.0,22,1000.0,14.0,8.0,7,6.0
61,0,dn10,4,pkg3,6.0,14.0,18,1000.0,34,17,4,17
61,0,dn11,4,pkg15,9.0,14.0,18,1000.0,60,30,4,30
61,0,dn12,4,pkg5,7.0,17.0,23,1000.0,38,19,6,19
61,0,dn13,5,pkg12,8.0,13.0,17,1000.0,11.0,8.0,4,3.0
61,0,dn14,5,pkg20,9.0,16.0,18,1000.0,11.0,9.0,2,2.0
61,0,dn15,5,pkg19,9.0,16.0,19,1000.0,12.0,9.0,3,3.0
61,8,dn3,1,pkg23,6.0,13.0,21,1000.0,54,31,8,23
61,10,dn8,3,pkg22,9.0,15.0,23,1000.0,20,15,8,5
61,11,dn13,5,pkg8,8.0,16.0,24,1000.0,29,20,8,9
61,13,dn14,5,pkg28,21.0,26.0,35,1000.0,33,23,9,10
61,14,dn9,3,pkg1,8.0,16.0,24,1000.0,40,27,8,13
61,18,dn15,5,pkg30,25.0,32.0,39,1000.0,36,27,7,9
61,20,dn8,3,pkg27,20.0,28.0,39,1000.0,52,36,11,16
61,22,dn6,2,pkg26,20.0,26.0,36,1000.0,52,37,10,15
61,28,dn5,2,pkg33,33.0,40.0,50,1000.0,72,50,10,22
61,28,dn7,3,pkg31,26.0,35.0,43,1000.0,44,36,8,8
61,29,dn13,5,pkg34,35.0,41.0,46,1000.0,39.0,35.0,5,4.0
61,30,dn2,1,pkg29,23.0,33.0,40,1000.0,48,39,7,9
61,32,dn4,2,pkg36,38.0,47.0,56,1000.0,54,43,9,11
61,34,dn1,1,pkg32,29.0,38.0,41,1000.0,58,46,3,12
61,34,dn10,4,pkg35,35.0,43.0,47,1000.0,68,51,4,17
61,35,dn14,5,pkg37,40.0,49.0,57,1000.0,55,45,8,10
61,37,dn15,5,pkg38,47.0,54.0,64,1000.0,56.0,47.0,10,9.0
61,38,dn12,4,pkg39,47.0,56.0,65,1000.0,82,60,9,22
61,41,dn9,3,pkg40,49.0,57.0,67,1000.0,59,50,10,9
61,48,dn2,1,pkg43,56.0,63.0,67,1000.0,64,56,4,8
61,52,dn6,2,pkg41,49.0,58.0,60,1000.0,74,63,2,11
61,54,dn4,2,pkg42,51.0,60.0,62,1000.0,96,75,2,21
61,57,dn3,1,pkg46,66.0,72.0,81,1000.0,77,67,9,10
61,60,dn11,4,pkg47,65.0,71.0,79,1000.0,82,71,8,11
61,61,dn7,3,pkg48,68.0,78.0,88,1000.0,89,75,10,14
61,66,dn1,1,pkg49,73.0,80.0,87,1000.0,79.0,73.0,7,6.0
61,68,dn10,4,pkg45,60.0,70.0,81,1000.0,80,74,11,6
61,69,dn2,1,pkg50,76.0,81.0,85,1000.0,85,77,4,8
61,71,dn8,3,pkg52,80.0,89.0,100,1000.0,121,96,11,25
61,72,dn5,2,pkg51,80.0,86.0,89,1000.0,110,91,3,19
61,72,dn9,3,pkg53,79.0,89.0,94,1000.0,92,82,5,10
61,76,dn6,2,pkg54,81.0,89.0,96,1000.0,102,89,7,13
61,77,dn3,1,pkg55,84.0,94.0,104,1000.0,93,85,10,8
61,80,dn1,1,pkg56,90.0,96.0,107,1000.0,94.0,90.0,11,4.0
61,88,dn2,1,pkg58,93.0,99.0,106,1000.0,104,96,7,8
61,91,dn13,5,pkg59,98.0,103.0,111,1000.0,107,99,8,8
61,92,dn10,4,pkg60,99.0,107.0,110,1000.0,138,115,3,23
61,94,dn1,1,pkg61,101.0,109.0,117,1000.0,120,107,8,13
61,96,dn4,2,pkg57,93.0,102.0,107,1000.0,116,106,5,10
61,98,dn3,1,pkg62,106.0,114.0,120,1000.0,132,115,6,17
61,99,dn11,4,pkg63,109.0,116.0,118,1000.0,115.0,109.0,2,6.0
62,0,dn1,1,pkg20,5.0,10.0,13,1000.0,12,6,3,6
62,0,dn2,1,pkg6,5.0,14.0,17,1000.0,36,18,3,18
62,0,dn3,1,pkg22,7.0,16.0,17,1000.0,11.0,7.0,1,4.0
62,0,dn4,2,pkg8,6.0,13.0,17,1000.0,42,21,4,21
62,0,dn5,2,pkg9,5.0,13.0,17,1000.0,36,18,4,18
62,0,dn6,2,pkg4,8.0,14.0,18,1000.0,32,16,4,16
62,0,dn7,3,pkg11,7.0,12.0,14,1000.0,22,11,2,11
62,0,dn8,3,pkg21,9.0,14.0,18,1000.0,14.0,9.0,4,5.0
62,0,dn9,3,pkg5,6.0,12.0,19,1000.0,42,21,7,21
62,0,dn10,4,pkg14,5.0,15.0,17,1000.0,42,21,2,21
62,0,dn11,4,pkg19,6.0,14.0,17,1000.0,38,19,3,19
62,0,dn12,4,pkg1,10.0,15.0,22,1000.0,30,15,7,15
62,0,dn13,5,pkg12,9.0,15.0,19,1000.0,13.0,9.0,4,4.0
62,0,dn14,5,pkg17,8.0,14.0,19,1000.0,13.0,8.0,5,5.0
62,0,dn15,5,pkg7,9.0,16.0,20,1000.0,11.0,9.0,4,2.0
62,11,dn3,1,pkg10,8.0,17.0,20,1000.0,35,23,3,12
62,11,dn15,5,pkg2,9.0,14.0,25,1000.0,35,23,11,12
62,12,dn1,1,pkg13,10.0,19.0,22,1000.0,40,26,3,14
62,13,dn13,5,pkg23,11.0,18.0,25,1000.0,29,21,7,8
62,13,dn14,5,pkg15,10.0,20.0,28,1000.0,35,24,8,11
62,14,dn8,3,pkg3,10.0,17.0,24,1000.0,36,25,7,11
62,22,dn7,3,pkg27,17.0,23.0,29,1000.0,38,30,6,8
62,29,dn13,5,pkg31,25.0,34.0,45,1000.0,51,40,11,11
62,30,dn12,4,pkg29,26.0,35.0,37,1000.0,58,44,2,14
62,32,dn6,2,pkg33,29.0,35.0,43,1000.0,70,51,8,19
62,35,dn3,1,pkg30,27.0,36.0,40,1000.0,71,53,4,18
62,35,dn14,5,pkg36,32.0,40.0,46,1000.0,43,39,6,4
62,35,dn15,5,pkg34,34.0,39.0,48,1000.0,65,50,9,15
62,36,dn2,1,pkg35,31.0,39.0,43,1000.0,68,52,4,16
62,36,dn5,2,pkg41,42.0,52.0,62,1000.0,72,54,10,18
62,37,dn8,3,pkg43,46.0,52.0,56,1000.0,54.0,46.0,4,8.0
62,38,dn11,4,pkg37,37.0,47.0,51,1000.0,58,48,4,10
62,40,dn1,1,pkg38,37.0,46.0,48,1000.0,62,51,2,11
62,42,dn4,2,pkg46,49.0,55.0,66,1000.0,80,61,11,19
62,42,dn10,4,pkg45,51.0,60.0,68,1000.0,58.0,51.0,8,7.0
62,43,dn7,3,pkg47,53.0,62.0,73,1000.0,54.0,53.0,11,1.0
62,43,dn14,5,pkg40,39.0,47.0,51,1000.0,49,46,4,3
62,47,dn9,3,pkg50,53.0,58.0,67,1000.0,59,53,9,6
62,49,dn14,5,pkg44,44.0,50.0,58,1000.0,65,57,8,8
62,51,dn13,5,pkg52,57.0,63.0,70,1000.0,63,57,7,6
62,54,dn7,3,pkg53,62.0,70.0,78,1000.0,63.0,62.0,8,1.0
62,58,dn10,4,pkg49,52.0,61.0,64,1000.0,80,69,3,11
62,58,dn11,4,pkg48,53.0,60.0,66,1000.0,118,88,6,30
62,60,dn12,4,pkg55,68.0,78.0,83,1000.0,80,70,5,10
62,62,dn1,1,pkg54,64.0,70.0,75,1000.0,84,73,5,11
62,63,dn7,3,pkg57,71.0,78.0,88,1000.0,78.0,71.0,10,7.0
62,64,dn8,3,pkg58,70.0,76.0,83,1000.0,78,71,7,7
62,70,dn6,2,pkg60,78.0,85.0,87,1000.0,96,83,2,13
62,70,dn9,3,pkg61,76.0,84.0,87,1000.0,81.0,76.0,3,5.0
62,72,dn2,1,pkg62,77.0,84.0,88,1000.0,92,82,4,10
62,72,dn5,2,pkg59,72.0,77.0,88,1000.0,118,95,11,23
62,75,dn3,1,pkg63,80.0,87.0,89,1000.0,95,85,2,10
62,80,dn4,2,pkg64,85.0,92.0,101,1000.0,118,99,9,19
62,80,dn10,4,pkg65,85.0,91.0,102,1000.0,94,87,11,7
62,82,dn12,4,pkg66,87.0,96.0,106,1000.0,116,99,10,17
62,85,dn1,1,pkg68,94.0,104.0,111,1000.0,121,103,7,18
62,91,dn7,3,pkg71,101.0,111.0,120,1000.0,104.0,101.0,9,3.0
62,92,dn2,1,pkg69,92.0,98.0,103,1000.0,124,108,5,16
62,92,dn8,3,pkg72,98.0,106.0,112,1000.0,106,99,6,7
62,94,dn10,4,pkg70,97.0,102.0,109,1000.0,122,108,7,14
62,97,dn3,1,pkg73,104.0,112.0,121,1000.0,133,115,9,18
62,98,dn6,2,pkg74,106.0,115.0,126,1000.0,118,108,11,10
62,99,dn9,3,pkg75,106.0,116.0,123,1000.0,109.0,106.0,7,3.0
63,0,dn1,1,pkg16,7.0,14.0,16,1000.0,24,12,2,12
63,0,dn2,1,pkg15,6.0,14.0,17,1000.0,22,11,3,11
63,0,dn3,1,pkg11,7.0,12.0,18,1000.0,26,13,6,13
63,0,dn4,2,pkg13,5.0,13.0,17,1000.0,26,13,4,13
63,0,dn5,2,pkg21,8.0,13.0,19,1000.0,36,18,6,18
63,0,dn6,2,pkg5,5.0,13.0,20,1000.0,18,9,7,9
63,0,dn7,3,pkg3,6.0,12.0,14,1000.0,22,11,2,11
63,0,dn8,3,pkg1,6.0,13.0,15,1000.0,11.0,6.0,2,5.0
63,0,dn9,3,pkg18,9.0,14.0,15,1000.0,15.0,9.0,1,6.0
63,0,dn10,4,pkg14,7.0,13.0,15,1000.0,20,10,2,10
63,0,dn11,4,pkg7,5.0,14.0,19,1000.0,52,26,5,26
63,0,dn12,4,pkg12,6.0,15.0,20,1000.0,14,7,5,7
63,0,dn13,5,pkg4,8.0,13.0,14,1000.0,9.0,8.0,1,1.0
63,0,dn14,5,pkg20,6.0,12.0,17,1000.0,12,6,5,6
63,0,dn15,5,pkg17,7.0,16.0,18,1000.0,9.0,7.0,2,2.0
63,9,dn13,5,pkg9,6.0,14.0,22,1000.0,23,16,8,7
63,9,dn15,5,pkg2,8.0,15.0,25,1000.0,33,21,10,12
63,11,dn8,3,pkg10,10.0,19.0,26,1000.0,39,25,7,14
63,12,dn14,5,pkg28,15.0,25.0,28,1000.0,17.0,15.0,3,2.0
63,14,dn12,4,pkg8,10.0,15.0,22,1000.0,42,28,7,14
63,15,dn9,3,pkg19,8.0,17.0,26,1000.0,29,22,9,7
63,17,dn14,5,pkg26,18.0,23.0,32,1000.0,29,23,9,6
63,18,dn6,2,pkg23,10.0,20.0,29,1000.0,50,34,9,16
63,20,dn10,4,pkg27,19.0,26.0,28,1000.0,68,44,2,24
63,22,dn2,1,pkg31,21.0,30.0,35,1000.0,60,41,5,19
63,22,dn7,3,pkg32,22.0,31.0,35,1000.0,36,29,4,7
63,23,dn13,5,pkg34,31.0,37.0,42,1000.0,35.0,31.0,5,4.0
63,26,dn4,2,pkg29,18.0,28.0,30,1000.0,50,38,2,12
63,27,dn1,1,pkg36,32.0,39.0,40,1000.0,45,36,1,9
63,29,dn9,3,pkg33,27.0,33.0,40,1000.0,69,49,7,20
63,29,dn14,5,pkg35,36.0,46.0,52,1000.0,41.0,36.0,6,5.0
63,30,dn3,1,pkg37,38.0,47.0,55,1000.0,50,40,8,10
63,33,dn15,5,pkg39,38.0,48.0,54,1000.0,51,42,6,9
63,35,dn13,5,pkg40,44.0,51.0,58,1000.0,51.0,44.0,7,7.0
63,36,dn5,2,pkg38,38.0,43.0,50,1000.0,58,47,7,11
63,38,dn7,3,pkg42,46.0,53.0,59,1000.0,54,46,6,8
63,39,dn8,3,pkg43,47.0,53.0,62,1000.0,61,50,9,11
63,43,dn14,5,pkg44,48.0,58.0,66,1000.0,67,55,8,12
63,45,dn1,1,pkg45,51.0,58.0,62,1000.0,55.0,51.0,4,4.0
63,50,dn4,2,pkg41,45.0,54.0,57,1000.0,84,67,3,17
63,50,dn6,2,pkg46,58.0,67.0,77,1000.0,94,72,10,22
63,51,dn3,1,pkg47,60.0,67.0,71,1000.0,87,69,4,18
63,53,dn11,4,pkg49,61.0,67.0,76,1000.0,83,68,9,15
63,54,dn12,4,pkg50,64.0,72.0,81,1000.0,80,67,9,13
63,58,dn5,2,pkg51,61.0,66.0,70,1000.0,108,83,4,25
63,58,dn7,3,pkg52,67.0,74.0,78,1000.0,74.0,67.0,4,7.0
63,62,dn8,3,pkg54,68.0,76.0,79,1000.0,71.0,68.0,3,3.0
63,65,dn13,5,pkg55,74.0,82.0,92,1000.0,87,76,10,11
63,66,dn1,1,pkg56,74.0,83.0,89,1000.0,78.0,74.0,6,4.0
63,68,dn2,1,pkg58,77.0,86.0,88,1000.0,82.0,77.0,2,5.0
63,68,dn10,4,pkg53,69.0,75.0,81,1000.0,104,86,6,18
63,69,dn9,3,pkg59,74.0,82.0,90,1000.0,79,74,8,5
63,71,dn8,3,pkg60,78.0,88.0,95,1000.0,93,82,7,11
63,72,dn14,5,pkg61,81.0,90.0,95,1000.0,83.0,81.0,5,2.0
63,78,dn1,1,pkg63,86.0,94.0,101,1000.0,118,98,7,20
63,80,dn12,4,pkg62,79.0,84.0,94,1000.0,132,106,10,26
63,82,dn2,1,pkg67,91.0,101.0,108,1000.0,94.0,91.0,7,3.0
63,83,dn11,4,pkg66,91.0,101.0,105,1000.0,137,110,4,27
63,84,dn4,2,pkg64,89.0,96.0,99,1000.0,126,105,3,21
63,84,dn7,3,pkg69,89.0,97.0,106,1000.0,106,95,9,11
63,86,dn9,3,pkg70,95.0,103.0,107,1000.0,108,97,4,11
63,87,dn13,5,pkg71,95.0,105.0,113,1000.0,109,98,8,11
63,89,dn14,5,pkg73,99.0,104.0,113,1000.0,108.0,99.0,9,9.0
63,91,dn15,5,pkg75,98.0,107.0,112,1000.0,103.0,98.0,5,5.0
63,94,dn6,2,pkg65,90.0,99.0,101,1000.0,118,106,2,12
63,94,dn8,3,pkg76,101.0,106.0,113,1000.0,104.0,101.0,7,3.0
63,95,dn2,1,pkg77,102.0,109.0,120,1000.0,105.0,102.0,11,3.0
63,98,dn3,1,pkg79,107.0,112.0,122,1000.0,116,107,10,9
64,0,dn1,1,pkg19,7.0,17.0,20,1000.0,24,12,3,12
64,0,dn2,1,pkg21,5.0,14.0,20,1000.0,10,5,6,5
64,0,dn3,1,pkg5,5.0,12.0,22,1000.0,7.0,5.0,10,2.0
64,0,dn4,2,pkg22,6.0,12.0,14,1000.0,16,8,2,8
64,0,dn5,2,pkg4,5.0,11.0,19,1000.0,14,7,8,7
64,0,dn6,2,pkg7,8.0,14.0,20,1000.0,28,14,6,14
64,0,dn7,3,pkg18,5.0,11.0,13,1000.0,14,7,2,7
64,0,dn8,3,pkg8,6.0,11.0,14,1000.0,10.0,6.0,3,4.0
64,0,dn9,3,pkg14,6.0,14.0,17,1000.0,12,6,3,6
64,0,dn10,4,pkg1,10.0,16.0,18,1000.0,15.0,10.0,2,5.0
64,0,dn11,4,pkg16,8.0,17.0,18,1000.0,26,13,1,13
64,0,dn13,5,pkg11,5.0,11.0,14,1000.0,10,5,3,5
64,0,dn14,5,pkg17,5.0,13.0,20,1000.0,22,11,7,11
64,0,dn15,5,pkg13,9.0,19.0,25,1000.0,18,9,6,9
64,3,dn12,4,pkg23,9.0,17.0,19,1000.0,29,16,2,13
64,7,dn3,1,pkg25,11.0,18.0,25,1000.0,14.0,11.0,7,3.0
64,10,dn2,1,pkg26,15.0,21.0,30,1000.0,16.0,15.0,9,1.0
64,10,dn8,3,pkg6,10.0,15.0,20,1000.0,32,21,5,11
64,10,dn13,5,pkg12,9.0,18.0,28,1000.0,30,20,10,10
64,12,dn9,3,pkg9,10.0,15.0,23,1000.0,42,27,8,15
64,14,dn5,2,pkg2,8.0,15.0,22,1000.0,68,41,7,27
64,14,dn7,3,pkg15,9.0,18.0,25,1000.0,48,31,7,17
64,16,dn2,1,pkg32,22.0,29.0,37,1000.0,30,23,8,7
64,16,dn4,2,pkg3,9.0,19.0,24,1000.0,42,29,5,13
64,18,dn3,1,pkg33,25.0,35.0,40,1000.0,36,27,5,9
64,18,dn15,5,pkg27,16.0,24.0,33,1000.0,40,29,9,11
64,22,dn14,5,pkg29,19.0,26.0,34,1000.0,38,30,8,8
64,24,dn1,1,pkg34,25.0,34.0,43,1000.0,34,29,9,5
64,28,dn6,2,pkg31,23.0,30.0,39,1000.0,62,45,9,17
64,30,dn13,5,pkg35,28.0,34.0,44,1000.0,50,40,10,10
64,32,dn8,3,pkg37,32.0,38.0,41,1000.0,44,38,3,6
64,36,dn1,1,pkg39,43.0,49.0,53,1000.0,48.0,43.0,4,5.0
64,37,dn2,1,pkg40,46.0,56.0,59,1000.0,57,47,3,10
64,38,dn3,1,pkg41,46.0,56.0,62,1000.0,52.0,46.0,6,6.0
64,39,dn14,5,pkg42,45.0,55.0,66,1000.0,65,52,11,13
64,40,dn10,4,pkg43,47.0,52.0,56,1000.0,80,60,4,20
64,42,dn4,2,pkg44,47.0,55.0,59,1000.0,88,65,4,23
64,43,dn9,3,pkg45,51.0,59.0,66,1000.0,61,52,7,9
64,47,dn11,4,pkg48,56.0,61.0,71,1000.0,64.0,56.0,10,8.0
64,50,dn7,3,pkg50,58.0,67.0,69,1000.0,70,60,2,10
64,53,dn1,1,pkg51,61.0,68.0,72,1000.0,83,68,4,15
64,57,dn8,3,pkg52,65.0,73.0,83,1000.0,77,67,10,10
64,60,dn13,5,pkg53,68.0,78.0,87,1000.0,86,73,9,13
64,61,dn2,1,pkg54,71.0,79.0,87,1000.0,91,76,8,15
64,62,dn6,2,pkg47,55.0,64.0,67,1000.0,114,88,3,26
64,63,dn3,1,pkg55,69.0,77.0,85,1000.0,75,69,8,6
64,66,dn9,3,pkg56,73.0,83.0,86,1000.0,92,79,3,13
64,67,dn11,4,pkg57,75.0,80.0,90,1000.0,79.0,75.0,10,4.0
64,70,dn7,3,pkg58,78.0,85.0,96,1000.0,81.0,78.0,11,3.0
64,71,dn14,5,pkg59,79.0,89.0,94,1000.0,84.0,79.0,5,5.0
64,72,dn5,2,pkg60,77.0,87.0,94,1000.0,110,91,7,19
64,73,dn12,4,pkg61,81.0,88.0,95,1000.0,97,85,7,12
64,77,dn3,1,pkg62,87.0,94.0,102,1000.0,93.0,87.0,8,6.0
64,80,dn8,3,pkg64,90.0,96.0,105,1000.0,106,93,9,13
64,84,dn1,1,pkg65,90.0,99.0,104,1000.0,94.0,90.0,5,4.0
64,85,dn14,5,pkg66,92.0,100.0,107,1000.0,98.0,92.0,7,6.0
64,88,dn4,2,pkg63,88.0,95.0,105,1000.0,126,107,10,19
64,90,dn7,3,pkg67,95.0,104.0,110,1000.0,97.0,95.0,6,2.0
64,91,dn2,1,pkg68,97.0,104.0,108,1000.0,107,99,4,8
64,94,dn9,3,pkg69,99.0,104.0,113,1000.0,130,112,9,18
64,98,dn7,3,pkg70,103.0,109.0,116,1000.0,116,107,7,9
65,0,dn1,1,pkg15,6.0,12.0,16,1000.0,18,9,4,9
65,0,dn2,1,pkg8,5.0,10.0,19,1000.0,6.0,5.0,9,1.0
65,0,dn3,1,pkg9,9.0,15.0,19,1000.0,12.0,9.0,4,3.0
65,0,dn4,2,pkg3,6.0,13.0,17,1000.0,32,16,4,16
65,0,dn5,2,pkg10,7.0,13.0,17,1000.0,22,11,4,11
65,0,dn6,2,pkg2,9.0,16.0,19,1000.0,30,15,3,15
65,0,dn7,3,pkg16,8.0,14.0,15,1000.0,20,10,1,10
65,0,dn8,3,pkg4,8.0,13.0,16,1000.0,26,13,3,13
65,0,dn9,3,pkg7,9.0,15.0,17,1000.0,24,12,2,12
65,0,dn10,4,pkg19,5.0,15.0,18,1000.0,30,15,3,15
65,0,dn11,4,pkg12,10.0,15.0,19,1000.0,20,10,4,10
65,0,dn12,4,pkg6,8.0,15.0,24,1000.0,24,12,9,12
65,0,dn13,5,pkg13,9.0,14.0,16,1000.0,10.0,9.0,2,1.0
65,0,dn14,5,pkg18,10.0,18.0,20,1000.0,12.0,10.0,2,2.0
65,0,dn15,5,pkg20,5.0,14.0,20,1000.0,18,9,6,9
65,6,dn2,1,pkg11,8.0,15.0,19,1000.0,22,14,4,8
65,10,dn13,5,pkg23,8.0,13.0,20,1000.0,26,18,7,8
65,12,dn3,1,pkg21,10.0,17.0,22,1000.0,30,21,5,9
65,12,dn14,5,pkg1,9.0,19.0,21,1000.0,18,15,2,3
65,18,dn1,1,pkg25,10.0,20.0,22,1000.0,28,23,2,5
65,18,dn14,5,pkg26,14.0,20.0,26,1000.0,28,23,6,5
65,18,dn15,5,pkg24,13.0,19.0,27,1000.0,32,25,8,7
65,20,dn7,3,pkg29,20.0,27.0,29,1000.0,38,29,2,9
65,20,dn11,4,pkg31,23.0,28.0,30,1000.0,60,40,2,20
65,22,dn2,1,pkg32,22.0,31.0,32,1000.0,52,37,1,15
65,22,dn5,2,pkg28,18.0,25.0,32,1000.0,56,39,7,17
65,24,dn9,3,pkg30,20.0,27.0,29,1000.0,40,32,2,8
65,24,dn12,4,pkg35,29.0,36.0,45,1000.0,48,36,9,12
65,26,dn8,3,pkg33,23.0,31.0,39,1000.0,44,35,8,9
65,26,dn13,5,pkg34,25.0,32.0,33,1000.0,28,27,1,1
65,28,dn1,1,pkg36,27.0,34.0,40,1000.0,38,33,6,5
65,28,dn13,5,pkg37,33.0,38.0,48,1000.0,48,38,10,10
65,28,dn14,5,pkg38,30.0,39.0,49,1000.0,62,45,10,17
65,30,dn3,1,pkg41,35.0,44.0,48,1000.0,64,47,4,17
65,30,dn6,2,pkg42,38.0,45.0,53,1000.0,46,38,8,8
65,30,dn10,4,pkg39,36.0,46.0,51,1000.0,66,48,5,18
65,32,dn15,5,pkg40,35.0,45.0,52,1000.0,44,38,7,6
65,36,dn4,2,pkg45,41.0,48.0,52,1000.0,58,47,4,11
65,38,dn1,1,pkg44,41.0,47.0,52,1000.0,74,56,5,18
65,38,dn7,3,pkg43,41.0,49.0,58,1000.0,48,43,9,5
65,40,dn9,3,pkg46,44.0,54.0,61,1000.0,45.0,44.0,7,1.0
65,44,dn8,3,pkg49,48.0,55.0,62,1000.0,54,49,7,5
65,44,dn15,5,pkg48,49.0,54.0,56,1000.0,50.0,49.0,2,1.0
65,46,dn6,2,pkg47,43.0,50.0,58,1000.0,68,57,8,11
65,48,dn12,4,pkg51,56.0,63.0,74,1000.0,68,58,11,10
65,56,dn2,1,pkg53,66.0,75.0,81,1000.0,74.0,66.0,6,8.0
65,56,dn5,2,pkg52,56.0,61.0,65,1000.0,96,76,4,20
65,58,dn4,2,pkg50,55.0,64.0,74,1000.0,108,83,10,25
65,60,dn11,4,pkg54,70.0,80.0,90,1000.0,78.0,70.0,10,8.0
65,64,dn3,1,pkg56,73.0,79.0,85,1000.0,84,74,6,10
65,64,dn7,3,pkg57,69.0,76.0,78,1000.0,80,72,2,8
65,66,dn10,4,pkg55,71.0,79.0,85,1000.0,80,73,6,7
65,67,dn8,3,pkg58,74.0,84.0,89,1000.0,91,79,5,12
65,69,dn13,5,pkg59,75.0,82.0,92,1000.0,103,86,10,17
65,70,dn6,2,pkg60,78.0,83.0,90,1000.0,126,98,7,28
65,71,dn12,4,pkg61,81.0,91.0,95,1000.0,125,98,4,27
65,72,dn9,3,pkg62,78.0,85.0,94,1000.0,118,95,9,23
65,73,dn14,5,pkg63,80.0,89.0,97,1000.0,93,83,8,10
65,75,dn1,1,pkg64,85.0,92.0,96,1000.0,105,90,4,15
65,76,dn15,5,pkg65,86.0,93.0,100,1000.0,93.0,86.0,7,7.0
65,80,dn7,3,pkg66,84.0,89.0,94,1000.0,90,85,5,5
65,85,dn2,1,pkg69,95.0,101.0,106,1000.0,117,101,5,16
65,90,dn7,3,pkg67,86.0,94.0,99,1000.0,110,100,5,10
65,91,dn8,3,pkg68,88.0,93.0,99,1000.0,119,105,6,14
65,92,dn3,1,pkg72,99.0,108.0,113,1000.0,124,108,5,16
65,93,dn10,4,pkg73,102.0,111.0,117,1000.0,110.0,102.0,6,8.0
65,93,dn14,5,pkg70,91.0,100.0,107,1000.0,115,104,7,11
65,96,dn5,2,pkg71,101.0,109.0,115,1000.0,132,114,6,18
65,96,dn11,4,pkg74,105.0,114.0,123,1000.0,116,106,9,10
65,98,dn15,5,pkg75,105.0,115.0,123,1000.0,124,111,8,13
66,0,dn1,1,pkg19,5.0,11.0,17,1000.0,14,7,6,7
66,0,dn2,1,pkg3,8.0,13.0,18,1000.0,12.0,8.0,5,4.0
66,0,dn3,1,pkg4,5.0,10.0,20,1000.0,10,5,10,5
66,0,dn4,2,pkg14,5.0,15.0,20,1000.0,30,15,5,15
66,0,dn5,2,pkg12,8.0,14.0,21,1000.0,44,22,7,22
66,0,dn6,2,pkg22,7.0,14.0,21,1000.0,46,23,7,23
66,0,dn7,3,pkg8,6.0,13.0,16,1000.0,24,12,3,12
66,0,dn8,3,pkg16,5.0,14.0,16,1000.0,8.0,5.0,2,3.0
66,0,dn9,3,pkg17,6.0,14.0,16,1000.0,20,10,2,10
66,0,dn10,4,pkg7,9.0,16.0,17,1000.0,15.0,9.0,1,6.0
66,0,dn11,4,pkg13,7.0,15.0,26,1000.0,12.0,7.0,11,5.0
66,0,dn12,4,pkg2,8.0,17.0,27,1000.0,14.0,8.0,10,6.0
66,0,dn13,5,pkg10,5.0,15.0,18,1000.0,8.0,5.0,3,3.0
66,0,dn14,5,pkg9,6.0,15.0,19,1000.0,10.0,6.0,4,4.0
66,0,dn15,5,pkg1,9.0,15.0,21,1000.0,20,10,6,10
66,8,dn8,3,pkg6,5.0,15.0,20,1000.0,24,16,5,8
66,8,dn13,5,pkg25,9.0,14.0,17,1000.0,14,11,3,3
66,10,dn3,1,pkg5,10.0,18.0,21,1000.0,24,17,3,7
66,10,dn14,5,pkg26,12.0,17.0,25,1000.0,34,22,8,12
66,12,dn2,1,pkg27,11.0,16.0,22,1000.0,28,20,6,8
66,12,dn11,4,pkg11,8.0,18.0,28,1000.0,32,22,10,10
66,14,dn1,1,pkg28,12.0,19.0,24,1000.0,32,23,5,9
66,14,dn12,4,pkg30,16.0,25.0,28,1000.0,56,35,3,21
66,14,dn13,5,pkg18,9.0,19.0,28,1000.0,42,28,9,14
66,15,dn10,4,pkg31,20.0,26.0,30,1000.0,39,27,4,12
66,20,dn9,3,pkg29,18.0,25.0,32,1000.0,32,26,7,6
66,20,dn15,5,pkg35,30.0,36.0,44,1000.0,42,31,8,11
66,24,dn3,1,pkg32,20.0,26.0,36,1000.0,54,39,10,15
66,24,dn7,3,pkg36,32.0,41.0,48,1000.0,50,37,7,13
66,27,dn8,3,pkg38,33.0,40.0,51,1000.0,38.0,33.0,11,5.0
66,28,dn2,1,pkg34,26.0,36.0,47,1000.0,72,50,11,22
66,30,dn4,2,pkg33,26.0,32.0,34,1000.0,58,44,2,14
66,32,dn1,1,pkg37,36.0,42.0,47,1000.0,52,42,5,10
66,32,dn9,3,pkg40,34.0,39.0,45,1000.0,50,41,6,9
66,32,dn11,4,pkg41,42.0,51.0,56,1000.0,76,54,5,22
66,34,dn14,5,pkg43,40.0,48.0,53,1000.0,44.0,40.0,5,4.0
66,38,dn8,3,pkg44,42.0,47.0,55,1000.0,60,49,8,11
66,39,dn10,4,pkg42,43.0,50.0,60,1000.0,67,53,10,14
66,42,dn13,5,pkg47,47.0,53.0,56,1000.0,52,47,3,5
66,44,dn5,2,pkg46,44.0,54.0,58,1000.0,92,68,4,24
66,46,dn6,2,pkg45,46.0,53.0,62,1000.0,68,57,9,11
66,50,dn7,3,pkg49,52.0,62.0,73,1000.0,66,58,11,8
66,51,dn9,3,pkg51,57.0,67.0,71,1000.0,65,58,4,7
66,52,dn1,1,pkg48,50.0,57.0,66,1000.0,78,65,9,13
66,53,dn13,5,pkg52,63.0,70.0,76,1000.0,72.0,63.0,6,9.0
66,56,dn12,4,pkg50,54.0,62.0,69,1000.0,82,69,7,13
66,58,dn4,2,pkg53,64.0,70.0,71,1000.0,92,75,1,17
66,60,dn3,1,pkg54,67.0,77.0,85,1000.0,82,71,8,11
66,66,dn7,3,pkg57,71.0,78.0,82,1000.0,102,84,4,18
66,67,dn10,4,pkg56,70.0,80.0,90,1000.0,85,76,10,9
66,72,dn2,1,pkg55,70.0,78.0,84,1000.0,92,82,6,10
66,74,dn6,2,pkg58,83.0,90.0,100,1000.0,91.0,83.0,10,8.0
66,76,dn8,3,pkg59,81.0,88.0,99,1000.0,100,88,11,12
66,78,dn9,3,pkg60,86.0,93.0,99,1000.0,90.0,86.0,6,4.0
66,79,dn1,1,pkg61,87.0,94.0,102,1000.0,115,97,8,18
66,80,dn13,5,pkg62,86.0,93.0,95,1000.0,87.0,86.0,2,1.0
66,81,dn11,4,pkg63,90.0,98.0,107,1000.0,101,91,9,10
66,84,dn3,1,pkg64,93.0,98.0,104,1000.0,98.0,93.0,6,5.0
66,86,dn14,5,pkg65,94.0,101.0,110,1000.0,100.0,94.0,9,6.0
66,87,dn13,5,pkg66,97.0,106.0,112,1000.0,103.0,97.0,6,6.0
66,89,dn15,5,pkg67,96.0,106.0,112,1000.0,100.0,96.0,6,4.0
66,92,dn2,1,pkg68,102.0,108.0,112,1000.0,116,104,4,12
66,93,dn4,2,pkg69,102.0,111.0,113,1000.0,123,108,2,15
66,94,dn5,2,pkg70,101.0,108.0,114,1000.0,136,115,6,21
66,95,dn6,2,pkg71,102.0,111.0,115,1000.0,121,108,4,13
67,0,dn1,1,pkg1,9.0,15.0,18,1000.0,22,11,3,11
67,0,dn2,1,pkg16,5.0,12.0,18,1000.0,10,5,6,5
67,0,dn3,1,pkg2,8.0,18.0,19,1000.0,32,16,1,16
67,0,dn4,2,pkg8,6.0,13.0,16,1000.0,40,20,3,20
67,0,dn5,2,pkg14,9.0,16.0,18,1000.0,36,18,2,18
67,0,dn6,2,pkg7,9.0,14.0,20,1000.0,44,22,6,22
67,0,dn7,3,pkg11,5.0,10.0,12,1000.0,8.0,5.0,2,3.0
67,0,dn8,3,pkg18,9.0,14.0,16,1000.0,15.0,9.0,2,6.0
67,0,dn9,3,pkg20,6.0,12.0,16,1000.0,12,6,4,6
67,0,dn10,4,pkg13,10.0,16.0,21,1000.0,42,21,5,21
67,0,dn11,4,pkg5,8.0,17.0,24,1000.0,38,19,7,19
67,0,dn12,4,pkg19,8.0,16.0,26,1000.0,38,19,10,19
67,0,dn13,5,pkg17,9.0,17.0,19,1000.0,12.0,9.0,2,3.0
67,0,dn14,5,pkg9,10.0,18.0,20,1000.0,11.0,10.0,2,1.0
67,0,dn15,5,pkg4,6.0,16.0,21,1000.0,10.0,6.0,5,4.0
67,8,dn7,3,pkg25,10.0,15.0,19,1000.0,20,14,4,6
67,10,dn2,1,pkg23,7.0,13.0,19,1000.0,20,15,6,5
67,10,dn15,5,pkg15,10.0,20.0,26,1000.0,26,18,6,8
67,11,dn14,5,pkg10,10.0,19.0,28,1000.0,23,17,9,6
67,12,dn9,3,pkg3,8.0,14.0,21,1000.0,52,32,7,20
67,15,dn8,3,pkg21,7.0,16.0,25,1000.0,57,36,9,21
67,17,dn13,5,pkg31,26.0,32.0,38,1000.0,28.0,26.0,6,2.0
67,20,dn2,1,pkg27,17.0,26.0,30,1000.0,50,35,4,15
67,20,dn7,3,pkg28,17.0,24.0,34,1000.0,52,36,10,16
67,23,dn1,1,pkg32,29.0,34.0,40,1000.0,35,29,6,6
67,27,dn14,5,pkg33,34.0,42.0,44,1000.0,37.0,34.0,2,3.0
67,32,dn3,1,pkg34,37.0,45.0,52,1000.0,58,45,7,13
67,33,dn13,5,pkg35,43.0,52.0,62,1000.0,53,43,10,10
67,35,dn15,5,pkg37,40.0,45.0,56,1000.0,49,42,11,7
67,36,dn1,1,pkg38,41.0,51.0,55,1000.0,60,48,4,12
67,36,dn5,2,pkg36,43.0,51.0,53,1000.0,62,49,2,13
67,40,dn4,2,pkg39,46.0,56.0,60,1000.0,72,56,4,16
67,42,dn14,5,pkg40,47.0,54.0,55,1000.0,48.0,47.0,1,1.0
67,43,dn10,4,pkg41,48.0,55.0,60,1000.0,85,64,5,21
67,45,dn11,4,pkg42,52.0,61.0,71,1000.0,61,53,10,8
67,49,dn6,2,pkg43,56.0,62.0,65,1000.0,79,64,3,15
67,52,dn2,1,pkg44,60.0,65.0,72,1000.0,74,63,7,11
67,54,dn12,4,pkg45,60.0,70.0,80,1000.0,74,64,10,10
67,56,dn13,5,pkg46,63.0,72.0,78,1000.0,67.0,63.0,6,4.0
67,58,dn3,1,pkg47,67.0,77.0,81,1000.0,74.0,67.0,4,7.0
67,61,dn1,1,pkg49,70.0,80.0,88,1000.0,81,71,8,10
67,61,dn11,4,pkg48,66.0,75.0,78,1000.0,101,81,3,20
67,62,dn7,3,pkg50,71.0,77.0,87,1000.0,73.0,71.0,10,2.0
67,65,dn8,3,pkg52,74.0,84.0,92,1000.0,77.0,74.0,8,3.0
67,66,dn9,3,pkg53,74.0,79.0,83,1000.0,77.0,74.0,4,3.0
67,67,dn13,5,pkg54,74.0,82.0,87,1000.0,83,75,5,8
67,71,dn5,2,pkg55,81.0,86.0,97,1000.0,107,89,11,18
67,74,dn2,1,pkg51,70.0,76.0,83,1000.0,112,93,7,19
67,77,dn3,1,pkg56,87.0,96.0,106,1000.0,111,94,10,17
67,79,dn12,4,pkg57,89.0,95.0,97,1000.0,135,107,2,28
67,80,dn4,2,pkg58,90.0,99.0,105,1000.0,99.0,90.0,6,9.0
67,82,dn6,2,pkg59,90.0,98.0,99,1000.0,114,98,1,16
67,83,dn1,1,pkg60,88.0,97.0,101,1000.0,109,96,4,13
67,86,dn10,4,pkg61,96.0,105.0,108,1000.0,106,96,3,10
67,87,dn7,3,pkg62,96.0,104.0,113,1000.0,107,97,9,10
67,94,dn8,3,pkg64,99.0,104.0,112,1000.0,128,111,8,17
67,99,dn4,2,pkg63,99.0,108.0,111,1000.0,133,116,3,17
67,99,dn9,3,pkg66,104.0,114.0,125,1000.0,149,124,11,25
68,0,dn1,1,pkg7,5.0,12.0,16,1000.0,18,9,4,9
68,0,dn2,1,pkg16,5.0,10.0,16,1000.0,18,9,6,9
68,0,dn3,1,pkg12,8.0,14.0,20,1000.0,22,11,6,11
68,0,dn4,2,pkg19,7.0,13.0,16,1000.0,34,17,3,17
68,0,dn5,2,pkg2,6.0,15.0,18,1000.0,16,8,3,8
68,0,dn6,2,pkg4,8.0,15.0,18,1000.0,36,18,3,18
68,0,dn7,3,pkg21,9.0,15.0,17,1000.0,16.0,9.0,2,7.0
68,0,dn8,3,pkg15,6.0,15.0,21,1000.0,20,10,6,10
68,0,dn9,3,pkg6,8.0,17.0,24,1000.0,10.0,8.0,7,2.0
68,0,dn10,4,pkg10,6.0,12.0,16,1000.0,14,7,4,7
68,0,dn11,4,pkg8,5.0,13.0,17,1000.0,22,11,4,11
68,0,dn12,4,pkg13,9.0,17.0,19,1000.0,30,15,2,15
68,0,dn13,5,pkg1,9.0,15.0,18,1000.0,12.0,9.0,3,3.0
68,0,dn14,5,pkg3,8.0,18.0,24,1000.0,15.0,8.0,6,7.0
68,0,dn15,5,pkg17,10.0,20.0,29,1000.0,18.0,10.0,9,8.0
68,10,dn9,3,pkg11,7.0,14.0,25,1000.0,36,23,11,13
68,12,dn13,5,pkg23,11.0,21.0,28,1000.0,20,16,7,4
68,14,dn10,4,pkg18,8.0,16.0,21,1000.0,30,22,5,8
68,15,dn14,5,pkg25,11.0,21.0,28,1000.0,19,17,7,2
68,16,dn5,2,pkg14,10.0,18.0,25,1000.0,60,38,7,22
68,16,dn7,3,pkg26,16.0,24.0,26,1000.0,28,22,2,6
68,18,dn1,1,pkg24,11.0,19.0,23,1000.0,44,31,4,13
68,18,dn2,1,pkg27,15.0,20.0,24,1000.0,46,32,4,14
68,18,dn15,5,pkg29,16.0,25.0,30,1000.0,28,23,5,5
68,19,dn14,5,pkg28,19.0,28.0,36,1000.0,43,31,8,12
68,20,dn8,3,pkg33,24.0,33.0,42,1000.0,56,38,9,18
68,20,dn13,5,pkg31,24.0,33.0,37,1000.0,28,24,4,4
68,22,dn3,1,pkg34,26.0,31.0,32,1000.0,52,37,1,15
68,22,dn11,4,pkg36,31.0,41.0,48,1000.0,44,33,7,11
68,28,dn7,3,pkg37,32.0,38.0,47,1000.0,36,32,9,4
68,28,dn13,5,pkg35,31.0,39.0,46,1000.0,36,32,7,4
68,28,dn15,5,pkg40,37.0,43.0,50,1000.0,45.0,37.0,7,8.0
68,30,dn10,4,pkg38,32.0,40.0,49,1000.0,86,58,9,28
68,30,dn12,4,pkg39,35.0,43.0,49,1000.0,48,39,6,9
68,34,dn4,2,pkg43,40.0,48.0,58,1000.0,45.0,40.0,10,5.0
68,36,dn6,2,pkg44,42.0,49.0,57,1000.0,64,50,8,14
68,36,dn13,5,pkg42,41.0,49.0,57,1000.0,60,48,8,12
68,43,dn14,5,pkg45,44.0,49.0,58,1000.0,61,52,9,9
68,44,dn1,1,pkg47,48.0,54.0,58,1000.0,62,53,4,9
68,44,dn11,4,pkg46,46.0,55.0,59,1000.0,80,62,4,18
68,50,dn7,3,pkg48,57.0,67.0,72,1000.0,70,60,5,10
68,51,dn2,1,pkg49,58.0,68.0,78,1000.0,64.0,58.0,10,6.0
68,53,dn4,2,pkg50,58.0,68.0,78,1000.0,63,58,10,5
68,54,dn3,1,pkg51,61.0,66.0,76,1000.0,78,66,10,12
68,55,dn9,3,pkg52,62.0,68.0,76,1000.0,66.0,62.0,8,4.0
68,58,dn8,3,pkg53,67.0,75.0,81,1000.0,78,68,6,10
68,60,dn5,2,pkg54,70.0,77.0,87,1000.0,80,70,10,10
68,63,dn13,5,pkg55,72.0,77.0,83,1000.0,77.0,72.0,6,5.0
68,64,dn4,2,pkg56,69.0,78.0,83,1000.0,90,77,5,13
68,66,dn9,3,pkg58,71.0,77.0,79,1000.0,86,76,2,10
68,67,dn6,2,pkg59,77.0,87.0,97,1000.0,82.0,77.0,10,5.0
68,70,dn1,1,pkg60,79.0,85.0,95,1000.0,84.0,79.0,10,5.0
68,70,dn7,3,pkg57,71.0,80.0,85,1000.0,80,75,5,5
68,71,dn2,1,pkg61,80.0,90.0,100,1000.0,85.0,80.0,10,5.0
68,74,dn14,5,pkg62,81.0,90.0,97,1000.0,84.0,81.0,7,3.0
68,80,dn3,1,pkg63,87.0,97.0,104,1000.0,92.0,87.0,7,5.0
68,84,dn1,1,pkg64,93.0,101.0,112,1000.0,97.0,93.0,11,4.0
68,92,dn2,1,pkg65,102.0,109.0,116,1000.0,124,108,7,16
68,93,dn4,2,pkg66,102.0,108.0,110,1000.0,129,111,2,18
68,94,dn3,1,pkg67,102.0,109.0,116,1000.0,142,118,7,24
68,95,dn5,2,pkg68,102.0,108.0,110,1000.0,109,102,2,7
68,97,dn6,2,pkg69,105.0,112.0,118,1000.0,112.0,105.0,6,7.0
68,99,dn1,1,pkg70,107.0,113.0,117,1000.0,111.0,107.0,4,4.0
69,0,dn1,1,pkg9,5.0,11.0,13,1000.0,14,7,2,7
69,0,dn2,1,pkg7,8.0,13.0,18,1000.0,12.0,8.0,5,4.0
69,0,dn3,1,pkg6,8.0,13.0,19,1000.0,24,12,6,12
69,0,dn4,2,pkg16,7.0,14.0,16,1000.0,26,13,2,13
69,0,dn5,2,pkg1,7.0,16.0,18,1000.0,28,14,2,14
69,0,dn6,2,pkg8,8.0,16.0,20,1000.0,46,23,4,23
69,0,dn7,3,pkg10,5.0,13.0,14,1000.0,10,5,1,5
69,0,dn8,3,pkg22,6.0,14.0,20,1000.0,14,7,6,7
69,0,dn9,3,pkg13,5.0,13.0,21,1000.0,7.0,5.0,8,2.0
69,0,dn10,4,pkg18,5.0,12.0,15,1000.0,48,24,3,24
69,0,dn11,4,pkg20,6.0,14.0,17,1000.0,56,28,3,28
69,0,dn12,4,pkg12,8.0,16.0,20,1000.0,30,15,4,15
69,0,dn13,5,pkg5,9.0,15.0,18,1000.0,11.0,9.0,3,2.0
69,0,dn14,5,pkg3,9.0,18.0,24,1000.0,14.0,9.0,6,5.0
69,0,dn15,5,pkg4,5.0,14.0,25,1000.0,16,8,11,8
69,7,dn9,3,pkg19,5.0,15.0,21,1000.0,45,26,6,19
69,10,dn7,3,pkg21,7.0,14.0,24,1000.0,32,21,10,11
69,11,dn13,5,pkg24,14.0,21.0,24,1000.0,19,15,3,4
69,12,dn2,1,pkg15,10.0,16.0,21,1000.0,28,20,5,8
69,14,dn1,1,pkg17,8.0,18.0,24,1000.0,44,29,6,15
69,14,dn8,3,pkg2,8.0,16.0,25,1000.0,64,39,9,25
69,14,dn14,5,pkg26,14.0,19.0,27,1000.0,32,23,8,9
69,16,dn15,5,pkg11,10.0,20.0,31,1000.0,36,26,11,10
69,19,dn13,5,pkg28,21.0,30.0,31,1000.0,22.0,21.0,1,1.0
69,22,dn13,5,pkg29,22.0,32.0,34,1000.0,26,24,2,2
69,24,dn3,1,pkg27,17.0,26.0,34,1000.0,40,32,8,8
69,26,dn4,2,pkg31,24.0,32.0,37,1000.0,54,40,5,14
69,28,dn2,1,pkg30,24.0,31.0,37,1000.0,78,53,6,25
69,28,dn13,5,pkg32,38.0,48.0,51,1000.0,42.0,38.0,3,4.0
69,29,dn5,2,pkg33,37.0,43.0,47,1000.0,63,46,4,17
69,30,dn12,4,pkg34,37.0,47.0,50,1000.0,62,46,3,16
69,32,dn7,3,pkg35,41.0,51.0,57,1000.0,49.0,41.0,6,8.0
69,39,dn14,5,pkg38,49.0,55.0,56,1000.0,50.0,49.0,1,1.0
69,44,dn1,1,pkg41,49.0,59.0,69,1000.0,51.0,49.0,10,2.0
69,45,dn3,1,pkg42,55.0,62.0,68,1000.0,61.0,55.0,6,6.0
69,45,dn9,3,pkg37,43.0,50.0,56,1000.0,53,49,6,4
69,46,dn6,2,pkg36,46.0,55.0,58,1000.0,90,68,3,22
69,48,dn13,5,pkg43,56.0,63.0,71,1000.0,61.0,56.0,8,5.0
69,49,dn7,3,pkg39,48.0,54.0,58,1000.0,69,59,4,10
69,50,dn10,4,pkg44,60.0,66.0,71,1000.0,86,68,5,18
69,52,dn1,1,pkg46,62.0,68.0,75,1000.0,82,67,7,15
69,53,dn9,3,pkg40,50.0,55.0,61,1000.0,85,69,6,16
69,53,dn14,5,pkg47,62.0,70.0,80,1000.0,71,62,10,9
69,54,dn4,2,pkg45,61.0,71.0,82,1000.0,100,77,11,23
69,57,dn11,4,pkg49,65.0,74.0,83,1000.0,89,73,9,16
69,58,dn15,5,pkg50,66.0,71.0,79,1000.0,73.0,66.0,8,7.0
69,61,dn13,5,pkg52,70.0,77.0,81,1000.0,75.0,70.0,4,5.0
69,62,dn12,4,pkg51,69.0,75.0,81,1000.0,114,88,6,26
69,63,dn5,2,pkg48,66.0,73.0,79,1000.0,79,71,6,8
69,64,dn8,3,pkg54,72.0,81.0,90,1000.0,88,76,9,12
69,69,dn7,3,pkg55,72.0,78.0,83,1000.0,77,73,5,4
69,70,dn3,1,pkg57,75.0,81.0,87,1000.0,79.0,75.0,6,4.0
69,71,dn14,5,pkg56,79.0,88.0,98,1000.0,97,84,10,13
69,74,dn15,5,pkg59,79.0,84.0,91,1000.0,90,82,7,8
69,75,dn13,5,pkg60,85.0,95.0,100,1000.0,87.0,85.0,5,2.0
69,77,dn7,3,pkg61,82.0,90.0,98,1000.0,87,82,8,5
69,78,dn2,1,pkg58,79.0,84.0,88,1000.0,108,93,4,15
69,80,dn3,1,pkg63,87.0,96.0,100,1000.0,104,92,4,12
69,81,dn5,2,pkg64,88.0,97.0,101,1000.0,119,100,4,19
69,83,dn1,1,pkg65,93.0,100.0,111,1000.0,100.0,93.0,11,7.0
69,85,dn9,3,pkg62,83.0,88.0,94,1000.0,101,93,6,8
69,86,dn10,4,pkg66,94.0,101.0,109,1000.0,110,98,8,12
69,89,dn11,4,pkg68,95.0,104.0,108,1000.0,117,103,4,14
69,90,dn6,2,pkg67,96.0,104.0,115,1000.0,116,103,11,13
69,91,dn7,3,pkg71,99.0,105.0,113,1000.0,104.0,99.0,8,5.0
69,97,dn8,3,pkg72,103.0,110.0,118,1000.0,107.0,103.0,8,4.0
70,0,dn1,1,pkg16,6.0,13.0,16,1000.0,18,9,3,9
70,0,dn2,1,pkg7,10.0,15.0,17,1000.0,19.0,10.0,2,9.0
70,0,dn3,1,pkg12,7.0,16.0,19,1000.0,20,10,3,10
70,0,dn4,2,pkg8,6.0,11.0,15,1000.0,34,17,4,17
70,0,dn5,2,pkg2,6.0,11.0,17,1000.0,42,21,6,21
70,0,dn6,2,pkg21,9.0,15.0,18,1000.0,28,14,3,14
70,0,dn7,3,pkg19,5.0,13.0,18,1000.0,12,6,5,6
70,0,dn8,3,pkg4,6.0,14.0,20,1000.0,8.0,6.0,6,2.0
70,0,dn9,3,pkg5,6.0,16.0,20,1000.0,16,8,4,8
70,0,dn10,4,pkg13,6.0,15.0,17,1000.0,18,9,2,9
70,0,dn11,4,pkg14,8.0,15.0,19,1000.0,24,12,4,12
70,0,dn12,4,pkg9,9.0,18.0,28,1000.0,15.0,9.0,10,6.0
70,0,dn13,5,pkg10,6.0,14.0,17,1000.0,10.0,6.0,3,4.0
70,0,dn14,5,pkg17,6.0,15.0,21,1000.0,14,7,6,7
70,5,dn15,5,pkg26,14.0,23.0,33,1000.0,23,14,10,9
70,8,dn8,3,pkg24,8.0,13.0,18,1000.0,34,21,5,13
70,12,dn7,3,pkg18,6.0,13.0,21,1000.0,38,25,8,13
70,12,dn13,5,pkg30,17.0,23.0,26,1000.0,19.0,17.0,3,2.0
70,15,dn12,4,pkg25,13.0,23.0,32,1000.0,35,25,9,10
70,16,dn9,3,pkg1,7.0,17.0,24,1000.0,46,31,7,15
70,18,dn1,1,pkg28,17.0,26.0,34,1000.0,30,24,8,6
70,18,dn10,4,pkg27,17.0,22.0,32,1000.0,58,38,10,20
70,23,dn2,1,pkg35,28.0,37.0,44,1000.0,32.0,28.0,7,4.0
70,24,dn11,4,pkg29,19.0,26.0,36,1000.0,70,47,10,23
70,24,dn13,5,pkg36,31.0,38.0,45,1000.0,35.0,31.0,7,4.0
70,27,dn3,1,pkg39,36.0,42.0,52,1000.0,51,39,10,12
70,28,dn6,2,pkg32,26.0,31.0,35,1000.0,78,53,4,25
70,29,dn14,5,pkg40,34.0,40.0,51,1000.0,57,43,11,14
70,31,dn1,1,pkg41,39.0,44.0,54,1000.0,41.0,39.0,10,2.0
70,33,dn2,1,pkg42,42.0,51.0,58,1000.0,83,58,7,25
70,34,dn4,2,pkg34,32.0,40.0,45,1000.0,64,49,5,15
70,34,dn8,3,pkg37,33.0,43.0,47,1000.0,50,42,4,8
70,35,dn12,4,pkg43,41.0,51.0,54,1000.0,77,56,3,21
70,38,dn7,3,pkg38,34.0,41.0,50,1000.0,66,52,9,14
70,39,dn13,5,pkg44,46.0,52.0,60,1000.0,53,46,8,7
70,42,dn1,1,pkg45,50.0,56.0,63,1000.0,56.0,50.0,7,6.0
70,47,dn9,3,pkg46,57.0,67.0,70,1000.0,63.0,57.0,3,6.0
70,49,dn5,2,pkg47,56.0,63.0,73,1000.0,75,62,10,13
70,52,dn3,1,pkg48,62.0,72.0,81,1000.0,84,68,9,16
70,56,dn1,1,pkg49,58.0,64.0,70,1000.0,70,63,6,7
70,58,dn10,4,pkg51,65.0,70.0,79,1000.0,90,74,9,16
70,61,dn8,3,pkg52,66.0,73.0,75,1000.0,73,67,2,6
70,63,dn9,3,pkg53,69.0,77.0,86,1000.0,95,79,9,16
70,64,dn4,2,pkg50,62.0,72.0,76,1000.0,96,80,4,16
70,71,dn1,1,pkg54,77.0,82.0,87,1000.0,83,77,5,6
70,74,dn13,5,pkg55,81.0,90.0,94,1000.0,85.0,81.0,4,4.0
70,75,dn11,4,pkg56,83.0,88.0,99,1000.0,93,84,11,9
70,78,dn7,3,pkg57,86.0,92.0,95,1000.0,100,89,3,11
70,81,dn5,2,pkg58,91.0,96.0,103,1000.0,115,98,7,17
70,82,dn8,3,pkg59,91.0,97.0,104,1000.0,95.0,91.0,7,4.0
70,86,dn6,2,pkg60,93.0,103.0,110,1000.0,99.0,93.0,7,6.0
70,88,dn13,5,pkg61,93.0,101.0,109,1000.0,100,94,8,6
70,89,dn1,1,pkg62,94.0,104.0,111,1000.0,105,97,7,8
70,91,dn2,1,pkg63,96.0,102.0,103,1000.0,117,104,1,13
70,94,dn3,1,pkg65,100.0,108.0,114,1000.0,138,116,6,22
70,95,dn8,3,pkg64,97.0,104.0,113,1000.0,117,106,9,11
70,98,dn10,4,pkg66,108.0,116.0,126,1000.0,130,114,10,16
71,0,dn1,1,pkg2,6.0,11.0,15,1000.0,14,7,4,7
71,0,dn2,1,pkg4,7.0,13.0,15,1000.0,22,11,2,11
71,0,dn3,1,pkg18,7.0,14.0,18,1000.0,12.0,7.0,4,5.0
71,0,dn4,2,pkg10,6.0,12.0,15,1000.0,26,13,3,13
71,0,dn5,2,pkg16,5.0,13.0,19,1000.0,20,10,6,10
71,0,dn6,2,pkg17,7.0,14.0,21,1000.0,20,10,7,10
71,0,dn7,3,pkg21,5.0,11.0,13,1000.0,18,9,2,9
71,0,dn8,3,pkg14,5.0,11.0,16,1000.0,12,6,5,6
71,0,dn9,3,pkg15,5.0,12.0,20,1000.0,32,16,8,16
71,0,dn10,4,pkg9,5.0,14.0,18,1000.0,28,14,4,14
71,0,dn11,4,pkg19,8.0,14.0,18,1000.0,24,12,4,12
71,0,dn12,4,pkg11,5.0,14.0,23,1000.0,44,22,9,22
71,0,dn13,5,pkg1,5.0,13.0,15,1000.0,8.0,5.0,2,3.0
71,0,dn14,5,pkg3,9.0,17.0,20,1000.0,12.0,9.0,3,3.0
71,0,dn15,5,pkg7,7.0,13.0,21,1000.0,24,12,8,12
71,8,dn13,5,pkg24,10.0,16.0,22,1000.0,18,13,6,5
71,12,dn3,1,pkg20,10.0,19.0,22,1000.0,30,21,3,9
71,12,dn8,3,pkg6,10.0,18.0,22,1000.0,46,29,4,17
71,12,dn14,5,pkg12,10.0,19.0,28,1000.0,28,20,9,8
71,14,dn1,1,pkg22,8.0,18.0,27,1000.0,42,28,9,14
71,18,dn7,3,pkg5,9.0,19.0,26,1000.0,50,34,7,16
71,18,dn13,5,pkg25,18.0,25.0,34,1000.0,44,31,9,13
71,20,dn5,2,pkg27,19.0,27.0,31,1000.0,60,40,4,20
71,20,dn6,2,pkg26,15.0,25.0,33,1000.0,54,37,8,17
71,22,dn2,1,pkg30,25.0,32.0,35,1000.0,46,34,3,12
71,24,dn11,4,pkg31,26.0,32.0,42,1000.0,76,50,10,26
71,24,dn15,5,pkg28,22.0,28.0,37,1000.0,44,34,9,10
71,26,dn4,2,pkg29,24.0,29.0,38,1000.0,52,39,9,13
71,28,dn10,4,pkg33,30.0,37.0,45,1000.0,40,34,8,6
71,28,dn14,5,pkg34,31.0,36.0,42,1000.0,33.0,31.0,6,2.0
71,30,dn3,1,pkg32,29.0,37.0,46,1000.0,46,38,9,8
71,32,dn9,3,pkg37,41.0,46.0,48,1000.0,50,41,2,9
71,33,dn14,5,pkg36,40.0,49.0,51,1000.0,42.0,40.0,2,2.0
71,40,dn10,4,pkg39,41.0,48.0,50,1000.0,72,56,2,16
71,42,dn1,1,pkg41,47.0,52.0,61,1000.0,48.0,47.0,9,1.0
71,44,dn12,4,pkg40,48.0,54.0,58,1000.0,62,53,4,9
71,46,dn2,1,pkg43,55.0,62.0,66,1000.0,62.0,55.0,4,7.0
71,46,dn3,1,pkg42,53.0,61.0,72,1000.0,94,70,11,24
71,46,dn8,3,pkg38,40.0,50.0,60,1000.0,92,69,10,23
71,48,dn1,1,pkg44,54.0,61.0,66,1000.0,78,63,5,15
71,51,dn7,3,pkg46,61.0,69.0,73,1000.0,66.0,61.0,4,5.0
71,52,dn4,2,pkg45,57.0,66.0,67,1000.0,82,67,1,15
71,55,dn6,2,pkg49,64.0,72.0,75,1000.0,87,71,3,16
71,56,dn9,3,pkg50,66.0,72.0,79,1000.0,68.0,66.0,7,2.0
71,60,dn5,2,pkg51,64.0,69.0,72,1000.0,76,68,3,8
71,62,dn2,1,pkg47,57.0,65.0,70,1000.0,100,81,5,19
71,62,dn12,4,pkg52,69.0,74.0,79,1000.0,73.0,69.0,5,4.0
71,63,dn13,5,pkg53,68.0,75.0,78,1000.0,71.0,68.0,3,3.0
71,69,dn7,3,pkg56,77.0,86.0,93,1000.0,85,77,7,8
71,71,dn9,3,pkg57,76.0,82.0,89,1000.0,103,87,7,16
71,72,dn10,4,pkg54,72.0,77.0,88,1000.0,108,90,11,18
71,73,dn12,4,pkg55,78.0,88.0,95,1000.0,111,92,7,19
71,73,dn13,5,pkg58,82.0,92.0,98,1000.0,91,82,6,9
71,77,dn14,5,pkg59,84.0,94.0,99,1000.0,87.0,84.0,5,3.0
71,78,dn15,5,pkg60,87.0,93.0,99,1000.0,95.0,87.0,6,8.0
71,81,dn5,2,pkg61,88.0,98.0,108,1000.0,101,91,10,10
71,82,dn1,1,pkg62,89.0,96.0,103,1000.0,100,91,7,9
71,84,dn4,2,pkg64,94.0,101.0,111,1000.0,116,100,10,16
71,86,dn7,3,pkg65,91.0,98.0,109,1000.0,116,101,11,15
71,87,dn6,2,pkg66,96.0,103.0,113,1000.0,137,112,10,25
71,87,dn14,5,pkg63,93.0,102.0,108,1000.0,97.0,93.0,6,4.0
71,91,dn13,5,pkg67,97.0,103.0,108,1000.0,100.0,97.0,5,3.0
71,93,dn8,3,pkg69,100.0,108.0,119,1000.0,103.0,100.0,11,3.0
71,94,dn3,1,pkg68,100.0,110.0,113,1000.0,108,101,3,7
71,95,dn11,4,pkg70,100.0,105.0,114,1000.0,129,112,9,17
71,96,dn15,5,pkg71,101.0,109.0,120,1000.0,124,110,11,14
72,0,dn1,1,pkg14,6.0,14.0,16,1000.0,26,13,2,13
72,0,dn2,1,pkg7,9.0,14.0,18,1000.0,16.0,9.0,4,7.0
72,0,dn3,1,pkg13,6.0,13.0,18,1000.0,16,8,5,8
72,0,dn4,2,pkg4,6.0,14.0,16,1000.0,38,19,2,19
72,0,dn5,2,pkg9,6.0,14.0,18,1000.0,34,17,4,17
72,0,dn6,2,pkg18,5.0,11.0,19,1000.0,26,13,8,13
72,0,dn7,3,pkg11,7.0,13.0,18,1000.0,36,18,5,18
72,0,dn8,3,pkg16,8.0,13.0,18,1000.0,24,12,5,12
72,0,dn9,3,pkg2,5.0,12.0,20,1000.0,26,13,8,13
72,0,dn10,4,pkg3,7.0,13.0,15,1000.0,46,23,2,23
72,0,dn11,4,pkg21,6.0,16.0,18,1000.0,40,20,2,20
72,0,dn12,4,pkg10,6.0,16.0,23,1000.0,24,12,7,12
72,0,dn13,5,pkg19,9.0,16.0,17,1000.0,10.0,9.0,1,1.0
72,0,dn14,5,pkg6,9.0,15.0,21,1000.0,13.0,9.0,6,4.0
72,0,dn15,5,pkg5,10.0,15.0,23,1000.0,14.0,10.0,8,4.0
72,10,dn13,5,pkg8,8.0,18.0,25,1000.0,32,21,7,11
72,13,dn14,5,pkg17,8.0,14.0,25,1000.0,41,27,11,14
72,14,dn15,5,pkg23,8.0,17.0,26,1000.0,24,19,9,5
72,16,dn2,1,pkg26,12.0,20.0,21,1000.0,44,30,1,14
72,16,dn3,1,pkg12,8.0,18.0,24,1000.0,38,27,6,11
72,24,dn8,3,pkg28,20.0,29.0,38,1000.0,52,38,9,14
72,24,dn12,4,pkg31,23.0,32.0,33,1000.0,38,31,1,7
72,26,dn1,1,pkg33,34.0,39.0,43,1000.0,42,34,4,8
72,26,dn6,2,pkg29,24.0,33.0,38,1000.0,60,43,5,17
72,31,dn9,3,pkg36,39.0,48.0,54,1000.0,40.0,39.0,6,1.0
72,32,dn13,5,pkg37,42.0,51.0,58,1000.0,49.0,42.0,7,7.0
72,34,dn5,2,pkg32,29.0,35.0,45,1000.0,60,47,10,13
72,37,dn7,3,pkg38,42.0,49.0,53,1000.0,59,48,4,11
72,38,dn3,1,pkg35,35.0,44.0,51,1000.0,68,53,7,15
72,38,dn4,2,pkg34,36.0,45.0,56,1000.0,84,61,11,23
72,39,dn15,5,pkg40,49.0,59.0,69,1000.0,69,54,10,15
72,40,dn9,3,pkg39,47.0,54.0,63,1000.0,58,49,9,9
72,42,dn1,1,pkg41,47.0,52.0,62,1000.0,56,49,10,7
72,43,dn14,5,pkg42,49.0,56.0,60,1000.0,51.0,49.0,4,2.0
72,47,dn2,1,pkg43,55.0,61.0,65,1000.0,65,56,4,9
72,49,dn10,4,pkg44,55.0,63.0,67,1000.0,60.0,55.0,4,5.0
72,50,dn13,5,pkg45,57.0,62.0,67,1000.0,62.0,57.0,5,5.0
72,52,dn8,3,pkg46,59.0,67.0,73,1000.0,62.0,59.0,6,3.0
72,55,dn11,4,pkg47,60.0,69.0,70,1000.0,95,75,1,20
72,57,dn1,1,pkg48,66.0,76.0,82,1000.0,87,72,6,15
72,59,dn12,4,pkg49,67.0,76.0,79,1000.0,97,78,3,19
72,61,dn7,3,pkg50,66.0,74.0,82,1000.0,69.0,66.0,8,3.0
72,64,dn5,2,pkg51,72.0,77.0,85,1000.0,90,77,8,13
72,65,dn8,3,pkg52,73.0,78.0,82,1000.0,83,74,4,9
72,66,dn9,3,pkg53,71.0,80.0,81,1000.0,82,74,1,8
72,68,dn13,5,pkg54,76.0,82.0,86,1000.0,80.0,76.0,4,4.0
72,69,dn7,3,pkg55,75.0,83.0,90,1000.0,78.0,75.0,7,3.0
72,70,dn14,5,pkg56,79.0,87.0,90,1000.0,81.0,79.0,3,2.0
72,73,dn2,1,pkg57,82.0,89.0,92,1000.0,90.0,82.0,3,8.0
72,74,dn15,5,pkg58,81.0,90.0,97,1000.0,96,85,7,11
72,77,dn3,1,pkg59,83.0,91.0,94,1000.0,95,86,3,9
72,78,dn7,3,pkg60,88.0,95.0,101,1000.0,93.0,88.0,6,5.0
72,80,dn13,5,pkg61,89.0,95.0,100,1000.0,91.0,89.0,5,2.0
72,81,dn6,2,pkg62,86.0,91.0,97,1000.0,105,93,6,12
72,82,dn14,5,pkg63,89.0,99.0,103,1000.0,94.0,89.0,4,5.0
72,84,dn4,2,pkg64,93.0,102.0,112,1000.0,122,103,10,19
72,88,dn1,1,pkg65,95.0,105.0,113,1000.0,126,107,8,19
72,91,dn5,2,pkg66,97.0,105.0,109,1000.0,143,117,4,26
72,93,dn2,1,pkg67,103.0,112.0,117,1000.0,111.0,103.0,5,8.0
72,95,dn7,3,pkg68,104.0,112.0,122,1000.0,123,109,10,14
73,0,dn1,1,pkg22,5.0,10.0,13,1000.0,8.0,5.0,3,3.0
73,0,dn2,1,pkg19,7.0,14.0,16,1000.0,34,17,2,17
73,0,dn3,1,pkg1,6.0,13.0,19,1000.0,34,17,6,17
73,0,dn4,2,pkg16,5.0,15.0,16,1000.0,38,19,1,19
73,0,dn5,2,pkg4,9.0,15.0,18,1000.0,30,15,3,15
73,0,dn6,2,pkg6,6.0,11.0,18,1000.0,28,14,7,14
73,0,dn7,3,pkg2,10.0,15.0,19,1000.0,22,11,4,11
73,0,dn8,3,pkg11,5.0,12.0,20,1000.0,16,8,8,8
73,0,dn9,3,pkg14,6.0,15.0,21,1000.0,8.0,6.0,6,2.0
73,0,dn10,4,pkg15,5.0,13.0,17,1000.0,32,16,4,16
73,0,dn11,4,pkg20,5.0,14.0,18,1000.0,54,27,4,27
73,0,dn12,4,pkg9,7.0,15.0,19,1000.0,32,16,4,16
73,0,dn13,5,pkg17,6.0,13.0,15,1000.0,8.0,6.0,2,2.0
73,0,dn14,5,pkg8,5.0,15.0,21,1000.0,8.0,5.0,6,3.0
73,0,dn15,5,pkg12,9.0,16.0,22,1000.0,16.0,9.0,6,7.0
73,8,dn1,1,pkg13,7.0,16.0,19,1000.0,22,15,3,7
73,8,dn9,3,pkg3,8.0,16.0,22,1000.0,30,19,6,11
73,8,dn13,5,pkg24,11.0,19.0,23,1000.0,13.0,11.0,4,2.0
73,8,dn14,5,pkg21,6.0,13.0,24,1000.0,36,22,11,14
73,13,dn13,5,pkg5,7.0,17.0,26,1000.0,33,23,9,10
73,16,dn8,3,pkg26,21.0,28.0,34,1000.0,30,23,6,7
73,16,dn15,5,pkg10,8.0,18.0,27,1000.0,38,27,9,11
73,22,dn1,1,pkg27,20.0,30.0,33,1000.0,36,29,3,7
73,22,dn7,3,pkg29,28.0,34.0,36,1000.0,36,29,2,7
73,28,dn6,2,pkg30,26.0,31.0,33,1000.0,38,33,2,5
73,30,dn5,2,pkg33,34.0,41.0,44,1000.0,64,47,3,17
73,30,dn8,3,pkg32,32.0,39.0,47,1000.0,34,32,8,2
73,32,dn10,4,pkg31,28.0,34.0,45,1000.0,50,41,11,9
73,32,dn12,4,pkg34,35.0,42.0,48,1000.0,68,50,6,18
73,34,dn2,1,pkg35,41.0,48.0,51,1000.0,54,44,3,10
73,36,dn7,3,pkg36,44.0,49.0,55,1000.0,47.0,44.0,6,3.0
73,37,dn1,1,pkg37,47.0,56.0,66,1000.0,79,58,10,21
73,38,dn4,2,pkg38,48.0,54.0,64,1000.0,74,56,10,18
73,41,dn6,2,pkg39,51.0,61.0,64,1000.0,73,57,3,16
73,42,dn8,3,pkg40,51.0,56.0,63,1000.0,78,60,7,18
73,43,dn9,3,pkg41,49.0,59.0,65,1000.0,67,55,6,12
73,44,dn3,1,pkg42,51.0,59.0,68,1000.0,58,51,9,7
73,46,dn13,5,pkg43,54.0,64.0,72,1000.0,64,55,8,9
73,47,dn7,3,pkg44,54.0,62.0,67,1000.0,63,55,5,8
73,50,dn14,5,pkg45,56.0,63.0,72,1000.0,70,60,9,10
73,54,dn2,1,pkg46,59.0,64.0,70,1000.0,90,72,6,18
73,56,dn15,5,pkg47,63.0,70.0,81,1000.0,80,68,11,12
73,57,dn10,4,pkg48,67.0,74.0,80,1000.0,75.0,67.0,6,8.0
73,58,dn3,1,pkg49,65.0,71.0,82,1000.0,74,66,11,8
73,60,dn11,4,pkg50,68.0,75.0,83,1000.0,82,71,8,11
73,64,dn5,2,pkg51,73.0,82.0,89,1000.0,120,92,7,28
73,68,dn7,3,pkg54,76.0,82.0,89,1000.0,100,84,7,16
73,68,dn12,4,pkg53,74.0,80.0,84,1000.0,102,85,4,17
73,69,dn9,3,pkg55,76.0,86.0,94,1000.0,77.0,76.0,8,1.0
73,71,dn13,5,pkg57,76.0,84.0,93,1000.0,85,78,9,7
73,72,dn14,5,pkg58,77.0,87.0,92,1000.0,81.0,77.0,5,4.0
73,73,dn6,2,pkg56,76.0,84.0,93,1000.0,109,91,9,18
73,74,dn3,1,pkg52,70.0,75.0,80,1000.0,88,81,5,7
73,75,dn10,4,pkg59,80.0,88.0,97,1000.0,109,92,9,17
73,77,dn9,3,pkg60,85.0,94.0,104,1000.0,89.0,85.0,9,4.0
73,79,dn1,1,pkg61,83.0,91.0,94,1000.0,103,91,3,12
73,79,dn4,2,pkg62,86.0,95.0,104,1000.0,115,97,9,18
73,81,dn8,3,pkg63,87.0,92.0,103,1000.0,95,88,11,7
73,82,dn14,5,pkg64,89.0,94.0,96,1000.0,90.0,89.0,2,1.0
73,86,dn13,5,pkg65,92.0,100.0,105,1000.0,94.0,92.0,5,2.0
73,87,dn11,4,pkg66,92.0,101.0,108,1000.0,141,114,7,27
73,88,dn3,1,pkg67,97.0,103.0,112,1000.0,98.0,97.0,9,1.0
73,89,dn15,5,pkg68,98.0,107.0,114,1000.0,107,98,7,9
73,90,dn9,3,pkg69,100.0,106.0,113,1000.0,103.0,100.0,7,3.0
73,91,dn2,1,pkg70,99.0,108.0,111,1000.0,113,102,3,11
73,95,dn8,3,pkg71,98.0,104.0,114,1000.0,125,110,10,15
74,0,dn1,1,pkg20,7.0,12.0,19,1000.0,18,9,7,9
74,0,dn2,1,pkg10,6.0,13.0,20,1000.0,26,13,7,13
74,0,dn3,1,pkg11,5.0,14.0,21,1000.0,18,9,7,9
74,0,dn4,2,pkg21,6.0,11.0,17,1000.0,68,34,6,34
74,0,dn5,2,pkg12,6.0,15.0,19,1000.0,50,25,4,25
74,0,dn6,2,pkg19,10.0,17.0,20,1000.0,44,22,3,22
74,0,dn7,3,pkg15,6.0,11.0,14,1000.0,9.0,6.0,3,3.0
74,0,dn8,3,pkg1,10.0,15.0,20,1000.0,16.0,10.0,5,6.0
74,0,dn9,3,pkg9,9.0,15.0,20,1000.0,14.0,9.0,5,5.0
74,0,dn10,4,pkg3,9.0,19.0,22,1000.0,22,11,3,11
74,0,dn11,4,pkg16,10.0,16.0,27,1000.0,26,13,11,13
74,0,dn12,4,pkg8,10.0,19.0,28,1000.0,32,16,9,16
74,0,dn13,5,pkg17,6.0,13.0,15,1000.0,9.0,6.0,2,3.0
74,0,dn14,5,pkg5,8.0,14.0,18,1000.0,10.0,8.0,4,2.0
74,0,dn15,5,pkg4,5.0,15.0,19,1000.0,9.0,5.0,4,4.0
74,9,dn7,3,pkg6,7.0,17.0,21,1000.0,29,19,4,10
74,9,dn13,5,pkg2,7.0,15.0,20,1000.0,13,11,5,2
74,9,dn15,5,pkg13,7.0,16.0,21,1000.0,17,13,5,4
74,10,dn14,5,pkg22,6.0,16.0,21,1000.0,20,15,5,5
74,13,dn13,5,pkg18,9.0,19.0,22,1000.0,19,16,3,3
74,14,dn9,3,pkg14,10.0,17.0,22,1000.0,42,28,5,14
74,16,dn8,3,pkg24,14.0,22.0,25,1000.0,36,26,3,10
74,17,dn15,5,pkg23,9.0,19.0,25,1000.0,25,21,6,4
74,18,dn1,1,pkg25,18.0,26.0,30,1000.0,32,25,4,7
74,18,dn3,1,pkg28,22.0,28.0,32,1000.0,48,33,4,15
74,19,dn13,5,pkg27,17.0,26.0,29,1000.0,27,23,3,4
74,20,dn14,5,pkg30,25.0,32.0,38,1000.0,34,27,6,7
74,23,dn10,4,pkg32,28.0,36.0,44,1000.0,33,28,8,5
74,25,dn15,5,pkg31,29.0,38.0,44,1000.0,33,29,6,4
74,26,dn2,1,pkg29,23.0,29.0,35,1000.0,52,39,6,13
74,26,dn11,4,pkg33,34.0,39.0,46,1000.0,74,50,7,24
74,27,dn13,5,pkg34,33.0,39.0,44,1000.0,37.0,33.0,5,4.0
74,32,dn1,1,pkg35,38.0,48.0,52,1000.0,60,46,4,14
74,32,dn12,4,pkg36,40.0,47.0,55,1000.0,44.0,40.0,8,4.0
74,33,dn10,4,pkg37,40.0,49.0,54,1000.0,83,58,5,25
74,34,dn7,3,pkg38,44.0,53.0,64,1000.0,58,46,11,12
74,36,dn8,3,pkg40,43.0,52.0,56,1000.0,46.0,43.0,4,3.0
74,39,dn13,5,pkg42,46.0,55.0,66,1000.0,63,51,11,12
74,42,dn14,5,pkg45,47.0,53.0,58,1000.0,54,48,5,6
74,44,dn6,2,pkg39,40.0,49.0,58,1000.0,102,73,9,29
74,44,dn9,3,pkg47,54.0,59.0,68,1000.0,68,56,9,12
74,44,dn12,4,pkg41,42.0,47.0,54,1000.0,60,52,7,8
74,48,dn3,1,pkg44,51.0,58.0,63,1000.0,72,60,5,12
74,48,dn8,3,pkg50,53.0,61.0,69,1000.0,55.0,53.0,8,2.0
74,49,dn15,5,pkg51,58.0,66.0,74,1000.0,67,58,8,9
74,50,dn5,2,pkg43,48.0,54.0,58,1000.0,82,66,4,16
74,52,dn2,1,pkg46,52.0,60.0,69,1000.0,80,66,9,14
74,55,dn8,3,pkg52,61.0,68.0,78,1000.0,91,73,10,18
74,59,dn14,5,pkg56,67.0,74.0,85,1000.0,85,72,11,13
74,60,dn12,4,pkg53,59.0,66.0,69,1000.0,106,83,3,23
74,61,dn7,3,pkg57,71.0,79.0,85,1000.0,81,71,6,10
74,63,dn1,1,pkg58,71.0,76.0,78,1000.0,77.0,71.0,2,6.0
74,64,dn13,5,pkg59,71.0,76.0,87,1000.0,77.0,71.0,11,6.0
74,68,dn4,2,pkg55,67.0,76.0,78,1000.0,82,75,2,7
74,68,dn9,3,pkg60,77.0,86.0,90,1000.0,83.0,77.0,4,6.0
74,71,dn15,5,pkg63,80.0,90.0,100,1000.0,86.0,80.0,10,6.0
74,72,dn3,1,pkg61,79.0,86.0,92,1000.0,90,81,6,9
74,74,dn11,4,pkg62,78.0,84.0,95,1000.0,120,97,11,23
74,77,dn1,1,pkg64,79.0,86.0,96,1000.0,95,86,10,9
74,77,dn13,5,pkg65,79.0,89.0,97,1000.0,97,87,8,10
74,81,dn7,3,pkg66,83.0,88.0,91,1000.0,89,85,3,4
74,82,dn2,1,pkg69,92.0,99.0,106,1000.0,96.0,92.0,7,4.0
74,82,dn4,2,pkg68,90.0,98.0,100,1000.0,134,108,2,26
74,83,dn5,2,pkg70,90.0,96.0,102,1000.0,103,93,6,10
74,83,dn9,3,pkg67,89.0,94.0,101,1000.0,94.0,89.0,7,5.0
74,85,dn14,5,pkg71,92.0,100.0,102,1000.0,95.0,92.0,2,3.0
74,86,dn15,5,pkg72,93.0,100.0,102,1000.0,94.0,93.0,2,1.0
74,90,dn3,1,pkg74,95.0,103.0,111,1000.0,120,105,8,15
74,91,dn7,3,pkg75,97.0,103.0,106,1000.0,100.0,97.0,3,3.0
74,92,dn8,3,pkg76,102.0,109.0,115,1000.0,118,105,6,13
74,94,dn9,3,pkg77,103.0,112.0,118,1000.0,122,108,6,14
74,96,dn1,1,pkg78,105.0,112.0,117,1000.0,126,111,5,15
74,98,dn2,1,pkg79,108.0,117.0,119,1000.0,115.0,108.0,2,7.0
75,0,dn1,1,pkg2,7.0,16.0,18,1000.0,14,7,2,7
75,0,dn2,1,pkg12,8.0,13.0,18,1000.0,15.0,8.0,5,7.0
75,0,dn3,1,pkg5,6.0,11.0,19,1000.0,18,9,8,9
75,0,dn4,2,pkg21,7.0,13.0,19,1000.0,52,26,6,26
75,0,dn5,2,pkg15,5.0,15.0,20,1000.0,24,12,5,12
75,0,dn6,2,pkg6,10.0,15.0,22,1000.0,17.0,10.0,7,7.0
75,0,dn7,3,pkg3,6.0,13.0,16,1000.0,12,6,3,6
75,0,dn8,3,pkg17,9.0,15.0,17,1000.0,17.0,9.0,2,8.0
75,0,dn9,3,pkg7,7.0,14.0,21,1000.0,18,9,7,9
75,0,dn10,4,pkg9,7.0,14.0,17,1000.0,24,12,3,12
75,0,dn11,4,pkg4,9.0,16.0,20,1000.0,40,20,4,20
75,0,dn12,4,pkg8,8.0,18.0,20,1000.0,60,30,2,30
75,0,dn13,5,pkg18,5.0,11.0,14,1000.0,8.0,5.0,3,3.0
75,0,dn14,5,pkg13,7.0,15.0,19,1000.0,13.0,7.0,4,6.0
75,0,dn15,5,pkg19,8.0,18.0,19,1000.0,8.0,8.0,1,0.0
75,8,dn13,5,pkg10,7.0,17.0,20,1000.0,12,10,3,2
75,12,dn7,3,pkg16,8.0,15.0,23,1000.0,34,23,8,11
75,12,dn13,5,pkg22,6.0,16.0,21,1000.0,20,16,5,4
75,13,dn14,5,pkg20,9.0,18.0,22,1000.0,25,19,4,6
75,14,dn1,1,pkg11,7.0,17.0,24,1000.0,20,17,7,3
75,15,dn2,1,pkg25,12.0,20.0,27,1000.0,49,32,7,17
75,17,dn6,2,pkg26,14.0,19.0,27,1000.0,57,37,8,20
75,17,dn8,3,pkg27,17.0,22.0,26,1000.0,29,23,4,6
75,18,dn3,1,pkg31,25.0,33.0,39,1000.0,29.0,25.0,6,4.0
75,18,dn9,3,pkg24,12.0,22.0,31,1000.0,56,37,9,19
75,20,dn1,1,pkg29,20.0,30.0,40,1000.0,50,35,10,15
75,20,dn13,5,pkg33,28.0,35.0,37,1000.0,30.0,28.0,2,2.0
75,24,dn5,2,pkg30,23.0,28.0,32,1000.0,66,45,4,21
75,24,dn10,4,pkg32,27.0,37.0,41,1000.0,46,35,4,11
75,25,dn14,5,pkg34,31.0,36.0,42,1000.0,39,32,6,7
75,29,dn3,1,pkg37,32.0,37.0,44,1000.0,39,34,7,5
75,29,dn8,3,pkg39,33.0,39.0,46,1000.0,39,34,7,5
75,32,dn13,5,pkg42,39.0,45.0,51,1000.0,46,39,6,7
75,34,dn7,3,pkg36,28.0,38.0,48,1000.0,56,45,10,11
75,39,dn3,1,pkg41,41.0,48.0,52,1000.0,51,45,4,6
75,39,dn8,3,pkg45,40.0,49.0,53,1000.0,47,43,4,4
75,40,dn11,4,pkg38,36.0,43.0,46,1000.0,96,68,3,28
75,41,dn14,5,pkg48,48.0,58.0,62,1000.0,51.0,48.0,4,3.0
75,46,dn10,4,pkg43,42.0,51.0,56,1000.0,82,64,5,18
75,46,dn13,5,pkg51,56.0,61.0,72,1000.0,62.0,56.0,11,6.0
75,47,dn8,3,pkg44,44.0,50.0,60,1000.0,65,56,10,9
75,49,dn2,1,pkg46,46.0,55.0,62,1000.0,81,65,7,16
75,51,dn14,5,pkg53,57.0,64.0,74,1000.0,77,64,10,13
75,52,dn4,2,pkg47,49.0,57.0,61,1000.0,72,62,4,10
75,55,dn1,1,pkg56,64.0,72.0,80,1000.0,66.0,64.0,8,2.0
75,56,dn7,3,pkg50,54.0,59.0,65,1000.0,64,60,6,4
75,56,dn9,3,pkg54,60.0,68.0,74,1000.0,86,71,6,15
75,57,dn6,2,pkg49,51.0,58.0,62,1000.0,97,77,4,20
75,58,dn3,1,pkg59,64.0,69.0,76,1000.0,102,80,7,22
75,60,dn12,4,pkg52,59.0,66.0,76,1000.0,78,69,10,9
75,64,dn7,3,pkg55,64.0,69.0,79,1000.0,100,82,10,18
75,65,dn8,3,pkg57,61.0,68.0,79,1000.0,95,80,11,15
75,66,dn1,1,pkg62,72.0,77.0,82,1000.0,86,76,5,10
75,66,dn5,2,pkg60,66.0,75.0,81,1000.0,100,83,6,17
75,68,dn13,5,pkg63,75.0,85.0,91,1000.0,81.0,75.0,6,6.0
75,72,dn4,2,pkg58,66.0,74.0,84,1000.0,84,78,10,6
75,77,dn14,5,pkg64,81.0,89.0,96,1000.0,91,84,7,7
75,78,dn12,4,pkg66,79.0,89.0,97,1000.0,112,95,8,17
75,81,dn2,1,pkg68,87.0,96.0,102,1000.0,107,94,6,13
75,81,dn13,5,pkg67,88.0,98.0,105,1000.0,99,90,7,9
75,82,dn10,4,pkg69,85.0,92.0,94,1000.0,112,97,2,15
75,84,dn4,2,pkg65,83.0,91.0,94,1000.0,106,95,3,11
75,86,dn1,1,pkg70,91.0,98.0,102,1000.0,104,95,4,9
75,86,dn9,3,pkg71,91.0,98.0,108,1000.0,106,96,10,10
75,91,dn14,5,pkg74,98.0,104.0,106,1000.0,99.0,98.0,2,1.0
75,95,dn8,3,pkg75,101.0,107.0,110,1000.0,119,107,3,12
75,96,dn11,4,pkg72,92.0,99.0,108,1000.0,122,109,9,13
75,97,dn6,2,pkg76,104.0,109.0,120,1000.0,133,115,11,18
75,99,dn13,5,pkg73,97.0,107.0,110,1000.0,105,102,3,3
75,99,dn14,5,pkg77,104.0,109.0,113,1000.0,107.0,104.0,4,3.0
76,0,dn1,1,pkg10,5.0,12.0,17,1000.0,34,17,5,17
76,0,dn2,1,pkg22,7.0,12.0,18,1000.0,13.0,7.0,6,6.0
76,0,dn3,1,pkg4,7.0,15.0,19,1000.0,18,9,4,9
76,0,dn4,2,pkg15,7.0,13.0,19,1000.0,16,8,6,8
76,0,dn5,2,pkg6,7.0,14.0,20,1000.0,16,8,6,8
76,0,dn6,2,pkg18,9.0,17.0,21,1000.0,26,13,4,13
76,0,dn7,3,pkg17,10.0,20.0,21,1000.0,15.0,10.0,1,5.0
76,0,dn8,3,pkg2,10.0,16.0,22,1000.0,16.0,10.0,6,6.0
76,0,dn9,3,pkg8,10.0,18.0,22,1000.0,28,14,4,14
76,0,dn10,4,pkg20,7.0,15.0,17,1000.0,38,19,2,19
76,0,dn11,4,pkg21,5.0,14.0,17,1000.0,40,20,3,20
76,0,dn12,4,pkg9,7.0,16.0,20,1000.0,36,18,4,18
76,0,dn13,5,pkg16,8.0,16.0,18,1000.0,11.0,8.0,2,3.0
76,0,dn14,5,pkg7,5.0,14.0,20,1000.0,14,7,6,7
76,0,dn15,5,pkg14,10.0,15.0,20,1000.0,15.0,10.0,5,5.0
76,11,dn13,5,pkg23,6.0,15.0,19,1000.0,19,15,4,4
76,13,dn2,1,pkg19,10.0,20.0,24,1000.0,27,20,4,7
76,14,dn14,5,pkg27,11.0,17.0,25,1000.0,32,23,8,9
76,15,dn7,3,pkg3,9.0,17.0,23,1000.0,51,33,6,18
76,15,dn15,5,pkg26,10.0,18.0,29,1000.0,37,26,11,11
76,16,dn4,2,pkg11,8.0,18.0,24,1000.0,60,38,6,22
76,16,dn5,2,pkg5,9.0,19.0,26,1000.0,32,24,7,8
76,18,dn3,1,pkg29,18.0,24.0,29,1000.0,52,35,5,17
76,19,dn13,5,pkg32,24.0,30.0,38,1000.0,39,29,8,10
76,22,dn8,3,pkg33,28.0,37.0,47,1000.0,78,50,10,28
76,26,dn6,2,pkg30,21.0,30.0,40,1000.0,40,33,10,7
76,27,dn2,1,pkg31,23.0,32.0,35,1000.0,43,35,3,8
76,28,dn9,3,pkg35,34.0,42.0,52,1000.0,44,36,10,8
76,32,dn5,2,pkg36,38.0,47.0,53,1000.0,64,48,6,16
76,32,dn14,5,pkg38,40.0,47.0,49,1000.0,42.0,40.0,2,2.0
76,34,dn1,1,pkg34,30.0,37.0,43,1000.0,52,43,6,9
76,37,dn12,4,pkg41,46.0,54.0,59,1000.0,83,60,5,23
76,37,dn15,5,pkg37,36.0,44.0,50,1000.0,49,43,6,6
76,39,dn13,5,pkg39,40.0,47.0,52,1000.0,49,44,5,5
76,40,dn6,2,pkg40,40.0,45.0,53,1000.0,90,65,8,25
76,43,dn2,1,pkg43,46.0,56.0,61,1000.0,73,58,5,15
76,43,dn14,5,pkg44,48.0,58.0,68,1000.0,69,56,10,13
76,45,dn9,3,pkg45,51.0,58.0,65,1000.0,69,57,7,12
76,47,dn10,4,pkg46,54.0,64.0,70,1000.0,65,56,6,9
76,49,dn13,5,pkg47,56.0,66.0,68,1000.0,57.0,56.0,2,1.0
76,51,dn7,3,pkg48,58.0,65.0,72,1000.0,71,61,7,10
76,52,dn1,1,pkg49,60.0,68.0,77,1000.0,68,60,9,8
76,53,dn11,4,pkg50,62.0,72.0,78,1000.0,85,69,6,16
76,60,dn4,2,pkg52,66.0,73.0,81,1000.0,84,72,8,12
76,61,dn3,1,pkg53,67.0,73.0,81,1000.0,70.0,67.0,8,3.0
76,63,dn13,5,pkg54,68.0,78.0,80,1000.0,69.0,68.0,2,1.0
76,64,dn5,2,pkg51,67.0,75.0,85,1000.0,84,74,10,10
76,64,dn15,5,pkg55,73.0,79.0,89,1000.0,81.0,73.0,10,8.0
76,68,dn1,1,pkg56,75.0,84.0,94,1000.0,104,86,10,18
76,69,dn9,3,pkg57,79.0,84.0,94,1000.0,81.0,79.0,10,2.0
76,71,dn7,3,pkg58,81.0,91.0,97,1000.0,105,88,6,17
76,72,dn3,1,pkg59,82.0,88.0,94,1000.0,90.0,82.0,6,8.0
76,73,dn13,5,pkg60,80.0,88.0,99,1000.0,99,86,11,13
76,76,dn2,1,pkg61,83.0,90.0,98,1000.0,96,86,8,10
76,78,dn10,4,pkg62,86.0,92.0,96,1000.0,102,90,4,12
76,79,dn14,5,pkg63,88.0,94.0,103,1000.0,92.0,88.0,9,4.0
76,83,dn12,4,pkg64,85.0,92.0,101,1000.0,99,91,9,8
76,86,dn8,3,pkg65,95.0,102.0,108,1000.0,103.0,95.0,6,8.0
76,87,dn9,3,pkg66,94.0,101.0,111,1000.0,96.0,94.0,10,2.0
76,89,dn4,2,pkg67,94.0,104.0,115,1000.0,119,104,11,15
76,91,dn5,2,pkg68,97.0,104.0,113,1000.0,115,103,9,12
76,96,dn2,1,pkg69,103.0,111.0,119,1000.0,120,108,8,12
76,99,dn6,2,pkg70,105.0,113.0,117,1000.0,145,122,4,23
77,0,dn1,1,pkg5,6.0,12.0,18,1000.0,10.0,6.0,6,4.0
77,0,dn2,1,pkg17,5.0,10.0,20,1000.0,22,11,10,11
77,0,dn3,1,pkg13,7.0,15.0,21,1000.0,18,9,6,9
77,0,dn4,2,pkg1,6.0,15.0,18,1000.0,24,12,3,12
77,0,dn5,2,pkg18,5.0,15.0,18,1000.0,18,9,3,9
77,0,dn6,2,pkg12,6.0,16.0,21,1000.0,14,7,5,7
77,0,dn7,3,pkg20,5.0,13.0,19,1000.0,12,6,6,6
77,0,dn8,3,pkg16,6.0,15.0,20,1000.0,16,8,5,8
77,0,dn9,3,pkg7,8.0,14.0,22,1000.0,10.0,8.0,8,2.0
77,0,dn10,4,pkg10,9.0,19.0,21,1000.0,30,15,2,15
77,0,dn11,4,pkg2,10.0,19.0,22,1000.0,40,20,3,20
77,0,dn12,4,pkg21,10.0,20.0,24,1000.0,19.0,10.0,4,9.0
77,0,dn13,5,pkg6,8.0,18.0,22,1000.0,11.0,8.0,4,3.0
77,0,dn14,5,pkg9,8.0,18.0,22,1000.0,13.0,8.0,4,5.0
77,0,dn15,5,pkg4,7.0,15.0,23,1000.0,13.0,7.0,8,6.0
77,10,dn1,1,pkg14,9.0,15.0,22,1000.0,34,22,7,12
77,10,dn9,3,pkg8,6.0,16.0,23,1000.0,26,18,7,8
77,11,dn13,5,pkg22,10.0,19.0,23,1000.0,17,14,4,3
77,12,dn7,3,pkg24,15.0,21.0,24,1000.0,24,18,3,6
77,13,dn14,5,pkg11,10.0,19.0,27,1000.0,31,22,8,9
77,13,dn15,5,pkg15,10.0,19.0,30,1000.0,37,25,11,12
77,14,dn6,2,pkg3,10.0,15.0,22,1000.0,28,21,7,7
77,16,dn8,3,pkg29,18.0,23.0,25,1000.0,42,29,2,13
77,17,dn13,5,pkg25,15.0,22.0,31,1000.0,39,28,9,11
77,18,dn3,1,pkg23,10.0,20.0,28,1000.0,36,27,8,9
77,18,dn5,2,pkg27,16.0,24.0,32,1000.0,36,27,8,9
77,19,dn12,4,pkg32,26.0,36.0,39,1000.0,41,30,3,11
77,22,dn2,1,pkg26,17.0,26.0,31,1000.0,42,32,5,10
77,24,dn4,2,pkg30,22.0,32.0,43,1000.0,30,27,11,3
77,24,dn7,3,pkg34,29.0,37.0,45,1000.0,38,31,8,7
77,28,dn6,2,pkg31,26.0,36.0,43,1000.0,78,53,7,25
77,30,dn4,2,pkg33,29.0,39.0,45,1000.0,60,45,6,15
77,30,dn10,4,pkg37,36.0,46.0,57,1000.0,68,49,11,19
77,31,dn9,3,pkg38,38.0,44.0,51,1000.0,43.0,38.0,7,5.0
77,32,dn14,5,pkg39,39.0,44.0,52,1000.0,45.0,39.0,8,6.0
77,34,dn1,1,pkg36,32.0,37.0,45,1000.0,68,51,8,17
77,36,dn3,1,pkg35,33.0,40.0,46,1000.0,68,52,6,16
77,37,dn15,5,pkg40,44.0,50.0,54,1000.0,50.0,44.0,4,6.0
77,38,dn5,2,pkg42,48.0,56.0,66,1000.0,76,57,10,19
77,39,dn7,3,pkg43,44.0,51.0,60,1000.0,67,53,9,14
77,39,dn13,5,pkg41,42.0,51.0,57,1000.0,59,49,6,10
77,40,dn11,4,pkg44,46.0,54.0,62,1000.0,62,51,8,11
77,42,dn2,1,pkg46,51.0,57.0,67,1000.0,58.0,51.0,10,7.0
77,42,dn8,3,pkg45,51.0,56.0,59,1000.0,64,53,3,11
77,44,dn9,3,pkg47,52.0,59.0,67,1000.0,53.0,52.0,8,1.0
77,46,dn14,5,pkg48,53.0,58.0,65,1000.0,58.0,53.0,7,5.0
77,47,dn12,4,pkg49,55.0,64.0,69,1000.0,91,69,5,22
77,50,dn15,5,pkg50,54.0,62.0,68,1000.0,64,57,6,7
77,58,dn2,1,pkg51,58.0,67.0,72,1000.0,76,67,5,9
77,59,dn9,3,pkg53,67.0,76.0,82,1000.0,72.0,67.0,6,5.0
77,60,dn4,2,pkg52,59.0,65.0,75,1000.0,116,88,10,28
77,61,dn13,5,pkg54,70.0,79.0,86,1000.0,75.0,70.0,7,5.0
77,63,dn11,4,pkg55,70.0,75.0,86,1000.0,85,74,11,11
77,64,dn8,3,pkg56,74.0,83.0,91,1000.0,77.0,74.0,8,3.0
77,67,dn7,3,pkg57,74.0,81.0,91,1000.0,89,78,10,11
77,67,dn14,5,pkg58,76.0,84.0,95,1000.0,103,85,11,18
77,68,dn15,5,pkg59,76.0,81.0,87,1000.0,84,76,6,8
77,75,dn1,1,pkg60,85.0,90.0,98,1000.0,111,93,8,18
77,76,dn2,1,pkg61,84.0,90.0,98,1000.0,86.0,84.0,8,2.0
77,80,dn3,1,pkg62,90.0,100.0,104,1000.0,99.0,90.0,4,9.0
77,81,dn5,2,pkg63,90.0,97.0,104,1000.0,113,97,7,16
77,86,dn2,1,pkg64,95.0,100.0,105,1000.0,99.0,95.0,5,4.0
77,88,dn8,3,pkg65,94.0,102.0,113,1000.0,99.0,94.0,11,5.0
77,90,dn13,5,pkg67,99.0,106.0,115,1000.0,118,104,9,14
77,91,dn6,2,pkg68,97.0,107.0,116,1000.0,117,104,9,13
77,92,dn10,4,pkg69,101.0,110.0,112,1000.0,134,113,2,21
77,93,dn11,4,pkg70,100.0,107.0,112,1000.0,133,113,5,20
77,94,dn12,4,pkg71,103.0,112.0,120,1000.0,124,109,8,15
77,97,dn7,3,pkg72,102.0,111.0,120,1000.0,104.0,102.0,9,2.0
77,99,dn2,1,pkg66,94.0,103.0,110,1000.0,137,118,7,19
77,99,dn3,1,pkg73,107.0,117.0,124,1000.0,114.0,107.0,7,7.0
78,0,dn1,1,pkg15,5.0,12.0,15,1000.0,20,10,3,10
78,0,dn2,1,pkg4,9.0,15.0,16,1000.0,18,9,1,9
78,0,dn3,1,pkg5,5.0,14.0,17,1000.0,28,14,3,14
78,0,dn4,2,pkg21,5.0,10.0,14,1000.0,22,11,4,11
78,0,dn5,2,pkg22,6.0,15.0,16,1000.0,28,14,1,14
78,0,dn6,2,pkg20,9.0,15.0,18,1000.0,22,11,3,11
78,0,dn7,3,pkg14,5.0,13.0,20,1000.0,22,11,7,11
78,0,dn8,3,pkg8,9.0,14.0,21,1000.0,22,11,7,11
78,0,dn9,3,pkg13,9.0,14.0,21,1000.0,18,9,7,9
78,0,dn10,4,pkg7,5.0,12.0,17,1000.0,46,23,5,23
78,0,dn11,4,pkg17,7.0,13.0,19,1000.0,18,9,6,9
78,0,dn12,4,pkg3,8.0,13.0,20,1000.0,18,9,7,9
78,0,dn13,5,pkg2,7.0,13.0,17,1000.0,12.0,7.0,4,5.0
78,0,dn14,5,pkg18,8.0,17.0,23,1000.0,18,9,6,9
78,0,dn15,5,pkg6,10.0,17.0,26,1000.0,13.0,10.0,9,3.0
78,12,dn13,5,pkg24,7.0,13.0,16,1000.0,16,14,3,2
78,13,dn15,5,pkg9,9.0,19.0,26,1000.0,33,23,7,10
78,16,dn13,5,pkg11,10.0,19.0,26,1000.0,26,21,7,5
78,18,dn2,1,pkg10,9.0,19.0,22,1000.0,34,26,3,8
78,18,dn9,3,pkg23,9.0,19.0,26,1000.0,50,34,7,16
78,18,dn11,4,pkg12,10.0,20.0,22,1000.0,72,45,2,27
78,18,dn12,4,pkg28,15.0,22.0,26,1000.0,38,28,4,10
78,18,dn14,5,pkg29,18.0,25.0,30,1000.0,28,23,5,5
78,20,dn1,1,pkg30,19.0,24.0,26,1000.0,46,33,2,13
78,22,dn4,2,pkg32,21.0,30.0,39,1000.0,46,34,9,12
78,22,dn6,2,pkg34,26.0,35.0,43,1000.0,34,28,8,6
78,22,dn7,3,pkg33,26.0,32.0,35,1000.0,32,27,3,5
78,22,dn8,3,pkg31,24.0,33.0,36,1000.0,40,31,3,9
78,26,dn13,5,pkg36,34.0,39.0,43,1000.0,38.0,34.0,4,4.0
78,28,dn3,1,pkg37,36.0,41.0,46,1000.0,40.0,36.0,5,4.0
78,28,dn5,2,pkg35,32.0,37.0,43,1000.0,88,58,6,30
78,32,dn7,3,pkg38,36.0,46.0,51,1000.0,48,40,5,8
78,34,dn6,2,pkg39,33.0,39.0,43,1000.0,78,56,4,22
78,35,dn2,1,pkg41,42.0,51.0,54,1000.0,48.0,42.0,3,6.0
78,38,dn12,4,pkg40,40.0,49.0,57,1000.0,68,53,8,15
78,38,dn13,5,pkg42,45.0,53.0,62,1000.0,60,49,9,11
78,40,dn3,1,pkg43,49.0,57.0,61,1000.0,64,52,4,12
78,46,dn1,1,pkg44,46.0,56.0,61,1000.0,82,64,5,18
78,46,dn10,4,pkg45,51.0,56.0,61,1000.0,76,61,5,15
78,47,dn14,5,pkg47,53.0,63.0,67,1000.0,56.0,53.0,4,3.0
78,48,dn2,1,pkg46,55.0,65.0,71,1000.0,74,61,6,13
78,48,dn4,2,pkg48,55.0,63.0,70,1000.0,62,55,7,7
78,53,dn15,5,pkg50,63.0,68.0,78,1000.0,71.0,63.0,10,8.0
78,54,dn7,3,pkg51,61.0,69.0,77,1000.0,70,62,8,8
78,62,dn4,2,pkg49,58.0,64.0,73,1000.0,100,81,9,19
78,64,dn3,1,pkg54,69.0,75.0,83,1000.0,94,79,8,15
78,65,dn8,3,pkg56,74.0,81.0,89,1000.0,80.0,74.0,8,6.0
78,66,dn9,3,pkg57,71.0,81.0,87,1000.0,74.0,71.0,6,3.0
78,68,dn12,4,pkg53,66.0,73.0,81,1000.0,120,94,8,26
78,69,dn13,5,pkg58,77.0,86.0,96,1000.0,84.0,77.0,10,7.0
78,72,dn11,4,pkg55,72.0,82.0,85,1000.0,88,80,3,8
78,74,dn2,1,pkg60,83.0,91.0,96,1000.0,91.0,83.0,5,8.0
78,76,dn10,4,pkg59,82.0,90.0,92,1000.0,120,98,2,22
78,77,dn7,3,pkg61,83.0,90.0,97,1000.0,85.0,83.0,7,2.0
78,82,dn1,1,pkg62,88.0,95.0,103,1000.0,108,95,8,13
78,84,dn8,3,pkg64,93.0,100.0,107,1000.0,101.0,93.0,7,8.0
78,87,dn7,3,pkg65,96.0,103.0,111,1000.0,98.0,96.0,8,2.0
78,88,dn5,2,pkg66,95.0,102.0,105,1000.0,120,104,3,16
78,89,dn6,2,pkg67,94.0,104.0,111,1000.0,127,108,7,19
78,90,dn9,3,pkg68,98.0,104.0,107,1000.0,105.0,98.0,3,7.0
78,91,dn2,1,pkg63,89.0,95.0,100,1000.0,127,109,5,18
78,91,dn13,5,pkg69,100.0,106.0,113,1000.0,104.0,100.0,7,4.0
78,92,dn14,5,pkg70,102.0,110.0,116,1000.0,106.0,102.0,6,4.0
78,93,dn15,5,pkg71,100.0,107.0,111,1000.0,104.0,100.0,4,4.0
78,97,dn3,1,pkg73,105.0,114.0,121,1000.0,137,117,7,20
78,98,dn7,3,pkg72,102.0,107.0,114,1000.0,116,107,7,9
78,99,dn11,4,pkg74,107.0,113.0,117,1000.0,139,119,4,20
79,0,dn1,1,pkg4,5.0,13.0,15,1000.0,28,14,2,14
79,0,dn2,1,pkg9,6.0,13.0,16,1000.0,28,14,3,14
79,0,dn3,1,pkg18,5.0,10.0,17,1000.0,9.0,5.0,7,4.0
79,0,dn4,2,pkg7,5.0,14.0,16,1000.0,32,16,2,16
79,0,dn5,2,pkg20,7.0,13.0,16,1000.0,16,8,3,8
79,0,dn6,2,pkg14,7.0,13.0,18,1000.0,38,19,5,19
79,0,dn7,3,pkg19,9.0,14.0,17,1000.0,14.0,9.0,3,5.0
79,0,dn8,3,pkg17,5.0,14.0,19,1000.0,14,7,5,7
79,0,dn9,3,pkg3,8.0,15.0,21,1000.0,32,16,6,16
79,0,dn10,4,pkg6,7.0,15.0,19,1000.0,13.0,7.0,4,6.0
79,0,dn11,4,pkg11,10.0,16.0,20,1000.0,26,13,4,13
79,0,dn12,4,pkg13,8.0,17.0,20,1000.0,30,15,3,15
79,0,dn13,5,pkg15,10.0,15.0,19,1000.0,16.0,10.0,4,6.0
79,0,dn14,5,pkg1,7.0,17.0,21,1000.0,11.0,7.0,4,4.0
79,0,dn15,5,pkg10,9.0,15.0,21,1000.0,15.0,9.0,6,6.0
79,9,dn3,1,pkg16,9.0,14.0,19,1000.0,41,25,5,16
79,11,dn14,5,pkg5,7.0,17.0,22,1000.0,21,16,5,5
79,13,dn10,4,pkg22,5.0,14.0,23,1000.0,39,26,9,13
79,14,dn7,3,pkg12,10.0,19.0,23,1000.0,18,16,4,2
79,14,dn8,3,pkg2,7.0,16.0,25,1000.0,24,19,9,5
79,15,dn15,5,pkg8,10.0,16.0,24,1000.0,29,22,8,7
79,16,dn5,2,pkg24,12.0,21.0,31,1000.0,36,26,10,10
79,16,dn13,5,pkg26,16.0,22.0,30,1000.0,32,24,8,8
79,21,dn7,3,pkg29,31.0,38.0,45,1000.0,38.0,31.0,7,7.0
79,21,dn14,5,pkg28,28.0,37.0,48,1000.0,39,30,11,9
79,27,dn11,4,pkg32,33.0,38.0,45,1000.0,81,54,7,27
79,28,dn1,1,pkg30,27.0,36.0,42,1000.0,52,40,6,12
79,29,dn2,1,pkg33,36.0,45.0,52,1000.0,45,37,7,8
79,30,dn12,4,pkg34,37.0,44.0,51,1000.0,44,37,7,7
79,31,dn8,3,pkg35,37.0,42.0,50,1000.0,42.0,37.0,8,5.0
79,32,dn4,2,pkg31,35.0,42.0,47,1000.0,52,42,5,10
79,32,dn13,5,pkg36,38.0,44.0,50,1000.0,43.0,38.0,6,5.0
79,40,dn5,2,pkg37,50.0,55.0,63,1000.0,64,52,8,12
79,43,dn3,1,pkg38,51.0,59.0,66,1000.0,71,57,7,14
79,46,dn2,1,pkg39,51.0,58.0,67,1000.0,62,54,9,8
79,47,dn6,2,pkg40,53.0,58.0,68,1000.0,83,65,10,18
79,49,dn10,4,pkg41,58.0,66.0,71,1000.0,99,74,5,25
79,50,dn7,3,pkg42,56.0,61.0,67,1000.0,61.0,56.0,6,5.0
79,51,dn8,3,pkg43,56.0,66.0,74,1000.0,63,57,8,6
79,52,dn9,3,pkg44,58.0,68.0,69,1000.0,64,58,1,6
79,55,dn4,2,pkg45,62.0,69.0,79,1000.0,81,68,10,13
79,60,dn12,4,pkg46,67.0,76.0,80,1000.0,84,72,4,12
79,62,dn1,1,pkg47,67.0,72.0,78,1000.0,94,78,6,16
79,64,dn5,2,pkg48,69.0,78.0,84,1000.0,78,71,6,7
79,64,dn7,3,pkg49,70.0,78.0,85,1000.0,73.0,70.0,7,3.0
79,69,dn8,3,pkg50,78.0,86.0,92,1000.0,81.0,78.0,6,3.0
79,70,dn2,1,pkg51,77.0,82.0,90,1000.0,83.0,77.0,8,6.0
79,71,dn9,3,pkg52,81.0,89.0,94,1000.0,83.0,81.0,5,2.0
79,74,dn3,1,pkg53,80.0,86.0,96,1000.0,88,81,10,7
79,76,dn13,5,pkg54,81.0,89.0,93,1000.0,86,81,4,5
79,79,dn5,2,pkg55,86.0,93.0,104,1000.0,93,86,11,7
79,87,dn2,1,pkg56,95.0,101.0,109,1000.0,117,102,8,15
79,88,dn3,1,pkg57,93.0,103.0,108,1000.0,110,99,5,11
79,89,dn4,2,pkg58,99.0,105.0,116,1000.0,115,102,11,13
79,92,dn7,3,pkg59,99.0,105.0,111,1000.0,102.0,99.0,6,3.0
79,93,dn5,2,pkg60,98.0,103.0,113,1000.0,119,106,10,13
79,94,dn1,1,pkg61,100.0,109.0,120,1000.0,104.0,100.0,11,4.0
79,97,dn6,2,pkg62,104.0,111.0,122,1000.0,109.0,104.0,11,5.0
79,99,dn10,4,pkg63,109.0,118.0,129,1000.0,113.0,109.0,11,4.0
80,0,dn1,1,pkg11,10.0,15.0,20,1000.0,17.0,10.0,5,7.0
80,0,dn2,1,pkg14,7.0,17.0,21,1000.0,26,13,4,13
80,0,dn3,1,pkg16,6.0,12.0,21,1000.0,20,10,9,10
80,0,dn4,2,pkg15,5.0,10.0,17,1000.0,18,9,7,9
80,0,dn5,2,pkg1,9.0,14.0,19,1000.0,20,10,5,10
80,0,dn6,2,pkg5,10.0,16.0,19,1000.0,30,15,3,15
80,0,dn7,3,pkg19,7.0,12.0,16,1000.0,28,14,4,14
80,0,dn8,3,pkg6,5.0,13.0,17,1000.0,10,5,4,5
80,0,dn9,3,pkg17,8.0,13.0,18,1000.0,15.0,8.0,5,7.0
80,0,dn10,4,pkg4,8.0,15.0,17,1000.0,26,13,2,13
80,0,dn11,4,pkg10,7.0,15.0,17,1000.0,18,9,2,9
80,0,dn12,4,pkg21,8.0,13.0,22,1000.0,24,12,9,12
80,0,dn13,5,pkg2,9.0,14.0,15,1000.0,10.0,9.0,1,1.0
80,0,dn14,5,pkg8,9.0,14.0,17,1000.0,13.0,9.0,3,4.0
80,0,dn15,5,pkg3,8.0,15.0,19,1000.0,11.0,8.0,4,3.0
80,10,dn8,3,pkg20,10.0,15.0,22,1000.0,30,20,7,10
80,10,dn13,5,pkg9,10.0,20.0,23,1000.0,16,13,3,3
80,11,dn15,5,pkg13,6.0,15.0,23,1000.0,25,18,8,7
80,13,dn14,5,pkg24,11.0,16.0,24,1000.0,27,20,8,7
80,15,dn9,3,pkg22,7.0,16.0,26,1000.0,47,31,10,16
80,16,dn13,5,pkg12,10.0,19.0,29,1000.0,38,27,10,11
80,17,dn1,1,pkg7,8.0,18.0,23,1000.0,43,30,5,13
80,18,dn4,2,pkg23,12.0,19.0,24,1000.0,50,34,5,16
80,18,dn11,4,pkg25,15.0,21.0,25,1000.0,32,25,4,7
80,20,dn3,1,pkg28,20.0,28.0,39,1000.0,28,24,11,4
80,20,dn5,2,pkg27,17.0,24.0,30,1000.0,46,33,6,13
80,24,dn12,4,pkg30,28.0,35.0,39,1000.0,56,40,4,16
80,25,dn15,5,pkg33,27.0,33.0,39,1000.0,35,30,6,5
80,26,dn2,1,pkg32,28.0,35.0,39,1000.0,34,30,4,4
80,26,dn10,4,pkg36,32.0,39.0,49,1000.0,40,33,10,7
80,27,dn14,5,pkg34,29.0,35.0,43,1000.0,37,32,8,5
80,28,dn3,1,pkg37,34.0,44.0,48,1000.0,44,36,4,8
80,28,dn7,3,pkg29,24.0,32.0,39,1000.0,52,40,7,12
80,30,dn6,2,pkg31,25.0,35.0,39,1000.0,62,46,4,16
80,30,dn8,3,pkg35,34.0,41.0,49,1000.0,46,38,8,8
80,32,dn11,4,pkg40,36.0,42.0,53,1000.0,62,47,11,15
80,34,dn2,1,pkg39,37.0,46.0,50,1000.0,48,41,4,7
80,35,dn15,5,pkg41,38.0,45.0,56,1000.0,45,40,11,5
80,39,dn13,5,pkg45,49.0,55.0,59,1000.0,54.0,49.0,4,5.0
80,40,dn10,4,pkg43,44.0,50.0,56,1000.0,86,63,6,23
80,43,dn1,1,pkg44,44.0,51.0,62,1000.0,69,56,11,13
80,46,dn5,2,pkg42,43.0,51.0,52,1000.0,76,61,1,15
80,50,dn4,2,pkg47,48.0,53.0,54,1000.0,66,58,1,8
80,53,dn7,3,pkg49,61.0,71.0,75,1000.0,83,68,4,15
80,55,dn2,1,pkg50,60.0,67.0,72,1000.0,79,67,5,12
80,56,dn8,3,pkg51,65.0,70.0,76,1000.0,68.0,65.0,6,3.0
80,56,dn12,4,pkg48,59.0,69.0,77,1000.0,74,65,8,9
80,61,dn9,3,pkg52,70.0,76.0,80,1000.0,75.0,70.0,4,5.0
80,62,dn3,1,pkg53,67.0,73.0,84,1000.0,70.0,67.0,11,3.0
80,63,dn13,5,pkg54,72.0,78.0,82,1000.0,77.0,72.0,4,5.0
80,65,dn6,2,pkg55,70.0,79.0,86,1000.0,83,74,7,9
80,68,dn8,3,pkg56,72.0,77.0,81,1000.0,90,79,4,11
80,69,dn4,2,pkg57,76.0,82.0,90,1000.0,107,88,8,19
80,70,dn1,1,pkg58,80.0,89.0,95,1000.0,108,89,6,19
80,71,dn3,1,pkg59,79.0,88.0,93,1000.0,87,79,5,8
80,72,dn14,5,pkg60,81.0,87.0,97,1000.0,94,83,10,11
80,73,dn15,5,pkg61,83.0,90.0,97,1000.0,87.0,83.0,7,4.0
80,77,dn13,5,pkg62,79.0,89.0,96,1000.0,91,84,7,7
80,78,dn9,3,pkg63,86.0,91.0,99,1000.0,92.0,86.0,8,6.0
80,83,dn2,1,pkg65,92.0,102.0,112,1000.0,93.0,92.0,10,1.0
80,83,dn7,3,pkg64,85.0,92.0,97,1000.0,93,88,5,5
80,87,dn3,1,pkg66,97.0,102.0,105,1000.0,100.0,97.0,3,3.0
80,88,dn15,5,pkg67,94.0,99.0,102,1000.0,98.0,94.0,3,4.0
80,89,dn5,2,pkg68,99.0,105.0,108,1000.0,129,109,3,20
80,90,dn6,2,pkg69,96.0,106.0,111,1000.0,140,115,5,25
80,91,dn10,4,pkg70,100.0,106.0,114,1000.0,125,108,8,17
80,97,dn11,4,pkg71,104.0,113.0,121,1000.0,123,110,8,13
80,98,dn2,1,pkg72,103.0,112.0,122,1000.0,130,114,10,16
80,99,dn13,5,pkg73,107.0,113.0,117,1000.0,113.0,107.0,4,6.0
81,0,dn1,1,pkg3,5.0,13.0,20,1000.0,8.0,5.0,7,3.0
81,0,dn2,1,pkg2,10.0,15.0,21,1000.0,15.0,10.0,6,5.0
81,0,dn3,1,pkg5,8.0,17.0,21,1000.0,13.0,8.0,4,5.0
81,0,dn4,2,pkg20,6.0,11.0,16,1000.0,42,21,5,21
81,0,dn5,2,pkg12,7.0,12.0,17,1000.0,34,17,5,17
81,0,dn6,2,pkg6,5.0,10.0,18,1000.0,42,21,8,21
81,0,dn7,3,pkg4,5.0,10.0,18,1000.0,36,18,8,18
81,0,dn8,3,pkg21,6.0,14.0,18,1000.0,28,14,4,14
81,0,dn9,3,pkg18,9.0,15.0,19,1000.0,17.0,9.0,4,8.0
81,0,dn10,4,pkg19,8.0,14.0,16,1000.0,30,15,2,15
81,0,dn11,4,pkg16,7.0,14.0,19,1000.0,26,13,5,13
81,0,dn12,4,pkg17,9.0,19.0,26,1000.0,17.0,9.0,7,8.0
81,0,dn13,5,pkg13,5.0,14.0,17,1000.0,9.0,5.0,3,4.0
81,0,dn14,5,pkg1,10.0,15.0,18,1000.0,13.0,10.0,3,3.0
81,0,dn15,5,pkg7,5.0,15.0,18,1000.0,9.0,5.0,3,4.0
81,8,dn1,1,pkg23,9.0,15.0,19,1000.0,20,14,4,6
81,9,dn13,5,pkg8,9.0,18.0,23,1000.0,21,15,5,6
81,9,dn15,5,pkg26,17.0,23.0,25,1000.0,18.0,17.0,2,1.0
81,13,dn3,1,pkg11,9.0,19.0,24,1000.0,35,24,5,11
81,13,dn14,5,pkg27,22.0,31.0,39,1000.0,30.0,22.0,8,8.0
81,15,dn2,1,pkg28,23.0,28.0,32,1000.0,28.0,23.0,4,5.0
81,17,dn12,4,pkg25,14.0,19.0,22,1000.0,71,44,3,27
81,18,dn9,3,pkg30,28.0,36.0,42,1000.0,37.0,28.0,6,9.0
81,18,dn15,5,pkg29,20.0,30.0,39,1000.0,34,26,9,8
81,20,dn1,1,pkg31,28.0,38.0,48,1000.0,29.0,28.0,10,1.0
81,23,dn13,5,pkg34,33.0,43.0,53,1000.0,47,35,10,12
81,26,dn11,4,pkg36,31.0,36.0,39,1000.0,78,52,3,26
81,28,dn2,1,pkg37,32.0,42.0,51,1000.0,34.0,32.0,9,2.0
81,28,dn8,3,pkg32,25.0,31.0,37,1000.0,38,33,6,5
81,30,dn10,4,pkg33,30.0,38.0,47,1000.0,96,63,9,33
81,30,dn14,5,pkg35,31.0,37.0,46,1000.0,48,39,9,9
81,34,dn5,2,pkg39,36.0,45.0,46,1000.0,62,48,1,14
81,34,dn15,5,pkg40,40.0,47.0,54,1000.0,48,41,7,7
81,36,dn7,3,pkg41,45.0,51.0,60,1000.0,50.0,45.0,9,5.0
81,38,dn8,3,pkg42,43.0,48.0,56,1000.0,74,56,8,18
81,42,dn1,1,pkg44,51.0,57.0,65,1000.0,54.0,51.0,8,3.0
81,42,dn4,2,pkg38,39.0,44.0,49,1000.0,60,51,5,9
81,42,dn6,2,pkg43,49.0,57.0,66,1000.0,94,68,9,26
81,43,dn2,1,pkg45,52.0,59.0,63,1000.0,63,53,4,10
81,48,dn9,3,pkg47,58.0,65.0,72,1000.0,74,61,7,13
81,51,dn7,3,pkg48,61.0,68.0,69,1000.0,64.0,61.0,1,3.0
81,59,dn13,5,pkg50,68.0,78.0,84,1000.0,71.0,68.0,6,3.0
81,60,dn4,2,pkg49,59.0,66.0,67,1000.0,108,84,1,24
81,60,dn14,5,pkg51,66.0,74.0,77,1000.0,69.0,66.0,3,3.0
81,62,dn5,2,pkg52,69.0,74.0,78,1000.0,78,70,4,8
81,64,dn1,1,pkg53,69.0,75.0,81,1000.0,98,81,6,17
81,65,dn2,1,pkg54,70.0,75.0,81,1000.0,83,74,6,9
81,66,dn7,3,pkg55,76.0,85.0,94,1000.0,80.0,76.0,9,4.0
81,67,dn15,5,pkg56,75.0,80.0,85,1000.0,80.0,75.0,5,5.0
81,68,dn3,1,pkg57,74.0,79.0,88,1000.0,75.0,74.0,9,1.0
81,70,dn14,5,pkg59,79.0,88.0,95,1000.0,84.0,79.0,7,5.0
81,71,dn12,4,pkg58,77.0,87.0,96,1000.0,107,89,9,18
81,74,dn8,3,pkg61,84.0,94.0,99,1000.0,89.0,84.0,5,5.0
81,75,dn3,1,pkg60,77.0,86.0,93,1000.0,89,82,7,7
81,76,dn9,3,pkg62,81.0,86.0,91,1000.0,83.0,81.0,5,2.0
81,77,dn13,5,pkg63,83.0,92.0,99,1000.0,97,87,7,10
81,78,dn5,2,pkg64,84.0,90.0,97,1000.0,104,91,7,13
81,80,dn7,3,pkg65,88.0,93.0,104,1000.0,106,93,11,13
81,85,dn9,3,pkg67,93.0,103.0,104,1000.0,98.0,93.0,1,5.0
81,86,dn2,1,pkg68,93.0,98.0,101,1000.0,102,94,3,8
81,88,dn14,5,pkg70,98.0,106.0,117,1000.0,114,101,11,13
81,89,dn3,1,pkg71,94.0,104.0,114,1000.0,109,99,10,10
81,89,dn8,3,pkg69,94.0,104.0,110,1000.0,105,97,6,8
81,91,dn11,4,pkg72,97.0,104.0,113,1000.0,103,97,9,6
81,93,dn15,5,pkg73,103.0,108.0,115,1000.0,106.0,103.0,7,3.0
81,94,dn6,2,pkg66,92.0,99.0,102,1000.0,146,120,3,26
81,96,dn10,4,pkg74,102.0,108.0,119,1000.0,140,118,11,22
81,97,dn13,5,pkg75,104.0,111.0,120,1000.0,115,106,9,9
82,0,dn1,1,pkg5,6.0,12.0,13,1000.0,11.0,6.0,1,5.0
82,0,dn2,1,pkg21,5.0,10.0,16,1000.0,20,10,6,10
82,0,dn3,1,pkg10,7.0,16.0,19,1000.0,30,15,3,15
82,0,dn4,2,pkg14,6.0,11.0,15,1000.0,30,15,4,15
82,0,dn5,2,pkg6,7.0,14.0,18,1000.0,36,18,4,18
82,0,dn6,2,pkg2,6.0,14.0,19,1000.0,40,20,5,20
82,0,dn7,3,pkg11,5.0,10.0,15,1000.0,12,6,5,6
82,0,dn8,3,pkg16,5.0,12.0,16,1000.0,28,14,4,14
82,0,dn9,3,pkg9,7.0,13.0,17,1000.0,12.0,7.0,4,5.0
82,0,dn10,4,pkg8,9.0,17.0,24,1000.0,20,10,7,10
82,0,dn11,4,pkg18,10.0,19.0,24,1000.0,24,12,5,12
82,0,dn12,4,pkg19,7.0,15.0,24,1000.0,56,28,9,28
82,0,dn13,5,pkg12,5.0,12.0,14,1000.0,7.0,5.0,2,2.0
82,0,dn14,5,pkg22,5.0,14.0,19,1000.0,14,7,5,7
82,0,dn15,5,pkg15,6.0,16.0,24,1000.0,9.0,6.0,8,3.0
82,7,dn13,5,pkg23,8.0,13.0,17,1000.0,17,12,4,5
82,9,dn15,5,pkg20,10.0,18.0,24,1000.0,25,17,6,8
82,11,dn1,1,pkg4,5.0,13.0,20,1000.0,33,22,7,11
82,12,dn7,3,pkg1,10.0,15.0,20,1000.0,18,15,5,3
82,12,dn9,3,pkg7,7.0,16.0,24,1000.0,32,22,8,10
82,14,dn14,5,pkg24,12.0,21.0,30,1000.0,22,18,9,4
82,18,dn7,3,pkg28,24.0,32.0,36,1000.0,28.0,24.0,4,4.0
82,19,dn13,5,pkg30,25.0,32.0,42,1000.0,39,29,10,10
82,20,dn2,1,pkg25,15.0,24.0,29,1000.0,28,24,5,4
82,20,dn10,4,pkg27,20.0,29.0,33,1000.0,64,42,4,22
82,22,dn14,5,pkg32,28.0,35.0,44,1000.0,44,33,9,11
82,24,dn11,4,pkg33,33.0,40.0,46,1000.0,40.0,33.0,6,7.0
82,27,dn15,5,pkg36,32.0,37.0,46,1000.0,47,37,9,10
82,28,dn2,1,pkg35,35.0,40.0,45,1000.0,64,46,5,18
82,28,dn7,3,pkg29,27.0,32.0,39,1000.0,66,47,7,19
82,28,dn8,3,pkg31,26.0,32.0,41,1000.0,44,36,9,8
82,30,dn3,1,pkg34,35.0,43.0,49,1000.0,70,50,6,20
82,30,dn4,2,pkg37,35.0,42.0,51,1000.0,66,48,9,18
82,34,dn9,3,pkg39,42.0,47.0,54,1000.0,54,44,7,10
82,35,dn1,1,pkg40,43.0,53.0,59,1000.0,65,50,6,15
82,36,dn5,2,pkg38,36.0,41.0,52,1000.0,86,61,11,25
82,39,dn13,5,pkg43,46.0,56.0,63,1000.0,51.0,46.0,7,5.0
82,40,dn6,2,pkg41,41.0,48.0,56,1000.0,70,55,8,15
82,40,dn11,4,pkg44,48.0,53.0,56,1000.0,64,52,3,12
82,44,dn8,3,pkg46,50.0,58.0,63,1000.0,52.0,50.0,5,2.0
82,44,dn14,5,pkg45,48.0,57.0,61,1000.0,52,48,4,4
82,47,dn15,5,pkg47,55.0,63.0,67,1000.0,61.0,55.0,4,6.0
82,51,dn13,5,pkg51,56.0,64.0,66,1000.0,57.0,56.0,2,1.0
82,52,dn14,5,pkg52,60.0,68.0,77,1000.0,76,64,9,12
82,53,dn8,3,pkg53,59.0,69.0,77,1000.0,60.0,59.0,8,1.0
82,54,dn9,3,pkg54,64.0,70.0,78,1000.0,76,65,8,11
82,56,dn12,4,pkg48,56.0,64.0,66,1000.0,80,68,2,12
82,57,dn13,5,pkg56,65.0,74.0,81,1000.0,73,65,7,8
82,60,dn8,3,pkg58,65.0,72.0,81,1000.0,90,75,9,15
82,61,dn15,5,pkg57,67.0,75.0,78,1000.0,72.0,67.0,3,5.0
82,64,dn2,1,pkg60,69.0,79.0,81,1000.0,73.0,69.0,2,4.0
82,64,dn10,4,pkg55,66.0,76.0,77,1000.0,78,71,1,7
82,64,dn11,4,pkg61,71.0,79.0,88,1000.0,82,73,9,9
82,66,dn4,2,pkg59,68.0,78.0,87,1000.0,90,78,9,12
82,69,dn7,3,pkg62,74.0,79.0,83,1000.0,81,75,4,6
82,72,dn1,1,pkg64,77.0,82.0,87,1000.0,82,77,5,5
82,72,dn15,5,pkg63,77.0,85.0,90,1000.0,80.0,77.0,5,3.0
82,74,dn6,2,pkg65,83.0,90.0,99,1000.0,102,88,9,14
82,78,dn9,3,pkg66,84.0,92.0,103,1000.0,130,104,11,26
82,79,dn13,5,pkg67,86.0,93.0,100,1000.0,97,88,7,9
82,80,dn2,1,pkg68,90.0,95.0,101,1000.0,116,98,6,18
82,81,dn7,3,pkg69,86.0,96.0,104,1000.0,91,86,8,5
82,83,dn10,4,pkg70,90.0,98.0,107,1000.0,101,92,9,9
82,84,dn11,4,pkg71,89.0,96.0,103,1000.0,144,114,7,30
82,88,dn1,1,pkg72,96.0,102.0,107,1000.0,116,102,5,14
82,90,dn4,2,pkg73,99.0,105.0,108,1000.0,126,108,3,18
82,93,dn5,2,pkg74,102.0,109.0,112,1000.0,110.0,102.0,3,8.0
82,94,dn3,1,pkg75,103.0,108.0,111,1000.0,112,103,3,9
82,95,dn12,4,pkg76,102.0,108.0,112,1000.0,106.0,102.0,4,4.0
82,97,dn13,5,pkg77,103.0,109.0,117,1000.0,113,105,8,8
82,98,dn7,3,pkg78,107.0,116.0,123,1000.0,116,107,7,9
82,99,dn14,5,pkg79,104.0,113.0,124,1000.0,119,109,11,10
83,0,dn1,1,pkg2,5.0,12.0,14,1000.0,22,11,2,11
83,0,dn2,1,pkg21,6.0,13.0,16,1000.0,28,14,3,14
83,0,dn3,1,pkg3,6.0,12.0,17,1000.0,18,9,5,9
83,0,dn4,2,pkg9,6.0,11.0,14,1000.0,36,18,3,18
83,0,dn5,2,pkg15,6.0,13.0,18,1000.0,26,13,5,13
83,0,dn6,2,pkg5,5.0,14.0,20,1000.0,42,21,6,21
83,0,dn7,3,pkg12,7.0,12.0,15,1000.0,12.0,7.0,3,5.0
83,0,dn8,3,pkg20,5.0,10.0,15,1000.0,10,5,5,5
83,0,dn9,3,pkg6,6.0,15.0,19,1000.0,20,10,4,10
83,0,dn10,4,pkg4,5.0,14.0,19,1000.0,30,15,5,15
83,0,dn11,4,pkg22,9.0,16.0,23,1000.0,28,14,7,14
83,0,dn12,4,pkg14,8.0,15.0,25,1000.0,16,8,10,8
83,0,dn13,5,pkg18,5.0,15.0,18,1000.0,8.0,5.0,3,3.0
83,0,dn14,5,pkg10,6.0,12.0,19,1000.0,12,6,7,6
83,0,dn15,5,pkg7,5.0,11.0,21,1000.0,16,8,10,8
83,8,dn13,5,pkg17,7.0,17.0,21,1000.0,20,14,4,6
83,10,dn8,3,pkg19,8.0,17.0,19,1000.0,24,17,2,7
83,12,dn7,3,pkg1,8.0,17.0,24,1000.0,32,22,7,10
83,12,dn14,5,pkg23,10.0,18.0,25,1000.0,24,18,7,6
83,16,dn12,4,pkg30,19.0,27.0,32,1000.0,60,38,5,22
83,16,dn15,5,pkg28,15.0,24.0,28,1000.0,28,22,4,6
83,18,dn3,1,pkg16,10.0,19.0,25,1000.0,66,42,6,24
83,20,dn9,3,pkg29,18.0,27.0,29,1000.0,34,27,2,7
83,20,dn13,5,pkg32,21.0,28.0,32,1000.0,28,24,4,4
83,22,dn1,1,pkg35,27.0,36.0,44,1000.0,42,32,8,10
83,24,dn8,3,pkg34,27.0,35.0,41,1000.0,32,28,6,4
83,24,dn14,5,pkg36,30.0,35.0,38,1000.0,34.0,30.0,3,4.0
83,26,dn5,2,pkg31,19.0,28.0,37,1000.0,42,34,9,8
83,28,dn2,1,pkg37,32.0,38.0,48,1000.0,38,33,10,5
83,28,dn11,4,pkg33,26.0,33.0,37,1000.0,74,51,4,23
83,30,dn10,4,pkg38,39.0,49.0,56,1000.0,58,44,7,14
83,31,dn13,5,pkg39,39.0,49.0,60,1000.0,55,43,11,12
83,32,dn7,3,pkg40,40.0,45.0,54,1000.0,54,43,9,11
83,35,dn8,3,pkg41,43.0,49.0,58,1000.0,75,55,9,20
83,40,dn2,1,pkg42,50.0,60.0,68,1000.0,58.0,50.0,8,8.0
83,42,dn4,2,pkg43,48.0,54.0,60,1000.0,92,67,6,25
83,44,dn1,1,pkg44,49.0,56.0,65,1000.0,78,61,9,17
83,47,dn14,5,pkg45,54.0,60.0,69,1000.0,61,54,9,7
83,48,dn5,2,pkg46,57.0,62.0,71,1000.0,70,59,9,11
83,49,dn15,5,pkg47,54.0,62.0,72,1000.0,73,61,10,12
83,52,dn6,2,pkg48,62.0,71.0,75,1000.0,76,64,4,12
83,59,dn2,1,pkg49,65.0,72.0,76,1000.0,97,78,4,19
83,64,dn7,3,pkg50,74.0,81.0,90,1000.0,77.0,74.0,9,3.0
83,65,dn10,4,pkg51,74.0,82.0,88,1000.0,83,74,6,9
83,68,dn12,4,pkg52,77.0,86.0,89,1000.0,116,92,3,24
83,71,dn3,1,pkg53,81.0,88.0,94,1000.0,90.0,81.0,6,9.0
83,73,dn5,2,pkg54,83.0,88.0,97,1000.0,86.0,83.0,9,3.0
83,77,dn7,3,pkg55,86.0,91.0,98,1000.0,97,87,7,10
83,78,dn1,1,pkg56,88.0,96.0,103,1000.0,92.0,88.0,7,4.0
83,79,dn6,2,pkg57,85.0,92.0,102,1000.0,117,98,10,19
83,83,dn10,4,pkg59,88.0,95.0,96,1000.0,131,107,1,24
83,85,dn13,5,pkg60,92.0,98.0,106,1000.0,107,96,8,11
83,86,dn5,2,pkg58,87.0,92.0,100,1000.0,122,104,8,18
83,86,dn11,4,pkg61,94.0,103.0,106,1000.0,104,95,3,9
83,88,dn8,3,pkg63,96.0,105.0,115,1000.0,110,99,10,11
83,90,dn3,1,pkg64,99.0,104.0,114,1000.0,104.0,99.0,10,5.0
83,91,dn9,3,pkg65,96.0,102.0,113,1000.0,121,106,11,15
83,92,dn1,1,pkg66,102.0,109.0,117,1000.0,116,104,8,12
83,92,dn4,2,pkg62,95.0,102.0,107,1000.0,152,122,5,30
83,93,dn14,5,pkg67,101.0,109.0,116,1000.0,105.0,101.0,7,4.0
83,97,dn2,1,pkg68,99.0,109.0,115,1000.0,121,109,6,12
83,97,dn15,5,pkg69,105.0,113.0,118,1000.0,111.0,105.0,5,6.0
84,0,dn1,1,pkg5,6.0,13.0,14,1000.0,26,13,1,13
84,0,dn2,1,pkg1,8.0,16.0,19,1000.0,26,13,3,13
84,0,dn3,1,pkg20,10.0,16.0,19,1000.0,28,14,3,14
84,0,dn4,2,pkg10,5.0,11.0,15,1000.0,18,9,4,9
84,0,dn5,2,pkg4,5.0,13.0,19,1000.0,14,7,6,7
84,0,dn6,2,pkg16,8.0,13.0,19,1000.0,24,12,6,12
84,0,dn7,3,pkg2,7.0,14.0,22,1000.0,12.0,7.0,8,5.0
84,0,dn8,3,pkg14,7.0,13.0,22,1000.0,8.0,7.0,9,1.0
84,0,dn9,3,pkg3,7.0,17.0,25,1000.0,9.0,7.0,8,2.0
84,0,dn10,4,pkg13,6.0,12.0,14,1000.0,30,15,2,15
84,0,dn11,4,pkg11,6.0,14.0,20,1000.0,26,13,6,13
84,0,dn12,4,pkg17,6.0,16.0,20,1000.0,56,28,4,28
84,0,dn13,5,pkg9,5.0,13.0,17,1000.0,9.0,5.0,4,4.0
84,0,dn14,5,pkg15,7.0,13.0,24,1000.0,13.0,7.0,11,6.0
84,1,dn15,5,pkg23,11.0,21.0,29,1000.0,23,12,8,11
84,8,dn8,3,pkg19,8.0,18.0,29,1000.0,20,14,11,6
84,9,dn9,3,pkg26,14.0,24.0,29,1000.0,45,27,5,18
84,13,dn7,3,pkg29,20.0,26.0,34,1000.0,51,32,8,19
84,14,dn5,2,pkg25,9.0,15.0,17,1000.0,68,41,2,27
84,14,dn13,5,pkg30,24.0,34.0,44,1000.0,32.0,24.0,10,8.0
84,16,dn14,5,pkg31,25.0,34.0,44,1000.0,40,28,10,12
84,18,dn4,2,pkg33,25.0,32.0,33,1000.0,38,28,1,10
84,22,dn8,3,pkg36,31.0,36.0,42,1000.0,50,36,6,14
84,23,dn15,5,pkg32,22.0,31.0,40,1000.0,33,28,9,5
84,24,dn6,2,pkg38,33.0,40.0,43,1000.0,48,36,3,12
84,26,dn1,1,pkg35,25.0,35.0,39,1000.0,60,43,4,17
84,26,dn2,1,pkg34,28.0,36.0,41,1000.0,44,35,5,9
84,28,dn3,1,pkg37,29.0,36.0,43,1000.0,56,42,7,14
84,33,dn10,4,pkg39,38.0,43.0,46,1000.0,63,48,3,15
84,35,dn13,5,pkg40,41.0,47.0,53,1000.0,45.0,41.0,6,4.0
84,37,dn11,4,pkg41,46.0,54.0,65,1000.0,63,50,11,13
84,40,dn14,5,pkg43,46.0,56.0,57,1000.0,47.0,46.0,1,1.0
84,41,dn15,5,pkg44,46.0,56.0,59,1000.0,49.0,46.0,3,3.0
84,44,dn2,1,pkg42,45.0,51.0,57,1000.0,58,51,6,7
84,45,dn9,3,pkg46,52.0,57.0,60,1000.0,61,53,3,8
84,45,dn13,5,pkg45,50.0,59.0,68,1000.0,65,55,9,10
84,46,dn4,2,pkg47,53.0,59.0,69,1000.0,68,57,10,11
84,47,dn14,5,pkg48,57.0,66.0,74,1000.0,69,58,8,11
84,49,dn15,5,pkg49,54.0,61.0,69,1000.0,71,60,8,11
84,50,dn6,2,pkg50,59.0,65.0,74,1000.0,76,63,9,13
84,56,dn3,1,pkg53,59.0,66.0,72,1000.0,68,62,6,6
84,56,dn12,4,pkg52,58.0,65.0,67,1000.0,110,83,2,27
84,58,dn2,1,pkg54,60.0,65.0,73,1000.0,82,70,8,12
84,59,dn7,3,pkg55,66.0,71.0,82,1000.0,75,67,11,8
84,60,dn8,3,pkg56,70.0,79.0,84,1000.0,76.0,70.0,5,6.0
84,61,dn9,3,pkg57,67.0,76.0,81,1000.0,72.0,67.0,5,5.0
84,63,dn10,4,pkg51,56.0,64.0,69,1000.0,117,90,5,27
84,67,dn1,1,pkg58,76.0,84.0,94,1000.0,81.0,76.0,10,5.0
84,70,dn3,1,pkg59,76.0,81.0,91,1000.0,88,79,10,9
84,71,dn13,5,pkg60,80.0,85.0,96,1000.0,99,85,11,14
84,72,dn4,2,pkg61,77.0,85.0,91,1000.0,102,87,6,15
84,73,dn5,2,pkg62,83.0,88.0,99,1000.0,107,90,11,17
84,77,dn6,2,pkg63,87.0,93.0,103,1000.0,127,102,10,25
84,78,dn7,3,pkg64,87.0,94.0,98,1000.0,96,87,4,9
84,79,dn11,4,pkg65,84.0,92.0,102,1000.0,91,85,10,6
84,81,dn1,1,pkg66,86.0,95.0,102,1000.0,91,86,7,5
84,83,dn8,3,pkg67,89.0,94.0,105,1000.0,137,110,11,27
84,84,dn2,1,pkg68,93.0,98.0,103,1000.0,100.0,93.0,5,7.0
84,88,dn3,1,pkg71,94.0,104.0,113,1000.0,97.0,94.0,9,3.0
84,91,dn11,4,pkg70,93.0,101.0,109,1000.0,105,98,8,7
84,93,dn1,1,pkg73,103.0,111.0,115,1000.0,111.0,103.0,4,8.0
84,94,dn9,3,pkg74,104.0,113.0,120,1000.0,111.0,104.0,7,7.0
84,96,dn7,3,pkg75,105.0,112.0,113,1000.0,113.0,105.0,1,8.0
84,97,dn3,1,pkg76,102.0,108.0,118,1000.0,135,116,10,19
85,0,dn1,1,pkg5,9.0,15.0,17,1000.0,36,18,2,18
85,0,dn2,1,pkg2,7.0,15.0,18,1000.0,12.0,7.0,3,5.0
85,0,dn3,1,pkg8,10.0,16.0,19,1000.0,22,11,3,11
85,0,dn4,2,pkg7,9.0,14.0,18,1000.0,16.0,9.0,4,7.0
85,0,dn5,2,pkg22,7.0,15.0,19,1000.0,34,17,4,17
85,0,dn6,2,pkg14,8.0,13.0,20,1000.0,46,23,7,23
85,0,dn7,3,pkg6,6.0,12.0,18,1000.0,9.0,6.0,6,3.0
85,0,dn8,3,pkg4,7.0,16.0,19,1000.0,13.0,7.0,3,6.0
85,0,dn9,3,pkg12,7.0,16.0,20,1000.0,26,13,4,13
85,0,dn10,4,pkg10,5.0,14.0,15,1000.0,28,14,1,14
85,0,dn11,4,pkg11,5.0,12.0,15,1000.0,16,8,3,8
85,0,dn12,4,pkg20,7.0,13.0,16,1000.0,34,17,3,17
85,0,dn13,5,pkg17,9.0,16.0,20,1000.0,15.0,9.0,4,6.0
85,0,dn14,5,pkg3,9.0,19.0,22,1000.0,10.0,9.0,3,1.0
85,0,dn15,5,pkg19,10.0,16.0,24,1000.0,17.0,10.0,8,7.0
85,9,dn7,3,pkg18,6.0,14.0,20,1000.0,25,17,6,8
85,10,dn14,5,pkg27,11.0,17.0,23,1000.0,26,18,6,8
85,12,dn2,1,pkg9,7.0,16.0,21,1000.0,40,26,5,14
85,13,dn8,3,pkg25,9.0,17.0,23,1000.0,37,25,6,12
85,15,dn13,5,pkg23,9.0,18.0,24,1000.0,21,18,6,3
85,16,dn4,2,pkg15,8.0,18.0,22,1000.0,44,30,4,14
85,16,dn11,4,pkg28,13.0,19.0,30,1000.0,34,25,11,9
85,17,dn15,5,pkg26,15.0,20.0,24,1000.0,23,20,4,3
85,21,dn13,5,pkg29,18.0,23.0,25,1000.0,23,22,2,1
85,22,dn3,1,pkg35,25.0,33.0,36,1000.0,32,27,3,5
85,24,dn13,5,pkg38,29.0,36.0,46,1000.0,48,36,10,12
85,25,dn7,3,pkg33,24.0,29.0,38,1000.0,69,47,9,22
85,28,dn9,3,pkg39,37.0,45.0,53,1000.0,60,44,8,16
85,28,dn10,4,pkg34,23.0,31.0,33,1000.0,74,51,2,23
85,30,dn14,5,pkg41,38.0,46.0,54,1000.0,56,43,8,13
85,32,dn3,1,pkg42,37.0,45.0,51,1000.0,54,43,6,11
85,34,dn5,2,pkg36,29.0,36.0,45,1000.0,72,53,9,19
85,34,dn11,4,pkg40,38.0,45.0,47,1000.0,90,62,2,28
85,38,dn1,1,pkg43,48.0,57.0,61,1000.0,53.0,48.0,4,5.0
85,39,dn8,3,pkg44,45.0,53.0,58,1000.0,55,47,5,8
85,40,dn12,4,pkg45,47.0,57.0,67,1000.0,78,59,10,19
85,41,dn2,1,pkg46,51.0,61.0,63,1000.0,63,52,2,11
85,43,dn15,5,pkg47,50.0,59.0,63,1000.0,52.0,50.0,4,2.0
85,48,dn13,5,pkg48,54.0,62.0,68,1000.0,64,56,6,8
85,51,dn4,2,pkg50,59.0,66.0,73,1000.0,73,62,7,11
85,53,dn1,1,pkg49,54.0,63.0,70,1000.0,93,73,7,20
85,54,dn3,1,pkg51,58.0,65.0,71,1000.0,72,63,6,9
85,58,dn14,5,pkg52,68.0,73.0,83,1000.0,77.0,68.0,10,9.0
85,60,dn6,2,pkg53,67.0,76.0,82,1000.0,86,73,6,13
85,61,dn8,3,pkg54,70.0,78.0,87,1000.0,75.0,70.0,9,5.0
85,64,dn9,3,pkg55,72.0,77.0,81,1000.0,79.0,72.0,4,7.0
85,69,dn2,1,pkg56,79.0,84.0,86,1000.0,105,87,2,18
85,72,dn5,2,pkg57,79.0,85.0,91,1000.0,98,85,6,13
85,74,dn3,1,pkg58,79.0,88.0,93,1000.0,114,94,5,20
85,77,dn4,2,pkg59,85.0,90.0,91,1000.0,105,91,1,14
85,79,dn10,4,pkg60,89.0,98.0,104,1000.0,99,89,6,10
85,81,dn12,4,pkg61,87.0,96.0,98,1000.0,121,101,2,20
85,83,dn7,3,pkg62,90.0,95.0,98,1000.0,94.0,90.0,3,4.0
85,84,dn8,3,pkg63,92.0,100.0,110,1000.0,106,95,10,11
85,85,dn9,3,pkg64,93.0,98.0,106,1000.0,101,93,8,8
85,87,dn6,2,pkg65,96.0,101.0,111,1000.0,104.0,96.0,10,8.0
85,90,dn11,4,pkg67,96.0,105.0,112,1000.0,124,107,7,17
85,91,dn13,5,pkg68,100.0,106.0,115,1000.0,115,103,9,12
85,94,dn1,1,pkg69,102.0,107.0,110,1000.0,112,103,3,9
85,98,dn5,2,pkg66,98.0,108.0,109,1000.0,120,109,1,11
85,98,dn14,5,pkg71,106.0,116.0,124,1000.0,120,109,8,11
85,99,dn10,4,pkg70,106.0,111.0,118,1000.0,151,125,7,26
86,0,dn1,1,pkg7,5.0,10.0,17,1000.0,46,23,7,23
86,0,dn2,1,pkg14,6.0,12.0,17,1000.0,18,9,5,9
86,0,dn3,1,pkg15,5.0,12.0,17,1000.0,28,14,5,14
86,0,dn4,2,pkg18,6.0,16.0,17,1000.0,16,8,1,8
86,0,dn5,2,pkg9,7.0,14.0,18,1000.0,42,21,4,21
86,0,dn6,2,pkg2,7.0,13.0,19,1000.0,11.0,7.0,6,4.0
86,0,dn7,3,pkg19,6.0,11.0,13,1000.0,12,6,2,6
86,0,dn8,3,pkg11,5.0,11.0,14,1000.0,18,9,3,9
86,0,dn9,3,pkg20,5.0,12.0,18,1000.0,10,5,6,5
86,0,dn10,4,pkg13,5.0,12.0,16,1000.0,36,18,4,18
86,0,dn11,4,pkg17,6.0,14.0,18,1000.0,38,19,4,19
86,0,dn12,4,pkg4,5.0,13.0,19,1000.0,14,7,6,7
86,0,dn13,5,pkg1,9.0,14.0,16,1000.0,11.0,9.0,2,2.0
86,0,dn14,5,pkg3,5.0,15.0,17,1000.0,7.0,5.0,2,2.0
86,0,dn15,5,pkg8,10.0,16.0,23,1000.0,20,10,7,10
86,7,dn14,5,pkg12,7.0,16.0,23,1000.0,29,18,7,11
86,10,dn9,3,pkg10,9.0,14.0,20,1000.0,22,16,6,6
86,11,dn6,2,pkg24,11.0,18.0,19,1000.0,51,31,1,20
86,11,dn13,5,pkg25,9.0,16.0,24,1000.0,35,23,8,12
86,12,dn7,3,pkg22,7.0,16.0,20,1000.0,32,22,4,10
86,14,dn12,4,pkg16,9.0,18.0,26,1000.0,42,28,8,14
86,16,dn4,2,pkg21,9.0,19.0,29,1000.0,28,22,10,6
86,18,dn2,1,pkg27,17.0,25.0,28,1000.0,30,24,3,6
86,18,dn8,3,pkg26,17.0,22.0,28,1000.0,42,30,6,12
86,20,dn15,5,pkg28,18.0,28.0,38,1000.0,48,34,10,14
86,22,dn9,3,pkg30,26.0,32.0,33,1000.0,42,32,1,10
86,28,dn3,1,pkg29,25.0,35.0,42,1000.0,42,35,7,7
86,28,dn4,2,pkg32,36.0,43.0,48,1000.0,54,41,5,13
86,29,dn14,5,pkg31,31.0,39.0,46,1000.0,45,37,7,8
86,30,dn2,1,pkg33,39.0,49.0,60,1000.0,42.0,39.0,11,3.0
86,35,dn13,5,pkg34,45.0,50.0,60,1000.0,54.0,45.0,10,9.0
86,39,dn7,3,pkg35,46.0,55.0,64,1000.0,49.0,46.0,9,3.0
86,40,dn10,4,pkg36,46.0,52.0,63,1000.0,68,54,11,14
86,42,dn2,1,pkg37,52.0,57.0,62,1000.0,58.0,52.0,5,6.0
86,43,dn5,2,pkg38,53.0,60.0,69,1000.0,67,55,9,12
86,46,dn8,3,pkg39,55.0,62.0,66,1000.0,61.0,55.0,4,6.0
86,49,dn7,3,pkg40,57.0,64.0,69,1000.0,62.0,57.0,5,5.0
86,51,dn6,2,pkg41,56.0,61.0,66,1000.0,67,59,5,8
86,53,dn1,1,pkg42,63.0,68.0,76,1000.0,79,66,8,13
86,54,dn9,3,pkg43,63.0,73.0,76,1000.0,76,65,3,11
86,55,dn3,1,pkg44,61.0,71.0,80,1000.0,89,72,9,17
86,57,dn13,5,pkg45,66.0,72.0,79,1000.0,73.0,66.0,7,7.0
86,58,dn2,1,pkg46,63.0,69.0,79,1000.0,68,63,10,5
86,59,dn4,2,pkg47,65.0,71.0,78,1000.0,69.0,65.0,7,4.0
86,60,dn14,5,pkg48,65.0,70.0,74,1000.0,70,65,4,5
86,61,dn8,3,pkg49,68.0,73.0,79,1000.0,71.0,68.0,6,3.0
86,62,dn15,5,pkg50,71.0,80.0,86,1000.0,76.0,71.0,6,5.0
86,63,dn11,4,pkg51,73.0,78.0,82,1000.0,99,81,4,18
86,68,dn2,1,pkg52,73.0,82.0,91,1000.0,77.0,73.0,9,4.0
86,69,dn4,2,pkg53,76.0,86.0,96,1000.0,109,89,10,20
86,71,dn14,5,pkg54,79.0,89.0,98,1000.0,91,81,9,10
86,72,dn10,4,pkg55,78.0,88.0,93,1000.0,88,80,5,8
86,74,dn5,2,pkg56,84.0,89.0,96,1000.0,102,88,7,14
86,75,dn7,3,pkg57,83.0,92.0,101,1000.0,85.0,83.0,9,2.0
86,76,dn8,3,pkg58,81.0,90.0,97,1000.0,84.0,81.0,7,3.0
86,79,dn1,1,pkg59,85.0,94.0,99,1000.0,89.0,85.0,5,4.0
86,81,dn2,1,pkg60,88.0,95.0,102,1000.0,92.0,88.0,7,4.0
86,83,dn13,5,pkg61,93.0,103.0,112,1000.0,97.0,93.0,9,4.0
86,84,dn6,2,pkg62,89.0,99.0,109,1000.0,106,95,10,11
86,85,dn7,3,pkg63,91.0,97.0,101,1000.0,119,102,4,17
86,86,dn8,3,pkg64,93.0,99.0,108,1000.0,97.0,93.0,9,4.0
86,87,dn9,3,pkg65,97.0,103.0,107,1000.0,104.0,97.0,4,7.0
86,88,dn15,5,pkg66,98.0,107.0,114,1000.0,106.0,98.0,7,8.0
86,89,dn1,1,pkg67,98.0,104.0,113,1000.0,119,104,9,15
86,91,dn10,4,pkg68,96.0,104.0,109,1000.0,117,104,5,13
86,94,dn12,4,pkg69,103.0,111.0,121,1000.0,132,113,10,19
86,98,dn8,3,pkg71,108.0,115.0,122,1000.0,128,113,7,15
86,99,dn2,1,pkg72,109.0,115.0,122,1000.0,114.0,109.0,7,5.0
86,99,dn11,4,pkg70,104.0,111.0,115,1000.0,157,128,4,29
87,0,dn1,1,pkg5,5.0,10.0,15,1000.0,32,16,5,16
87,0,dn2,1,pkg10,8.0,13.0,19,1000.0,16,8,6,8
87,0,dn3,1,pkg15,9.0,16.0,20,1000.0,24,12,4,12
87,0,dn4,2,pkg22,5.0,10.0,13,1000.0,24,12,3,12
87,0,dn5,2,pkg2,7.0,12.0,17,1000.0,26,13,5,13
87,0,dn6,2,pkg7,5.0,10.0,17,1000.0,20,10,7,10
87,0,dn7,3,pkg1,7.0,15.0,18,1000.0,14,7,3,7
87,0,dn8,3,pkg17,9.0,14.0,21,1000.0,34,17,7,17
87,0,dn9,3,pkg16,8.0,13.0,23,1000.0,14.0,8.0,10,6.0
87,0,dn10,4,pkg4,7.0,14.0,15,1000.0,38,19,1,19
87,0,dn11,4,pkg13,8.0,17.0,19,1000.0,20,10,2,10
87,0,dn12,4,pkg20,6.0,16.0,19,1000.0,50,25,3,25
87,0,dn13,5,pkg14,10.0,15.0,18,1000.0,15.0,10.0,3,5.0
87,0,dn14,5,pkg3,6.0,14.0,20,1000.0,11.0,6.0,6,5.0
87,0,dn15,5,pkg6,8.0,18.0,20,1000.0,11.0,8.0,2,3.0
87,11,dn14,5,pkg23,8.0,13.0,17,1000.0,15,13,4,2
87,11,dn15,5,pkg18,10.0,20.0,24,1000.0,19,15,4,4
87,14,dn7,3,pkg24,10.0,19.0,29,1000.0,50,32,10,18
87,14,dn9,3,pkg19,10.0,20.0,30,1000.0,50,32,10,18
87,15,dn13,5,pkg29,20.0,27.0,28,1000.0,21.0,20.0,1,1.0
87,16,dn2,1,pkg11,9.0,17.0,22,1000.0,58,37,5,21
87,16,dn14,5,pkg30,24.0,31.0,34,1000.0,28.0,24.0,3,4.0
87,19,dn15,5,pkg31,25.0,30.0,35,1000.0,33,26,5,7
87,20,dn6,2,pkg27,14.0,21.0,28,1000.0,48,34,7,14
87,20,dn11,4,pkg28,18.0,27.0,35,1000.0,40,30,8,10
87,21,dn13,5,pkg32,29.0,36.0,43,1000.0,36.0,29.0,7,7.0
87,26,dn4,2,pkg34,34.0,43.0,51,1000.0,46,36,8,10
87,27,dn3,1,pkg35,33.0,38.0,49,1000.0,45,36,11,9
87,28,dn14,5,pkg33,29.0,37.0,44,1000.0,38,33,7,5
87,32,dn1,1,pkg36,38.0,43.0,53,1000.0,42.0,38.0,10,4.0
87,33,dn5,2,pkg37,40.0,45.0,52,1000.0,59,46,7,13
87,40,dn8,3,pkg38,49.0,58.0,67,1000.0,52.0,49.0,9,3.0
87,45,dn1,1,pkg41,53.0,62.0,69,1000.0,63,54,7,9
87,46,dn4,2,pkg39,51.0,61.0,64,1000.0,76,61,3,15
87,47,dn3,1,pkg42,53.0,58.0,66,1000.0,57.0,53.0,8,4.0
87,48,dn6,2,pkg40,49.0,59.0,69,1000.0,86,67,10,19
87,49,dn13,5,pkg43,54.0,63.0,66,1000.0,57.0,54.0,3,3.0
87,50,dn7,3,pkg44,56.0,65.0,76,1000.0,68,59,11,9
87,56,dn8,3,pkg47,64.0,72.0,76,1000.0,66.0,64.0,4,2.0
87,57,dn3,1,pkg48,63.0,69.0,79,1000.0,101,79,10,22
87,59,dn5,2,pkg45,58.0,68.0,71,1000.0,103,81,3,22
87,59,dn10,4,pkg49,66.0,76.0,82,1000.0,79,69,6,10
87,60,dn9,3,pkg50,68.0,73.0,79,1000.0,71.0,68.0,6,3.0
87,64,dn13,5,pkg51,72.0,80.0,89,1000.0,78.0,72.0,9,6.0
87,65,dn1,1,pkg52,71.0,77.0,85,1000.0,79,72,8,7
87,67,dn2,1,pkg53,76.0,82.0,91,1000.0,79.0,76.0,9,3.0
87,71,dn14,5,pkg54,81.0,90.0,96,1000.0,89.0,81.0,6,8.0
87,73,dn11,4,pkg55,82.0,87.0,96,1000.0,99,86,9,13
87,75,dn12,4,pkg56,80.0,89.0,92,1000.0,123,99,3,24
87,76,dn4,2,pkg57,82.0,89.0,98,1000.0,124,100,9,24
87,79,dn10,4,pkg58,87.0,94.0,98,1000.0,123,101,4,22
87,84,dn7,3,pkg59,94.0,102.0,105,1000.0,98.0,94.0,3,4.0
87,86,dn1,1,pkg60,93.0,98.0,108,1000.0,104,95,10,9
87,88,dn2,1,pkg61,98.0,107.0,110,1000.0,108,98,3,10
87,90,dn13,5,pkg62,98.0,104.0,112,1000.0,108,99,8,9
87,91,dn6,2,pkg63,99.0,106.0,109,1000.0,127,109,3,18
87,92,dn8,3,pkg64,101.0,109.0,119,1000.0,114,103,10,11
87,97,dn14,5,pkg67,102.0,109.0,114,1000.0,104.0,102.0,5,2.0
87,99,dn11,4,pkg65,98.0,107.0,116,1000.0,153,126,9,27
88,0,dn1,1,pkg9,6.0,12.0,16,1000.0,11.0,6.0,4,5.0
88,0,dn2,1,pkg19,9.0,15.0,17,1000.0,30,15,2,15
88,0,dn3,1,pkg6,7.0,15.0,19,1000.0,26,13,4,13
88,0,dn4,2,pkg15,5.0,11.0,14,1000.0,32,16,3,16
88,0,dn5,2,pkg2,7.0,16.0,18,1000.0,22,11,2,11
88,0,dn6,2,pkg4,10.0,15.0,20,1000.0,54,27,5,27
88,0,dn7,3,pkg17,8.0,18.0,20,1000.0,13.0,8.0,2,5.0
88,0,dn8,3,pkg10,5.0,14.0,21,1000.0,7.0,5.0,7,2.0
88,0,dn9,3,pkg12,9.0,14.0,21,1000.0,11.0,9.0,7,2.0
88,0,dn10,4,pkg22,8.0,15.0,16,1000.0,28,14,1,14
88,0,dn11,4,pkg14,6.0,16.0,19,1000.0,36,18,3,18
88,0,dn12,4,pkg8,8.0,16.0,22,1000.0,26,13,6,13
88,0,dn13,5,pkg16,7.0,17.0,21,1000.0,11.0,7.0,4,4.0
88,0,dn14,5,pkg20,9.0,16.0,23,1000.0,18,9,7,9
88,0,dn15,5,pkg11,8.0,18.0,24,1000.0,20,10,6,10
88,7,dn8,3,pkg21,8.0,18.0,21,1000.0,11,9,3,2
88,11,dn1,1,pkg13,7.0,15.0,19,1000.0,21,16,4,5
88,11,dn8,3,pkg1,9.0,14.0,23,1000.0,33,22,9,11
88,11,dn9,3,pkg7,7.0,17.0,23,1000.0,43,27,6,16
88,11,dn13,5,pkg28,13.0,21.0,24,1000.0,19,15,3,4
88,13,dn7,3,pkg27,17.0,24.0,26,1000.0,27,20,2,7
88,18,dn14,5,pkg24,13.0,22.0,26,1000.0,28,23,4,5
88,19,dn13,5,pkg31,23.0,29.0,37,1000.0,29,24,8,5
88,20,dn15,5,pkg32,26.0,36.0,47,1000.0,32,26,11,6
88,21,dn1,1,pkg30,22.0,31.0,35,1000.0,57,39,4,18
88,22,dn5,2,pkg29,16.0,23.0,25,1000.0,34,28,2,6
88,26,dn12,4,pkg34,36.0,46.0,57,1000.0,50,38,11,12
88,27,dn7,3,pkg33,29.0,36.0,41,1000.0,37,32,5,5
88,28,dn3,1,pkg35,35.0,40.0,47,1000.0,41.0,35.0,7,6.0
88,29,dn10,4,pkg36,38.0,43.0,46,1000.0,59,44,3,15
88,33,dn4,2,pkg37,39.0,48.0,51,1000.0,59,46,3,13
88,35,dn2,1,pkg38,41.0,48.0,56,1000.0,77,56,8,21
88,36,dn8,3,pkg39,45.0,54.0,57,1000.0,56,46,3,10
88,41,dn3,1,pkg40,48.0,58.0,65,1000.0,67,54,7,13
88,42,dn7,3,pkg41,47.0,55.0,57,1000.0,62,52,2,10
88,43,dn9,3,pkg42,53.0,61.0,63,1000.0,60.0,53.0,2,7.0
88,44,dn5,2,pkg43,49.0,56.0,62,1000.0,62,53,6,9
88,46,dn11,4,pkg44,56.0,63.0,74,1000.0,63.0,56.0,11,7.0
88,50,dn12,4,pkg45,54.0,63.0,68,1000.0,78,64,5,14
88,54,dn6,2,pkg46,57.0,63.0,71,1000.0,74,64,8,10
88,55,dn13,5,pkg49,61.0,66.0,74,1000.0,66.0,61.0,8,5.0
88,57,dn1,1,pkg51,65.0,75.0,82,1000.0,73,65,7,8
88,59,dn4,2,pkg47,58.0,64.0,73,1000.0,123,91,9,32
88,59,dn10,4,pkg48,60.0,68.0,72,1000.0,105,82,4,23
88,62,dn5,2,pkg52,67.0,75.0,77,1000.0,76,69,2,7
88,62,dn7,3,pkg53,67.0,75.0,83,1000.0,88,75,8,13
88,64,dn11,4,pkg54,69.0,77.0,84,1000.0,92,78,7,14
88,66,dn13,5,pkg55,75.0,83.0,92,1000.0,92,79,9,13
88,68,dn3,1,pkg56,77.0,87.0,97,1000.0,100,84,10,16
88,70,dn14,5,pkg57,77.0,84.0,94,1000.0,94,82,10,12
88,72,dn8,3,pkg58,80.0,89.0,99,1000.0,116,94,10,22
88,74,dn6,2,pkg50,65.0,75.0,79,1000.0,98,86,4,12
88,75,dn1,1,pkg59,81.0,91.0,101,1000.0,99,87,10,12
88,78,dn2,1,pkg60,88.0,97.0,101,1000.0,108,93,4,15
88,81,dn5,2,pkg61,88.0,98.0,99,1000.0,111,96,1,15
88,83,dn12,4,pkg62,92.0,101.0,107,1000.0,145,114,6,31
88,84,dn9,3,pkg63,91.0,98.0,102,1000.0,102,93,4,9
88,88,dn7,3,pkg64,94.0,103.0,113,1000.0,102,95,10,7
88,91,dn15,5,pkg66,97.0,107.0,113,1000.0,105,98,6,7
88,93,dn13,5,pkg67,100.0,106.0,109,1000.0,103.0,100.0,3,3.0
88,96,dn14,5,pkg68,103.0,108.0,115,1000.0,110,103,7,7
88,98,dn6,2,pkg69,102.0,109.0,112,1000.0,142,120,3,22
88,99,dn1,1,pkg65,95.0,102.0,108,1000.0,123,111,6,12
89,0,dn1,1,pkg14,5.0,12.0,17,1000.0,22,11,5,11
89,0,dn2,1,pkg22,10.0,15.0,17,1000.0,30,15,2,15
89,0,dn3,1,pkg11,5.0,12.0,18,1000.0,14,7,6,7
89,0,dn4,2,pkg5,6.0,12.0,21,1000.0,12,6,9,6
89,0,dn5,2,pkg18,10.0,19.0,21,1000.0,36,18,2,18
89,0,dn6,2,pkg21,8.0,17.0,21,1000.0,40,20,4,20
89,0,dn7,3,pkg3,6.0,15.0,19,1000.0,12,6,4,6
89,0,dn8,3,pkg17,10.0,16.0,20,1000.0,30,15,4,15
89,0,dn9,3,pkg9,9.0,16.0,21,1000.0,17.0,9.0,5,8.0
89,0,dn10,4,pkg15,5.0,14.0,15,1000.0,38,19,1,19
89,0,dn11,4,pkg16,9.0,15.0,17,1000.0,34,17,2,17
89,0,dn12,4,pkg10,8.0,17.0,22,1000.0,30,15,5,15
89,0,dn13,5,pkg8,8.0,14.0,16,1000.0,9.0,8.0,2,1.0
89,0,dn14,5,pkg20,8.0,13.0,18,1000.0,16,8,5,8
89,0,dn15,5,pkg2,9.0,16.0,19,1000.0,10.0,9.0,3,1.0
89,9,dn13,5,pkg6,10.0,20.0,24,1000.0,17,13,4,4
89,10,dn15,5,pkg4,6.0,15.0,25,1000.0,24,17,10,7
89,12,dn4,2,pkg25,9.0,16.0,18,1000.0,56,34,2,22
89,12,dn7,3,pkg24,9.0,18.0,20,1000.0,28,20,2,8
89,14,dn3,1,pkg23,11.0,16.0,17,1000.0,32,23,1,9
89,16,dn14,5,pkg28,15.0,22.0,26,1000.0,24,20,4,4
89,17,dn9,3,pkg12,10.0,19.0,24,1000.0,39,28,5,11
89,17,dn13,5,pkg32,22.0,28.0,31,1000.0,27,22,3,5
89,22,dn1,1,pkg30,16.0,24.0,31,1000.0,54,38,7,16
89,24,dn14,5,pkg31,21.0,29.0,37,1000.0,34,29,8,5
89,24,dn15,5,pkg33,27.0,33.0,43,1000.0,36,30,10,6
89,27,dn13,5,pkg36,31.0,36.0,46,1000.0,55,41,10,14
89,28,dn7,3,pkg35,34.0,40.0,46,1000.0,42,35,6,7
89,30,dn2,1,pkg34,26.0,35.0,46,1000.0,68,49,11,19
89,30,dn12,4,pkg37,37.0,44.0,48,1000.0,52,41,4,11
89,32,dn3,1,pkg38,40.0,48.0,52,1000.0,47.0,40.0,4,7.0
89,34,dn11,4,pkg39,39.0,49.0,54,1000.0,56,45,5,11
89,34,dn14,5,pkg40,38.0,47.0,57,1000.0,44,39,10,5
89,37,dn5,2,pkg41,44.0,49.0,52,1000.0,69,53,3,16
89,38,dn8,3,pkg42,47.0,54.0,58,1000.0,54.0,47.0,4,7.0
89,43,dn10,4,pkg43,52.0,62.0,68,1000.0,83,63,6,20
89,45,dn7,3,pkg44,55.0,64.0,71,1000.0,59.0,55.0,7,4.0
89,46,dn6,2,pkg45,53.0,63.0,72,1000.0,84,65,9,19
89,50,dn3,1,pkg46,60.0,66.0,76,1000.0,63.0,60.0,10,3.0
89,52,dn12,4,pkg47,60.0,66.0,76,1000.0,66.0,60.0,10,6.0
89,52,dn14,5,pkg48,59.0,69.0,80,1000.0,80,66,11,14
89,53,dn9,3,pkg49,61.0,69.0,76,1000.0,67.0,61.0,7,6.0
89,56,dn1,1,pkg50,65.0,74.0,80,1000.0,70.0,65.0,6,5.0
89,59,dn13,5,pkg51,67.0,77.0,86,1000.0,75,67,9,8
89,60,dn4,2,pkg52,65.0,74.0,83,1000.0,90,75,9,15
89,61,dn7,3,pkg53,68.0,77.0,84,1000.0,74.0,68.0,7,6.0
89,63,dn3,1,pkg54,70.0,76.0,87,1000.0,73.0,70.0,11,3.0
89,64,dn15,5,pkg55,72.0,81.0,88,1000.0,77.0,72.0,7,5.0
89,66,dn8,3,pkg56,72.0,82.0,85,1000.0,80,73,3,7
89,68,dn11,4,pkg57,75.0,81.0,88,1000.0,116,92,7,24
89,70,dn9,3,pkg58,75.0,81.0,89,1000.0,80,75,8,5
89,71,dn5,2,pkg59,80.0,86.0,93,1000.0,101,86,7,15
89,72,dn1,1,pkg60,81.0,86.0,94,1000.0,94,83,8,11
89,75,dn2,1,pkg62,82.0,92.0,96,1000.0,95,85,4,10
89,80,dn3,1,pkg64,90.0,98.0,109,1000.0,112,96,11,16
89,81,dn7,3,pkg65,89.0,95.0,106,1000.0,117,99,11,18
89,82,dn12,4,pkg66,88.0,94.0,97,1000.0,124,103,3,21
89,83,dn10,4,pkg67,88.0,95.0,104,1000.0,117,100,9,17
89,84,dn6,2,pkg61,80.0,89.0,94,1000.0,128,106,5,22
89,84,dn8,3,pkg68,94.0,99.0,101,1000.0,100.0,94.0,2,6.0
89,90,dn4,2,pkg63,88.0,95.0,104,1000.0,130,110,9,20
89,91,dn9,3,pkg70,96.0,105.0,112,1000.0,129,110,7,19
89,93,dn13,5,pkg71,100.0,108.0,111,1000.0,103.0,100.0,3,3.0
89,94,dn1,1,pkg69,91.0,101.0,105,1000.0,124,109,4,15
89,95,dn14,5,pkg73,105.0,110.0,117,1000.0,110.0,105.0,7,5.0
89,96,dn2,1,pkg74,101.0,107.0,116,1000.0,108,102,9,6
89,97,dn15,5,pkg75,103.0,113.0,120,1000.0,108.0,103.0,7,5.0
90,0,dn1,1,pkg18,6.0,11.0,12,1000.0,28,14,1,14
90,0,dn2,1,pkg11,9.0,14.0,18,1000.0,13.0,9.0,4,4.0
90,0,dn3,1,pkg2,6.0,13.0,20,1000.0,12,6,7,6
90,0,dn4,2,pkg4,5.0,12.0,20,1000.0,14,7,8,7
90,0,dn5,2,pkg16,7.0,12.0,20,1000.0,34,17,8,17
90,0,dn6,2,pkg17,5.0,11.0,20,1000.0,10,5,9,5
90,0,dn7,3,pkg22,10.0,15.0,22,1000.0,14.0,10.0,7,4.0
90,0,dn8,3,pkg19,10.0,15.0,23,1000.0,17.0,10.0,8,7.0
90,0,dn9,3,pkg8,9.0,16.0,24,1000.0,9.0,9.0,8,0.0
90,0,dn10,4,pkg7,7.0,14.0,16,1000.0,38,19,2,19
90,0,dn11,4,pkg6,7.0,13.0,17,1000.0,14,7,4,7
90,0,dn12,4,pkg10,8.0,15.0,20,1000.0,60,30,5,30
90,0,dn13,5,pkg20,10.0,18.0,21,1000.0,14.0,10.0,3,4.0
90,0,dn14,5,pkg12,9.0,19.0,27,1000.0,18,9,8,9
90,3,dn15,5,pkg24,13.0,19.0,30,1000.0,22.0,13.0,11,9.0
90,10,dn6,2,pkg9,8.0,15.0,21,1000.0,40,25,6,15
90,12,dn3,1,pkg5,6.0,16.0,20,1000.0,24,18,4,6
90,13,dn2,1,pkg14,9.0,16.0,21,1000.0,45,29,5,16
90,14,dn4,2,pkg13,10.0,18.0,23,1000.0,38,26,5,12
90,14,dn7,3,pkg25,11.0,20.0,23,1000.0,40,27,3,13
90,14,dn11,4,pkg23,7.0,16.0,19,1000.0,34,24,3,10
90,14,dn13,5,pkg28,17.0,27.0,33,1000.0,30,22,6,8
90,17,dn8,3,pkg26,13.0,19.0,29,1000.0,65,41,10,24
90,18,dn14,5,pkg29,21.0,28.0,33,1000.0,28,23,5,5
90,22,dn15,5,pkg31,20.0,29.0,34,1000.0,32,27,5,5
90,24,dn3,1,pkg34,26.0,33.0,36,1000.0,48,36,3,12
90,28,dn1,1,pkg33,26.0,32.0,42,1000.0,54,41,10,13
90,28,dn14,5,pkg35,27.0,34.0,42,1000.0,42,35,8,7
90,30,dn13,5,pkg37,33.0,42.0,45,1000.0,38,34,3,4
90,32,dn15,5,pkg39,38.0,44.0,52,1000.0,50,41,8,9
90,34,dn5,2,pkg36,28.0,35.0,39,1000.0,62,48,4,14
90,34,dn11,4,pkg40,38.0,46.0,48,1000.0,66,50,2,16
90,38,dn4,2,pkg42,44.0,51.0,58,1000.0,48.0,44.0,7,4.0
90,38,dn10,4,pkg38,38.0,44.0,49,1000.0,68,53,5,15
90,38,dn13,5,pkg41,40.0,46.0,55,1000.0,52,45,9,7
90,40,dn7,3,pkg43,43.0,51.0,61,1000.0,48,44,10,4
90,43,dn6,2,pkg45,51.0,60.0,71,1000.0,59,51,11,8
90,45,dn2,1,pkg44,49.0,56.0,64,1000.0,91,68,8,23
90,51,dn7,3,pkg46,57.0,62.0,71,1000.0,59.0,57.0,9,2.0
90,54,dn1,1,pkg47,60.0,68.0,79,1000.0,64.0,60.0,11,4.0
90,60,dn4,2,pkg48,66.0,73.0,78,1000.0,110,85,5,25
90,62,dn3,1,pkg49,67.0,72.0,79,1000.0,104,83,7,21
90,66,dn1,1,pkg50,75.0,82.0,90,1000.0,106,86,8,20
90,67,dn11,4,pkg51,73.0,79.0,90,1000.0,107,87,11,20
90,68,dn5,2,pkg52,77.0,82.0,86,1000.0,96,82,4,14
90,72,dn6,2,pkg53,81.0,88.0,95,1000.0,90,81,7,9
90,75,dn10,4,pkg54,80.0,87.0,97,1000.0,123,99,10,24
90,79,dn12,4,pkg55,84.0,89.0,98,1000.0,119,99,9,20
90,80,dn7,3,pkg56,86.0,95.0,101,1000.0,90.0,86.0,6,4.0
90,82,dn13,5,pkg57,90.0,95.0,101,1000.0,100,91,6,9
90,87,dn8,3,pkg59,95.0,105.0,114,1000.0,109,98,9,11
90,90,dn6,2,pkg58,94.0,99.0,108,1000.0,130,110,9,20
90,91,dn2,1,pkg60,96.0,103.0,107,1000.0,117,104,4,13
90,99,dn5,2,pkg61,107.0,113.0,116,1000.0,129,114,3,15
91,0,dn1,1,pkg1,5.0,13.0,14,1000.0,10,5,1,5
91,0,dn2,1,pkg12,5.0,11.0,14,1000.0,34,17,3,17
91,0,dn3,1,pkg7,5.0,13.0,18,1000.0,7.0,5.0,5,2.0
91,0,dn4,2,pkg9,7.0,12.0,17,1000.0,26,13,5,13
91,0,dn5,2,pkg8,8.0,14.0,20,1000.0,14.0,8.0,6,6.0
91,0,dn6,2,pkg2,10.0,17.0,23,1000.0,17.0,10.0,6,7.0
91,0,dn7,3,pkg11,6.0,11.0,14,1000.0,16,8,3,8
91,0,dn8,3,pkg22,9.0,15.0,19,1000.0,28,14,4,14
91,0,dn9,3,pkg13,6.0,12.0,20,1000.0,9.0,6.0,8,3.0
91,0,dn10,4,pkg19,6.0,16.0,25,1000.0,24,12,9,12
91,0,dn11,4,pkg10,9.0,18.0,28,1000.0,26,13,10,13
91,0,dn13,5,pkg16,7.0,15.0,17,1000.0,9.0,7.0,2,2.0
91,0,dn14,5,pkg6,8.0,18.0,19,1000.0,9.0,8.0,1,1.0
91,0,dn15,5,pkg21,7.0,17.0,21,1000.0,11.0,7.0,4,4.0
91,5,dn12,4,pkg24,10.0,15.0,26,1000.0,23,14,11,9
91,7,dn3,1,pkg14,8.0,18.0,22,1000.0,17,12,4,5
91,9,dn9,3,pkg17,8.0,16.0,20,1000.0,29,19,4,10
91,9,dn13,5,pkg15,10.0,18.0,22,1000.0,15,12,4,3
91,9,dn14,5,pkg20,6.0,16.0,22,1000.0,17,13,6,4
91,10,dn1,1,pkg18,10.0,19.0,23,1000.0,26,18,4,8
91,11,dn15,5,pkg4,9.0,18.0,24,1000.0,27,19,6,8
91,14,dn5,2,pkg5,7.0,17.0,26,1000.0,40,27,9,13
91,15,dn13,5,pkg23,13.0,20.0,25,1000.0,27,21,5,6
91,16,dn7,3,pkg3,10.0,20.0,27,1000.0,40,28,7,12
91,17,dn3,1,pkg27,14.0,24.0,31,1000.0,23,20,7,3
91,17,dn6,2,pkg28,15.0,24.0,29,1000.0,59,38,5,21
91,23,dn3,1,pkg31,26.0,34.0,42,1000.0,55,39,8,16
91,23,dn12,4,pkg30,22.0,31.0,38,1000.0,67,45,7,22
91,23,dn14,5,pkg33,30.0,36.0,39,1000.0,33.0,30.0,3,3.0
91,24,dn10,4,pkg32,29.0,39.0,46,1000.0,62,43,7,19
91,27,dn4,2,pkg35,33.0,38.0,49,1000.0,49,38,11,11
91,27,dn13,5,pkg34,35.0,44.0,53,1000.0,39.0,35.0,9,4.0
91,30,dn11,4,pkg36,37.0,45.0,55,1000.0,82,56,10,26
91,31,dn1,1,pkg37,38.0,46.0,52,1000.0,40.0,38.0,6,2.0
91,35,dn2,1,pkg39,45.0,55.0,61,1000.0,75,55,6,20
91,39,dn8,3,pkg41,44.0,51.0,54,1000.0,67,53,3,14
91,40,dn5,2,pkg38,38.0,45.0,47,1000.0,76,58,2,18
91,40,dn7,3,pkg42,48.0,53.0,64,1000.0,86,63,11,23
91,44,dn1,1,pkg43,51.0,59.0,65,1000.0,55.0,51.0,6,4.0
91,45,dn9,3,pkg44,54.0,64.0,75,1000.0,57.0,54.0,11,3.0
91,46,dn13,5,pkg45,54.0,64.0,74,1000.0,70,58,10,12
91,47,dn14,5,pkg46,54.0,64.0,71,1000.0,61,54,7,7
91,49,dn4,2,pkg40,42.0,52.0,61,1000.0,83,66,9,17
91,55,dn1,1,pkg47,54.0,62.0,67,1000.0,83,69,5,14
91,55,dn3,1,pkg51,60.0,65.0,71,1000.0,95,75,6,20
91,57,dn9,3,pkg49,60.0,68.0,76,1000.0,95,76,8,19
91,57,dn15,5,pkg52,64.0,73.0,80,1000.0,69.0,64.0,7,5.0
91,59,dn6,2,pkg50,61.0,67.0,71,1000.0,103,81,4,22
91,61,dn14,5,pkg54,67.0,77.0,85,1000.0,83,72,8,11
91,62,dn10,4,pkg48,59.0,69.0,73,1000.0,106,84,4,22
91,67,dn8,3,pkg56,73.0,78.0,82,1000.0,77.0,73.0,4,4.0
91,68,dn12,4,pkg57,76.0,84.0,94,1000.0,100,84,10,16
91,75,dn2,1,pkg58,81.0,86.0,91,1000.0,99,87,5,12
91,76,dn5,2,pkg55,70.0,78.0,85,1000.0,100,88,7,12
91,77,dn8,3,pkg60,82.0,87.0,92,1000.0,95,86,5,9
91,80,dn13,5,pkg61,87.0,93.0,95,1000.0,88.0,87.0,2,1.0
91,82,dn11,4,pkg59,80.0,90.0,97,1000.0,100,91,7,9
91,82,dn15,5,pkg63,92.0,101.0,107,1000.0,98.0,92.0,6,6.0
91,83,dn1,1,pkg62,87.0,97.0,105,1000.0,121,102,8,19
91,86,dn4,2,pkg64,93.0,102.0,108,1000.0,112,99,6,13
91,88,dn7,3,pkg65,94.0,104.0,112,1000.0,112,100,8,12
91,89,dn13,5,pkg66,98.0,108.0,111,1000.0,101.0,98.0,3,3.0
91,92,dn14,5,pkg68,97.0,102.0,107,1000.0,101.0,97.0,5,4.0
91,95,dn3,1,pkg67,99.0,109.0,116,1000.0,127,111,7,16
91,97,dn8,3,pkg71,105.0,112.0,122,1000.0,111.0,105.0,10,6.0
92,0,dn1,1,pkg3,10.0,15.0,19,1000.0,24,12,4,12
92,0,dn2,1,pkg13,9.0,17.0,19,1000.0,24,12,2,12
92,0,dn3,1,pkg6,8.0,16.0,20,1000.0,20,10,4,10
92,0,dn4,2,pkg8,7.0,14.0,16,1000.0,30,15,2,15
92,0,dn5,2,pkg12,6.0,11.0,16,1000.0,48,24,5,24
92,0,dn6,2,pkg17,6.0,12.0,17,1000.0,24,12,5,12
92,0,dn7,3,pkg4,7.0,13.0,17,1000.0,30,15,4,15
92,0,dn8,3,pkg20,5.0,14.0,18,1000.0,9.0,5.0,4,4.0
92,0,dn9,3,pkg1,6.0,16.0,19,1000.0,14,7,3,7
92,0,dn10,4,pkg7,7.0,13.0,18,1000.0,34,17,5,17
92,0,dn11,4,pkg19,8.0,17.0,19,1000.0,24,12,2,12
92,0,dn12,4,pkg14,10.0,15.0,20,1000.0,42,21,5,21
92,0,dn13,5,pkg22,7.0,12.0,15,1000.0,10.0,7.0,3,3.0
92,0,dn14,5,pkg5,9.0,15.0,21,1000.0,14.0,9.0,6,5.0
92,0,dn15,5,pkg15,9.0,16.0,23,1000.0,11.0,9.0,7,2.0
92,9,dn8,3,pkg16,7.0,15.0,20,1000.0,27,18,5,9
92,10,dn13,5,pkg9,10.0,19.0,24,1000.0,24,17,5,7
92,11,dn15,5,pkg26,14.0,21.0,27,1000.0,19,15,6,4
92,14,dn9,3,pkg18,7.0,16.0,22,1000.0,38,26,6,12
92,14,dn14,5,pkg24,9.0,18.0,28,1000.0,30,22,10,8
92,19,dn15,5,pkg27,14.0,21.0,32,1000.0,43,31,11,12
92,20,dn3,1,pkg30,21.0,26.0,32,1000.0,48,34,6,14
92,24,dn1,1,pkg32,21.0,28.0,33,1000.0,34,29,5,5
92,24,dn2,1,pkg31,21.0,31.0,34,1000.0,32,28,3,4
92,24,dn6,2,pkg29,19.0,28.0,37,1000.0,66,45,9,21
92,24,dn11,4,pkg33,27.0,34.0,44,1000.0,42,33,10,9
92,24,dn13,5,pkg28,19.0,29.0,35,1000.0,30,27,6,3
92,27,dn8,3,pkg34,26.0,32.0,40,1000.0,37,32,8,5
92,30,dn4,2,pkg36,32.0,38.0,41,1000.0,76,53,3,23
92,30,dn7,3,pkg37,33.0,40.0,44,1000.0,42,36,4,6
92,30,dn13,5,pkg35,31.0,39.0,43,1000.0,38,34,4,4
92,30,dn14,5,pkg38,31.0,40.0,45,1000.0,40,35,5,5
92,32,dn2,1,pkg41,35.0,42.0,46,1000.0,46,39,4,7
92,34,dn1,1,pkg39,34.0,41.0,47,1000.0,56,45,6,11
92,34,dn10,4,pkg40,34.0,39.0,45,1000.0,70,52,6,18
92,37,dn8,3,pkg45,41.0,49.0,51,1000.0,47,42,2,5
92,38,dn9,3,pkg44,43.0,48.0,52,1000.0,48,43,4,5
92,38,dn13,5,pkg47,44.0,52.0,56,1000.0,47.0,44.0,4,3.0
92,40,dn14,5,pkg46,45.0,50.0,58,1000.0,52,46,8,6
92,42,dn7,3,pkg43,39.0,49.0,58,1000.0,70,56,9,14
92,42,dn11,4,pkg42,36.0,43.0,49,1000.0,60,51,6,9
92,42,dn12,4,pkg48,46.0,56.0,59,1000.0,94,68,3,26
92,47,dn8,3,pkg49,54.0,61.0,71,1000.0,65,56,10,9
92,52,dn5,2,pkg50,58.0,66.0,76,1000.0,74,63,10,11
92,53,dn2,1,pkg51,61.0,67.0,71,1000.0,67.0,61.0,4,6.0
92,55,dn9,3,pkg53,60.0,69.0,75,1000.0,69,62,6,7
92,56,dn13,5,pkg54,64.0,72.0,83,1000.0,71.0,64.0,11,7.0
92,60,dn11,4,pkg52,64.0,71.0,82,1000.0,116,88,11,28
92,60,dn14,5,pkg55,65.0,75.0,83,1000.0,78,69,8,9
92,63,dn1,1,pkg56,72.0,80.0,90,1000.0,85,74,10,11
92,66,dn3,1,pkg58,75.0,84.0,94,1000.0,81.0,75.0,10,6.0
92,66,dn6,2,pkg57,73.0,81.0,90,1000.0,79.0,73.0,9,6.0
92,68,dn8,3,pkg59,78.0,84.0,93,1000.0,108,88,9,20
92,71,dn2,1,pkg60,80.0,85.0,93,1000.0,85.0,80.0,8,5.0
92,74,dn5,2,pkg61,84.0,91.0,95,1000.0,114,94,4,20
92,77,dn13,5,pkg62,86.0,95.0,101,1000.0,95,86,6,9
92,78,dn4,2,pkg63,88.0,95.0,105,1000.0,102,90,10,12
92,82,dn3,1,pkg64,92.0,99.0,107,1000.0,95.0,92.0,8,3.0
92,83,dn6,2,pkg65,88.0,98.0,109,1000.0,149,116,11,33
92,84,dn10,4,pkg66,92.0,101.0,108,1000.0,132,108,7,24
92,87,dn7,3,pkg67,92.0,100.0,108,1000.0,133,110,8,23
92,89,dn1,1,pkg68,95.0,103.0,109,1000.0,109,99,6,10
92,91,dn9,3,pkg69,99.0,109.0,120,1000.0,125,108,11,17
92,92,dn2,1,pkg70,98.0,108.0,112,1000.0,122,107,4,15
92,98,dn3,1,pkg71,103.0,108.0,117,1000.0,136,117,9,19
93,0,dn1,1,pkg6,6.0,12.0,20,1000.0,10.0,6.0,8,4.0
93,0,dn2,1,pkg5,5.0,15.0,21,1000.0,22,11,6,11
93,0,dn3,1,pkg10,9.0,19.0,21,1000.0,16.0,9.0,2,7.0
93,0,dn4,2,pkg7,5.0,15.0,20,1000.0,24,12,5,12
93,0,dn5,2,pkg17,5.0,10.0,20,1000.0,26,13,10,13
93,0,dn6,2,pkg13,8.0,15.0,22,1000.0,30,15,7,15
93,0,dn7,3,pkg21,5.0,12.0,14,1000.0,7.0,5.0,2,2.0
93,0,dn8,3,pkg19,5.0,11.0,16,1000.0,9.0,5.0,5,4.0
93,0,dn9,3,pkg11,9.0,14.0,17,1000.0,15.0,9.0,3,6.0
93,0,dn10,4,pkg14,8.0,14.0,15,1000.0,34,17,1,17
93,0,dn11,4,pkg8,10.0,16.0,19,1000.0,34,17,3,17
93,0,dn12,4,pkg3,10.0,17.0,22,1000.0,30,15,5,15
93,0,dn13,5,pkg16,8.0,13.0,15,1000.0,9.0,8.0,2,1.0
93,0,dn14,5,pkg15,8.0,14.0,18,1000.0,12.0,8.0,4,4.0
93,0,dn15,5,pkg20,10.0,16.0,22,1000.0,15.0,10.0,6,5.0
93,7,dn7,3,pkg23,6.0,15.0,20,1000.0,31,19,5,12
93,9,dn8,3,pkg1,10.0,18.0,21,1000.0,21,15,3,6
93,9,dn13,5,pkg18,8.0,15.0,24,1000.0,21,15,9,6
93,10,dn1,1,pkg24,11.0,18.0,20,1000.0,24,17,2,7
93,12,dn14,5,pkg26,10.0,17.0,25,1000.0,28,20,8,8
93,15,dn9,3,pkg31,16.0,22.0,25,1000.0,41,28,3,13
93,15,dn15,5,pkg12,10.0,20.0,27,1000.0,33,24,7,9
93,16,dn3,1,pkg9,9.0,18.0,24,1000.0,30,23,6,7
93,21,dn8,3,pkg28,13.0,22.0,33,1000.0,41,31,11,10
93,21,dn13,5,pkg27,13.0,23.0,31,1000.0,37,29,8,8
93,22,dn2,1,pkg33,19.0,27.0,32,1000.0,46,34,5,12
93,24,dn1,1,pkg34,22.0,31.0,34,1000.0,54,39,3,15
93,24,dn4,2,pkg40,27.0,32.0,36,1000.0,52,38,4,14
93,26,dn5,2,pkg35,24.0,33.0,42,1000.0,76,51,9,25
93,28,dn14,5,pkg38,23.0,33.0,43,1000.0,60,44,10,16
93,30,dn3,1,pkg39,28.0,37.0,39,1000.0,40,35,2,5
93,30,dn6,2,pkg41,28.0,38.0,45,1000.0,56,43,7,13
93,30,dn12,4,pkg42,30.0,39.0,49,1000.0,48,39,10,9
93,31,dn7,3,pkg43,33.0,39.0,46,1000.0,41,36,7,5
93,34,dn10,4,pkg45,37.0,42.0,49,1000.0,54,44,7,10
93,34,dn11,4,pkg44,38.0,48.0,54,1000.0,82,58,6,24
93,36,dn15,5,pkg46,44.0,53.0,62,1000.0,50.0,44.0,9,6.0
93,37,dn13,5,pkg47,44.0,49.0,53,1000.0,46.0,44.0,4,2.0
93,40,dn3,1,pkg49,44.0,51.0,57,1000.0,74,57,6,17
93,41,dn7,3,pkg48,48.0,55.0,61,1000.0,54.0,48.0,6,6.0
93,46,dn2,1,pkg50,52.0,61.0,69,1000.0,82,64,8,18
93,48,dn12,4,pkg51,53.0,63.0,70,1000.0,72,60,7,12
93,51,dn8,3,pkg52,57.0,67.0,78,1000.0,85,68,11,17
93,52,dn9,3,pkg53,60.0,70.0,77,1000.0,65.0,60.0,7,5.0
93,53,dn4,2,pkg54,61.0,69.0,72,1000.0,85,69,3,16
93,54,dn10,4,pkg55,59.0,64.0,70,1000.0,86,70,6,16
93,55,dn7,3,pkg56,64.0,73.0,81,1000.0,67.0,64.0,8,3.0
93,56,dn1,1,pkg57,66.0,71.0,81,1000.0,74.0,66.0,10,8.0
93,57,dn13,5,pkg58,65.0,73.0,80,1000.0,72.0,65.0,7,7.0
93,58,dn6,2,pkg59,63.0,72.0,74,1000.0,98,78,2,20
93,60,dn14,5,pkg60,67.0,72.0,79,1000.0,71.0,67.0,7,4.0
93,62,dn15,5,pkg61,72.0,79.0,80,1000.0,73.0,72.0,1,1.0
93,65,dn9,3,pkg63,74.0,83.0,90,1000.0,95,80,7,15
93,70,dn7,3,pkg64,75.0,82.0,88,1000.0,80,75,6,5
93,71,dn14,5,pkg65,76.0,84.0,93,1000.0,80.0,76.0,9,4.0
93,72,dn12,4,pkg66,79.0,88.0,93,1000.0,106,89,5,17
93,76,dn1,1,pkg67,82.0,87.0,91,1000.0,104,90,4,14
93,77,dn3,1,pkg68,87.0,96.0,103,1000.0,96.0,87.0,7,9.0
93,78,dn5,2,pkg69,84.0,89.0,93,1000.0,124,101,4,23
93,82,dn2,1,pkg70,88.0,95.0,97,1000.0,100,91,2,9
93,84,dn7,3,pkg71,90.0,97.0,98,1000.0,108,96,1,12
93,88,dn8,3,pkg72,93.0,103.0,108,1000.0,100,94,5,6
93,89,dn4,2,pkg73,97.0,103.0,114,1000.0,119,104,11,15
93,92,dn10,4,pkg75,98.0,105.0,112,1000.0,110,101,7,9
93,95,dn9,3,pkg76,103.0,112.0,114,1000.0,115,105,2,10
93,97,dn3,1,pkg77,106.0,112.0,118,1000.0,123,110,6,13
93,98,dn6,2,pkg74,97.0,107.0,116,1000.0,122,110,9,12
93,98,dn11,4,pkg78,107.0,115.0,123,1000.0,126,112,8,14
94,0,dn1,1,pkg10,7.0,14.0,18,1000.0,18,9,4,9
94,0,dn2,1,pkg14,9.0,14.0,19,1000.0,22,11,5,11
94,0,dn3,1,pkg17,6.0,13.0,19,1000.0,18,9,6,9
94,0,dn4,2,pkg12,6.0,11.0,14,1000.0,22,11,3,11
94,0,dn5,2,pkg4,7.0,14.0,19,1000.0,38,19,5,19
94,0,dn6,2,pkg2,7.0,12.0,21,1000.0,46,23,9,23
94,0,dn7,3,pkg7,5.0,10.0,13,1000.0,20,10,3,10
94,0,dn8,3,pkg11,6.0,13.0,16,1000.0,22,11,3,11
94,0,dn9,3,pkg22,9.0,15.0,18,1000.0,15.0,9.0,3,6.0
94,0,dn10,4,pkg18,7.0,14.0,21,1000.0,26,13,7,13
94,0,dn11,4,pkg1,8.0,15.0,25,1000.0,20,10,10,10
94,0,dn12,4,pkg16,9.0,16.0,26,1000.0,17.0,9.0,10,8.0
94,0,dn13,5,pkg21,6.0,16.0,18,1000.0,7.0,6.0,2,1.0
94,0,dn14,5,pkg3,5.0,14.0,21,1000.0,18,9,7,9
94,0,dn15,5,pkg9,7.0,14.0,22,1000.0,26,13,8,13
94,7,dn13,5,pkg24,14.0,21.0,25,1000.0,19.0,14.0,4,5.0
94,15,dn9,3,pkg8,10.0,17.0,20,1000.0,29,22,3,7
94,17,dn12,4,pkg25,14.0,21.0,27,1000.0,51,34,6,17
94,18,dn1,1,pkg26,16.0,21.0,29,1000.0,46,32,8,14
94,18,dn3,1,pkg27,20.0,29.0,33,1000.0,30,24,4,6
94,18,dn14,5,pkg29,26.0,35.0,40,1000.0,33.0,26.0,5,7.0
94,20,dn7,3,pkg28,23.0,33.0,42,1000.0,38,29,9,9
94,24,dn2,1,pkg30,32.0,37.0,44,1000.0,33.0,32.0,7,1.0
94,26,dn10,4,pkg31,34.0,40.0,47,1000.0,41.0,34.0,7,7.0
94,27,dn4,2,pkg32,36.0,46.0,54,1000.0,63,45,8,18
94,30,dn3,1,pkg33,38.0,43.0,49,1000.0,42.0,38.0,6,4.0
94,34,dn2,1,pkg34,39.0,46.0,50,1000.0,46,40,4,6
94,37,dn11,4,pkg35,43.0,48.0,54,1000.0,53,45,6,8
94,42,dn5,2,pkg36,50.0,55.0,65,1000.0,76,59,10,17
94,43,dn3,1,pkg37,48.0,55.0,65,1000.0,69,56,10,13
94,44,dn7,3,pkg38,52.0,59.0,67,1000.0,72,58,8,14
94,45,dn10,4,pkg39,53.0,63.0,65,1000.0,83,64,2,19
94,46,dn6,2,pkg40,52.0,60.0,65,1000.0,58,52,5,6
94,47,dn1,1,pkg41,52.0,58.0,64,1000.0,65,56,6,9
94,51,dn12,4,pkg42,53.0,63.0,73,1000.0,67,59,10,8
94,54,dn2,1,pkg44,61.0,68.0,75,1000.0,88,71,7,17
94,55,dn8,3,pkg45,63.0,73.0,84,1000.0,66.0,63.0,11,3.0
94,58,dn6,2,pkg43,59.0,67.0,71,1000.0,68,63,4,5
94,59,dn9,3,pkg46,67.0,75.0,86,1000.0,70.0,67.0,11,3.0
94,61,dn11,4,pkg47,70.0,77.0,79,1000.0,87,74,2,13
94,65,dn1,1,pkg48,73.0,81.0,87,1000.0,101,83,6,18
94,66,dn4,2,pkg49,71.0,79.0,90,1000.0,80,73,11,7
94,68,dn6,2,pkg50,77.0,85.0,90,1000.0,110,89,5,21
94,69,dn3,1,pkg51,77.0,87.0,95,1000.0,81.0,77.0,8,4.0
94,71,dn12,4,pkg52,81.0,88.0,92,1000.0,86.0,81.0,4,5.0
94,77,dn5,2,pkg53,87.0,94.0,100,1000.0,107,92,6,15
94,78,dn13,5,pkg54,84.0,92.0,102,1000.0,96,87,10,9
94,83,dn3,1,pkg55,88.0,95.0,103,1000.0,93,88,8,5
94,86,dn4,2,pkg56,91.0,99.0,110,1000.0,94.0,91.0,11,3.0
94,87,dn7,3,pkg57,97.0,103.0,108,1000.0,107,97,5,10
94,91,dn2,1,pkg58,96.0,101.0,105,1000.0,107,99,4,8
94,98,dn3,1,pkg59,104.0,111.0,120,1000.0,106.0,104.0,9,2.0
95,0,dn1,1,pkg20,5.0,13.0,17,1000.0,34,17,4,17
95,0,dn2,1,pkg7,8.0,16.0,18,1000.0,16,8,2,8
95,0,dn3,1,pkg16,7.0,13.0,19,1000.0,13.0,7.0,6,6.0
95,0,dn4,2,pkg2,9.0,14.0,17,1000.0,50,25,3,25
95,0,dn5,2,pkg1,5.0,13.0,20,1000.0,16,8,7,8
95,0,dn6,2,pkg5,6.0,11.0,20,1000.0,34,17,9,17
95,0,dn7,3,pkg14,5.0,12.0,14,1000.0,16,8,2,8
95,0,dn8,3,pkg22,6.0,15.0,16,1000.0,20,10,1,10
95,0,dn9,3,pkg11,6.0,14.0,21,1000.0,9.0,6.0,7,3.0
95,0,dn10,4,pkg13,8.0,14.0,17,1000.0,34,17,3,17
95,0,dn11,4,pkg10,9.0,14.0,18,1000.0,34,17,4,17
95,0,dn12,4,pkg21,8.0,15.0,20,1000.0,42,21,5,21
95,0,dn13,5,pkg15,9.0,15.0,18,1000.0,11.0,9.0,3,2.0
95,0,dn14,5,pkg8,9.0,14.0,21,1000.0,16.0,9.0,7,7.0
95,0,dn15,5,pkg4,10.0,18.0,24,1000.0,13.0,10.0,6,3.0
95,9,dn9,3,pkg17,9.0,19.0,22,1000.0,27,18,3,9
95,11,dn13,5,pkg18,10.0,15.0,26,1000.0,33,22,11,11
95,13,dn3,1,pkg9,10.0,20.0,24,1000.0,33,23,4,10
95,13,dn15,5,pkg3,10.0,16.0,27,1000.0,47,30,11,17
95,16,dn2,1,pkg19,10.0,20.0,25,1000.0,38,27,5,11
95,16,dn5,2,pkg26,16.0,25.0,32,1000.0,52,34,7,18
95,16,dn7,3,pkg24,13.0,20.0,26,1000.0,54,35,6,19
95,16,dn14,5,pkg31,21.0,28.0,30,1000.0,24.0,21.0,2,3.0
95,20,dn8,3,pkg25,16.0,25.0,29,1000.0,30,25,4,5
95,24,dn14,5,pkg29,20.0,25.0,32,1000.0,38,31,7,7
95,27,dn9,3,pkg30,20.0,28.0,35,1000.0,37,32,7,5
95,30,dn8,3,pkg35,35.0,41.0,45,1000.0,54,42,4,12
95,33,dn3,1,pkg33,26.0,35.0,44,1000.0,49,41,9,8
95,33,dn13,5,pkg37,40.0,50.0,53,1000.0,42.0,40.0,3,2.0
95,34,dn1,1,pkg36,37.0,45.0,46,1000.0,44,39,1,5
95,34,dn6,2,pkg34,30.0,35.0,37,1000.0,66,50,2,16
95,37,dn10,4,pkg39,47.0,54.0,57,1000.0,56.0,47.0,3,9.0
95,39,dn2,1,pkg41,45.0,51.0,61,1000.0,73,56,10,17
95,43,dn9,3,pkg42,48.0,58.0,65,1000.0,57,50,7,7
95,50,dn4,2,pkg40,46.0,52.0,55,1000.0,90,70,3,20
95,50,dn11,4,pkg44,58.0,63.0,74,1000.0,82,66,11,16
95,51,dn13,5,pkg45,59.0,66.0,72,1000.0,65.0,59.0,6,6.0
95,52,dn5,2,pkg43,52.0,59.0,63,1000.0,90,71,4,19
95,52,dn14,5,pkg46,62.0,67.0,76,1000.0,74,63,9,11
95,53,dn1,1,pkg47,61.0,71.0,82,1000.0,63.0,61.0,11,2.0
95,54,dn3,1,pkg48,59.0,66.0,71,1000.0,80,67,5,13
95,56,dn10,4,pkg49,65.0,72.0,77,1000.0,73.0,65.0,5,8.0
95,57,dn12,4,pkg50,67.0,75.0,83,1000.0,101,79,8,22
95,58,dn7,3,pkg51,64.0,74.0,80,1000.0,66.0,64.0,6,2.0
95,61,dn8,3,pkg54,66.0,73.0,83,1000.0,81,71,10,10
95,63,dn1,1,pkg52,67.0,76.0,83,1000.0,95,79,7,16
95,63,dn9,3,pkg55,71.0,77.0,86,1000.0,79,71,9,8
95,65,dn13,5,pkg56,72.0,82.0,90,1000.0,83,74,8,9
95,66,dn6,2,pkg53,67.0,72.0,75,1000.0,118,92,3,26
95,71,dn7,3,pkg57,76.0,82.0,90,1000.0,101,86,8,15
95,74,dn14,5,pkg58,81.0,91.0,94,1000.0,84.0,81.0,3,3.0
95,76,dn2,1,pkg59,85.0,95.0,103,1000.0,93.0,85.0,8,8.0
95,77,dn15,5,pkg60,85.0,91.0,98,1000.0,89.0,85.0,7,4.0
95,81,dn3,1,pkg61,89.0,98.0,99,1000.0,99,90,1,9
95,82,dn10,4,pkg62,92.0,98.0,105,1000.0,140,111,7,29
95,87,dn11,4,pkg63,94.0,101.0,103,1000.0,143,115,2,28
95,90,dn4,2,pkg65,96.0,104.0,112,1000.0,102,96,8,6
95,92,dn5,2,pkg66,101.0,107.0,111,1000.0,132,112,4,20
95,93,dn2,1,pkg64,94.0,100.0,104,1000.0,115,104,4,11
95,95,dn1,1,pkg67,100.0,110.0,112,1000.0,117,106,2,11
95,96,dn8,3,pkg68,103.0,113.0,123,1000.0,108.0,103.0,10,5.0
95,99,dn9,3,pkg69,109.0,114.0,115,1000.0,117.0,109.0,1,8.0
96,0,dn1,1,pkg10,6.0,11.0,14,1000.0,14,7,3,7
96,0,dn2,1,pkg6,5.0,10.0,15,1000.0,30,15,5,15
96,0,dn3,1,pkg19,6.0,11.0,17,1000.0,10.0,6.0,6,4.0
96,0,dn4,2,pkg8,6.0,13.0,16,1000.0,46,23,3,23
96,0,dn5,2,pkg2,6.0,13.0,18,1000.0,24,12,5,12
96,0,dn6,2,pkg7,7.0,13.0,18,1000.0,28,14,5,14
96,0,dn7,3,pkg13,5.0,10.0,14,1000.0,7.0,5.0,4,2.0
96,0,dn8,3,pkg22,7.0,14.0,16,1000.0,28,14,2,14
96,0,dn9,3,pkg16,7.0,14.0,18,1000.0,28,14,4,14
96,0,dn10,4,pkg14,7.0,13.0,18,1000.0,54,27,5,27
96,0,dn11,4,pkg1,6.0,12.0,19,1000.0,30,15,7,15
96,0,dn12,4,pkg3,7.0,15.0,20,1000.0,22,11,5,11
96,0,dn13,5,pkg5,5.0,15.0,20,1000.0,14,7,5,7
96,0,dn14,5,pkg21,6.0,15.0,25,1000.0,26,13,10,13
96,0,dn15,5,pkg12,8.0,18.0,27,1000.0,14.0,8.0,9,6.0
96,7,dn7,3,pkg25,8.0,13.0,15,1000.0,27,17,2,10
96,10,dn3,1,pkg9,6.0,14.0,18,1000.0,32,21,4,11
96,14,dn1,1,pkg18,10.0,17.0,24,1000.0,42,28,7,14
96,14,dn13,5,pkg23,9.0,19.0,30,1000.0,32,23,11,9
96,14,dn15,5,pkg28,20.0,25.0,30,1000.0,30,22,5,8
96,22,dn12,4,pkg29,21.0,26.0,35,1000.0,38,30,9,8
96,24,dn5,2,pkg31,26.0,31.0,35,1000.0,36,30,4,6
96,26,dn14,5,pkg36,30.0,35.0,42,1000.0,38,32,7,6
96,27,dn7,3,pkg33,27.0,36.0,42,1000.0,39,33,6,6
96,28,dn6,2,pkg35,30.0,35.0,38,1000.0,52,40,3,12
96,28,dn8,3,pkg38,36.0,43.0,50,1000.0,40.0,36.0,7,4.0
96,28,dn9,3,pkg39,38.0,46.0,56,1000.0,60,44,10,16
96,30,dn2,1,pkg32,28.0,36.0,44,1000.0,64,47,8,17
96,30,dn11,4,pkg37,30.0,36.0,42,1000.0,46,38,6,8
96,30,dn15,5,pkg40,36.0,45.0,54,1000.0,44,37,9,7
96,32,dn3,1,pkg34,32.0,41.0,49,1000.0,64,48,8,16
96,33,dn13,5,pkg43,42.0,52.0,58,1000.0,47.0,42.0,6,5.0
96,36,dn5,2,pkg45,44.0,52.0,59,1000.0,70,53,7,17
96,38,dn12,4,pkg42,40.0,50.0,55,1000.0,70,54,5,16
96,42,dn1,1,pkg41,38.0,46.0,53,1000.0,64,53,7,11
96,42,dn7,3,pkg46,48.0,54.0,60,1000.0,78,60,6,18
96,43,dn8,3,pkg47,49.0,55.0,65,1000.0,63,53,10,10
96,45,dn14,5,pkg49,51.0,59.0,63,1000.0,56.0,51.0,4,5.0
96,46,dn4,2,pkg44,45.0,53.0,61,1000.0,102,74,8,28
96,48,dn13,5,pkg51,58.0,64.0,72,1000.0,63.0,58.0,8,5.0
96,50,dn15,5,pkg53,59.0,69.0,74,1000.0,65.0,59.0,5,6.0
96,52,dn6,2,pkg50,55.0,61.0,72,1000.0,68,60,11,8
96,56,dn14,5,pkg54,61.0,66.0,74,1000.0,76,66,8,10
96,60,dn9,3,pkg52,54.0,63.0,72,1000.0,76,68,9,8
96,60,dn10,4,pkg58,70.0,80.0,90,1000.0,77.0,70.0,10,7.0
96,63,dn8,3,pkg56,63.0,70.0,78,1000.0,103,83,8,20
96,63,dn13,5,pkg60,68.0,73.0,83,1000.0,89,76,10,13
96,64,dn1,1,pkg59,70.0,80.0,83,1000.0,80,72,3,8
96,68,dn6,2,pkg57,68.0,78.0,84,1000.0,108,88,6,20
96,70,dn5,2,pkg62,76.0,85.0,86,1000.0,96,83,1,13
96,76,dn2,1,pkg65,85.0,95.0,96,1000.0,98,87,1,11
96,76,dn9,3,pkg61,73.0,79.0,88,1000.0,100,88,9,12
96,77,dn3,1,pkg66,87.0,94.0,100,1000.0,103,90,6,13
96,78,dn7,3,pkg63,80.0,87.0,98,1000.0,114,96,11,18
96,78,dn14,5,pkg67,88.0,97.0,103,1000.0,93.0,88.0,6,5.0
96,81,dn15,5,pkg68,90.0,96.0,105,1000.0,105,93,9,12
96,84,dn1,1,pkg69,90.0,100.0,111,1000.0,114,99,11,15
96,89,dn10,4,pkg72,99.0,105.0,113,1000.0,123,106,8,17
96,89,dn13,5,pkg70,90.0,95.0,106,1000.0,103,96,11,7
96,93,dn11,4,pkg75,103.0,109.0,115,1000.0,133,113,6,20
96,93,dn14,5,pkg73,100.0,109.0,118,1000.0,119,106,9,13
96,96,dn5,2,pkg74,97.0,105.0,115,1000.0,132,114,10,18
96,97,dn12,4,pkg77,106.0,111.0,118,1000.0,123,110,7,13
96,98,dn2,1,pkg71,96.0,104.0,110,1000.0,132,115,6,17
97,0,dn1,1,pkg12,10.0,16.0,18,1000.0,17.0,10.0,2,7.0
97,0,dn2,1,pkg5,7.0,14.0,19,1000.0,14,7,5,7
97,0,dn3,1,pkg3,6.0,15.0,21,1000.0,26,13,6,13
97,0,dn4,2,pkg18,5.0,12.0,15,1000.0,22,11,3,11
97,0,dn5,2,pkg2,6.0,14.0,19,1000.0,30,15,5,15
97,0,dn6,2,pkg7,5.0,13.0,19,1000.0,38,19,6,19
97,0,dn7,3,pkg4,7.0,12.0,18,1000.0,10.0,7.0,6,3.0
97,0,dn8,3,pkg9,8.0,15.0,18,1000.0,24,12,3,12
97,0,dn9,3,pkg15,7.0,14.0,18,1000.0,13.0,7.0,4,6.0
97,0,dn10,4,pkg8,10.0,16.0,18,1000.0,24,12,2,12
97,0,dn11,4,pkg17,8.0,18.0,25,1000.0,24,12,7,12
97,0,dn12,4,pkg14,8.0,15.0,26,1000.0,16,8,11,8
97,0,dn13,5,pkg21,5.0,14.0,18,1000.0,9.0,5.0,4,4.0
97,0,dn14,5,pkg11,6.0,15.0,19,1000.0,8.0,6.0,4,2.0
97,0,dn15,5,pkg1,6.0,14.0,20,1000.0,12,6,6,6
97,8,dn14,5,pkg23,7.0,13.0,19,1000.0,18,13,6,5
97,9,dn13,5,pkg16,7.0,15.0,21,1000.0,19,14,6,5
97,10,dn7,3,pkg22,10.0,19.0,21,1000.0,30,20,2,10
97,12,dn15,5,pkg6,10.0,20.0,29,1000.0,32,22,9,10
97,13,dn9,3,pkg10,6.0,14.0,22,1000.0,31,22,8,9
97,14,dn2,1,pkg25,12.0,19.0,22,1000.0,34,24,3,10
97,16,dn12,4,pkg20,7.0,17.0,26,1000.0,54,35,9,19
97,17,dn1,1,pkg29,17.0,27.0,29,1000.0,43,30,2,13
97,18,dn14,5,pkg28,19.0,25.0,33,1000.0,32,25,8,7
97,19,dn13,5,pkg31,23.0,30.0,35,1000.0,29,24,5,5
97,22,dn4,2,pkg34,28.0,33.0,39,1000.0,52,37,6,15
97,24,dn8,3,pkg30,22.0,32.0,34,1000.0,44,34,2,10
97,24,dn10,4,pkg27,17.0,27.0,30,1000.0,52,38,3,14
97,26,dn3,1,pkg37,32.0,41.0,51,1000.0,54,40,10,14
97,28,dn11,4,pkg38,34.0,41.0,48,1000.0,44,36,7,8
97,29,dn13,5,pkg35,32.0,39.0,45,1000.0,45,37,6,8
97,30,dn5,2,pkg32,23.0,31.0,41,1000.0,66,48,10,18
97,30,dn7,3,pkg33,27.0,34.0,42,1000.0,64,47,8,17
97,31,dn9,3,pkg36,30.0,40.0,44,1000.0,63,47,4,16
97,35,dn2,1,pkg39,44.0,54.0,59,1000.0,51.0,44.0,5,7.0
97,37,dn14,5,pkg41,43.0,52.0,63,1000.0,59,48,11,11
97,38,dn6,2,pkg40,44.0,49.0,54,1000.0,58,48,5,10
97,45,dn1,1,pkg42,50.0,59.0,69,1000.0,59,52,10,7
97,46,dn11,4,pkg43,53.0,58.0,68,1000.0,72,59,10,13
97,47,dn8,3,pkg44,57.0,63.0,74,1000.0,61.0,57.0,11,4.0
97,54,dn13,5,pkg45,61.0,69.0,79,1000.0,78,66,10,12
97,55,dn4,2,pkg46,65.0,75.0,85,1000.0,119,87,10,32
97,57,dn2,1,pkg47,64.0,72.0,83,1000.0,67.0,64.0,11,3.0
97,66,dn5,2,pkg48,76.0,84.0,95,1000.0,98,82,11,16
97,67,dn6,2,pkg49,76.0,85.0,95,1000.0,85,76,10,9
97,69,dn1,1,pkg50,76.0,82.0,92,1000.0,80.0,76.0,10,4.0
97,71,dn2,1,pkg51,78.0,85.0,95,1000.0,125,98,10,27
97,73,dn3,1,pkg52,78.0,85.0,90,1000.0,91,82,5,9
97,79,dn7,3,pkg53,89.0,98.0,102,1000.0,91.0,89.0,4,2.0
97,81,dn1,1,pkg54,86.0,94.0,97,1000.0,99,90,3,9
97,82,dn8,3,pkg55,92.0,102.0,113,1000.0,98.0,92.0,11,6.0
97,88,dn6,2,pkg56,97.0,106.0,117,1000.0,114,101,11,13
97,90,dn10,4,pkg57,95.0,104.0,114,1000.0,128,109,10,19
97,92,dn3,1,pkg58,98.0,105.0,116,1000.0,108,100,11,8
97,93,dn11,4,pkg59,103.0,112.0,123,1000.0,147,120,11,27
97,94,dn12,4,pkg60,100.0,105.0,112,1000.0,108,101,7,7
97,98,dn5,2,pkg61,105.0,114.0,119,1000.0,138,118,5,20
97,99,dn1,1,pkg62,104.0,114.0,123,1000.0,129,114,9,15
98,0,dn1,1,pkg13,7.0,12.0,17,1000.0,22,11,5,11
98,0,dn2,1,pkg18,6.0,11.0,17,1000.0,9.0,6.0,6,3.0
98,0,dn3,1,pkg21,9.0,15.0,18,1000.0,17.0,9.0,3,8.0
98,0,dn4,2,pkg20,5.0,10.0,11,1000.0,24,12,1,12
98,0,dn5,2,pkg16,7.0,16.0,19,1000.0,40,20,3,20
98,0,dn6,2,pkg9,8.0,16.0,20,1000.0,20,10,4,10
98,0,dn7,3,pkg6,5.0,13.0,15,1000.0,12,6,2,6
98,0,dn8,3,pkg5,8.0,14.0,18,1000.0,26,13,4,13
98,0,dn9,3,pkg11,8.0,14.0,19,1000.0,24,12,5,12
98,0,dn10,4,pkg14,9.0,15.0,17,1000.0,38,19,2,19
98,0,dn11,4,pkg2,10.0,18.0,20,1000.0,32,16,2,16
98,0,dn12,4,pkg10,9.0,16.0,21,1000.0,32,16,5,16
98,0,dn13,5,pkg7,6.0,13.0,18,1000.0,8.0,6.0,5,2.0
98,0,dn14,5,pkg19,7.0,16.0,18,1000.0,10.0,7.0,2,3.0
98,0,dn15,5,pkg4,7.0,15.0,21,1000.0,9.0,7.0,6,2.0
98,8,dn13,5,pkg15,8.0,18.0,21,1000.0,16,12,3,4
98,9,dn2,1,pkg24,9.0,14.0,19,1000.0,19,14,5,5
98,9,dn15,5,pkg8,9.0,19.0,22,1000.0,15,12,3,3
98,10,dn14,5,pkg25,11.0,17.0,28,1000.0,42,26,11,16
98,12,dn7,3,pkg22,6.0,15.0,19,1000.0,24,18,4,6
98,17,dn3,1,pkg29,19.0,24.0,33,1000.0,55,36,9,19
98,19,dn2,1,pkg26,16.0,25.0,34,1000.0,43,31,9,12
98,20,dn6,2,pkg28,16.0,22.0,29,1000.0,66,43,7,23
98,22,dn1,1,pkg31,23.0,33.0,40,1000.0,52,37,7,15
98,24,dn4,2,pkg30,24.0,33.0,38,1000.0,60,42,5,18
98,25,dn7,3,pkg35,33.0,42.0,51,1000.0,40.0,33.0,9,7.0
98,26,dn8,3,pkg36,31.0,39.0,44,1000.0,38,32,5,6
98,27,dn9,3,pkg37,35.0,42.0,50,1000.0,39.0,35.0,8,4.0
98,29,dn13,5,pkg38,39.0,49.0,59,1000.0,61,45,10,16
98,32,dn11,4,pkg33,29.0,35.0,38,1000.0,70,51,3,19
98,32,dn12,4,pkg34,25.0,33.0,39,1000.0,54,43,6,11
98,38,dn10,4,pkg40,39.0,45.0,54,1000.0,68,53,9,15
98,40,dn5,2,pkg41,47.0,54.0,63,1000.0,68,54,9,14
98,43,dn2,1,pkg39,40.0,46.0,53,1000.0,63,53,7,10
98,48,dn14,5,pkg43,53.0,63.0,73,1000.0,60,54,10,6
98,49,dn15,5,pkg44,54.0,62.0,71,1000.0,77,63,9,14
98,50,dn7,3,pkg45,60.0,68.0,77,1000.0,64.0,60.0,9,4.0
98,52,dn1,1,pkg46,60.0,69.0,73,1000.0,70,61,4,9
98,54,dn12,4,pkg42,50.0,57.0,63,1000.0,100,77,6,23
98,55,dn3,1,pkg47,61.0,69.0,71,1000.0,87,71,2,16
98,55,dn8,3,pkg48,64.0,73.0,80,1000.0,71.0,64.0,7,7.0
98,60,dn4,2,pkg49,63.0,69.0,75,1000.0,88,74,6,14
98,63,dn2,1,pkg50,63.0,69.0,74,1000.0,83,73,5,10
98,64,dn7,3,pkg52,74.0,80.0,90,1000.0,82.0,74.0,10,8.0
98,66,dn6,2,pkg51,67.0,74.0,81,1000.0,88,77,7,11
98,67,dn9,3,pkg53,73.0,83.0,94,1000.0,115,91,11,24
98,70,dn5,2,pkg54,79.0,89.0,99,1000.0,102,86,10,16
98,72,dn1,1,pkg55,82.0,89.0,93,1000.0,92,82,4,10
98,74,dn8,3,pkg56,79.0,87.0,91,1000.0,83.0,79.0,4,4.0
98,78,dn13,5,pkg57,84.0,92.0,94,1000.0,85.0,84.0,2,1.0
98,79,dn14,5,pkg58,86.0,92.0,98,1000.0,93,86,6,7
98,83,dn2,1,pkg59,93.0,100.0,108,1000.0,98.0,93.0,8,5.0
98,85,dn7,3,pkg60,94.0,104.0,109,1000.0,103,94,5,9
98,86,dn10,4,pkg61,92.0,98.0,102,1000.0,122,104,4,18
98,88,dn4,2,pkg62,98.0,104.0,112,1000.0,106.0,98.0,8,8.0
98,89,dn3,1,pkg63,97.0,106.0,115,1000.0,100.0,97.0,9,3.0
98,90,dn6,2,pkg64,100.0,105.0,108,1000.0,134,112,3,22
98,91,dn8,3,pkg65,99.0,104.0,108,1000.0,123,107,4,16
98,92,dn13,5,pkg66,100.0,105.0,110,1000.0,105.0,100.0,5,5.0
98,94,dn1,1,pkg67,102.0,107.0,116,1000.0,103.0,102.0,9,1.0
98,96,dn14,5,pkg68,103.0,109.0,115,1000.0,109.0,103.0,6,6.0
98,99,dn2,1,pkg69,106.0,111.0,122,1000.0,115,107,11,8
99,0,dn1,1,pkg16,5.0,15.0,18,1000.0,10,5,3,5
99,0,dn2,1,pkg17,8.0,13.0,19,1000.0,16,8,6,8
99,0,dn3,1,pkg2,8.0,14.0,20,1000.0,14.0,8.0,6,6.0
99,0,dn4,2,pkg1,6.0,12.0,16,1000.0,36,18,4,18
99,0,dn5,2,pkg7,9.0,14.0,16,1000.0,30,15,2,15
99,0,dn6,2,pkg21,7.0,13.0,19,1000.0,28,14,6,14
99,0,dn7,3,pkg18,5.0,11.0,19,1000.0,6.0,5.0,8,1.0
99,0,dn8,3,pkg20,6.0,11.0,20,1000.0,8.0,6.0,9,2.0
99,0,dn9,3,pkg5,8.0,13.0,21,1000.0,18,9,8,9
99,0,dn10,4,pkg12,7.0,13.0,16,1000.0,40,20,3,20
99,0,dn11,4,pkg6,8.0,13.0,17,1000.0,24,12,4,12
99,0,dn12,4,pkg13,9.0,16.0,18,1000.0,28,14,2,14
99,0,dn13,5,pkg9,10.0,15.0,17,1000.0,13.0,10.0,2,3.0
99,0,dn14,5,pkg14,7.0,15.0,18,1000.0,8.0,7.0,3,1.0
99,0,dn15,5,pkg4,10.0,16.0,21,1000.0,15.0,10.0,5,5.0
99,6,dn7,3,pkg23,9.0,15.0,22,1000.0,44,25,7,19
99,8,dn8,3,pkg26,14.0,22.0,27,1000.0,40,24,5,16
99,8,dn14,5,pkg15,10.0,18.0,24,1000.0,22,15,6,7
99,10,dn1,1,pkg11,9.0,17.0,24,1000.0,22,16,7,6
99,13,dn13,5,pkg22,10.0,19.0,26,1000.0,31,22,7,9
99,14,dn3,1,pkg24,14.0,22.0,28,1000.0,24,19,6,5
99,15,dn15,5,pkg25,14.0,22.0,28,1000.0,27,21,6,6
99,16,dn2,1,pkg27,17.0,24.0,32,1000.0,50,33,8,17
99,19,dn9,3,pkg30,29.0,34.0,40,1000.0,51,35,6,16
99,22,dn1,1,pkg28,25.0,33.0,40,1000.0,56,39,7,17
99,22,dn14,5,pkg31,26.0,35.0,44,1000.0,46,34,9,12
99,24,dn3,1,pkg29,26.0,35.0,40,1000.0,40,32,5,8
99,28,dn6,2,pkg32,30.0,39.0,45,1000.0,68,48,6,20
99,30,dn5,2,pkg33,31.0,41.0,51,1000.0,78,54,10,24
99,33,dn13,5,pkg34,40.0,50.0,55,1000.0,44.0,40.0,5,4.0
99,34,dn15,5,pkg35,41.0,50.0,53,1000.0,43.0,41.0,3,2.0
99,37,dn4,2,pkg36,43.0,49.0,55,1000.0,103,70,6,33
99,40,dn8,3,pkg37,49.0,58.0,59,1000.0,60,50,1,10
99,42,dn10,4,pkg38,47.0,57.0,67,1000.0,90,66,10,24
99,44,dn3,1,pkg39,49.0,54.0,63,1000.0,78,61,9,17
99,45,dn7,3,pkg40,54.0,59.0,63,1000.0,61.0,54.0,4,7.0
99,47,dn13,5,pkg41,54.0,60.0,69,1000.0,60.0,54.0,9,6.0
99,49,dn14,5,pkg42,54.0,62.0,67,1000.0,65,57,5,8
99,50,dn2,1,pkg43,60.0,69.0,79,1000.0,86,68,10,18
99,51,dn11,4,pkg44,58.0,64.0,70,1000.0,79,65,6,14
99,52,dn12,4,pkg45,60.0,65.0,67,1000.0,88,70,2,18
99,55,dn9,3,pkg47,62.0,71.0,78,1000.0,69,62,7,7
99,56,dn1,1,pkg48,66.0,73.0,83,1000.0,69.0,66.0,10,3.0
99,60,dn8,3,pkg49,65.0,72.0,79,1000.0,94,77,7,17
99,68,dn6,2,pkg50,64.0,69.0,75,1000.0,86,77,6,9
99,68,dn7,3,pkg51,77.0,82.0,93,1000.0,106,87,11,19
99,69,dn1,1,pkg52,76.0,84.0,91,1000.0,83,76,7,7
99,72,dn9,3,pkg54,77.0,87.0,93,1000.0,81.0,77.0,6,4.0
99,77,dn13,5,pkg56,86.0,93.0,101,1000.0,99,88,8,11
99,78,dn3,1,pkg55,84.0,94.0,99,1000.0,106,92,5,14
99,78,dn5,2,pkg53,79.0,88.0,96,1000.0,146,112,8,34
99,78,dn14,5,pkg57,83.0,89.0,93,1000.0,87.0,83.0,4,4.0
99,81,dn15,5,pkg58,86.0,96.0,107,1000.0,97,89,11,8
99,84,dn1,1,pkg59,91.0,96.0,98,1000.0,102,93,2,9
99,85,dn9,3,pkg60,90.0,97.0,99,1000.0,101,93,2,8
99,88,dn2,1,pkg61,97.0,105.0,107,1000.0,106,97,2,9
99,90,dn6,2,pkg62,97.0,102.0,113,1000.0,144,117,11,27
99,92,dn10,4,pkg64,101.0,108.0,114,1000.0,132,112,6,20
99,94,dn8,3,pkg63,97.0,107.0,116,1000.0,130,112,9,18
99,94,dn11,4,pkg65,104.0,111.0,119,1000.0,109.0,104.0,8,5.0
99,95,dn12,4,pkg66,100.0,110.0,116,1000.0,117,106,6,11
99,97,dn14,5,pkg67,106.0,114.0,122,1000.0,121,109,8,12
99,98,dn15,5,pkg68,107.0,117.0,122,1000.0,111.0,107.0,5,4.0
