trial,timestep,drone_id,pkg_id,actual_delivery_time,on_time,deadline,depot_lat,depot_lon,delivery_lat,delivery_lon
,6.0,dn7,pkg9,6,True,12.0,37.718779,-122.462401,37.724593591822114,-122.46880296639262
,6.0,dn13,pkg19,6.0,True,15.0,37.739611,-122.492203,37.75403656546103,-122.48264850982625
,7.0,dn3,pkg16,7,True,12.0,37.774524,-122.473656,37.748076849603585,-122.46812429027767
,7.0,dn14,pkg15,7.0,True,16.0,37.739611,-122.492203,37.751031283628706,-122.50660667426612
,8.0,dn1,pkg8,8.0,True,14.0,37.774524,-122.473656,37.77310115152999,-122.46926442558446
,10.0,dn15,pkg2,10,True,17.0,37.739611,-122.492203,37.76397890927038,-122.47551909649188
,11.0,dn6,pkg12,11,True,17.0,37.751751,-122.410654,37.746419003082046,-122.40830060980026
,11.0,dn9,pkg3,11,True,15.0,37.718779,-122.462401,37.72838348341742,-122.45628574200043
,12.0,dn13,pkg25,12,True,18.0,37.739611,-122.492203,37.72825929734949,-122.49491374553159
,13.0,dn2,pkg7,13,True,15.0,37.774524,-122.473656,37.77297376531437,-122.48100030583758
,15.0,dn8,pkg21,15,False,12.0,37.718779,-122.462401,37.72078662313689,-122.43770134140281
,16.0,dn10,pkg11,16,False,15.0,37.78929,-122.426797,37.78617584084239,-122.39642928745718
,16.0,dn14,pkg5,16,True,19.0,37.739611,-122.492203,37.72110224515376,-122.5012583440802
,17.0,dn5,pkg4,17,False,16.0,37.751751,-122.410654,37.74793880573911,-122.41549362388074
,17.0,dn11,pkg24,17,True,17.0,37.78929,-122.426797,37.7819346839751,-122.46092609050336
,18.0,dn1,pkg14,18,False,15.0,37.774524,-122.473656,37.795397416191435,-122.49324784765852
,18.0,dn7,pkg13,18,False,14.0,37.718779,-122.462401,37.71509764880479,-122.44272573307225
,23.0,dn4,pkg17,23,False,13.0,37.751751,-122.410654,37.74717182902261,-122.39749383060699
,24.0,dn12,pkg28,24,True,29.0,37.78929,-122.426797,37.7550877686739,-122.4545073307063
,26.0,dn13,pkg18,26,False,18.0,37.739611,-122.492203,37.74436939171663,-122.45791993991776
,29.0,dn14,pkg30,29.0,True,37.0,37.739611,-122.492203,37.75193717932337,-122.50039392565992
,30.0,dn3,pkg6,30,False,18.0,37.774524,-122.473656,37.779804506686716,-122.49454760697658
,35.0,dn6,pkg29,35,False,28.0,37.751751,-122.410654,37.76811518497074,-122.44656368868488
,37.0,dn8,pkg35,37.0,True,44.0,37.718779,-122.462401,37.7525444784627,-122.49530562304263
,39.0,dn2,pkg33,39.0,True,47.0,37.774524,-122.473656,37.748239398044326,-122.45537426130142
,40.0,dn7,pkg32,40,True,42.0,37.718779,-122.462401,37.71092895033288,-122.41720150451029
,41.0,dn9,pkg26,41,False,29.0,37.718779,-122.462401,37.70785453844362,-122.4256113681754
,45.0,dn5,pkg36,45,True,48.0,37.751751,-122.410654,37.77831741157994,-122.43222578081908
,46.0,dn1,pkg31,46,False,35.0,37.774524,-122.473656,37.789014175692756,-122.4450342285964
,46.0,dn10,pkg34,46,False,45.0,37.78929,-122.426797,37.77833983331345,-122.42452555783068
,47.0,dn8,pkg38,47.0,True,52.0,37.718779,-122.462401,37.719682351661746,-122.47178138734303
,50.0,dn13,pkg40,50.0,True,55.0,37.739611,-122.492203,37.75104478533977,-122.4992617947086
,56.0,dn4,pkg39,56,True,57.0,37.751751,-122.410654,37.734875269836024,-122.43070386345627
,60.0,dn2,pkg43,60.0,True,65.0,37.774524,-122.473656,37.7585575607781,-122.50435305315163
,62.0,dn12,pkg41,62,False,58.0,37.78929,-122.426797,37.78187120859867,-122.39514687661156
,63.0,dn11,pkg37,63,False,56.0,37.78929,-122.426797,37.782319392081824,-122.40925858144016
,67.0,dn3,pkg45,67,True,73.0,37.774524,-122.473656,37.76978160206209,-122.46607168237301
,69.0,dn5,pkg44,69,True,71.0,37.751751,-122.410654,37.75909712216519,-122.40104676787028
,70.0,dn10,pkg47,70,True,80.0,37.78929,-122.426797,37.78112364947348,-122.44380818273119
,71.0,dn2,pkg48,71,True,79.0,37.774524,-122.473656,37.75978904236926,-122.48698809190846
,72.0,dn7,pkg46,72,True,74.0,37.718779,-122.462401,37.75032821994479,-122.43161343679205
,74.0,dn6,pkg42,74,False,68.0,37.751751,-122.410654,37.719693850997146,-122.41063126447956
,76.0,dn1,pkg50,76.0,True,82.0,37.774524,-122.473656,37.74430022738946,-122.45162146410243
,82.0,dn9,pkg53,82.0,True,92.0,37.718779,-122.462401,37.72458575064222,-122.47916515210005
,83.0,dn13,pkg54,83.0,True,88.0,37.739611,-122.492203,37.73668931995107,-122.47915585510064
,86.0,dn14,pkg55,86.0,True,95.0,37.739611,-122.492203,37.71484081437386,-122.47102654006494
,87.0,dn8,pkg52,87,False,85.0,37.718779,-122.462401,37.72039364743399,-122.40584078665051
,90.0,dn1,pkg59,90.0,True,97.0,37.774524,-122.473656,37.7447275126848,-122.50178244204623
,93.0,dn9,pkg61,93.0,True,102.0,37.718779,-122.462401,37.74211794435576,-122.4820159765975
,96.0,dn7,pkg58,96,True,96.0,37.718779,-122.462401,37.72258277035883,-122.41829824918135
,97.0,dn2,pkg57,97,False,92.0,37.774524,-122.473656,37.792742293040675,-122.48051768889053
,99.0,dn4,pkg49,99,False,80.0,37.751751,-122.410654,37.72895714382325,-122.39412444414577
,99.0,dn5,pkg56,99,False,91.0,37.751751,-122.410654,37.72093916037311,-122.43539568760424
,6.0,dn9,pkg18,6,True,12.0,37.718779,-122.462401,37.70918311576139,-122.42432226351642
,6.0,dn14,pkg21,6.0,True,15.0,37.739611,-122.492203,37.74509547084106,-122.4697182276223
,7.0,dn3,pkg6,7.0,True,12.0,37.774524,-122.473656,37.7463979790309,-122.49543064095866
,9.0,dn7,pkg12,9,True,14.0,37.718779,-122.462401,37.71583817206559,-122.46757826255187
,10.0,dn10,pkg10,10,True,12.0,37.78929,-122.426797,37.78936028837618,-122.43191937472373
,10.0,dn13,pkg3,10.0,True,15.0,37.739611,-122.492203,37.74201868404937,-122.49123242355445
,11.0,dn1,pkg7,11,True,13.0,37.774524,-122.473656,37.77503451747344,-122.46220792912972
,12.0,dn5,pkg8,12,True,16.0,37.751751,-122.410654,37.73554886171999,-122.41290884531966
,12.0,dn15,pkg14,12,True,15.0,37.739611,-122.492203,37.78443314941637,-122.49719324341018
,13.0,dn14,pkg24,13,True,17.0,37.739611,-122.492203,37.742839132447955,-122.48203467209564
,14.0,dn8,pkg4,14,True,14.0,37.718779,-122.462401,37.72092478397913,-122.43222609930498
,16.0,dn6,pkg1,16,False,15.0,37.751751,-122.410654,37.77159588238501,-122.42195252429262
,17.0,dn13,pkg26,17.0,True,27.0,37.739611,-122.492203,37.72705316828922,-122.48223680746668
,18.0,dn2,pkg19,18,False,13.0,37.774524,-122.473656,37.78923052603019,-122.46011279801603
,20.0,dn14,pkg28,20.0,True,28.0,37.739611,-122.492203,37.74949316703299,-122.49522656949178
,21.0,dn4,pkg13,21,False,11.0,37.751751,-122.410654,37.75041829224145,-122.41303005682548
,22.0,dn12,pkg22,22,False,15.0,37.78929,-122.426797,37.77112190363982,-122.43110882855385
,24.0,dn11,pkg16,24,False,15.0,37.78929,-122.426797,37.79430230564325,-122.415000682398
,24.0,dn3,pkg5,24,False,17.0,37.774524,-122.473656,37.79314528889718,-122.49229592238481
,26.0,dn9,pkg25,26,False,22.0,37.718779,-122.462401,37.71685759603349,-122.45287471235478
,27.0,dn1,pkg27,27,False,24.0,37.774524,-122.473656,37.785712412901745,-122.50086036318653
,29.0,dn13,pkg34,29.0,True,38.0,37.739611,-122.492203,37.733233513877224,-122.47989688689874
,30.0,dn5,pkg32,30,True,32.0,37.751751,-122.410654,37.75080266028971,-122.42715337348432
,31.0,dn7,pkg30,31,False,28.0,37.718779,-122.462401,37.752403276559846,-122.45176629641499
,31.0,dn14,pkg35,31.0,True,36.0,37.739611,-122.492203,37.738293417981,-122.50103612561132
,37.0,dn10,pkg31,37,False,30.0,37.78929,-122.426797,37.771081049138694,-122.40540704115793
,38.0,dn1,pkg38,38,True,42.0,37.774524,-122.473656,37.780706009768124,-122.46531764152392
,40.0,dn14,pkg41,40.0,True,49.0,37.739611,-122.492203,37.756760958103996,-122.48552113556273
,43.0,dn6,pkg36,43,False,41.0,37.751751,-122.410654,37.71688984322046,-122.42320848423843
,44.0,dn15,pkg39,44,True,47.0,37.739611,-122.492203,37.784477592313515,-122.49166074325788
,45.0,dn8,pkg29,45,False,30.0,37.718779,-122.462401,37.71377539217756,-122.42341740780029
,46.0,dn5,pkg43,46.0,True,55.0,37.751751,-122.410654,37.72795960978922,-122.41571630484607
,48.0,dn13,pkg40,48,True,49.0,37.739611,-122.492203,37.77114713432735,-122.4614106687955
,48.0,dn3,pkg42,48.0,True,58.0,37.774524,-122.473656,37.7898756587721,-122.45299214833273
,49.0,dn7,pkg46,49.0,True,57.0,37.718779,-122.462401,37.73277533722936,-122.50572858727521
,52.0,dn2,pkg37,52,False,41.0,37.774524,-122.473656,37.79097427987298,-122.49405766273273
,55.0,dn9,pkg49,55.0,True,60.0,37.718779,-122.462401,37.74898967026215,-122.50437577018535
,56.0,dn4,pkg45,56,True,59.0,37.751751,-122.410654,37.74367109419039,-122.39433668659127
,57.0,dn1,pkg44,57,False,54.0,37.774524,-122.473656,37.79359383335093,-122.45039742599094
,58.0,dn11,pkg48,58,False,56.0,37.78929,-122.426797,37.76055630060739,-122.43134963964809
,65.0,dn12,pkg47,65,False,62.0,37.78929,-122.426797,37.777647939945886,-122.44342027339455
,67.0,dn5,pkg50,67,False,65.0,37.751751,-122.410654,37.76011697018966,-122.41000940714748
,70.0,dn3,pkg53,70.0,True,78.0,37.774524,-122.473656,37.735319759348265,-122.49382021963288
,71.0,dn6,pkg51,71,True,72.0,37.751751,-122.410654,37.70902497629307,-122.40700252679234
,71.0,dn7,pkg54,71.0,True,80.0,37.718779,-122.462401,37.755725868549895,-122.47469867096243
,71.0,dn13,pkg57,71.0,True,78.0,37.739611,-122.492203,37.7538261391316,-122.50612175207685
,74.0,dn10,pkg52,74,False,72.0,37.78929,-122.426797,37.76437681609236,-122.40722028384552
,75.0,dn8,pkg55,75,True,82.0,37.718779,-122.462401,37.707655622791385,-122.49518520742753
,76.0,dn2,pkg56,76,True,76.0,37.774524,-122.473656,37.79210823342042,-122.48112947354527
,77.0,dn11,pkg59,77,True,81.0,37.78929,-122.426797,37.7735393881311,-122.47950928056986
,80.0,dn9,pkg58,80,False,78.0,37.718779,-122.462401,37.74769839520275,-122.427085625745
,81.0,dn3,pkg61,81,True,85.0,37.774524,-122.473656,37.777707980532405,-122.47186328614048
,83.0,dn1,pkg60,83,True,86.0,37.774524,-122.473656,37.79178529927149,-122.48105123855669
,85.0,dn4,pkg62,85,True,91.0,37.751751,-122.410654,37.75593103720798,-122.40724492773684
,87.0,dn7,pkg63,87.0,True,95.0,37.718779,-122.462401,37.72773375747851,-122.46847496243697
,97.0,dn5,pkg65,97,False,95.0,37.751751,-122.410654,37.77443632394533,-122.42435062636555
,5.0,dn1,pkg22,5,True,13.0,37.774524,-122.473656,37.774742127705686,-122.46745833885923
,6.0,dn7,pkg14,6.0,True,11.0,37.718779,-122.462401,37.71778131349612,-122.45989086317336
,6.0,dn13,pkg19,6.0,True,15.0,37.739611,-122.492203,37.74003137728436,-122.4828836995427
,7.0,dn2,pkg4,7,True,13.0,37.774524,-122.473656,37.778925374100226,-122.44999455655672
,7.0,dn8,pkg2,7.0,True,13.0,37.718779,-122.462401,37.74329748120989,-122.45650882478492
,7.0,dn12,pkg13,7.0,True,15.0,37.78929,-122.426797,37.75088980897287,-122.44800370663796
,8.0,dn4,pkg6,8,True,11.0,37.751751,-122.410654,37.76143419198821,-122.40055159399773
,8.0,dn14,pkg3,8.0,True,15.0,37.739611,-122.492203,37.747598312751165,-122.48188228213408
,9.0,dn15,pkg8,9.0,True,19.0,37.739611,-122.492203,37.711406662456135,-122.49122391078077
,10.0,dn3,pkg9,10.0,True,15.0,37.774524,-122.473656,37.76858028008729,-122.49208917219278
,10.0,dn6,pkg10,10,True,12.0,37.751751,-122.410654,37.7757571104918,-122.41082615771563
,10.0,dn9,pkg17,10,True,12.0,37.718779,-122.462401,37.74969705061384,-122.44624442234166
,16.0,dn13,pkg24,16,True,18.0,37.739611,-122.492203,37.75541639516789,-122.48324834592665
,17.0,dn1,pkg26,17,True,22.0,37.774524,-122.473656,37.757727314588536,-122.46771549119336
,17.0,dn7,pkg20,17,True,18.0,37.718779,-122.462401,37.71364435525653,-122.45903950149436
,18.0,dn5,pkg16,18,False,10.0,37.751751,-122.410654,37.73419174800065,-122.4203961097804
,20.0,dn14,pkg27,20,True,20.0,37.739611,-122.492203,37.717130727950206,-122.45446625346658
,21.0,dn11,pkg12,21,False,15.0,37.78929,-122.426797,37.77872005697517,-122.43647411482381
,21.0,dn15,pkg29,21.0,True,30.0,37.739611,-122.492203,37.75851193080886,-122.49123844338656
,21.0,dn2,pkg31,21,True,26.0,37.774524,-122.473656,37.75477599989071,-122.4517304531699
,22.0,dn8,pkg11,22,False,15.0,37.718779,-122.462401,37.73710857556294,-122.43665249037886
,24.0,dn4,pkg21,24,False,17.0,37.751751,-122.410654,37.738271861991166,-122.42882965387165
,25.0,dn3,pkg28,25,True,26.0,37.774524,-122.473656,37.77654648432146,-122.49455759585936
,26.0,dn10,pkg5,26,False,12.0,37.78929,-122.426797,37.77957065718616,-122.39513856049692
,30.0,dn12,pkg23,30,False,19.0,37.78929,-122.426797,37.7943412449989,-122.43224186549504
,40.0,dn1,pkg35,40.0,True,47.0,37.774524,-122.473656,37.76280945378154,-122.50428687130184
,40.0,dn2,pkg36,40,True,48.0,37.774524,-122.473656,37.736360502960366,-122.47116894180311
,41.0,dn4,pkg33,41,False,38.0,37.751751,-122.410654,37.74237748224704,-122.40243286722713
,43.0,dn7,pkg38,43.0,True,50.0,37.718779,-122.462401,37.72679953003812,-122.48256190151153
,44.0,dn6,pkg25,44,False,22.0,37.751751,-122.410654,37.775820237078904,-122.40215198021181
,44.0,dn9,pkg34,44,False,36.0,37.718779,-122.462401,37.71592140839079,-122.40664266743599
,49.0,dn3,pkg39,49,True,53.0,37.774524,-122.473656,37.78916976067667,-122.46543605935491
,50.0,dn8,pkg41,50.0,True,59.0,37.718779,-122.462401,37.73895999686024,-122.42886367215064
,51.0,dn14,pkg43,51.0,True,61.0,37.739611,-122.492203,37.7360113576398,-122.48217415187914
,52.0,dn13,pkg42,52,True,57.0,37.739611,-122.492203,37.70768841942812,-122.4595434539398
,54.0,dn15,pkg44,54.0,True,64.0,37.739611,-122.492203,37.72499889062993,-122.49790039278736
,59.0,dn7,pkg46,59.0,True,66.0,37.718779,-122.462401,37.72917915644886,-122.4488615695659
,61.0,dn5,pkg37,61,False,48.0,37.751751,-122.410654,37.762955749891866,-122.42117624023226
,66.0,dn2,pkg49,66,True,75.0,37.774524,-122.473656,37.7791203005142,-122.49138964032323
,68.0,dn11,pkg45,68,False,60.0,37.78929,-122.426797,37.79496598035244,-122.41951240111312
,71.0,dn14,pkg51,71,True,77.0,37.739611,-122.492203,37.7757125271314,-122.50545286278752
,73.0,dn1,pkg47,73,False,68.0,37.774524,-122.473656,37.77998152923249,-122.42748830673983
,74.0,dn3,pkg52,74,True,76.0,37.774524,-122.473656,37.765110026133016,-122.43992778465534
,75.0,dn7,pkg53,75.0,True,83.0,37.718779,-122.462401,37.754282908749325,-122.46789912199722
,76.0,dn4,pkg40,76,False,52.0,37.751751,-122.410654,37.709868113789014,-122.40431874590999
,78.0,dn8,pkg48,78,False,71.0,37.718779,-122.462401,37.743040943883365,-122.4170872479857
,82.0,dn9,pkg56,82,True,83.0,37.718779,-122.462401,37.70707471752439,-122.45389575798029
,83.0,dn6,pkg50,83,False,70.0,37.751751,-122.410654,37.72267183099178,-122.39935553535604
,84.0,dn2,pkg58,84.0,True,89.0,37.774524,-122.473656,37.76692753738167,-122.47346362670206
,85.0,dn10,pkg54,85,False,82.0,37.78929,-122.426797,37.783931021034896,-122.4599604222508
,85.0,dn13,pkg59,85,True,89.0,37.739611,-122.492203,37.7212964234741,-122.4628156797022
,86.0,dn12,pkg55,86,True,87.0,37.78929,-122.426797,37.776025173739846,-122.45345466867848
,90.0,dn14,pkg63,90,True,92.0,37.739611,-122.492203,37.764671744802655,-122.46210275475744
,93.0,dn15,pkg61,93,True,98.0,37.739611,-122.492203,37.75764536826716,-122.45048964225825
,95.0,dn11,pkg64,95,True,97.0,37.78929,-122.426797,37.75768273413897,-122.41086243540707
,96.0,dn3,pkg62,96,True,99.0,37.774524,-122.473656,37.77628647643124,-122.44204621545427
,100.0,dn7,pkg57,100,False,89.0,37.718779,-122.462401,37.711646906591774,-122.40940319217668
,7.0,dn14,pkg9,7,True,16.0,37.739611,-122.492203,37.78159304103659,-122.50164732180504
,9.0,dn2,pkg18,9,True,13.0,37.774524,-122.473656,37.79039904821809,-122.50145795649406
,9.0,dn3,pkg5,9.0,True,16.0,37.774524,-122.473656,37.75472150032017,-122.47269998150877
,9.0,dn7,pkg1,9,True,14.0,37.718779,-122.462401,37.73368863953734,-122.4457612412176
,9.0,dn8,pkg3,9,True,14.0,37.718779,-122.462401,37.74478347107244,-122.46616452304461
,9.0,dn13,pkg14,9.0,True,18.0,37.739611,-122.492203,37.720741592476415,-122.48057736492007
,10.0,dn1,pkg2,10,True,12.0,37.774524,-122.473656,37.76910506267447,-122.49315264793154
,10.0,dn4,pkg10,10,True,12.0,37.751751,-122.410654,37.7679653724809,-122.42329059939296
,10.0,dn9,pkg13,10.0,True,15.0,37.718779,-122.462401,37.73756339829528,-122.48964492587639
,10.0,dn15,pkg24,10.0,True,19.0,37.739611,-122.492203,37.76827644699705,-122.46936355878601
,14.0,dn11,pkg7,14,True,15.0,37.78929,-122.426797,37.789531117212604,-122.45426407299499
,16.0,dn5,pkg6,16,False,15.0,37.751751,-122.410654,37.74396057513483,-122.41758215427755
,18.0,dn9,pkg25,18,False,15.0,37.718779,-122.462401,37.72390762139537,-122.49489772794719
,22.0,dn13,pkg28,22,True,24.0,37.739611,-122.492203,37.78409020983219,-122.48645762686316
,23.0,dn6,pkg4,23,False,17.0,37.751751,-122.410654,37.740175042848264,-122.39792802456377
,23.0,dn12,pkg8,23,False,17.0,37.78929,-122.426797,37.79253871800064,-122.40908401908744
,23.0,dn14,pkg30,23,True,29.0,37.739611,-122.492203,37.77327451838973,-122.49555486895788
,24.0,dn15,pkg31,24.0,True,32.0,37.739611,-122.492203,37.75448246916989,-122.5028553367981
,25.0,dn8,pkg32,25.0,True,32.0,37.718779,-122.462401,37.7452921397402,-122.4168567334538
,26.0,dn1,pkg34,26.0,True,34.0,37.774524,-122.473656,37.758469537260495,-122.47459795901713
,27.0,dn10,pkg21,27,False,13.0,37.78929,-122.426797,37.795556583917794,-122.42072658664469
,31.0,dn7,pkg29,31,False,28.0,37.718779,-122.462401,37.71346424204418,-122.43196436854412
,35.0,dn3,pkg23,35,False,16.0,37.774524,-122.473656,37.78273004256062,-122.45589220308274
,36.0,dn9,pkg35,36,True,40.0,37.718779,-122.462401,37.73239130293199,-122.44418472708611
,41.0,dn2,pkg16,41,False,19.0,37.774524,-122.473656,37.78252564119759,-122.4377858361566
,42.0,dn4,pkg26,42,False,25.0,37.751751,-122.410654,37.76307806216274,-122.40919694758676
,46.0,dn1,pkg37,46,False,44.0,37.774524,-122.473656,37.76969633641976,-122.4167799439625
,48.0,dn11,pkg33,48,False,36.0,37.78929,-122.426797,37.77667100589545,-122.39434614535982
,49.0,dn5,pkg38,49,False,46.0,37.751751,-122.410654,37.71585688488087,-122.43122281424259
,53.0,dn13,pkg42,53,False,52.0,37.739611,-122.492203,37.70983433173856,-122.4678266656296
,54.0,dn8,pkg36,54,False,41.0,37.718779,-122.462401,37.72833407956356,-122.4102968202327
,54.0,dn14,pkg45,54.0,True,62.0,37.739611,-122.492203,37.71325763129964,-122.4582182566691
,55.0,dn15,pkg46,55.0,True,61.0,37.739611,-122.492203,37.752354368269515,-122.44140209118156
,56.0,dn6,pkg40,56,False,51.0,37.751751,-122.410654,37.7872402231502,-122.43838435115063
,57.0,dn7,pkg44,57,True,62.0,37.718779,-122.462401,37.715565249931416,-122.44790945438419
,66.0,dn12,pkg39,66,False,49.0,37.78929,-122.426797,37.79378086716288,-122.46652532562699
,66.0,dn14,pkg50,66,True,70.0,37.739611,-122.492203,37.778041600704384,-122.49898359148456
,69.0,dn15,pkg55,69,True,72.0,37.739611,-122.492203,37.772155581426844,-122.50142183596508
,72.0,dn3,pkg48,72,False,66.0,37.774524,-122.473656,37.78722935924753,-122.4837938781217
,74.0,dn9,pkg43,74,False,58.0,37.718779,-122.462401,37.708837096419266,-122.40942642518405
,75.0,dn2,pkg52,75,True,75.0,37.774524,-122.473656,37.76942872543764,-122.44106045586886
,75.0,dn13,pkg58,75,True,82.0,37.739611,-122.492203,37.71102707442555,-122.46500585877844
,76.0,dn1,pkg47,76,False,68.0,37.774524,-122.473656,37.77815243138594,-122.46073062082974
,77.0,dn10,pkg41,77,False,56.0,37.78929,-122.426797,37.78591283109778,-122.41165183858809
,77.0,dn7,pkg60,77.0,True,85.0,37.718779,-122.462401,37.72711661434948,-122.46693368833085
,83.0,dn14,pkg62,83.0,True,92.0,37.739611,-122.492203,37.76505706089838,-122.4607305333702
,84.0,dn5,pkg51,84,False,69.0,37.751751,-122.410654,37.74507858261452,-122.41979477751003
,85.0,dn11,pkg57,85,False,81.0,37.78929,-122.426797,37.77949020505674,-122.4476037681729
,87.0,dn15,pkg64,87,True,94.0,37.739611,-122.492203,37.70852387261939,-122.48626201905105
,87.0,dn8,pkg59,87,False,84.0,37.718779,-122.462401,37.725409836390945,-122.41608416106229
,91.0,dn4,pkg49,91,False,68.0,37.751751,-122.410654,37.74702002981317,-122.3945546605601
,94.0,dn6,pkg53,94,False,72.0,37.751751,-122.410654,37.74511717078441,-122.40044083636985
,97.0,dn7,pkg66,97,False,94.0,37.718779,-122.462401,37.72317103860303,-122.43556205877083
,100.0,dn13,pkg70,100,True,106.0,37.739611,-122.492203,37.71605209797141,-122.45499030547765
,6.0,dn14,pkg21,6.0,True,14.0,37.739611,-122.492203,37.7330289322468,-122.46352917013486
,7.0,dn7,pkg14,7.0,True,12.0,37.718779,-122.462401,37.71426779551289,-122.46401872632428
,7.0,dn13,pkg4,7.0,True,16.0,37.739611,-122.492203,37.74522824171157,-122.49217961692882
,9.0,dn15,pkg1,9.0,True,18.0,37.739611,-122.492203,37.72568462518432,-122.47649862735935
,10.0,dn2,pkg17,10,True,14.0,37.774524,-122.473656,37.76191786505172,-122.46157480081878
,10.0,dn9,pkg9,10.0,True,15.0,37.718779,-122.462401,37.72179710793459,-122.45657663381459
,11.0,dn8,pkg8,11,True,14.0,37.718779,-122.462401,37.71693621638182,-122.47468879551327
,12.0,dn6,pkg16,12,True,14.0,37.751751,-122.410654,37.76727424641796,-122.42594620339749
,12.0,dn13,pkg27,12,True,17.0,37.739611,-122.492203,37.75348122030252,-122.48468005636511
,13.0,dn12,pkg2,13,True,16.0,37.78929,-122.426797,37.79072769473516,-122.43676080878335
,16.0,dn11,pkg22,16,True,16.0,37.78929,-122.426797,37.7899594895109,-122.42663757722624
,17.0,dn3,pkg11,17,False,13.0,37.774524,-122.473656,37.75793930779207,-122.42834872409462
,17.0,dn14,pkg24,17,False,16.0,37.739611,-122.492203,37.71701183806682,-122.49524888798052
,18.0,dn1,pkg13,18,False,12.0,37.774524,-122.473656,37.788145087561404,-122.49083299121864
,19.0,dn7,pkg25,19,False,17.0,37.718779,-122.462401,37.71763404497449,-122.48215052091567
,20.0,dn4,pkg7,20,False,12.0,37.751751,-122.410654,37.72302011430957,-122.4117929627353
,20.0,dn13,pkg10,20,True,20.0,37.739611,-122.492203,37.76342665061588,-122.50120439675896
,20.0,dn15,pkg30,20,True,26.0,37.739611,-122.492203,37.753951632223796,-122.46335019313733
,21.0,dn5,pkg15,21,False,14.0,37.751751,-122.410654,37.73238845953787,-122.409674650568
,24.0,dn10,pkg3,24,False,15.0,37.78929,-122.426797,37.79101695238778,-122.42874706553637
,25.0,dn9,pkg26,25,False,17.0,37.718779,-122.462401,37.75570358003932,-122.44423577605644
,25.0,dn14,pkg33,25,True,34.0,37.739611,-122.492203,37.73589644116699,-122.48982623237713
,26.0,dn15,pkg32,26.0,True,32.0,37.739611,-122.492203,37.75387847228832,-122.48855953300092
,29.0,dn2,pkg28,29,False,25.0,37.774524,-122.473656,37.7676935375918,-122.43230675684518
,34.0,dn7,pkg37,34.0,True,43.0,37.718779,-122.462401,37.72690846412761,-122.49300705562686
,36.0,dn8,pkg31,36,False,26.0,37.718779,-122.462401,37.72653073558682,-122.4125714219292
,39.0,dn13,pkg39,39.0,True,48.0,37.739611,-122.492203,37.74702296332106,-122.50317482703437
,41.0,dn11,pkg35,41,True,42.0,37.78929,-122.426797,37.78240514738953,-122.4567600245829
,44.0,dn12,pkg36,44,False,40.0,37.78929,-122.426797,37.796210012830414,-122.42439002467592
,48.0,dn4,pkg40,48,True,53.0,37.751751,-122.410654,37.773803365471394,-122.39990990196601
,50.0,dn6,pkg38,50,False,45.0,37.751751,-122.410654,37.75276956430569,-122.41856797932444
,50.0,dn1,pkg42,50,True,58.0,37.774524,-122.473656,37.76929141703241,-122.47312503453432
,50.0,dn7,pkg44,50.0,True,57.0,37.718779,-122.462401,37.70963325720005,-122.47502121923092
,51.0,dn2,pkg43,51.0,True,57.0,37.774524,-122.473656,37.741253080611095,-122.4827347975003
,56.0,dn9,pkg45,56,True,60.0,37.718779,-122.462401,37.72194789973419,-122.41961773461429
,56.0,dn8,pkg49,56.0,True,66.0,37.718779,-122.462401,37.748412332352025,-122.4860645854969
,57.0,dn13,pkg48,57,True,65.0,37.739611,-122.492203,37.70759882913392,-122.45228626641733
,59.0,dn3,pkg46,59,True,59.0,37.774524,-122.473656,37.79592319843509,-122.43576947421819
,60.0,dn5,pkg41,60,False,54.0,37.751751,-122.410654,37.71453628024787,-122.40331673123902
,69.0,dn7,pkg53,69,True,74.0,37.718779,-122.462401,37.7175200463574,-122.46643299035472
,71.0,dn4,pkg50,71,False,69.0,37.751751,-122.410654,37.72356998534678,-122.43098646311873
,71.0,dn1,pkg55,71.0,True,81.0,37.774524,-122.473656,37.77621931834349,-122.47208428867415
,76.0,dn11,pkg51,76,False,66.0,37.78929,-122.426797,37.74534822650688,-122.41516976848192
,78.0,dn2,pkg56,78,True,82.0,37.774524,-122.473656,37.793661631342836,-122.4695867192191
,79.0,dn13,pkg57,79.0,True,87.0,37.739611,-122.492203,37.774053345995604,-122.47929852033296
,80.0,dn10,pkg47,80,False,63.0,37.78929,-122.426797,37.79455221820103,-122.39506893090883
,82.0,dn12,pkg52,82,False,74.0,37.78929,-122.426797,37.767935440204965,-122.39906046186756
,82.0,dn8,pkg58,82.0,True,89.0,37.718779,-122.462401,37.71456495583906,-122.46893730778766
,84.0,dn6,pkg54,84,False,72.0,37.751751,-122.410654,37.75179042367835,-122.39567619631337
,85.0,dn3,pkg59,85.0,True,94.0,37.774524,-122.473656,37.738017176934854,-122.44162418719968
,85.0,dn9,pkg60,85.0,True,93.0,37.718779,-122.462401,37.75893565324974,-122.44213299789021
,86.0,dn1,pkg61,86.0,True,96.0,37.774524,-122.473656,37.746549644824654,-122.48796375835686
,89.0,dn14,pkg62,89.0,True,95.0,37.739611,-122.492203,37.76616125537059,-122.47803031281691
,92.0,dn7,pkg64,92,True,96.0,37.718779,-122.462401,37.76030686427518,-122.48280560473057
,94.0,dn1,pkg63,94,True,95.0,37.774524,-122.473656,37.7802091272374,-122.46038576978628
,95.0,dn8,pkg67,95,True,100.0,37.718779,-122.462401,37.70896156044685,-122.50361399436909
,97.0,dn4,pkg66,97,True,101.0,37.751751,-122.410654,37.72274605243629,-122.44148587298831
,5.0,dn1,pkg7,5.0,True,10.0,37.774524,-122.473656,37.7573597628652,-122.48253736160126
,5.0,dn14,pkg15,5.0,True,12.0,37.739611,-122.492203,37.72990844720808,-122.48626814850037
,6.0,dn2,pkg18,6.0,True,14.0,37.774524,-122.473656,37.77400899474735,-122.48821170548801
,6.0,dn13,pkg17,6.0,True,11.0,37.739611,-122.492203,37.73494673871462,-122.49226326749002
,7.0,dn3,pkg5,7,True,16.0,37.774524,-122.473656,37.78126976866098,-122.46400762407141
,8.0,dn15,pkg19,8.0,True,15.0,37.739611,-122.492203,37.753404453846166,-122.48949588947951
,9.0,dn8,pkg4,9.0,True,14.0,37.718779,-122.462401,37.718157860706036,-122.45587801987712
,9.0,dn12,pkg20,9.0,True,16.0,37.78929,-122.426797,37.75678073310121,-122.45581054219706
,11.0,dn6,pkg11,11,True,12.0,37.751751,-122.410654,37.743469393108626,-122.4448335311367
,11.0,dn11,pkg21,11,True,16.0,37.78929,-122.426797,37.77019371160592,-122.41682259552657
,12.0,dn7,pkg13,12,True,13.0,37.718779,-122.462401,37.718754664182875,-122.4633161277735
,12.0,dn13,pkg12,12,True,15.0,37.739611,-122.492203,37.723647720757235,-122.49970032474263
,13.0,dn9,pkg10,13,True,15.0,37.718779,-122.462401,37.72065970830333,-122.45518676603186
,13.0,dn1,pkg23,13,True,16.0,37.774524,-122.473656,37.75156152248283,-122.4856200691334
,15.0,dn14,pkg24,15,True,17.0,37.739611,-122.492203,37.72465938102495,-122.46661150636832
,17.0,dn4,pkg6,17,False,16.0,37.751751,-122.410654,37.748605039183886,-122.42423930710059
,18.0,dn13,pkg25,18,True,22.0,37.739611,-122.492203,37.74596490133795,-122.48772828503449
,21.0,dn5,pkg9,21,False,16.0,37.751751,-122.410654,37.74883931134773,-122.40029930741038
,22.0,dn2,pkg16,22,False,17.0,37.774524,-122.473656,37.79483934529115,-122.48962668038334
,23.0,dn10,pkg14,23,False,16.0,37.78929,-122.426797,37.776171806093636,-122.42174609924264
,23.0,dn13,pkg29,23,True,27.0,37.739611,-122.492203,37.75081307552485,-122.4967658325994
,24.0,dn1,pkg28,24,True,25.0,37.774524,-122.473656,37.78337284955903,-122.45923571663722
,25.0,dn15,pkg3,25,False,15.0,37.739611,-122.492203,37.73895081665864,-122.44803505560998
,27.0,dn14,pkg32,27,True,30.0,37.739611,-122.492203,37.71025822267727,-122.48884717536869
,28.0,dn11,pkg27,28,False,26.0,37.78929,-122.426797,37.7697760181799,-122.43757412816956
,31.0,dn3,pkg1,31,False,16.0,37.774524,-122.473656,37.79187826214317,-122.50518108353717
,34.0,dn6,pkg30,34,False,28.0,37.751751,-122.410654,37.75826792316986,-122.40899948401746
,35.0,dn13,pkg37,35.0,True,44.0,37.739611,-122.492203,37.73862347941317,-122.47827243954126
,36.0,dn8,pkg2,36,False,17.0,37.718779,-122.462401,37.72928562554515,-122.40980319464066
,40.0,dn1,pkg38,40.0,True,49.0,37.774524,-122.473656,37.73547780085385,-122.50195026222985
,42.0,dn7,pkg35,42,False,41.0,37.718779,-122.462401,37.70853703651834,-122.44608986093866
,42.0,dn9,pkg36,42,False,39.0,37.718779,-122.462401,37.75105433150022,-122.42624688450688
,46.0,dn12,pkg26,46,False,19.0,37.78929,-122.426797,37.77663941780931,-122.40087969845263
,47.0,dn2,pkg39,47,True,49.0,37.774524,-122.473656,37.75098379117488,-122.43401646194924
,47.0,dn11,pkg41,47,False,46.0,37.78929,-122.426797,37.793091867414894,-122.42886047154585
,47.0,dn14,pkg42,47,True,52.0,37.739611,-122.492203,37.73400805141953,-122.45700286541518
,50.0,dn4,pkg40,50,True,53.0,37.751751,-122.410654,37.720805404133536,-122.41146900722202
,54.0,dn5,pkg43,54,True,55.0,37.751751,-122.410654,37.77967857736216,-122.44279552088314
,55.0,dn1,pkg47,55.0,True,65.0,37.774524,-122.473656,37.7430402352846,-122.47943016546314
,59.0,dn15,pkg50,59,True,68.0,37.739611,-122.492203,37.757588382879796,-122.49425583967584
,61.0,dn3,pkg48,61,True,67.0,37.774524,-122.473656,37.74853297694607,-122.44251739550973
,61.0,dn13,pkg49,61,True,65.0,37.739611,-122.492203,37.769135157829616,-122.48145671552903
,63.0,dn1,pkg52,63,True,72.0,37.774524,-122.473656,37.73399896074389,-122.45747761541676
,65.0,dn14,pkg51,65,True,70.0,37.739611,-122.492203,37.721856064439756,-122.4625280267849
,67.0,dn8,pkg53,67.0,True,77.0,37.718779,-122.462401,37.72108168999823,-122.47652981602417
,69.0,dn9,pkg46,69,False,64.0,37.718779,-122.462401,37.733422174452784,-122.41864088681292
,72.0,dn6,pkg44,72,False,61.0,37.751751,-122.410654,37.787375772263786,-122.39952077876944
,72.0,dn2,pkg57,72,True,78.0,37.774524,-122.473656,37.77112203738962,-122.50434708878579
,76.0,dn7,pkg54,76,False,74.0,37.718779,-122.462401,37.718419515254176,-122.41154110145855
,77.0,dn1,pkg58,77,True,84.0,37.774524,-122.473656,37.77039294641642,-122.42381093995603
,79.0,dn5,pkg60,79,True,86.0,37.751751,-122.410654,37.78495919627279,-122.40429788282059
,80.0,dn10,pkg55,80,False,79.0,37.78929,-122.426797,37.75546805687575,-122.41134612875591
,80.0,dn15,pkg56,80,True,80.0,37.739611,-122.492203,37.71158736447972,-122.45740073368435
,83.0,dn11,pkg61,83,False,80.0,37.78929,-122.426797,37.794329980115954,-122.44440578550274
,86.0,dn8,pkg62,86,True,92.0,37.718779,-122.462401,37.730955478940366,-122.43967661280728
,87.0,dn2,pkg63,87,True,92.0,37.774524,-122.473656,37.78353307726325,-122.50512619737368
,87.0,dn3,pkg64,87.0,True,93.0,37.774524,-122.473656,37.745940352817804,-122.49299459140217
,89.0,dn9,pkg65,89.0,True,96.0,37.718779,-122.462401,37.73652818595452,-122.50421622398608
,90.0,dn4,pkg59,90,False,84.0,37.751751,-122.410654,37.72509514416081,-122.39719828278041
,92.0,dn13,pkg67,92,True,96.0,37.739611,-122.492203,37.76696878262435,-122.49049705833096
,98.0,dn14,pkg72,98.0,True,106.0,37.739611,-122.492203,37.76913434158929,-122.48109491525098
,5.0,dn1,pkg4,5.0,True,13.0,37.774524,-122.473656,37.76480008064488,-122.45832530832536
,5.0,dn13,pkg16,5.0,True,11.0,37.739611,-122.492203,37.72677595256547,-122.50183777825708
,7.0,dn8,pkg7,7.0,True,13.0,37.718779,-122.462401,37.73446368163256,-122.45670220300151
,8.0,dn3,pkg1,8.0,True,14.0,37.774524,-122.473656,37.781376705387295,-122.45144867295913
,8.0,dn15,pkg20,8.0,True,14.0,37.739611,-122.492203,37.72059963270034,-122.49420787918477
,9.0,dn7,pkg14,9,True,14.0,37.718779,-122.462401,37.712566881366826,-122.46211438890892
,10.0,dn5,pkg15,10,True,12.0,37.751751,-122.410654,37.769580503285,-122.43088140057895
,10.0,dn14,pkg6,10.0,True,16.0,37.739611,-122.492203,37.750843233843156,-122.49212629788164
,12.0,dn10,pkg22,12,True,16.0,37.78929,-122.426797,37.790106406649805,-122.44260783324417
,12.0,dn12,pkg21,12,True,14.0,37.78929,-122.426797,37.76115184047481,-122.44144044805809
,13.0,dn13,pkg17,13,True,16.0,37.739611,-122.492203,37.762590195099776,-122.46763177251252
,14.0,dn2,pkg2,14,False,13.0,37.774524,-122.473656,37.79399627859894,-122.47134890168775
,14.0,dn9,pkg12,14,True,14.0,37.718779,-122.462401,37.72558891020186,-122.45108787672551
,17.0,dn6,pkg13,17,False,13.0,37.751751,-122.410654,37.75010743157836,-122.44127512170809
,18.0,dn4,pkg3,18,False,14.0,37.751751,-122.410654,37.767022175078075,-122.40147101599806
,18.0,dn1,pkg10,18,False,14.0,37.774524,-122.473656,37.78813841670696,-122.50585118747628
,20.0,dn14,pkg11,20,False,18.0,37.739611,-122.492203,37.75106219178007,-122.44006022204567
,21.0,dn11,pkg9,21,False,16.0,37.78929,-122.426797,37.79635095803236,-122.45590089353051
,21.0,dn15,pkg25,21,True,23.0,37.739611,-122.492203,37.767371008498486,-122.49320705644418
,23.0,dn8,pkg23,23,False,16.0,37.718779,-122.462401,37.70719449543685,-122.44928072303762
,24.0,dn3,pkg18,24,False,17.0,37.774524,-122.473656,37.767941218772926,-122.43551403473064
,24.0,dn13,pkg28,24,True,29.0,37.739611,-122.492203,37.75016317114023,-122.47980603431144
,28.0,dn7,pkg5,28,False,19.0,37.718779,-122.462401,37.71517834131622,-122.4434061715249
,31.0,dn1,pkg30,31,True,31.0,37.774524,-122.473656,37.74418870970649,-122.50221254255487
,32.0,dn14,pkg35,32.0,True,39.0,37.739611,-122.492203,37.73738040516317,-122.49079082402378
,33.0,dn15,pkg32,33,True,39.0,37.739611,-122.492203,37.772439786935195,-122.4974204003002
,34.0,dn12,pkg33,34.0,True,43.0,37.78929,-122.426797,37.76143408317627,-122.43880648048297
,35.0,dn5,pkg26,35,False,32.0,37.751751,-122.410654,37.77017945485035,-122.41271989861846
,35.0,dn10,pkg31,35,True,37.0,37.78929,-122.426797,37.763296130527735,-122.4496464001563
,46.0,dn9,pkg29,46,False,34.0,37.718779,-122.462401,37.70733323355404,-122.43888085461995
,46.0,dn1,pkg40,46.0,True,51.0,37.774524,-122.473656,37.755336064420796,-122.49804068370229
,46.0,dn13,pkg41,46,True,52.0,37.739611,-122.492203,37.72699338216709,-122.45324334328303
,47.0,dn2,pkg38,47,True,48.0,37.774524,-122.473656,37.76345496378913,-122.43718821349869
,47.0,dn3,pkg39,47,True,50.0,37.774524,-122.473656,37.79189501012502,-122.5070297615733
,49.0,dn6,pkg36,49,False,43.0,37.751751,-122.410654,37.74475708808873,-122.42438356037346
,49.0,dn12,pkg42,49,True,56.0,37.78929,-122.426797,37.76303619607424,-122.44594249990821
,51.0,dn7,pkg43,51,True,58.0,37.718779,-122.462401,37.728629535978655,-122.46267811890975
,54.0,dn8,pkg37,54,False,40.0,37.718779,-122.462401,37.712457696400556,-122.4220870227046
,59.0,dn4,pkg34,59,False,43.0,37.751751,-122.410654,37.79075549343213,-122.39948549358327
,63.0,dn5,pkg44,63,False,61.0,37.751751,-122.410654,37.71205840268698,-122.41781339275457
,63.0,dn1,pkg45,63,True,67.0,37.774524,-122.473656,37.76001076040368,-122.46112298833613
,72.0,dn6,pkg47,72.0,True,78.0,37.751751,-122.410654,37.7118114471575,-122.3991634817026
,77.0,dn9,pkg48,77,True,84.0,37.718779,-122.462401,37.71564416783756,-122.44538332216423
,78.0,dn2,pkg49,78,False,77.0,37.774524,-122.473656,37.76286641906949,-122.42620298444108
,79.0,dn7,pkg46,79,True,80.0,37.718779,-122.462401,37.729153117536164,-122.42128157521564
,79.0,dn13,pkg50,79.0,True,86.0,37.739611,-122.492203,37.71632689459595,-122.46405615730377
,90.0,dn8,pkg54,90.0,True,97.0,37.718779,-122.462401,37.7485712190312,-122.47302259079736
,91.0,dn3,pkg53,91,True,91.0,37.774524,-122.473656,37.78497286563671,-122.4460654291756
,92.0,dn1,pkg51,92,False,89.0,37.774524,-122.473656,37.786141671904396,-122.48311198534101
,92.0,dn4,pkg56,92.0,True,98.0,37.751751,-122.410654,37.738859322103266,-122.4428869051703
,98.0,dn11,pkg55,98,False,96.0,37.78929,-122.426797,37.78246739911802,-122.4760174077413
,100.0,dn10,pkg52,100,False,90.0,37.78929,-122.426797,37.79353257165656,-122.40017089052351
,100.0,dn9,pkg59,100.0,True,108.0,37.718779,-122.462401,37.72606622300967,-122.47892098743199
,5.0,dn1,pkg5,5.0,True,10.0,37.774524,-122.473656,37.75153428968008,-122.49231284624604
,7.0,dn5,pkg16,7,True,14.0,37.751751,-122.410654,37.75595616950354,-122.40627835212373
,7.0,dn8,pkg3,7,True,11.0,37.718779,-122.462401,37.750382239371504,-122.44811319556274
,7.0,dn13,pkg14,7.0,True,16.0,37.739611,-122.492203,37.73067759651782,-122.49497806607954
,8.0,dn3,pkg7,8,True,12.0,37.774524,-122.473656,37.77397215980643,-122.50074876508657
,9.0,dn2,pkg11,9.0,True,14.0,37.774524,-122.473656,37.77204583544316,-122.48731162293335
,10.0,dn6,pkg12,10,True,11.0,37.751751,-122.410654,37.74380313008499,-122.43961047728041
,10.0,dn7,pkg8,10,True,12.0,37.718779,-122.462401,37.72149587906024,-122.45876653996247
,10.0,dn10,pkg4,10,True,12.0,37.78929,-122.426797,37.79473450854655,-122.44662110003476
,10.0,dn11,pkg1,10.0,True,15.0,37.78929,-122.426797,37.79016536061623,-122.43924720059074
,10.0,dn14,pkg2,10.0,True,15.0,37.739611,-122.492203,37.74501876148959,-122.47065829199343
,12.0,dn15,pkg17,12,True,17.0,37.739611,-122.492203,37.71125949159185,-122.50625025640244
,13.0,dn12,pkg21,13,True,15.0,37.78929,-122.426797,37.77472885052826,-122.43984529038312
,15.0,dn9,pkg19,15,False,12.0,37.718779,-122.462401,37.73971923373869,-122.4308919471201
,17.0,dn4,pkg13,17,False,13.0,37.751751,-122.410654,37.759579144079346,-122.41618873183222
,17.0,dn14,pkg27,17,True,21.0,37.739611,-122.492203,37.71956134987443,-122.47701459001432
,20.0,dn13,pkg15,20,False,18.0,37.739611,-122.492203,37.76865652941738,-122.48401582530798
,21.0,dn5,pkg10,21,False,17.0,37.751751,-122.410654,37.759998380303436,-122.41698529129299
,24.0,dn2,pkg9,24,False,17.0,37.774524,-122.473656,37.76968010617381,-122.43552376348694
,25.0,dn14,pkg29,25,False,24.0,37.739611,-122.492203,37.753045211907434,-122.46918796846161
,26.0,dn1,pkg18,26,False,14.0,37.774524,-122.473656,37.79308271788043,-122.4885846357533
,29.0,dn8,pkg25,29,False,16.0,37.718779,-122.462401,37.71261834591961,-122.42262077307058
,30.0,dn15,pkg34,30,True,31.0,37.739611,-122.492203,37.75388229218845,-122.47891383195352
,31.0,dn7,pkg32,31,False,25.0,37.718779,-122.462401,37.71131962445994,-122.49544495088463
,32.0,dn10,pkg37,32,True,33.0,37.78929,-122.426797,37.7886556825122,-122.434653814657
,33.0,dn3,pkg24,33,False,17.0,37.774524,-122.473656,37.78415374365877,-122.43632487482384
,37.0,dn11,pkg28,37,False,21.0,37.78929,-122.426797,37.766509033088454,-122.41103596119773
,37.0,dn13,pkg33,37,False,35.0,37.739611,-122.492203,37.76382253109267,-122.49714381182893
,40.0,dn14,pkg38,40,False,32.0,37.739611,-122.492203,37.729052543547766,-122.45964864761658
,41.0,dn2,pkg39,41,False,38.0,37.774524,-122.473656,37.793137192138914,-122.48898547083654
,42.0,dn9,pkg41,42,True,48.0,37.718779,-122.462401,37.71811354316577,-122.43320937052
,42.0,dn4,pkg40,42,True,42.0,37.751751,-122.410654,37.7561970931635,-122.40057070007639
,43.0,dn6,pkg31,43,False,29.0,37.751751,-122.410654,37.745703588294894,-122.4051423178793
,45.0,dn5,pkg36,45,False,33.0,37.751751,-122.410654,37.73258274307506,-122.41200243977265
,49.0,dn12,pkg35,49,False,30.0,37.78929,-122.426797,37.77653435529883,-122.39916438286204
,50.0,dn15,pkg46,50,True,59.0,37.739611,-122.492203,37.77473891487597,-122.47982169574244
,52.0,dn7,pkg45,52,True,57.0,37.718779,-122.462401,37.737934969794644,-122.41764101318923
,54.0,dn8,pkg49,54,True,59.0,37.718779,-122.462401,37.71226454812912,-122.44479177058605
,55.0,dn13,pkg50,55,True,64.0,37.739611,-122.492203,37.7766295367115,-122.47578046503648
,57.0,dn10,pkg42,57,False,45.0,37.78929,-122.426797,37.752616326125526,-122.3966466485832
,57.0,dn4,pkg48,57,True,61.0,37.751751,-122.410654,37.75513625043733,-122.42002586532497
,62.0,dn1,pkg43,62,False,51.0,37.774524,-122.473656,37.763445789929534,-122.42038441639349
,62.0,dn9,pkg52,62,True,70.0,37.718779,-122.462401,37.720098085707626,-122.4488229152343
,63.0,dn14,pkg51,63,True,63.0,37.739611,-122.492203,37.71062638216294,-122.46977286733726
,66.0,dn2,pkg53,66.0,True,72.0,37.774524,-122.473656,37.762011058804376,-122.49488042179519
,69.0,dn15,pkg56,69.0,True,79.0,37.739611,-122.492203,37.75930408959211,-122.48163105683868
,70.0,dn3,pkg54,70,True,73.0,37.774524,-122.473656,37.781881233804,-122.49080736087974
,75.0,dn7,pkg57,75,True,75.0,37.718779,-122.462401,37.70814497159988,-122.43383347782246
,76.0,dn11,pkg55,76,False,75.0,37.78929,-122.426797,37.796109773208805,-122.41197481901696
,77.0,dn10,pkg58,77,True,78.0,37.78929,-122.426797,37.79106210400809,-122.46068952146985
,79.0,dn8,pkg59,79,True,83.0,37.718779,-122.462401,37.72498680494641,-122.46342641757776
,80.0,dn9,pkg62,80.0,True,90.0,37.718779,-122.462401,37.73372830946883,-122.4762249110485
,82.0,dn2,pkg60,82,True,87.0,37.774524,-122.473656,37.77334943535542,-122.47600839453116
,82.0,dn13,pkg63,82.0,True,91.0,37.739611,-122.492203,37.7494073419401,-122.49779519496114
,83.0,dn4,pkg61,83,True,86.0,37.751751,-122.410654,37.73623123261528,-122.42770387894902
,92.0,dn5,pkg64,92,True,94.0,37.751751,-122.410654,37.751768208719746,-122.43823237818127
,97.0,dn7,pkg70,97.0,True,103.0,37.718779,-122.462401,37.7555383749028,-122.46899370794581
,98.0,dn1,pkg68,98,True,99.0,37.774524,-122.473656,37.768769264523854,-122.46058943101383
,98.0,dn3,pkg69,98,True,101.0,37.774524,-122.473656,37.743265845107196,-122.45080734672756
,5.0,dn1,pkg15,5.0,True,12.0,37.774524,-122.473656,37.772138023611916,-122.47715624175487
,5.0,dn2,pkg13,5,True,14.0,37.774524,-122.473656,37.76272152510061,-122.48615097524282
,5.0,dn8,pkg11,5.0,True,15.0,37.718779,-122.462401,37.70807432499474,-122.47210427235797
,7.0,dn3,pkg2,7,True,13.0,37.774524,-122.473656,37.756696244713,-122.50289110824077
,7.0,dn7,pkg5,7.0,True,12.0,37.718779,-122.462401,37.712204394152316,-122.48692042699594
,7.0,dn9,pkg6,7,True,16.0,37.718779,-122.462401,37.71058281559672,-122.48102550816824
,9.0,dn13,pkg8,9.0,True,14.0,37.739611,-122.492203,37.745295511356346,-122.49804071802542
,9.0,dn14,pkg14,9,True,16.0,37.739611,-122.492203,37.76197281562856,-122.47950946151313
,10.0,dn4,pkg1,10,True,10.0,37.751751,-122.410654,37.736895730260024,-122.44429095170221
,10.0,dn5,pkg7,10,True,11.0,37.751751,-122.410654,37.73790998442794,-122.44354026107997
,10.0,dn10,pkg12,10.0,True,15.0,37.78929,-122.426797,37.79044452196529,-122.43493746080205
,10.0,dn15,pkg3,10.0,True,16.0,37.739611,-122.492203,37.76839973053041,-122.50127724559073
,11.0,dn11,pkg19,11,True,17.0,37.78929,-122.426797,37.78202581272929,-122.43016092903548
,11.0,dn8,pkg24,11,True,16.0,37.718779,-122.462401,37.735698174814644,-122.47971920662665
,13.0,dn6,pkg4,13,False,10.0,37.751751,-122.410654,37.730138844060626,-122.45228465884918
,14.0,dn12,pkg21,14,True,16.0,37.78929,-122.426797,37.79294858464749,-122.44415033310626
,15.0,dn13,pkg10,15,True,18.0,37.739611,-122.492203,37.70976499106854,-122.49215489386597
,17.0,dn1,pkg16,17,True,18.0,37.774524,-122.473656,37.77709358214735,-122.468674338723
,20.0,dn2,pkg25,20,False,16.0,37.774524,-122.473656,37.75890919942034,-122.469273151873
,21.0,dn8,pkg22,21,False,16.0,37.718779,-122.462401,37.71859493351407,-122.40786213579216
,21.0,dn14,pkg30,21.0,True,28.0,37.739611,-122.492203,37.74382201681264,-122.48196507350231
,23.0,dn7,pkg9,23,False,18.0,37.718779,-122.462401,37.75232006055383,-122.44936391615472
,24.0,dn15,pkg27,24,True,24.0,37.739611,-122.492203,37.72393229038111,-122.47172380484895
,30.0,dn10,pkg28,30,False,28.0,37.78929,-122.426797,37.77051616233493,-122.45804945645862
,31.0,dn1,pkg32,31,True,34.0,37.774524,-122.473656,37.783176684575025,-122.4595170243359
,32.0,dn3,pkg20,32,False,15.0,37.774524,-122.473656,37.763935684514976,-122.436908069036
,32.0,dn4,pkg26,32,False,21.0,37.751751,-122.410654,37.72121735701764,-122.41998653759518
,32.0,dn14,pkg35,32,True,41.0,37.739611,-122.492203,37.713433362248544,-122.49154529845575
,33.0,dn13,pkg29,33,False,28.0,37.739611,-122.492203,37.710833216080815,-122.46635432136303
,37.0,dn9,pkg23,37,False,17.0,37.718779,-122.462401,37.71854456057781,-122.41041020343363
,38.0,dn8,pkg36,38.0,True,47.0,37.718779,-122.462401,37.72899905879461,-122.4980176538954
,39.0,dn5,pkg31,39,False,30.0,37.751751,-122.410654,37.7179567524539,-122.43533863670365
,39.0,dn11,pkg33,39,False,32.0,37.78929,-122.426797,37.780881003294525,-122.43466151263257
,41.0,dn2,pkg37,41.0,True,46.0,37.774524,-122.473656,37.7599779190548,-122.50457422216195
,44.0,dn7,pkg39,44.0,True,50.0,37.718779,-122.462401,37.74394072249963,-122.46061952136361
,44.0,dn14,pkg42,44.0,True,50.0,37.739611,-122.492203,37.73608076877187,-122.47722226110453
,50.0,dn12,pkg38,50,True,52.0,37.78929,-122.426797,37.78883124019959,-122.4287179358396
,51.0,dn6,pkg34,51,False,37.0,37.751751,-122.410654,37.75567945784136,-122.41124926551113
,51.0,dn15,pkg45,51,True,54.0,37.739611,-122.492203,37.72087589315266,-122.4794691821781
,52.0,dn8,pkg43,52,True,53.0,37.718779,-122.462401,37.748643171651494,-122.44337500428574
,54.0,dn1,pkg40,54,False,48.0,37.774524,-122.473656,37.79503424665855,-122.50274502075727
,55.0,dn13,pkg49,55.0,True,64.0,37.739611,-122.492203,37.77596652793017,-122.46199209666504
,59.0,dn2,pkg46,59,True,60.0,37.774524,-122.473656,37.789163081968155,-122.44244142694691
,62.0,dn4,pkg44,62,False,57.0,37.751751,-122.410654,37.73085691247793,-122.43047735637295
,63.0,dn10,pkg41,63,False,50.0,37.78929,-122.426797,37.77904329623875,-122.41322451341462
,63.0,dn7,pkg50,63.0,True,69.0,37.718779,-122.462401,37.7306141726984,-122.50297464811365
,65.0,dn3,pkg52,65.0,True,70.0,37.774524,-122.473656,37.73041648780004,-122.47025641101801
,72.0,dn11,pkg48,72,False,59.0,37.78929,-122.426797,37.79192155265925,-122.39713094972349
,73.0,dn5,pkg51,73,False,68.0,37.751751,-122.410654,37.79601272158748,-122.40846846422069
,74.0,dn14,pkg57,74.0,True,84.0,37.739611,-122.492203,37.778174009616734,-122.4710369364454
,75.0,dn13,pkg56,75,True,83.0,37.739611,-122.492203,37.77064003949337,-122.4905572400344
,76.0,dn7,pkg59,76.0,True,82.0,37.718779,-122.462401,37.7234776278256,-122.49965130057637
,83.0,dn9,pkg61,83,True,89.0,37.718779,-122.462401,37.72517540279198,-122.44538781391812
,84.0,dn6,pkg54,84,False,79.0,37.751751,-122.410654,37.747376083479075,-122.41651472964934
,86.0,dn15,pkg62,86.0,True,96.0,37.739611,-122.492203,37.71908886300685,-122.48005679099907
,87.0,dn1,pkg58,87,False,82.0,37.774524,-122.473656,37.78839072620491,-122.49435508293618
,87.0,dn2,pkg63,87,True,90.0,37.774524,-122.473656,37.776664683848615,-122.49386474344492
,87.0,dn4,pkg64,87,True,96.0,37.751751,-122.410654,37.72564650884634,-122.40327548448552
,89.0,dn3,pkg53,89,False,78.0,37.774524,-122.473656,37.75285291195488,-122.42341090405394
,93.0,dn7,pkg66,93.0,True,99.0,37.718779,-122.462401,37.73964138945841,-122.49898841858037
,95.0,dn10,pkg65,95,True,97.0,37.78929,-122.426797,37.79526458826678,-122.45976109345159
,95.0,dn13,pkg67,95.0,True,104.0,37.739611,-122.492203,37.727850838015904,-122.46610243171848
,95.0,dn5,pkg68,95,True,101.0,37.751751,-122.410654,37.745430389668634,-122.42123495909156
,97.0,dn12,pkg55,97,False,75.0,37.78929,-122.426797,37.75120083681644,-122.39567725909501
,99.0,dn8,pkg60,99,False,91.0,37.718779,-122.462401,37.73156591808755,-122.4106569056411
,99.0,dn6,pkg70,99.0,True,108.0,37.751751,-122.410654,37.75599893502326,-122.45866468799265
,6.0,dn2,pkg5,6.0,True,11.0,37.774524,-122.473656,37.742109430250764,-122.46175009366607
,8.0,dn3,pkg21,8.0,True,17.0,37.774524,-122.473656,37.76269590616787,-122.4649261046116
,9.0,dn1,pkg7,9.0,True,14.0,37.774524,-122.473656,37.78025726241054,-122.49294379914579
,9.0,dn4,pkg1,9,True,12.0,37.751751,-122.410654,37.74151246142235,-122.43387165210468
,9.0,dn7,pkg20,9,True,14.0,37.718779,-122.462401,37.73125293813927,-122.456462680213
,9.0,dn8,pkg11,9.0,True,15.0,37.718779,-122.462401,37.735616058526844,-122.4720149466704
,9.0,dn14,pkg19,9.0,True,18.0,37.739611,-122.492203,37.75012436976785,-122.48844564283357
,9.0,dn15,pkg18,9.0,True,19.0,37.739611,-122.492203,37.72729945727503,-122.50289813874062
,10.0,dn13,pkg3,10,True,15.0,37.739611,-122.492203,37.717009505323965,-122.49295932715353
,11.0,dn9,pkg17,11,True,17.0,37.718779,-122.462401,37.70906279020117,-122.46968543653223
,12.0,dn6,pkg6,12,True,14.0,37.751751,-122.410654,37.7331133480067,-122.40440531458839
,15.0,dn10,pkg13,15,False,14.0,37.78929,-122.426797,37.792617940760564,-122.44148710075245
,15.0,dn2,pkg15,15,True,20.0,37.774524,-122.473656,37.77458099908292,-122.4792436294709
,15.0,dn14,pkg23,15,True,21.0,37.739611,-122.492203,37.73069178510043,-122.49904523176676
,16.0,dn5,pkg22,16,True,16.0,37.751751,-122.410654,37.751593957371995,-122.4177427065714
,17.0,dn11,pkg10,17,False,16.0,37.78929,-122.426797,37.779914973414165,-122.42040805051376
,22.0,dn3,pkg26,22,False,18.0,37.774524,-122.473656,37.78995112905294,-122.50298364920839
,23.0,dn15,pkg2,23,False,19.0,37.739611,-122.492203,37.75215252610665,-122.45495607005864
,25.0,dn14,pkg32,25.0,True,30.0,37.739611,-122.492203,37.71785565242975,-122.5022226844812
,26.0,dn12,pkg12,26,False,14.0,37.78929,-122.426797,37.79417584358226,-122.3947634497494
,26.0,dn7,pkg24,26,False,22.0,37.718779,-122.462401,37.72270191359419,-122.46084637201194
,27.0,dn1,pkg8,27,False,20.0,37.774524,-122.473656,37.75513700057558,-122.4510398413428
,28.0,dn13,pkg33,28.0,True,35.0,37.739611,-122.492203,37.76017107363025,-122.50437073473134
,30.0,dn2,pkg28,30,False,23.0,37.774524,-122.473656,37.79629269390627,-122.43055787589209
,30.0,dn9,pkg35,30,True,39.0,37.718779,-122.462401,37.71262393353944,-122.46907448772195
,31.0,dn8,pkg4,31,False,17.0,37.718779,-122.462401,37.714596477950565,-122.43314613444532
,34.0,dn4,pkg27,34,False,24.0,37.751751,-122.410654,37.77227159285318,-122.42375554746674
,39.0,dn3,pkg36,39,False,38.0,37.774524,-122.473656,37.78828759991704,-122.45969359437855
,40.0,dn7,pkg40,40,True,44.0,37.718779,-122.462401,37.73793399232415,-122.44665588460576
,43.0,dn5,pkg37,43,False,37.0,37.751751,-122.410654,37.7605040743715,-122.40316991463874
,44.0,dn14,pkg31,44,False,34.0,37.739611,-122.492203,37.77780535320092,-122.47200358465076
,45.0,dn11,pkg38,45,False,39.0,37.78929,-122.426797,37.79437221341971,-122.44461671352651
,46.0,dn6,pkg30,46,False,30.0,37.751751,-122.410654,37.748820777537155,-122.41666191945656
,48.0,dn10,pkg34,48,False,33.0,37.78929,-122.426797,37.79356279524328,-122.42637000993619
,48.0,dn9,pkg42,48.0,True,57.0,37.718779,-122.462401,37.728187201116214,-122.48728164562272
,51.0,dn2,pkg44,51,True,60.0,37.774524,-122.473656,37.75745142051536,-122.45825761838451
,54.0,dn13,pkg48,54.0,True,60.0,37.739611,-122.492203,37.77305576089103,-122.49165954809673
,57.0,dn3,pkg45,57,True,64.0,37.774524,-122.473656,37.79232470275391,-122.500385020998
,59.0,dn4,pkg41,59,False,54.0,37.751751,-122.410654,37.77314203537644,-122.4088811330466
,60.0,dn14,pkg52,60,True,66.0,37.739611,-122.492203,37.748949348352006,-122.50080475798192
,61.0,dn15,pkg50,61,True,67.0,37.739611,-122.492203,37.71004755041206,-122.48118941088208
,62.0,dn1,pkg39,62,False,51.0,37.774524,-122.473656,37.78589787515475,-122.41837567375497
,62.0,dn9,pkg51,62.0,True,70.0,37.718779,-122.462401,37.745804987882714,-122.46809071060021
,65.0,dn7,pkg47,65,False,60.0,37.718779,-122.462401,37.743370019071925,-122.41632548435832
,68.0,dn11,pkg55,68.0,True,77.0,37.78929,-122.426797,37.75756217274995,-122.46504836825966
,69.0,dn8,pkg49,69,False,61.0,37.718779,-122.462401,37.71634382730329,-122.40869756157274
,70.0,dn2,pkg53,70,False,68.0,37.774524,-122.473656,37.77666442117654,-122.49312512510089
,71.0,dn12,pkg46,71,False,58.0,37.78929,-122.426797,37.75805841381043,-122.39906959727507
,71.0,dn14,pkg59,71,True,75.0,37.739611,-122.492203,37.768176494749795,-122.50549098097854
,74.0,dn13,pkg58,74,True,78.0,37.739611,-122.492203,37.76337270193016,-122.45812514349231
,74.0,dn9,pkg54,74,False,70.0,37.718779,-122.462401,37.715577736763024,-122.43384514581835
,75.0,dn5,pkg43,75,False,60.0,37.751751,-122.410654,37.71301894290735,-122.39812841439299
,77.0,dn3,pkg61,77,True,78.0,37.774524,-122.473656,37.764329451182384,-122.45674771928459
,79.0,dn10,pkg56,79,False,73.0,37.78929,-122.426797,37.77101001035468,-122.42903699842321
,83.0,dn14,pkg67,83.0,True,92.0,37.739611,-122.492203,37.73577545991072,-122.49123616160293
,84.0,dn4,pkg60,84,False,78.0,37.751751,-122.410654,37.747811034377555,-122.41305488520322
,85.0,dn6,pkg57,85,False,77.0,37.751751,-122.410654,37.72041189582397,-122.41676289128594
,86.0,dn15,pkg63,86,False,82.0,37.739611,-122.492203,37.72984013572161,-122.44371338776065
,89.0,dn11,pkg62,89,False,82.0,37.78929,-122.426797,37.766213366201185,-122.4352732556701
,90.0,dn9,pkg69,90,True,91.0,37.718779,-122.462401,37.73213714695321,-122.46830148734095
,91.0,dn2,pkg66,91,False,89.0,37.774524,-122.473656,37.76319687379053,-122.47853124958183
,92.0,dn13,pkg71,92.0,True,98.0,37.739611,-122.492203,37.75947056908179,-122.50473333628678
,93.0,dn8,pkg68,93,True,95.0,37.718779,-122.462401,37.716894871361056,-122.44420438837828
,96.0,dn7,pkg64,96,False,91.0,37.718779,-122.462401,37.707656940958856,-122.49998015139096
,97.0,dn3,pkg73,97.0,True,105.0,37.774524,-122.473656,37.73492764027616,-122.4947563057063
,98.0,dn14,pkg65,98,False,89.0,37.739611,-122.492203,37.76472616216991,-122.44827289745655
,5.0,dn7,pkg12,5.0,True,14.0,37.718779,-122.462401,37.72688983851447,-122.47656223237472
,8.0,dn2,pkg1,8,True,12.0,37.774524,-122.473656,37.756573183837766,-122.45902878382994
,8.0,dn3,pkg9,8.0,True,15.0,37.774524,-122.473656,37.76850434525989,-122.43308610838392
,8.0,dn13,pkg10,8.0,True,18.0,37.739611,-122.492203,37.72579914627968,-122.49615853928863
,9.0,dn11,pkg4,9,True,16.0,37.78929,-122.426797,37.792599544826665,-122.44308914773363
,9.0,dn14,pkg2,9,True,17.0,37.739611,-122.492203,37.715385964501685,-122.49951011266393
,10.0,dn1,pkg3,10,True,12.0,37.774524,-122.473656,37.77935244064461,-122.46888514732788
,10.0,dn8,pkg16,10,True,15.0,37.718779,-122.462401,37.70917860733084,-122.441070742589
,10.0,dn9,pkg5,10.0,True,15.0,37.718779,-122.462401,37.72742846358149,-122.49054550457907
,10.0,dn15,pkg21,10.0,True,19.0,37.739611,-122.492203,37.754370456027935,-122.45564947581094
,13.0,dn12,pkg14,13,True,16.0,37.78929,-122.426797,37.79449524608253,-122.39859853356019
,14.0,dn4,pkg15,14,False,10.0,37.751751,-122.410654,37.76327470488029,-122.40611220847742
,14.0,dn6,pkg18,14,True,17.0,37.751751,-122.410654,37.75339820047964,-122.40440177199429
,16.0,dn5,pkg20,16,False,13.0,37.751751,-122.410654,37.7654067740356,-122.41009249689179
,17.0,dn13,pkg25,17,True,21.0,37.739611,-122.492203,37.75399058144186,-122.44925052062774
,19.0,dn10,pkg19,19,False,11.0,37.78929,-122.426797,37.78238672533695,-122.39624475250834
,20.0,dn15,pkg27,20,True,25.0,37.739611,-122.492203,37.736587638953694,-122.45845028096697
,23.0,dn9,pkg17,23,False,17.0,37.718779,-122.462401,37.71433871154791,-122.42979049522481
,24.0,dn2,pkg28,24,False,23.0,37.774524,-122.473656,37.774754588696354,-122.46469396281914
,26.0,dn7,pkg13,26,False,14.0,37.718779,-122.462401,37.7113826995546,-122.4184332124288
,26.0,dn15,pkg32,26,True,33.0,37.739611,-122.492203,37.768031515099935,-122.50585590001738
,27.0,dn3,pkg6,27,False,17.0,37.774524,-122.473656,37.7624395338574,-122.43424447047485
,33.0,dn11,pkg24,33,False,22.0,37.78929,-122.426797,37.79404686454881,-122.41962649781959
,33.0,dn14,pkg26,33,False,28.0,37.739611,-122.492203,37.73862932499643,-122.43842440164539
,33.0,dn1,pkg29,33,False,27.0,37.774524,-122.473656,37.77978255400584,-122.44677750892536
,33.0,dn8,pkg34,33.0,True,42.0,37.718779,-122.462401,37.74786557257014,-122.47402604532961
,33.0,dn13,pkg31,33,False,32.0,37.739611,-122.492203,37.76527690072895,-122.4582699216929
,34.0,dn12,pkg30,34,False,33.0,37.78929,-122.426797,37.796017070587546,-122.4410711212448
,39.0,dn15,pkg36,39,True,40.0,37.739611,-122.492203,37.77590591648846,-122.4583798275666
,41.0,dn5,pkg39,41,True,46.0,37.751751,-122.410654,37.734115290461645,-122.45500123635532
,44.0,dn4,pkg35,44,False,40.0,37.751751,-122.410654,37.7435101006355,-122.39494838649674
,46.0,dn6,pkg37,46,False,43.0,37.751751,-122.410654,37.77928300601913,-122.42364711936106
,46.0,dn2,pkg33,46,False,35.0,37.774524,-122.473656,37.79464350959144,-122.4741863668424
,47.0,dn10,pkg40,47,True,49.0,37.78929,-122.426797,37.76247344510692,-122.41317994589879
,50.0,dn7,pkg45,50.0,True,56.0,37.718779,-122.462401,37.762937811971604,-122.45275949207713
,51.0,dn9,pkg43,51,True,58.0,37.718779,-122.462401,37.70999665589234,-122.4867485352559
,51.0,dn13,pkg44,51,True,56.0,37.739611,-122.492203,37.727530433274715,-122.46682457467602
,52.0,dn8,pkg42,52,True,54.0,37.718779,-122.462401,37.718131894860974,-122.40936393668825
,55.0,dn3,pkg38,55,False,45.0,37.774524,-122.473656,37.774745216952425,-122.50547085593867
,58.0,dn1,pkg47,58,True,66.0,37.774524,-122.473656,37.766861310947945,-122.44075142895225
,60.0,dn12,pkg46,60,True,64.0,37.78929,-122.426797,37.7501801578133,-122.40967945321168
,60.0,dn11,pkg49,60,True,69.0,37.78929,-122.426797,37.75688675219159,-122.39697892216971
,61.0,dn5,pkg41,61,False,54.0,37.751751,-122.410654,37.7358945210084,-122.40395992773313
,65.0,dn14,pkg48,65,True,67.0,37.739611,-122.492203,37.72557688067823,-122.4401675678345
,68.0,dn4,pkg52,68,True,72.0,37.751751,-122.410654,37.758327090693314,-122.40882660290532
,70.0,dn7,pkg51,70,True,73.0,37.718779,-122.462401,37.71265239269991,-122.50668918349855
,70.0,dn2,pkg50,70,True,75.0,37.774524,-122.473656,37.78552211650358,-122.50598018382874
,71.0,dn8,pkg54,71.0,True,76.0,37.718779,-122.462401,37.73974637678118,-122.47486644584848
,75.0,dn13,pkg55,75,True,82.0,37.739611,-122.492203,37.77322340300063,-122.50039643676548
,75.0,dn3,pkg57,75.0,True,82.0,37.774524,-122.473656,37.752598024498795,-122.48941568820241
,80.0,dn9,pkg59,80.0,True,86.0,37.718779,-122.462401,37.736869978122456,-122.48505088808929
,85.0,dn1,pkg53,85,False,79.0,37.774524,-122.473656,37.78886774511832,-122.49522491360032
,85.0,dn10,pkg58,85,False,83.0,37.78929,-122.426797,37.774336037824476,-122.42457701180817
,86.0,dn11,pkg61,86,True,88.0,37.78929,-122.426797,37.777453014593966,-122.44300552505548
,90.0,dn6,pkg56,90,False,81.0,37.751751,-122.410654,37.78596734337227,-122.40473645176152
,90.0,dn12,pkg63,90,True,95.0,37.78929,-122.426797,37.767277866583605,-122.44940175512785
,92.0,dn7,pkg65,92,True,99.0,37.718779,-122.462401,37.71997020190897,-122.45723919454521
,94.0,dn4,pkg62,94,True,97.0,37.751751,-122.410654,37.76798889485783,-122.44619838017466
,96.0,dn8,pkg67,96.0,True,104.0,37.718779,-122.462401,37.72070207721249,-122.48320897682152
,97.0,dn9,pkg68,97.0,True,103.0,37.718779,-122.462401,37.7216028746555,-122.45694544588464
,98.0,dn2,pkg64,98,True,98.0,37.774524,-122.473656,37.796385972356646,-122.45373142792224
,100.0,dn3,pkg66,100,True,102.0,37.774524,-122.473656,37.79105624019054,-122.45817251320774
,6.0,dn7,pkg3,6.0,True,11.0,37.718779,-122.462401,37.71909907268635,-122.44319673411474
,6.0,dn13,pkg8,6.0,True,14.0,37.739611,-122.492203,37.74936785610181,-122.48728605126877
,8.0,dn1,pkg19,8.0,True,15.0,37.774524,-122.473656,37.759535789812304,-122.4771975984164
,8.0,dn8,pkg11,8.0,True,16.0,37.718779,-122.462401,37.72778291810928,-122.47915611973842
,8.0,dn9,pkg18,8.0,True,15.0,37.718779,-122.462401,37.7292728296817,-122.44062539287343
,8.0,dn14,pkg1,8,True,16.0,37.739611,-122.492203,37.76174755091509,-122.49100041473254
,9.0,dn3,pkg15,9,True,14.0,37.774524,-122.473656,37.787490960504634,-122.4968385647289
,9.0,dn15,pkg4,9.0,True,19.0,37.739611,-122.492203,37.73238723311198,-122.47658064222497
,10.0,dn12,pkg16,10,True,15.0,37.78929,-122.426797,37.76162065280117,-122.4361710380521
,12.0,dn4,pkg17,12,True,12.0,37.751751,-122.410654,37.758193710129795,-122.43085525889525
,13.0,dn6,pkg21,13,False,11.0,37.751751,-122.410654,37.72798447355359,-122.42378979395143
,15.0,dn2,pkg10,15,False,14.0,37.774524,-122.473656,37.7870001777325,-122.44788742925576
,15.0,dn13,pkg13,15,True,19.0,37.739611,-122.492203,37.717755539378786,-122.49057481578107
,18.0,dn1,pkg23,18,False,15.0,37.774524,-122.473656,37.79343440517035,-122.46199363378764
,19.0,dn8,pkg6,19,False,17.0,37.718779,-122.462401,37.742348004458,-122.44497217987944
,20.0,dn9,pkg12,20,False,17.0,37.718779,-122.462401,37.72211488724929,-122.42370139465754
,20.0,dn15,pkg24,20,True,22.0,37.739611,-122.492203,37.74717612975978,-122.44729997882331
,21.0,dn14,pkg25,21,True,27.0,37.739611,-122.492203,37.74238287067661,-122.45561507345738
,22.0,dn10,pkg14,22,False,15.0,37.78929,-122.426797,37.773068167634335,-122.42897430186687
,22.0,dn11,pkg7,22,False,15.0,37.78929,-122.426797,37.77133379628293,-122.40524480890471
,24.0,dn5,pkg9,24,False,13.0,37.751751,-122.410654,37.73385346542679,-122.41427557601277
,25.0,dn7,pkg20,25,False,14.0,37.718779,-122.462401,37.72505789342115,-122.43149943143996
,29.0,dn13,pkg30,29.0,True,34.0,37.739611,-122.492203,37.73092371077432,-122.49645605805615
,39.0,dn2,pkg35,39.0,True,46.0,37.774524,-122.473656,37.759894518686735,-122.48021500106543
,41.0,dn4,pkg27,41,False,27.0,37.751751,-122.410654,37.72508394308864,-122.40676541738675
,41.0,dn8,pkg36,41.0,True,46.0,37.718779,-122.462401,37.718238841757525,-122.4523513658702
,42.0,dn14,pkg29,42,False,32.0,37.739611,-122.492203,37.71416800803677,-122.45427582802583
,42.0,dn3,pkg39,42.0,True,52.0,37.774524,-122.473656,37.75116141638267,-122.46372526658556
,43.0,dn1,pkg33,43,False,36.0,37.774524,-122.473656,37.783284297744785,-122.45060292976272
,43.0,dn9,pkg31,43,False,35.0,37.718779,-122.462401,37.739572047817425,-122.4207559732755
,44.0,dn13,pkg37,44,True,45.0,37.739611,-122.492203,37.73919231018348,-122.43763648733506
,48.0,dn12,pkg32,48,False,41.0,37.78929,-122.426797,37.79603840269063,-122.39513883510729
,48.0,dn6,pkg28,48,False,27.0,37.751751,-122.410654,37.724701180446225,-122.39441529557573
,51.0,dn7,pkg40,51,True,56.0,37.718779,-122.462401,37.73782004315688,-122.45479197916174
,51.0,dn2,pkg41,51,True,57.0,37.774524,-122.473656,37.786131835947245,-122.47161871516818
,58.0,dn15,pkg44,58.0,True,63.0,37.739611,-122.492203,37.74943480599572,-122.46820035148649
,61.0,dn8,pkg46,61.0,True,71.0,37.718779,-122.462401,37.741090635247495,-122.48684188901116
,61.0,dn13,pkg49,61.0,True,71.0,37.739611,-122.492203,37.740267623086936,-122.46395150313202
,63.0,dn10,pkg42,63,False,60.0,37.78929,-122.426797,37.78076954569444,-122.40692012456554
,64.0,dn3,pkg43,64,False,60.0,37.774524,-122.473656,37.755861509443676,-122.42989230222575
,69.0,dn11,pkg45,69,False,68.0,37.78929,-122.426797,37.791096450385,-122.46307108595069
,70.0,dn4,pkg48,70,False,69.0,37.751751,-122.410654,37.737520209963826,-122.43196206556708
,73.0,dn7,pkg53,73.0,True,78.0,37.718779,-122.462401,37.75997826348445,-122.48122429647738
,76.0,dn1,pkg52,76,False,73.0,37.774524,-122.473656,37.77304192033049,-122.45994533217862
,77.0,dn5,pkg47,77,False,71.0,37.751751,-122.410654,37.7704343351972,-122.4138567862839
,77.0,dn2,pkg50,77,False,72.0,37.774524,-122.473656,37.78722765746068,-122.47059684009191
,87.0,dn12,pkg54,87,False,84.0,37.78929,-122.426797,37.79233584847221,-122.40354797241754
,88.0,dn7,pkg61,88.0,True,98.0,37.718779,-122.462401,37.713505686016056,-122.48255263888359
,94.0,dn13,pkg69,94,True,101.0,37.739611,-122.492203,37.71158355235025,-122.45660860562349
,96.0,dn9,pkg66,96,True,104.0,37.718779,-122.462401,37.75062510186224,-122.44330419287945
,97.0,dn6,pkg51,97,False,76.0,37.751751,-122.410654,37.79390493125058,-122.41804872496999
,97.0,dn11,pkg62,97,False,94.0,37.78929,-122.426797,37.75724359844744,-122.42811452653943
,98.0,dn10,pkg60,98,False,96.0,37.78929,-122.426797,37.78513764036056,-122.39567060471283
,100.0,dn14,pkg70,100.0,True,108.0,37.739611,-122.492203,37.73222814025931,-122.4690480634086
,5.0,dn2,pkg4,5.0,True,14.0,37.774524,-122.473656,37.7700521108281,-122.4739470619117
,5.0,dn6,pkg2,5,True,14.0,37.751751,-122.410654,37.747788428582204,-122.44732205015579
,6.0,dn13,pkg22,6.0,True,14.0,37.739611,-122.492203,37.728040749722375,-122.50514158186591
,7.0,dn1,pkg5,7,True,10.0,37.774524,-122.473656,37.7627594919187,-122.47979592105473
,7.0,dn15,pkg13,7,True,14.0,37.739611,-122.492203,37.75633421557523,-122.48117403681026
,8.0,dn3,pkg9,8,True,12.0,37.774524,-122.473656,37.76433893356949,-122.4624020746546
,8.0,dn4,pkg11,8,True,13.0,37.751751,-122.410654,37.74805347976143,-122.4315638152594
,8.0,dn14,pkg3,8.0,True,16.0,37.739611,-122.492203,37.748538944312756,-122.49470590329618
,9.0,dn7,pkg19,9.0,True,15.0,37.718779,-122.462401,37.73820977551986,-122.46730244982955
,9.0,dn9,pkg16,9.0,True,14.0,37.718779,-122.462401,37.749948766660815,-122.46555474818122
,10.0,dn13,pkg17,10,True,17.0,37.739611,-122.492203,37.74518914885619,-122.48708632302564
,11.0,dn8,pkg7,11,True,15.0,37.718779,-122.462401,37.725561730597974,-122.42925599660701
,12.0,dn5,pkg20,12,True,14.0,37.751751,-122.410654,37.745027264105275,-122.42446269890878
,14.0,dn11,pkg18,14,True,15.0,37.78929,-122.426797,37.793465778548,-122.4004241842241
,14.0,dn14,pkg15,14,True,19.0,37.739611,-122.492203,37.776069727435676,-122.49741094064679
,15.0,dn2,pkg23,15,False,14.0,37.774524,-122.473656,37.759519426322555,-122.48250702378348
,18.0,dn15,pkg27,18,True,26.0,37.739611,-122.492203,37.734249812546466,-122.48355801542141
,19.0,dn12,pkg21,19,False,17.0,37.78929,-122.426797,37.77667849899616,-122.41713821987928
,21.0,dn7,pkg12,21,False,19.0,37.718779,-122.462401,37.72591919686649,-122.44072700871709
,21.0,dn9,pkg14,21,False,20.0,37.718779,-122.462401,37.713747194281126,-122.43847418737346
,23.0,dn13,pkg25,23,False,20.0,37.739611,-122.492203,37.77663091110784,-122.48365115295628
,25.0,dn3,pkg8,25,False,18.0,37.774524,-122.473656,37.7817237557815,-122.45062246093345
,26.0,dn10,pkg1,26,False,11.0,37.78929,-122.426797,37.79539333642309,-122.44672664583284
,27.0,dn1,pkg10,27,False,17.0,37.774524,-122.473656,37.77724356525631,-122.44733173169075
,29.0,dn6,pkg24,29,False,16.0,37.751751,-122.410654,37.732093896978355,-122.41402054583466
,29.0,dn4,pkg28,29,False,24.0,37.751751,-122.410654,37.75522149761706,-122.40451882369295
,30.0,dn2,pkg31,30.0,True,38.0,37.774524,-122.473656,37.76013323008631,-122.45916514831471
,30.0,dn8,pkg30,30,True,31.0,37.718779,-122.462401,37.72023381354548,-122.45078941427765
,31.0,dn14,pkg29,31,True,33.0,37.739611,-122.492203,37.71519705845451,-122.45733648187242
,34.0,dn15,pkg35,34.0,True,42.0,37.739611,-122.492203,37.75541152135109,-122.50133526996179
,41.0,dn11,pkg32,41,False,39.0,37.78929,-122.426797,37.787266212100945,-122.46748731877561
,46.0,dn5,pkg33,46,False,39.0,37.751751,-122.410654,37.751168001502094,-122.40577196330152
,48.0,dn9,pkg34,48,False,42.0,37.718779,-122.462401,37.74299876668469,-122.42456012740766
,50.0,dn1,pkg38,50.0,True,59.0,37.774524,-122.473656,37.74317972704389,-122.49361104609453
,51.0,dn3,pkg37,51,True,52.0,37.774524,-122.473656,37.76854219418748,-122.44568050779102
,51.0,dn4,pkg39,51.0,True,56.0,37.751751,-122.410654,37.719082076482984,-122.41523949100578
,54.0,dn8,pkg43,54.0,True,64.0,37.718779,-122.462401,37.73123966113638,-122.48888260117067
,54.0,dn13,pkg44,54.0,True,62.0,37.739611,-122.492203,37.713076244908606,-122.46751044237236
,55.0,dn7,pkg41,55,True,62.0,37.718779,-122.462401,37.71619255391336,-122.45765092200085
,57.0,dn2,pkg42,57,True,59.0,37.774524,-122.473656,37.7704642166859,-122.50560060879253
,58.0,dn14,pkg46,58,True,66.0,37.739611,-122.492203,37.71588605457424,-122.50146734590054
,61.0,dn1,pkg48,61,True,69.0,37.774524,-122.473656,37.74600955562833,-122.4437416502927
,64.0,dn12,pkg36,64,False,48.0,37.78929,-122.426797,37.790628568934736,-122.41446600009058
,67.0,dn8,pkg49,67,True,68.0,37.718779,-122.462401,37.716052369854694,-122.42663418252597
,71.0,dn13,pkg51,71,True,75.0,37.739611,-122.492203,37.73382441507356,-122.46083670972475
,75.0,dn6,pkg40,75,False,60.0,37.751751,-122.410654,37.784324751788475,-122.39457248993527
,75.0,dn5,pkg50,75,True,79.0,37.751751,-122.410654,37.74413826007703,-122.40045406337414
,77.0,dn4,pkg47,77,False,69.0,37.751751,-122.410654,37.719457749579306,-122.41502488612993
,78.0,dn2,pkg56,78.0,True,84.0,37.774524,-122.473656,37.735959259924144,-122.48318600739073
,79.0,dn11,pkg52,79,True,81.0,37.78929,-122.426797,37.76721055727118,-122.43022773862724
,79.0,dn9,pkg55,79,True,89.0,37.718779,-122.462401,37.7365736630474,-122.43234796937213
,79.0,dn14,pkg57,79.0,True,89.0,37.739611,-122.492203,37.717900993238125,-122.50616872258556
,80.0,dn7,pkg53,80,True,80.0,37.718779,-122.462401,37.72442618289812,-122.43115474596453
,82.0,dn10,pkg45,82,False,60.0,37.78929,-122.426797,37.78614427831803,-122.4044724395836
,84.0,dn8,pkg58,84,True,91.0,37.718779,-122.462401,37.7308633459448,-122.44909287024863
,85.0,dn2,pkg60,85.0,True,92.0,37.774524,-122.473656,37.73180153588459,-122.45949547243926
,86.0,dn1,pkg54,86,False,82.0,37.774524,-122.473656,37.79095593557121,-122.47536009906344
,90.0,dn3,pkg59,90,True,93.0,37.774524,-122.473656,37.73917407330153,-122.44008465515145
,91.0,dn13,pkg61,91.0,True,97.0,37.739611,-122.492203,37.715235664650805,-122.48922699945841
,94.0,dn15,pkg64,94.0,True,100.0,37.739611,-122.492203,37.707517893908665,-122.46439613935397
,96.0,dn9,pkg66,96.0,True,103.0,37.718779,-122.462401,37.73043306904807,-122.48743963039863
,98.0,dn14,pkg63,98,True,104.0,37.739611,-122.492203,37.7652463539727,-122.45018960636679
,98.0,dn2,pkg65,98.0,True,105.0,37.774524,-122.473656,37.764071723059864,-122.45341985005481
,5.0,dn3,pkg22,5.0,True,14.0,37.774524,-122.473656,37.76888498339458,-122.49641713471124
,6.0,dn13,pkg19,6.0,True,14.0,37.739611,-122.492203,37.74280219738458,-122.47804048241743
,7.0,dn8,pkg3,7.0,True,12.0,37.718779,-122.462401,37.731461753549596,-122.49719076792867
,8.0,dn7,pkg9,8.0,True,16.0,37.718779,-122.462401,37.7241011838922,-122.46095542953339
,8.0,dn11,pkg6,8.0,True,16.0,37.78929,-122.426797,37.764743346460115,-122.43370614900628
,9.0,dn14,pkg12,9.0,True,18.0,37.739611,-122.492203,37.740485149349965,-122.50235862050599
,10.0,dn15,pkg5,10.0,True,19.0,37.739611,-122.492203,37.76060818687421,-122.49480938211495
,11.0,dn13,pkg25,11.0,True,17.0,37.739611,-122.492203,37.74064431208164,-122.49113902747416
,12.0,dn1,pkg17,12,True,12.0,37.774524,-122.473656,37.79291988378911,-122.46944698678467
,13.0,dn2,pkg20,13,False,12.0,37.774524,-122.473656,37.79178503962983,-122.48126050987172
,13.0,dn6,pkg1,13,True,13.0,37.751751,-122.410654,37.717685067365316,-122.42910524394239
,15.0,dn4,pkg16,15,True,17.0,37.751751,-122.410654,37.75959255139649,-122.40989084492111
,16.0,dn10,pkg21,16,False,15.0,37.78929,-122.426797,37.775705610525264,-122.44175971308559
,17.0,dn13,pkg28,17,True,22.0,37.739611,-122.492203,37.75057046343527,-122.48377585594241
,18.0,dn5,pkg13,18,False,13.0,37.751751,-122.410654,37.726277353145996,-122.4110854004254
,18.0,dn9,pkg4,18,False,14.0,37.718779,-122.462401,37.709714756477496,-122.4376314838758
,19.0,dn12,pkg10,19,False,18.0,37.78929,-122.426797,37.77848337546022,-122.41246589674267
,21.0,dn15,pkg30,21.0,True,28.0,37.739611,-122.492203,37.744296675332215,-122.49877285920634
,22.0,dn8,pkg11,22,False,16.0,37.718779,-122.462401,37.749246852725875,-122.44094024020785
,22.0,dn7,pkg2,22,False,18.0,37.718779,-122.462401,37.756138873747325,-122.44047501805835
,24.0,dn14,pkg24,24,False,16.0,37.739611,-122.492203,37.77393775501261,-122.50561725739406
,26.0,dn3,pkg7,26,False,16.0,37.774524,-122.473656,37.79039838644483,-122.461419711207
,27.0,dn13,pkg33,27,True,35.0,37.739611,-122.492203,37.729847159667884,-122.4715259535089
,30.0,dn11,pkg15,30,False,16.0,37.78929,-122.426797,37.766243421580164,-122.43401672933422
,31.0,dn15,pkg34,31.0,True,41.0,37.739611,-122.492203,37.72921363325599,-122.46382647343695
,34.0,dn1,pkg35,34,True,38.0,37.774524,-122.473656,37.77800648916844,-122.49718639211088
,34.0,dn2,pkg36,34.0,True,44.0,37.774524,-122.473656,37.76485323153434,-122.47078087343706
,35.0,dn6,pkg32,35,False,34.0,37.751751,-122.410654,37.741107761403676,-122.4083585546678
,36.0,dn7,pkg37,36,True,42.0,37.718779,-122.462401,37.74661184396579,-122.50725534354966
,42.0,dn13,pkg39,42.0,True,48.0,37.739611,-122.492203,37.717420305738884,-122.49605857954074
,47.0,dn5,pkg40,47,False,44.0,37.751751,-122.410654,37.733381671458275,-122.40087473658267
,48.0,dn8,pkg42,48.0,True,56.0,37.718779,-122.462401,37.711849792816544,-122.46012963863522
,49.0,dn4,pkg38,49,False,48.0,37.751751,-122.410654,37.74006651123128,-122.43146770099234
,49.0,dn1,pkg45,49.0,True,58.0,37.774524,-122.473656,37.75873662367757,-122.46408964584867
,53.0,dn3,pkg44,53.0,True,60.0,37.774524,-122.473656,37.77036599016516,-122.45747243729562
,54.0,dn6,pkg46,54,True,62.0,37.751751,-122.410654,37.770874471793086,-122.42360222900976
,55.0,dn10,pkg41,55,False,54.0,37.78929,-122.426797,37.76399946071175,-122.42468260217566
,56.0,dn7,pkg48,56.0,True,61.0,37.718779,-122.462401,37.731581542844964,-122.41605865719556
,57.0,dn2,pkg43,57,True,60.0,37.774524,-122.473656,37.7891291466621,-122.48780299827247
,59.0,dn9,pkg51,59.0,True,64.0,37.718779,-122.462401,37.73978305784071,-122.50492047412725
,63.0,dn11,pkg49,63,True,65.0,37.78929,-122.426797,37.75791508780419,-122.4285357467181
,65.0,dn1,pkg50,65,True,69.0,37.774524,-122.473656,37.760968074701076,-122.4309549173737
,68.0,dn8,pkg54,68.0,True,76.0,37.718779,-122.462401,37.71626845077657,-122.49289934206918
,71.0,dn12,pkg47,71,False,59.0,37.78929,-122.426797,37.78021403822265,-122.3946877662878
,72.0,dn3,pkg53,72,True,76.0,37.774524,-122.473656,37.768218280611194,-122.43480731196526
,73.0,dn13,pkg55,73,True,74.0,37.739611,-122.492203,37.73184831342962,-122.44169450041284
,76.0,dn14,pkg56,76,False,74.0,37.739611,-122.492203,37.776687807386814,-122.50026686161063
,76.0,dn7,pkg59,76.0,True,85.0,37.718779,-122.462401,37.72540348987146,-122.47085563870108
,77.0,dn9,pkg60,77,True,79.0,37.718779,-122.462401,37.71585811427458,-122.47975831702313
,81.0,dn15,pkg61,81,True,89.0,37.739611,-122.492203,37.75732231763292,-122.4692327423922
,81.0,dn2,pkg58,81,True,81.0,37.774524,-122.473656,37.7813238318083,-122.4648234279194
,83.0,dn6,pkg57,83,True,83.0,37.751751,-122.410654,37.733920746742925,-122.42916357010024
,84.0,dn5,pkg52,84,False,68.0,37.751751,-122.410654,37.78464706770641,-122.43656997896161
,86.0,dn1,pkg62,86,True,89.0,37.774524,-122.473656,37.75163190287639,-122.44528669655537
,92.0,dn10,pkg64,92,True,95.0,37.78929,-122.426797,37.784061495176815,-122.44457146262742
,94.0,dn3,pkg66,94.0,True,103.0,37.774524,-122.473656,37.786239391784676,-122.48550625316139
,98.0,dn7,pkg67,98,True,104.0,37.718779,-122.462401,37.71277252204108,-122.48203192442443
,5.0,dn1,pkg12,5.0,True,12.0,37.774524,-122.473656,37.75889215256945,-122.47079873765463
,6.0,dn7,pkg9,6.0,True,11.0,37.718779,-122.462401,37.71932607385524,-122.44052807224486
,7.0,dn13,pkg20,7.0,True,17.0,37.739611,-122.492203,37.733447285310575,-122.49147803260394
,7.0,dn14,pkg22,7,True,14.0,37.739611,-122.492203,37.709800219072406,-122.49325468730402
,8.0,dn3,pkg15,8.0,True,15.0,37.774524,-122.473656,37.76482661200929,-122.47296237713971
,8.0,dn9,pkg17,8.0,True,16.0,37.718779,-122.462401,37.72692980655678,-122.48346976812914
,8.0,dn12,pkg13,8,True,15.0,37.78929,-122.426797,37.77016943344974,-122.44622492433709
,9.0,dn15,pkg5,9.0,True,18.0,37.739611,-122.492203,37.75877800888197,-122.49059197268933
,10.0,dn10,pkg2,10,True,14.0,37.78929,-122.426797,37.792010272505735,-122.42728092602682
,12.0,dn11,pkg19,12,True,15.0,37.78929,-122.426797,37.77883271428179,-122.42723762691666
,14.0,dn2,pkg8,14,False,13.0,37.774524,-122.473656,37.78328846626553,-122.45076097789338
,15.0,dn5,pkg7,15,False,13.0,37.751751,-122.410654,37.74475283504442,-122.42987126637976
,15.0,dn8,pkg6,15,False,14.0,37.718779,-122.462401,37.736312914942154,-122.43710419576945
,16.0,dn13,pkg1,16,True,17.0,37.739611,-122.492203,37.762181003056185,-122.4626230977776
,19.0,dn7,pkg4,19,False,15.0,37.718779,-122.462401,37.74241628421955,-122.44206427314158
,22.0,dn4,pkg14,22,False,13.0,37.751751,-122.410654,37.759056283770214,-122.41452819302499
,22.0,dn6,pkg16,22,False,16.0,37.751751,-122.410654,37.751456211670785,-122.39876352470642
,22.0,dn14,pkg27,22.0,True,28.0,37.739611,-122.492203,37.73805578561133,-122.48902299283262
,24.0,dn3,pkg11,24,False,17.0,37.774524,-122.473656,37.780666915600975,-122.45637440333033
,24.0,dn15,pkg29,24.0,True,31.0,37.739611,-122.492203,37.74659822487173,-122.47274077518904
,25.0,dn1,pkg10,25,False,14.0,37.774524,-122.473656,37.76024895247632,-122.45144408765293
,25.0,dn9,pkg18,25,False,19.0,37.718779,-122.462401,37.74447122794101,-122.44980330459875
,25.0,dn12,pkg28,25,True,28.0,37.78929,-122.426797,37.79006696137395,-122.4522195044031
,30.0,dn13,pkg31,30,True,34.0,37.739611,-122.492203,37.73751341800945,-122.45988959997449
,38.0,dn2,pkg34,38,True,43.0,37.774524,-122.473656,37.79339111887626,-122.4721366370373
,40.0,dn14,pkg36,40,True,49.0,37.739611,-122.492203,37.77503110624695,-122.50018764025425
,43.0,dn10,pkg32,43,False,40.0,37.78929,-122.426797,37.79470196655982,-122.42345341833686
,43.0,dn11,pkg33,43,False,40.0,37.78929,-122.426797,37.79128324027924,-122.46265523208442
,45.0,dn7,pkg30,45,False,31.0,37.718779,-122.462401,37.735965718978086,-122.43257106749941
,46.0,dn8,pkg39,46.0,True,54.0,37.718779,-122.462401,37.72232178562669,-122.49251500861722
,47.0,dn13,pkg41,47.0,True,52.0,37.739611,-122.492203,37.7698457790529,-122.49716865735788
,50.0,dn9,pkg42,50.0,True,55.0,37.718779,-122.462401,37.70794407308489,-122.50461003585743
,51.0,dn5,pkg35,51,False,42.0,37.751751,-122.410654,37.744543946390465,-122.41811181888995
,51.0,dn3,pkg38,51,True,51.0,37.774524,-122.473656,37.79130152404602,-122.48776759470596
,53.0,dn12,pkg37,53,False,45.0,37.78929,-122.426797,37.765478346743386,-122.40568611746518
,53.0,dn15,pkg43,53,True,57.0,37.739611,-122.492203,37.710595816203444,-122.47576324867657
,55.0,dn14,pkg44,55,True,60.0,37.739611,-122.492203,37.70876411446134,-122.46710339681104
,58.0,dn4,pkg45,58.0,True,67.0,37.751751,-122.410654,37.72487131620183,-122.45141145433134
,59.0,dn1,pkg40,59,False,50.0,37.774524,-122.473656,37.78971096686057,-122.45265377116534
,71.0,dn6,pkg46,71,False,70.0,37.751751,-122.410654,37.74447311375252,-122.41527336457939
,80.0,dn8,pkg47,80,False,76.0,37.718779,-122.462401,37.720490856622895,-122.41073065921464
,82.0,dn11,pkg48,82,False,79.0,37.78929,-122.426797,37.77573488747333,-122.40564487835437
,85.0,dn2,pkg50,85.0,True,90.0,37.774524,-122.473656,37.77734840284001,-122.48697933636308
,86.0,dn1,pkg52,86.0,True,92.0,37.774524,-122.473656,37.74427845367641,-122.49102273822595
,91.0,dn4,pkg49,91,False,89.0,37.751751,-122.410654,37.74209721032331,-122.425147986464
,93.0,dn7,pkg56,93.0,True,99.0,37.718779,-122.462401,37.72978505366008,-122.48468371389329
,95.0,dn12,pkg55,95,False,93.0,37.78929,-122.426797,37.76876641887342,-122.47318531027581
,96.0,dn3,pkg54,96,True,100.0,37.774524,-122.473656,37.7816447286684,-122.4486832330302
,96.0,dn13,pkg59,96.0,True,101.0,37.739611,-122.492203,37.749573302880016,-122.50395139991689
,97.0,dn14,pkg60,97.0,True,102.0,37.739611,-122.492203,37.73268723108562,-122.44634762461621
,98.0,dn5,pkg51,98,False,93.0,37.751751,-122.410654,37.75393950490494,-122.41339532598616
,98.0,dn15,pkg64,98.0,True,107.0,37.739611,-122.492203,37.746463276742475,-122.43873872917501
,99.0,dn9,pkg57,99,False,97.0,37.718779,-122.462401,37.71340967102684,-122.44419888017681
,99.0,dn1,pkg62,99,True,102.0,37.774524,-122.473656,37.76428552141671,-122.4539672086851
,5.0,dn3,pkg12,5,True,10.0,37.774524,-122.473656,37.76353179086571,-122.50748402188492
,6.0,dn7,pkg13,6.0,True,12.0,37.718779,-122.462401,37.72904116113632,-122.47433592783047
,6.0,dn9,pkg8,6.0,True,12.0,37.718779,-122.462401,37.71758812486459,-122.49894399267461
,7.0,dn2,pkg7,7.0,True,12.0,37.774524,-122.473656,37.76009384477103,-122.47684077616046
,7.0,dn14,pkg15,7.0,True,17.0,37.739611,-122.492203,37.73909731976657,-122.46787984451875
,8.0,dn8,pkg16,8,True,14.0,37.718779,-122.462401,37.71668989349897,-122.44145885755573
,9.0,dn13,pkg9,9.0,True,15.0,37.739611,-122.492203,37.713848110945975,-122.48740915223041
,10.0,dn15,pkg20,10,True,14.0,37.739611,-122.492203,37.75618655940648,-122.45980887887961
,11.0,dn1,pkg5,11,True,15.0,37.774524,-122.473656,37.771384735038396,-122.47397771985467
,14.0,dn12,pkg2,14,True,16.0,37.78929,-122.426797,37.793415656553705,-122.40851113074139
,16.0,dn5,pkg21,16,False,15.0,37.751751,-122.410654,37.75974078264176,-122.42178702944479
,17.0,dn4,pkg4,17,False,12.0,37.751751,-122.410654,37.76122953229352,-122.40283484040712
,19.0,dn7,pkg10,19,False,15.0,37.718779,-122.462401,37.72423305027595,-122.43260291442158
,20.0,dn6,pkg1,20,False,17.0,37.751751,-122.410654,37.74549801355909,-122.40373104998949
,21.0,dn10,pkg17,21,False,13.0,37.78929,-122.426797,37.79245655687772,-122.40686156372547
,21.0,dn14,pkg28,21,True,25.0,37.739611,-122.492203,37.720270232022905,-122.49889396298765
,21.0,dn13,pkg26,21,True,26.0,37.739611,-122.492203,37.719317369850444,-122.45394130948908
,24.0,dn2,pkg22,24,False,16.0,37.774524,-122.473656,37.79229612180256,-122.4944871523183
,25.0,dn3,pkg18,25,False,12.0,37.774524,-122.473656,37.79125010129707,-122.49975812810811
,26.0,dn11,pkg6,26,False,15.0,37.78929,-122.426797,37.793961317013185,-122.43955390426454
,30.0,dn9,pkg25,30,False,20.0,37.718779,-122.462401,37.75552068645787,-122.43519925424937
,30.0,dn15,pkg34,30.0,True,39.0,37.739611,-122.492203,37.76071752596265,-122.49321878896355
,30.0,dn1,pkg31,30,False,28.0,37.774524,-122.473656,37.785391153561115,-122.49637590502324
,36.0,dn8,pkg36,36.0,True,41.0,37.718779,-122.462401,37.744335564137295,-122.46448496798757
,37.0,dn13,pkg35,37,True,43.0,37.739611,-122.492203,37.76905392817343,-122.48474386805196
,42.0,dn14,pkg37,42,True,44.0,37.739611,-122.492203,37.71801347087793,-122.45040235235666
,43.0,dn12,pkg33,43,False,34.0,37.78929,-122.426797,37.764268537287904,-122.42199436949615
,43.0,dn5,pkg39,43,True,49.0,37.751751,-122.410654,37.76740002644483,-122.46339677710033
,47.0,dn1,pkg42,47.0,True,53.0,37.774524,-122.473656,37.76547802726503,-122.5059375282686
,51.0,dn2,pkg43,51.0,True,60.0,37.774524,-122.473656,37.755055837521695,-122.44020294969015
,51.0,dn15,pkg45,51.0,True,57.0,37.739611,-122.492203,37.77369272191756,-122.49190388041535
,54.0,dn4,pkg38,54,False,50.0,37.751751,-122.410654,37.77316122842897,-122.43263325861562
,55.0,dn6,pkg40,55,False,53.0,37.751751,-122.410654,37.77791805061208,-122.39682886285235
,56.0,dn10,pkg46,56,True,56.0,37.78929,-122.426797,37.79298847832902,-122.4714908879279
,58.0,dn8,pkg48,58.0,True,66.0,37.718779,-122.462401,37.70891997633889,-122.47891656296582
,60.0,dn3,pkg44,60,True,60.0,37.774524,-122.473656,37.790304992473715,-122.48147029561171
,60.0,dn7,pkg47,60.0,True,66.0,37.718779,-122.462401,37.71411986028188,-122.49387649009724
,62.0,dn9,pkg49,62.0,True,69.0,37.718779,-122.462401,37.721066769416645,-122.48469261116202
,64.0,dn1,pkg50,64.0,True,70.0,37.774524,-122.473656,37.73449743174092,-122.4781357404821
,67.0,dn5,pkg41,67,False,55.0,37.751751,-122.410654,37.71212878942923,-122.4053273536757
,67.0,dn11,pkg52,67,True,73.0,37.78929,-122.426797,37.76127461438766,-122.42174097554549
,68.0,dn2,pkg53,68.0,True,77.0,37.774524,-122.473656,37.77111753944588,-122.49696352771672
,74.0,dn12,pkg55,74,True,81.0,37.78929,-122.426797,37.783114150061216,-122.45560702725356
,77.0,dn7,pkg54,77,True,79.0,37.718779,-122.462401,37.73749716534785,-122.43062866549194
,82.0,dn8,pkg51,82,False,74.0,37.718779,-122.462401,37.708005506962394,-122.42545089717096
,82.0,dn1,pkg56,82,True,83.0,37.774524,-122.473656,37.7589854755206,-122.4303341846998
,83.0,dn4,pkg58,83.0,True,89.0,37.751751,-122.410654,37.74807641086911,-122.46129577211545
,87.0,dn2,pkg57,87,True,89.0,37.774524,-122.473656,37.794104584165964,-122.47442032778162
,93.0,dn3,pkg60,93,True,93.0,37.774524,-122.473656,37.78320487912115,-122.48774950740591
,95.0,dn6,pkg59,95,True,99.0,37.751751,-122.410654,37.7431157712047,-122.42811754092004
,100.0,dn10,pkg63,100,True,104.0,37.78929,-122.426797,37.790916109080385,-122.4658686966128
,5.0,dn9,pkg20,5.0,True,13.0,37.718779,-122.462401,37.723245446327155,-122.48801820183253
,7.0,dn6,pkg13,7,True,15.0,37.751751,-122.410654,37.762368302967154,-122.42545462003517
,8.0,dn1,pkg18,8,True,10.0,37.774524,-122.473656,37.75426746769058,-122.47167223891798
,8.0,dn8,pkg4,8.0,True,13.0,37.718779,-122.462401,37.708188372187834,-122.48221319102765
,8.0,dn11,pkg1,8.0,True,15.0,37.78929,-122.426797,37.767346532997806,-122.45453500150568
,9.0,dn12,pkg16,9.0,True,15.0,37.78929,-122.426797,37.759439980204796,-122.4414923005166
,9.0,dn13,pkg8,9,True,14.0,37.739611,-122.492203,37.75377999007557,-122.4586762903175
,10.0,dn3,pkg9,10.0,True,15.0,37.774524,-122.473656,37.76639862292734,-122.48086861655364
,10.0,dn7,pkg10,10,True,11.0,37.718779,-122.462401,37.71646210558801,-122.4562695985496
,10.0,dn10,pkg12,10,True,15.0,37.78929,-122.426797,37.77005377846397,-122.42453578888801
,10.0,dn14,pkg19,10.0,True,18.0,37.739611,-122.492203,37.72278507396393,-122.48936244999912
,10.0,dn15,pkg21,10.0,True,19.0,37.739611,-122.492203,37.738884877692286,-122.47208024982903
,16.0,dn2,pkg3,16,False,14.0,37.774524,-122.473656,37.7798363970262,-122.49240353910356
,19.0,dn4,pkg6,19,False,11.0,37.751751,-122.410654,37.73478857507099,-122.41609062108641
,19.0,dn14,pkg26,19,False,17.0,37.739611,-122.492203,37.76004343798641,-122.48808918659215
,20.0,dn15,pkg25,20,False,19.0,37.739611,-122.492203,37.75275844600994,-122.50692212788621
,20.0,dn1,pkg14,20,False,19.0,37.774524,-122.473656,37.770390871374936,-122.4968448992921
,20.0,dn13,pkg24,20,True,20.0,37.739611,-122.492203,37.739248070575364,-122.4600260027899
,22.0,dn5,pkg22,22,False,12.0,37.751751,-122.410654,37.765099494040975,-122.39838942662792
,24.0,dn3,pkg31,24.0,True,32.0,37.774524,-122.473656,37.74308958892306,-122.50573594958871
,25.0,dn6,pkg2,25,False,19.0,37.751751,-122.410654,37.755540297945885,-122.43063978292534
,26.0,dn9,pkg11,26,False,14.0,37.718779,-122.462401,37.72654060438804,-122.43188558627305
,29.0,dn8,pkg5,29,False,12.0,37.718779,-122.462401,37.713090260552995,-122.41601229040319
,29.0,dn12,pkg28,29,False,21.0,37.78929,-122.426797,37.76412785647218,-122.44098675712439
,40.0,dn11,pkg23,40,False,20.0,37.78929,-122.426797,37.76239560957562,-122.41089431006323
,40.0,dn2,pkg38,40,True,44.0,37.774524,-122.473656,37.781298891679526,-122.4458519691983
,42.0,dn7,pkg32,42,False,35.0,37.718779,-122.462401,37.713668612945334,-122.42475280833182
,43.0,dn10,pkg29,43,False,26.0,37.78929,-122.426797,37.77709873760252,-122.40823089200956
,43.0,dn13,pkg41,43,True,47.0,37.739611,-122.492203,37.72399416619883,-122.47404742562337
,46.0,dn6,pkg35,46,False,40.0,37.751751,-122.410654,37.733712697264586,-122.41820301466744
,47.0,dn14,pkg44,47.0,True,56.0,37.739611,-122.492203,37.74734572625504,-122.48867688621165
,51.0,dn4,pkg33,51,False,40.0,37.751751,-122.410654,37.72239836802764,-122.43367836591234
,53.0,dn15,pkg45,53.0,True,59.0,37.739611,-122.492203,37.74460222076063,-122.48182239316698
,54.0,dn1,pkg36,54,False,48.0,37.774524,-122.473656,37.77727473281151,-122.42551316815867
,56.0,dn5,pkg39,56,False,49.0,37.751751,-122.410654,37.76142889519375,-122.40805965903387
,57.0,dn13,pkg47,57,True,63.0,37.739611,-122.492203,37.71001698890725,-122.48609155998885
,60.0,dn9,pkg43,60,False,56.0,37.718779,-122.462401,37.71531045257853,-122.4261218771942
,60.0,dn14,pkg49,60.0,True,68.0,37.739611,-122.492203,37.765914228586446,-122.45340704265199
,61.0,dn3,pkg40,61,False,48.0,37.774524,-122.473656,37.79091982304069,-122.44413386969057
,61.0,dn15,pkg50,61,True,66.0,37.739611,-122.492203,37.73916494393779,-122.46295082351354
,62.0,dn2,pkg46,62,True,64.0,37.774524,-122.473656,37.781213162576194,-122.47917054030565
,71.0,dn7,pkg54,71,False,70.0,37.718779,-122.462401,37.71786345137407,-122.49638146152711
,72.0,dn8,pkg42,72,False,56.0,37.718779,-122.462401,37.72885987545227,-122.41093952610669
,72.0,dn13,pkg52,72,False,66.0,37.739611,-122.492203,37.772777600824,-122.47746288389455
,72.0,dn11,pkg53,72,True,73.0,37.78929,-122.426797,37.74991810746601,-122.45161433747077
,73.0,dn12,pkg37,73,False,46.0,37.78929,-122.426797,37.79220263753625,-122.39913175889333
,74.0,dn6,pkg48,74,False,65.0,37.751751,-122.410654,37.756735619158185,-122.43512606668229
,74.0,dn15,pkg59,74,True,76.0,37.739611,-122.492203,37.722397095848905,-122.49521050669117
,77.0,dn14,pkg65,77.0,True,84.0,37.739611,-122.492203,37.725594587594244,-122.46398177780716
,78.0,dn4,pkg51,78,False,69.0,37.751751,-122.410654,37.72195026458709,-122.44084298783018
,83.0,dn10,pkg55,83,False,71.0,37.78929,-122.426797,37.77599434757624,-122.45625042376103
,85.0,dn13,pkg67,85,True,86.0,37.739611,-122.492203,37.73670567176078,-122.45632106170295
,87.0,dn5,pkg57,87,False,74.0,37.751751,-122.410654,37.72224937768701,-122.4260384140363
,87.0,dn15,pkg70,87,True,94.0,37.739611,-122.492203,37.76290932481294,-122.48109971020783
,88.0,dn2,pkg60,88,False,78.0,37.774524,-122.473656,37.78624255977318,-122.49693331770732
,89.0,dn1,pkg68,89,True,89.0,37.774524,-122.473656,37.7664394478759,-122.47575091292262
,90.0,dn9,pkg62,90,False,81.0,37.718779,-122.462401,37.71387934284643,-122.42624652635818
,93.0,dn14,pkg69,93,False,92.0,37.739611,-122.492203,37.772422813999306,-122.48310441008198
,98.0,dn7,pkg58,98,False,81.0,37.718779,-122.462401,37.709099689622605,-122.41791290051867
,100.0,dn11,pkg63,100,False,87.0,37.78929,-122.426797,37.77666183795092,-122.43201987328402
,100.0,dn3,pkg72,100,False,90.0,37.774524,-122.473656,37.77566105636516,-122.46920822073105
,5.0,dn7,pkg6,5,True,15.0,37.718779,-122.462401,37.71700876434182,-122.47516068378651
,6.0,dn2,pkg14,6,True,11.0,37.774524,-122.473656,37.75386551829416,-122.43556287995015
,6.0,dn14,pkg17,6,True,15.0,37.739611,-122.492203,37.75059464631907,-122.48167881533725
,7.0,dn13,pkg19,7,True,13.0,37.739611,-122.492203,37.74417178280043,-122.47220516014454
,8.0,dn9,pkg13,8.0,True,16.0,37.718779,-122.462401,37.726494108454126,-122.47458867566752
,9.0,dn3,pkg5,9,True,17.0,37.774524,-122.473656,37.7796893273412,-122.45495556566705
,9.0,dn6,pkg11,9,True,13.0,37.751751,-122.410654,37.74652478605741,-122.44231214108662
,9.0,dn15,pkg1,9.0,True,18.0,37.739611,-122.492203,37.73558956946781,-122.49937992549737
,10.0,dn1,pkg4,10,True,12.0,37.774524,-122.473656,37.75416933108094,-122.45745741514986
,10.0,dn4,pkg21,10,True,15.0,37.751751,-122.410654,37.75243049639933,-122.40111226794497
,10.0,dn8,pkg22,10,True,14.0,37.718779,-122.462401,37.72191070185548,-122.44303132381738
,13.0,dn7,pkg9,13,True,17.0,37.718779,-122.462401,37.72643032079485,-122.47520972077253
,13.0,dn9,pkg2,13,True,17.0,37.718779,-122.462401,37.7495066925447,-122.47686205312723
,13.0,dn15,pkg8,13,True,16.0,37.739611,-122.492203,37.72160441019455,-122.50684155646117
,19.0,dn5,pkg3,19,False,11.0,37.751751,-122.410654,37.72183912486946,-122.41386062384784
,19.0,dn11,pkg12,19,False,15.0,37.78929,-122.426797,37.767110312699444,-122.42729417850069
,19.0,dn12,pkg7,19,True,20.0,37.78929,-122.426797,37.78095983859303,-122.396627762566
,19.0,dn2,pkg24,19,True,21.0,37.774524,-122.473656,37.76121808078223,-122.48668953896035
,20.0,dn13,pkg26,20,True,20.0,37.739611,-122.492203,37.756139744626395,-122.48788393343749
,22.0,dn14,pkg16,22,False,16.0,37.739611,-122.492203,37.70953760613935,-122.50426845643875
,23.0,dn10,pkg15,23,False,14.0,37.78929,-122.426797,37.78284686132057,-122.44052232715235
,23.0,dn9,pkg18,23,False,18.0,37.718779,-122.462401,37.71809518095678,-122.42254963292699
,25.0,dn7,pkg10,25,False,18.0,37.718779,-122.462401,37.707472272070554,-122.49884681161862
,25.0,dn15,pkg29,25.0,True,34.0,37.739611,-122.492203,37.75653200697889,-122.48501633838289
,28.0,dn1,pkg31,28.0,True,34.0,37.774524,-122.473656,37.782772191659284,-122.43989701635398
,32.0,dn3,pkg27,32,False,25.0,37.774524,-122.473656,37.762544247731974,-122.42199146873786
,34.0,dn4,pkg28,34,False,30.0,37.751751,-122.410654,37.71950472139069,-122.40966355388328
,36.0,dn8,pkg33,36,True,38.0,37.718779,-122.462401,37.72921028833033,-122.4205540488145
,39.0,dn6,pkg25,39,False,19.0,37.751751,-122.410654,37.754347026533075,-122.41749942342977
,42.0,dn2,pkg32,42,False,38.0,37.774524,-122.473656,37.78208372158884,-122.4865277917536
,43.0,dn9,pkg34,43.0,True,48.0,37.718779,-122.462401,37.71029352947954,-122.49397029520766
,46.0,dn5,pkg36,46,True,47.0,37.751751,-122.410654,37.79139400923618,-122.42704098847598
,49.0,dn7,pkg35,49,False,47.0,37.718779,-122.462401,37.70898057067531,-122.44189575389746
,50.0,dn12,pkg38,50,True,53.0,37.78929,-122.426797,37.769252671432405,-122.4751693033209
,51.0,dn14,pkg41,51,True,61.0,37.739611,-122.492203,37.72483690630647,-122.48100008619775
,52.0,dn11,pkg37,52,True,55.0,37.78929,-122.426797,37.75505532904055,-122.41378263339857
,54.0,dn1,pkg30,54,False,38.0,37.774524,-122.473656,37.77948407708859,-122.43241947501939
,54.0,dn3,pkg42,54,True,59.0,37.774524,-122.473656,37.76156432306733,-122.4774841068286
,57.0,dn13,pkg40,57,True,61.0,37.739611,-122.492203,37.735346731262396,-122.45177466798077
,62.0,dn10,pkg39,62,False,61.0,37.78929,-122.426797,37.76821711573726,-122.41158542918078
,65.0,dn5,pkg45,65.0,True,75.0,37.751751,-122.410654,37.769724662261325,-122.460880398518
,66.0,dn8,pkg46,66,True,75.0,37.718779,-122.462401,37.72090968585244,-122.47752227828357
,67.0,dn15,pkg44,67,True,69.0,37.739611,-122.492203,37.77201457537773,-122.49674689041116
,69.0,dn4,pkg43,69,False,63.0,37.751751,-122.410654,37.75471973137431,-122.41746627761508
,70.0,dn2,pkg47,70,True,74.0,37.774524,-122.473656,37.777732848648824,-122.48414506543405
,71.0,dn3,pkg48,71,True,79.0,37.774524,-122.473656,37.790461008230366,-122.46109245744566
,71.0,dn7,pkg50,71.0,True,80.0,37.718779,-122.462401,37.72920159141548,-122.49309834336218
,72.0,dn6,pkg49,72.0,True,79.0,37.751751,-122.410654,37.73049377859519,-122.45526103084404
,74.0,dn9,pkg51,74.0,True,83.0,37.718779,-122.462401,37.71905071714018,-122.47101195601425
,77.0,dn11,pkg52,77,True,80.0,37.78929,-122.426797,37.74442646010361,-122.42193062822768
,78.0,dn7,pkg54,78.0,True,88.0,37.718779,-122.462401,37.7315889498214,-122.49585044327065
,82.0,dn1,pkg55,82.0,True,89.0,37.774524,-122.473656,37.740069726313095,-122.47029239630609
,83.0,dn5,pkg53,83,True,86.0,37.751751,-122.410654,37.774254293378036,-122.45816972777646
,86.0,dn3,pkg56,86,True,89.0,37.774524,-122.473656,37.76119346094423,-122.4683556246914
,90.0,dn8,pkg57,90,True,95.0,37.718779,-122.462401,37.71211312280364,-122.49410701806342
,94.0,dn7,pkg58,94,True,99.0,37.718779,-122.462401,37.72096158461231,-122.47734707349008
,97.0,dn1,pkg59,97.0,True,103.0,37.774524,-122.473656,37.781914141079014,-122.47694283712923
,100.0,dn2,pkg61,100.0,True,106.0,37.774524,-122.473656,37.795080826299476,-122.49850157777209
,6.0,dn8,pkg1,6.0,True,15.0,37.718779,-122.462401,37.717425480554866,-122.47206028742484
,6.0,dn9,pkg11,6.0,True,15.0,37.718779,-122.462401,37.72665090516208,-122.47077476009441
,6.0,dn13,pkg4,6.0,True,14.0,37.739611,-122.492203,37.73893996376304,-122.50276597725622
,7.0,dn3,pkg9,7.0,True,12.0,37.774524,-122.473656,37.745451649477666,-122.50319470925993
,7.0,dn4,pkg10,7.0,True,12.0,37.751751,-122.410654,37.73736155437979,-122.4218368940328
,8.0,dn14,pkg22,8.0,True,18.0,37.739611,-122.492203,37.75558322027204,-122.4713702346532
,9.0,dn15,pkg18,9.0,True,18.0,37.739611,-122.492203,37.716509088694835,-122.46886312145477
,10.0,dn2,pkg6,10,True,10.0,37.774524,-122.473656,37.78090649066786,-122.41990104587347
,11.0,dn7,pkg20,11,True,12.0,37.718779,-122.462401,37.722884206089994,-122.44462578038893
,12.0,dn5,pkg16,12,True,14.0,37.751751,-122.410654,37.755633655909186,-122.4149228986459
,14.0,dn10,pkg13,14,False,13.0,37.78929,-122.426797,37.77525345368328,-122.4082042156237
,15.0,dn12,pkg2,15,True,15.0,37.78929,-122.426797,37.763511921791334,-122.4432105961022
,15.0,dn13,pkg24,15.0,True,23.0,37.739611,-122.492203,37.73784988165444,-122.4827349927264
,16.0,dn8,pkg8,16,True,18.0,37.718779,-122.462401,37.720053677402035,-122.45658362511784
,18.0,dn1,pkg14,18,False,15.0,37.774524,-122.473656,37.78237641076569,-122.46590795118757
,18.0,dn14,pkg25,18,True,22.0,37.739611,-122.492203,37.72745555155427,-122.48764218361013
,20.0,dn6,pkg5,20,False,13.0,37.751751,-122.410654,37.738724693073294,-122.40067788618802
,20.0,dn9,pkg17,20,False,14.0,37.718779,-122.462401,37.72252715431428,-122.43174534318236
,22.0,dn11,pkg19,22,False,16.0,37.78929,-122.426797,37.773377278618746,-122.41664346867249
,24.0,dn15,pkg15,24,False,19.0,37.739611,-122.492203,37.725845233068895,-122.44109455434233
,25.0,dn13,pkg7,25,False,18.0,37.739611,-122.492203,37.7834207082197,-122.49460507790991
,29.0,dn3,pkg23,29,False,14.0,37.774524,-122.473656,37.79012861031604,-122.5041387630467
,29.0,dn4,pkg21,29,False,14.0,37.751751,-122.410654,37.759258936300554,-122.42959331411602
,35.0,dn2,pkg28,35,False,23.0,37.774524,-122.473656,37.790094754855225,-122.47018366647136
,35.0,dn8,pkg33,35.0,True,41.0,37.718779,-122.462401,37.72326865714164,-122.48757330251571
,40.0,dn7,pkg30,40,False,32.0,37.718779,-122.462401,37.710700251485655,-122.40813774853672
,40.0,dn5,pkg29,40,False,29.0,37.751751,-122.410654,37.78524198746447,-122.4001134907075
,40.0,dn10,pkg32,40,False,33.0,37.78929,-122.426797,37.771456120859575,-122.41981490916419
,41.0,dn9,pkg35,41,True,43.0,37.718779,-122.462401,37.73943536954287,-122.42130181353932
,44.0,dn13,pkg37,44.0,True,50.0,37.739611,-122.492203,37.75034671104373,-122.46925233989792
,46.0,dn14,pkg39,46.0,True,56.0,37.739611,-122.492203,37.76361716328591,-122.50323535268454
,49.0,dn15,pkg44,49.0,True,54.0,37.739611,-122.492203,37.73235167550812,-122.50340460362679
,50.0,dn12,pkg31,50,False,36.0,37.78929,-122.426797,37.78470914449728,-122.40514589986248
,55.0,dn1,pkg34,55,False,45.0,37.774524,-122.473656,37.78724979678731,-122.45773287960142
,58.0,dn11,pkg36,58,False,46.0,37.78929,-122.426797,37.78901509152013,-122.47887978121946
,59.0,dn9,pkg46,59,True,61.0,37.718779,-122.462401,37.745395421754736,-122.43531422318759
,59.0,dn13,pkg48,59.0,True,64.0,37.739611,-122.492203,37.721074014700655,-122.49328215102823
,60.0,dn8,pkg42,60,False,58.0,37.718779,-122.462401,37.72708547677819,-122.417759560505
,62.0,dn6,pkg41,62,False,52.0,37.751751,-122.410654,37.78695895090369,-122.39767665775823
,63.0,dn10,pkg45,63,False,56.0,37.78929,-122.426797,37.77965406124304,-122.41231948208664
,63.0,dn14,pkg50,63,True,71.0,37.739611,-122.492203,37.721272781169695,-122.47458631803856
,64.0,dn4,pkg43,64,False,57.0,37.751751,-122.410654,37.74233857168449,-122.4120986135352
,66.0,dn3,pkg38,66,False,52.0,37.774524,-122.473656,37.796656087860676,-122.48845931158064
,68.0,dn15,pkg54,68,True,73.0,37.739611,-122.492203,37.77621538643726,-122.48506828817568
,69.0,dn2,pkg40,69,False,56.0,37.774524,-122.473656,37.78793371609694,-122.42585856128173
,70.0,dn5,pkg47,70,False,65.0,37.751751,-122.410654,37.786414441072935,-122.41239090311181
,78.0,dn13,pkg58,78,True,84.0,37.739611,-122.492203,37.75943363284078,-122.50401617285523
,85.0,dn9,pkg60,85,True,94.0,37.718779,-122.462401,37.71795242247575,-122.50661931929791
,87.0,dn7,pkg56,87,False,85.0,37.718779,-122.462401,37.71711232506936,-122.41094041720305
,87.0,dn14,pkg61,87.0,True,93.0,37.739611,-122.492203,37.76269916347014,-122.50625629905628
,90.0,dn12,pkg52,90,False,75.0,37.78929,-122.426797,37.773921898915916,-122.42264521093031
,90.0,dn4,pkg65,90,True,95.0,37.751751,-122.410654,37.78134487131652,-122.42081805805157
,90.0,dn13,pkg63,90,True,95.0,37.739611,-122.492203,37.76497783783703,-122.48720991756025
,91.0,dn15,pkg62,91,True,96.0,37.739611,-122.492203,37.777223617995695,-122.49281311934578
,93.0,dn1,pkg55,93,False,79.0,37.774524,-122.473656,37.77150634993376,-122.4185691494447
,93.0,dn3,pkg59,93,False,87.0,37.774524,-122.473656,37.79198935464018,-122.4632540409433
,94.0,dn11,pkg53,94,False,76.0,37.78929,-122.426797,37.79318472150794,-122.44301821456939
,95.0,dn10,pkg57,95,False,82.0,37.78929,-122.426797,37.78679854815771,-122.40306459903758
,98.0,dn6,pkg68,98,True,106.0,37.751751,-122.410654,37.78445101268543,-122.42152747064712
,6.0,dn13,pkg4,6.0,True,16.0,37.739611,-122.492203,37.75434090883957,-122.50712628738664
,7.0,dn8,pkg9,7.0,True,13.0,37.718779,-122.462401,37.72795597997152,-122.49021942600962
,7.0,dn9,pkg22,7,True,14.0,37.718779,-122.462401,37.746522564215745,-122.4707079999244
,8.0,dn3,pkg10,8,True,14.0,37.774524,-122.473656,37.763783734798544,-122.4428117523095
,8.0,dn10,pkg14,8,True,14.0,37.78929,-122.426797,37.775739640813605,-122.43337869909847
,9.0,dn1,pkg20,9,True,12.0,37.774524,-122.473656,37.76918085851078,-122.47686472448316
,9.0,dn6,pkg16,9,True,14.0,37.751751,-122.410654,37.73230049933368,-122.4249104641392
,10.0,dn15,pkg2,10.0,True,19.0,37.739611,-122.492203,37.775857788634084,-122.50429987496562
,11.0,dn2,pkg11,11,True,14.0,37.774524,-122.473656,37.772652372357115,-122.46290707988453
,12.0,dn12,pkg8,12,True,17.0,37.78929,-122.426797,37.75471132104344,-122.44617956694331
,12.0,dn14,pkg5,12,True,15.0,37.739611,-122.492203,37.709058587382906,-122.50032319070708
,14.0,dn13,pkg24,14,True,18.0,37.739611,-122.492203,37.75361481817332,-122.49262197825128
,15.0,dn7,pkg7,15,True,17.0,37.718779,-122.462401,37.71604042236125,-122.45278193194117
,16.0,dn11,pkg17,16,True,17.0,37.78929,-122.426797,37.764221744280974,-122.44353201604606
,17.0,dn5,pkg12,17,False,14.0,37.751751,-122.410654,37.75965238380039,-122.39823216493329
,18.0,dn4,pkg18,18,False,14.0,37.751751,-122.410654,37.745852212240095,-122.41442426691432
,20.0,dn8,pkg23,20,False,17.0,37.718779,-122.462401,37.71097216278163,-122.45684239232749
,22.0,dn15,pkg3,22,False,19.0,37.739611,-122.492203,37.77533437474954,-122.49652863535931
,26.0,dn3,pkg13,26,False,18.0,37.774524,-122.473656,37.744673500580966,-122.43571038691408
,26.0,dn10,pkg21,26,False,18.0,37.78929,-122.426797,37.75746608326956,-122.40545906458532
,27.0,dn9,pkg19,27,False,16.0,37.718779,-122.462401,37.727716758287656,-122.43122372381603
,30.0,dn1,pkg28,30,False,26.0,37.774524,-122.473656,37.74634034668101,-122.43323299355986
,31.0,dn6,pkg6,31,False,19.0,37.751751,-122.410654,37.75451225773568,-122.42106633408454
,31.0,dn2,pkg31,31,True,31.0,37.774524,-122.473656,37.75688205914426,-122.4521195444986
,31.0,dn14,pkg30,31,False,28.0,37.739611,-122.492203,37.71651558173033,-122.50632560681743
,34.0,dn13,pkg25,34,False,21.0,37.739611,-122.492203,37.721139169726875,-122.4514640980561
,36.0,dn15,pkg35,36,False,32.0,37.739611,-122.492203,37.735689972990855,-122.44118156457685
,40.0,dn8,pkg39,40.0,True,47.0,37.718779,-122.462401,37.70965339563999,-122.48228314136819
,41.0,dn7,pkg34,41,False,33.0,37.718779,-122.462401,37.70892352924609,-122.44362680451842
,43.0,dn12,pkg32,43,False,31.0,37.78929,-122.426797,37.77053667116215,-122.43008338315458
,46.0,dn5,pkg33,46,False,37.0,37.751751,-122.410654,37.7572049492572,-122.4129058068812
,47.0,dn11,pkg36,47,False,40.0,37.78929,-122.426797,37.77925972422697,-122.42602175743833
,48.0,dn3,pkg38,48,True,49.0,37.774524,-122.473656,37.77153298028033,-122.50255562528247
,49.0,dn4,pkg37,49,False,39.0,37.751751,-122.410654,37.77578235771966,-122.41346018040282
,50.0,dn9,pkg42,50,True,56.0,37.718779,-122.462401,37.70862941383275,-122.47766556142778
,51.0,dn2,pkg41,51,True,53.0,37.774524,-122.473656,37.78474180568397,-122.45025481437209
,53.0,dn10,pkg40,53,False,52.0,37.78929,-122.426797,37.76425210910892,-122.43298090803498
,56.0,dn1,pkg44,56.0,True,65.0,37.774524,-122.473656,37.74969337954026,-122.44690710432242
,60.0,dn6,pkg43,60,False,58.0,37.751751,-122.410654,37.79198191149049,-122.41154649664762
,64.0,dn13,pkg47,64,True,68.0,37.739611,-122.492203,37.7617396179639,-122.50143138366481
,68.0,dn3,pkg45,68,False,64.0,37.774524,-122.473656,37.791955373434966,-122.48949224624371
,71.0,dn5,pkg46,71,True,71.0,37.751751,-122.410654,37.773271570333506,-122.39996043495562
,71.0,dn14,pkg52,71,True,77.0,37.739611,-122.492203,37.77635681744008,-122.48623771021042
,74.0,dn2,pkg51,74,False,73.0,37.774524,-122.473656,37.791840669197526,-122.45777946807233
,74.0,dn7,pkg53,74,True,77.0,37.718779,-122.462401,37.73001143017742,-122.43593774647447
,75.0,dn8,pkg54,75,True,78.0,37.718779,-122.462401,37.712578906715436,-122.43518856518148
,77.0,dn9,pkg55,77.0,True,86.0,37.718779,-122.462401,37.74511079304107,-122.50653189081457
,79.0,dn11,pkg49,79,False,74.0,37.78929,-122.426797,37.79505885572665,-122.41033353591044
,79.0,dn15,pkg57,79.0,True,84.0,37.739611,-122.492203,37.75051713967961,-122.48578035018974
,81.0,dn1,pkg48,81,False,71.0,37.774524,-122.473656,37.77926156332648,-122.44792571965162
,83.0,dn4,pkg50,83,False,78.0,37.751751,-122.410654,37.74190842550823,-122.3979841082583
,84.0,dn3,pkg59,84,True,89.0,37.774524,-122.473656,37.787371830523895,-122.49081770270449
,85.0,dn12,pkg58,85,True,87.0,37.78929,-122.426797,37.77212496196002,-122.4483654118993
,89.0,dn9,pkg65,89.0,True,94.0,37.718779,-122.462401,37.75341932956936,-122.48837068852562
,90.0,dn13,pkg61,90,True,97.0,37.739611,-122.492203,37.77945534243164,-122.47646879247485
,90.0,dn14,pkg63,90.0,True,95.0,37.739611,-122.492203,37.760827907853404,-122.50466872124161
,90.0,dn15,pkg66,90.0,True,97.0,37.739611,-122.492203,37.72668091272666,-122.48236927412667
,91.0,dn10,pkg56,91,False,90.0,37.78929,-122.426797,37.77592690959178,-122.42093484652442
,97.0,dn3,pkg62,97,False,93.0,37.774524,-122.473656,37.79100278653895,-122.44930082901244
,98.0,dn8,pkg69,98.0,True,106.0,37.718779,-122.462401,37.731430631429255,-122.48161750784479
,100.0,dn2,pkg60,100,False,93.0,37.774524,-122.473656,37.794427368811114,-122.45429889353474
,6.0,dn15,pkg15,6.0,True,16.0,37.739611,-122.492203,37.73298828833977,-122.48523541189766
,7.0,dn13,pkg2,7.0,True,15.0,37.739611,-122.492203,37.74462369604497,-122.47987686238349
,8.0,dn1,pkg22,8,True,11.0,37.774524,-122.473656,37.7592943928638,-122.47565374040923
,8.0,dn7,pkg10,8,True,12.0,37.718779,-122.462401,37.728528447744985,-122.46781046095049
,9.0,dn2,pkg7,9,True,13.0,37.774524,-122.473656,37.768992985286076,-122.49494224639223
,9.0,dn3,pkg16,9,True,13.0,37.774524,-122.473656,37.796408678493705,-122.47068831184295
,9.0,dn8,pkg17,9,True,13.0,37.718779,-122.462401,37.7126171604508,-122.43395521320163
,10.0,dn14,pkg9,10.0,True,16.0,37.739611,-122.492203,37.73046882568142,-122.49701191955842
,11.0,dn10,pkg20,11,True,12.0,37.78929,-122.426797,37.785194742409814,-122.43419820889386
,12.0,dn4,pkg13,12,False,11.0,37.751751,-122.410654,37.77543971098828,-122.41147502044996
,13.0,dn11,pkg1,13,True,14.0,37.78929,-122.426797,37.78854111814121,-122.42849881157179
,13.0,dn15,pkg24,13,True,18.0,37.739611,-122.492203,37.75125527549283,-122.48401754209635
,14.0,dn5,pkg14,14,True,18.0,37.751751,-122.410654,37.751401974250975,-122.40795637621382
,14.0,dn12,pkg5,14,True,18.0,37.78929,-122.426797,37.772034129393894,-122.41663816021398
,15.0,dn6,pkg6,15,True,15.0,37.751751,-122.410654,37.757737001652536,-122.43066284034813
,17.0,dn14,pkg4,17,True,17.0,37.739611,-122.492203,37.76850641675825,-122.50520565210964
,18.0,dn13,pkg23,18,False,17.0,37.739611,-122.492203,37.7180387576994,-122.48729727635497
,25.0,dn15,pkg26,25,False,24.0,37.739611,-122.492203,37.774717465383304,-122.46592355463268
,27.0,dn7,pkg3,27,False,17.0,37.718779,-122.462401,37.73360410422918,-122.42483625928807
,28.0,dn9,pkg21,28,False,11.0,37.718779,-122.462401,37.71762997803628,-122.40912202195364
,30.0,dn3,pkg28,30,True,30.0,37.774524,-122.473656,37.767678401774845,-122.43585739241203
,30.0,dn8,pkg27,30,False,24.0,37.718779,-122.462401,37.749998495294555,-122.42459700924023
,31.0,dn14,pkg32,31.0,True,38.0,37.739611,-122.492203,37.73423252346219,-122.47825672329635
,36.0,dn4,pkg29,36,False,33.0,37.751751,-122.410654,37.72668474210528,-122.419889156033
,37.0,dn1,pkg11,37,False,17.0,37.774524,-122.473656,37.780861940945535,-122.45462463620464
,38.0,dn5,pkg33,38,True,42.0,37.751751,-122.410654,37.76227361694295,-122.39478716613658
,41.0,dn13,pkg34,41.0,True,48.0,37.739611,-122.492203,37.73002979821026,-122.46489392111606
,43.0,dn2,pkg25,43,False,19.0,37.774524,-122.473656,37.78843071811343,-122.43003349698758
,43.0,dn10,pkg30,43,False,35.0,37.78929,-122.426797,37.7734437072992,-122.41957186473486
,44.0,dn11,pkg31,44,False,37.0,37.78929,-122.426797,37.78670998193268,-122.43445960036706
,53.0,dn3,pkg36,53,True,53.0,37.774524,-122.473656,37.75715956159043,-122.42635338326123
,53.0,dn12,pkg37,53,True,60.0,37.78929,-122.426797,37.765872240646374,-122.46552368633989
,56.0,dn7,pkg39,56.0,True,64.0,37.718779,-122.462401,37.746757481197236,-122.49038393004034
,58.0,dn8,pkg44,58,True,67.0,37.718779,-122.462401,37.72490584679095,-122.50689877417167
,59.0,dn4,pkg40,59,True,64.0,37.751751,-122.410654,37.759330320139426,-122.45110778987718
,61.0,dn6,pkg35,61,False,50.0,37.751751,-122.410654,37.72873217430774,-122.40190055086757
,61.0,dn13,pkg43,61.0,True,69.0,37.739611,-122.492203,37.76407128171098,-122.48405129639453
,64.0,dn14,pkg45,64.0,True,74.0,37.739611,-122.492203,37.71178242150599,-122.44949033251157
,69.0,dn5,pkg38,69,False,60.0,37.751751,-122.410654,37.78139300809699,-122.42336842957455
,71.0,dn9,pkg46,71,True,71.0,37.718779,-122.462401,37.71198015844473,-122.41472101503
,72.0,dn1,pkg42,72,False,65.0,37.774524,-122.473656,37.78142295582289,-122.4293968359485
,72.0,dn15,pkg47,72,True,78.0,37.739611,-122.492203,37.77127988580228,-122.48983840643182
,74.0,dn7,pkg48,74.0,True,82.0,37.718779,-122.462401,37.72115763425067,-122.49597783686892
,81.0,dn3,pkg51,81.0,True,91.0,37.774524,-122.473656,37.75648739272811,-122.48329118975045
,85.0,dn7,pkg52,85,True,94.0,37.718779,-122.462401,37.727916099864764,-122.4399380981297
,86.0,dn2,pkg49,86,True,88.0,37.774524,-122.473656,37.76483687904913,-122.42162811556034
,91.0,dn8,pkg54,91,True,95.0,37.718779,-122.462401,37.74035572793062,-122.4393198912076
,92.0,dn3,pkg55,92,True,99.0,37.774524,-122.473656,37.784811123797475,-122.45528208170563
,92.0,dn1,pkg58,92.0,True,98.0,37.774524,-122.473656,37.744051328657974,-122.4744159904756
,93.0,dn4,pkg50,93,False,91.0,37.751751,-122.410654,37.779308804511906,-122.39584993430653
,93.0,dn13,pkg57,93.0,True,102.0,37.739611,-122.492203,37.7393254343451,-122.47336990846837
,95.0,dn11,pkg41,95,False,67.0,37.78929,-122.426797,37.78909561811617,-122.41131972820592
,97.0,dn10,pkg53,97,False,95.0,37.78929,-122.426797,37.78835777641109,-122.48373011151655
,98.0,dn6,pkg56,98,False,97.0,37.751751,-122.410654,37.71384124340969,-122.4134581029999
,99.0,dn9,pkg59,99,True,105.0,37.718779,-122.462401,37.76337448290944,-122.47076788328876
,5.0,dn13,pkg13,5.0,True,13.0,37.739611,-122.492203,37.73373875371439,-122.49075443745866
,6.0,dn15,pkg4,6.0,True,14.0,37.739611,-122.492203,37.7500312356218,-122.5053517739414
,7.0,dn1,pkg2,7.0,True,12.0,37.774524,-122.473656,37.76455471833929,-122.48804092078608
,7.0,dn9,pkg11,7.0,True,12.0,37.718779,-122.462401,37.7312114625449,-122.47352430381736
,8.0,dn8,pkg10,8,True,12.0,37.718779,-122.462401,37.71008265824712,-122.45725612878184
,8.0,dn14,pkg20,8.0,True,13.0,37.739611,-122.492203,37.736959653899206,-122.50686564539488
,9.0,dn3,pkg8,9.0,True,15.0,37.774524,-122.473656,37.79502681975735,-122.4611202028103
,9.0,dn7,pkg12,9,True,12.0,37.718779,-122.462401,37.71804960341913,-122.4647501754689
,13.0,dn11,pkg18,13,True,14.0,37.78929,-122.426797,37.77945056503057,-122.43514926638149
,13.0,dn12,pkg22,13,True,15.0,37.78929,-122.426797,37.78835939982868,-122.44381647171706
,15.0,dn15,pkg24,15.0,True,20.0,37.739611,-122.492203,37.75605534852322,-122.46177974181188
,17.0,dn6,pkg1,17,False,10.0,37.751751,-122.410654,37.71754080834461,-122.409479002064
,17.0,dn10,pkg3,17,False,12.0,37.78929,-122.426797,37.78488368213805,-122.42648832843926
,17.0,dn13,pkg23,17,True,23.0,37.739611,-122.492203,37.75831496522509,-122.50542736380831
,18.0,dn2,pkg9,18,False,16.0,37.774524,-122.473656,37.78878206284872,-122.47438135661797
,18.0,dn5,pkg19,18,False,15.0,37.751751,-122.410654,37.75715459948411,-122.39773766928313
,19.0,dn14,pkg26,19,True,29.0,37.739611,-122.492203,37.75106487201176,-122.50689265837951
,23.0,dn4,pkg6,23,False,13.0,37.751751,-122.410654,37.74645798537668,-122.40402818436371
,24.0,dn7,pkg28,24,True,32.0,37.718779,-122.462401,37.73272825916461,-122.46675806525325
,26.0,dn9,pkg7,26,False,15.0,37.718779,-122.462401,37.747236224107425,-122.42659391115843
,26.0,dn15,pkg30,26.0,True,36.0,37.739611,-122.492203,37.72016820156461,-122.50241087232432
,30.0,dn3,pkg14,30,False,16.0,37.774524,-122.473656,37.77489129385035,-122.43440286200436
,32.0,dn14,pkg31,32.0,True,37.0,37.739611,-122.492203,37.78045823820109,-122.48963906328618
,35.0,dn13,pkg35,35.0,True,42.0,37.739611,-122.492203,37.72703780022118,-122.44814335070674
,36.0,dn1,pkg21,36,False,15.0,37.774524,-122.473656,37.795132712782916,-122.49177395085239
,39.0,dn6,pkg32,39,True,40.0,37.751751,-122.410654,37.748798749121946,-122.41290480966835
,41.0,dn8,pkg5,41,False,17.0,37.718779,-122.462401,37.711763837853205,-122.41397472781564
,42.0,dn11,pkg27,42,False,34.0,37.78929,-122.426797,37.79001704391857,-122.44374830849922
,43.0,dn15,pkg39,43.0,True,50.0,37.739611,-122.492203,37.77338667425932,-122.49438940696233
,47.0,dn9,pkg42,47,True,51.0,37.718779,-122.462401,37.711077233490315,-122.46872516379075
,49.0,dn2,pkg36,49,False,44.0,37.774524,-122.473656,37.79542557011176,-122.46621600534765
,49.0,dn5,pkg33,49,False,43.0,37.751751,-122.410654,37.76203042262168,-122.41230519963457
,50.0,dn7,pkg37,50,False,45.0,37.718779,-122.462401,37.746205430876245,-122.42413785001213
,56.0,dn12,pkg29,56,False,34.0,37.78929,-122.426797,37.770172382988946,-122.40194592635379
,56.0,dn13,pkg45,56.0,True,62.0,37.739611,-122.492203,37.753157856103456,-122.45315427421306
,59.0,dn15,pkg47,59.0,True,65.0,37.739611,-122.492203,37.75029504714126,-122.47547912186805
,60.0,dn3,pkg44,60,False,57.0,37.774524,-122.473656,37.783291887259246,-122.44354954464993
,61.0,dn10,pkg34,61,False,40.0,37.78929,-122.426797,37.7876900285571,-122.40468879741528
,62.0,dn14,pkg46,62,True,64.0,37.739611,-122.492203,37.782018511105974,-122.50675896124211
,64.0,dn4,pkg40,64,False,53.0,37.751751,-122.410654,37.77235585837359,-122.39474352953563
,67.0,dn9,pkg43,67,False,57.0,37.718779,-122.462401,37.7327418118414,-122.41598736000134
,68.0,dn1,pkg48,68,False,64.0,37.774524,-122.473656,37.751155918403484,-122.45796453398853
,72.0,dn6,pkg38,72,False,49.0,37.751751,-122.410654,37.77506475806556,-122.40464043280545
,75.0,dn5,pkg49,75,False,66.0,37.751751,-122.410654,37.71755506558709,-122.4323448261451
,78.0,dn11,pkg51,78,False,75.0,37.78929,-122.426797,37.78178160168985,-122.42631026840269
,80.0,dn13,pkg58,80,True,84.0,37.739611,-122.492203,37.728467297916325,-122.45019285281597
,82.0,dn2,pkg56,82,True,84.0,37.774524,-122.473656,37.78361840946616,-122.49981615845222
,83.0,dn3,pkg59,83.0,True,93.0,37.774524,-122.473656,37.769087753101196,-122.47572763611966
,85.0,dn8,pkg50,85,False,70.0,37.718779,-122.462401,37.70708042019783,-122.44273301090169
,86.0,dn1,pkg61,86,True,93.0,37.774524,-122.473656,37.73756664494775,-122.47453195224907
,89.0,dn7,pkg55,89,False,78.0,37.718779,-122.462401,37.720425996232954,-122.41730951585299
,95.0,dn9,pkg62,95,False,94.0,37.718779,-122.462401,37.74681711335857,-122.4249397558102
,95.0,dn14,pkg63,95,True,99.0,37.739611,-122.492203,37.76850285686307,-122.45770478106535
,5.0,dn7,pkg22,5.0,True,10.0,37.718779,-122.462401,37.72860848603161,-122.47944068967718
,6.0,dn9,pkg8,6,True,12.0,37.718779,-122.462401,37.75490363711871,-122.48573608485206
,7.0,dn13,pkg19,7,True,14.0,37.739611,-122.492203,37.75672078275046,-122.47448429886002
,8.0,dn2,pkg21,8,True,14.0,37.774524,-122.473656,37.776562619024865,-122.46525813070467
,8.0,dn4,pkg17,8,True,11.0,37.751751,-122.410654,37.74035749185602,-122.46169236783781
,9.0,dn6,pkg16,9,True,13.0,37.751751,-122.410654,37.77136097669381,-122.44948353343014
,9.0,dn14,pkg14,9.0,True,18.0,37.739611,-122.492203,37.752065889426014,-122.47701479218976
,9.0,dn15,pkg4,9.0,True,19.0,37.739611,-122.492203,37.760964949629916,-122.5007521155807
,11.0,dn8,pkg12,11,True,15.0,37.718779,-122.462401,37.71294273466259,-122.47601963787692
,12.0,dn1,pkg9,12,False,10.0,37.774524,-122.473656,37.75690010882423,-122.45123889563047
,15.0,dn3,pkg1,15,False,12.0,37.774524,-122.473656,37.79297110934576,-122.4763045465028
,15.0,dn11,pkg13,15,False,14.0,37.78929,-122.426797,37.7843076608188,-122.39703684446691
,17.0,dn5,pkg10,17,False,16.0,37.751751,-122.410654,37.77525117128798,-122.39906246431613
,18.0,dn12,pkg11,18,False,15.0,37.78929,-122.426797,37.79483031284029,-122.45340455794503
,18.0,dn13,pkg6,18,True,20.0,37.739611,-122.492203,37.758250334283716,-122.50605714145912
,23.0,dn7,pkg2,23,False,13.0,37.718779,-122.462401,37.708227370582705,-122.41353150780962
,23.0,dn15,pkg23,23,False,18.0,37.739611,-122.492203,37.732089690985134,-122.44109389941812
,23.0,dn14,pkg29,23.0,True,28.0,37.739611,-122.492203,37.728710975245605,-122.4962673527015
,24.0,dn10,pkg18,24,False,14.0,37.78929,-122.426797,37.78839296191119,-122.41439372217718
,25.0,dn2,pkg5,25,False,19.0,37.774524,-122.473656,37.776935243518984,-122.46762298905462
,26.0,dn9,pkg7,26,False,16.0,37.718779,-122.462401,37.71649887068585,-122.42237132406154
,28.0,dn8,pkg27,28,False,27.0,37.718779,-122.462401,37.71103804397175,-122.46997966811605
,32.0,dn6,pkg24,32,False,23.0,37.751751,-122.410654,37.77005939385279,-122.40394666827063
,33.0,dn13,pkg28,33,False,29.0,37.739611,-122.492203,37.7702283622167,-122.46940684172367
,35.0,dn14,pkg32,35,True,42.0,37.739611,-122.492203,37.78053371702818,-122.48258320860035
,39.0,dn4,pkg3,39,False,18.0,37.751751,-122.410654,37.78693206105004,-122.40014692808244
,40.0,dn3,pkg33,40,True,40.0,37.774524,-122.473656,37.78497742960822,-122.49553718907731
,40.0,dn15,pkg36,40,True,45.0,37.739611,-122.492203,37.77665036961711,-122.4944128650327
,43.0,dn5,pkg38,43.0,True,50.0,37.751751,-122.410654,37.768056902692976,-122.42240971780377
,46.0,dn1,pkg30,46,False,26.0,37.774524,-122.473656,37.766374104245926,-122.42278709902514
,47.0,dn12,pkg37,47,True,50.0,37.78929,-122.426797,37.781351411044604,-122.46758901489747
,52.0,dn2,pkg35,52,False,41.0,37.774524,-122.473656,37.78895777384507,-122.47456257287261
,55.0,dn11,pkg34,55,False,44.0,37.78929,-122.426797,37.774039796638796,-122.41234833550995
,55.0,dn13,pkg43,55.0,True,63.0,37.739611,-122.492203,37.77004254776611,-122.49183298162602
,58.0,dn7,pkg42,58,False,57.0,37.718779,-122.462401,37.70742642447209,-122.50604491462349
,61.0,dn9,pkg47,61.0,True,67.0,37.718779,-122.462401,37.74150819288168,-122.4801653194688
,64.0,dn14,pkg48,64.0,True,72.0,37.739611,-122.492203,37.72362027463171,-122.46967443345093
,64.0,dn15,pkg49,64.0,True,71.0,37.739611,-122.492203,37.709918041336174,-122.49323603804963
,66.0,dn8,pkg46,66,False,64.0,37.718779,-122.462401,37.73383697608422,-122.41949971696185
,68.0,dn3,pkg41,68,False,56.0,37.774524,-122.473656,37.790610330346006,-122.47938042385344
,69.0,dn13,pkg51,69.0,True,79.0,37.739611,-122.492203,37.72881413930043,-122.48627493530994
,71.0,dn10,pkg44,71,False,57.0,37.78929,-122.426797,37.79451795513306,-122.41507485943804
,71.0,dn9,pkg52,71.0,True,81.0,37.718779,-122.462401,37.721734497376666,-122.46369315763083
,74.0,dn6,pkg39,74,False,52.0,37.751751,-122.410654,37.718233191429086,-122.39421574776311
,78.0,dn7,pkg53,78,True,86.0,37.718779,-122.462401,37.71978714693665,-122.47434313435399
,82.0,dn5,pkg50,82,False,77.0,37.751751,-122.410654,37.78014838002893,-122.43720168774402
,82.0,dn13,pkg54,82.0,True,89.0,37.739611,-122.492203,37.710351871900706,-122.48900291095526
,82.0,dn1,pkg56,82.0,True,89.0,37.774524,-122.473656,37.76329214842666,-122.49681260169753
,84.0,dn9,pkg57,84.0,True,90.0,37.718779,-122.462401,37.72659892355577,-122.4816563231298
,92.0,dn4,pkg55,92,False,88.0,37.751751,-122.410654,37.7464389480666,-122.4062801767123
,92.0,dn12,pkg61,92,True,98.0,37.78929,-122.426797,37.760866769778545,-122.42323833507564
,94.0,dn11,pkg58,94,False,93.0,37.78929,-122.426797,37.77634791332609,-122.39607351816638
,94.0,dn2,pkg59,94,True,100.0,37.774524,-122.473656,37.78227929752247,-122.43132672772742
,95.0,dn1,pkg64,95,True,103.0,37.774524,-122.473656,37.78081913972595,-122.48957487347278
,95.0,dn9,pkg65,95.0,True,101.0,37.718779,-122.462401,37.712214176433015,-122.48552879279734
,96.0,dn8,pkg60,96,True,99.0,37.718779,-122.462401,37.7324039863598,-122.44684420955974
,5.0,dn7,pkg8,5,True,13.0,37.718779,-122.462401,37.72071743281518,-122.46592377141577
,5.0,dn14,pkg20,5.0,True,13.0,37.739611,-122.492203,37.7381422399679,-122.45258248659509
,6.0,dn1,pkg16,6.0,True,15.0,37.774524,-122.473656,37.780081313556515,-122.47036812326522
,6.0,dn15,pkg10,6.0,True,16.0,37.739611,-122.492203,37.72332227585518,-122.47320086159998
,7.0,dn8,pkg7,7.0,True,14.0,37.718779,-122.462401,37.715615072098785,-122.4594650608903
,7.0,dn13,pkg2,7.0,True,13.0,37.739611,-122.492203,37.73226554019149,-122.48308057123812
,8.0,dn12,pkg21,8,True,15.0,37.78929,-122.426797,37.763862835543335,-122.44180151379703
,9.0,dn10,pkg13,9,True,12.0,37.78929,-122.426797,37.78229873114237,-122.42464882314393
,10.0,dn3,pkg5,10,True,14.0,37.774524,-122.473656,37.792665050608775,-122.47983368894215
,12.0,dn15,pkg24,12,True,17.0,37.739611,-122.492203,37.753419611629084,-122.47189492647325
,12.0,dn14,pkg14,12,True,19.0,37.739611,-122.492203,37.75746396584148,-122.50217840561903
,14.0,dn2,pkg19,14,False,13.0,37.774524,-122.473656,37.786779646147345,-122.45608602639956
,14.0,dn9,pkg22,14,False,12.0,37.718779,-122.462401,37.71838647963385,-122.44050062549873
,15.0,dn4,pkg9,15,True,15.0,37.751751,-122.410654,37.74917441238244,-122.42054069289793
,15.0,dn5,pkg6,15,True,16.0,37.751751,-122.410654,37.74875919929154,-122.40259966866613
,17.0,dn11,pkg17,17,False,15.0,37.78929,-122.426797,37.79167229765765,-122.43713956725304
,19.0,dn13,pkg1,19,False,18.0,37.739611,-122.492203,37.76889142270093,-122.49393414352036
,19.0,dn14,pkg26,19,True,19.0,37.739611,-122.492203,37.764613758407,-122.50008239052119
,22.0,dn6,pkg15,22,False,13.0,37.751751,-122.410654,37.76648787957406,-122.4250369607901
,24.0,dn7,pkg25,24,False,23.0,37.718779,-122.462401,37.71799873681394,-122.42448869891429
,24.0,dn8,pkg28,24,True,26.0,37.718779,-122.462401,37.762764371201555,-122.45324463550988
,24.0,dn15,pkg4,24,False,18.0,37.739611,-122.492203,37.78010607383381,-122.49900093005215
,27.0,dn14,pkg32,27,True,32.0,37.739611,-122.492203,37.74459079996818,-122.47746373489632
,28.0,dn1,pkg12,28,False,19.0,37.774524,-122.473656,37.7737658887997,-122.46208327482711
,28.0,dn3,pkg31,28,True,28.0,37.774524,-122.473656,37.77257985150284,-122.44418110948727
,31.0,dn10,pkg29,31,False,30.0,37.78929,-122.426797,37.77792068384082,-122.42981615492778
,32.0,dn13,pkg37,32,True,39.0,37.739611,-122.492203,37.76155683009487,-122.45746920584537
,36.0,dn9,pkg38,36,True,42.0,37.718779,-122.462401,37.7577042323129,-122.44235785919003
,37.0,dn12,pkg3,37,False,17.0,37.78929,-122.426797,37.76779595548616,-122.42371016183644
,39.0,dn2,pkg30,39,False,30.0,37.774524,-122.473656,37.79192853357629,-122.47870892196237
,42.0,dn4,pkg34,42,False,36.0,37.751751,-122.410654,37.7628482234161,-122.39571637190558
,44.0,dn14,pkg41,44,True,46.0,37.739611,-122.492203,37.77993978461174,-122.4785685291193
,44.0,dn11,pkg33,44,False,36.0,37.78929,-122.426797,37.77822102389043,-122.46145739797015
,46.0,dn5,pkg35,46,False,40.0,37.751751,-122.410654,37.726560483082416,-122.39928396972533
,49.0,dn3,pkg36,49,False,41.0,37.774524,-122.473656,37.772696390661636,-122.44697875357049
,49.0,dn13,pkg44,49.0,True,55.0,37.739611,-122.492203,37.72978291137666,-122.47233268822866
,50.0,dn8,pkg39,50,False,44.0,37.718779,-122.462401,37.74728467485343,-122.43141272797767
,51.0,dn15,pkg45,51.0,True,58.0,37.739611,-122.492203,37.76141829244515,-122.49940381663845
,53.0,dn7,pkg40,53,False,45.0,37.718779,-122.462401,37.7396214191807,-122.42898020578383
,55.0,dn1,pkg47,55,True,63.0,37.774524,-122.473656,37.760433502902096,-122.4545213329806
,57.0,dn9,pkg43,57,True,57.0,37.718779,-122.462401,37.723527502407066,-122.43309192272123
,62.0,dn6,pkg42,62,False,52.0,37.751751,-122.410654,37.77047450878006,-122.40468312350556
,62.0,dn13,pkg52,62,True,69.0,37.739611,-122.492203,37.76958367439701,-122.48371936197246
,62.0,dn14,pkg53,62,True,68.0,37.739611,-122.492203,37.75986964554567,-122.47873130894104
,66.0,dn2,pkg51,66,False,65.0,37.774524,-122.473656,37.77216422599451,-122.43708538874746
,69.0,dn5,pkg50,69,False,68.0,37.751751,-122.410654,37.71010677675829,-122.42748969982549
,70.0,dn15,pkg55,70.0,True,80.0,37.739611,-122.492203,37.750136076025065,-122.49675415989854
,71.0,dn10,pkg48,71,False,62.0,37.78929,-122.426797,37.75724996273504,-122.39553469360709
,72.0,dn4,pkg46,72,False,56.0,37.751751,-122.410654,37.72146239434428,-122.40184754909146
,74.0,dn3,pkg59,74.0,True,79.0,37.774524,-122.473656,37.73500901041993,-122.48097211870582
,76.0,dn7,pkg60,76.0,True,85.0,37.718779,-122.462401,37.751234288652576,-122.50164075018927
,77.0,dn1,pkg58,77,True,82.0,37.774524,-122.473656,37.735314342298125,-122.45023639765066
,78.0,dn11,pkg49,78,False,61.0,37.78929,-122.426797,37.792515149591324,-122.41709665149278
,81.0,dn12,pkg54,81,False,72.0,37.78929,-122.426797,37.77212472903186,-122.40849024687436
,82.0,dn3,pkg61,82,True,90.0,37.774524,-122.473656,37.78101895949906,-122.41905523649024
,86.0,dn8,pkg62,86.0,True,92.0,37.718779,-122.462401,37.7262031989746,-122.48497662830819
,86.0,dn13,pkg64,86.0,True,91.0,37.739611,-122.492203,37.765139551553546,-122.5069682879548
,87.0,dn5,pkg57,87,False,80.0,37.751751,-122.410654,37.77222987827524,-122.4026251500208
,90.0,dn7,pkg66,90.0,True,100.0,37.718779,-122.462401,37.745458728222786,-122.4705013963484
,91.0,dn2,pkg65,91,True,95.0,37.774524,-122.473656,37.73995933991582,-122.45247639242216
,92.0,dn9,pkg63,92,True,94.0,37.718779,-122.462401,37.7122056128221,-122.46664060810186
,94.0,dn6,pkg67,94,True,98.0,37.751751,-122.410654,37.78862455307096,-122.3997707502867
,98.0,dn14,pkg70,98.0,True,103.0,37.739611,-122.492203,37.71676207429307,-122.49197628383783
,98.0,dn8,pkg69,98,False,97.0,37.718779,-122.462401,37.73164290811966,-122.42037600148915
,6.0,dn13,pkg4,6.0,True,14.0,37.739611,-122.492203,37.741525062369995,-122.49930063552493
,7.0,dn2,pkg6,7,True,12.0,37.774524,-122.473656,37.75825526138341,-122.49071471919933
,9.0,dn14,pkg19,9.0,True,17.0,37.739611,-122.492203,37.72627305906427,-122.50096766088423
,9.0,dn15,pkg21,9,True,16.0,37.739611,-122.492203,37.72202918912579,-122.44153921960893
,10.0,dn1,pkg10,10,True,13.0,37.774524,-122.473656,37.76444107297854,-122.48224250689968
,10.0,dn8,pkg1,10.0,True,16.0,37.718779,-122.462401,37.7278814677655,-122.46818320806777
,10.0,dn10,pkg11,10,True,13.0,37.78929,-122.426797,37.79487509856867,-122.41622370421399
,10.0,dn13,pkg23,10,True,16.0,37.739611,-122.492203,37.71972550522314,-122.4952933959201
,13.0,dn7,pkg17,13,False,11.0,37.718779,-122.462401,37.716770598172815,-122.43623853494563
,14.0,dn9,pkg14,14,True,15.0,37.718779,-122.462401,37.7197946229396,-122.44426554495497
,17.0,dn3,pkg22,17,False,13.0,37.774524,-122.473656,37.795355269785624,-122.47073454313609
,17.0,dn6,pkg15,17,False,15.0,37.751751,-122.410654,37.75616291219264,-122.39734830296611
,17.0,dn13,pkg27,17,True,21.0,37.739611,-122.492203,37.71917060729807,-122.47500710502563
,19.0,dn8,pkg5,19,False,14.0,37.718779,-122.462401,37.73728124877879,-122.42476874656221
,20.0,dn5,pkg3,20,False,16.0,37.751751,-122.410654,37.75097763747249,-122.41822416641816
,23.0,dn11,pkg7,23,False,13.0,37.78929,-122.426797,37.79113497268994,-122.40221598615528
,24.0,dn2,pkg13,24,False,16.0,37.774524,-122.473656,37.78937133315184,-122.45943736937465
,25.0,dn4,pkg2,25,False,11.0,37.751751,-122.410654,37.7432050409725,-122.39704751654781
,25.0,dn12,pkg20,25,False,16.0,37.78929,-122.426797,37.79290015645224,-122.4336599193218
,26.0,dn14,pkg24,26,False,18.0,37.739611,-122.492203,37.75960179131745,-122.44548632357758
,31.0,dn13,pkg30,31,False,27.0,37.739611,-122.492203,37.726387729889936,-122.446417776072
,31.0,dn8,pkg28,31,False,27.0,37.718779,-122.462401,37.72318895831799,-122.4418057779997
,32.0,dn15,pkg16,32,False,20.0,37.739611,-122.492203,37.76093903413519,-122.45027844791197
,34.0,dn9,pkg36,34,True,39.0,37.718779,-122.462401,37.71110244108462,-122.47618616890132
,37.0,dn1,pkg31,37,False,31.0,37.774524,-122.473656,37.791116014464244,-122.46372034319839
,39.0,dn10,pkg25,39,False,22.0,37.78929,-122.426797,37.78376646541321,-122.41304314407652
,41.0,dn8,pkg38,41,True,43.0,37.718779,-122.462401,37.71208779066322,-122.46963351903007
,42.0,dn14,pkg41,42.0,True,50.0,37.739611,-122.492203,37.73583020251077,-122.47798075904657
,43.0,dn2,pkg35,43,False,37.0,37.774524,-122.473656,37.76386033426923,-122.48131186004912
,44.0,dn7,pkg34,44,False,33.0,37.718779,-122.462401,37.71783639145951,-122.41998270629931
,45.0,dn3,pkg37,45,False,42.0,37.774524,-122.473656,37.77458476961833,-122.46421843404046
,45.0,dn9,pkg43,45,True,50.0,37.718779,-122.462401,37.71239039419465,-122.49581944111127
,46.0,dn6,pkg40,46,True,49.0,37.751751,-122.410654,37.75442358995933,-122.430173353039
,59.0,dn5,pkg39,59,False,47.0,37.751751,-122.410654,37.78532397969515,-122.43346521542496
,65.0,dn11,pkg42,65,False,49.0,37.78929,-122.426797,37.783943232461255,-122.44970875848571
,68.0,dn4,pkg44,68,False,59.0,37.751751,-122.410654,37.77749009920126,-122.43411070851234
,68.0,dn2,pkg46,68,False,61.0,37.774524,-122.473656,37.795068906760974,-122.45025548788017
,70.0,dn1,pkg52,70,True,71.0,37.774524,-122.473656,37.77306766992616,-122.50422341567733
,70.0,dn3,pkg53,70.0,True,76.0,37.774524,-122.473656,37.76081564545369,-122.50320718877323
,71.0,dn12,pkg45,71,False,63.0,37.78929,-122.426797,37.78608758603308,-122.43993753897098
,72.0,dn8,pkg56,72,True,80.0,37.718779,-122.462401,37.748651121643285,-122.44347520599933
,73.0,dn7,pkg55,73.0,True,78.0,37.718779,-122.462401,37.724821915547516,-122.49438552150846
,77.0,dn13,pkg54,77,True,82.0,37.739611,-122.492203,37.777963239824416,-122.46538539063678
,78.0,dn9,pkg57,78.0,True,86.0,37.718779,-122.462401,37.729380183691205,-122.50087342843615
,79.0,dn6,pkg48,79,False,69.0,37.751751,-122.410654,37.7410825846089,-122.3974824016772
,81.0,dn10,pkg47,81,False,68.0,37.78929,-122.426797,37.78897450262765,-122.40586629382695
,81.0,dn15,pkg59,81,True,91.0,37.739611,-122.492203,37.72662712047784,-122.47878215263434
,84.0,dn14,pkg58,84.0,True,94.0,37.739611,-122.492203,37.71714754440481,-122.49501975284474
,87.0,dn5,pkg60,87,True,95.0,37.751751,-122.410654,37.76821294854543,-122.40037441389015
,88.0,dn1,pkg62,88.0,True,95.0,37.774524,-122.473656,37.746832412450026,-122.499483455131
,91.0,dn3,pkg61,91,True,98.0,37.774524,-122.473656,37.77898490761616,-122.44435966130311
,91.0,dn7,pkg64,91,True,100.0,37.718779,-122.462401,37.71336025234892,-122.47949207658507
,96.0,dn2,pkg63,96,True,99.0,37.774524,-122.473656,37.78622302391418,-122.45949071101155
,100.0,dn9,pkg67,100,True,109.0,37.718779,-122.462401,37.7576042322231,-122.44391468086951
,100.0,dn1,pkg69,100.0,True,109.0,37.774524,-122.473656,37.756511222750774,-122.4677303017632
,100.0,dn13,pkg70,100,True,103.0,37.739611,-122.492203,37.729140317388456,-122.44816792119414
,5.0,dn8,pkg5,5.0,True,15.0,37.718779,-122.462401,37.731231038722605,-122.46712694418859
,6.0,dn3,pkg15,6,True,14.0,37.774524,-122.473656,37.77066773883538,-122.4806661453203
,7.0,dn14,pkg22,7,True,14.0,37.739611,-122.492203,37.7590581275303,-122.47855447898434
,9.0,dn7,pkg16,9,True,12.0,37.718779,-122.462401,37.73551583360454,-122.44667863265353
,9.0,dn15,pkg1,9,True,12.0,37.739611,-122.492203,37.78035019981498,-122.50522679597314
,10.0,dn9,pkg13,10.0,True,17.0,37.718779,-122.462401,37.71500648830532,-122.45630204043033
,10.0,dn11,pkg10,10,True,13.0,37.78929,-122.426797,37.76715324233278,-122.43440054714158
,10.0,dn13,pkg4,10.0,True,15.0,37.739611,-122.492203,37.740527731785996,-122.50503533241124
,13.0,dn5,pkg14,13,True,14.0,37.751751,-122.410654,37.763616110520715,-122.40434605972395
,13.0,dn6,pkg6,13,True,14.0,37.751751,-122.410654,37.755413195672894,-122.43694902084357
,14.0,dn1,pkg20,14,False,10.0,37.774524,-122.473656,37.7831032594539,-122.45895379903848
,14.0,dn12,pkg19,14,True,16.0,37.78929,-122.426797,37.76374211908317,-122.42491491510806
,15.0,dn8,pkg18,15,True,20.0,37.718779,-122.462401,37.718307510975094,-122.45410540475989
,16.0,dn2,pkg7,16,False,14.0,37.774524,-122.473656,37.774462188138926,-122.47554056463446
,20.0,dn4,pkg12,20,False,14.0,37.751751,-122.410654,37.740951566371805,-122.40740189904542
,20.0,dn10,pkg8,20,False,15.0,37.78929,-122.426797,37.77724304960542,-122.43367495196468
,21.0,dn14,pkg3,21,False,17.0,37.739611,-122.492203,37.773295219218646,-122.49499110165148
,23.0,dn15,pkg28,23.0,True,33.0,37.739611,-122.492203,37.74187098428417,-122.48780419717713
,24.0,dn13,pkg2,24,False,15.0,37.739611,-122.492203,37.757102418465045,-122.45115056279039
,24.0,dn9,pkg25,24,True,28.0,37.718779,-122.462401,37.71172848879436,-122.50043372731824
,25.0,dn3,pkg11,25,False,17.0,37.774524,-122.473656,37.770987080737385,-122.46296715119718
,28.0,dn11,pkg26,28,False,27.0,37.78929,-122.426797,37.79068515721115,-122.44254171414656
,29.0,dn7,pkg9,29,False,19.0,37.718779,-122.462401,37.71024222804538,-122.43058773910184
,31.0,dn8,pkg30,31,True,39.0,37.718779,-122.462401,37.726348792610544,-122.42104976824587
,33.0,dn14,pkg34,33.0,True,41.0,37.739611,-122.492203,37.709770877654464,-122.47370052776571
,34.0,dn6,pkg33,34,True,41.0,37.751751,-122.410654,37.75214565624029,-122.45292405104381
,35.0,dn15,pkg31,35,True,37.0,37.739611,-122.492203,37.712646013701196,-122.50224434679726
,37.0,dn12,pkg32,37,True,42.0,37.78929,-122.426797,37.76187309135194,-122.46625604952048
,38.0,dn2,pkg37,38.0,True,48.0,37.774524,-122.473656,37.750726538137464,-122.48751713061321
,42.0,dn13,pkg38,42,True,46.0,37.739611,-122.492203,37.745958836118106,-122.43695003984485
,46.0,dn14,pkg39,46.0,True,54.0,37.739611,-122.492203,37.75285784580391,-122.47750310943205
,48.0,dn3,pkg40,48,True,53.0,37.774524,-122.473656,37.77963637203807,-122.4409442305605
,49.0,dn1,pkg29,49,False,34.0,37.774524,-122.473656,37.795154055102095,-122.49780844938341
,49.0,dn9,pkg36,49,False,45.0,37.718779,-122.462401,37.711120951209864,-122.40996635760567
,52.0,dn7,pkg42,52,True,55.0,37.718779,-122.462401,37.71966045440399,-122.47750254678141
,53.0,dn2,pkg43,53.0,True,60.0,37.774524,-122.473656,37.75498755313886,-122.47761429322286
,53.0,dn6,pkg44,53.0,True,59.0,37.751751,-122.410654,37.768225613441395,-122.45215718698628
,53.0,dn8,pkg45,53,True,61.0,37.718779,-122.462401,37.763050992941984,-122.46955496328076
,54.0,dn4,pkg41,54,True,61.0,37.751751,-122.410654,37.72656102863323,-122.39755787023506
,56.0,dn13,pkg47,56.0,True,63.0,37.739611,-122.492203,37.714518690255375,-122.50469148772622
,57.0,dn5,pkg27,57,False,32.0,37.751751,-122.410654,37.78783300604447,-122.41615373586544
,62.0,dn14,pkg48,62.0,True,71.0,37.739611,-122.492203,37.74375259551528,-122.4926635125474
,63.0,dn11,pkg35,63,False,48.0,37.78929,-122.426797,37.763732646516544,-122.40565846028082
,65.0,dn10,pkg50,65,True,71.0,37.78929,-122.426797,37.79597635579322,-122.4655805909858
,66.0,dn15,pkg54,66,True,73.0,37.739611,-122.492203,37.71623105685857,-122.50207666911298
,68.0,dn13,pkg55,68.0,True,78.0,37.739611,-122.492203,37.70840272137871,-122.48213330834005
,72.0,dn2,pkg56,72,True,76.0,37.774524,-122.473656,37.76493725018026,-122.45762263912958
,73.0,dn12,pkg52,73,False,72.0,37.78929,-122.426797,37.794415555996075,-122.46726519276339
,74.0,dn7,pkg53,74,False,71.0,37.718779,-122.462401,37.71648778884209,-122.43233725136253
,75.0,dn8,pkg51,75,False,69.0,37.718779,-122.462401,37.70846373093825,-122.42612258735613
,75.0,dn4,pkg49,75,False,71.0,37.751751,-122.410654,37.72698023400063,-122.40529708758967
,76.0,dn1,pkg58,76,True,85.0,37.774524,-122.473656,37.74642750557756,-122.432239974545
,79.0,dn3,pkg57,79.0,True,84.0,37.774524,-122.473656,37.73202086781107,-122.46274165625933
,83.0,dn9,pkg62,83.0,True,89.0,37.718779,-122.462401,37.71544691742753,-122.44514290964328
,86.0,dn13,pkg63,86.0,True,94.0,37.739611,-122.492203,37.76246649426822,-122.48869047483814
,87.0,dn6,pkg46,87,False,62.0,37.751751,-122.410654,37.7121713564173,-122.39697636110762
,93.0,dn10,pkg60,93,False,86.0,37.78929,-122.426797,37.77612330208864,-122.42803083149242
,95.0,dn7,pkg68,95.0,True,104.0,37.718779,-122.462401,37.72677299153601,-122.46481121002002
,96.0,dn14,pkg67,96,True,100.0,37.739611,-122.492203,37.71201698248473,-122.49684641164396
,6.0,dn7,pkg1,6.0,True,13.0,37.718779,-122.462401,37.720505037648664,-122.47741560856636
,7.0,dn9,pkg19,7,True,14.0,37.718779,-122.462401,37.72982497101099,-122.43917456222121
,7.0,dn13,pkg8,7.0,True,15.0,37.739611,-122.492203,37.74062672350956,-122.48618986432028
,7.0,dn15,pkg6,7,True,14.0,37.739611,-122.492203,37.775183412187445,-122.50416678734021
,8.0,dn2,pkg21,8,True,12.0,37.774524,-122.473656,37.784122489752036,-122.4609951114605
,9.0,dn8,pkg17,9.0,True,16.0,37.718779,-122.462401,37.73015186852749,-122.46810737675199
,10.0,dn10,pkg10,10.0,True,16.0,37.78929,-122.426797,37.78166270633174,-122.43426735723938
,10.0,dn14,pkg7,10.0,True,16.0,37.739611,-122.492203,37.73446649807212,-122.50366519766757
,11.0,dn3,pkg15,11,True,15.0,37.774524,-122.473656,37.77792718226209,-122.46756057417136
,12.0,dn1,pkg2,12,False,10.0,37.774524,-122.473656,37.76946028771623,-122.466861041488
,12.0,dn6,pkg5,12,True,16.0,37.751751,-122.410654,37.77438541890013,-122.39930632979338
,14.0,dn4,pkg11,14,False,10.0,37.751751,-122.410654,37.73658557090374,-122.41915255268901
,14.0,dn11,pkg12,14,True,16.0,37.78929,-122.426797,37.788113364931455,-122.40680444191086
,14.0,dn13,pkg13,14,True,19.0,37.739611,-122.492203,37.739763753724915,-122.47225434658466
,15.0,dn7,pkg14,15,True,18.0,37.718779,-122.462401,37.70986913256184,-122.4632791469563
,19.0,dn8,pkg16,19,False,18.0,37.718779,-122.462401,37.70982701682768,-122.47101511375755
,20.0,dn15,pkg24,20,False,18.0,37.739611,-122.492203,37.77013364566682,-122.49923386589298
,21.0,dn5,pkg9,21,False,15.0,37.751751,-122.410654,37.76546618952864,-122.41181996613788
,21.0,dn14,pkg4,21,False,15.0,37.739611,-122.492203,37.76572931396096,-122.45605492058041
,23.0,dn12,pkg18,23,False,17.0,37.78929,-122.426797,37.79467005014797,-122.41634397615847
,24.0,dn13,pkg28,24,True,27.0,37.739611,-122.492203,37.74890585352045,-122.4825889814031
,26.0,dn7,pkg27,26,True,28.0,37.718779,-122.462401,37.707281279470216,-122.43129876467995
,27.0,dn3,pkg29,27,True,32.0,37.774524,-122.473656,37.734190882373404,-122.4624260330165
,31.0,dn9,pkg3,31,False,16.0,37.718779,-122.462401,37.71719143688184,-122.41953993922898
,31.0,dn1,pkg33,31,True,38.0,37.774524,-122.473656,37.76768539681077,-122.45310908753198
,34.0,dn2,pkg26,34,False,24.0,37.774524,-122.473656,37.793972132471296,-122.45348521427859
,34.0,dn10,pkg32,34,True,40.0,37.78929,-122.426797,37.76380244406077,-122.44858538751942
,37.0,dn8,pkg31,37,True,41.0,37.718779,-122.462401,37.72058869504436,-122.42306261650289
,37.0,dn15,pkg34,37.0,True,45.0,37.739611,-122.492203,37.73209556590243,-122.48194166122677
,40.0,dn6,pkg30,40,False,33.0,37.751751,-122.410654,37.71719788346221,-122.41402546739727
,41.0,dn7,pkg38,41,True,47.0,37.718779,-122.462401,37.73787971678736,-122.45945927322023
,44.0,dn11,pkg36,44,True,46.0,37.78929,-122.426797,37.765684413696505,-122.41643177768142
,46.0,dn13,pkg42,46,True,52.0,37.739611,-122.492203,37.71113655519154,-122.48181221293112
,48.0,dn3,pkg37,48,False,43.0,37.774524,-122.473656,37.79674527286568,-122.4583190774268
,49.0,dn14,pkg44,49.0,True,55.0,37.739611,-122.492203,37.75031536681577,-122.48447854068799
,53.0,dn1,pkg39,53,False,49.0,37.774524,-122.473656,37.785780172279445,-122.46118798403865
,55.0,dn10,pkg43,55,False,53.0,37.78929,-122.426797,37.75880972273741,-122.4074361370225
,59.0,dn9,pkg46,59,True,63.0,37.718779,-122.462401,37.71332434471146,-122.46019680043028
,59.0,dn15,pkg47,59.0,True,64.0,37.739611,-122.492203,37.712393979607185,-122.49834404567524
,60.0,dn4,pkg35,60,False,42.0,37.751751,-122.410654,37.793429841209985,-122.40348885875939
,60.0,dn2,pkg48,60.0,True,65.0,37.774524,-122.473656,37.73409054894468,-122.49002901602451
,63.0,dn7,pkg49,63.0,True,69.0,37.718779,-122.462401,37.74219378925471,-122.49191222868869
,66.0,dn12,pkg51,66.0,True,76.0,37.78929,-122.426797,37.78225331081399,-122.470970443507
,67.0,dn8,pkg45,67,False,62.0,37.718779,-122.462401,37.71957905092702,-122.40907326556261
,67.0,dn6,pkg52,67,True,73.0,37.751751,-122.410654,37.746339462888294,-122.39863656422271
,69.0,dn5,pkg40,69,False,48.0,37.751751,-122.410654,37.75585400862325,-122.41259232262058
,72.0,dn3,pkg54,72.0,True,78.0,37.774524,-122.473656,37.74394307785627,-122.45076626274242
,74.0,dn10,pkg56,74.0,True,84.0,37.78929,-122.426797,37.768374648171886,-122.46937219696501
,75.0,dn7,pkg53,75,True,75.0,37.718779,-122.462401,37.743523175613504,-122.42937004375328
,75.0,dn9,pkg55,75,True,83.0,37.718779,-122.462401,37.73422417767165,-122.4345524116885
,76.0,dn2,pkg50,76,False,69.0,37.774524,-122.473656,37.793225307217014,-122.48795700159393
,79.0,dn12,pkg60,79.0,True,84.0,37.78929,-122.426797,37.75827861642007,-122.45048970248726
,83.0,dn13,pkg61,83,True,89.0,37.739611,-122.492203,37.737453330269,-122.44688944273734
,85.0,dn1,pkg59,85,False,83.0,37.774524,-122.473656,37.77837280324769,-122.4730050875048
,90.0,dn6,pkg58,90,False,81.0,37.751751,-122.410654,37.74881445365465,-122.4000904159849
,90.0,dn3,pkg64,90.0,True,99.0,37.774524,-122.473656,37.73523759842763,-122.46000597056701
,97.0,dn9,pkg63,97,False,94.0,37.718779,-122.462401,37.72515980211962,-122.42828946712737
,99.0,dn11,pkg57,99,False,81.0,37.78929,-122.426797,37.78527458600841,-122.40302888695473
,100.0,dn7,pkg66,100.0,True,109.0,37.718779,-122.462401,37.720492688156824,-122.49296435206388
,5.0,dn3,pkg5,5.0,True,11.0,37.774524,-122.473656,37.74673883413295,-122.50306205010084
,6.0,dn7,pkg10,6.0,True,11.0,37.718779,-122.462401,37.732040043443284,-122.47047144690778
,6.0,dn13,pkg20,6.0,True,14.0,37.739611,-122.492203,37.74336970714776,-122.48502764767876
,7.0,dn9,pkg17,7.0,True,13.0,37.718779,-122.462401,37.74976228229024,-122.44813378494938
,7.0,dn15,pkg21,7.0,True,15.0,37.739611,-122.492203,37.735938091685405,-122.48200595782791
,8.0,dn2,pkg13,8.0,True,17.0,37.774524,-122.473656,37.777361651810374,-122.46644061241219
,8.0,dn14,pkg19,8.0,True,15.0,37.739611,-122.492203,37.7367362900536,-122.47879713279221
,9.0,dn1,pkg2,9.0,True,15.0,37.774524,-122.473656,37.77694247295847,-122.4945130421476
,9.0,dn4,pkg22,9,True,13.0,37.751751,-122.410654,37.73865679405276,-122.42782001078125
,9.0,dn8,pkg6,9.0,True,15.0,37.718779,-122.462401,37.71467524202451,-122.47347388803773
,10.0,dn3,pkg23,10,True,14.0,37.774524,-122.473656,37.760918171146685,-122.47776007574167
,13.0,dn6,pkg16,13,True,19.0,37.751751,-122.410654,37.75247812868962,-122.41852286241456
,13.0,dn10,pkg8,13,True,18.0,37.78929,-122.426797,37.78616546566072,-122.43337995684558
,13.0,dn15,pkg7,13,True,18.0,37.739611,-122.492203,37.748537660986834,-122.47022027946593
,15.0,dn13,pkg12,15,True,19.0,37.739611,-122.492203,37.72093654379957,-122.47806938661607
,17.0,dn12,pkg26,17,True,25.0,37.78929,-122.426797,37.77469398051302,-122.4746540034882
,17.0,dn9,pkg18,17,True,17.0,37.718779,-122.462401,37.720939896821605,-122.43417531771053
,20.0,dn14,pkg25,20,False,18.0,37.739611,-122.492203,37.71411223497339,-122.44610683895253
,21.0,dn5,pkg3,21,False,10.0,37.751751,-122.410654,37.7174354454387,-122.41286429276691
,21.0,dn11,pkg11,21,False,17.0,37.78929,-122.426797,37.775803494418454,-122.43061852762018
,21.0,dn1,pkg29,21.0,True,27.0,37.774524,-122.473656,37.77541303200935,-122.45869225889498
,23.0,dn7,pkg15,23,False,12.0,37.718779,-122.462401,37.713237676029266,-122.41118486728737
,27.0,dn3,pkg32,27.0,True,32.0,37.774524,-122.473656,37.73979915405423,-122.46661323108101
,28.0,dn8,pkg9,28,False,19.0,37.718779,-122.462401,37.7366980680262,-122.41769588403282
,29.0,dn15,pkg31,29,True,35.0,37.739611,-122.492203,37.71069926973075,-122.45767490869838
,29.0,dn1,pkg35,29,True,37.0,37.774524,-122.473656,37.73747292924923,-122.48159849550237
,31.0,dn13,pkg33,31,True,33.0,37.739611,-122.492203,37.773629419549984,-122.46841380617887
,34.0,dn2,pkg30,34,True,36.0,37.774524,-122.473656,37.77304889530457,-122.42882056584259
,35.0,dn4,pkg28,35,False,26.0,37.751751,-122.410654,37.758937347166544,-122.4087796440164
,37.0,dn6,pkg34,37,True,38.0,37.751751,-122.410654,37.7647523942923,-122.46281455007167
,38.0,dn14,pkg38,38.0,True,46.0,37.739611,-122.492203,37.73794098425087,-122.47869650513029
,41.0,dn9,pkg27,41,False,25.0,37.718779,-122.462401,37.71109688705871,-122.4150576515642
,41.0,dn10,pkg36,41,True,47.0,37.78929,-122.426797,37.75147057675774,-122.42673889216508
,41.0,dn1,pkg39,41.0,True,50.0,37.774524,-122.473656,37.7641951180969,-122.47163514372818
,43.0,dn3,pkg41,43,True,45.0,37.774524,-122.473656,37.74435001796337,-122.46356936199004
,46.0,dn7,pkg44,46,True,49.0,37.718779,-122.462401,37.72700193044483,-122.45940474449391
,49.0,dn15,pkg43,49,True,49.0,37.739611,-122.492203,37.78025277943581,-122.47096797685178
,50.0,dn12,pkg37,50,False,44.0,37.78929,-122.426797,37.75362201506634,-122.41678817231649
,56.0,dn11,pkg45,56,True,56.0,37.78929,-122.426797,37.78337176449271,-122.43584466517905
,57.0,dn8,pkg49,57,True,64.0,37.718779,-122.462401,37.754306896977454,-122.452027723052
,61.0,dn13,pkg52,61.0,True,67.0,37.739611,-122.492203,37.76339911612844,-122.46550770719695
,63.0,dn10,pkg53,63,True,68.0,37.78929,-122.426797,37.78889615246125,-122.40331129892354
,66.0,dn15,pkg55,66.0,True,74.0,37.739611,-122.492203,37.72417040517949,-122.46758703962914
,67.0,dn5,pkg40,67,False,50.0,37.751751,-122.410654,37.734050712400396,-122.39991369253521
,67.0,dn1,pkg47,67,False,59.0,37.774524,-122.473656,37.79309977356005,-122.42870910153559
,71.0,dn2,pkg48,71,False,60.0,37.774524,-122.473656,37.792549414820215,-122.42635206530636
,71.0,dn14,pkg54,71,True,71.0,37.739611,-122.492203,37.776900787456945,-122.46531453187308
,71.0,dn9,pkg58,71,True,76.0,37.718779,-122.462401,37.71079261047633,-122.48898559902865
,73.0,dn6,pkg42,73,False,54.0,37.751751,-122.410654,37.70963911464973,-122.40063499846025
,74.0,dn7,pkg50,74,False,61.0,37.718779,-122.462401,37.72014707104132,-122.4143006632361
,74.0,dn8,pkg59,74,True,75.0,37.718779,-122.462401,37.73568022144899,-122.4546955507803
,75.0,dn3,pkg51,75,False,64.0,37.774524,-122.473656,37.7781833090654,-122.4197188052388
,75.0,dn13,pkg61,75,True,80.0,37.739611,-122.492203,37.75291402831965,-122.48636710546519
,76.0,dn4,pkg46,76,False,57.0,37.751751,-122.410654,37.78779960251582,-122.4130344250438
,78.0,dn15,pkg62,78,True,83.0,37.739611,-122.492203,37.7276242030689,-122.4709220059302
,84.0,dn13,pkg63,84,False,82.0,37.739611,-122.492203,37.73502881379953,-122.46482619401158
,87.0,dn12,pkg65,87,True,91.0,37.78929,-122.426797,37.7553005656252,-122.43252620936858
,90.0,dn10,pkg64,90,False,87.0,37.78929,-122.426797,37.79340942115343,-122.44419549124258
,90.0,dn8,pkg66,90,True,92.0,37.718779,-122.462401,37.74925257694322,-122.46410489054317
,91.0,dn11,pkg57,91,False,74.0,37.78929,-122.426797,37.78164911515043,-122.42471105404812
,91.0,dn9,pkg67,91.0,True,98.0,37.718779,-122.462401,37.739363380181544,-122.48795506577733
,93.0,dn13,pkg72,93.0,True,100.0,37.739611,-122.492203,37.7343994627281,-122.45580087704357
,94.0,dn15,pkg71,94,True,102.0,37.739611,-122.492203,37.720902226750965,-122.47638756641338
,96.0,dn2,pkg74,96.0,True,101.0,37.774524,-122.473656,37.73673163071906,-122.48140149791767
,100.0,dn14,pkg75,100.0,True,108.0,37.739611,-122.492203,37.7380056732889,-122.46924693577532
,5.0,dn13,pkg1,5.0,True,15.0,37.739611,-122.492203,37.73894363647531,-122.49458653302118
,6.0,dn5,pkg22,6,True,11.0,37.751751,-122.410654,37.738675618251776,-122.43516748290757
,6.0,dn14,pkg8,6.0,True,13.0,37.739611,-122.492203,37.709495286202625,-122.50250007242644
,7.0,dn3,pkg19,7,True,12.0,37.774524,-122.473656,37.7802680569921,-122.50747638325537
,7.0,dn7,pkg17,7,True,13.0,37.718779,-122.462401,37.723072826408064,-122.476435065469
,8.0,dn8,pkg2,8.0,True,13.0,37.718779,-122.462401,37.732561533137606,-122.46591500389783
,9.0,dn2,pkg9,9,True,13.0,37.774524,-122.473656,37.761757990196685,-122.48671879514104
,9.0,dn12,pkg21,9.0,True,15.0,37.78929,-122.426797,37.75711400707521,-122.43033103248573
,9.0,dn15,pkg13,9.0,True,17.0,37.739611,-122.492203,37.727993338530084,-122.49915419531263
,10.0,dn1,pkg18,10,True,12.0,37.774524,-122.473656,37.78032893639778,-122.48811659006223
,10.0,dn6,pkg16,10,True,14.0,37.751751,-122.410654,37.749469970966466,-122.43138233231423
,11.0,dn13,pkg20,11,True,15.0,37.739611,-122.492203,37.761792176515826,-122.48630973074559
,14.0,dn9,pkg15,14,True,14.0,37.718779,-122.462401,37.71268947203574,-122.4491451019089
,15.0,dn15,pkg23,15,True,18.0,37.739611,-122.492203,37.75935075424306,-122.49252733806813
,17.0,dn13,pkg24,17,True,23.0,37.739611,-122.492203,37.73283817727076,-122.49271748517025
,21.0,dn10,pkg5,21,False,17.0,37.78929,-122.426797,37.78371351647435,-122.44957542064503
,21.0,dn14,pkg4,21,False,15.0,37.739611,-122.492203,37.76599984124022,-122.49865071887933
,22.0,dn11,pkg7,22,False,15.0,37.78929,-122.426797,37.77681265909465,-122.39814801767493
,23.0,dn5,pkg12,23,False,13.0,37.751751,-122.410654,37.733275990499926,-122.42469574086357
,23.0,dn7,pkg11,23,False,18.0,37.718779,-122.462401,37.71352882398165,-122.47224502740798
,24.0,dn13,pkg30,24,True,32.0,37.739611,-122.492203,37.73686490571734,-122.4743436480944
,25.0,dn4,pkg14,25,False,10.0,37.751751,-122.410654,37.74682186894133,-122.39929234117707
,25.0,dn3,pkg6,25,False,18.0,37.774524,-122.473656,37.779789275424015,-122.5004401265771
,25.0,dn2,pkg25,25,False,22.0,37.774524,-122.473656,37.756282519121704,-122.47486707855111
,30.0,dn8,pkg10,30,False,17.0,37.718779,-122.462401,37.75453522520833,-122.44111534347404
,33.0,dn13,pkg34,33,True,40.0,37.739611,-122.492203,37.75349432245766,-122.5068343534346
,34.0,dn15,pkg31,34,False,33.0,37.739611,-122.492203,37.708935454171765,-122.45772652431286
,40.0,dn7,pkg36,40,True,46.0,37.718779,-122.462401,37.71592804917282,-122.49235319461737
,41.0,dn6,pkg28,41,False,25.0,37.751751,-122.410654,37.74469394494068,-122.39835861987734
,42.0,dn12,pkg29,42,False,25.0,37.78929,-122.426797,37.79632492947476,-122.41082473907109
,42.0,dn2,pkg32,42,False,37.0,37.774524,-122.473656,37.76179994791282,-122.44164067643739
,43.0,dn14,pkg38,43,True,47.0,37.739611,-122.492203,37.71061914949877,-122.48868868983944
,46.0,dn1,pkg27,46,False,27.0,37.774524,-122.473656,37.77296005813469,-122.42333066547036
,46.0,dn9,pkg37,46,True,48.0,37.718779,-122.462401,37.73058011420272,-122.41597816649711
,50.0,dn13,pkg41,50,True,57.0,37.739611,-122.492203,37.76611679287161,-122.48765972392536
,51.0,dn5,pkg33,51,False,37.0,37.751751,-122.410654,37.75279549947779,-122.41845069220881
,51.0,dn10,pkg35,51,False,44.0,37.78929,-122.426797,37.78744631320906,-122.41538977707071
,56.0,dn14,pkg46,56,True,65.0,37.739611,-122.492203,37.73006248993254,-122.48685203103723
,57.0,dn8,pkg45,57.0,True,63.0,37.718779,-122.462401,37.74188728180008,-122.45053066910405
,59.0,dn2,pkg42,59,True,60.0,37.774524,-122.473656,37.78923409283254,-122.48744004547778
,62.0,dn3,pkg40,62,False,57.0,37.774524,-122.473656,37.78619550867554,-122.4411732379793
,62.0,dn7,pkg44,62,True,66.0,37.718779,-122.462401,37.71881382491735,-122.4067360018111
,64.0,dn4,pkg43,64,False,63.0,37.751751,-122.410654,37.75605166615737,-122.41973310355687
,65.0,dn15,pkg47,65.0,True,72.0,37.739611,-122.492203,37.759380496153526,-122.46994200444333
,66.0,dn9,pkg48,66.0,True,74.0,37.718779,-122.462401,37.74628678023082,-122.48973548330503
,68.0,dn13,pkg49,68.0,True,78.0,37.739611,-122.492203,37.748013584326905,-122.46203016377348
,69.0,dn6,pkg50,69,True,79.0,37.751751,-122.410654,37.78027394340615,-122.43135791081433
,72.0,dn11,pkg39,72,False,50.0,37.78929,-122.426797,37.78052885769893,-122.4142380151493
,74.0,dn2,pkg52,74.0,True,81.0,37.774524,-122.473656,37.74222879323557,-122.48887428103355
,76.0,dn8,pkg51,76,False,75.0,37.718779,-122.462401,37.73972807383941,-122.44426821392432
,80.0,dn9,pkg53,80.0,True,85.0,37.718779,-122.462401,37.730496565050345,-122.4856468796525
,89.0,dn1,pkg54,89,False,85.0,37.774524,-122.473656,37.74992658039598,-122.43647425322904
,89.0,dn7,pkg57,89.0,True,97.0,37.718779,-122.462401,37.73051028124405,-122.46707508146585
,90.0,dn13,pkg59,90.0,True,100.0,37.739611,-122.492203,37.72469198987378,-122.47486619098937
,93.0,dn10,pkg55,93,True,94.0,37.78929,-122.426797,37.79469014060075,-122.45848931759215
,96.0,dn8,pkg62,96,True,100.0,37.718779,-122.462401,37.714254859975256,-122.4873717625168
,97.0,dn5,pkg58,97,True,102.0,37.751751,-122.410654,37.78339040955867,-122.40959733174574
,100.0,dn14,pkg63,100,True,102.0,37.739611,-122.492203,37.70879924694747,-122.46747844014149
,100.0,dn13,pkg66,100,True,103.0,37.739611,-122.492203,37.73020846086459,-122.44943166122142
,6.0,dn14,pkg1,6.0,True,16.0,37.739611,-122.492203,37.73243117306289,-122.46549379343226
,7.0,dn8,pkg6,7.0,True,16.0,37.718779,-122.462401,37.71969736292622,-122.47133156682487
,7.0,dn11,pkg10,7.0,True,15.0,37.78929,-122.426797,37.757426489414996,-122.44168897858242
,7.0,dn15,pkg11,7,True,17.0,37.739611,-122.492203,37.72669934576785,-122.46506524965461
,8.0,dn13,pkg20,8.0,True,18.0,37.739611,-122.492203,37.73436861923043,-122.49656084294378
,9.0,dn1,pkg15,9.0,True,16.0,37.774524,-122.473656,37.77739107657498,-122.49957279063379
,9.0,dn10,pkg19,9,True,15.0,37.78929,-122.426797,37.78959475611867,-122.41768658749874
,10.0,dn12,pkg22,10.0,True,17.0,37.78929,-122.426797,37.76207458168137,-122.44901728806012
,11.0,dn2,pkg13,11,True,19.0,37.774524,-122.473656,37.78126859362092,-122.48099658519129
,12.0,dn3,pkg21,12,True,17.0,37.774524,-122.473656,37.773959450648356,-122.49865441220558
,12.0,dn7,pkg5,12,True,13.0,37.718779,-122.462401,37.730921779040216,-122.45027941702735
,17.0,dn13,pkg18,17,True,18.0,37.739611,-122.492203,37.718892465119964,-122.47256006791481
,17.0,dn14,pkg23,17,False,14.0,37.739611,-122.492203,37.779142561254446,-122.46937467553424
,19.0,dn6,pkg14,19,False,16.0,37.751751,-122.410654,37.74482386307368,-122.42039257156704
,22.0,dn4,pkg17,22,False,11.0,37.751751,-122.410654,37.73339345626142,-122.42096584802084
,22.0,dn9,pkg8,22,False,12.0,37.718779,-122.462401,37.70886279194503,-122.42903857588357
,23.0,dn10,pkg28,23,True,27.0,37.78929,-122.426797,37.789194834337735,-122.42505706608935
,24.0,dn5,pkg4,24,False,13.0,37.751751,-122.410654,37.774787959287096,-122.39916434050083
,25.0,dn2,pkg29,25,True,25.0,37.774524,-122.473656,37.747327265850785,-122.48833609165607
,29.0,dn15,pkg3,29,False,16.0,37.739611,-122.492203,37.75232576112517,-122.44067672679527
,31.0,dn11,pkg24,31,False,15.0,37.78929,-122.426797,37.77387070934647,-122.41761221854414
,31.0,dn1,pkg25,31,False,17.0,37.774524,-122.473656,37.793715884178354,-122.44853297416678
,33.0,dn8,pkg9,33,False,18.0,37.718779,-122.462401,37.715208336282295,-122.43329864776364
,33.0,dn7,pkg32,33,False,28.0,37.718779,-122.462401,37.72294553126385,-122.41156025854542
,34.0,dn13,pkg35,34.0,True,43.0,37.739611,-122.492203,37.75393020272516,-122.48776803906979
,35.0,dn2,pkg34,35,False,34.0,37.774524,-122.473656,37.778555298300176,-122.44911283500905
,36.0,dn14,pkg37,36.0,True,45.0,37.739611,-122.492203,37.74967578515209,-122.44856166744626
,40.0,dn12,pkg27,40,False,22.0,37.78929,-122.426797,37.79043039199767,-122.40994860179461
,44.0,dn3,pkg30,44,False,31.0,37.774524,-122.473656,37.76547666007036,-122.4341583759115
,46.0,dn13,pkg42,46,True,51.0,37.739611,-122.492203,37.72364854653691,-122.489715278389
,46.0,dn14,pkg41,46,True,51.0,37.739611,-122.492203,37.717468008841735,-122.48815325206695
,47.0,dn6,pkg38,47,False,46.0,37.751751,-122.410654,37.730939623078335,-122.40011205513845
,51.0,dn2,pkg40,51,True,51.0,37.774524,-122.473656,37.76537932759083,-122.45745975912655
,51.0,dn9,pkg45,51.0,True,56.0,37.718779,-122.462401,37.72646062711433,-122.46676296661211
,53.0,dn1,pkg47,53,True,59.0,37.774524,-122.473656,37.73272321824264,-122.47552133717294
,55.0,dn10,pkg31,55,False,35.0,37.78929,-122.426797,37.761361939783406,-122.39617416313666
,57.0,dn4,pkg44,57,True,59.0,37.751751,-122.410654,37.7592983672868,-122.4311746741549
,64.0,dn7,pkg39,64,False,49.0,37.718779,-122.462401,37.708870560222906,-122.42081131505125
,64.0,dn8,pkg46,64,False,61.0,37.718779,-122.462401,37.7162988378034,-122.41833613591511
,67.0,dn11,pkg48,67,False,64.0,37.78929,-122.426797,37.753309075635066,-122.43307603353473
,68.0,dn5,pkg43,68,False,56.0,37.751751,-122.410654,37.71462042308727,-122.41097339331215
,70.0,dn2,pkg52,70.0,True,79.0,37.774524,-122.473656,37.75068823980484,-122.49442330760202
,75.0,dn6,pkg50,75,False,71.0,37.751751,-122.410654,37.743508903434126,-122.40559404708321
,75.0,dn1,pkg49,75,False,71.0,37.774524,-122.473656,37.79616020396073,-122.43987765014542
,78.0,dn9,pkg55,78,True,83.0,37.718779,-122.462401,37.71112105852482,-122.48906017409898
,78.0,dn2,pkg54,78,True,80.0,37.774524,-122.473656,37.79568625630516,-122.48055906408004
,79.0,dn4,pkg56,79,True,84.0,37.751751,-122.410654,37.768506850588174,-122.41206474268002
,80.0,dn12,pkg51,80,False,74.0,37.78929,-122.426797,37.7743866185785,-122.41158561535073
,85.0,dn8,pkg58,85,True,91.0,37.718779,-122.462401,37.71155942530226,-122.45150699150496
,86.0,dn3,pkg53,86,False,77.0,37.774524,-122.473656,37.790632096228485,-122.42671111027569
,86.0,dn13,pkg59,86,True,91.0,37.739611,-122.492203,37.77083804212811,-122.4932905448496
,88.0,dn15,pkg65,88.0,True,98.0,37.739611,-122.492203,37.74358710467686,-122.47757145377851
,90.0,dn14,pkg63,90.0,True,99.0,37.739611,-122.492203,37.75137339663973,-122.46303962285047
,96.0,dn7,pkg61,96,False,95.0,37.718779,-122.462401,37.722668315610505,-122.42834668030618
,5.0,dn7,pkg22,5.0,True,11.0,37.718779,-122.462401,37.73564820738367,-122.48229722331882
,7.0,dn9,pkg3,7.0,True,12.0,37.718779,-122.462401,37.742724827861906,-122.4816413721871
,8.0,dn2,pkg6,8.0,True,16.0,37.774524,-122.473656,37.76316837995653,-122.47515103529373
,8.0,dn3,pkg17,8.0,True,14.0,37.774524,-122.473656,37.7600675424621,-122.46109260200801
,8.0,dn13,pkg18,8.0,True,15.0,37.739611,-122.492203,37.73691888454979,-122.49608732500037
,9.0,dn8,pkg5,9,True,13.0,37.718779,-122.462401,37.716332385423904,-122.44064941481115
,9.0,dn14,pkg4,9.0,True,16.0,37.739611,-122.492203,37.71796662796866,-122.49438298841955
,12.0,dn6,pkg16,12,True,12.0,37.751751,-122.410654,37.78578095117101,-122.41712296329626
,12.0,dn10,pkg12,12,True,14.0,37.78929,-122.426797,37.79120443671976,-122.44065759052548
,14.0,dn15,pkg7,14,True,15.0,37.739611,-122.492203,37.73978751659879,-122.44422791759405
,16.0,dn9,pkg11,16,True,17.0,37.718779,-122.462401,37.714140409594926,-122.42339395822424
,17.0,dn1,pkg1,17,False,14.0,37.774524,-122.473656,37.77725384514392,-122.45082925384611
,18.0,dn5,pkg14,18,False,16.0,37.751751,-122.410654,37.738051024013224,-122.39684782834155
,19.0,dn14,pkg26,19,True,23.0,37.739611,-122.492203,37.73152632203978,-122.48721378061985
,20.0,dn11,pkg10,20,False,14.0,37.78929,-122.426797,37.76837068214434,-122.44314485808292
,21.0,dn4,pkg2,21,False,18.0,37.751751,-122.410654,37.748698916324216,-122.41671251916783
,22.0,dn12,pkg8,22,False,17.0,37.78929,-122.426797,37.78136655293789,-122.44329920028187
,22.0,dn3,pkg20,22,False,16.0,37.774524,-122.473656,37.77578264270135,-122.45969734753746
,24.0,dn7,pkg15,24,False,13.0,37.718779,-122.462401,37.720120324859685,-122.4302542508357
,24.0,dn13,pkg9,24,False,16.0,37.739611,-122.492203,37.77985277113777,-122.49251555906619
,25.0,dn9,pkg31,25,True,29.0,37.718779,-122.462401,37.73135142807804,-122.45564805161436
,26.0,dn8,pkg27,26,False,23.0,37.718779,-122.462401,37.73376642865763,-122.4222289066408
,26.0,dn6,pkg30,26,True,28.0,37.751751,-122.410654,37.75570445661968,-122.46296703681212
,27.0,dn14,pkg28,27,True,27.0,37.739611,-122.492203,37.74366644230056,-122.4766464006403
,30.0,dn9,pkg32,30,True,33.0,37.718779,-122.462401,37.73961262641127,-122.48502241038642
,31.0,dn10,pkg29,31,False,30.0,37.78929,-122.426797,37.780844399551874,-122.47732962648927
,32.0,dn2,pkg13,32,False,18.0,37.774524,-122.473656,37.783940109170445,-122.45932347875107
,34.0,dn15,pkg33,34,True,42.0,37.739611,-122.492203,37.75313968499469,-122.50709358972044
,39.0,dn9,pkg36,39.0,True,48.0,37.718779,-122.462401,37.74682870197684,-122.48453635767659
,41.0,dn8,pkg38,41,True,46.0,37.718779,-122.462401,37.72259759975053,-122.4615047731916
,43.0,dn6,pkg34,43,True,43.0,37.751751,-122.410654,37.73733683384712,-122.44372921819652
,50.0,dn1,pkg41,50.0,True,60.0,37.774524,-122.473656,37.73451443817477,-122.47971553297319
,52.0,dn7,pkg39,52.0,True,57.0,37.718779,-122.462401,37.72300916928296,-122.48220536437724
,54.0,dn3,pkg35,54,False,46.0,37.774524,-122.473656,37.78883369934348,-122.44623928926862
,54.0,dn9,pkg42,54,True,61.0,37.718779,-122.462401,37.70904128440601,-122.4781490633266
,57.0,dn8,pkg43,57,True,67.0,37.718779,-122.462401,37.71883620744975,-122.46698157745406
,62.0,dn13,pkg44,62.0,True,71.0,37.739611,-122.492203,37.72392739158862,-122.46191174906338
,64.0,dn5,pkg37,64,False,45.0,37.751751,-122.410654,37.770179066060784,-122.402799022539
,65.0,dn1,pkg45,65.0,True,71.0,37.774524,-122.473656,37.76423761054017,-122.47178291435381
,69.0,dn2,pkg46,69,True,71.0,37.774524,-122.473656,37.74229171330567,-122.43863932084052
,70.0,dn10,pkg47,70,True,79.0,37.78929,-122.426797,37.773807380135366,-122.46554567023581
,72.0,dn4,pkg40,72,False,58.0,37.751751,-122.410654,37.729580901690824,-122.39437718652117
,74.0,dn6,pkg48,74,True,75.0,37.751751,-122.410654,37.72501462982348,-122.44491595241695
,78.0,dn7,pkg49,78,False,77.0,37.718779,-122.462401,37.71627942864071,-122.43442690316665
,81.0,dn1,pkg53,81.0,True,91.0,37.774524,-122.473656,37.756742747072664,-122.49589628360185
,84.0,dn3,pkg55,84.0,True,92.0,37.774524,-122.473656,37.73570228688745,-122.48788500505495
,91.0,dn10,pkg56,91,True,94.0,37.78929,-122.426797,37.78099379531993,-122.4026798484274
,93.0,dn8,pkg51,93,False,85.0,37.718779,-122.462401,37.73978185871258,-122.412688091241
,93.0,dn12,pkg54,93,False,89.0,37.78929,-122.426797,37.79181442842787,-122.4213912551788
,93.0,dn9,pkg57,93,True,97.0,37.718779,-122.462401,37.70878295412852,-122.45152065153587
,96.0,dn2,pkg58,96,True,99.0,37.774524,-122.473656,37.78727359185526,-122.44907365569667
,96.0,dn1,pkg60,96.0,True,102.0,37.774524,-122.473656,37.7417504619678,-122.44314649821186
,97.0,dn13,pkg61,97.0,True,106.0,37.739611,-122.492203,37.735566345378736,-122.5060548872131
,99.0,dn3,pkg59,99,True,104.0,37.774524,-122.473656,37.78376547329249,-122.44626431016171
,5.0,dn7,pkg18,5,True,12.0,37.718779,-122.462401,37.7204948671368,-122.47680476961995
,6.0,dn2,pkg3,6.0,True,12.0,37.774524,-122.473656,37.76304472909667,-122.49039008283603
,7.0,dn9,pkg13,7.0,True,14.0,37.718779,-122.462401,37.73402152986893,-122.44603272259833
,8.0,dn6,pkg21,8,True,12.0,37.751751,-122.410654,37.738158632459985,-122.43224312927364
,8.0,dn13,pkg17,8,True,15.0,37.739611,-122.492203,37.77601279844309,-122.50009018923127
,10.0,dn1,pkg15,10,True,11.0,37.774524,-122.473656,37.78870931844424,-122.491633224483
,11.0,dn15,pkg9,11,True,18.0,37.739611,-122.492203,37.7830752987856,-122.50303687153853
,12.0,dn8,pkg20,12,True,15.0,37.718779,-122.462401,37.71060914581134,-122.46316253387916
,14.0,dn4,pkg19,14,True,16.0,37.751751,-122.410654,37.753951552105526,-122.41163885875342
,15.0,dn10,pkg22,15,False,12.0,37.78929,-122.426797,37.77601310759479,-122.43940543922726
,15.0,dn11,pkg4,15,False,13.0,37.78929,-122.426797,37.779290549970206,-122.41143510710864
,16.0,dn3,pkg14,16,False,13.0,37.774524,-122.473656,37.78493442806065,-122.49363374086504
,17.0,dn14,pkg16,17,False,16.0,37.739611,-122.492203,37.78455833667493,-122.48602902226787
,18.0,dn5,pkg10,18,False,15.0,37.751751,-122.410654,37.763932388027435,-122.40654273819763
,18.0,dn7,pkg12,18,False,12.0,37.718779,-122.462401,37.712863011534274,-122.41717083373878
,19.0,dn12,pkg11,19,False,16.0,37.78929,-122.426797,37.789693000190155,-122.43003572151696
,20.0,dn13,pkg23,20,True,20.0,37.739611,-122.492203,37.723069948777734,-122.489476051913
,22.0,dn2,pkg1,22,False,15.0,37.774524,-122.473656,37.788236588206054,-122.49856891597837
,23.0,dn1,pkg24,23,False,21.0,37.774524,-122.473656,37.75772232705634,-122.48251866570088
,25.0,dn9,pkg6,25,False,14.0,37.718779,-122.462401,37.741932835578766,-122.4306040256718
,28.0,dn15,pkg30,28,True,28.0,37.739611,-122.492203,37.722158186589425,-122.46148282167236
,31.0,dn6,pkg8,31,False,20.0,37.751751,-122.410654,37.746777794893866,-122.43982940259143
,34.0,dn11,pkg37,34,True,42.0,37.78929,-122.426797,37.77194556802568,-122.47128545916154
,35.0,dn10,pkg36,35,True,35.0,37.78929,-122.426797,37.76508330598227,-122.4554168096989
,37.0,dn13,pkg31,37,False,31.0,37.739611,-122.492203,37.780135577956905,-122.48740107601478
,40.0,dn8,pkg27,40,False,26.0,37.718779,-122.462401,37.70785700100634,-122.41690631022739
,41.0,dn1,pkg34,41,False,30.0,37.774524,-122.473656,37.769589123693464,-122.44594382868104
,41.0,dn7,pkg33,41,False,31.0,37.718779,-122.462401,37.75084471020769,-122.4290198427473
,43.0,dn2,pkg38,43.0,True,50.0,37.774524,-122.473656,37.76152189986335,-122.49629871978158
,45.0,dn5,pkg40,45.0,True,53.0,37.751751,-122.410654,37.729249543819996,-122.45548725158748
,46.0,dn4,pkg32,46,False,36.0,37.751751,-122.410654,37.78133747721866,-122.4111436287604
,47.0,dn14,pkg35,47,False,38.0,37.739611,-122.492203,37.73376216176051,-122.44758752396845
,49.0,dn9,pkg43,49,True,54.0,37.718779,-122.462401,37.74512102142041,-122.46608806302416
,52.0,dn10,pkg44,52.0,True,60.0,37.78929,-122.426797,37.767012246742546,-122.44147989967932
,52.0,dn15,pkg46,52.0,True,61.0,37.739611,-122.492203,37.716368659653675,-122.45671188545013
,55.0,dn3,pkg39,55,False,45.0,37.774524,-122.473656,37.795675325171366,-122.45707791000208
,57.0,dn11,pkg41,57,False,53.0,37.78929,-122.426797,37.77038931705803,-122.41837931619412
,58.0,dn13,pkg48,58.0,True,65.0,37.739611,-122.492203,37.75153605324783,-122.47042110464095
,61.0,dn12,pkg45,61,True,64.0,37.78929,-122.426797,37.75358240470771,-122.41438929213793
,63.0,dn2,pkg47,63,False,62.0,37.774524,-122.473656,37.78946147645306,-122.47115045083987
,63.0,dn15,pkg52,63.0,True,70.0,37.739611,-122.492203,37.76244484626593,-122.50556580718565
,64.0,dn5,pkg49,64,True,65.0,37.751751,-122.410654,37.71903696289122,-122.3969305897623
,65.0,dn7,pkg51,65,True,70.0,37.718779,-122.462401,37.751189212558515,-122.43069737508394
,67.0,dn9,pkg54,67.0,True,77.0,37.718779,-122.462401,37.74066443918641,-122.48800218539299
,70.0,dn1,pkg50,70,False,65.0,37.774524,-122.473656,37.78796231803673,-122.50130843855752
,71.0,dn6,pkg42,71,False,54.0,37.751751,-122.410654,37.738833059603124,-122.40672097735096
,71.0,dn4,pkg55,71,True,78.0,37.751751,-122.410654,37.707575172315124,-122.41872740225911
,75.0,dn10,pkg56,75,True,80.0,37.78929,-122.426797,37.764981302165644,-122.44298815948892
,78.0,dn9,pkg59,78,True,81.0,37.718779,-122.462401,37.71690721199682,-122.49741263605077
,82.0,dn8,pkg53,82,False,72.0,37.718779,-122.462401,37.73042611974607,-122.41049400618436
,85.0,dn3,pkg57,85,False,82.0,37.774524,-122.473656,37.76928506428473,-122.43852823321978
,86.0,dn7,pkg60,86.0,True,95.0,37.718779,-122.462401,37.749148446175774,-122.46787636982862
,89.0,dn2,pkg61,89.0,True,99.0,37.774524,-122.473656,37.77485213788359,-122.44677846973549
,94.0,dn11,pkg58,94,False,82.0,37.78929,-122.426797,37.759495984823836,-122.40144547762911
,94.0,dn1,pkg62,94.0,True,100.0,37.774524,-122.473656,37.77505994604129,-122.49404694024307
,98.0,dn13,pkg63,98,True,100.0,37.739611,-122.492203,37.77834213311629,-122.49137742353874
,99.0,dn10,pkg64,99,True,105.0,37.78929,-122.426797,37.79675888076135,-122.43432130285001
,99.0,dn9,pkg66,99.0,True,107.0,37.718779,-122.462401,37.74609610659627,-122.4680336798954
,5.0,dn13,pkg12,5.0,True,13.0,37.739611,-122.492203,37.75978582803319,-122.48918322579377
,5.0,dn14,pkg21,5.0,True,14.0,37.739611,-122.492203,37.759383820766395,-122.47276030592333
,6.0,dn2,pkg4,6.0,True,11.0,37.774524,-122.473656,37.77865677793699,-122.48501225606427
,6.0,dn3,pkg3,6.0,True,11.0,37.774524,-122.473656,37.757357965532435,-122.4901295699971
,7.0,dn4,pkg10,7,True,14.0,37.751751,-122.410654,37.75232719524763,-122.39506801812168
,7.0,dn7,pkg7,7.0,True,12.0,37.718779,-122.462401,37.74509864419732,-122.47663716775583
,7.0,dn9,pkg14,7.0,True,16.0,37.718779,-122.462401,37.734112410272445,-122.46354588028352
,9.0,dn8,pkg19,9.0,True,18.0,37.718779,-122.462401,37.716451570330335,-122.45887700435831
,9.0,dn12,pkg1,9,True,13.0,37.78929,-122.426797,37.757770387222095,-122.46745768135578
,10.0,dn15,pkg16,10.0,True,15.0,37.739611,-122.492203,37.760842082052456,-122.4921881459781
,11.0,dn13,pkg15,11,True,19.0,37.739611,-122.492203,37.747180558564054,-122.48566960316636
,12.0,dn6,pkg17,12,True,15.0,37.751751,-122.410654,37.75819582319416,-122.43590181905853
,15.0,dn1,pkg11,15,False,11.0,37.774524,-122.473656,37.77906245209653,-122.47708915368018
,15.0,dn10,pkg5,15,True,16.0,37.78929,-122.426797,37.78415659278976,-122.42270487464504
,16.0,dn11,pkg8,16,False,13.0,37.78929,-122.426797,37.758291173403784,-122.4479213051386
,16.0,dn9,pkg18,16,True,18.0,37.718779,-122.462401,37.71505102612759,-122.48003194699517
,19.0,dn7,pkg24,19,False,17.0,37.718779,-122.462401,37.71098134015977,-122.46932918307473
,19.0,dn8,pkg13,19,False,18.0,37.718779,-122.462401,37.73613306762224,-122.44455751016454
,20.0,dn3,pkg2,20,False,18.0,37.774524,-122.473656,37.7686648374816,-122.45502590429429
,20.0,dn13,pkg6,20,False,18.0,37.739611,-122.492203,37.760291154611636,-122.4784559296684
,21.0,dn14,pkg23,21,False,14.0,37.739611,-122.492203,37.70789254305697,-122.47640003535135
,21.0,dn2,pkg20,21,False,16.0,37.774524,-122.473656,37.76550410171958,-122.46525513456606
,27.0,dn5,pkg22,27,False,14.0,37.751751,-122.410654,37.75578645547674,-122.39895329690697
,29.0,dn15,pkg26,29,False,19.0,37.739611,-122.492203,37.71088346269476,-122.48867389749157
,31.0,dn4,pkg9,31,False,15.0,37.751751,-122.410654,37.73078576695093,-122.39674654747179
,31.0,dn9,pkg33,31,False,29.0,37.718779,-122.462401,37.75516594455214,-122.44471115571622
,31.0,dn8,pkg38,31,True,40.0,37.718779,-122.462401,37.71906204123378,-122.44352337974158
,32.0,dn6,pkg31,32,False,28.0,37.751751,-122.410654,37.76402845629004,-122.43902621907651
,32.0,dn7,pkg37,32,True,37.0,37.718779,-122.462401,37.71531910127569,-122.50085113554637
,33.0,dn13,pkg34,33,False,29.0,37.739611,-122.492203,37.77233700986337,-122.50509013883924
,34.0,dn12,pkg29,34,False,25.0,37.78929,-122.426797,37.7910170848294,-122.42841653059746
,35.0,dn14,pkg40,35,True,39.0,37.739611,-122.492203,37.73479002339364,-122.48597455036513
,37.0,dn3,pkg35,37,False,34.0,37.774524,-122.473656,37.788468587443134,-122.4681124194302
,40.0,dn1,pkg32,40,False,31.0,37.774524,-122.473656,37.78148240098082,-122.43688640636282
,40.0,dn8,pkg44,40,True,47.0,37.718779,-122.462401,37.753167284376254,-122.4559813259692
,42.0,dn10,pkg39,42,False,41.0,37.78929,-122.426797,37.78997925662968,-122.41231131906905
,42.0,dn2,pkg41,42,False,41.0,37.774524,-122.473656,37.75882660123523,-122.45141423033088
,43.0,dn14,pkg46,43.0,True,50.0,37.739611,-122.492203,37.727484237153476,-122.49800998712178
,44.0,dn11,pkg43,44,True,45.0,37.78929,-122.426797,37.76131114855792,-122.41415579727342
,47.0,dn9,pkg48,47.0,True,52.0,37.718779,-122.462401,37.744756527446214,-122.50395667033717
,50.0,dn6,pkg49,50,True,53.0,37.751751,-122.410654,37.75180201047858,-122.42237043786845
,50.0,dn8,pkg51,50,True,58.0,37.718779,-122.462401,37.7355763257696,-122.45793692619905
,54.0,dn4,pkg50,54,True,58.0,37.751751,-122.410654,37.760374261700456,-122.4190604949149
,55.0,dn7,pkg42,55,False,40.0,37.718779,-122.462401,37.72991248333757,-122.41634932157983
,59.0,dn12,pkg52,59,False,58.0,37.78929,-122.426797,37.74877124928695,-122.4294564639156
,60.0,dn13,pkg54,60,True,65.0,37.739611,-122.492203,37.70822987639405,-122.48636560514612
,61.0,dn3,pkg47,61,False,54.0,37.774524,-122.473656,37.78874988717252,-122.44294753887914
,61.0,dn9,pkg55,61.0,True,66.0,37.718779,-122.462401,37.76088321893303,-122.48153280372708
,62.0,dn1,pkg53,62,False,59.0,37.774524,-122.473656,37.770137397733926,-122.44672426174975
,63.0,dn14,pkg57,63,True,66.0,37.739611,-122.492203,37.7543055561149,-122.46150346364784
,63.0,dn8,pkg60,63.0,True,73.0,37.718779,-122.462401,37.73637518774046,-122.50081614681842
,64.0,dn5,pkg58,64.0,True,74.0,37.751751,-122.410654,37.74726369833457,-122.46682484372353
,67.0,dn15,pkg61,67.0,True,75.0,37.739611,-122.492203,37.74903068421331,-122.49715366494897
,71.0,dn2,pkg56,71,False,69.0,37.774524,-122.473656,37.78680776705008,-122.45520540030803
,72.0,dn15,pkg62,72,True,74.0,37.739611,-122.492203,37.755697416752845,-122.49815512698021
,74.0,dn10,pkg59,74,False,65.0,37.78929,-122.426797,37.784982255485815,-122.44487210679083
,78.0,dn8,pkg64,78,True,84.0,37.718779,-122.462401,37.71216744061987,-122.44464085560635
,79.0,dn4,pkg65,79,True,85.0,37.751751,-122.410654,37.775418704003116,-122.42507129740235
,81.0,dn11,pkg66,81.0,True,90.0,37.78929,-122.426797,37.76753157710646,-122.4706326489959
,88.0,dn3,pkg69,88,True,94.0,37.774524,-122.473656,37.7806035338169,-122.4956639384372
,89.0,dn1,pkg63,89,False,84.0,37.774524,-122.473656,37.78886429720488,-122.49578124267438
,90.0,dn7,pkg70,90,True,96.0,37.718779,-122.462401,37.72304177269895,-122.47747097301975
,94.0,dn9,pkg71,94,True,104.0,37.718779,-122.462401,37.74478032922864,-122.45256683498106
,97.0,dn11,pkg72,97,True,101.0,37.78929,-122.426797,37.75583103557449,-122.42854829308145
,5.0,dn1,pkg3,5,True,10.0,37.774524,-122.473656,37.75634491017144,-122.49530109724924
,6.0,dn13,pkg2,6.0,True,14.0,37.739611,-122.492203,37.75159792453067,-122.48782593120401
,7.0,dn5,pkg14,7.0,True,16.0,37.751751,-122.410654,37.76516418829947,-122.43702060936769
,7.0,dn7,pkg1,7,True,13.0,37.718779,-122.462401,37.71883474768282,-122.47667433043051
,8.0,dn9,pkg6,8,True,15.0,37.718779,-122.462401,37.728883975962006,-122.46872152042867
,8.0,dn14,pkg17,8.0,True,13.0,37.739611,-122.492203,37.726058927910294,-122.49149292048003
,8.0,dn15,pkg15,8.0,True,18.0,37.739611,-122.492203,37.73120328857498,-122.4915592572374
,9.0,dn2,pkg16,9,True,12.0,37.774524,-122.473656,37.7865888419834,-122.46603364002317
,9.0,dn12,pkg21,9,True,18.0,37.78929,-122.426797,37.770347202795556,-122.46381173542585
,15.0,dn3,pkg20,15,False,14.0,37.774524,-122.473656,37.78085359475367,-122.47323848363854
,15.0,dn8,pkg13,15,False,13.0,37.718779,-122.462401,37.71110171834601,-122.44657667107829
,15.0,dn10,pkg11,15,False,14.0,37.78929,-122.426797,37.79568558428268,-122.42057481139739
,15.0,dn14,pkg26,15,True,21.0,37.739611,-122.492203,37.72885409191227,-122.48527331779563
,17.0,dn11,pkg10,17,False,13.0,37.78929,-122.426797,37.79578064105359,-122.45100542875915
,17.0,dn13,pkg18,17,False,12.0,37.739611,-122.492203,37.77490339194378,-122.496808240125
,19.0,dn6,pkg22,19,False,18.0,37.751751,-122.410654,37.74777100576704,-122.43649269922776
,21.0,dn4,pkg7,21,False,12.0,37.751751,-122.410654,37.77076813511209,-122.39660962847127
,22.0,dn1,pkg19,22,False,15.0,37.774524,-122.473656,37.77797355154911,-122.49211914338423
,22.0,dn15,pkg23,22,False,16.0,37.739611,-122.492203,37.765898056295235,-122.48059844523655
,23.0,dn5,pkg25,23,False,20.0,37.751751,-122.410654,37.74211792519016,-122.40349239671916
,25.0,dn7,pkg12,25,False,17.0,37.718779,-122.462401,37.71004005933719,-122.46907518165958
,25.0,dn2,pkg9,25,False,19.0,37.774524,-122.473656,37.7713672990708,-122.4699698308855
,26.0,dn14,pkg4,26,False,19.0,37.739611,-122.492203,37.76036536600118,-122.47629352870003
,28.0,dn13,pkg29,28,True,31.0,37.739611,-122.492203,37.731658695726765,-122.48901663009272
,32.0,dn8,pkg30,32,True,36.0,37.718779,-122.462401,37.74482930970393,-122.4862584902689
,34.0,dn9,pkg24,34,False,20.0,37.718779,-122.462401,37.723030295278534,-122.42183515958111
,37.0,dn13,pkg31,37,False,31.0,37.739611,-122.492203,37.764065576785626,-122.50487220223701
,38.0,dn12,pkg27,38,False,29.0,37.78929,-122.426797,37.78015610869767,-122.45427797018486
,38.0,dn3,pkg28,38,False,31.0,37.774524,-122.473656,37.76230424585982,-122.4711910091099
,39.0,dn10,pkg34,39,False,35.0,37.78929,-122.426797,37.77597418154203,-122.41763339958806
,39.0,dn15,pkg36,39,True,41.0,37.739611,-122.492203,37.77088746959952,-122.48526132963191
,42.0,dn5,pkg32,42,False,38.0,37.751751,-122.410654,37.78801354955495,-122.44402332256311
,47.0,dn2,pkg33,47,False,34.0,37.774524,-122.473656,37.78452570992985,-122.45934696147802
,48.0,dn7,pkg42,48.0,True,57.0,37.718779,-122.462401,37.733536844806956,-122.45222592829384
,50.0,dn1,pkg35,50,False,42.0,37.774524,-122.473656,37.78010973161476,-122.4746245013635
,50.0,dn8,pkg40,50,False,48.0,37.718779,-122.462401,37.7307469901044,-122.42616602379975
,50.0,dn15,pkg45,50.0,True,59.0,37.739611,-122.492203,37.72935028569788,-122.50565118681415
,53.0,dn14,pkg43,53,False,51.0,37.739611,-122.492203,37.77720678481258,-122.5023995946982
,53.0,dn13,pkg44,53,True,56.0,37.739611,-122.492203,37.76585094060085,-122.48374408601335
,54.0,dn11,pkg39,54,False,45.0,37.78929,-122.426797,37.78012475816458,-122.41722008393224
,55.0,dn3,pkg46,55,True,65.0,37.774524,-122.473656,37.766423950724295,-122.49744501109382
,59.0,dn9,pkg49,59.0,True,68.0,37.718779,-122.462401,37.75439398051585,-122.4919227197121
,60.0,dn6,pkg37,60,False,45.0,37.751751,-122.410654,37.717583947332976,-122.40436584877529
,61.0,dn4,pkg38,61,False,45.0,37.751751,-122.410654,37.7157228959193,-122.39723628664518
,61.0,dn15,pkg47,61,False,59.0,37.739611,-122.492203,37.76106365241633,-122.49919131859247
,68.0,dn10,pkg41,68,False,52.0,37.78929,-122.426797,37.77078855706378,-122.41405918026022
,70.0,dn5,pkg48,70,False,67.0,37.751751,-122.410654,37.73623600008587,-122.4228722224041
,73.0,dn12,pkg51,73,False,66.0,37.78929,-122.426797,37.79107774854584,-122.42237431811914
,76.0,dn2,pkg52,76,True,77.0,37.774524,-122.473656,37.764630603688886,-122.43919949044293
,76.0,dn7,pkg56,76.0,True,81.0,37.718779,-122.462401,37.716859893646614,-122.47142779865986
,77.0,dn3,pkg55,77,False,76.0,37.774524,-122.473656,37.76360814419714,-122.44457662619847
,84.0,dn9,pkg60,84.0,True,90.0,37.718779,-122.462401,37.74702893526578,-122.48179425367123
,85.0,dn11,pkg53,85,False,77.0,37.78929,-122.426797,37.75676019167863,-122.40173029719317
,87.0,dn8,pkg59,87,True,88.0,37.718779,-122.462401,37.757786268517826,-122.45466223896855
,90.0,dn4,pkg61,90,True,90.0,37.751751,-122.410654,37.759995187605774,-122.4096251534337
,92.0,dn1,pkg57,92,False,86.0,37.774524,-122.473656,37.79303936915909,-122.47339526674382
,94.0,dn7,pkg63,94,True,102.0,37.718779,-122.462401,37.72635521359914,-122.41974040614946
,98.0,dn6,pkg62,98,False,94.0,37.751751,-122.410654,37.75303633535918,-122.39613038595049
,99.0,dn9,pkg64,99,True,99.0,37.718779,-122.462401,37.718821742804245,-122.43157421657085
,5.0,dn8,pkg11,5.0,True,11.0,37.718779,-122.462401,37.74077097215236,-122.48286532213852
,6.0,dn7,pkg17,6,True,11.0,37.718779,-122.462401,37.73781505724836,-122.47488119490797
,7.0,dn3,pkg10,7.0,True,12.0,37.774524,-122.473656,37.790914777952004,-122.50296206292889
,8.0,dn13,pkg16,8.0,True,14.0,37.739611,-122.492203,37.73277459621879,-122.49515090035007
,8.0,dn14,pkg18,8.0,True,13.0,37.739611,-122.492203,37.7537883070574,-122.46576577584385
,8.0,dn15,pkg5,8.0,True,17.0,37.739611,-122.492203,37.726763531158625,-122.50113607084336
,11.0,dn2,pkg13,11,True,13.0,37.774524,-122.473656,37.767928480012266,-122.49190089309933
,12.0,dn13,pkg15,12,True,19.0,37.739611,-122.492203,37.73459969607683,-122.49147922202206
,13.0,dn8,pkg21,13,True,16.0,37.718779,-122.462401,37.7173767833633,-122.45123963080681
,13.0,dn14,pkg20,13,True,18.0,37.739611,-122.492203,37.735174697452294,-122.48244425538779
,14.0,dn9,pkg19,14,False,13.0,37.718779,-122.462401,37.70764222108874,-122.44034011908883
,15.0,dn13,pkg26,15,True,18.0,37.739611,-122.492203,37.74083375239922,-122.50514818210256
,17.0,dn1,pkg12,17,False,12.0,37.774524,-122.473656,37.7917068950153,-122.4615845265318
,17.0,dn5,pkg4,17,False,13.0,37.751751,-122.410654,37.74185896702606,-122.41988860975881
,17.0,dn6,pkg7,17,False,14.0,37.751751,-122.410654,37.7629486763229,-122.40818537861195
,17.0,dn12,pkg14,17,False,15.0,37.78929,-122.426797,37.76831618622866,-122.42064927687505
,19.0,dn11,pkg6,19,False,13.0,37.78929,-122.426797,37.77104470886261,-122.42821766377635
,20.0,dn10,pkg1,20,False,14.0,37.78929,-122.426797,37.790910517596,-122.42981692254467
,22.0,dn3,pkg8,22,False,18.0,37.774524,-122.473656,37.78767710648538,-122.50358012418985
,24.0,dn14,pkg25,24,False,21.0,37.739611,-122.492203,37.744617628458926,-122.4582091800611
,25.0,dn4,pkg2,25,False,13.0,37.751751,-122.410654,37.75448252423307,-122.40136969141645
,26.0,dn15,pkg22,26,False,18.0,37.739611,-122.492203,37.74640831483539,-122.44903909726898
,26.0,dn13,pkg30,26,True,27.0,37.739611,-122.492203,37.76841569259377,-122.47929473044873
,30.0,dn7,pkg9,30,False,14.0,37.718779,-122.462401,37.71480180906281,-122.42866768712716
,34.0,dn8,pkg27,34,False,22.0,37.718779,-122.462401,37.730080319802454,-122.42263473368305
,38.0,dn9,pkg34,38,False,31.0,37.718779,-122.462401,37.7426016926583,-122.46083150330892
,38.0,dn3,pkg39,38,False,37.0,37.774524,-122.473656,37.77667404044939,-122.45507404656209
,39.0,dn2,pkg31,39,False,27.0,37.774524,-122.473656,37.76794234673983,-122.45429719337314
,41.0,dn14,pkg41,41,False,39.0,37.739611,-122.492203,37.72988148058811,-122.46727861693994
,44.0,dn13,pkg45,44,True,49.0,37.739611,-122.492203,37.745869225459515,-122.44852160970505
,46.0,dn12,pkg40,46,False,43.0,37.78929,-122.426797,37.79632481752629,-122.44523768432462
,47.0,dn15,pkg46,47,True,55.0,37.739611,-122.492203,37.75554384213327,-122.45543764813087
,49.0,dn3,pkg48,49,True,56.0,37.774524,-122.473656,37.736574722586035,-122.46888999039133
,50.0,dn1,pkg36,50,False,37.0,37.774524,-122.473656,37.79631770558588,-122.45886438488114
,50.0,dn10,pkg44,50,False,45.0,37.78929,-122.426797,37.77484654885399,-122.44604030378275
,52.0,dn6,pkg38,52,False,40.0,37.751751,-122.410654,37.73746533393182,-122.42078826113126
,55.0,dn9,pkg49,55,True,61.0,37.718779,-122.462401,37.71282815747202,-122.48317451410253
,56.0,dn5,pkg37,56,False,37.0,37.751751,-122.410654,37.769624332896065,-122.40974361477164
,56.0,dn14,pkg51,56.0,True,62.0,37.739611,-122.492203,37.736811178970655,-122.48182012096501
,57.0,dn13,pkg52,57,True,61.0,37.739611,-122.492203,37.744393553061954,-122.47319236534274
,58.0,dn8,pkg50,58,False,57.0,37.718779,-122.462401,37.73155914239813,-122.45858086341644
,60.0,dn3,pkg53,60,True,68.0,37.774524,-122.473656,37.77373540888955,-122.47610981172741
,63.0,dn11,pkg42,63,False,42.0,37.78929,-122.426797,37.785892039012985,-122.39486331194547
,64.0,dn15,pkg55,64,True,73.0,37.739611,-122.492203,37.71652678673256,-122.48216550908343
,65.0,dn7,pkg47,65,False,54.0,37.718779,-122.462401,37.70876089039883,-122.43687356618283
,69.0,dn2,pkg56,69,True,73.0,37.774524,-122.473656,37.79429606026242,-122.48189909605506
,70.0,dn4,pkg54,70,False,65.0,37.751751,-122.410654,37.78534158016257,-122.44861852235805
,73.0,dn3,pkg57,73,True,80.0,37.774524,-122.473656,37.735578143860685,-122.46570045485298
,78.0,dn9,pkg58,78,True,82.0,37.718779,-122.462401,37.71749958516051,-122.45019647426629
,81.0,dn8,pkg60,81.0,True,91.0,37.718779,-122.462401,37.73632383302756,-122.43503842416158
,81.0,dn10,pkg62,81.0,True,90.0,37.78929,-122.426797,37.78689732308457,-122.480720885589
,85.0,dn1,pkg61,85,True,86.0,37.774524,-122.473656,37.79286528554896,-122.42729904836915
,88.0,dn6,pkg59,88,False,81.0,37.751751,-122.410654,37.73747525823451,-122.40063545834624
,88.0,dn13,pkg64,88.0,True,97.0,37.739611,-122.492203,37.74424574791293,-122.47843601292357
,92.0,dn3,pkg66,92.0,True,101.0,37.774524,-122.473656,37.74449188691892,-122.49365370298122
,96.0,dn5,pkg63,96,False,91.0,37.751751,-122.410654,37.71058451529565,-122.40183250310837
,96.0,dn2,pkg65,96,False,91.0,37.774524,-122.473656,37.73906051097824,-122.44321783997506
,96.0,dn8,pkg69,96.0,True,105.0,37.718779,-122.462401,37.710762774789984,-122.50544864898049
,98.0,dn4,pkg70,98.0,True,105.0,37.751751,-122.410654,37.761211853955956,-122.45357264280157
,100.0,dn9,pkg72,100.0,True,110.0,37.718779,-122.462401,37.74841421833341,-122.49603501780294
,5.0,dn8,pkg11,5.0,True,12.0,37.718779,-122.462401,37.73172265057461,-122.4941778729899
,6.0,dn6,pkg9,6,True,14.0,37.751751,-122.410654,37.780962699178666,-122.44333958053436
,6.0,dn14,pkg19,6.0,True,15.0,37.739611,-122.492203,37.734716024551375,-122.50111990113452
,7.0,dn9,pkg13,7.0,True,12.0,37.718779,-122.462401,37.74316716271132,-122.4967906684229
,7.0,dn15,pkg2,7.0,True,17.0,37.739611,-122.492203,37.74447872426809,-122.4880644361332
,8.0,dn1,pkg14,8.0,True,13.0,37.774524,-122.473656,37.7779543244484,-122.47236495636659
,9.0,dn2,pkg16,9,True,12.0,37.774524,-122.473656,37.77491547960306,-122.48584282264227
,9.0,dn5,pkg21,9,True,14.0,37.751751,-122.410654,37.7433864160115,-122.42928733825497
,10.0,dn13,pkg4,10.0,True,17.0,37.739611,-122.492203,37.73597206787488,-122.49435555153983
,11.0,dn11,pkg17,11,True,18.0,37.78929,-122.426797,37.7846320169988,-122.43390612236792
,11.0,dn14,pkg7,11,True,17.0,37.739611,-122.492203,37.74792608853952,-122.46410901936451
,13.0,dn12,pkg22,13,True,15.0,37.78929,-122.426797,37.76060079582989,-122.45383166945051
,14.0,dn15,pkg3,14,True,20.0,37.739611,-122.492203,37.733980846088734,-122.46865324259859
,15.0,dn7,pkg10,15,False,12.0,37.718779,-122.462401,37.707075912367685,-122.44621952331535
,15.0,dn8,pkg26,15,True,16.0,37.718779,-122.462401,37.71490890621094,-122.4411701855557
,18.0,dn4,pkg12,18,False,15.0,37.751751,-122.410654,37.7495989939438,-122.42301875433944
,18.0,dn9,pkg1,18,False,17.0,37.718779,-122.462401,37.74416328755477,-122.45062344841531
,19.0,dn13,pkg27,19.0,True,27.0,37.739611,-122.492203,37.77209563729832,-122.49294106305427
,20.0,dn3,pkg18,20,False,12.0,37.774524,-122.473656,37.76642313007666,-122.44094009003503
,22.0,dn10,pkg15,22,False,18.0,37.78929,-122.426797,37.78160456109947,-122.42624163818789
,25.0,dn6,pkg24,25,False,15.0,37.751751,-122.410654,37.76127302218508,-122.41293974101721
,25.0,dn14,pkg32,25.0,True,32.0,37.739611,-122.492203,37.73110259858934,-122.47447861163937
,30.0,dn1,pkg8,30,False,17.0,37.774524,-122.473656,37.79033352425074,-122.47186649507685
,30.0,dn15,pkg33,30,True,34.0,37.739611,-122.492203,37.773021421525755,-122.4656402663228
,33.0,dn2,pkg31,33,False,29.0,37.774524,-122.473656,37.757002986913015,-122.42165137487213
,34.0,dn13,pkg34,34,True,36.0,37.739611,-122.492203,37.71446667914959,-122.48626214010275
,34.0,dn9,pkg36,34,True,43.0,37.718779,-122.462401,37.760074373609406,-122.44755567694145
,35.0,dn8,pkg29,35,False,29.0,37.718779,-122.462401,37.718742444861775,-122.43041956713427
,40.0,dn5,pkg25,40,False,22.0,37.751751,-122.410654,37.70766121384929,-122.41503389728089
,40.0,dn7,pkg38,40.0,True,47.0,37.718779,-122.462401,37.72607967162403,-122.45668914598748
,44.0,dn12,pkg37,44,False,43.0,37.78929,-122.426797,37.79389589530779,-122.43517106846197
,45.0,dn9,pkg41,45,True,52.0,37.718779,-122.462401,37.71913538930276,-122.46230455874854
,46.0,dn11,pkg30,46,False,29.0,37.78929,-122.426797,37.793006760752384,-122.39866310589244
,49.0,dn3,pkg40,49,True,51.0,37.774524,-122.473656,37.794044364531345,-122.49399967464171
,50.0,dn13,pkg44,50,True,59.0,37.739611,-122.492203,37.73455513751255,-122.47069896917421
,53.0,dn7,pkg45,53,True,60.0,37.718779,-122.462401,37.72658166760002,-122.46817814907835
,54.0,dn14,pkg43,54,False,53.0,37.739611,-122.492203,37.76597669041402,-122.44779686326707
,55.0,dn10,pkg39,55,False,49.0,37.78929,-122.426797,37.79592460862934,-122.43416699652147
,59.0,dn1,pkg46,59,False,58.0,37.774524,-122.473656,37.75343330228878,-122.43485678037179
,61.0,dn2,pkg50,61.0,True,69.0,37.774524,-122.473656,37.74488334152068,-122.48772275897828
,62.0,dn6,pkg42,62,False,56.0,37.751751,-122.410654,37.75330328030213,-122.41689278976371
,64.0,dn4,pkg35,64,False,39.0,37.751751,-122.410654,37.72746227920165,-122.39733851537116
,69.0,dn3,pkg52,69,True,75.0,37.774524,-122.473656,37.78073717766078,-122.42926203034719
,69.0,dn13,pkg55,69.0,True,78.0,37.739611,-122.492203,37.744210040684045,-122.49988827546684
,70.0,dn8,pkg48,70,False,63.0,37.718779,-122.462401,37.713005778350855,-122.41342521777887
,70.0,dn5,pkg47,70,False,65.0,37.751751,-122.410654,37.74640787661881,-122.39954892730677
,73.0,dn2,pkg54,73.0,True,78.0,37.774524,-122.473656,37.782869914709316,-122.49433561064045
,73.0,dn15,pkg56,73.0,True,78.0,37.739611,-122.492203,37.75419647140047,-122.49992182013484
,76.0,dn9,pkg51,76,False,75.0,37.718779,-122.462401,37.72940680277466,-122.41990543562511
,76.0,dn12,pkg49,76,False,66.0,37.78929,-122.426797,37.78841942824734,-122.39947028906566
,82.0,dn10,pkg59,82,True,90.0,37.78929,-122.426797,37.78668056945719,-122.46659050470389
,83.0,dn11,pkg60,83,True,87.0,37.78929,-122.426797,37.768612736333935,-122.46114938919744
,83.0,dn14,pkg62,83.0,True,88.0,37.739611,-122.492203,37.70880785687839,-122.46066953225201
,84.0,dn7,pkg53,84,False,79.0,37.718779,-122.462401,37.714658461581244,-122.42793196023115
,84.0,dn1,pkg58,84,True,89.0,37.774524,-122.473656,37.78381111457332,-122.44557968980574
,84.0,dn13,pkg61,84.0,True,92.0,37.739611,-122.492203,37.71997620809414,-122.46556291225615
,88.0,dn3,pkg63,88,True,94.0,37.774524,-122.473656,37.79217911708975,-122.49436805263902
,91.0,dn2,pkg64,91.0,True,96.0,37.774524,-122.473656,37.73366081928238,-122.46651225702803
,95.0,dn14,pkg67,95.0,True,103.0,37.739611,-122.492203,37.725512204426586,-122.4825783652127
,99.0,dn5,pkg57,99,False,89.0,37.751751,-122.410654,37.716766816472834,-122.43464162698982
,99.0,dn8,pkg70,99.0,True,105.0,37.718779,-122.462401,37.74406793207379,-122.47572009006377
,7.0,dn1,pkg5,7,True,10.0,37.774524,-122.473656,37.773415965461446,-122.48711949678125
,7.0,dn7,pkg2,7.0,True,13.0,37.718779,-122.462401,37.70837170295793,-122.42760787308818
,7.0,dn15,pkg15,7,True,17.0,37.739611,-122.492203,37.71616010130564,-122.47975278144278
,8.0,dn2,pkg13,8,True,14.0,37.774524,-122.473656,37.76523847124412,-122.4588141614867
,8.0,dn3,pkg6,8.0,True,15.0,37.774524,-122.473656,37.75972857209779,-122.46669028897065
,10.0,dn9,pkg20,10.0,True,15.0,37.718779,-122.462401,37.7250193700521,-122.43947608080886
,10.0,dn13,pkg19,10.0,True,16.0,37.739611,-122.492203,37.75518871704336,-122.50556917911966
,11.0,dn14,pkg8,11,True,13.0,37.739611,-122.492203,37.75015162693233,-122.44973876672755
,14.0,dn11,pkg14,14,True,16.0,37.78929,-122.426797,37.78252263070995,-122.43849067253475
,15.0,dn6,pkg10,15,False,11.0,37.751751,-122.410654,37.78783591164922,-122.40739790079232
,15.0,dn8,pkg12,15,False,14.0,37.718779,-122.462401,37.70887479513139,-122.43543491055419
,15.0,dn15,pkg24,15,True,16.0,37.739611,-122.492203,37.747509645885984,-122.49518743764263
,17.0,dn7,pkg3,17,True,20.0,37.718779,-122.462401,37.71540478490843,-122.45900677979972
,18.0,dn15,pkg25,18,True,20.0,37.739611,-122.492203,37.73550071162721,-122.49832309960456
,20.0,dn5,pkg16,20,False,15.0,37.751751,-122.410654,37.76703063982003,-122.41506136519621
,20.0,dn12,pkg9,20,False,15.0,37.78929,-122.426797,37.77804073022508,-122.40594050287923
,23.0,dn10,pkg11,23,False,15.0,37.78929,-122.426797,37.791587119548346,-122.4222199540707
,25.0,dn9,pkg22,25,False,16.0,37.718779,-122.462401,37.73753453036265,-122.44548206859511
,26.0,dn4,pkg17,26,False,12.0,37.751751,-122.410654,37.76948707691128,-122.420402140098
,27.0,dn3,pkg7,27,False,17.0,37.774524,-122.473656,37.781461429497725,-122.44541556719552
,27.0,dn2,pkg18,27,False,18.0,37.774524,-122.473656,37.79174027795429,-122.47387655504065
,29.0,dn1,pkg4,29,False,16.0,37.774524,-122.473656,37.79129619387676,-122.45593865500483
,29.0,dn14,pkg33,29,True,38.0,37.739611,-122.492203,37.75258860472589,-122.4810601308083
,30.0,dn13,pkg30,30,True,36.0,37.739611,-122.492203,37.77581287422277,-122.47208888759133
,35.0,dn15,pkg37,35.0,True,43.0,37.739611,-122.492203,37.74412918454717,-122.47761141809907
,36.0,dn7,pkg26,36,False,26.0,37.718779,-122.462401,37.7455706390387,-122.43193050651165
,40.0,dn8,pkg35,40,True,44.0,37.718779,-122.462401,37.745968867942274,-122.42419425344383
,42.0,dn14,pkg39,42.0,True,51.0,37.739611,-122.492203,37.740053524857316,-122.48897285472023
,45.0,dn15,pkg40,45.0,True,53.0,37.739611,-122.492203,37.71290785976901,-122.48493556226937
,48.0,dn6,pkg31,48,False,35.0,37.751751,-122.410654,37.74378469190534,-122.41443518116614
,51.0,dn9,pkg38,51,False,45.0,37.718779,-122.462401,37.73844267559711,-122.4252036656399
,53.0,dn3,pkg36,53,False,42.0,37.774524,-122.473656,37.7909423061091,-122.42953590651459
,54.0,dn11,pkg28,54,False,29.0,37.78929,-122.426797,37.7492180551549,-122.4130251382824
,54.0,dn13,pkg43,54,False,50.0,37.739611,-122.492203,37.71233109799092,-122.45221815266197
,55.0,dn5,pkg41,55,False,52.0,37.751751,-122.410654,37.712606971824655,-122.41768614460015
,56.0,dn12,pkg42,56,False,48.0,37.78929,-122.426797,37.788552525892804,-122.45429410158005
,56.0,dn14,pkg44,56,False,55.0,37.739611,-122.492203,37.761043774098354,-122.44346720916633
,58.0,dn15,pkg47,58,True,58.0,37.739611,-122.492203,37.72909712111993,-122.44286549794272
,59.0,dn1,pkg49,59.0,True,66.0,37.774524,-122.473656,37.732649531189665,-122.48364198510447
,61.0,dn2,pkg34,61,False,39.0,37.774524,-122.473656,37.79334980205399,-122.4541524365275
,65.0,dn8,pkg46,65,False,60.0,37.718779,-122.462401,37.72698801062124,-122.41745637071845
,66.0,dn1,pkg50,66,True,73.0,37.774524,-122.473656,37.74242164643765,-122.47572720543269
,69.0,dn10,pkg48,69,False,60.0,37.78929,-122.426797,37.760660958096516,-122.41819228376629
,72.0,dn13,pkg51,72,True,74.0,37.739611,-122.492203,37.739594366796496,-122.47051554805051
,72.0,dn3,pkg54,72.0,True,80.0,37.774524,-122.473656,37.74833809261557,-122.47604312173372
,74.0,dn7,pkg45,74,False,54.0,37.718779,-122.462401,37.73899914814164,-122.41190755813825
,79.0,dn4,pkg52,79,False,75.0,37.751751,-122.410654,37.70939241479542,-122.40274089464978
,80.0,dn9,pkg55,80,True,82.0,37.718779,-122.462401,37.71629649873224,-122.41652879637995
,83.0,dn14,pkg57,83,True,86.0,37.739611,-122.492203,37.70908114569325,-122.50168004408602
,84.0,dn6,pkg53,84,False,80.0,37.751751,-122.410654,37.775072564962805,-122.43146028358184
,84.0,dn5,pkg56,84,False,83.0,37.751751,-122.410654,37.76834283689691,-122.3976977531003
,85.0,dn1,pkg58,85.0,True,93.0,37.774524,-122.473656,37.74273327450102,-122.46480595067287
,90.0,dn12,pkg60,90,True,96.0,37.78929,-122.426797,37.749722258591234,-122.4103712755804
,90.0,dn13,pkg62,90.0,True,98.0,37.739611,-122.492203,37.727924016421554,-122.4594561601614
,91.0,dn8,pkg61,91.0,True,98.0,37.718779,-122.462401,37.72346376687177,-122.49329462343147
,94.0,dn3,pkg59,94,False,90.0,37.774524,-122.473656,37.77990803436402,-122.44208080594314
,99.0,dn15,pkg64,99.0,True,105.0,37.739611,-122.492203,37.72721645826688,-122.48656866422496
,100.0,dn9,pkg65,100,True,102.0,37.718779,-122.462401,37.716535185152935,-122.47989635278859
,6.0,dn7,pkg2,6.0,True,12.0,37.718779,-122.462401,37.725425182157615,-122.50340533392742
,7.0,dn13,pkg4,7.0,True,15.0,37.739611,-122.492203,37.737911261952796,-122.48501277503429
,8.0,dn8,pkg7,8.0,True,13.0,37.718779,-122.462401,37.72531957296356,-122.50294617787517
,8.0,dn10,pkg22,8,True,13.0,37.78929,-122.426797,37.79015438329081,-122.41988657636647
,9.0,dn14,pkg21,9.0,True,16.0,37.739611,-122.492203,37.746581902230616,-122.50164842800982
,10.0,dn1,pkg3,10,True,12.0,37.774524,-122.473656,37.77145316592713,-122.4900031585888
,10.0,dn3,pkg5,10,True,16.0,37.774524,-122.473656,37.757958094846245,-122.46233156277258
,10.0,dn4,pkg9,10,True,11.0,37.751751,-122.410654,37.75936545108595,-122.40854910436897
,10.0,dn9,pkg20,10.0,True,18.0,37.718779,-122.462401,37.70905145709163,-122.46351406626712
,10.0,dn15,pkg13,10.0,True,19.0,37.739611,-122.492203,37.727810817997245,-122.49465691293581
,14.0,dn13,pkg19,14,True,14.0,37.739611,-122.492203,37.74770365911276,-122.45127830354542
,15.0,dn2,pkg1,15,False,14.0,37.774524,-122.473656,37.75528564349093,-122.4487830566082
,15.0,dn12,pkg8,15,True,17.0,37.78929,-122.426797,37.75979260978287,-122.43833187705647
,16.0,dn6,pkg17,16,False,11.0,37.751751,-122.410654,37.773196740096886,-122.39813231275934
,16.0,dn7,pkg12,16,False,15.0,37.718779,-122.462401,37.75021936749915,-122.45476248322962
,20.0,dn8,pkg6,20,False,13.0,37.718779,-122.462401,37.73749284602631,-122.42472776172961
,21.0,dn11,pkg11,21,False,13.0,37.78929,-122.426797,37.771948329749776,-122.43415363170635
,24.0,dn5,pkg14,24,False,11.0,37.751751,-122.410654,37.770751742355586,-122.42560782408998
,24.0,dn15,pkg26,24,True,26.0,37.739611,-122.492203,37.71928099281722,-122.44896238054156
,26.0,dn4,pkg25,26,False,21.0,37.751751,-122.410654,37.76559802577664,-122.41241516746942
,27.0,dn14,pkg28,27,False,24.0,37.739611,-122.492203,37.72260791226533,-122.4545339775792
,28.0,dn13,pkg34,28.0,True,35.0,37.739611,-122.492203,37.734951780327904,-122.47265758680547
,29.0,dn7,pkg33,29.0,True,35.0,37.718779,-122.462401,37.73659298402565,-122.47042208948551
,31.0,dn3,pkg32,31.0,True,41.0,37.774524,-122.473656,37.7515561965615,-122.47416008325287
,32.0,dn10,pkg24,32,False,18.0,37.78929,-122.426797,37.76742343098415,-122.44203604805541
,34.0,dn1,pkg29,34,False,31.0,37.774524,-122.473656,37.795462822967934,-122.43641118029076
,35.0,dn8,pkg38,35.0,True,40.0,37.718779,-122.462401,37.722757051483406,-122.49017173851371
,36.0,dn9,pkg27,36,False,24.0,37.718779,-122.462401,37.740270569659494,-122.415431684872
,36.0,dn13,pkg37,36.0,True,43.0,37.739611,-122.492203,37.70830647268181,-122.48376567824906
,41.0,dn2,pkg36,41,True,41.0,37.774524,-122.473656,37.78953692921415,-122.49949568968616
,43.0,dn6,pkg35,43,False,42.0,37.751751,-122.410654,37.72642600884338,-122.42203855838324
,45.0,dn12,pkg31,45,False,37.0,37.78929,-122.426797,37.79013335906228,-122.39767565476144
,47.0,dn8,pkg41,47,True,51.0,37.718779,-122.462401,37.707720097881676,-122.4725652401773
,50.0,dn15,pkg42,50.0,True,55.0,37.739611,-122.492203,37.738961345300396,-122.44449514255835
,51.0,dn3,pkg40,51,True,54.0,37.774524,-122.473656,37.76931404497153,-122.434325910791
,51.0,dn11,pkg44,51,True,57.0,37.78929,-122.426797,37.78887923113315,-122.45379881474912
,54.0,dn14,pkg45,54,True,56.0,37.739611,-122.492203,37.71240417422886,-122.49771989052635
,55.0,dn7,pkg39,55,False,51.0,37.718779,-122.462401,37.72315193097722,-122.40563009619001
,55.0,dn2,pkg49,55,True,62.0,37.774524,-122.473656,37.74660583503917,-122.48178918680634
,57.0,dn13,pkg43,57,True,57.0,37.739611,-122.492203,37.729403725065104,-122.44117052762985
,60.0,dn5,pkg47,60,True,60.0,37.751751,-122.410654,37.71555845714038,-122.4223252305301
,60.0,dn10,pkg48,60,True,64.0,37.78929,-122.426797,37.775443512086234,-122.42995454453485
,61.0,dn1,pkg46,61,False,56.0,37.774524,-122.473656,37.74874950713184,-122.43508951476537
,63.0,dn4,pkg30,63,False,35.0,37.751751,-122.410654,37.71657639048866,-122.39916476383698
,63.0,dn9,pkg51,63.0,True,68.0,37.718779,-122.462401,37.75005664008113,-122.47335652416719
,67.0,dn2,pkg53,67,True,70.0,37.774524,-122.473656,37.76124183263971,-122.43042284088912
,69.0,dn8,pkg52,69,True,72.0,37.718779,-122.462401,37.72264788999596,-122.4425384447477
,73.0,dn3,pkg56,73,True,75.0,37.774524,-122.473656,37.740460687285776,-122.43780970305696
,74.0,dn15,pkg55,74.0,True,82.0,37.739611,-122.492203,37.73282507233136,-122.46989829848579
,76.0,dn12,pkg57,76,True,81.0,37.78929,-122.426797,37.79393920807496,-122.47879295991778
,77.0,dn11,pkg54,77,True,78.0,37.78929,-122.426797,37.7809101507882,-122.48228511125451
,79.0,dn14,pkg58,79.0,True,88.0,37.739611,-122.492203,37.72839286508135,-122.50208081798615
,80.0,dn6,pkg50,80,False,66.0,37.751751,-122.410654,37.75485789456576,-122.40210263304591
,80.0,dn1,pkg62,80,True,85.0,37.774524,-122.473656,37.749200316660314,-122.49831888247294
,81.0,dn9,pkg59,81,True,83.0,37.718779,-122.462401,37.71776094138914,-122.43610321301865
,81.0,dn10,pkg61,81.0,True,91.0,37.78929,-122.426797,37.78621085596064,-122.40437125719286
,83.0,dn5,pkg60,83,True,84.0,37.751751,-122.410654,37.754538471280405,-122.44571340176905
,86.0,dn13,pkg65,86,True,90.0,37.739611,-122.492203,37.718701563076564,-122.49320183848778
,90.0,dn7,pkg63,90,False,88.0,37.718779,-122.462401,37.740419242632306,-122.42627401990936
,93.0,dn1,pkg66,93.0,True,98.0,37.774524,-122.473656,37.77032320304658,-122.5051019336944
,94.0,dn8,pkg67,94,True,103.0,37.718779,-122.462401,37.72828280930707,-122.46052703880467
,97.0,dn2,pkg68,97,True,102.0,37.774524,-122.473656,37.76182117775549,-122.46846330450882
,99.0,dn14,pkg69,99,True,104.0,37.739611,-122.492203,37.71542788805092,-122.46257434383635
,99.0,dn9,pkg71,99.0,True,105.0,37.718779,-122.462401,37.72511058701216,-122.4756446655116
,5.0,dn3,pkg6,5.0,True,12.0,37.774524,-122.473656,37.753937917783944,-122.50577376485188
,6.0,dn13,pkg14,6.0,True,14.0,37.739611,-122.492203,37.74698869492787,-122.49151463296872
,7.0,dn1,pkg13,7,True,13.0,37.774524,-122.473656,37.772781871457,-122.48445083407334
,7.0,dn2,pkg22,7,True,15.0,37.774524,-122.473656,37.79003951290315,-122.46736423805949
,7.0,dn14,pkg21,7.0,True,14.0,37.739611,-122.492203,37.74500557073392,-122.4925330139592
,9.0,dn15,pkg3,9.0,True,19.0,37.739611,-122.492203,37.74264238849615,-122.4885582651985
,10.0,dn9,pkg5,10.0,True,15.0,37.718779,-122.462401,37.71238199933149,-122.44564820965012
,11.0,dn7,pkg7,11,True,11.0,37.718779,-122.462401,37.711624063081345,-122.4631598084277
,13.0,dn13,pkg25,13.0,True,19.0,37.739611,-122.492203,37.7393027597792,-122.50627365165403
,15.0,dn10,pkg17,15,False,11.0,37.78929,-122.426797,37.79198348981073,-122.42370767221774
,15.0,dn14,pkg19,15,True,17.0,37.739611,-122.492203,37.76751975710609,-122.50726136213775
,16.0,dn8,pkg8,16,False,12.0,37.718779,-122.462401,37.72495721708762,-122.43867878081505
,17.0,dn15,pkg9,17,True,19.0,37.739611,-122.492203,37.71389287867845,-122.47629755801597
,20.0,dn5,pkg18,20,False,15.0,37.751751,-122.410654,37.74075859558217,-122.4171749236235
,20.0,dn6,pkg11,20,False,15.0,37.751751,-122.410654,37.73334777990762,-122.40914138997746
,20.0,dn11,pkg4,20,False,12.0,37.78929,-122.426797,37.790896837286844,-122.43327313604466
,23.0,dn4,pkg10,23,False,13.0,37.751751,-122.410654,37.74889462785136,-122.40801742326249
,23.0,dn3,pkg16,23,False,16.0,37.774524,-122.473656,37.789054503948584,-122.464521241709
,26.0,dn2,pkg23,26,False,20.0,37.774524,-122.473656,37.79163273569306,-122.45840280445657
,27.0,dn1,pkg24,27,False,20.0,37.774524,-122.473656,37.77430989548883,-122.47986782945327
,28.0,dn13,pkg29,28,True,32.0,37.739611,-122.492203,37.74287718623656,-122.44241373386238
,30.0,dn12,pkg2,30,False,15.0,37.78929,-122.426797,37.79513096797539,-122.40880233999283
,30.0,dn14,pkg32,30,True,39.0,37.739611,-122.492203,37.72170420948893,-122.47836238876293
,30.0,dn15,pkg33,30.0,True,37.0,37.739611,-122.492203,37.74276437111209,-122.48048078472607
,31.0,dn9,pkg26,31,False,30.0,37.718779,-122.462401,37.725766669707234,-122.43734274130753
,39.0,dn7,pkg30,39,False,31.0,37.718779,-122.462401,37.72096234086699,-122.43704688729947
,40.0,dn8,pkg34,40,False,39.0,37.718779,-122.462401,37.71850170028767,-122.44317353475675
,44.0,dn3,pkg37,44,True,47.0,37.774524,-122.473656,37.788685521333576,-122.4482217857486
,45.0,dn14,pkg39,45.0,True,53.0,37.739611,-122.492203,37.7496590839583,-122.47342232916786
,45.0,dn2,pkg36,45,True,45.0,37.774524,-122.473656,37.785306690190524,-122.44893709786213
,49.0,dn10,pkg31,49,False,34.0,37.78929,-122.426797,37.79197359194229,-122.44240973450896
,55.0,dn6,pkg38,55,False,49.0,37.751751,-122.410654,37.788934127675375,-122.40848318805
,56.0,dn11,pkg41,56,False,51.0,37.78929,-122.426797,37.779183259645016,-122.40763684012522
,57.0,dn8,pkg47,57.0,True,63.0,37.718779,-122.462401,37.74027448085627,-122.48925504730619
,61.0,dn5,pkg35,61,False,42.0,37.751751,-122.410654,37.79301533120391,-122.41424927458569
,61.0,dn9,pkg42,61,False,57.0,37.718779,-122.462401,37.724925463851946,-122.4239524016229
,62.0,dn4,pkg40,62,False,53.0,37.751751,-122.410654,37.77711006699263,-122.41162489332345
,68.0,dn1,pkg44,68,False,66.0,37.774524,-122.473656,37.77453900110963,-122.43713765557138
,69.0,dn3,pkg45,69,False,60.0,37.774524,-122.473656,37.79683983693452,-122.46342676131864
,70.0,dn13,pkg49,70,True,70.0,37.739611,-122.492203,37.73802462066704,-122.43890862163347
,70.0,dn8,pkg53,70,True,78.0,37.718779,-122.462401,37.72600725557855,-122.45953113270791
,71.0,dn14,pkg52,71,True,77.0,37.739611,-122.492203,37.77081040763162,-122.45867983054441
,73.0,dn2,pkg50,73,True,75.0,37.774524,-122.473656,37.75932406862828,-122.42248822197122
,74.0,dn12,pkg46,74,False,63.0,37.78929,-122.426797,37.7473549898381,-122.41076178742367
,74.0,dn15,pkg54,74.0,True,83.0,37.739611,-122.492203,37.740253521406125,-122.49593105613671
,75.0,dn7,pkg48,75,False,67.0,37.718779,-122.462401,37.73865263131404,-122.41274077858084
,83.0,dn8,pkg59,83,True,84.0,37.718779,-122.462401,37.720855415628044,-122.50222532137239
,85.0,dn15,pkg56,85,False,79.0,37.739611,-122.492203,37.74519654078672,-122.45040466977855
,87.0,dn10,pkg57,87,False,82.0,37.78929,-122.426797,37.78310493277955,-122.45480093822464
,88.0,dn11,pkg60,88,True,91.0,37.78929,-122.426797,37.76351376942683,-122.42870056945793
,90.0,dn6,pkg55,90,False,81.0,37.751751,-122.410654,37.73067760616528,-122.40516195864014
,90.0,dn9,pkg64,90,False,88.0,37.718779,-122.462401,37.72831134059318,-122.4369394817543
,90.0,dn14,pkg61,90,True,90.0,37.739611,-122.492203,37.71780992975365,-122.49683041181791
,91.0,dn4,pkg62,91,False,86.0,37.751751,-122.410654,37.75088552477738,-122.41585873387437
,93.0,dn5,pkg58,93,False,89.0,37.751751,-122.410654,37.73635415367331,-122.44354839788376
,94.0,dn13,pkg65,94,False,88.0,37.739611,-122.492203,37.77329444772976,-122.47593690272065
,94.0,dn8,pkg69,94,True,101.0,37.718779,-122.462401,37.72330865773699,-122.49992427816969
,95.0,dn3,pkg68,95,True,98.0,37.774524,-122.473656,37.77050682281487,-122.50263608141293
,6.0,dn1,pkg10,6,True,11.0,37.774524,-122.473656,37.787082537389765,-122.46851546468578
,6.0,dn13,pkg13,6.0,True,11.0,37.739611,-122.492203,37.749824858627996,-122.4914315383237
,8.0,dn12,pkg18,8,True,15.0,37.78929,-122.426797,37.77667596911633,-122.44068561677669
,8.0,dn14,pkg7,8,True,12.0,37.739611,-122.492203,37.77695157824681,-122.49713850446179
,9.0,dn8,pkg9,9,True,15.0,37.718779,-122.462401,37.735475954336415,-122.46487929952382
,9.0,dn9,pkg15,9.0,True,17.0,37.718779,-122.462401,37.71478550598845,-122.4589289929807
,10.0,dn3,pkg6,10.0,True,15.0,37.774524,-122.473656,37.77888797571859,-122.47236729481264
,10.0,dn6,pkg1,10,True,17.0,37.751751,-122.410654,37.77360247564116,-122.42911378595642
,10.0,dn7,pkg12,10,True,12.0,37.718779,-122.462401,37.7143229311899,-122.4738983177544
,10.0,dn11,pkg22,10,True,15.0,37.78929,-122.426797,37.79243855804318,-122.43163219574919
,10.0,dn15,pkg8,10.0,True,17.0,37.739611,-122.492203,37.74641250816562,-122.47665727779251
,13.0,dn2,pkg2,13,True,16.0,37.774524,-122.473656,37.770824626834894,-122.47199626405704
,14.0,dn5,pkg3,14,True,14.0,37.751751,-122.410654,37.72403922854123,-122.43069824538757
,15.0,dn13,pkg21,15,True,18.0,37.739611,-122.492203,37.71730220043436,-122.47912757465278
,19.0,dn4,pkg14,19,False,15.0,37.751751,-122.410654,37.7460839212161,-122.39786872686207
,19.0,dn10,pkg5,19,False,15.0,37.78929,-122.426797,37.79591921234437,-122.42664444745881
,20.0,dn14,pkg25,20,True,25.0,37.739611,-122.492203,37.748178470503206,-122.48070382558342
,21.0,dn12,pkg16,21,False,17.0,37.78929,-122.426797,37.769540835085294,-122.44805631553093
,22.0,dn15,pkg20,22,False,17.0,37.739611,-122.492203,37.77579289201342,-122.49814274486205
,26.0,dn3,pkg26,26,False,25.0,37.774524,-122.473656,37.78369351818609,-122.49284124952739
,28.0,dn1,pkg11,28,False,14.0,37.774524,-122.473656,37.792906421732575,-122.48218795205163
,29.0,dn9,pkg27,29,True,36.0,37.718779,-122.462401,37.710176023792016,-122.4393936952027
,33.0,dn2,pkg30,33,True,41.0,37.774524,-122.473656,37.753685376434355,-122.48950370115082
,35.0,dn13,pkg28,35,False,33.0,37.739611,-122.492203,37.77344409933633,-122.4566859201839
,35.0,dn6,pkg29,35,True,39.0,37.751751,-122.410654,37.752201711549624,-122.39788115483948
,35.0,dn7,pkg31,35.0,True,43.0,37.718779,-122.462401,37.74855621039778,-122.47868330010557
,38.0,dn8,pkg32,38.0,True,43.0,37.718779,-122.462401,37.75371159847178,-122.48687175276787
,40.0,dn14,pkg33,40.0,True,46.0,37.739611,-122.492203,37.723839014729386,-122.46766857245025
,47.0,dn15,pkg35,47.0,True,57.0,37.739611,-122.492203,37.72031311866554,-122.50636641870783
,48.0,dn5,pkg34,48,True,52.0,37.751751,-122.410654,37.72014568310002,-122.39808696519496
,48.0,dn7,pkg36,48.0,True,55.0,37.718779,-122.462401,37.71436262385624,-122.50505651353009
,52.0,dn8,pkg38,52.0,True,57.0,37.718779,-122.462401,37.71183372862544,-122.48731538266364
,52.0,dn2,pkg39,52,True,57.0,37.774524,-122.473656,37.75468017564328,-122.46199916347095
,55.0,dn1,pkg40,55,True,57.0,37.774524,-122.473656,37.782121361705016,-122.4885060096634
,62.0,dn10,pkg44,62,True,69.0,37.78929,-122.426797,37.75699738412038,-122.44646720958286
,62.0,dn7,pkg45,62,True,69.0,37.718779,-122.462401,37.736201979166,-122.46614478342732
,64.0,dn8,pkg46,64.0,True,72.0,37.718779,-122.462401,37.75321916456142,-122.4796917107099
,65.0,dn13,pkg47,65.0,True,72.0,37.739611,-122.492203,37.73244899979198,-122.50399884029956
,67.0,dn4,pkg37,67,False,56.0,37.751751,-122.410654,37.72177369198348,-122.40785816242615
,67.0,dn2,pkg48,67.0,True,72.0,37.774524,-122.473656,37.75461020156252,-122.49210956710182
,68.0,dn9,pkg43,68,False,64.0,37.718779,-122.462401,37.710036061485376,-122.43648933493995
,70.0,dn6,pkg41,70,False,60.0,37.751751,-122.410654,37.708745976251734,-122.42587427367562
,72.0,dn3,pkg42,72,False,65.0,37.774524,-122.473656,37.792876464326724,-122.42391312230934
,75.0,dn7,pkg52,75.0,True,83.0,37.718779,-122.462401,37.731897001694236,-122.50682115650902
,77.0,dn1,pkg51,77,True,83.0,37.774524,-122.473656,37.75834190611156,-122.4339003622446
,81.0,dn8,pkg54,81.0,True,86.0,37.718779,-122.462401,37.737463881977575,-122.44456426517196
,82.0,dn13,pkg55,82.0,True,92.0,37.739611,-122.492203,37.739919617203874,-122.44752835743299
,88.0,dn11,pkg50,88,False,78.0,37.78929,-122.426797,37.767176342425465,-122.3966948562159
,88.0,dn14,pkg56,88,True,95.0,37.739611,-122.492203,37.72223221768533,-122.44405983478279
,90.0,dn5,pkg49,90,False,75.0,37.751751,-122.410654,37.792357692580254,-122.40051849042366
,90.0,dn15,pkg57,90.0,True,96.0,37.739611,-122.492203,37.76667136407794,-122.48641763113203
,93.0,dn1,pkg58,93.0,True,103.0,37.774524,-122.473656,37.77999158801874,-122.48973748487784
,94.0,dn7,pkg60,94,True,103.0,37.718779,-122.462401,37.709605166531844,-122.42945371218232
,96.0,dn2,pkg53,96,False,86.0,37.774524,-122.473656,37.7952606601212,-122.44086427762964
,98.0,dn12,pkg62,98.0,True,106.0,37.78929,-122.426797,37.75966006568533,-122.42293685556932
,6.0,dn7,pkg4,6.0,True,15.0,37.718779,-122.462401,37.72201990985159,-122.47282061201368
,6.0,dn8,pkg22,6.0,True,12.0,37.718779,-122.462401,37.72714486635327,-122.49623673036687
,7.0,dn14,pkg8,7,True,16.0,37.739611,-122.492203,37.717435675914636,-122.50092848014484
,8.0,dn9,pkg5,8.0,True,15.0,37.718779,-122.462401,37.707256913883235,-122.4821294596516
,8.0,dn13,pkg3,8.0,True,17.0,37.739611,-122.492203,37.73244908555747,-122.50653131813631
,9.0,dn2,pkg18,9,True,10.0,37.774524,-122.473656,37.74736657477319,-122.44599869411628
,10.0,dn11,pkg19,10,True,15.0,37.78929,-122.426797,37.780183116038,-122.43169599961227
,10.0,dn15,pkg15,10.0,True,18.0,37.739611,-122.492203,37.74924578069936,-122.46664337371989
,11.0,dn12,pkg9,11,True,17.0,37.78929,-122.426797,37.78549157420738,-122.44412023730416
,12.0,dn4,pkg2,12,True,12.0,37.751751,-122.410654,37.754332227784246,-122.39536018471395
,13.0,dn1,pkg10,13,True,13.0,37.774524,-122.473656,37.764918046130475,-122.45648337876462
,16.0,dn5,pkg13,16,False,13.0,37.751751,-122.410654,37.73477496275335,-122.43264227313058
,16.0,dn6,pkg7,16,True,17.0,37.751751,-122.410654,37.741736774870894,-122.40696774877871
,17.0,dn8,pkg14,17,True,19.0,37.718779,-122.462401,37.76192622607303,-122.47616696605905
,21.0,dn13,pkg12,21,False,17.0,37.739611,-122.492203,37.77344596681447,-122.49002393745148
,22.0,dn14,pkg20,22,False,17.0,37.739611,-122.492203,37.7644636019629,-122.45930672897622
,23.0,dn10,pkg1,23,False,14.0,37.78929,-122.426797,37.7927728224282,-122.43630214387495
,23.0,dn7,pkg17,23,False,16.0,37.718779,-122.462401,37.748201972361485,-122.42792394307858
,26.0,dn15,pkg32,26.0,True,32.0,37.739611,-122.492203,37.74231712761815,-122.50015085699809
,27.0,dn3,pkg11,27,False,13.0,37.774524,-122.473656,37.79115889201527,-122.44531071955318
,28.0,dn8,pkg30,28,True,35.0,37.718779,-122.462401,37.731000899686244,-122.43265055629965
,32.0,dn9,pkg26,32,False,27.0,37.718779,-122.462401,37.72765674832282,-122.41254063679925
,33.0,dn2,pkg6,33,False,19.0,37.774524,-122.473656,37.78302401322328,-122.44034375191912
,33.0,dn15,pkg35,33,True,37.0,37.739611,-122.492203,37.78099417582517,-122.48901071564896
,34.0,dn1,pkg27,34,False,32.0,37.774524,-122.473656,37.793381363509354,-122.46576515581636
,35.0,dn4,pkg31,35,True,35.0,37.751751,-122.410654,37.7725337399777,-122.40721744875938
,36.0,dn12,pkg24,36,False,25.0,37.78929,-122.426797,37.78178112746962,-122.47068350900861
,40.0,dn11,pkg28,40,False,25.0,37.78929,-122.426797,37.76748913286429,-122.40121698232888
,40.0,dn8,pkg40,40,True,48.0,37.718779,-122.462401,37.743821570265176,-122.46351921714066
,41.0,dn13,pkg39,41,True,48.0,37.739611,-122.492203,37.773114777355644,-122.47702608752965
,50.0,dn7,pkg45,50.0,True,60.0,37.718779,-122.462401,37.72184021968304,-122.46026557000955
,52.0,dn14,pkg42,52,True,55.0,37.739611,-122.492203,37.76179105934241,-122.44224647091937
,54.0,dn1,pkg43,54,True,57.0,37.774524,-122.473656,37.77650281199835,-122.50129825773942
,55.0,dn6,pkg38,55,False,42.0,37.751751,-122.410654,37.71304126052026,-122.40952275496963
,55.0,dn10,pkg46,55,True,60.0,37.78929,-122.426797,37.783020021474954,-122.435948888258
,60.0,dn5,pkg29,60,False,33.0,37.751751,-122.410654,37.79247948702559,-122.40082977140625
,61.0,dn12,pkg48,61,False,59.0,37.78929,-122.426797,37.774511105841306,-122.41742237758808
,63.0,dn8,pkg49,63,True,70.0,37.718779,-122.462401,37.734057196716364,-122.43916777513043
,64.0,dn4,pkg41,64,False,53.0,37.751751,-122.410654,37.78339663177706,-122.4028190732657
,64.0,dn7,pkg50,64,True,64.0,37.718779,-122.462401,37.718678136869045,-122.4682496835054
,67.0,dn2,pkg44,67,False,58.0,37.774524,-122.473656,37.79365348659445,-122.49095889950114
,68.0,dn9,pkg52,68,False,67.0,37.718779,-122.462401,37.74001493169712,-122.43127630880404
,69.0,dn3,pkg47,69,False,63.0,37.774524,-122.473656,37.78338920065963,-122.43823823814269
,73.0,dn13,pkg53,73,True,82.0,37.739611,-122.492203,37.76838215336458,-122.48536789029859
,74.0,dn1,pkg55,74,True,82.0,37.774524,-122.473656,37.74902491891246,-122.47374763275704
,77.0,dn11,pkg51,77,False,72.0,37.78929,-122.426797,37.776843668992655,-122.43985622375371
,77.0,dn14,pkg57,77.0,True,84.0,37.739611,-122.492203,37.71701164833795,-122.50189815652179
,80.0,dn7,pkg60,80.0,True,88.0,37.718779,-122.462401,37.723784501048215,-122.50327125775753
,81.0,dn10,pkg54,81,True,81.0,37.78929,-122.426797,37.74631739834911,-122.43255470126633
,82.0,dn15,pkg59,82,True,87.0,37.739611,-122.492203,37.76834756293337,-122.46855652508394
,86.0,dn8,pkg63,86.0,True,96.0,37.718779,-122.462401,37.73631063658515,-122.47483399974926
,87.0,dn13,pkg64,87.0,True,94.0,37.739611,-122.492203,37.75267398082433,-122.50105266622306
,90.0,dn1,pkg66,90,True,94.0,37.774524,-122.473656,37.777184102611,-122.43642056325095
,94.0,dn9,pkg65,94,True,96.0,37.718779,-122.462401,37.7495832633109,-122.4310896213805
,94.0,dn3,pkg67,94,True,97.0,37.774524,-122.473656,37.784282777496145,-122.50453102195598
,94.0,dn7,pkg69,94.0,True,100.0,37.718779,-122.462401,37.730710096411876,-122.46600714424957
,94.0,dn5,pkg62,94,True,94.0,37.751751,-122.410654,37.76816538498952,-122.39659613848139
,95.0,dn12,pkg58,95,False,88.0,37.78929,-122.426797,37.79081020728339,-122.45408469901966
,95.0,dn14,pkg68,95,True,98.0,37.739611,-122.492203,37.78207423643293,-122.49067512938902
,96.0,dn4,pkg61,96,False,91.0,37.751751,-122.410654,37.74131507417789,-122.40351242858925
,99.0,dn13,pkg70,99,True,100.0,37.739611,-122.492203,37.709076037086206,-122.50079923795931
,6.0,dn14,pkg19,6.0,True,16.0,37.739611,-122.492203,37.73357979224833,-122.49861694726015
,8.0,dn13,pkg6,8.0,True,15.0,37.739611,-122.492203,37.73653953337723,-122.48193963866714
,9.0,dn1,pkg3,9,True,12.0,37.774524,-122.473656,37.76603991339839,-122.46257821153607
,9.0,dn5,pkg20,9,True,16.0,37.751751,-122.410654,37.7653466115284,-122.4201683248297
,9.0,dn9,pkg4,9.0,True,16.0,37.718779,-122.462401,37.728353051417,-122.47125032171122
,10.0,dn15,pkg5,10,True,15.0,37.739611,-122.492203,37.708350186502415,-122.49494368435259
,12.0,dn2,pkg17,12,True,16.0,37.774524,-122.473656,37.77832068795864,-122.48644940415399
,12.0,dn7,pkg9,12,True,14.0,37.718779,-122.462401,37.71100084282335,-122.44617495436465
,12.0,dn14,pkg24,12,True,18.0,37.739611,-122.492203,37.7473189950069,-122.49987110305103
,13.0,dn10,pkg11,13,True,17.0,37.78929,-122.426797,37.793457262577355,-122.41535088913594
,13.0,dn12,pkg1,13,True,18.0,37.78929,-122.426797,37.783772569663114,-122.40098848738813
,15.0,dn4,pkg13,15,False,13.0,37.751751,-122.410654,37.73750228301437,-122.40343512067116
,18.0,dn8,pkg10,18,False,11.0,37.718779,-122.462401,37.708435539764224,-122.43148879031344
,18.0,dn13,pkg22,18,False,15.0,37.739611,-122.492203,37.73923503761858,-122.45124618293148
,19.0,dn11,pkg15,19,False,15.0,37.78929,-122.426797,37.78591997361796,-122.45052665432358
,20.0,dn9,pkg21,20,False,16.0,37.718779,-122.462401,37.7112556482095,-122.45656381374049
,21.0,dn6,pkg14,21,False,19.0,37.751751,-122.410654,37.75583936897422,-122.40087628508893
,27.0,dn14,pkg8,27,False,19.0,37.739611,-122.492203,37.77669080916771,-122.4978757609697
,27.0,dn5,pkg26,27,True,27.0,37.751751,-122.410654,37.79278302187359,-122.42627385026519
,27.0,dn15,pkg29,27,True,35.0,37.739611,-122.492203,37.756561671736044,-122.46625888007293
,28.0,dn3,pkg12,28,False,11.0,37.774524,-122.473656,37.78661198272432,-122.42913849364632
,30.0,dn7,pkg30,30,True,33.0,37.718779,-122.462401,37.70813171290917,-122.46036175877059
,31.0,dn1,pkg25,31,False,26.0,37.774524,-122.473656,37.76534077682986,-122.44805111192885
,34.0,dn9,pkg31,34,True,39.0,37.718779,-122.462401,37.70831461920806,-122.41014150825966
,38.0,dn2,pkg32,38,False,37.0,37.774524,-122.473656,37.76872877913974,-122.45823902689445
,46.0,dn4,pkg28,46,False,35.0,37.751751,-122.410654,37.708260268611866,-122.40132743634686
,47.0,dn10,pkg27,47,False,38.0,37.78929,-122.426797,37.77351846351911,-122.41238824407952
,47.0,dn5,pkg34,47,True,52.0,37.751751,-122.410654,37.787472649708754,-122.43203808274268
,48.0,dn13,pkg33,48,False,46.0,37.739611,-122.492203,37.70785818199871,-122.45599083373376
,52.0,dn6,pkg36,52,True,57.0,37.751751,-122.410654,37.727232548019494,-122.44797719747488
,53.0,dn12,pkg35,53,True,54.0,37.78929,-122.426797,37.761021101352796,-122.42678854565463
,53.0,dn7,pkg37,53,True,59.0,37.718779,-122.462401,37.72224395696148,-122.50672489515846
,56.0,dn1,pkg39,56,True,64.0,37.774524,-122.473656,37.77117513901846,-122.43894439820065
,60.0,dn9,pkg42,60,True,65.0,37.718779,-122.462401,37.7520340434277,-122.46854052710803
,62.0,dn8,pkg41,62.0,True,72.0,37.718779,-122.462401,37.70744059406901,-122.44223063205821
,62.0,dn3,pkg44,62.0,True,71.0,37.774524,-122.473656,37.75143234910417,-122.48872384164048
,63.0,dn14,pkg43,63.0,True,68.0,37.739611,-122.492203,37.775390652726045,-122.48819173135719
,66.0,dn2,pkg40,66,False,65.0,37.774524,-122.473656,37.77303572309055,-122.41751969077103
,71.0,dn5,pkg45,71,True,77.0,37.751751,-122.410654,37.72339242280386,-122.43342869094288
,72.0,dn1,pkg46,72.0,True,80.0,37.774524,-122.473656,37.73769012326096,-122.5011185908814
,77.0,dn3,pkg47,77,True,82.0,37.774524,-122.473656,37.754589102038814,-122.46150037697785
,78.0,dn11,pkg38,78,False,63.0,37.78929,-122.426797,37.7588224503448,-122.40194807227415
,82.0,dn6,pkg49,82,True,85.0,37.751751,-122.410654,37.78105352146482,-122.4297944156254
,84.0,dn7,pkg50,84,True,87.0,37.718779,-122.462401,37.711574066926055,-122.45281807167974
,88.0,dn8,pkg51,88,True,93.0,37.718779,-122.462401,37.71153839801841,-122.44748616815079
,93.0,dn4,pkg48,93,False,84.0,37.751751,-122.410654,37.78933564543885,-122.41330774817497
,96.0,dn2,pkg53,96,True,99.0,37.774524,-122.473656,37.76319007668473,-122.44824224161005
,98.0,dn5,pkg54,98,True,103.0,37.751751,-122.410654,37.732260592887386,-122.42615430334116
,6.0,dn8,pkg13,6.0,True,16.0,37.718779,-122.462401,37.72121445835697,-122.46558298254001
,7.0,dn7,pkg17,7.0,True,13.0,37.718779,-122.462401,37.71365504171121,-122.46145839517895
,7.0,dn9,pkg21,7,True,12.0,37.718779,-122.462401,37.71787016169652,-122.48853390492195
,8.0,dn13,pkg6,8.0,True,13.0,37.739611,-122.492203,37.74017065106487,-122.49520506997052
,8.0,dn14,pkg10,8.0,True,14.0,37.739611,-122.492203,37.734568297240614,-122.48060092634118
,8.0,dn15,pkg16,8.0,True,18.0,37.739611,-122.492203,37.75913823783348,-122.48017032943433
,9.0,dn1,pkg4,9,True,12.0,37.774524,-122.473656,37.79316961000101,-122.48389403416802
,10.0,dn10,pkg8,10,True,14.0,37.78929,-122.426797,37.78050057911217,-122.40930517067632
,11.0,dn3,pkg3,11,True,13.0,37.774524,-122.473656,37.777237094880796,-122.44681604360373
,12.0,dn2,pkg7,12,True,14.0,37.774524,-122.473656,37.76398755675034,-122.47716787174338
,13.0,dn4,pkg2,13,True,14.0,37.751751,-122.410654,37.7540740060881,-122.41991553318641
,16.0,dn12,pkg20,16,False,14.0,37.78929,-122.426797,37.776389284264035,-122.39669782276142
,17.0,dn14,pkg26,17,True,18.0,37.739611,-122.492203,37.77815928854243,-122.49762630456276
,18.0,dn11,pkg22,18,False,17.0,37.78929,-122.426797,37.79512919261867,-122.42187889845404
,20.0,dn8,pkg11,20,False,15.0,37.718779,-122.462401,37.75146937336256,-122.44481328866718
,23.0,dn5,pkg12,23,False,13.0,37.751751,-122.410654,37.74777589101571,-122.39868535674303
,23.0,dn3,pkg33,23,True,29.0,37.774524,-122.473656,37.741647627656114,-122.5072108643577
,25.0,dn13,pkg15,25,False,15.0,37.739611,-122.492203,37.76976779812274,-122.45739911418185
,26.0,dn6,pkg19,26,False,13.0,37.751751,-122.410654,37.74610301118941,-122.3944710971378
,28.0,dn1,pkg27,28,False,22.0,37.774524,-122.473656,37.77981959386687,-122.48597933496342
,29.0,dn7,pkg1,29,False,19.0,37.718779,-122.462401,37.71435618067047,-122.43291618602471
,29.0,dn15,pkg25,29,False,20.0,37.739611,-122.492203,37.77967132969669,-122.49758926480291
,31.0,dn9,pkg9,31,False,17.0,37.718779,-122.462401,37.73859482950613,-122.41848907378174
,31.0,dn14,pkg31,31,False,28.0,37.739611,-122.492203,37.712104945010495,-122.45378447929149
,35.0,dn3,pkg35,35,True,36.0,37.774524,-122.473656,37.74323601308269,-122.44377052220088
,41.0,dn11,pkg39,41,True,43.0,37.78929,-122.426797,37.76920117927511,-122.46878431723349
,42.0,dn2,pkg36,42,False,33.0,37.774524,-122.473656,37.785295060288725,-122.50557070541471
,43.0,dn4,pkg29,43,False,30.0,37.751751,-122.410654,37.73577872061647,-122.41620547635242
,44.0,dn14,pkg41,44,True,47.0,37.739611,-122.492203,37.70820362238577,-122.47530663214467
,45.0,dn8,pkg34,45,False,34.0,37.718779,-122.462401,37.715099496495824,-122.42337977948922
,48.0,dn1,pkg44,48.0,True,53.0,37.774524,-122.473656,37.77247353639173,-122.46632347987541
,49.0,dn10,pkg28,49,False,25.0,37.78929,-122.426797,37.796207987884294,-122.39532761373968
,50.0,dn13,pkg43,50,True,53.0,37.739611,-122.492203,37.70874486378977,-122.48005364724197
,51.0,dn15,pkg45,51.0,True,56.0,37.739611,-122.492203,37.72982264525979,-122.4663024534145
,52.0,dn12,pkg38,52,False,39.0,37.78929,-122.426797,37.77662828191715,-122.44898971096009
,52.0,dn3,pkg47,52,True,61.0,37.774524,-122.473656,37.76379071847892,-122.4956038914644
,56.0,dn11,pkg46,56,True,61.0,37.78929,-122.426797,37.79302849136633,-122.4493995558664
,58.0,dn5,pkg48,58,False,57.0,37.751751,-122.410654,37.75858662660655,-122.42752806281516
,58.0,dn7,pkg51,58,True,62.0,37.718779,-122.462401,37.75903176584108,-122.47826327087564
,64.0,dn14,pkg49,64,False,62.0,37.739611,-122.492203,37.78032769868177,-122.5031473813486
,65.0,dn6,pkg50,65,False,62.0,37.751751,-122.410654,37.765207682720686,-122.43442653844596
,67.0,dn15,pkg55,67.0,True,74.0,37.739611,-122.492203,37.77166449586403,-122.47068476005951
,68.0,dn3,pkg56,68.0,True,78.0,37.774524,-122.473656,37.77114765014269,-122.45283543024134
,70.0,dn1,pkg53,70,True,70.0,37.774524,-122.473656,37.787185212531526,-122.42903854692648
,73.0,dn2,pkg60,73,True,76.0,37.774524,-122.473656,37.755668422537084,-122.46350477243107
,74.0,dn4,pkg52,74,False,67.0,37.751751,-122.410654,37.776293083096306,-122.39586711610893
,74.0,dn8,pkg57,74,True,80.0,37.718779,-122.462401,37.72581073383044,-122.4194090544902
,75.0,dn7,pkg61,75,True,78.0,37.718779,-122.462401,37.710022099836515,-122.49960463391346
,77.0,dn9,pkg59,77,True,79.0,37.718779,-122.462401,37.7359578077731,-122.42814678927367
,77.0,dn13,pkg63,77.0,True,83.0,37.739611,-122.492203,37.742044871937914,-122.46939557354577
,78.0,dn5,pkg64,78.0,True,87.0,37.751751,-122.410654,37.71667213911734,-122.44102609774265
,80.0,dn15,pkg66,80,True,84.0,37.739611,-122.492203,37.7402154612085,-122.44912816714302
,83.0,dn14,pkg67,83,True,90.0,37.739611,-122.492203,37.73671925668864,-122.46656075355553
,85.0,dn3,pkg62,85,False,82.0,37.774524,-122.473656,37.792500520835056,-122.49045632756997
,89.0,dn2,pkg70,89,True,97.0,37.774524,-122.473656,37.776393592839085,-122.47181316408673
,89.0,dn13,pkg69,89.0,True,99.0,37.739611,-122.492203,37.732689143803086,-122.47793972377364
,91.0,dn6,pkg65,91,False,89.0,37.751751,-122.410654,37.72756652563725,-122.44813103015628
,94.0,dn11,pkg58,94,False,73.0,37.78929,-122.426797,37.780346513630256,-122.39724338486886
,95.0,dn12,pkg68,95,False,94.0,37.78929,-122.426797,37.76419976740012,-122.4291378038616
,96.0,dn5,pkg71,96,True,104.0,37.751751,-122.410654,37.75961162678911,-122.41829594091033
,100.0,dn7,pkg72,100,True,106.0,37.718779,-122.462401,37.71246187333595,-122.47870448937758
,6.0,dn8,pkg11,6.0,True,11.0,37.718779,-122.462401,37.72008658235222,-122.49456647803112
,7.0,dn14,pkg4,7.0,True,15.0,37.739611,-122.492203,37.711515426168106,-122.48004379579972
,8.0,dn13,pkg10,8,True,14.0,37.739611,-122.492203,37.767525460273106,-122.5022787178384
,9.0,dn12,pkg5,9,True,16.0,37.78929,-122.426797,37.79162621586155,-122.45928698464773
,10.0,dn1,pkg16,10,True,11.0,37.774524,-122.473656,37.773501178564025,-122.50016349618807
,10.0,dn2,pkg9,10,True,14.0,37.774524,-122.473656,37.77960147864996,-122.48628460296213
,10.0,dn7,pkg12,10,True,15.0,37.718779,-122.462401,37.724659917397005,-122.46023684375861
,10.0,dn9,pkg14,10.0,True,16.0,37.718779,-122.462401,37.717444529008105,-122.4700773916959
,10.0,dn15,pkg17,10.0,True,15.0,37.739611,-122.492203,37.767214049577966,-122.45644403836602
,11.0,dn6,pkg7,11,True,14.0,37.751751,-122.410654,37.765728321056095,-122.43312165569067
,16.0,dn3,pkg1,16,False,13.0,37.774524,-122.473656,37.793149864209376,-122.48265238629192
,16.0,dn4,pkg13,16,False,14.0,37.751751,-122.410654,37.74433516242328,-122.41540235349868
,17.0,dn8,pkg23,17,False,16.0,37.718779,-122.462401,37.7087257986637,-122.46130017660536
,18.0,dn5,pkg19,18,False,12.0,37.751751,-122.410654,37.738890347512715,-122.42105575935236
,18.0,dn10,pkg6,18,False,12.0,37.78929,-122.426797,37.79078194198627,-122.42541516079393
,18.0,dn14,pkg21,18,True,20.0,37.739611,-122.492203,37.71239177670176,-122.48320115148707
,23.0,dn13,pkg28,23,False,22.0,37.739611,-122.492203,37.744974082204344,-122.46876382422613
,25.0,dn9,pkg26,25,False,23.0,37.718779,-122.462401,37.722453395810135,-122.47272771059095
,25.0,dn7,pkg31,25,True,27.0,37.718779,-122.462401,37.71467876644388,-122.49010370420162
,26.0,dn2,pkg33,26,True,28.0,37.774524,-122.473656,37.788291875851854,-122.46497749179595
,30.0,dn8,pkg32,30,True,30.0,37.718779,-122.462401,37.70788073306313,-122.45318067553549
,31.0,dn11,pkg22,31,False,13.0,37.78929,-122.426797,37.78163849097559,-122.40341999585434
,32.0,dn15,pkg8,32,False,20.0,37.739611,-122.492203,37.78469242522147,-122.49710951145596
,32.0,dn14,pkg30,32,False,31.0,37.739611,-122.492203,37.765387509938755,-122.48895971317809
,32.0,dn13,pkg35,32,True,37.0,37.739611,-122.492203,37.755046917523075,-122.49816365265914
,35.0,dn7,pkg36,35,True,36.0,37.718779,-122.462401,37.7239706097473,-122.50541178970045
,36.0,dn12,pkg2,36,False,20.0,37.78929,-122.426797,37.775136914728776,-122.4180448132723
,39.0,dn1,pkg27,39,False,21.0,37.774524,-122.473656,37.78668848671408,-122.4882763353598
,39.0,dn13,pkg43,39,True,43.0,37.739611,-122.492203,37.75330864814809,-122.49965569633588
,40.0,dn9,pkg41,40,True,41.0,37.718779,-122.462401,37.7528628200054,-122.4624608922441
,41.0,dn2,pkg34,41,False,35.0,37.774524,-122.473656,37.77620357425706,-122.456052163271
,44.0,dn3,pkg37,44,False,37.0,37.774524,-122.473656,37.776311285510715,-122.50220106850391
,45.0,dn6,pkg29,45,False,25.0,37.751751,-122.410654,37.73857607143781,-122.40347308718214
,46.0,dn14,pkg47,46.0,True,56.0,37.739611,-122.492203,37.725664068416414,-122.49450543205778
,47.0,dn4,pkg40,47,False,41.0,37.751751,-122.410654,37.75580129525408,-122.43356253055703
,47.0,dn13,pkg50,47.0,True,52.0,37.739611,-122.492203,37.71563203659071,-122.48479457464713
,51.0,dn15,pkg53,51.0,True,56.0,37.739611,-122.492203,37.74261476732766,-122.47703355719919
,52.0,dn8,pkg42,52,False,45.0,37.718779,-122.462401,37.73965360142879,-122.4410404075641
,52.0,dn13,pkg55,52.0,True,62.0,37.739611,-122.492203,37.71840434640024,-122.48487063118887
,53.0,dn5,pkg38,53,False,37.0,37.751751,-122.410654,37.787289868169886,-122.43604015296894
,53.0,dn9,pkg51,53.0,True,59.0,37.718779,-122.462401,37.732568389277674,-122.4522803091971
,54.0,dn7,pkg49,54,True,55.0,37.718779,-122.462401,37.715676503436214,-122.42865186036386
,60.0,dn10,pkg45,60,False,45.0,37.78929,-122.426797,37.79357077217515,-122.42199818682701
,61.0,dn15,pkg57,61.0,True,69.0,37.739611,-122.492203,37.71739109877569,-122.49985066956212
,62.0,dn14,pkg54,62,False,61.0,37.739611,-122.492203,37.70847465432144,-122.47475447245878
,62.0,dn2,pkg46,62,False,51.0,37.774524,-122.473656,37.789708620367286,-122.46214193819627
,65.0,dn9,pkg59,65.0,True,74.0,37.718779,-122.462401,37.7383334662284,-122.43562988946208
,66.0,dn13,pkg56,66,False,65.0,37.739611,-122.492203,37.74786925598479,-122.4580634706169
,67.0,dn1,pkg60,67,True,70.0,37.774524,-122.473656,37.74898245065472,-122.42703917675028
,69.0,dn3,pkg61,69,True,73.0,37.774524,-122.473656,37.7594471644799,-122.470246206184
,76.0,dn12,pkg63,76,True,77.0,37.78929,-122.426797,37.7667208992836,-122.43943365114555
,81.0,dn15,pkg69,81.0,True,91.0,37.739611,-122.492203,37.767708635398996,-122.48481354701174
,83.0,dn7,pkg70,83,True,87.0,37.718779,-122.462401,37.741419382713694,-122.43195442817131
,84.0,dn4,pkg58,84,False,67.0,37.751751,-122.410654,37.74041554804802,-122.40301628573982
,84.0,dn3,pkg72,84,True,89.0,37.774524,-122.473656,37.756821237663985,-122.44032135509835
,85.0,dn14,pkg71,85.0,True,95.0,37.739611,-122.492203,37.76664494489031,-122.50549678073364
,85.0,dn8,pkg73,85.0,True,93.0,37.718779,-122.462401,37.75239918677802,-122.46579787410022
,86.0,dn6,pkg66,86,False,84.0,37.751751,-122.410654,37.75587171177568,-122.40233527462112
,88.0,dn5,pkg64,88,False,81.0,37.751751,-122.410654,37.72593592503504,-122.39750666724956
,88.0,dn2,pkg67,88,False,84.0,37.774524,-122.473656,37.77124165390594,-122.42321859286245
,90.0,dn9,pkg74,90,True,96.0,37.718779,-122.462401,37.74342293642255,-122.44497848691334
,95.0,dn13,pkg76,95.0,True,100.0,37.739611,-122.492203,37.75368264290145,-122.49154366372812
,96.0,dn11,pkg62,96,False,80.0,37.78929,-122.426797,37.79485870154537,-122.39490780701252
,100.0,dn1,pkg68,100,False,84.0,37.774524,-122.473656,37.7839744397504,-122.42149075348009
,8.0,dn5,pkg5,8.0,True,14.0,37.751751,-122.410654,37.740303100336156,-122.42918634362685
,9.0,dn13,pkg7,9.0,True,18.0,37.739611,-122.492203,37.75557605826026,-122.4836003318246
,10.0,dn2,pkg3,10,True,11.0,37.774524,-122.473656,37.790519470944666,-122.46278226959618
,10.0,dn9,pkg8,10,True,13.0,37.718779,-122.462401,37.743993162525534,-122.44970473645573
,10.0,dn15,pkg15,10.0,True,17.0,37.739611,-122.492203,37.75695295661233,-122.45255760788868
,11.0,dn7,pkg13,11,True,11.0,37.718779,-122.462401,37.707520357149505,-122.45217322102306
,12.0,dn14,pkg14,12,True,15.0,37.739611,-122.492203,37.768589821259326,-122.50610338196837
,13.0,dn3,pkg4,13,True,14.0,37.774524,-122.473656,37.784244646868174,-122.45523962916548
,16.0,dn6,pkg18,16,False,12.0,37.751751,-122.410654,37.78247139083523,-122.4160107167546
,18.0,dn1,pkg20,18,False,12.0,37.774524,-122.473656,37.77657054153207,-122.46434806873823
,19.0,dn4,pkg9,19,False,11.0,37.751751,-122.410654,37.779174703828694,-122.41594896372588
,20.0,dn8,pkg6,20,False,13.0,37.718779,-122.462401,37.70873708126118,-122.43594726389065
,20.0,dn12,pkg16,20,False,14.0,37.78929,-122.426797,37.78074717445755,-122.44957022218914
,23.0,dn11,pkg1,23,False,14.0,37.78929,-122.426797,37.784261490612174,-122.43843719467687
,24.0,dn13,pkg26,24,False,23.0,37.739611,-122.492203,37.773131086192414,-122.47694629373585
,25.0,dn10,pkg12,25,False,12.0,37.78929,-122.426797,37.793272851122644,-122.43055041331314
,25.0,dn5,pkg2,25,False,14.0,37.751751,-122.410654,37.72555383301971,-122.40210666600225
,29.0,dn15,pkg27,29,False,25.0,37.739611,-122.492203,37.77162886182733,-122.46100451005762
,29.0,dn9,pkg34,29.0,True,37.0,37.718779,-122.462401,37.736675143502495,-122.48449674543883
,33.0,dn2,pkg30,33,False,28.0,37.774524,-122.473656,37.77107152954809,-122.47220203415404
,34.0,dn14,pkg35,34.0,True,44.0,37.739611,-122.492203,37.74701485989305,-122.48335075060525
,36.0,dn3,pkg28,36,False,30.0,37.774524,-122.473656,37.78602148484674,-122.4690717593092
,39.0,dn6,pkg37,39,True,41.0,37.751751,-122.410654,37.73266991962462,-122.45061756975721
,44.0,dn7,pkg33,44,False,42.0,37.718779,-122.462401,37.71977282932465,-122.40669953381824
,47.0,dn9,pkg36,47,False,43.0,37.718779,-122.462401,37.71761374807991,-122.43433216572267
,47.0,dn1,pkg42,47.0,True,56.0,37.774524,-122.473656,37.74863970217531,-122.49757592002395
,50.0,dn13,pkg43,50.0,True,60.0,37.739611,-122.492203,37.77240416584356,-122.50274574982757
,51.0,dn14,pkg44,51.0,True,61.0,37.739611,-122.492203,37.76639770998853,-122.46029426438153
,52.0,dn15,pkg46,52.0,True,59.0,37.739611,-122.492203,37.723102157806885,-122.47815370682532
,57.0,dn5,pkg38,57,False,50.0,37.751751,-122.410654,37.73838309281234,-122.4103202586674
,59.0,dn2,pkg48,59.0,True,68.0,37.774524,-122.473656,37.73443680241987,-122.5000939182166
,60.0,dn6,pkg45,60,False,59.0,37.751751,-122.410654,37.724488008516595,-122.42974282464286
,62.0,dn4,pkg41,62,False,51.0,37.751751,-122.410654,37.72794245135926,-122.39853994321822
,63.0,dn8,pkg40,63,False,52.0,37.718779,-122.462401,37.71109746076017,-122.42263647107394
,65.0,dn12,pkg39,65,False,54.0,37.78929,-122.426797,37.771260484108524,-122.415935876825
,66.0,dn1,pkg49,66,True,68.0,37.774524,-122.473656,37.782462946459724,-122.47166234118993
,66.0,dn2,pkg54,66.0,True,76.0,37.774524,-122.473656,37.76420954261302,-122.4869021909665
,68.0,dn10,pkg52,68,True,69.0,37.78929,-122.426797,37.748017882170366,-122.40526238090743
,69.0,dn3,pkg51,69,False,67.0,37.774524,-122.473656,37.7877675078343,-122.48115164196598
,70.0,dn11,pkg47,70,False,68.0,37.78929,-122.426797,37.764759367925556,-122.40103875435749
,71.0,dn13,pkg53,71,True,75.0,37.739611,-122.492203,37.782281125349954,-122.50164918813131
,71.0,dn9,pkg50,71,True,72.0,37.718779,-122.462401,37.72820431731815,-122.41511606943219
,74.0,dn7,pkg55,74,True,78.0,37.718779,-122.462401,37.75384171282269,-122.44117449116276
,78.0,dn15,pkg59,78,True,82.0,37.739611,-122.492203,37.71399697108643,-122.46997299254687
,79.0,dn2,pkg57,79,True,81.0,37.774524,-122.473656,37.78596611309705,-122.50622726532416
,84.0,dn14,pkg58,84,False,81.0,37.739611,-122.492203,37.774868533309345,-122.46781330702012
,86.0,dn9,pkg61,86,True,92.0,37.718779,-122.462401,37.73948528808226,-122.46188982534798
,87.0,dn5,pkg60,87,True,88.0,37.751751,-122.410654,37.74066504457039,-122.46022109510707
,90.0,dn6,pkg56,90,False,83.0,37.751751,-122.410654,37.75518827510756,-122.40974660525532
,90.0,dn1,pkg62,90,True,90.0,37.774524,-122.473656,37.7761101674744,-122.50529869021986
,92.0,dn3,pkg64,92,True,99.0,37.774524,-122.473656,37.773792632090036,-122.4861914598469
,93.0,dn10,pkg63,93,False,92.0,37.78929,-122.426797,37.76251538636466,-122.43463602530191
,96.0,dn4,pkg65,96,True,106.0,37.751751,-122.410654,37.78804183000657,-122.39858243227079
,8.0,dn7,pkg4,8.0,True,16.0,37.718779,-122.462401,37.732781777432415,-122.47370658784509
,9.0,dn3,pkg16,9,True,11.0,37.774524,-122.473656,37.762539399815864,-122.48999726849429
,9.0,dn9,pkg10,9.0,True,17.0,37.718779,-122.462401,37.725833000773044,-122.50394758139917
,10.0,dn8,pkg9,10.0,True,17.0,37.718779,-122.462401,37.73512662533974,-122.47457051965968
,10.0,dn10,pkg5,10,True,13.0,37.78929,-122.426797,37.77524401930092,-122.44936142865713
,10.0,dn12,pkg19,10,True,14.0,37.78929,-122.426797,37.779932810132784,-122.45401896515295
,10.0,dn13,pkg18,10.0,True,20.0,37.739611,-122.492203,37.75604703152838,-122.50029153749095
,10.0,dn14,pkg23,10,True,19.0,37.739611,-122.492203,37.72886278693318,-122.45054939198654
,11.0,dn15,pkg24,11.0,True,21.0,37.739611,-122.492203,37.757570523271916,-122.50328563900172
,12.0,dn1,pkg13,12,False,10.0,37.774524,-122.473656,37.781127554582525,-122.46335559290222
,13.0,dn2,pkg3,13,False,12.0,37.774524,-122.473656,37.769551242636766,-122.47170648586348
,15.0,dn6,pkg1,15,False,14.0,37.751751,-122.410654,37.73678986955517,-122.42702263365474
,17.0,dn4,pkg21,17,False,11.0,37.751751,-122.410654,37.757107749894345,-122.40110138350487
,17.0,dn5,pkg6,17,False,15.0,37.751751,-122.410654,37.75756548718615,-122.41790275333453
,24.0,dn13,pkg27,24,True,27.0,37.739611,-122.492203,37.76772399227483,-122.46399140143856
,27.0,dn11,pkg7,27,False,18.0,37.78929,-122.426797,37.78534975768284,-122.4185777666294
,29.0,dn8,pkg25,29,False,20.0,37.718779,-122.462401,37.71289289587097,-122.41435502255332
,30.0,dn14,pkg30,30,True,35.0,37.739611,-122.492203,37.771435807340204,-122.49023135114476
,32.0,dn7,pkg12,32,False,15.0,37.718779,-122.462401,37.72576040734987,-122.40824488679398
,32.0,dn1,pkg32,32.0,True,38.0,37.774524,-122.473656,37.77317429428901,-122.49550078273069
,33.0,dn12,pkg28,33,False,32.0,37.78929,-122.426797,37.79279136467839,-122.41950473347393
,34.0,dn10,pkg26,34,False,26.0,37.78929,-122.426797,37.762354925983814,-122.40673627652036
,36.0,dn9,pkg22,36,False,16.0,37.718779,-122.462401,37.74028213243642,-122.4140441843144
,39.0,dn6,pkg29,39,False,37.0,37.751751,-122.410654,37.75333305709204,-122.42233150263722
,40.0,dn3,pkg17,40,False,20.0,37.774524,-122.473656,37.795201997617575,-122.44774514854502
,41.0,dn4,pkg31,41,False,36.0,37.751751,-122.410654,37.72748645230753,-122.42561569649419
,42.0,dn2,pkg34,42,True,44.0,37.774524,-122.473656,37.756310571736144,-122.42428298743538
,42.0,dn15,pkg36,42,True,46.0,37.739611,-122.492203,37.71096087883034,-122.48244764105105
,46.0,dn13,pkg38,46,True,52.0,37.739611,-122.492203,37.77068631404521,-122.47460657476536
,48.0,dn5,pkg35,48,False,40.0,37.751751,-122.410654,37.72214145926953,-122.4309326289352
,48.0,dn14,pkg40,48.0,True,57.0,37.739611,-122.492203,37.71998653384638,-122.50672001692114
,57.0,dn6,pkg43,57,False,56.0,37.751751,-122.410654,37.77422216050041,-122.40514568274922
,58.0,dn1,pkg41,58,False,57.0,37.774524,-122.473656,37.78814951924346,-122.50416451768123
,58.0,dn14,pkg45,58,False,57.0,37.739611,-122.492203,37.72224056835906,-122.45647727477338
,62.0,dn4,pkg39,62,False,50.0,37.751751,-122.410654,37.77776209833865,-122.40529010775604
,63.0,dn10,pkg48,63.0,True,71.0,37.78929,-122.426797,37.78671357657742,-122.47249749961864
,64.0,dn7,pkg44,64,False,57.0,37.718779,-122.462401,37.71471798204869,-122.45322963921518
,65.0,dn8,pkg42,65,False,60.0,37.718779,-122.462401,37.70783940506476,-122.41288156292003
,65.0,dn13,pkg50,65.0,True,70.0,37.739611,-122.492203,37.743495946796266,-122.47286390538527
,66.0,dn15,pkg49,66,True,68.0,37.739611,-122.492203,37.70823997124349,-122.49490979150038
,67.0,dn12,pkg37,67,False,47.0,37.78929,-122.426797,37.79486357192054,-122.41964307025562
,72.0,dn2,pkg46,72,False,67.0,37.774524,-122.473656,37.73840296807385,-122.44339483372929
,72.0,dn14,pkg55,72.0,True,78.0,37.739611,-122.492203,37.74594719051801,-122.46927823852621
,74.0,dn3,pkg54,74,True,76.0,37.774524,-122.473656,37.74286963272758,-122.45297825254407
,76.0,dn11,pkg52,76,True,76.0,37.78929,-122.426797,37.7499682058244,-122.44404026376581
,78.0,dn5,pkg53,78,True,79.0,37.751751,-122.410654,37.718679811486794,-122.42219858275138
,79.0,dn13,pkg56,79,True,82.0,37.739611,-122.492203,37.71754108237438,-122.48811917120504
,81.0,dn6,pkg57,81,True,87.0,37.751751,-122.410654,37.78407670271145,-122.42499287817978
,82.0,dn7,pkg59,82.0,True,88.0,37.718779,-122.462401,37.71722235565253,-122.43924725422664
,83.0,dn9,pkg47,83,False,62.0,37.718779,-122.462401,37.727904025788376,-122.41552206234226
,86.0,dn14,pkg63,86.0,True,95.0,37.739611,-122.492203,37.73622864779921,-122.49331188335766
,91.0,dn10,pkg58,91,False,84.0,37.78929,-122.426797,37.79677779932735,-122.44186399657166
,91.0,dn15,pkg65,91.0,True,98.0,37.739611,-122.492203,37.76496850176731,-122.45930046456725
,92.0,dn1,pkg60,92,False,87.0,37.774524,-122.473656,37.776871428501444,-122.44388603982465
,92.0,dn4,pkg62,92,True,95.0,37.751751,-122.410654,37.79040099408028,-122.40090224163504
,96.0,dn13,pkg68,96.0,True,102.0,37.739611,-122.492203,37.7133444885958,-122.48074554188351
,5.0,dn7,pkg4,5.0,True,10.0,37.718779,-122.462401,37.72567165024868,-122.48091722996436
,5.0,dn9,pkg1,5.0,True,11.0,37.718779,-122.462401,37.744083575534525,-122.48616522134814
,7.0,dn1,pkg11,7,True,13.0,37.774524,-122.473656,37.7773307890283,-122.49179328382753
,8.0,dn2,pkg13,8,True,13.0,37.774524,-122.473656,37.758928436637646,-122.46571841549759
,8.0,dn3,pkg6,8.0,True,13.0,37.774524,-122.473656,37.755839604432055,-122.477130697205
,8.0,dn4,pkg20,8,True,12.0,37.751751,-122.410654,37.734775121518766,-122.42856745810076
,8.0,dn8,pkg17,8,True,12.0,37.718779,-122.462401,37.73711335942412,-122.46202544198924
,8.0,dn15,pkg10,8,True,16.0,37.739611,-122.492203,37.746496712202614,-122.45199999343293
,12.0,dn14,pkg2,12,True,15.0,37.739611,-122.492203,37.76323077545359,-122.45789544587349
,13.0,dn13,pkg15,13,True,14.0,37.739611,-122.492203,37.77488422442955,-122.5064885235314
,17.0,dn7,pkg22,17,False,16.0,37.718779,-122.462401,37.75334215001439,-122.45324508184257
,19.0,dn12,pkg21,19,False,18.0,37.78929,-122.426797,37.795468909917375,-122.41897809180948
,20.0,dn5,pkg14,20,False,16.0,37.751751,-122.410654,37.74471918409751,-122.4041428949041
,22.0,dn11,pkg12,22,False,16.0,37.78929,-122.426797,37.795662648608904,-122.44674851566678
,22.0,dn9,pkg19,22,False,15.0,37.718779,-122.462401,37.73868060042095,-122.41826157179081
,22.0,dn8,pkg28,22,True,28.0,37.718779,-122.462401,37.734252740622466,-122.4703223676488
,28.0,dn6,pkg18,28,False,14.0,37.751751,-122.410654,37.772774213073355,-122.41246105952271
,28.0,dn4,pkg3,28,False,17.0,37.751751,-122.410654,37.725188064668025,-122.41736350314957
,29.0,dn15,pkg29,29,False,25.0,37.739611,-122.492203,37.73498155052547,-122.43650419537283
,29.0,dn13,pkg32,29,True,39.0,37.739611,-122.492203,37.72958785310008,-122.45536502687683
,30.0,dn2,pkg26,30,False,27.0,37.774524,-122.473656,37.76123650578484,-122.43375197449886
,31.0,dn10,pkg7,31,False,14.0,37.78929,-122.426797,37.7814659790374,-122.40275735580747
,31.0,dn3,pkg5,31,False,17.0,37.774524,-122.473656,37.77974904552071,-122.46489029088085
,31.0,dn14,pkg31,31,True,38.0,37.739611,-122.492203,37.761398408153084,-122.48385350650965
,31.0,dn7,pkg30,31,False,30.0,37.718779,-122.462401,37.734000777926376,-122.4266778877574
,38.0,dn1,pkg8,38,False,17.0,37.774524,-122.473656,37.76749729005987,-122.42485079624068
,42.0,dn8,pkg38,42.0,True,51.0,37.718779,-122.462401,37.73654536199982,-122.466142854007
,42.0,dn7,pkg40,42.0,True,47.0,37.718779,-122.462401,37.73666053159938,-122.45052164093579
,50.0,dn4,pkg37,50,False,44.0,37.751751,-122.410654,37.74281272186584,-122.41096577150141
,51.0,dn9,pkg43,51.0,True,57.0,37.718779,-122.462401,37.70738840899052,-122.47560944613483
,51.0,dn13,pkg44,51,True,57.0,37.739611,-122.492203,37.729085120322615,-122.44755047472698
,52.0,dn11,pkg36,52,False,45.0,37.78929,-122.426797,37.781916071183794,-122.40802755156244
,56.0,dn12,pkg35,56,False,39.0,37.78929,-122.426797,37.753866862441264,-122.41084100065144
,59.0,dn2,pkg39,59,False,53.0,37.774524,-122.473656,37.78389210337245,-122.42593178403385
,62.0,dn5,pkg34,62,False,42.0,37.751751,-122.410654,37.77331961406393,-122.3947972545672
,62.0,dn6,pkg47,62,True,64.0,37.751751,-122.410654,37.73723502748195,-122.40340307426563
,63.0,dn7,pkg46,63,False,62.0,37.718779,-122.462401,37.71267263164403,-122.43524626236206
,67.0,dn4,pkg45,67,False,63.0,37.751751,-122.410654,37.79480833195589,-122.41392058015158
,70.0,dn11,pkg49,70,True,70.0,37.78929,-122.426797,37.76513935079671,-122.4064336083688
,73.0,dn3,pkg50,73,True,75.0,37.774524,-122.473656,37.77013246160582,-122.43313613366993
,74.0,dn1,pkg52,74,False,73.0,37.774524,-122.473656,37.78387650961561,-122.49838517098543
,78.0,dn6,pkg48,78,False,69.0,37.751751,-122.410654,37.722097501148795,-122.40439605804316
,79.0,dn13,pkg54,79,True,79.0,37.739611,-122.492203,37.783746759986,-122.48233843456748
,82.0,dn8,pkg59,82,True,89.0,37.718779,-122.462401,37.740136786131174,-122.43377826805674
,84.0,dn10,pkg51,84,False,78.0,37.78929,-122.426797,37.77816337955613,-122.42787666237741
,85.0,dn2,pkg53,85,False,76.0,37.774524,-122.473656,37.77112657156538,-122.45034947906542
,88.0,dn7,pkg61,88,True,89.0,37.718779,-122.462401,37.71302119485425,-122.48924344178803
,88.0,dn9,pkg62,88.0,True,93.0,37.718779,-122.462401,37.73639775195877,-122.48316808468329
,90.0,dn14,pkg63,90.0,True,99.0,37.739611,-122.492203,37.741634603179286,-122.50710481792356
,93.0,dn1,pkg64,93,True,97.0,37.774524,-122.473656,37.78508242165777,-122.48658191470294
,94.0,dn4,pkg55,94,False,79.0,37.751751,-122.410654,37.76583200844016,-122.41134805127565
,95.0,dn11,pkg58,95,False,88.0,37.78929,-122.426797,37.788415216169874,-122.42607218747688
,96.0,dn15,pkg65,96,True,103.0,37.739611,-122.492203,37.72821999359334,-122.43924977178358
,97.0,dn12,pkg57,97,False,87.0,37.78929,-122.426797,37.79151396607264,-122.43389214616374
,98.0,dn3,pkg67,98.0,True,103.0,37.774524,-122.473656,37.764136476528414,-122.50625569381295
,98.0,dn9,pkg66,98,True,104.0,37.718779,-122.462401,37.72000594082361,-122.42799116385393
,100.0,dn5,pkg56,100,False,88.0,37.751751,-122.410654,37.75792322905999,-122.43332389810165
,5.0,dn13,pkg3,5,True,11.0,37.739611,-122.492203,37.71748533062679,-122.50185230069665
,7.0,dn2,pkg20,7,True,11.0,37.774524,-122.473656,37.76947447751418,-122.44479938489765
,7.0,dn8,pkg22,7.0,True,13.0,37.718779,-122.462401,37.72398827278249,-122.47759173779659
,8.0,dn9,pkg2,8.0,True,14.0,37.718779,-122.462401,37.731639217226906,-122.47788902863975
,8.0,dn14,pkg9,8.0,True,18.0,37.739611,-122.492203,37.73805708732636,-122.50084236596672
,9.0,dn7,pkg19,9,True,12.0,37.718779,-122.462401,37.72313703676844,-122.47158305542004
,10.0,dn10,pkg12,10,True,13.0,37.78929,-122.426797,37.79382656911065,-122.43631336282294
,10.0,dn15,pkg8,10.0,True,15.0,37.739611,-122.492203,37.71754553376701,-122.49257341865909
,12.0,dn1,pkg21,12,True,15.0,37.774524,-122.473656,37.774357630459534,-122.47858283658958
,12.0,dn3,pkg11,12,True,13.0,37.774524,-122.473656,37.76029307522191,-122.45127830768456
,13.0,dn5,pkg17,13,True,15.0,37.751751,-122.410654,37.74365560777572,-122.42725805008168
,14.0,dn11,pkg15,14,True,18.0,37.78929,-122.426797,37.78382645801279,-122.43354935246015
,16.0,dn6,pkg5,16,False,15.0,37.751751,-122.410654,37.73667541005071,-122.42604561494598
,19.0,dn4,pkg14,19,False,14.0,37.751751,-122.410654,37.75641752820124,-122.41408686704872
,20.0,dn13,pkg10,20,False,14.0,37.739611,-122.492203,37.745002280351564,-122.44030953773009
,20.0,dn9,pkg13,20,False,18.0,37.718779,-122.462401,37.72835970378355,-122.45400301528792
,20.0,dn15,pkg25,20,True,20.0,37.739611,-122.492203,37.71459766440145,-122.4772011705816
,21.0,dn2,pkg24,21,False,16.0,37.774524,-122.473656,37.77694520345384,-122.4650884689337
,21.0,dn7,pkg26,21,True,25.0,37.718779,-122.462401,37.73373922185473,-122.47627681838132
,23.0,dn8,pkg6,23,False,17.0,37.718779,-122.462401,37.72507093422554,-122.45631280201282
,25.0,dn12,pkg16,25,False,13.0,37.78929,-122.426797,37.77926589546038,-122.39436001542974
,25.0,dn14,pkg23,25,False,14.0,37.739611,-122.492203,37.7526665310111,-122.44447628919268
,30.0,dn7,pkg34,30,True,36.0,37.718779,-122.462401,37.714277923083046,-122.45587063393312
,30.0,dn15,pkg33,30,True,40.0,37.739611,-122.492203,37.767279548381765,-122.49284074737214
,32.0,dn10,pkg32,32,True,36.0,37.78929,-122.426797,37.77517462302321,-122.42776517181845
,33.0,dn3,pkg30,33,True,33.0,37.774524,-122.473656,37.77947424902186,-122.47608722639536
,35.0,dn1,pkg31,35,False,31.0,37.774524,-122.473656,37.78388116842727,-122.4829172351647
,38.0,dn9,pkg36,38,True,44.0,37.718779,-122.462401,37.74968870692661,-122.4391309743983
,39.0,dn13,pkg38,39.0,True,45.0,37.739611,-122.492203,37.735479368715424,-122.4654754107871
,42.0,dn2,pkg29,42,False,35.0,37.774524,-122.473656,37.76619365121304,-122.44382105738516
,43.0,dn15,pkg40,43,True,45.0,37.739611,-122.492203,37.75736449240812,-122.45784036248656
,47.0,dn8,pkg39,47,True,52.0,37.718779,-122.462401,37.72794138644923,-122.40893198403958
,47.0,dn7,pkg43,47.0,True,53.0,37.718779,-122.462401,37.74678693279723,-122.46503821749053
,48.0,dn6,pkg37,48,False,44.0,37.751751,-122.410654,37.733755946507195,-122.41886819098667
,48.0,dn14,pkg44,48.0,True,54.0,37.739611,-122.492203,37.76230706938556,-122.47189675748507
,49.0,dn11,pkg35,49,False,35.0,37.78929,-122.426797,37.76603944735099,-122.42394913219837
,50.0,dn5,pkg28,50,False,32.0,37.751751,-122.410654,37.723492974159335,-122.3969701491726
,53.0,dn10,pkg42,53,True,54.0,37.78929,-122.426797,37.77475446395801,-122.40365815634753
,53.0,dn1,pkg46,53.0,True,61.0,37.774524,-122.473656,37.74020091856988,-122.49413077897289
,57.0,dn4,pkg41,57,False,51.0,37.751751,-122.410654,37.771751242478544,-122.42251862687705
,59.0,dn1,pkg50,59.0,True,64.0,37.774524,-122.473656,37.74784706930181,-122.46226487418221
,61.0,dn3,pkg48,61,True,67.0,37.774524,-122.473656,37.782532747900945,-122.47913399597549
,62.0,dn13,pkg45,62,False,57.0,37.739611,-122.492203,37.71123718191311,-122.44792510901587
,63.0,dn9,pkg49,63.0,True,73.0,37.718779,-122.462401,37.71900987921155,-122.47357783752473
,68.0,dn2,pkg53,68,True,74.0,37.774524,-122.473656,37.75971738015688,-122.44465203358308
,68.0,dn1,pkg55,68,True,73.0,37.774524,-122.473656,37.77123054813492,-122.4826392860956
,71.0,dn8,pkg54,71.0,True,76.0,37.718779,-122.462401,37.73181843644768,-122.4992351291262
,74.0,dn6,pkg47,74,False,67.0,37.751751,-122.410654,37.74184560481334,-122.40224178736155
,75.0,dn7,pkg51,75,False,70.0,37.718779,-122.462401,37.70731548677573,-122.43332277178556
,77.0,dn14,pkg56,77,True,82.0,37.739611,-122.492203,37.73992851747429,-122.45052029429364
,81.0,dn9,pkg57,81.0,True,87.0,37.718779,-122.462401,37.717255393260416,-122.4623997738908
,82.0,dn10,pkg58,82,True,88.0,37.78929,-122.426797,37.771065244440464,-122.39998088203545
,85.0,dn12,pkg52,85,False,76.0,37.78929,-122.426797,37.75222575464792,-122.4020448808634
,86.0,dn1,pkg60,86,True,92.0,37.774524,-122.473656,37.78378654382168,-122.48688422157306
,88.0,dn3,pkg62,88.0,True,98.0,37.774524,-122.473656,37.744018754318944,-122.50409985676197
,88.0,dn4,pkg63,88.0,True,95.0,37.751751,-122.410654,37.764182462358896,-122.41074841454201
,89.0,dn5,pkg59,89,True,89.0,37.751751,-122.410654,37.77186991799925,-122.40050112973637
,89.0,dn13,pkg64,89.0,True,98.0,37.739611,-122.492203,37.76106258687606,-122.48802524773596
,91.0,dn15,pkg66,91.0,True,101.0,37.739611,-122.492203,37.763363591370805,-122.48234761492617
,96.0,dn2,pkg61,96,False,91.0,37.774524,-122.473656,37.79675999087394,-122.47691192074517
,96.0,dn11,pkg65,96,True,96.0,37.78929,-122.426797,37.76614492840894,-122.4057436032535
,99.0,dn6,pkg67,99,False,98.0,37.751751,-122.410654,37.73048135589294,-122.42602509229646
,5.0,dn7,pkg19,5.0,True,12.0,37.718779,-122.462401,37.7265283480697,-122.46872855493646
,6.0,dn2,pkg12,6.0,True,13.0,37.774524,-122.473656,37.74282168449296,-122.44471019656562
,7.0,dn13,pkg8,7.0,True,17.0,37.739611,-122.492203,37.72339414702693,-122.50032158590024
,7.0,dn14,pkg18,7,True,17.0,37.739611,-122.492203,37.72864478908135,-122.45475280508094
,9.0,dn5,pkg10,9,True,15.0,37.751751,-122.410654,37.75132290874525,-122.43349453723872
,9.0,dn8,pkg16,9.0,True,15.0,37.718779,-122.462401,37.7157463458806,-122.45848118820867
,9.0,dn9,pkg2,9.0,True,16.0,37.718779,-122.462401,37.72181370350798,-122.48265582527974
,10.0,dn1,pkg4,10,True,11.0,37.774524,-122.473656,37.77422123802902,-122.47295282885018
,11.0,dn3,pkg5,11,True,18.0,37.774524,-122.473656,37.76533805656648,-122.50071090614377
,12.0,dn10,pkg11,12,True,15.0,37.78929,-122.426797,37.79121809217948,-122.41206985962265
,12.0,dn15,pkg17,12,True,18.0,37.739611,-122.492203,37.755125008191335,-122.45756157670999
,16.0,dn12,pkg7,16,True,20.0,37.78929,-122.426797,37.786148140476165,-122.40597786285474
,16.0,dn2,pkg23,16,False,15.0,37.774524,-122.473656,37.75100165251132,-122.45561827953355
,18.0,dn11,pkg21,18,True,18.0,37.78929,-122.426797,37.78317083243435,-122.43830827117866
,19.0,dn4,pkg1,19,False,14.0,37.751751,-122.410654,37.765926055545776,-122.39929293445168
,19.0,dn6,pkg15,19,False,14.0,37.751751,-122.410654,37.78062647539451,-122.40368561576733
,22.0,dn14,pkg25,22,True,22.0,37.739611,-122.492203,37.756073830618654,-122.47925362992727
,24.0,dn7,pkg9,24,False,15.0,37.718779,-122.462401,37.72993953058651,-122.42992489895822
,27.0,dn2,pkg31,27,True,31.0,37.774524,-122.473656,37.76345727544945,-122.4381990441618
,28.0,dn13,pkg22,28,False,16.0,37.739611,-122.492203,37.74909527674209,-122.44001887427079
,32.0,dn5,pkg24,32,False,20.0,37.751751,-122.410654,37.752169144009564,-122.42004102210826
,33.0,dn9,pkg14,33,False,17.0,37.718779,-122.462401,37.708826716520846,-122.42194233729346
,34.0,dn3,pkg33,34,True,37.0,37.774524,-122.473656,37.77543421423841,-122.44436028231576
,35.0,dn14,pkg34,35,True,38.0,37.739611,-122.492203,37.72413128351546,-122.4602922130886
,36.0,dn15,pkg30,36,False,33.0,37.739611,-122.492203,37.710707599749725,-122.50601578998179
,37.0,dn1,pkg32,37,False,31.0,37.774524,-122.473656,37.78741870529026,-122.47894712456849
,39.0,dn8,pkg26,39,False,19.0,37.718779,-122.462401,37.7095441057583,-122.41706538171148
,42.0,dn10,pkg28,42,False,28.0,37.78929,-122.426797,37.77338923195612,-122.40398202299214
,44.0,dn7,pkg37,44,True,48.0,37.718779,-122.462401,37.716839761174484,-122.50390844549254
,45.0,dn12,pkg35,45,False,41.0,37.78929,-122.426797,37.748922591505334,-122.43963302421766
,45.0,dn2,pkg38,45,True,50.0,37.774524,-122.473656,37.74295055764608,-122.46544390698122
,45.0,dn14,pkg39,45,True,50.0,37.739611,-122.492203,37.74539974686497,-122.47338847530634
,49.0,dn13,pkg42,49.0,True,59.0,37.739611,-122.492203,37.74924765646262,-122.4972503097327
,53.0,dn3,pkg40,53,False,51.0,37.774524,-122.473656,37.78512212237821,-122.49687883196037
,56.0,dn11,pkg36,56,False,45.0,37.78929,-122.426797,37.7562636956414,-122.41193515658863
,56.0,dn4,pkg41,56,True,57.0,37.751751,-122.410654,37.74183336390418,-122.43558881143451
,57.0,dn5,pkg44,57,True,59.0,37.751751,-122.410654,37.72168341062143,-122.43282262906351
,58.0,dn13,pkg47,58,True,64.0,37.739611,-122.492203,37.76979409503911,-122.479245941154
,64.0,dn14,pkg49,64,True,67.0,37.739611,-122.492203,37.77674157334401,-122.46622906524021
,65.0,dn1,pkg45,65,False,58.0,37.774524,-122.473656,37.788515761977685,-122.47144315372631
,66.0,dn2,pkg46,66,False,60.0,37.774524,-122.473656,37.77007878000849,-122.44168898143698
,66.0,dn9,pkg50,66,True,71.0,37.718779,-122.462401,37.716338700483774,-122.46692194893961
,66.0,dn15,pkg51,66.0,True,76.0,37.739611,-122.492203,37.72052949523828,-122.48576774641009
,67.0,dn7,pkg48,67,True,69.0,37.718779,-122.462401,37.724901222029494,-122.44933013041738
,71.0,dn6,pkg43,71,False,56.0,37.751751,-122.410654,37.70932053825431,-122.40860313050042
,75.0,dn5,pkg54,75,True,81.0,37.751751,-122.410654,37.728986237133135,-122.43463629139514
,77.0,dn8,pkg53,77,True,79.0,37.718779,-122.462401,37.74063293837021,-122.44150838717637
,79.0,dn13,pkg56,79.0,True,85.0,37.739611,-122.492203,37.72797949621346,-122.50008587405678
,80.0,dn10,pkg55,80,True,87.0,37.78929,-122.426797,37.75305271269808,-122.45624827353681
,85.0,dn1,pkg57,85.0,True,90.0,37.774524,-122.473656,37.74357416736593,-122.47311390256561
,87.0,dn3,pkg52,87,False,78.0,37.774524,-122.473656,37.7826585822585,-122.4197215859962
,88.0,dn2,pkg58,88,True,94.0,37.774524,-122.473656,37.75055135665474,-122.43126055331031
,88.0,dn4,pkg59,88,True,90.0,37.751751,-122.410654,37.71816502689467,-122.4239486736267
,94.0,dn5,pkg60,94,True,100.0,37.751751,-122.410654,37.7798199442847,-122.42376832757255
,6.0,dn13,pkg6,6.0,True,15.0,37.739611,-122.492203,37.73439109539902,-122.49723561058079
,7.0,dn7,pkg7,7,True,14.0,37.718779,-122.462401,37.721706839681445,-122.4733089813997
,7.0,dn9,pkg18,7.0,True,13.0,37.718779,-122.462401,37.744221189111386,-122.49370696186554
,8.0,dn6,pkg1,8,True,15.0,37.751751,-122.410654,37.76317490804592,-122.40819983233274
,8.0,dn11,pkg9,8,True,15.0,37.78929,-122.426797,37.78828577926212,-122.42575273390555
,8.0,dn14,pkg10,8.0,True,13.0,37.739611,-122.492203,37.773096168393224,-122.50108341192622
,10.0,dn8,pkg22,10.0,True,17.0,37.718779,-122.462401,37.720080774282444,-122.44908819495863
,11.0,dn4,pkg17,11,True,13.0,37.751751,-122.410654,37.756643462062556,-122.41473815797791
,13.0,dn5,pkg8,13,False,12.0,37.751751,-122.410654,37.76936245643676,-122.42281843813461
,14.0,dn12,pkg16,14,True,15.0,37.78929,-122.426797,37.76757993286315,-122.42987861143769
,14.0,dn15,pkg15,14,True,19.0,37.739611,-122.492203,37.7349204309273,-122.44013860216279
,16.0,dn1,pkg14,16,False,12.0,37.774524,-122.473656,37.781702944365286,-122.47582097988204
,16.0,dn2,pkg11,16,False,15.0,37.774524,-122.473656,37.78001874588436,-122.46677166118727
,16.0,dn9,pkg23,16,True,19.0,37.718779,-122.462401,37.729214378936675,-122.46634598505017
,21.0,dn10,pkg2,21,False,13.0,37.78929,-122.426797,37.78590224130927,-122.43300885789466
,24.0,dn3,pkg13,24,False,13.0,37.774524,-122.473656,37.79457974101727,-122.47621125270963
,25.0,dn8,pkg20,25,False,17.0,37.718779,-122.462401,37.733037590796094,-122.41956383448264
,25.0,dn13,pkg27,25.0,True,35.0,37.739611,-122.492203,37.77386139361507,-122.49892357947392
,28.0,dn6,pkg3,28,False,17.0,37.751751,-122.410654,37.755313120793524,-122.43277675812044
,30.0,dn7,pkg19,30,False,18.0,37.718779,-122.462401,37.73373781025629,-122.43182361053337
,31.0,dn14,pkg30,31,True,39.0,37.739611,-122.492203,37.77263627939477,-122.45890845870237
,35.0,dn13,pkg34,35,True,44.0,37.739611,-122.492203,37.72040460826772,-122.46376349988715
,36.0,dn11,pkg4,36,False,17.0,37.78929,-122.426797,37.778367626283696,-122.4477642118618
,37.0,dn12,pkg31,37,False,33.0,37.78929,-122.426797,37.74814771673991,-122.4440336202912
,38.0,dn9,pkg28,38,False,31.0,37.718779,-122.462401,37.715294947513094,-122.43310603984054
,38.0,dn15,pkg32,38,True,39.0,37.739611,-122.492203,37.74233144823512,-122.45400701536693
,42.0,dn8,pkg37,42.0,True,48.0,37.718779,-122.462401,37.7116084749173,-122.46028382312221
,43.0,dn5,pkg26,43,False,27.0,37.751751,-122.410654,37.72150531322031,-122.39851355493123
,44.0,dn1,pkg33,44,True,44.0,37.774524,-122.473656,37.77757811678656,-122.46908432715227
,44.0,dn13,pkg35,44,True,50.0,37.739611,-122.492203,37.72592922965868,-122.47238439279933
,44.0,dn14,pkg40,44.0,True,52.0,37.739611,-122.492203,37.74908853784493,-122.48874566968146
,45.0,dn4,pkg25,45,False,24.0,37.751751,-122.410654,37.76554853050499,-122.39799578145274
,45.0,dn2,pkg36,45,False,42.0,37.774524,-122.473656,37.790697682974816,-122.45011969760101
,48.0,dn10,pkg38,48,False,47.0,37.78929,-122.426797,37.77279485755705,-122.46967896896912
,49.0,dn6,pkg39,49,True,49.0,37.751751,-122.410654,37.74198927295059,-122.46538860215833
,57.0,dn3,pkg43,57.0,True,62.0,37.774524,-122.473656,37.761135370951,-122.48518848504676
,58.0,dn13,pkg45,58,True,63.0,37.739611,-122.492203,37.77158112411336,-122.49008727254666
,59.0,dn12,pkg41,59,False,57.0,37.78929,-122.426797,37.74722218025452,-122.41356052130298
,60.0,dn8,pkg49,60.0,True,66.0,37.718779,-122.462401,37.748588076625786,-122.46975550780441
,63.0,dn7,pkg47,63,True,66.0,37.718779,-122.462401,37.731511966039356,-122.4288693893273
,66.0,dn9,pkg50,66.0,True,74.0,37.718779,-122.462401,37.756861049684154,-122.45790903480753
,67.0,dn10,pkg42,67,False,61.0,37.78929,-122.426797,37.78215691345093,-122.4110086564393
,69.0,dn8,pkg53,69.0,True,79.0,37.718779,-122.462401,37.73707389658511,-122.48023619307672
,70.0,dn1,pkg44,70,False,65.0,37.774524,-122.473656,37.79067191989341,-122.48987820665435
,70.0,dn14,pkg54,70.0,True,76.0,37.739611,-122.492203,37.711515818472066,-122.49051167980888
,71.0,dn2,pkg48,71,True,73.0,37.774524,-122.473656,37.76479688002672,-122.4402699663841
,71.0,dn6,pkg51,71,True,75.0,37.751751,-122.410654,37.7469751462,-122.42409754492837
,73.0,dn11,pkg46,73,False,66.0,37.78929,-122.426797,37.770368243392774,-122.44817219363078
,74.0,dn5,pkg52,74,True,75.0,37.751751,-122.410654,37.725849845849424,-122.4363037192832
,78.0,dn3,pkg55,78,True,78.0,37.774524,-122.473656,37.794435360353305,-122.49385751937206
,80.0,dn13,pkg58,80.0,True,86.0,37.739611,-122.492203,37.74966432499534,-122.47526836156865
,82.0,dn7,pkg61,82,True,89.0,37.718779,-122.462401,37.73277382039493,-122.42169686322585
,85.0,dn15,pkg60,85,True,85.0,37.739611,-122.492203,37.777016578125476,-122.49232124963603
,86.0,dn4,pkg56,86,False,81.0,37.751751,-122.410654,37.75445430688036,-122.41860557551081
,86.0,dn9,pkg62,86,True,88.0,37.718779,-122.462401,37.74117978800727,-122.45083925295796
,88.0,dn8,pkg57,88,False,87.0,37.718779,-122.462401,37.711095621520904,-122.43188193296845
,89.0,dn14,pkg64,89,True,96.0,37.739611,-122.492203,37.711975691838916,-122.46556901949798
,90.0,dn12,pkg59,90,False,89.0,37.78929,-122.426797,37.77101304249338,-122.44597527152641
,90.0,dn6,pkg66,90,True,98.0,37.751751,-122.410654,37.73479852576167,-122.42765837455221
,91.0,dn13,pkg65,91,True,94.0,37.739611,-122.492203,37.73131762143749,-122.4647919996299
,94.0,dn1,pkg63,94,True,94.0,37.774524,-122.473656,37.79232769742008,-122.49945325017606
,94.0,dn2,pkg68,94,True,97.0,37.774524,-122.473656,37.74239935785243,-122.45711055200573
,98.0,dn5,pkg67,98,True,101.0,37.751751,-122.410654,37.74670162723398,-122.40629081010631
,6.0,dn5,pkg22,6,True,11.0,37.751751,-122.410654,37.757016494775,-122.44084177374911
,8.0,dn8,pkg8,8.0,True,13.0,37.718779,-122.462401,37.71543606115776,-122.45984142198915
,8.0,dn15,pkg18,8.0,True,18.0,37.739611,-122.492203,37.757438675729304,-122.5029997367177
,9.0,dn1,pkg15,9,True,15.0,37.774524,-122.473656,37.77623668444729,-122.47272096079183
,9.0,dn3,pkg9,9,True,15.0,37.774524,-122.473656,37.7759876998216,-122.48648096031842
,9.0,dn14,pkg12,9.0,True,18.0,37.739611,-122.492203,37.7372019508508,-122.50655602618463
,10.0,dn9,pkg1,10,True,12.0,37.718779,-122.462401,37.7203027657331,-122.45000146470714
,10.0,dn11,pkg10,10.0,True,16.0,37.78929,-122.426797,37.77767254649237,-122.44445764257128
,10.0,dn13,pkg6,10.0,True,15.0,37.739611,-122.492203,37.74071050551148,-122.48789782160556
,14.0,dn6,pkg3,14,False,12.0,37.751751,-122.410654,37.72024167219397,-122.39869333275027
,14.0,dn15,pkg24,14,True,23.0,37.739611,-122.492203,37.727374270578245,-122.49377851779178
,16.0,dn12,pkg5,16,True,16.0,37.78929,-122.426797,37.77507880845196,-122.45894401269341
,17.0,dn2,pkg21,17,False,12.0,37.774524,-122.473656,37.79398582428491,-122.46747797037534
,17.0,dn7,pkg4,17,False,10.0,37.718779,-122.462401,37.70953682492855,-122.45168872490724
,19.0,dn4,pkg17,19,False,13.0,37.751751,-122.410654,37.762980173378985,-122.40453233646618
,19.0,dn15,pkg25,19,True,23.0,37.739611,-122.492203,37.71032015819804,-122.48998904406858
,21.0,dn14,pkg20,21,False,17.0,37.739611,-122.492203,37.754801092562005,-122.46599200343044
,22.0,dn13,pkg2,22,False,15.0,37.739611,-122.492203,37.7759907851243,-122.49511596288897
,25.0,dn11,pkg11,25,False,19.0,37.78929,-122.426797,37.76217062790593,-122.45576726336694
,25.0,dn3,pkg30,25,True,29.0,37.774524,-122.473656,37.785291991946046,-122.47899561691563
,26.0,dn10,pkg14,26,False,14.0,37.78929,-122.426797,37.776371198912415,-122.42416840070915
,28.0,dn8,pkg23,28,False,13.0,37.718779,-122.462401,37.71671013479617,-122.41996876866492
,28.0,dn9,pkg27,28,False,26.0,37.718779,-122.462401,37.733845272821064,-122.46609067466676
,28.0,dn15,pkg34,28.0,True,38.0,37.739611,-122.492203,37.74041480970714,-122.49537313564892
,31.0,dn5,pkg7,31,False,16.0,37.751751,-122.410654,37.770270587677054,-122.40104852284138
,31.0,dn1,pkg28,31,False,28.0,37.774524,-122.473656,37.78265985780601,-122.48977086743241
,39.0,dn15,pkg35,39,True,39.0,37.739611,-122.492203,37.7809618016539,-122.47513990656661
,40.0,dn14,pkg37,40,True,42.0,37.739611,-122.492203,37.77098446083359,-122.5025495475993
,40.0,dn3,pkg33,40,False,34.0,37.774524,-122.473656,37.78363134205029,-122.44216962217818
,41.0,dn7,pkg38,41,True,50.0,37.718779,-122.462401,37.71558764002715,-122.45531412892328
,46.0,dn6,pkg29,46,False,31.0,37.751751,-122.410654,37.74154812490443,-122.40513666702687
,51.0,dn2,pkg39,51,False,49.0,37.774524,-122.473656,37.777744956521246,-122.44909794444251
,51.0,dn9,pkg43,51.0,True,58.0,37.718779,-122.462401,37.72549170635073,-122.50506640328929
,52.0,dn12,pkg31,52,False,34.0,37.78929,-122.426797,37.778160065080314,-122.42969115536776
,52.0,dn11,pkg36,52,False,43.0,37.78929,-122.426797,37.778799635020384,-122.40904209863808
,52.0,dn4,pkg40,52,True,54.0,37.751751,-122.410654,37.78516497053944,-122.42170396884309
,53.0,dn13,pkg47,53.0,True,59.0,37.739611,-122.492203,37.78171468229313,-122.4858036911637
,56.0,dn8,pkg46,56,True,62.0,37.718779,-122.462401,37.719929596972754,-122.41065316845628
,57.0,dn1,pkg44,57,True,59.0,37.774524,-122.473656,37.78257936005049,-122.46476216843213
,57.0,dn5,pkg42,57,False,55.0,37.751751,-122.410654,37.773732774690735,-122.4303422052836
,67.0,dn9,pkg56,67.0,True,74.0,37.718779,-122.462401,37.712535738007524,-122.48245857113868
,69.0,dn7,pkg49,69,False,61.0,37.718779,-122.462401,37.725732466008076,-122.42030722866247
,69.0,dn14,pkg55,69,True,72.0,37.739611,-122.492203,37.766475116304115,-122.4686817750289
,72.0,dn2,pkg57,72,True,79.0,37.774524,-122.473656,37.79095691170251,-122.49109395716138
,76.0,dn3,pkg41,76,False,55.0,37.774524,-122.473656,37.7968465945515,-122.44310564044147
,77.0,dn13,pkg59,77,True,77.0,37.739611,-122.492203,37.78020934684711,-122.50671490140466
,80.0,dn8,pkg61,80,True,85.0,37.718779,-122.462401,37.70854711107295,-122.49023652903287
,82.0,dn10,pkg52,82,False,62.0,37.78929,-122.426797,37.79048791466514,-122.40999950538261
,84.0,dn9,pkg62,84,True,89.0,37.718779,-122.462401,37.71396328327636,-122.4730714617274
,85.0,dn4,pkg58,85,False,83.0,37.751751,-122.410654,37.786407330607965,-122.42593584999662
,89.0,dn6,pkg54,89,False,69.0,37.751751,-122.410654,37.79276617626429,-122.41827522470358
,93.0,dn5,pkg50,93,False,68.0,37.751751,-122.410654,37.76079698946897,-122.39942487729148
,93.0,dn11,pkg60,93,False,80.0,37.78929,-122.426797,37.791057032302014,-122.39764769757672
,95.0,dn1,pkg63,95,False,90.0,37.774524,-122.473656,37.79067045877287,-122.45779468596649
,95.0,dn14,pkg67,95,True,97.0,37.739611,-122.492203,37.73993031373128,-122.43799673680647
,95.0,dn15,pkg69,95,True,101.0,37.739611,-122.492203,37.77935326797991,-122.47847561016607
,96.0,dn12,pkg66,96,False,92.0,37.78929,-122.426797,37.750645542183904,-122.43285469888717
,6.0,dn8,pkg22,6,True,14.0,37.718779,-122.462401,37.73432587708985,-122.47345376578383
,6.0,dn15,pkg7,6.0,True,16.0,37.739611,-122.492203,37.7219194386399,-122.49684428944029
,7.0,dn13,pkg2,7.0,True,14.0,37.739611,-122.492203,37.737860063748954,-122.49266819401005
,8.0,dn1,pkg8,8,True,15.0,37.774524,-122.473656,37.76431193460463,-122.46983621408324
,9.0,dn3,pkg14,9,True,14.0,37.774524,-122.473656,37.74453638186494,-122.46302105360009
,9.0,dn4,pkg6,9,True,12.0,37.751751,-122.410654,37.75747813987897,-122.42213248931166
,9.0,dn11,pkg3,9,True,13.0,37.78929,-122.426797,37.7644952314646,-122.41607927983063
,9.0,dn14,pkg1,9.0,True,14.0,37.739611,-122.492203,37.73426414031765,-122.50205594837591
,10.0,dn7,pkg20,10.0,True,16.0,37.718779,-122.462401,37.72723229094667,-122.47003171065874
,11.0,dn6,pkg11,11,True,11.0,37.751751,-122.410654,37.771906928243006,-122.40737563765124
,12.0,dn2,pkg5,12,True,15.0,37.774524,-122.473656,37.75573468747267,-122.44792384652675
,12.0,dn10,pkg19,12,True,16.0,37.78929,-122.426797,37.78217710016934,-122.43830601877113
,13.0,dn5,pkg16,13,False,12.0,37.751751,-122.410654,37.74652050088989,-122.397479745691
,14.0,dn9,pkg18,14,True,17.0,37.718779,-122.462401,37.72547241152858,-122.45114948542235
,15.0,dn15,pkg26,15.0,True,21.0,37.739611,-122.492203,37.74539297573236,-122.49064709259895
,16.0,dn14,pkg15,16,True,18.0,37.739611,-122.492203,37.74701659600579,-122.46500552338068
,17.0,dn12,pkg17,17,False,16.0,37.78929,-122.426797,37.78253604870963,-122.44826630748578
,21.0,dn13,pkg9,21,False,14.0,37.739611,-122.492203,37.70856393380195,-122.494367885807
,21.0,dn3,pkg25,21,True,22.0,37.774524,-122.473656,37.75484403352082,-122.50157982234063
,23.0,dn7,pkg29,23.0,True,33.0,37.718779,-122.462401,37.74639755990615,-122.46381038272689
,25.0,dn1,pkg24,25,False,19.0,37.774524,-122.473656,37.773991416568606,-122.4945090699789
,25.0,dn15,pkg30,25.0,True,30.0,37.739611,-122.492203,37.75373068807006,-122.48646219937557
,26.0,dn11,pkg28,26,True,31.0,37.78929,-122.426797,37.770131503148015,-122.4693254469618
,30.0,dn2,pkg32,30,False,29.0,37.774524,-122.473656,37.78874380344233,-122.48259818918777
,33.0,dn14,pkg34,33,True,38.0,37.739611,-122.492203,37.75847377449561,-122.47465689620998
,36.0,dn15,pkg37,36,True,43.0,37.739611,-122.492203,37.752258186426396,-122.46135448504779
,37.0,dn6,pkg27,37,False,30.0,37.751751,-122.410654,37.74379234339925,-122.40588657893584
,37.0,dn9,pkg36,37.0,True,46.0,37.718779,-122.462401,37.72340359694128,-122.4339729973508
,38.0,dn8,pkg10,38,False,15.0,37.718779,-122.462401,37.71888968318114,-122.40948668689508
,42.0,dn7,pkg35,42,False,40.0,37.718779,-122.462401,37.738723219491426,-122.43907666743502
,43.0,dn13,pkg40,43.0,True,50.0,37.739611,-122.492203,37.7301018606825,-122.49936233116412
,44.0,dn3,pkg33,44,False,30.0,37.774524,-122.473656,37.79004114810133,-122.42588385579234
,45.0,dn4,pkg23,45,False,20.0,37.751751,-122.410654,37.78445438216825,-122.3954526688047
,47.0,dn10,pkg38,47,False,44.0,37.78929,-122.426797,37.7845562613117,-122.45255450873194
,49.0,dn15,pkg45,49.0,True,54.0,37.739611,-122.492203,37.757201624842374,-122.49580571069461
,49.0,dn9,pkg43,49,True,51.0,37.718779,-122.462401,37.74299036799946,-122.4389030440575
,52.0,dn2,pkg42,52,True,53.0,37.774524,-122.473656,37.792987859956845,-122.4256253282421
,54.0,dn14,pkg41,54,False,51.0,37.739611,-122.492203,37.71384225523998,-122.45238030748344
,56.0,dn13,pkg49,56.0,True,62.0,37.739611,-122.492203,37.743527145270534,-122.45676535176125
,57.0,dn1,pkg39,57,False,52.0,37.774524,-122.473656,37.79198089013106,-122.43230339327042
,57.0,dn11,pkg44,57,True,61.0,37.78929,-122.426797,37.77744718828125,-122.41416825087873
,58.0,dn5,pkg31,58,False,31.0,37.751751,-122.410654,37.70846240852218,-122.4039708505344
,64.0,dn12,pkg46,64,False,59.0,37.78929,-122.426797,37.777672518929705,-122.39840946245735
,64.0,dn9,pkg51,64.0,True,69.0,37.718779,-122.462401,37.736622238897866,-122.43328755188148
,71.0,dn7,pkg53,71.0,True,76.0,37.718779,-122.462401,37.74331417080038,-122.49893078934426
,71.0,dn2,pkg54,71,True,78.0,37.774524,-122.473656,37.76556749573531,-122.41992319582593
,72.0,dn6,pkg48,72,False,62.0,37.751751,-122.410654,37.78426038936351,-122.406385205999
,73.0,dn10,pkg50,73,False,67.0,37.78929,-122.426797,37.78057098845428,-122.43939842485327
,79.0,dn3,pkg56,79,False,75.0,37.774524,-122.473656,37.79175003556551,-122.43387265792612
,85.0,dn11,pkg58,85,True,92.0,37.78929,-122.426797,37.78532536598147,-122.40906217138642
,90.0,dn7,pkg61,90.0,True,97.0,37.718779,-122.462401,37.735167318136874,-122.48651182010717
,91.0,dn1,pkg59,91,False,88.0,37.774524,-122.473656,37.79498018810643,-122.4795789381789
,96.0,dn8,pkg57,96,False,84.0,37.718779,-122.462401,37.73268812702449,-122.40891353472583
,96.0,dn2,pkg60,96,False,92.0,37.774524,-122.473656,37.78636390899542,-122.45030376981657
,97.0,dn9,pkg63,97,True,99.0,37.718779,-122.462401,37.73047375784796,-122.420305961694
,97.0,dn5,pkg65,97,True,103.0,37.751751,-122.410654,37.77426627643345,-122.43390724622786
,100.0,dn4,pkg55,100,False,83.0,37.751751,-122.410654,37.728384845224596,-122.39876456014221
,6.0,dn7,pkg10,6.0,True,14.0,37.718779,-122.462401,37.71802021020185,-122.48454564102322
,6.0,dn13,pkg22,6.0,True,15.0,37.739611,-122.492203,37.73550636899528,-122.48212509589878
,6.0,dn15,pkg4,6.0,True,15.0,37.739611,-122.492203,37.76074282597004,-122.4947828494854
,7.0,dn2,pkg9,7,True,13.0,37.774524,-122.473656,37.77642554825334,-122.45404415702228
,8.0,dn3,pkg2,8.0,True,13.0,37.774524,-122.473656,37.76877296069619,-122.49801516368382
,8.0,dn8,pkg11,8.0,True,13.0,37.718779,-122.462401,37.70964041377131,-122.43343420297717
,8.0,dn14,pkg12,8.0,True,16.0,37.739611,-122.492203,37.75346155062113,-122.4912577889872
,9.0,dn1,pkg7,9,True,12.0,37.774524,-122.473656,37.773318279444894,-122.4913484415776
,9.0,dn10,pkg19,9,True,17.0,37.78929,-122.426797,37.7739140000299,-122.44860575297285
,10.0,dn4,pkg14,10,True,11.0,37.751751,-122.410654,37.75189590730686,-122.42525776689331
,11.0,dn9,pkg15,11,True,14.0,37.718779,-122.462401,37.71332547854153,-122.4321806073818
,12.0,dn5,pkg3,12,True,13.0,37.751751,-122.410654,37.74636060263904,-122.40761419088379
,12.0,dn12,pkg23,12,True,13.0,37.78929,-122.426797,37.778812882396224,-122.47873210088068
,15.0,dn13,pkg5,15,True,16.0,37.739611,-122.492203,37.75466266104571,-122.47726781332204
,16.0,dn6,pkg20,16,False,13.0,37.751751,-122.410654,37.73069071676309,-122.44083849581664
,18.0,dn14,pkg25,18,True,24.0,37.739611,-122.492203,37.74847753451346,-122.49602267663431
,19.0,dn11,pkg13,19,False,17.0,37.78929,-122.426797,37.774187660585525,-122.39668809544635
,21.0,dn15,pkg16,21,False,14.0,37.739611,-122.492203,37.78165946310687,-122.50054971857072
,23.0,dn7,pkg6,23,False,16.0,37.718779,-122.462401,37.72905473137846,-122.42036262911431
,23.0,dn8,pkg24,23,False,22.0,37.718779,-122.462401,37.73056920723449,-122.44206115703925
,25.0,dn3,pkg28,25,True,32.0,37.774524,-122.473656,37.7673757548031,-122.45647471745598
,29.0,dn9,pkg27,29,False,27.0,37.718779,-122.462401,37.72540472233818,-122.46407312810274
,30.0,dn2,pkg21,30,False,16.0,37.774524,-122.473656,37.791512118228276,-122.50013687575189
,32.0,dn4,pkg30,32,False,29.0,37.751751,-122.410654,37.76221684975454,-122.40731508498747
,32.0,dn13,pkg32,32.0,True,40.0,37.739611,-122.492203,37.73218006818038,-122.50172800310958
,40.0,dn10,pkg26,40,False,29.0,37.78929,-122.426797,37.79647590057076,-122.3949032626171
,40.0,dn5,pkg29,40,False,34.0,37.751751,-122.410654,37.72896952627134,-122.41579960833833
,41.0,dn7,pkg34,41,True,45.0,37.718779,-122.462401,37.7482386384831,-122.4241460509183
,45.0,dn6,pkg36,45,False,41.0,37.751751,-122.410654,37.74981104865263,-122.42348767160276
,47.0,dn3,pkg40,47,True,48.0,37.774524,-122.473656,37.774877725391875,-122.47114856244197
,49.0,dn9,pkg39,49,False,48.0,37.718779,-122.462401,37.728554069372265,-122.424337549534
,49.0,dn13,pkg41,49.0,True,55.0,37.739611,-122.492203,37.75332383293669,-122.45233961684413
,49.0,dn14,pkg42,49,True,58.0,37.739611,-122.492203,37.7598200219686,-122.4890772912731
,50.0,dn1,pkg37,50,True,50.0,37.774524,-122.473656,37.79257768631065,-122.44162038123783
,51.0,dn12,pkg33,51,False,39.0,37.78929,-122.426797,37.79079915297023,-122.39906886567276
,52.0,dn8,pkg31,52,False,37.0,37.718779,-122.462401,37.71251923593316,-122.43603874523735
,55.0,dn11,pkg35,55,False,39.0,37.78929,-122.426797,37.78183246848274,-122.40139756284282
,57.0,dn7,pkg43,57,True,61.0,37.718779,-122.462401,37.74136001780661,-122.42446964277767
,58.0,dn2,pkg45,58,True,59.0,37.774524,-122.473656,37.79048430474313,-122.50400533153514
,58.0,dn14,pkg48,58,True,66.0,37.739611,-122.492203,37.763811693594654,-122.46574306735278
,59.0,dn15,pkg46,59.0,True,67.0,37.739611,-122.492203,37.74892899973095,-122.47876901085311
,66.0,dn6,pkg49,66,True,70.0,37.751751,-122.410654,37.75376202451019,-122.41332158162236
,66.0,dn14,pkg54,66.0,True,71.0,37.739611,-122.492203,37.75006031369243,-122.50603762278391
,67.0,dn5,pkg44,67,False,57.0,37.751751,-122.410654,37.75398110327752,-122.41990010464504
,67.0,dn13,pkg47,67,True,69.0,37.739611,-122.492203,37.78137455246241,-122.47972115006253
,67.0,dn3,pkg52,67.0,True,75.0,37.774524,-122.473656,37.776269401446044,-122.4777081068328
,69.0,dn9,pkg53,69.0,True,74.0,37.718779,-122.462401,37.71676259026874,-122.47547838316473
,75.0,dn4,pkg38,75,False,48.0,37.751751,-122.410654,37.78473283718005,-122.40462741853821
,76.0,dn1,pkg57,76,True,80.0,37.774524,-122.473656,37.78894195622234,-122.48955881362292
,77.0,dn7,pkg58,77,True,78.0,37.718779,-122.462401,37.74377231891865,-122.44164524061397
,79.0,dn15,pkg55,79,False,77.0,37.739611,-122.492203,37.77725851434972,-122.47549878020342
,79.0,dn14,pkg61,79.0,True,87.0,37.739611,-122.492203,37.73166893978224,-122.49354155212772
,80.0,dn2,pkg60,80,True,82.0,37.774524,-122.473656,37.782236184232744,-122.44319776696524
,80.0,dn6,pkg62,80,True,84.0,37.751751,-122.410654,37.72663065372411,-122.44195601505085
,81.0,dn9,pkg65,81.0,True,86.0,37.718779,-122.462401,37.72554325763484,-122.47192238927279
,82.0,dn11,pkg56,82,False,77.0,37.78929,-122.426797,37.77450895025187,-122.4009122419554
,85.0,dn10,pkg51,85,False,70.0,37.78929,-122.426797,37.75534014173779,-122.41414903512886
,85.0,dn14,pkg67,85.0,True,91.0,37.739611,-122.492203,37.734303707074986,-122.49903797601837
,86.0,dn13,pkg66,86,True,89.0,37.739611,-122.492203,37.71232539283012,-122.46720077551575
,89.0,dn3,pkg63,89,False,87.0,37.774524,-122.473656,37.772536841678,-122.50478610049954
,90.0,dn8,pkg59,90,False,80.0,37.718779,-122.462401,37.723336640483126,-122.42247082064212
,91.0,dn1,pkg68,91,True,95.0,37.774524,-122.473656,37.79522497302022,-122.48841703697559
,94.0,dn5,pkg64,94,False,92.0,37.751751,-122.410654,37.73148608302893,-122.39648692896913
,94.0,dn9,pkg71,94,True,101.0,37.718779,-122.462401,37.71910575558317,-122.44262028079038
,97.0,dn14,pkg73,97.0,True,106.0,37.739611,-122.492203,37.75335113489888,-122.47394986155483
,100.0,dn12,pkg69,100,False,95.0,37.78929,-122.426797,37.765652005493784,-122.41129511717456
,5.0,dn9,pkg13,5.0,True,12.0,37.718779,-122.462401,37.749274860322885,-122.47623113691117
,7.0,dn3,pkg11,7,True,15.0,37.774524,-122.473656,37.76450078631046,-122.47170398479561
,8.0,dn7,pkg17,8.0,True,14.0,37.718779,-122.462401,37.720972039969595,-122.45986983671247
,8.0,dn11,pkg5,8,True,16.0,37.78929,-122.426797,37.76265302178627,-122.46820919443454
,8.0,dn13,pkg16,8,True,13.0,37.739611,-122.492203,37.70871730685459,-122.50592212529206
,8.0,dn14,pkg20,8.0,True,17.0,37.739611,-122.492203,37.75520989224694,-122.4932821798896
,9.0,dn15,pkg21,9.0,True,18.0,37.739611,-122.492203,37.747652589707606,-122.49611134759925
,10.0,dn8,pkg3,10.0,True,15.0,37.718779,-122.462401,37.721130318198725,-122.45533951834008
,10.0,dn12,pkg15,10.0,True,16.0,37.78929,-122.426797,37.74975326163391,-122.42844152497462
,11.0,dn2,pkg7,11,True,12.0,37.774524,-122.473656,37.775554776891,-122.4977119691228
,12.0,dn10,pkg19,12,True,16.0,37.78929,-122.426797,37.76693735337401,-122.42499741424349
,15.0,dn5,pkg18,15,False,11.0,37.751751,-122.410654,37.73441352649324,-122.42389976385583
,18.0,dn15,pkg2,18,True,19.0,37.739611,-122.492203,37.74426900402389,-122.48089124510587
,19.0,dn1,pkg10,19,False,10.0,37.774524,-122.473656,37.79605151745887,-122.47966580303112
,19.0,dn4,pkg4,19,False,13.0,37.751751,-122.410654,37.75234062778309,-122.4100974005307
,19.0,dn14,pkg14,19,True,19.0,37.739611,-122.492203,37.75067269282133,-122.4912393222702
,20.0,dn13,pkg25,20,False,18.0,37.739611,-122.492203,37.76070874536097,-122.49083914097372
,22.0,dn3,pkg22,22,False,15.0,37.774524,-122.473656,37.77740858293072,-122.48629460801642
,23.0,dn7,pkg1,23,False,19.0,37.718779,-122.462401,37.73128264321874,-122.44024744930815
,28.0,dn9,pkg12,28,False,16.0,37.718779,-122.462401,37.71944041790674,-122.42612037638654
,28.0,dn11,pkg26,28,False,20.0,37.78929,-122.426797,37.77426148122292,-122.41471481938613
,29.0,dn6,pkg9,29,False,10.0,37.751751,-122.410654,37.781727988199066,-122.41524873577256
,29.0,dn2,pkg29,29,False,25.0,37.774524,-122.473656,37.75987278646945,-122.50742775335581
,29.0,dn14,pkg32,29,True,29.0,37.739611,-122.492203,37.71630372129087,-122.50412898076354
,35.0,dn13,pkg35,35,True,43.0,37.739611,-122.492203,37.724941724885845,-122.45714213006332
,36.0,dn8,pkg6,36,False,20.0,37.718779,-122.462401,37.72841341038219,-122.44261217840632
,37.0,dn12,pkg24,37,False,19.0,37.78929,-122.426797,37.784083896849445,-122.42369556135328
,37.0,dn15,pkg38,37.0,True,45.0,37.739611,-122.492203,37.74404574736133,-122.47851656807985
,39.0,dn7,pkg39,39.0,True,45.0,37.718779,-122.462401,37.761810323289815,-122.46979400462625
,44.0,dn5,pkg33,44,False,40.0,37.751751,-122.410654,37.723189290930826,-122.42865281525737
,45.0,dn2,pkg37,45,True,46.0,37.774524,-122.473656,37.77624792817651,-122.45319344322085
,47.0,dn10,pkg31,47,False,29.0,37.78929,-122.426797,37.78462171231246,-122.4007213365341
,47.0,dn3,pkg36,47,False,41.0,37.774524,-122.473656,37.78548224810718,-122.44580623315542
,49.0,dn4,pkg40,49,True,50.0,37.751751,-122.410654,37.74119383812098,-122.41652050270426
,56.0,dn7,pkg45,56.0,True,64.0,37.718779,-122.462401,37.74624066395928,-122.49077946838186
,60.0,dn1,pkg34,60,False,43.0,37.774524,-122.473656,37.7839740677006,-122.42121357132778
,62.0,dn11,pkg43,62,False,53.0,37.78929,-122.426797,37.78430811836732,-122.45101837420056
,64.0,dn2,pkg46,64,True,66.0,37.774524,-122.473656,37.78137258612387,-122.46822860240869
,69.0,dn3,pkg52,69,True,78.0,37.774524,-122.473656,37.78390863319132,-122.47975877123027
,71.0,dn6,pkg50,71,True,72.0,37.751751,-122.410654,37.76842738351029,-122.42564915029658
,74.0,dn4,pkg49,74,False,68.0,37.751751,-122.410654,37.77584612193922,-122.44848861773733
,79.0,dn5,pkg44,79,False,60.0,37.751751,-122.410654,37.75785691351657,-122.41967480588404
,80.0,dn7,pkg55,80.0,True,90.0,37.718779,-122.462401,37.711511350010845,-122.47337957471157
,80.0,dn9,pkg58,80.0,True,86.0,37.718779,-122.462401,37.733915177385434,-122.47068956316959
,82.0,dn8,pkg57,82,True,92.0,37.718779,-122.462401,37.75666518432158,-122.44566455747477
,84.0,dn12,pkg48,84,False,71.0,37.78929,-122.426797,37.79377801725835,-122.45025687630401
,84.0,dn13,pkg60,84.0,True,91.0,37.739611,-122.492203,37.729169426580654,-122.50527265853276
,86.0,dn14,pkg61,86.0,True,93.0,37.739611,-122.492203,37.754409553071206,-122.45555096630643
,87.0,dn10,pkg47,87,False,74.0,37.78929,-122.426797,37.76936687584649,-122.42662561432614
,88.0,dn2,pkg53,88,False,80.0,37.774524,-122.473656,37.790005585096985,-122.44108918571231
,91.0,dn15,pkg63,91,True,99.0,37.739611,-122.492203,37.71122680950804,-122.4586330415897
,93.0,dn9,pkg64,93,True,98.0,37.718779,-122.462401,37.7234686765483,-122.4332170091878
,95.0,dn13,pkg65,95,True,98.0,37.739611,-122.492203,37.75824404328011,-122.49220174341389
,97.0,dn3,pkg54,97,False,81.0,37.774524,-122.473656,37.79296518767819,-122.4379050534831
,5.0,dn14,pkg15,5.0,True,14.0,37.739611,-122.492203,37.74405455339718,-122.47904688271475
,6.0,dn13,pkg9,6.0,True,14.0,37.739611,-122.492203,37.731596816542954,-122.49242511550632
,7.0,dn2,pkg8,7.0,True,12.0,37.774524,-122.473656,37.769408050299866,-122.4873376793931
,9.0,dn1,pkg7,9,True,10.0,37.774524,-122.473656,37.77452937574071,-122.47233940364399
,10.0,dn8,pkg3,10,True,11.0,37.718779,-122.462401,37.70890221328471,-122.47352136293694
,10.0,dn9,pkg13,10,True,16.0,37.718779,-122.462401,37.7231849125347,-122.44193960901868
,11.0,dn7,pkg2,11,False,10.0,37.718779,-122.462401,37.722293940999904,-122.44466696092636
,13.0,dn14,pkg11,13,True,14.0,37.739611,-122.492203,37.771606048795206,-122.45353953596768
,14.0,dn3,pkg12,14,False,13.0,37.774524,-122.473656,37.768263064630894,-122.46791554193075
,14.0,dn15,pkg19,14,False,12.0,37.739611,-122.492203,37.75476045576245,-122.4455222839427
,15.0,dn5,pkg1,15,False,12.0,37.751751,-122.410654,37.74628443498757,-122.43311534421395
,16.0,dn11,pkg17,16,False,13.0,37.78929,-122.426797,37.772364157628836,-122.41115357922666
,17.0,dn13,pkg23,17,True,17.0,37.739611,-122.492203,37.727499583889895,-122.43783960731149
,19.0,dn12,pkg18,19,False,14.0,37.78929,-122.426797,37.77166902230607,-122.41334195945933
,20.0,dn6,pkg5,20,False,14.0,37.751751,-122.410654,37.76770513061631,-122.40678543434032
,20.0,dn10,pkg14,20,False,14.0,37.78929,-122.426797,37.77962205192734,-122.41319446458647
,23.0,dn4,pkg21,23,False,12.0,37.751751,-122.410654,37.76727556869264,-122.4094606954428
,25.0,dn2,pkg6,25,False,17.0,37.774524,-122.473656,37.775548533922276,-122.4452704421101
,26.0,dn1,pkg25,26,False,20.0,37.774524,-122.473656,37.78129971124751,-122.49548642818705
,26.0,dn14,pkg29,26.0,True,35.0,37.739611,-122.492203,37.75190387781124,-122.48786156338838
,39.0,dn5,pkg28,39,False,32.0,37.751751,-122.410654,37.727825383395164,-122.40350184279652
,40.0,dn9,pkg36,40,True,44.0,37.718779,-122.462401,37.71836911817896,-122.49372707412014
,42.0,dn8,pkg31,42,False,34.0,37.718779,-122.462401,37.713918245879775,-122.43141492175202
,44.0,dn2,pkg38,44.0,True,54.0,37.774524,-122.473656,37.7384831650181,-122.46540598601345
,47.0,dn1,pkg34,47,False,42.0,37.774524,-122.473656,37.79471220094826,-122.43867650477583
,48.0,dn3,pkg26,48,False,29.0,37.774524,-122.473656,37.7856977955355,-122.47143790143643
,49.0,dn12,pkg37,49,True,53.0,37.78929,-122.426797,37.7663813969876,-122.405257957622
,50.0,dn14,pkg41,50.0,True,55.0,37.739611,-122.492203,37.7378086417735,-122.48424677682492
,54.0,dn7,pkg35,54,False,47.0,37.718779,-122.462401,37.73127704332304,-122.4075880325059
,55.0,dn6,pkg40,55,True,59.0,37.751751,-122.410654,37.75725204364457,-122.46445190852127
,56.0,dn11,pkg30,56,False,35.0,37.78929,-122.426797,37.79176873875946,-122.4102925849047
,58.0,dn2,pkg43,58.0,True,64.0,37.774524,-122.473656,37.74850869473543,-122.46265571549984
,59.0,dn9,pkg44,59.0,True,65.0,37.718779,-122.462401,37.74169426572908,-122.49511305014597
,60.0,dn13,pkg39,60,False,56.0,37.739611,-122.492203,37.70932773223313,-122.45080732282389
,61.0,dn4,pkg42,61,True,63.0,37.751751,-122.410654,37.71799068216538,-122.44048029202496
,62.0,dn14,pkg45,62,True,65.0,37.739611,-122.492203,37.70852446763011,-122.46204060947439
,64.0,dn10,pkg47,64.0,True,73.0,37.78929,-122.426797,37.76430054104585,-122.46174975093093
,69.0,dn9,pkg49,69,True,77.0,37.718779,-122.462401,37.720942040674785,-122.48399439366715
,71.0,dn2,pkg50,71,True,77.0,37.774524,-122.473656,37.79257316037454,-122.48512909383396
,72.0,dn5,pkg46,72,False,69.0,37.751751,-122.410654,37.78964446727204,-122.4257035027646
,77.0,dn1,pkg48,77,True,79.0,37.774524,-122.473656,37.7937181240731,-122.46422200333849
,82.0,dn12,pkg51,82,True,85.0,37.78929,-122.426797,37.75063533864537,-122.40189146423998
,84.0,dn6,pkg52,84,True,84.0,37.751751,-122.410654,37.76211620203255,-122.4184603845845
,85.0,dn4,pkg53,85.0,True,95.0,37.751751,-122.410654,37.72988912249603,-122.44682920740456
,86.0,dn2,pkg55,86,True,92.0,37.774524,-122.473656,37.760410622700974,-122.4764660279245
,92.0,dn8,pkg58,92,True,101.0,37.718779,-122.462401,37.735447559791375,-122.43366720124192
,95.0,dn3,pkg59,95.0,True,103.0,37.774524,-122.473656,37.768967001670376,-122.49861755209352
,98.0,dn4,pkg54,98,False,93.0,37.751751,-122.410654,37.73974652779356,-122.39709493063171
,5.0,dn13,pkg17,5.0,True,13.0,37.739611,-122.492203,37.75081498826333,-122.49423386938932
,6.0,dn8,pkg6,6.0,True,16.0,37.718779,-122.462401,37.733064537206936,-122.47147510093829
,7.0,dn3,pkg11,7,True,12.0,37.774524,-122.473656,37.771499225435406,-122.5060116799488
,7.0,dn9,pkg7,7.0,True,17.0,37.718779,-122.462401,37.71985712967473,-122.47491016778257
,8.0,dn12,pkg13,8,True,13.0,37.78929,-122.426797,37.78944463918861,-122.45419748932167
,9.0,dn14,pkg3,9.0,True,14.0,37.739611,-122.492203,37.73110955980801,-122.50407545680635
,10.0,dn2,pkg2,10,True,16.0,37.774524,-122.473656,37.77486984439009,-122.46547230826744
,10.0,dn7,pkg20,10,True,13.0,37.718779,-122.462401,37.73318373537305,-122.44824771918019
,11.0,dn5,pkg22,11,True,19.0,37.751751,-122.410654,37.753182511415375,-122.41399317900184
,11.0,dn10,pkg12,11,True,11.0,37.78929,-122.426797,37.78979313748744,-122.40928014900777
,13.0,dn13,pkg23,13,True,19.0,37.739611,-122.492203,37.750580901899546,-122.46815291019061
,15.0,dn11,pkg14,15,False,12.0,37.78929,-122.426797,37.79516928353098,-122.41607616212748
,17.0,dn1,pkg1,17,False,11.0,37.774524,-122.473656,37.783717532578294,-122.43935533524605
,17.0,dn15,pkg19,17,False,15.0,37.739611,-122.492203,37.75793639715614,-122.43992851394258
,19.0,dn14,pkg28,19,True,22.0,37.739611,-122.492203,37.72253964481468,-122.50407863975505
,20.0,dn6,pkg5,20,False,14.0,37.751751,-122.410654,37.72241053587773,-122.41012256042636
,21.0,dn4,pkg16,21,False,13.0,37.751751,-122.410654,37.76481569906988,-122.41899535144978
,22.0,dn3,pkg10,22,False,17.0,37.774524,-122.473656,37.78211674748168,-122.4876420369543
,25.0,dn9,pkg15,25,False,16.0,37.718779,-122.462401,37.7099850298211,-122.42706377304276
,25.0,dn8,pkg8,25,False,18.0,37.718779,-122.462401,37.73061410524663,-122.43430673598534
,25.0,dn2,pkg26,25,True,25.0,37.774524,-122.473656,37.74279879275821,-122.44893842986961
,27.0,dn13,pkg31,27,True,28.0,37.739611,-122.492203,37.77402840869451,-122.5073874856128
,28.0,dn7,pkg29,28,False,27.0,37.718779,-122.462401,37.712999656465136,-122.46874115585406
,31.0,dn12,pkg18,31,False,20.0,37.78929,-122.426797,37.77608399580321,-122.41948536354413
,34.0,dn14,pkg34,34,True,39.0,37.739611,-122.492203,37.77173936585767,-122.48927778987711
,35.0,dn5,pkg27,35,False,25.0,37.751751,-122.410654,37.79092853850511,-122.43437647079953
,37.0,dn3,pkg36,37,True,37.0,37.774524,-122.473656,37.767542357957666,-122.47238409104024
,40.0,dn13,pkg37,40,False,39.0,37.739611,-122.492203,37.72173910568593,-122.46595388923035
,41.0,dn1,pkg39,41.0,True,46.0,37.774524,-122.473656,37.749642124391805,-122.50277920059294
,42.0,dn10,pkg33,42,False,34.0,37.78929,-122.426797,37.79032067979998,-122.42367023501107
,42.0,dn11,pkg38,42.0,True,50.0,37.78929,-122.426797,37.79479447399585,-122.41995992402398
,45.0,dn2,pkg30,45,False,31.0,37.774524,-122.473656,37.792748489020454,-122.46038706678203
,47.0,dn8,pkg44,47.0,True,54.0,37.718779,-122.462401,37.75329502952653,-122.48949799246692
,49.0,dn15,pkg42,49,True,58.0,37.739611,-122.492203,37.76312343342055,-122.44455313866823
,51.0,dn9,pkg46,51.0,True,59.0,37.718779,-122.462401,37.723168618744076,-122.49752192880283
,52.0,dn7,pkg35,52,False,44.0,37.718779,-122.462401,37.73055718345352,-122.42687907198851
,59.0,dn1,pkg41,59,False,50.0,37.774524,-122.473656,37.790591139684246,-122.5057264037276
,60.0,dn3,pkg40,60,False,46.0,37.774524,-122.473656,37.79002466912593,-122.45650103861418
,60.0,dn13,pkg49,60.0,True,68.0,37.739611,-122.492203,37.76165821455529,-122.49292540982027
,63.0,dn4,pkg45,63,False,57.0,37.751751,-122.410654,37.791242767885436,-122.42247728923353
,64.0,dn5,pkg47,64,False,60.0,37.751751,-122.410654,37.7614717358098,-122.39645896696241
,65.0,dn11,pkg48,65,False,63.0,37.78929,-122.426797,37.79057451733454,-122.45834336129481
,65.0,dn2,pkg52,65.0,True,71.0,37.774524,-122.473656,37.730349141510445,-122.46719775035096
,68.0,dn6,pkg43,68,False,58.0,37.751751,-122.410654,37.793337846275286,-122.4093008667242
,69.0,dn8,pkg50,69,True,71.0,37.718779,-122.462401,37.70781835354724,-122.46641485910312
,69.0,dn12,pkg51,69.0,True,79.0,37.78929,-122.426797,37.76824024539374,-122.45378484811523
,69.0,dn9,pkg53,69,True,73.0,37.718779,-122.462401,37.753976133409246,-122.44250506263715
,80.0,dn2,pkg54,80,True,84.0,37.774524,-122.473656,37.781951711995895,-122.42017298979948
,83.0,dn10,pkg55,83,True,88.0,37.78929,-122.426797,37.7861568823095,-122.40540730712809
,83.0,dn1,pkg56,83.0,True,93.0,37.774524,-122.473656,37.76624443798581,-122.47106194461338
,87.0,dn7,pkg57,87.0,True,96.0,37.718779,-122.462401,37.73283509814176,-122.50398958602061
,92.0,dn5,pkg58,92,True,97.0,37.751751,-122.410654,37.73042293078931,-122.42388902368346
,98.0,dn8,pkg60,98,True,102.0,37.718779,-122.462401,37.71623518481352,-122.45603146851069
,6.0,dn2,pkg20,6,True,12.0,37.774524,-122.473656,37.79307568580298,-122.48024254586355
,6.0,dn7,pkg5,6.0,True,12.0,37.718779,-122.462401,37.709487771862655,-122.46779515006534
,7.0,dn4,pkg11,7,True,10.0,37.751751,-122.410654,37.76847277221776,-122.40651586918717
,7.0,dn14,pkg18,7.0,True,17.0,37.739611,-122.492203,37.73690496985716,-122.49764255066307
,8.0,dn13,pkg8,8.0,True,14.0,37.739611,-122.492203,37.752891211008546,-122.50193029405193
,9.0,dn8,pkg3,9.0,True,15.0,37.718779,-122.462401,37.71971734954701,-122.47729486448249
,9.0,dn15,pkg7,9.0,True,19.0,37.739611,-122.492203,37.74091963448318,-122.48950396688204
,11.0,dn9,pkg2,11,True,16.0,37.718779,-122.462401,37.71099386167424,-122.45056590476173
,12.0,dn15,pkg25,12,True,21.0,37.739611,-122.492203,37.740449814424174,-122.50526679574433
,13.0,dn1,pkg4,13,True,14.0,37.774524,-122.473656,37.77541094473269,-122.46866785737836
,13.0,dn3,pkg1,13,True,13.0,37.774524,-122.473656,37.786684035456496,-122.45076951949667
,13.0,dn6,pkg6,13,False,11.0,37.751751,-122.410654,37.722088986112105,-122.3956904788991
,14.0,dn14,pkg24,14,True,18.0,37.739611,-122.492203,37.73150239267124,-122.47880654752413
,16.0,dn5,pkg10,16,True,17.0,37.751751,-122.410654,37.75000151689309,-122.41261630039955
,16.0,dn13,pkg19,16,True,18.0,37.739611,-122.492203,37.75461843400022,-122.47286208510091
,16.0,dn15,pkg23,16,True,24.0,37.739611,-122.492203,37.74582863866311,-122.50077941085398
,17.0,dn11,pkg17,17,False,13.0,37.78929,-122.426797,37.78511438865257,-122.4097170658267
,18.0,dn10,pkg12,18,False,13.0,37.78929,-122.426797,37.79051478876368,-122.43470590796719
,18.0,dn2,pkg21,18,False,13.0,37.774524,-122.473656,37.788235466076934,-122.49817390794043
,23.0,dn14,pkg28,23,True,29.0,37.739611,-122.492203,37.75604387987988,-122.49587465625984
,25.0,dn12,pkg14,25,False,15.0,37.78929,-122.426797,37.79607959717945,-122.39768867342029
,25.0,dn8,pkg15,25,False,16.0,37.718779,-122.462401,37.7413786033973,-122.42363179969895
,25.0,dn9,pkg29,25,True,32.0,37.718779,-122.462401,37.75410681353118,-122.45868759266517
,28.0,dn7,pkg13,28,False,15.0,37.718779,-122.462401,37.709569414636015,-122.43888618681562
,28.0,dn13,pkg32,28,True,32.0,37.739611,-122.492203,37.773119466267666,-122.46397611248284
,31.0,dn3,pkg33,31.0,True,37.0,37.774524,-122.473656,37.77869897622933,-122.45075692465186
,32.0,dn15,pkg26,32,False,22.0,37.739611,-122.492203,37.779821974950856,-122.50595698532172
,33.0,dn4,pkg9,33,False,15.0,37.751751,-122.410654,37.75892202229706,-122.39625825526781
,34.0,dn2,pkg27,34,False,27.0,37.774524,-122.473656,37.7813298238825,-122.44359653502846
,34.0,dn14,pkg35,34,True,43.0,37.739611,-122.492203,37.72483683234565,-122.50701724661323
,39.0,dn9,pkg37,39.0,True,44.0,37.718779,-122.462401,37.72258510767967,-122.42114428568043
,44.0,dn11,pkg36,44,False,40.0,37.78929,-122.426797,37.76186466669607,-122.44196595551581
,45.0,dn5,pkg34,45,False,35.0,37.751751,-122.410654,37.7750902947835,-122.42384935136386
,47.0,dn3,pkg41,47.0,True,55.0,37.774524,-122.473656,37.758264547142545,-122.48820059500835
,47.0,dn14,pkg42,47.0,True,54.0,37.739611,-122.492203,37.73457362772521,-122.47792783899837
,48.0,dn1,pkg30,48,False,31.0,37.774524,-122.473656,37.7920314211861,-122.4655723344716
,50.0,dn13,pkg40,50,True,52.0,37.739611,-122.492203,37.71157150362541,-122.4645169514543
,52.0,dn8,pkg38,52,False,47.0,37.718779,-122.462401,37.7185349449609,-122.43646267751976
,53.0,dn6,pkg31,53,False,34.0,37.751751,-122.410654,37.7801827275009,-122.40427220428046
,54.0,dn7,pkg45,54.0,True,60.0,37.718779,-122.462401,37.715590497611515,-122.49684296927032
,56.0,dn10,pkg39,56,False,51.0,37.78929,-122.426797,37.75121201248734,-122.40180282114032
,56.0,dn15,pkg46,56.0,True,65.0,37.739611,-122.492203,37.776770231169,-122.478800005218
,57.0,dn2,pkg44,57,True,58.0,37.774524,-122.473656,37.76781313420251,-122.44611040491051
,58.0,dn14,pkg47,58.0,True,66.0,37.739611,-122.492203,37.7557616792996,-122.49883959491234
,64.0,dn3,pkg49,64,True,65.0,37.774524,-122.473656,37.7471176604911,-122.4340839901824
,64.0,dn7,pkg50,64,True,69.0,37.718779,-122.462401,37.7250754578241,-122.48882564960681
,65.0,dn9,pkg48,65,True,66.0,37.718779,-122.462401,37.714713438011664,-122.45641146809393
,65.0,dn11,pkg51,65,True,75.0,37.78929,-122.426797,37.76640000994305,-122.4700278199817
,67.0,dn4,pkg54,67,True,74.0,37.751751,-122.410654,37.772332503427364,-122.45396379777029
,67.0,dn15,pkg52,67.0,True,73.0,37.739611,-122.492203,37.726462754259785,-122.47160023893025
,71.0,dn12,pkg43,71,False,58.0,37.78929,-122.426797,37.790049766098505,-122.3950266414967
,73.0,dn13,pkg53,73,True,76.0,37.739611,-122.492203,37.784530773561166,-122.49800423299425
,78.0,dn1,pkg55,78,True,86.0,37.774524,-122.473656,37.76558026120089,-122.50677610783872
,85.0,dn2,pkg57,85.0,True,90.0,37.774524,-122.473656,37.741229318752076,-122.47154740338573
,87.0,dn7,pkg59,87.0,True,95.0,37.718779,-122.462401,37.754591445856875,-122.48118015125436
,89.0,dn3,pkg58,89,True,94.0,37.774524,-122.473656,37.77669006540295,-122.46996998678823
,91.0,dn8,pkg60,91.0,True,96.0,37.718779,-122.462401,37.759785346359685,-122.4819957862865
,92.0,dn1,pkg61,92,True,99.0,37.774524,-122.473656,37.744733546936466,-122.46662167868006
,5.0,dn2,pkg7,5,True,11.0,37.774524,-122.473656,37.763366066787476,-122.48172416280633
,6.0,dn5,pkg1,6,True,15.0,37.751751,-122.410654,37.75144216736406,-122.4238900585535
,6.0,dn13,pkg11,6.0,True,12.0,37.739611,-122.492203,37.7309142866587,-122.49366811993039
,6.0,dn14,pkg8,6.0,True,15.0,37.739611,-122.492203,37.7534227351532,-122.48363275793334
,8.0,dn1,pkg17,8,True,11.0,37.774524,-122.473656,37.7804073502903,-122.48375785219149
,9.0,dn4,pkg5,9,True,12.0,37.751751,-122.410654,37.74289346637618,-122.42157328118273
,9.0,dn7,pkg12,9,True,11.0,37.718779,-122.462401,37.72793519945754,-122.46259357963737
,9.0,dn15,pkg6,9.0,True,16.0,37.739611,-122.492203,37.71455936106319,-122.49972832724745
,10.0,dn8,pkg4,10,True,11.0,37.718779,-122.462401,37.70877317125074,-122.5031969478314
,11.0,dn11,pkg21,11,True,12.0,37.78929,-122.426797,37.752812314840774,-122.4489854784298
,12.0,dn9,pkg9,12,True,15.0,37.718779,-122.462401,37.72210419613922,-122.44655812613644
,13.0,dn6,pkg22,13,True,14.0,37.751751,-122.410654,37.73212620907136,-122.4104198304768
,13.0,dn13,pkg26,13.0,True,18.0,37.739611,-122.492203,37.74155044769671,-122.47799459784655
,14.0,dn3,pkg18,14,False,13.0,37.774524,-122.473656,37.77658070530169,-122.49343727333058
,17.0,dn12,pkg15,17,True,17.0,37.78929,-122.426797,37.78112470860565,-122.3986243005111
,18.0,dn15,pkg20,18,True,20.0,37.739611,-122.492203,37.71620339242246,-122.49129980529835
,19.0,dn14,pkg10,19,False,14.0,37.739611,-122.492203,37.78110250620484,-122.49995572097032
,22.0,dn13,pkg27,22,True,22.0,37.739611,-122.492203,37.749708136374565,-122.4640949159319
,24.0,dn2,pkg3,24,False,14.0,37.774524,-122.473656,37.78653508606726,-122.48095854056855
,27.0,dn10,pkg19,27,False,12.0,37.78929,-122.426797,37.795976275648755,-122.41406450891073
,27.0,dn7,pkg24,27,False,19.0,37.718779,-122.462401,37.763207257045465,-122.45216045943239
,27.0,dn15,pkg32,27.0,True,32.0,37.739611,-122.492203,37.730220038601864,-122.48520942979484
,28.0,dn5,pkg14,28,False,13.0,37.751751,-122.410654,37.720751361770134,-122.41039284316092
,31.0,dn1,pkg16,31,False,19.0,37.774524,-122.473656,37.786693202572316,-122.48900233068998
,32.0,dn14,pkg34,32,True,37.0,37.739611,-122.492203,37.714374682478166,-122.49878851700828
,32.0,dn13,pkg33,32,True,36.0,37.739611,-122.492203,37.775410494839115,-122.47811630485944
,33.0,dn11,pkg28,33,False,29.0,37.78929,-122.426797,37.7495894759706,-122.44639460350487
,34.0,dn4,pkg25,34,False,19.0,37.751751,-122.410654,37.76373182145491,-122.41503713748068
,34.0,dn9,pkg30,34,False,27.0,37.718779,-122.462401,37.723036201172036,-122.42344507627834
,36.0,dn8,pkg29,36,False,29.0,37.718779,-122.462401,37.70874410114565,-122.43525670139445
,37.0,dn3,pkg31,37,False,32.0,37.774524,-122.473656,37.78341953919804,-122.48543550597965
,40.0,dn15,pkg35,40,True,40.0,37.739611,-122.492203,37.72229532580787,-122.46667261455597
,40.0,dn13,pkg38,40,True,47.0,37.739611,-122.492203,37.755996509883474,-122.48426871775844
,48.0,dn12,pkg36,48,False,45.0,37.78929,-122.426797,37.77433864326963,-122.47264397725918
,49.0,dn14,pkg39,49,False,45.0,37.739611,-122.492203,37.779941531473604,-122.4808664452794
,51.0,dn9,pkg43,51,True,58.0,37.718779,-122.462401,37.709227270898936,-122.45582264476491
,52.0,dn7,pkg40,52,False,50.0,37.718779,-122.462401,37.71028928956113,-122.44043341042043
,54.0,dn2,pkg45,54,True,62.0,37.774524,-122.473656,37.76571244810811,-122.44270162386354
,54.0,dn13,pkg44,54,True,59.0,37.739611,-122.492203,37.72690781615006,-122.46297105342946
,56.0,dn3,pkg47,56.0,True,65.0,37.774524,-122.473656,37.75153831392695,-122.50497648559274
,59.0,dn6,pkg37,59,False,44.0,37.751751,-122.410654,37.71136679340993,-122.41166649016421
,59.0,dn1,pkg46,59,True,62.0,37.774524,-122.473656,37.78878189433958,-122.43586950863238
,61.0,dn5,pkg42,61,False,50.0,37.751751,-122.410654,37.77237527008851,-122.41571759471343
,64.0,dn15,pkg51,64,True,66.0,37.739611,-122.492203,37.773319367010345,-122.47407365207808
,68.0,dn11,pkg41,68,False,56.0,37.78929,-122.426797,37.78609504034126,-122.40206156401894
,71.0,dn3,pkg54,71.0,True,78.0,37.774524,-122.473656,37.7827586617279,-122.47223792031406
,72.0,dn4,pkg48,72,False,64.0,37.751751,-122.410654,37.72493861244147,-122.4213368078348
,73.0,dn10,pkg49,73,False,66.0,37.78929,-122.426797,37.767323452260115,-122.43585114165104
,73.0,dn9,pkg56,73.0,True,78.0,37.718779,-122.462401,37.73980838788146,-122.47887810745728
,77.0,dn13,pkg57,77,True,80.0,37.739611,-122.492203,37.714227110981035,-122.47867959185271
,78.0,dn2,pkg53,78,True,78.0,37.774524,-122.473656,37.77975084046176,-122.45382440540575
,79.0,dn12,pkg50,79,False,67.0,37.78929,-122.426797,37.75417912032925,-122.40370858829144
,84.0,dn7,pkg58,84,False,83.0,37.718779,-122.462401,37.75281927765975,-122.45159103851893
,85.0,dn9,pkg62,85,True,92.0,37.718779,-122.462401,37.75655596911614,-122.4509231529846
,86.0,dn1,pkg59,86,True,90.0,37.774524,-122.473656,37.76751680450013,-122.42171150294301
,88.0,dn3,pkg61,88,True,91.0,37.774524,-122.473656,37.79515157366237,-122.46830080508718
,89.0,dn8,pkg55,89,False,76.0,37.718779,-122.462401,37.735692177900845,-122.41006826847509
,90.0,dn15,pkg64,90,True,100.0,37.739611,-122.492203,37.7151011815638,-122.47733479213242
,91.0,dn5,pkg60,91,False,90.0,37.751751,-122.410654,37.75745081261029,-122.42057359303925
,96.0,dn14,pkg63,96,False,93.0,37.739611,-122.492203,37.71127072264718,-122.44981845982996
,97.0,dn13,pkg66,97.0,True,103.0,37.739611,-122.492203,37.74111150436784,-122.49850762050538
,6.0,dn8,pkg12,6.0,True,12.0,37.718779,-122.462401,37.7339350349873,-122.47957362821047
,7.0,dn3,pkg18,7,True,11.0,37.774524,-122.473656,37.75299887821978,-122.46449866336728
,7.0,dn7,pkg7,7.0,True,15.0,37.718779,-122.462401,37.72310265421558,-122.46687004138131
,8.0,dn2,pkg15,8.0,True,13.0,37.774524,-122.473656,37.75962560563572,-122.48019389485106
,8.0,dn13,pkg8,8.0,True,14.0,37.739611,-122.492203,37.738594234169746,-122.49878405759638
,9.0,dn1,pkg5,9,True,12.0,37.774524,-122.473656,37.758042362558335,-122.45749424613881
,9.0,dn4,pkg4,9,True,11.0,37.751751,-122.410654,37.7404764669452,-122.39822895250519
,9.0,dn5,pkg10,9,True,12.0,37.751751,-122.410654,37.750542061900944,-122.4251210267927
,9.0,dn15,pkg1,9.0,True,17.0,37.739611,-122.492203,37.73667724980951,-122.49801845842828
,10.0,dn14,pkg14,10.0,True,15.0,37.739611,-122.492203,37.73490999314518,-122.48543937303748
,12.0,dn13,pkg9,12,True,17.0,37.739611,-122.492203,37.7331960435589,-122.49848864005992
,15.0,dn15,pkg16,15,True,15.0,37.739611,-122.492203,37.76417313232618,-122.45829740189157
,16.0,dn9,pkg2,16,True,18.0,37.718779,-122.462401,37.712258094574686,-122.45629339264626
,17.0,dn8,pkg13,17,True,17.0,37.718779,-122.462401,37.73692653887086,-122.459408865187
,19.0,dn7,pkg28,19,True,22.0,37.718779,-122.462401,37.713050335664235,-122.46966161318038
,20.0,dn6,pkg17,20,False,13.0,37.751751,-122.410654,37.774898040565105,-122.42465558490417
,20.0,dn2,pkg6,20,False,13.0,37.774524,-122.473656,37.76110742914602,-122.45493329914129
,20.0,dn14,pkg21,20,True,20.0,37.739611,-122.492203,37.7602235276159,-122.49734633761558
,22.0,dn12,pkg19,22,False,16.0,37.78929,-122.426797,37.79279932341617,-122.44872497226221
,23.0,dn13,pkg29,23.0,True,32.0,37.739611,-122.492203,37.73182581389231,-122.50136691663964
,25.0,dn15,pkg27,25,True,27.0,37.739611,-122.492203,37.71217217687578,-122.46573807047285
,26.0,dn10,pkg20,26,False,12.0,37.78929,-122.426797,37.784816670082805,-122.42712710335651
,26.0,dn11,pkg22,26,False,13.0,37.78929,-122.426797,37.79413892817482,-122.39943399013373
,27.0,dn1,pkg25,27,False,19.0,37.774524,-122.473656,37.79282902652861,-122.47853358066024
,29.0,dn5,pkg11,29,False,20.0,37.751751,-122.410654,37.79200026846557,-122.39582344211654
,31.0,dn4,pkg24,31,False,21.0,37.751751,-122.410654,37.737426785934055,-122.43129533212664
,33.0,dn3,pkg3,33,False,18.0,37.774524,-122.473656,37.794137858295144,-122.4765960559507
,34.0,dn13,pkg33,34.0,True,41.0,37.739611,-122.492203,37.720965479699444,-122.50173428509568
,36.0,dn8,pkg31,36,True,41.0,37.718779,-122.462401,37.7120251276764,-122.45558356843274
,36.0,dn7,pkg30,36,True,40.0,37.718779,-122.462401,37.70891318088111,-122.48180407482249
,41.0,dn15,pkg38,41,True,49.0,37.739611,-122.492203,37.70740312479664,-122.4714664713532
,42.0,dn1,pkg35,42,True,47.0,37.774524,-122.473656,37.76548313672696,-122.43996627149119
,44.0,dn2,pkg34,44,True,47.0,37.774524,-122.473656,37.77500308775911,-122.42611947891479
,48.0,dn14,pkg37,48,False,46.0,37.739611,-122.492203,37.740639914998376,-122.43680148808821
,50.0,dn5,pkg39,50,True,51.0,37.751751,-122.410654,37.77319147227973,-122.43567842914462
,50.0,dn6,pkg41,50,True,55.0,37.751751,-122.410654,37.746241869005445,-122.41835109117419
,51.0,dn13,pkg40,51.0,True,60.0,37.739611,-122.492203,37.78298773431514,-122.48786830900546
,51.0,dn12,pkg42,51,True,59.0,37.78929,-122.426797,37.78316275137813,-122.45923594817135
,52.0,dn9,pkg36,52,False,48.0,37.718779,-122.462401,37.71726847811244,-122.41688518015775
,56.0,dn7,pkg43,56.0,True,62.0,37.718779,-122.462401,37.73758369842684,-122.49401845274033
,56.0,dn1,pkg45,56.0,True,64.0,37.774524,-122.473656,37.74358581324479,-122.48229652319782
,60.0,dn3,pkg46,60.0,True,65.0,37.774524,-122.473656,37.79036977507539,-122.50665502485144
,62.0,dn15,pkg49,62.0,True,70.0,37.739611,-122.492203,37.76050301812069,-122.49233057759757
,64.0,dn4,pkg44,64,False,61.0,37.751751,-122.410654,37.757154803058775,-122.42020208554939
,71.0,dn10,pkg48,71,False,67.0,37.78929,-122.426797,37.76750373563241,-122.41841106314764
,76.0,dn2,pkg50,76,True,77.0,37.774524,-122.473656,37.787111703556114,-122.4955257083681
,76.0,dn3,pkg53,76,True,82.0,37.774524,-122.473656,37.79009572779702,-122.50066768989423
,77.0,dn8,pkg51,77,False,73.0,37.718779,-122.462401,37.70711646181698,-122.46390759151359
,78.0,dn1,pkg47,78,False,68.0,37.774524,-122.473656,37.79490533880477,-122.48596394276723
,79.0,dn6,pkg55,79,True,84.0,37.751751,-122.410654,37.76472282866061,-122.43340328179164
,82.0,dn5,pkg54,82,True,85.0,37.751751,-122.410654,37.76897162577838,-122.4556999035839
,82.0,dn13,pkg57,82.0,True,88.0,37.739611,-122.492203,37.72930914063279,-122.48100252207419
,90.0,dn9,pkg56,90,False,84.0,37.718779,-122.462401,37.7273460299785,-122.41125754963598
,90.0,dn14,pkg59,90.0,True,99.0,37.739611,-122.492203,37.758477669564186,-122.48467215394625
,92.0,dn13,pkg61,92.0,True,98.0,37.739611,-122.492203,37.754981390808204,-122.46791742404967
,95.0,dn11,pkg58,95,False,90.0,37.78929,-122.426797,37.782089801151265,-122.45361769694539
,95.0,dn15,pkg62,95,True,104.0,37.739611,-122.492203,37.76872336886916,-122.50112508466682
,100.0,dn4,pkg66,100,True,105.0,37.751751,-122.410654,37.718549751580966,-122.42222274395867
,100.0,dn8,pkg64,100,True,107.0,37.718779,-122.462401,37.71028295808375,-122.47096106219115
,5.0,dn3,pkg19,5,True,10.0,37.774524,-122.473656,37.7665531945752,-122.49590770875864
,6.0,dn7,pkg9,6.0,True,13.0,37.718779,-122.462401,37.70719885024137,-122.48305626850683
,8.0,dn9,pkg22,8.0,True,13.0,37.718779,-122.462401,37.72027847751519,-122.49707213912674
,10.0,dn13,pkg17,10.0,True,16.0,37.739611,-122.492203,37.73163002943129,-122.50355824776446
,10.0,dn14,pkg11,10.0,True,16.0,37.739611,-122.492203,37.726976855236096,-122.48576027251677
,11.0,dn11,pkg1,11,True,15.0,37.78929,-122.426797,37.777711172894264,-122.43911032935578
,12.0,dn2,pkg7,12,False,10.0,37.774524,-122.473656,37.79350304559849,-122.46930407440844
,13.0,dn15,pkg3,13,True,13.0,37.739611,-122.492203,37.77277337466477,-122.5013513066549
,14.0,dn6,pkg15,14,True,16.0,37.751751,-122.410654,37.733713054546016,-122.4046316269036
,15.0,dn1,pkg10,15,False,10.0,37.774524,-122.473656,37.774267220737435,-122.46382613971674
,15.0,dn4,pkg2,15,False,11.0,37.751751,-122.410654,37.73492964915188,-122.42963664875482
,16.0,dn10,pkg4,16,False,13.0,37.78929,-122.426797,37.78651067733919,-122.43672810876971
,18.0,dn3,pkg8,18,False,15.0,37.774524,-122.473656,37.773564318241164,-122.46607583844973
,18.0,dn13,pkg26,18,False,16.0,37.739611,-122.492203,37.770492239617006,-122.48356257184165
,19.0,dn8,pkg12,19,False,13.0,37.718779,-122.462401,37.71790022696677,-122.4317041178743
,20.0,dn5,pkg13,20,False,13.0,37.751751,-122.410654,37.72152624088953,-122.42605651260143
,21.0,dn9,pkg24,21,False,17.0,37.718779,-122.462401,37.7246998706666,-122.44332565671955
,22.0,dn7,pkg16,22,False,15.0,37.718779,-122.462401,37.73661762341023,-122.44079340492748
,23.0,dn14,pkg14,23,False,18.0,37.739611,-122.492203,37.7398192600155,-122.45546859581496
,26.0,dn12,pkg6,26,False,18.0,37.78929,-122.426797,37.7866581687258,-122.4093242018333
,29.0,dn11,pkg29,29,False,24.0,37.78929,-122.426797,37.75846368961531,-122.46711901644666
,29.0,dn13,pkg33,29.0,True,37.0,37.739611,-122.492203,37.734262845723926,-122.50351876043321
,33.0,dn2,pkg35,33.0,True,42.0,37.774524,-122.473656,37.74605409679174,-122.45075222624587
,36.0,dn6,pkg32,36,False,32.0,37.751751,-122.410654,37.73253813852505,-122.4155924916021
,40.0,dn1,pkg37,40.0,True,47.0,37.774524,-122.473656,37.747167983414535,-122.48918960501534
,42.0,dn7,pkg41,42.0,True,50.0,37.718779,-122.462401,37.71968282597656,-122.48478914187744
,43.0,dn3,pkg38,43.0,True,49.0,37.774524,-122.473656,37.76344214274566,-122.47547664688992
,44.0,dn9,pkg34,44,False,38.0,37.718779,-122.462401,37.71773396108013,-122.4200210402222
,44.0,dn13,pkg40,44.0,True,54.0,37.739611,-122.492203,37.75631164729122,-122.50107873709567
,48.0,dn8,pkg43,48,True,52.0,37.718779,-122.462401,37.728773193931275,-122.44341580761537
,51.0,dn1,pkg45,51.0,True,60.0,37.774524,-122.473656,37.77494713245661,-122.44903560563642
,54.0,dn2,pkg48,54,True,61.0,37.774524,-122.473656,37.74478861389443,-122.47133811866875
,56.0,dn4,pkg36,56,False,40.0,37.751751,-122.410654,37.74009851782172,-122.39761805430919
,56.0,dn5,pkg39,56,False,51.0,37.751751,-122.410654,37.72553538688277,-122.40462574721091
,59.0,dn6,pkg44,59,False,54.0,37.751751,-122.410654,37.7200949031474,-122.4272851379485
,59.0,dn7,pkg47,59,False,58.0,37.718779,-122.462401,37.73265272917853,-122.41909322601002
,61.0,dn10,pkg42,61,False,50.0,37.78929,-122.426797,37.7823062017408,-122.43910298389356
,61.0,dn14,pkg53,61.0,True,70.0,37.739611,-122.492203,37.71851705387244,-122.49189417237689
,63.0,dn3,pkg50,63,True,69.0,37.774524,-122.473656,37.77927002005556,-122.49271576880801
,64.0,dn13,pkg52,64,True,67.0,37.739611,-122.492203,37.74091667743908,-122.44284872373711
,65.0,dn1,pkg55,65,True,70.0,37.774524,-122.473656,37.77561024648295,-122.45991762300775
,67.0,dn11,pkg46,67,False,60.0,37.78929,-122.426797,37.79110531503335,-122.409414742727
,67.0,dn12,pkg51,67,True,67.0,37.78929,-122.426797,37.79312772873767,-122.41196389619091
,70.0,dn8,pkg57,70.0,True,76.0,37.718779,-122.462401,37.72469888056218,-122.47617749479639
,75.0,dn2,pkg56,75,True,77.0,37.774524,-122.473656,37.79499135912761,-122.46583367541673
,79.0,dn14,pkg63,79,True,84.0,37.739611,-122.492203,37.77819701724111,-122.46598312253279
,79.0,dn9,pkg64,79,True,81.0,37.718779,-122.462401,37.708130680768825,-122.47198557989722
,83.0,dn5,pkg59,83,False,78.0,37.751751,-122.410654,37.74871037569282,-122.40124471889177
,87.0,dn1,pkg58,87,False,79.0,37.774524,-122.473656,37.76780306049436,-122.42666918294752
,87.0,dn13,pkg65,87,True,93.0,37.739611,-122.492203,37.76569815452583,-122.4601582007421
,89.0,dn15,pkg66,89.0,True,94.0,37.739611,-122.492203,37.7634211739116,-122.49422150395765
,91.0,dn7,pkg69,91,True,97.0,37.718779,-122.462401,37.73307165947371,-122.4681176086591
,93.0,dn9,pkg72,93.0,True,99.0,37.718779,-122.462401,37.732377921695374,-122.48550180634541
,96.0,dn6,pkg60,96,False,79.0,37.751751,-122.410654,37.78144371882355,-122.41303521431634
,99.0,dn8,pkg70,99,False,97.0,37.718779,-122.462401,37.73166762263071,-122.42007542123744
,100.0,dn3,pkg61,100,False,82.0,37.774524,-122.473656,37.796852616085886,-122.44330675621212
,100.0,dn4,pkg62,100,False,84.0,37.751751,-122.410654,37.76514214610964,-122.40099968796902
,100.0,dn10,pkg67,100,False,96.0,37.78929,-122.426797,37.75878252347125,-122.40089099057292
,6.0,dn6,pkg17,6,True,12.0,37.751751,-122.410654,37.719530982601086,-122.41693944354054
,6.0,dn13,pkg1,6,True,15.0,37.739611,-122.492203,37.72072666810879,-122.50361164729058
,7.0,dn2,pkg4,7,True,15.0,37.774524,-122.473656,37.758571465064676,-122.4915264839301
,7.0,dn4,pkg14,7,True,13.0,37.751751,-122.410654,37.74897832968222,-122.4361257348108
,9.0,dn8,pkg12,9.0,True,15.0,37.718779,-122.462401,37.715532103724556,-122.48470666648751
,9.0,dn9,pkg19,9,True,15.0,37.718779,-122.462401,37.71680794206473,-122.48793411418663
,9.0,dn14,pkg16,9.0,True,18.0,37.739611,-122.492203,37.74778941590468,-122.50146119527403
,9.0,dn15,pkg21,9,True,13.0,37.739611,-122.492203,37.746068926116926,-122.4459188896404
,11.0,dn1,pkg13,11,True,11.0,37.774524,-122.473656,37.78677874348692,-122.44971058952268
,11.0,dn3,pkg8,11,True,13.0,37.774524,-122.473656,37.76923585932829,-122.43542993800311
,11.0,dn5,pkg3,11,True,16.0,37.751751,-122.410654,37.76111736639048,-122.42431288772703
,11.0,dn12,pkg5,11,True,17.0,37.78929,-122.426797,37.78614032544974,-122.4449440570247
,12.0,dn11,pkg20,12,True,15.0,37.78929,-122.426797,37.791008919112436,-122.4491140675429
,13.0,dn7,pkg10,13,True,15.0,37.718779,-122.462401,37.721891376836304,-122.45700011685908
,16.0,dn13,pkg6,16,True,20.0,37.739611,-122.492203,37.75184801078452,-122.49160818003763
,17.0,dn8,pkg11,17,False,14.0,37.718779,-122.462401,37.73046216542417,-122.42815785142481
,20.0,dn6,pkg18,20,False,18.0,37.751751,-122.410654,37.75345505784829,-122.42067772985791
,20.0,dn14,pkg23,20,False,16.0,37.739611,-122.492203,37.74327249730422,-122.45572613690697
,21.0,dn2,pkg9,21,False,16.0,37.774524,-122.473656,37.79187150373077,-122.45560798609255
,25.0,dn10,pkg15,25,False,15.0,37.78929,-122.426797,37.79248562922429,-122.40838546103056
,27.0,dn9,pkg26,27,True,27.0,37.718779,-122.462401,37.716588127300554,-122.45235115097778
,34.0,dn8,pkg28,34,True,42.0,37.718779,-122.462401,37.715279955026666,-122.5024149490356
,37.0,dn3,pkg29,37.0,True,45.0,37.774524,-122.473656,37.761212210552365,-122.48628060459991
,41.0,dn4,pkg2,41,False,16.0,37.751751,-122.410654,37.721104194474385,-122.40892071350235
,42.0,dn1,pkg25,42,False,28.0,37.774524,-122.473656,37.7784702829044,-122.43840674358192
,44.0,dn11,pkg31,44,True,48.0,37.78929,-122.426797,37.79130791383352,-122.46298885140861
,46.0,dn5,pkg27,46,False,33.0,37.751751,-122.410654,37.7452971017162,-122.40989842014277
,48.0,dn2,pkg30,48,False,44.0,37.774524,-122.473656,37.79583040336083,-122.48906829836804
,49.0,dn6,pkg32,49,True,52.0,37.751751,-122.410654,37.76271527726246,-122.42963422678238
,52.0,dn13,pkg34,52.0,True,58.0,37.739611,-122.492203,37.74927012551715,-122.50652050419298
,54.0,dn12,pkg33,54,True,56.0,37.78929,-122.426797,37.778261906684676,-122.40700037822425
,57.0,dn7,pkg35,57,True,65.0,37.718779,-122.462401,37.727427631975395,-122.46652264719877
,60.0,dn3,pkg36,60.0,True,67.0,37.774524,-122.473656,37.773295036258396,-122.47073622909754
,61.0,dn8,pkg37,61.0,True,71.0,37.718779,-122.462401,37.71337372033101,-122.47375851804955
,67.0,dn13,pkg40,67.0,True,74.0,37.739611,-122.492203,37.74018937147813,-122.48464471494302
,69.0,dn9,pkg38,69,False,66.0,37.718779,-122.462401,37.72657873913943,-122.4340892908201
,70.0,dn11,pkg41,70,True,78.0,37.78929,-122.426797,37.790420723948884,-122.450395990306
,73.0,dn6,pkg42,73,True,74.0,37.751751,-122.410654,37.737013806320135,-122.43590624594268
,76.0,dn7,pkg48,76.0,True,85.0,37.718779,-122.462401,37.744038006963976,-122.485519031119
,80.0,dn14,pkg51,80.0,True,85.0,37.739611,-122.492203,37.753144698619366,-122.50597109702625
,80.0,dn15,pkg53,80.0,True,85.0,37.739611,-122.492203,37.76723052968191,-122.5074984682612
,81.0,dn13,pkg49,81,True,86.0,37.739611,-122.492203,37.77324076156823,-122.48973321416194
,83.0,dn3,pkg44,83,False,78.0,37.774524,-122.473656,37.79548912917882,-122.50401266182372
,84.0,dn1,pkg43,84,False,75.0,37.774524,-122.473656,37.773251638522105,-122.44008729797575
,84.0,dn12,pkg47,84,False,83.0,37.78929,-122.426797,37.773811296777,-122.45133795558057
,85.0,dn10,pkg39,85,False,75.0,37.78929,-122.426797,37.75848765308069,-122.41237432887957
,87.0,dn7,pkg55,87.0,True,93.0,37.718779,-122.462401,37.750684929703375,-122.44014264480914
,88.0,dn11,pkg54,88,True,95.0,37.78929,-122.426797,37.76176815218923,-122.42718272565251
,89.0,dn2,pkg45,89,False,78.0,37.774524,-122.473656,37.796178286111896,-122.45163914632337
,90.0,dn9,pkg56,90.0,True,96.0,37.718779,-122.462401,37.7324259362285,-122.46326754384701
,90.0,dn15,pkg57,90.0,True,96.0,37.739611,-122.492203,37.74720168857562,-122.47596962356155
,92.0,dn5,pkg50,92,False,87.0,37.751751,-122.410654,37.744210148670575,-122.42198799024678
,94.0,dn4,pkg46,94,False,84.0,37.751751,-122.410654,37.73805843433746,-122.40369545327788
,98.0,dn8,pkg52,98,False,90.0,37.718779,-122.462401,37.733624895224146,-122.40843111733142
,98.0,dn7,pkg61,98.0,True,104.0,37.718779,-122.462401,37.73505024801533,-122.47125735672864
,5.0,dn3,pkg14,5.0,True,11.0,37.774524,-122.473656,37.7417090897277,-122.48118905591893
,7.0,dn8,pkg17,7.0,True,16.0,37.718779,-122.462401,37.709318160452135,-122.45841151310194
,8.0,dn9,pkg11,8.0,True,15.0,37.718779,-122.462401,37.711703568408396,-122.42838281968582
,8.0,dn13,pkg12,8.0,True,13.0,37.739611,-122.492203,37.748040785073805,-122.50564989768324
,9.0,dn14,pkg20,9.0,True,16.0,37.739611,-122.492203,37.747982861390014,-122.49316712690138
,9.0,dn15,pkg19,9.0,True,16.0,37.739611,-122.492203,37.74763889590599,-122.48493405132484
,11.0,dn6,pkg2,11,True,13.0,37.751751,-122.410654,37.781912303645875,-122.42194292404966
,14.0,dn5,pkg21,14,False,12.0,37.751751,-122.410654,37.7742359956618,-122.43899983536559
,14.0,dn7,pkg4,14,False,11.0,37.718779,-122.462401,37.70801383431837,-122.44867018574597
,15.0,dn2,pkg16,15,False,10.0,37.774524,-122.473656,37.768029538112756,-122.43340232764965
,15.0,dn8,pkg22,15,True,15.0,37.718779,-122.462401,37.71234349106793,-122.50246946002622
,16.0,dn4,pkg13,16,False,15.0,37.751751,-122.410654,37.75200749331932,-122.4120321286998
,17.0,dn1,pkg9,17,False,14.0,37.774524,-122.473656,37.789287737024495,-122.46826971879626
,17.0,dn10,pkg3,17,False,14.0,37.78929,-122.426797,37.795226910977235,-122.44551151877423
,19.0,dn12,pkg5,19,False,17.0,37.78929,-122.426797,37.77867432379332,-122.4558446487057
,20.0,dn13,pkg8,20,False,16.0,37.739611,-122.492203,37.711015544073376,-122.50574767136222
,23.0,dn14,pkg28,23,True,26.0,37.739611,-122.492203,37.760658035571325,-122.45804053804852
,27.0,dn9,pkg1,27,False,16.0,37.718779,-122.462401,37.73967438826198,-122.43384673319599
,27.0,dn15,pkg30,27,True,32.0,37.739611,-122.492203,37.74568361934376,-122.45683943197065
,30.0,dn11,pkg15,30,False,14.0,37.78929,-122.426797,37.788647746259294,-122.40923231958823
,31.0,dn3,pkg23,31,False,13.0,37.774524,-122.473656,37.78803566155798,-122.43628322035983
,35.0,dn13,pkg34,35.0,True,41.0,37.739611,-122.492203,37.73241110641135,-122.46985160283687
,36.0,dn8,pkg27,36,False,28.0,37.718779,-122.462401,37.75945084811186,-122.43887163853961
,36.0,dn7,pkg31,36,False,35.0,37.718779,-122.462401,37.709541020603346,-122.50099913499555
,37.0,dn6,pkg26,37,False,26.0,37.751751,-122.410654,37.78938594202044,-122.43110372651472
,39.0,dn2,pkg29,39,False,33.0,37.774524,-122.473656,37.790663681595014,-122.50434058861086
,43.0,dn4,pkg36,43,True,47.0,37.751751,-122.410654,37.78654592866018,-122.41024619789421
,45.0,dn14,pkg37,45,True,49.0,37.739611,-122.492203,37.71737481810263,-122.46539771274207
,46.0,dn1,pkg32,46,False,38.0,37.774524,-122.473656,37.78173666412542,-122.46063915335792
,47.0,dn15,pkg38,47.0,True,54.0,37.739611,-122.492203,37.77792488959217,-122.4949277448444
,50.0,dn5,pkg33,50,False,40.0,37.751751,-122.410654,37.79072897887652,-122.39854860023428
,50.0,dn9,pkg40,50,True,57.0,37.718779,-122.462401,37.76002466568036,-122.45913723844778
,51.0,dn10,pkg35,51,False,43.0,37.78929,-122.426797,37.793386405987064,-122.44633984799711
,56.0,dn2,pkg43,56,True,63.0,37.774524,-122.473656,37.76293161172962,-122.45880885556994
,60.0,dn12,pkg39,60,False,56.0,37.78929,-122.426797,37.754182428742574,-122.42416144656677
,63.0,dn6,pkg41,63,False,58.0,37.751751,-122.410654,37.74691401779264,-122.40616152968924
,67.0,dn3,pkg46,67,True,72.0,37.774524,-122.473656,37.78025430245542,-122.43013880424871
,71.0,dn11,pkg47,71,True,71.0,37.78929,-122.426797,37.76115296347635,-122.41181451538053
,73.0,dn1,pkg49,73.0,True,80.0,37.774524,-122.473656,37.75200495630154,-122.45739131164187
,74.0,dn10,pkg45,74,False,70.0,37.78929,-122.426797,37.74765954782424,-122.41199697335747
,75.0,dn4,pkg42,75,False,60.0,37.751751,-122.410654,37.745851305062445,-122.40315675897196
,75.0,dn7,pkg48,75,True,78.0,37.718779,-122.462401,37.71153201785459,-122.4125426550631
,77.0,dn2,pkg50,77,True,81.0,37.774524,-122.473656,37.77682477757478,-122.49171778931739
,82.0,dn9,pkg53,82,True,89.0,37.718779,-122.462401,37.70786593977157,-122.48041809502656
,85.0,dn3,pkg55,85,True,94.0,37.774524,-122.473656,37.748271941572774,-122.43675603228343
,89.0,dn6,pkg54,89,True,89.0,37.751751,-122.410654,37.74869644174488,-122.4440193371555
,90.0,dn1,pkg56,90.0,True,96.0,37.774524,-122.473656,37.73095463484386,-122.48142953064288
,91.0,dn5,pkg51,91,False,86.0,37.751751,-122.410654,37.75128301643904,-122.39766030086093
,96.0,dn8,pkg52,96,False,89.0,37.718779,-122.462401,37.72179724512051,-122.40685373198225
,96.0,dn2,pkg58,96,True,99.0,37.774524,-122.473656,37.79461336253045,-122.49399771449234
,99.0,dn13,pkg59,99,True,103.0,37.739611,-122.492203,37.7675842950972,-122.50668680307312
,6.0,dn1,pkg20,6,True,10.0,37.774524,-122.473656,37.769291691541554,-122.48214157237004
,7.0,dn3,pkg22,7.0,True,16.0,37.774524,-122.473656,37.77656450012207,-122.47683841784536
,8.0,dn14,pkg17,8.0,True,14.0,37.739611,-122.492203,37.741039626186826,-122.46826178205615
,9.0,dn8,pkg21,9.0,True,14.0,37.718779,-122.462401,37.718337993805214,-122.44200705571352
,9.0,dn13,pkg12,9.0,True,15.0,37.739611,-122.492203,37.72729809055949,-122.50544019225757
,9.0,dn15,pkg7,9.0,True,16.0,37.739611,-122.492203,37.747143607759156,-122.47846788626741
,11.0,dn7,pkg11,11,True,12.0,37.718779,-122.462401,37.71283437165377,-122.45517384501795
,15.0,dn12,pkg1,15,True,15.0,37.78929,-122.426797,37.79185961092629,-122.4604272538034
,16.0,dn6,pkg4,16,False,14.0,37.751751,-122.410654,37.756805053434356,-122.43059865558827
,18.0,dn2,pkg6,18,False,14.0,37.774524,-122.473656,37.78588628093069,-122.46802343974325
,18.0,dn5,pkg9,18,False,13.0,37.751751,-122.410654,37.76609959662523,-122.41843723579508
,19.0,dn11,pkg19,19,False,14.0,37.78929,-122.426797,37.77927857007608,-122.42980933788152
,21.0,dn4,pkg8,21,False,13.0,37.751751,-122.410654,37.765863612726434,-122.41961897569483
,21.0,dn9,pkg5,21,False,12.0,37.718779,-122.462401,37.70816881918534,-122.43152698290564
,21.0,dn10,pkg14,21,False,15.0,37.78929,-122.426797,37.7849201728557,-122.41978814365515
,21.0,dn13,pkg23,21,False,18.0,37.739611,-122.492203,37.76773702121405,-122.50077872847189
,23.0,dn3,pkg10,23,False,17.0,37.774524,-122.473656,37.76987261871354,-122.48426979518406
,23.0,dn15,pkg2,23,False,14.0,37.739611,-122.492203,37.75767393783505,-122.44228260414529
,24.0,dn14,pkg15,24,False,20.0,37.739611,-122.492203,37.7430317729839,-122.4538988640784
,25.0,dn8,pkg3,25,False,17.0,37.718779,-122.462401,37.72300847762937,-122.42815138478987
,26.0,dn1,pkg13,26,False,19.0,37.774524,-122.473656,37.76867647380668,-122.45984713342379
,30.0,dn7,pkg27,30,False,23.0,37.718779,-122.462401,37.738895169439886,-122.45162635804179
,39.0,dn14,pkg36,39,True,40.0,37.739611,-122.492203,37.723430375977635,-122.47289092601291
,40.0,dn13,pkg31,40,False,34.0,37.739611,-122.492203,37.77759707456728,-122.46849314248246
,44.0,dn12,pkg29,44,False,35.0,37.78929,-122.426797,37.78569403005681,-122.42039094707086
,46.0,dn8,pkg43,46.0,True,52.0,37.718779,-122.462401,37.711530993091195,-122.44694233942134
,46.0,dn14,pkg40,46,True,47.0,37.739611,-122.492203,37.75490706755506,-122.4992796929927
,48.0,dn11,pkg37,48,False,47.0,37.78929,-122.426797,37.792160948773834,-122.4475646294211
,50.0,dn15,pkg34,50,False,39.0,37.739611,-122.492203,37.725797493759664,-122.45294731263466
,51.0,dn6,pkg33,51,False,35.0,37.751751,-122.410654,37.72029527381061,-122.41262410081916
,51.0,dn1,pkg38,51,False,46.0,37.774524,-122.473656,37.77185073579549,-122.47900983775999
,51.0,dn10,pkg45,51.0,True,60.0,37.78929,-122.426797,37.78888647174935,-122.4675033685179
,52.0,dn2,pkg35,52,False,39.0,37.774524,-122.473656,37.78609664601045,-122.45892157322031
,53.0,dn3,pkg30,53,False,36.0,37.774524,-122.473656,37.787038957516074,-122.4867226321138
,53.0,dn7,pkg47,53.0,True,62.0,37.718779,-122.462401,37.74713975879452,-122.50504215319916
,53.0,dn9,pkg50,53,True,58.0,37.718779,-122.462401,37.754546605652635,-122.47028167770235
,54.0,dn5,pkg41,54,False,52.0,37.751751,-122.410654,37.7899870446781,-122.39841881972767
,57.0,dn14,pkg44,57,False,50.0,37.739611,-122.492203,37.77062095668536,-122.48890136005781
,57.0,dn13,pkg52,57,True,63.0,37.739611,-122.492203,37.741654240323435,-122.45898473692512
,61.0,dn4,pkg46,61,False,55.0,37.751751,-122.410654,37.795066311289986,-122.41657266090228
,62.0,dn7,pkg53,62.0,True,70.0,37.718779,-122.462401,37.74137463254425,-122.48834918562078
,69.0,dn10,pkg49,69,False,61.0,37.78929,-122.426797,37.789839099419005,-122.44055919650144
,70.0,dn12,pkg55,70,True,78.0,37.78929,-122.426797,37.76972601962502,-122.42396369779529
,71.0,dn7,pkg57,71.0,True,78.0,37.718779,-122.462401,37.75768259983288,-122.46467385485776
,71.0,dn8,pkg58,71,True,76.0,37.718779,-122.462401,37.74304509072317,-122.44641343770398
,73.0,dn1,pkg54,73,False,70.0,37.774524,-122.473656,37.774238330606686,-122.49598989044873
,76.0,dn9,pkg61,76.0,True,84.0,37.718779,-122.462401,37.7271389468221,-122.47152351350155
,82.0,dn2,pkg62,82,True,84.0,37.774524,-122.473656,37.76220753664436,-122.4657126928251
,83.0,dn6,pkg60,83,True,85.0,37.751751,-122.410654,37.74362465964182,-122.41115338426411
,85.0,dn3,pkg63,85,True,87.0,37.774524,-122.473656,37.78020168170216,-122.47895359068882
,87.0,dn10,pkg65,87,True,91.0,37.78929,-122.426797,37.79297213760629,-122.48391492664756
,88.0,dn11,pkg48,88,False,60.0,37.78929,-122.426797,37.77865714440701,-122.40042909109215
,95.0,dn5,pkg59,95,False,77.0,37.751751,-122.410654,37.70866056795211,-122.39580873557188
,99.0,dn4,pkg64,99,False,92.0,37.751751,-122.410654,37.78569842721736,-122.40349838717417
,99.0,dn12,pkg66,99,False,96.0,37.78929,-122.426797,37.78035439756226,-122.47591428504502
,99.0,dn8,pkg72,99,True,106.0,37.718779,-122.462401,37.73565031082191,-122.43976171139597
,6.0,dn8,pkg1,6.0,True,13.0,37.718779,-122.462401,37.716154959769256,-122.47003482985329
,6.0,dn14,pkg20,6,True,12.0,37.739611,-122.492203,37.727670200940686,-122.47212368593341
,7.0,dn12,pkg12,7,True,15.0,37.78929,-122.426797,37.77114378884003,-122.4175346443999
,7.0,dn15,pkg17,7.0,True,16.0,37.739611,-122.492203,37.740994485515294,-122.48529151663888
,8.0,dn13,pkg4,8.0,True,13.0,37.739611,-122.492203,37.740882683245516,-122.48774867283375
,9.0,dn6,pkg5,9,True,13.0,37.751751,-122.410654,37.752459818023304,-122.44278245878502
,9.0,dn9,pkg18,9.0,True,14.0,37.718779,-122.462401,37.72022708083889,-122.46462427947337
,10.0,dn10,pkg14,10,True,13.0,37.78929,-122.426797,37.791530324911825,-122.43240824684104
,11.0,dn2,pkg15,11,True,14.0,37.774524,-122.473656,37.772364941626215,-122.45927592638338
,11.0,dn7,pkg3,11,True,12.0,37.718779,-122.462401,37.72211130522961,-122.45479295830812
,12.0,dn1,pkg16,12,True,14.0,37.774524,-122.473656,37.78103879056337,-122.47665320115333
,13.0,dn3,pkg11,13,False,12.0,37.774524,-122.473656,37.79112173745915,-122.49749923975084
,13.0,dn4,pkg13,13,True,13.0,37.751751,-122.410654,37.74907478916195,-122.39488829595204
,15.0,dn14,pkg28,15.0,True,25.0,37.739611,-122.492203,37.7312218271767,-122.49537977714927
,16.0,dn13,pkg9,16,False,14.0,37.739611,-122.492203,37.744903760115776,-122.45453438607088
,18.0,dn5,pkg21,18,False,13.0,37.751751,-122.410654,37.73064625946121,-122.4167842959022
,21.0,dn15,pkg2,21,False,15.0,37.739611,-122.492203,37.72274210771727,-122.44678092723044
,22.0,dn9,pkg19,22,False,17.0,37.718779,-122.462401,37.715811849693424,-122.41616833300665
,23.0,dn14,pkg26,23,True,23.0,37.739611,-122.492203,37.77265352198021,-122.47894259042725
,25.0,dn8,pkg10,25,False,19.0,37.718779,-122.462401,37.72937391908146,-122.43060489474566
,26.0,dn11,pkg7,26,False,14.0,37.78929,-122.426797,37.784433631267035,-122.40562455591478
,28.0,dn12,pkg8,28,False,15.0,37.78929,-122.426797,37.795405933536024,-122.4615252192218
,29.0,dn7,pkg32,29,True,31.0,37.718779,-122.462401,37.71805462144766,-122.48084757511094
,31.0,dn13,pkg34,31.0,True,37.0,37.739611,-122.492203,37.757021446319854,-122.48742141107437
,34.0,dn6,pkg23,34,False,20.0,37.751751,-122.410654,37.7887995865963,-122.40555368984398
,36.0,dn1,pkg36,36,True,39.0,37.774524,-122.473656,37.772474208465326,-122.47010681850223
,36.0,dn14,pkg35,36.0,True,46.0,37.739611,-122.492203,37.71480527789492,-122.4969391077586
,38.0,dn4,pkg29,38,False,28.0,37.751751,-122.410654,37.74955500977836,-122.40393770291867
,40.0,dn3,pkg37,40,True,47.0,37.774524,-122.473656,37.76301338430336,-122.43677783968121
,41.0,dn2,pkg31,41,False,30.0,37.774524,-122.473656,37.77553669588772,-122.44764554804233
,42.0,dn15,pkg39,42,True,48.0,37.739611,-122.492203,37.73846205168632,-122.46477984689076
,44.0,dn10,pkg27,44,False,26.0,37.78929,-122.426797,37.79025745524262,-122.4340180975568
,44.0,dn13,pkg40,44.0,True,51.0,37.739611,-122.492203,37.71531405668212,-122.5037854741482
,46.0,dn7,pkg42,46,True,53.0,37.718779,-122.462401,37.72765181750469,-122.4380708569069
,47.0,dn5,pkg38,47,False,43.0,37.751751,-122.410654,37.77789880842959,-122.4040018092153
,49.0,dn9,pkg33,49,False,33.0,37.718779,-122.462401,37.70947083063736,-122.43106955798332
,50.0,dn8,pkg43,50,True,53.0,37.718779,-122.462401,37.75540387129792,-122.45345114512747
,51.0,dn1,pkg45,51.0,True,58.0,37.774524,-122.473656,37.763740658838664,-122.46325397038264
,55.0,dn14,pkg44,55,True,58.0,37.739611,-122.492203,37.77227814900173,-122.4940342170359
,67.0,dn4,pkg41,67,False,54.0,37.751751,-122.410654,37.74984722521585,-122.39756323172575
,67.0,dn12,pkg50,67,True,72.0,37.78929,-122.426797,37.76686809448284,-122.45894884832606
,67.0,dn7,pkg52,67.0,True,74.0,37.718779,-122.462401,37.72449992534348,-122.47772318104074
,68.0,dn11,pkg49,68,False,67.0,37.78929,-122.426797,37.75756818744135,-122.44285883142543
,68.0,dn8,pkg54,68.0,True,76.0,37.718779,-122.462401,37.72290376327339,-122.47467186077958
,69.0,dn3,pkg47,69,False,67.0,37.774524,-122.473656,37.77266695370816,-122.45352685261471
,72.0,dn6,pkg46,72,False,67.0,37.751751,-122.410654,37.711548353262764,-122.42531977095965
,74.0,dn1,pkg56,74.0,True,83.0,37.774524,-122.473656,37.75651176886917,-122.45376411032053
,74.0,dn9,pkg59,74,True,82.0,37.718779,-122.462401,37.72517847809478,-122.49929500238008
,76.0,dn13,pkg55,76,True,82.0,37.739611,-122.492203,37.70811342588835,-122.45722184981041
,77.0,dn2,pkg58,77.0,True,86.0,37.774524,-122.473656,37.771308469616656,-122.46500339675127
,81.0,dn14,pkg61,81.0,True,90.0,37.739611,-122.492203,37.72540015069983,-122.47976980735389
,82.0,dn8,pkg60,82,True,88.0,37.718779,-122.462401,37.74275748748673,-122.44896203813587
,83.0,dn5,pkg51,83,False,66.0,37.751751,-122.410654,37.764905373579474,-122.41245924501366
,86.0,dn10,pkg53,86,False,75.0,37.78929,-122.426797,37.77338983915718,-122.4063305361685
,91.0,dn2,pkg67,91.0,True,101.0,37.774524,-122.473656,37.75933390774971,-122.50503280597214
,95.0,dn7,pkg69,95,True,97.0,37.718779,-122.462401,37.713086307125685,-122.41694691467102
,97.0,dn9,pkg70,97,True,103.0,37.718779,-122.462401,37.72866593577596,-122.44791888304087
,98.0,dn1,pkg63,98,False,94.0,37.774524,-122.473656,37.795562648792156,-122.4545294787731
,98.0,dn13,pkg71,98,True,105.0,37.739611,-122.492203,37.71735941688107,-122.46251416623844
,98.0,dn15,pkg75,98.0,True,107.0,37.739611,-122.492203,37.72044889207625,-122.48639245849333
,99.0,dn14,pkg73,99.0,True,104.0,37.739611,-122.492203,37.72325493667784,-122.45411867556938
,5.0,dn2,pkg21,5,True,14.0,37.774524,-122.473656,37.757011591373555,-122.49213631968904
,5.0,dn3,pkg5,5.0,True,12.0,37.774524,-122.473656,37.73376068724994,-122.4875415927836
,5.0,dn13,pkg11,5,True,11.0,37.739611,-122.492203,37.732528402311964,-122.50549949361907
,6.0,dn8,pkg8,6.0,True,11.0,37.718779,-122.462401,37.714037474158495,-122.47431622866837
,6.0,dn9,pkg14,6,True,14.0,37.718779,-122.462401,37.73046336498005,-122.46628301678308
,7.0,dn5,pkg4,7,True,11.0,37.751751,-122.410654,37.72500134729809,-122.42670161460188
,7.0,dn7,pkg18,7,True,11.0,37.718779,-122.462401,37.716024317943045,-122.47003341677976
,8.0,dn4,pkg22,8,True,12.0,37.751751,-122.410654,37.745793581860156,-122.40463880150895
,9.0,dn15,pkg13,9,True,19.0,37.739611,-122.492203,37.7600380941018,-122.47969754579665
,10.0,dn10,pkg1,10.0,True,16.0,37.78929,-122.426797,37.79623543711549,-122.43166757167815
,11.0,dn14,pkg17,11,True,13.0,37.739611,-122.492203,37.71374195679034,-122.48753796418819
,11.0,dn3,pkg25,11.0,True,18.0,37.774524,-122.473656,37.74675343435767,-122.48202580955852
,12.0,dn1,pkg19,12,True,17.0,37.774524,-122.473656,37.769638558189975,-122.4626034478362
,13.0,dn11,pkg16,13,True,17.0,37.78929,-122.426797,37.785688390292144,-122.42929992045762
,14.0,dn6,pkg7,14,True,14.0,37.751751,-122.410654,37.74735344230221,-122.43703686105789
,15.0,dn2,pkg26,15.0,True,21.0,37.774524,-122.473656,37.73999925573618,-122.49225398756306
,16.0,dn12,pkg23,16,True,17.0,37.78929,-122.426797,37.78980297410913,-122.43405281800624
,20.0,dn13,pkg12,20,False,18.0,37.739611,-122.492203,37.712043465290606,-122.45259668276094
,21.0,dn8,pkg6,21,False,15.0,37.718779,-122.462401,37.71338774609705,-122.44039445034988
,23.0,dn2,pkg32,23,True,29.0,37.774524,-122.473656,37.747631246242584,-122.45440409102902
,27.0,dn9,pkg9,27,False,15.0,37.718779,-122.462401,37.72714197985,-122.42174105329296
,27.0,dn3,pkg33,27,True,35.0,37.774524,-122.473656,37.78471763741385,-122.4533189636605
,29.0,dn4,pkg3,29,False,19.0,37.751751,-122.410654,37.73095369148091,-122.41173608466652
,29.0,dn15,pkg27,29,False,24.0,37.739611,-122.492203,37.71609179582866,-122.45981498808219
,29.0,dn1,pkg34,29,True,34.0,37.774524,-122.473656,37.73655611510368,-122.4727567281711
,30.0,dn14,pkg29,30,False,26.0,37.739611,-122.492203,37.70815054715784,-122.49386993473188
,31.0,dn7,pkg15,31,False,18.0,37.718779,-122.462401,37.72331573381637,-122.43036575893748
,38.0,dn8,pkg37,38,True,38.0,37.718779,-122.462401,37.7193845315123,-122.47315010359165
,40.0,dn13,pkg35,40,False,34.0,37.739611,-122.492203,37.707968691413534,-122.45869364968756
,41.0,dn5,pkg2,41,False,15.0,37.751751,-122.410654,37.72469604356766,-122.40378333072293
,43.0,dn1,pkg39,43.0,True,49.0,37.774524,-122.473656,37.77799222652216,-122.49090379905203
,45.0,dn6,pkg31,45,False,30.0,37.751751,-122.410654,37.72041388965958,-122.4272241554046
,46.0,dn3,pkg41,46.0,True,56.0,37.774524,-122.473656,37.76553481316639,-122.49927017969148
,47.0,dn2,pkg40,47,True,56.0,37.774524,-122.473656,37.780497258288335,-122.48354797950196
,52.0,dn14,pkg42,52,True,55.0,37.739611,-122.492203,37.7841120354486,-122.50314911011243
,52.0,dn9,pkg45,52,True,59.0,37.718779,-122.462401,37.71566011501815,-122.42616717691403
,56.0,dn11,pkg48,56.0,True,61.0,37.78929,-122.426797,37.77021046019266,-122.47064507512601
,60.0,dn10,pkg43,60,False,52.0,37.78929,-122.426797,37.78764835501906,-122.44609449537239
,60.0,dn7,pkg50,60,True,67.0,37.718779,-122.462401,37.72400869536568,-122.47059517192403
,65.0,dn4,pkg44,65,False,55.0,37.751751,-122.410654,37.73804161570813,-122.41405264191238
,67.0,dn8,pkg52,67,True,73.0,37.718779,-122.462401,37.72684999206649,-122.41004650256276
,68.0,dn1,pkg51,68,True,68.0,37.774524,-122.473656,37.76426233818659,-122.4625409595057
,69.0,dn3,pkg55,69,True,77.0,37.774524,-122.473656,37.747184082345,-122.45812783621514
,73.0,dn13,pkg53,73,True,78.0,37.739611,-122.492203,37.73015339446291,-122.44685938155631
,75.0,dn11,pkg57,75.0,True,80.0,37.78929,-122.426797,37.77460498617061,-122.47397291248967
,76.0,dn2,pkg54,76,True,79.0,37.774524,-122.473656,37.77407158159183,-122.43361332778943
,78.0,dn7,pkg58,78.0,True,85.0,37.718779,-122.462401,37.75885432749163,-122.48122583846511
,79.0,dn9,pkg56,79,True,83.0,37.718779,-122.462401,37.71457244977246,-122.45109089381302
,79.0,dn14,pkg59,79.0,True,89.0,37.739611,-122.492203,37.758777365046925,-122.49076600308524
,85.0,dn12,pkg61,85,True,88.0,37.78929,-122.426797,37.78937025570905,-122.46047822682168
,87.0,dn3,pkg62,87.0,True,94.0,37.774524,-122.473656,37.789900467224534,-122.50683448707595
,88.0,dn6,pkg47,88,False,64.0,37.751751,-122.410654,37.73984033297084,-122.40634436240306
,90.0,dn1,pkg65,90.0,True,99.0,37.774524,-122.473656,37.755761944951836,-122.4638010512755
,91.0,dn5,pkg60,91,False,87.0,37.751751,-122.410654,37.77448041112095,-122.39521798781703
,92.0,dn14,pkg66,92.0,True,100.0,37.739611,-122.492203,37.76724494886512,-122.50049159625048
,93.0,dn8,pkg64,93,True,96.0,37.718779,-122.462401,37.729524543635954,-122.41667943628589
,95.0,dn7,pkg67,95.0,True,104.0,37.718779,-122.462401,37.730525214684675,-122.48603348365232
,99.0,dn2,pkg68,99,True,104.0,37.774524,-122.473656,37.7663341596204,-122.45535628991763
,5.0,dn2,pkg8,5.0,True,10.0,37.774524,-122.473656,37.73896882414563,-122.4897792341185
,9.0,dn1,pkg15,9,True,12.0,37.774524,-122.473656,37.760734375337535,-122.47534024145459
,9.0,dn3,pkg9,9.0,True,15.0,37.774524,-122.473656,37.759717078313926,-122.46954472579145
,9.0,dn13,pkg13,9.0,True,14.0,37.739611,-122.492203,37.73895583422694,-122.4842558140304
,9.0,dn15,pkg20,9,True,14.0,37.739611,-122.492203,37.7423337740399,-122.46037440581911
,10.0,dn7,pkg16,10,True,14.0,37.718779,-122.462401,37.72089666559583,-122.46643939411099
,10.0,dn11,pkg12,10,True,15.0,37.78929,-122.426797,37.78682766045312,-122.44574452297302
,10.0,dn14,pkg18,10.0,True,18.0,37.739611,-122.492203,37.737078357425,-122.49691754289145
,11.0,dn5,pkg10,11,True,13.0,37.751751,-122.410654,37.73672228450517,-122.40209800938474
,12.0,dn9,pkg7,12,True,15.0,37.718779,-122.462401,37.71336419882268,-122.46211829188445
,12.0,dn12,pkg6,12,True,15.0,37.78929,-122.426797,37.753329012504786,-122.42990835207705
,13.0,dn8,pkg4,13,True,13.0,37.718779,-122.462401,37.722933427043365,-122.45215646772951
,14.0,dn2,pkg11,14,True,15.0,37.774524,-122.473656,37.78792496022427,-122.48199411670812
,15.0,dn6,pkg2,15,True,16.0,37.751751,-122.410654,37.758299617519164,-122.40234623857346
,15.0,dn10,pkg19,15,True,15.0,37.78929,-122.426797,37.79346698146066,-122.43848740007847
,15.0,dn14,pkg1,15,True,19.0,37.739611,-122.492203,37.73224158565961,-122.49308842244722
,16.0,dn4,pkg3,16,False,13.0,37.751751,-122.410654,37.74580154930963,-122.42884251477906
,18.0,dn13,pkg23,18,False,13.0,37.739611,-122.492203,37.71533253225211,-122.4737949364173
,21.0,dn3,pkg21,21,False,17.0,37.774524,-122.473656,37.75428540969103,-122.46966429611396
,23.0,dn1,pkg25,23,False,20.0,37.774524,-122.473656,37.7771346388539,-122.47932314612937
,23.0,dn14,pkg26,23,False,20.0,37.739611,-122.492203,37.718163159763,-122.48287955714983
,25.0,dn15,pkg24,25,False,19.0,37.739611,-122.492203,37.75561344318947,-122.45761528708617
,27.0,dn13,pkg34,27,True,32.0,37.739611,-122.492203,37.73949243043613,-122.4877602337965
,29.0,dn7,pkg29,29,False,27.0,37.718779,-122.462401,37.71954155555503,-122.45558561094612
,32.0,dn9,pkg30,32,False,27.0,37.718779,-122.462401,37.7201806269463,-122.46914124380558
,33.0,dn1,pkg36,33,True,34.0,37.774524,-122.473656,37.75374448404399,-122.49048207126452
,35.0,dn8,pkg33,35,False,31.0,37.718779,-122.462401,37.74484330747449,-122.44141233172738
,36.0,dn12,pkg35,36,True,36.0,37.78929,-122.426797,37.794863244712275,-122.4706212159159
,37.0,dn2,pkg32,37,False,31.0,37.774524,-122.473656,37.777826865864185,-122.47526670833082
,38.0,dn13,pkg37,38,True,38.0,37.739611,-122.492203,37.76836844758773,-122.45834523590293
,38.0,dn6,pkg42,38,True,45.0,37.751751,-122.410654,37.77508291641086,-122.43412453947754
,38.0,dn15,pkg40,38,True,45.0,37.739611,-122.492203,37.76667911192855,-122.50064315956492
,39.0,dn5,pkg28,39,False,25.0,37.751751,-122.410654,37.722894488812216,-122.40615708275155
,40.0,dn11,pkg31,40,False,28.0,37.78929,-122.426797,37.78762124674974,-122.42139515742629
,43.0,dn7,pkg43,43,True,49.0,37.718779,-122.462401,37.72005293678998,-122.50563274343212
,44.0,dn9,pkg46,44.0,True,54.0,37.718779,-122.462401,37.73829418410514,-122.48909798804735
,45.0,dn14,pkg38,45,False,39.0,37.739611,-122.492203,37.76089519100694,-122.44795332237918
,47.0,dn3,pkg41,47,False,44.0,37.774524,-122.473656,37.78634341021299,-122.48554721130361
,47.0,dn4,pkg45,47,True,48.0,37.751751,-122.410654,37.73734701988047,-122.41000509265928
,48.0,dn10,pkg39,48,False,46.0,37.78929,-122.426797,37.795008980800255,-122.4480251844494
,49.0,dn8,pkg49,49,True,55.0,37.718779,-122.462401,37.73319229729685,-122.43088294687506
,49.0,dn15,pkg48,49.0,True,54.0,37.739611,-122.492203,37.74038042082618,-122.50132715743597
,56.0,dn1,pkg44,56,False,47.0,37.774524,-122.473656,37.79168150169633,-122.48394906862559
,57.0,dn6,pkg47,57,False,50.0,37.751751,-122.410654,37.76650634897574,-122.44517736135553
,58.0,dn12,pkg51,58,True,63.0,37.78929,-122.426797,37.771390340535746,-122.47635371065337
,66.0,dn2,pkg53,66.0,True,75.0,37.774524,-122.473656,37.77733182537621,-122.44608583427407
,70.0,dn11,pkg54,70.0,True,80.0,37.78929,-122.426797,37.77967543679832,-122.47864322115946
,72.0,dn7,pkg57,72,True,76.0,37.718779,-122.462401,37.71551084565754,-122.45466192352099
,73.0,dn10,pkg55,73,True,79.0,37.78929,-122.426797,37.76712480669,-122.43751410842911
,74.0,dn3,pkg56,74,True,79.0,37.774524,-122.473656,37.79520388839306,-122.48588160817415
,76.0,dn5,pkg52,76,False,61.0,37.751751,-122.410654,37.74364736605548,-122.39805220401693
,79.0,dn8,pkg58,79,True,84.0,37.718779,-122.462401,37.729548878066865,-122.44407214233406
,83.0,dn4,pkg50,83,False,64.0,37.751751,-122.410654,37.71095212133598,-122.40206340985175
,83.0,dn14,pkg63,83,True,89.0,37.739611,-122.492203,37.741317965974815,-122.45120996423523
,85.0,dn7,pkg66,85,True,89.0,37.718779,-122.462401,37.714929044235376,-122.48783389184318
,86.0,dn13,pkg59,86,False,82.0,37.739611,-122.492203,37.778399998646975,-122.50479548820894
,86.0,dn15,pkg65,86.0,True,93.0,37.739611,-122.492203,37.71649637245763,-122.47377934058592
,90.0,dn1,pkg64,90,True,92.0,37.774524,-122.473656,37.790005949379236,-122.47198715833873
,95.0,dn9,pkg62,95,False,85.0,37.718779,-122.462401,37.72506792329108,-122.41518664670939
,98.0,dn6,pkg60,98,False,83.0,37.751751,-122.410654,37.779503477320745,-122.40239163051106
,98.0,dn12,pkg61,98,False,91.0,37.78929,-122.426797,37.792326369153045,-122.4103281030796
,100.0,dn7,pkg67,100,False,94.0,37.718779,-122.462401,37.714231402349775,-122.48569310785778
,5.0,dn3,pkg4,5,True,10.0,37.774524,-122.473656,37.73479472330716,-122.47767042556231
,5.0,dn8,pkg16,5.0,True,14.0,37.718779,-122.462401,37.7128953192005,-122.46579754335991
,5.0,dn13,pkg10,5.0,True,15.0,37.739611,-122.492203,37.729610752982076,-122.48343098503481
,6.0,dn14,pkg9,6.0,True,15.0,37.739611,-122.492203,37.74872428725738,-122.47880185814677
,7.0,dn1,pkg19,7,True,11.0,37.774524,-122.473656,37.78844991420019,-122.4961865838233
,7.0,dn11,pkg13,7.0,True,15.0,37.78929,-122.426797,37.750862920618935,-122.45362768431455
,8.0,dn2,pkg3,8.0,True,13.0,37.774524,-122.473656,37.755237625934136,-122.47385474204343
,8.0,dn12,pkg2,8.0,True,17.0,37.78929,-122.426797,37.75579530708913,-122.45166314032046
,9.0,dn10,pkg7,9.0,True,16.0,37.78929,-122.426797,37.789925120219486,-122.43183463342659
,10.0,dn9,pkg17,10,True,14.0,37.718779,-122.462401,37.72444462954866,-122.45781547513012
,10.0,dn15,pkg1,10,True,15.0,37.739611,-122.492203,37.75937013237289,-122.5056332036383
,11.0,dn13,pkg25,11,True,14.0,37.739611,-122.492203,37.74058161088326,-122.50413681864224
,12.0,dn7,pkg8,12,True,13.0,37.718779,-122.462401,37.70780139561761,-122.4600125213606
,15.0,dn4,pkg14,15,True,15.0,37.751751,-122.410654,37.73444516166491,-122.42382124514782
,16.0,dn8,pkg6,16,False,15.0,37.718779,-122.462401,37.73553306833075,-122.45461058841741
,17.0,dn3,pkg5,17,True,18.0,37.774524,-122.473656,37.77325381409966,-122.48453783655455
,20.0,dn2,pkg27,20,False,16.0,37.774524,-122.473656,37.796238313145935,-122.46562063203255
,22.0,dn5,pkg12,22,False,14.0,37.751751,-122.410654,37.7812535024373,-122.41071064974142
,22.0,dn14,pkg26,22,False,17.0,37.739611,-122.492203,37.734033557904766,-122.45214870193921
,22.0,dn11,pkg11,22,False,18.0,37.78929,-122.426797,37.750523905145194,-122.44760310723223
,23.0,dn6,pkg22,23,False,14.0,37.751751,-122.410654,37.77814122293248,-122.39596834291835
,23.0,dn1,pkg28,23,False,19.0,37.774524,-122.473656,37.76490090150523,-122.4935388966504
,26.0,dn9,pkg29,26,False,25.0,37.718779,-122.462401,37.70962472480482,-122.49507895475912
,27.0,dn10,pkg31,27,False,26.0,37.78929,-122.426797,37.783046701087294,-122.44630795088983
,28.0,dn13,pkg18,28,False,19.0,37.739611,-122.492203,37.74140513103868,-122.44519255981578
,31.0,dn15,pkg35,31,True,36.0,37.739611,-122.492203,37.708692865241694,-122.49814997970621
,33.0,dn8,pkg38,33.0,True,40.0,37.718779,-122.462401,37.76154537255995,-122.47711005734367
,35.0,dn12,pkg30,35,False,25.0,37.78929,-122.426797,37.78023776907191,-122.43142655324561
,37.0,dn7,pkg36,37,True,41.0,37.718779,-122.462401,37.7310521924911,-122.42946779099232
,39.0,dn3,pkg32,39,False,26.0,37.774524,-122.473656,37.769794529874126,-122.42420486072062
,40.0,dn14,pkg43,40.0,True,48.0,37.739611,-122.492203,37.750670890871824,-122.47225813006368
,41.0,dn9,pkg40,41,False,39.0,37.718779,-122.462401,37.74060422255584,-122.4550102823284
,42.0,dn1,pkg37,42,True,42.0,37.774524,-122.473656,37.76589864645306,-122.4922045108435
,44.0,dn4,pkg33,44,False,32.0,37.751751,-122.410654,37.75734544217755,-122.40702220108507
,47.0,dn13,pkg47,47,True,53.0,37.739611,-122.492203,37.74656098224084,-122.48408106873072
,49.0,dn8,pkg44,49,False,47.0,37.718779,-122.462401,37.742737445524995,-122.43414703372481
,50.0,dn2,pkg34,50,False,36.0,37.774524,-122.473656,37.77347740918319,-122.4184601803979
,53.0,dn10,pkg42,53,False,50.0,37.78929,-122.426797,37.75510045571764,-122.40163315929547
,54.0,dn11,pkg41,54,False,51.0,37.78929,-122.426797,37.77041875687009,-122.41965073365685
,57.0,dn6,pkg45,57,False,53.0,37.751751,-122.410654,37.7169596349665,-122.42690232280545
,58.0,dn7,pkg49,58,True,62.0,37.718779,-122.462401,37.71834601015856,-122.40635813034766
,58.0,dn9,pkg51,58,True,67.0,37.718779,-122.462401,37.73022679748504,-122.44738996732596
,63.0,dn13,pkg52,63.0,True,70.0,37.739611,-122.492203,37.75361960061242,-122.46812962782023
,65.0,dn1,pkg48,65,False,57.0,37.774524,-122.473656,37.79339956422923,-122.43201003007411
,68.0,dn5,pkg46,68,False,54.0,37.751751,-122.410654,37.76459329156532,-122.4128929300997
,69.0,dn12,pkg50,69,False,62.0,37.78929,-122.426797,37.76320413651556,-122.41664520029045
,71.0,dn3,pkg54,71,True,77.0,37.774524,-122.473656,37.766783977933216,-122.43209590656862
,75.0,dn4,pkg53,75,False,70.0,37.751751,-122.410654,37.7510267204021,-122.41284191124032
,76.0,dn10,pkg56,76,True,80.0,37.78929,-122.426797,37.786923923472095,-122.48016428419908
,82.0,dn2,pkg55,82,False,78.0,37.774524,-122.473656,37.793469948561416,-122.48745753887968
,83.0,dn6,pkg58,83.0,True,90.0,37.751751,-122.410654,37.76200858872681,-122.45971226789263
,84.0,dn7,pkg57,84,False,78.0,37.718779,-122.462401,37.712706224250454,-122.44249086889465
,86.0,dn9,pkg60,86.0,True,93.0,37.718779,-122.462401,37.73456101119728,-122.43779960508358
,86.0,dn13,pkg62,86.0,True,93.0,37.739611,-122.492203,37.7364504551316,-122.4869684997824
,88.0,dn8,pkg59,88,True,88.0,37.718779,-122.462401,37.752903311105214,-122.4257420267029
,91.0,dn11,pkg63,91,True,98.0,37.78929,-122.426797,37.75359895945916,-122.42276552131825
,93.0,dn3,pkg64,93.0,True,98.0,37.774524,-122.473656,37.75360375013523,-122.48108815508648
,94.0,dn14,pkg65,94.0,True,101.0,37.739611,-122.492203,37.721108119507065,-122.45399630860115
,96.0,dn15,pkg67,96.0,True,106.0,37.739611,-122.492203,37.762686529417834,-122.49267032403844
,97.0,dn1,pkg61,97,False,94.0,37.774524,-122.473656,37.760051517939296,-122.43723527185317
,97.0,dn13,pkg66,97.0,True,106.0,37.739611,-122.492203,37.72036251084998,-122.48050934881543
,5.0,dn2,pkg16,5,True,12.0,37.774524,-122.473656,37.770820102002894,-122.50177356006677
,5.0,dn7,pkg11,5.0,True,10.0,37.718779,-122.462401,37.7239831859125,-122.46369794254137
,6.0,dn9,pkg20,6,True,12.0,37.718779,-122.462401,37.720441863531434,-122.482567347717
,6.0,dn15,pkg4,6.0,True,16.0,37.739611,-122.492203,37.75046288157509,-122.46939752426512
,9.0,dn8,pkg18,9.0,True,14.0,37.718779,-122.462401,37.72122370946905,-122.45691526610243
,9.0,dn13,pkg17,9.0,True,17.0,37.739611,-122.492203,37.734387597066274,-122.49621796553816
,10.0,dn14,pkg9,10.0,True,18.0,37.739611,-122.492203,37.734674943638936,-122.49001638983955
,11.0,dn1,pkg1,11,True,15.0,37.774524,-122.473656,37.78407057664316,-122.46859560907595
,14.0,dn7,pkg25,14,True,15.0,37.718779,-122.462401,37.72196449745087,-122.48231998317135
,15.0,dn2,pkg23,15,False,13.0,37.774524,-122.473656,37.75730865679742,-122.49660693813246
,16.0,dn3,pkg2,16,True,18.0,37.774524,-122.473656,37.77764118842204,-122.47093767371322
,17.0,dn14,pkg10,17,True,19.0,37.739611,-122.492203,37.71776339376899,-122.457411388369
,18.0,dn5,pkg14,18,False,16.0,37.751751,-122.410654,37.75448771565142,-122.41506227640464
,18.0,dn15,pkg15,18,True,20.0,37.739611,-122.492203,37.763161513939764,-122.50042488181572
,19.0,dn11,pkg5,19,False,17.0,37.78929,-122.426797,37.78179767896821,-122.4629696510174
,19.0,dn12,pkg19,19,False,16.0,37.78929,-122.426797,37.78246146755975,-122.47761473835139
,20.0,dn4,pkg8,20,False,13.0,37.751751,-122.410654,37.75006469706373,-122.39767040081182
,21.0,dn10,pkg13,21,False,16.0,37.78929,-122.426797,37.779589072379935,-122.40577371946218
,22.0,dn6,pkg7,22,False,14.0,37.751751,-122.410654,37.771236662301575,-122.42970539108683
,26.0,dn13,pkg31,26.0,True,32.0,37.739611,-122.492203,37.763267047935926,-122.48319488861128
,29.0,dn1,pkg32,29,True,34.0,37.774524,-122.473656,37.7507476066665,-122.47760028332442
,32.0,dn9,pkg3,32,False,14.0,37.718779,-122.462401,37.72527167125868,-122.42654213931178
,34.0,dn14,pkg33,34.0,True,42.0,37.739611,-122.492203,37.73386894674463,-122.49845786676137
,35.0,dn2,pkg27,35,False,26.0,37.774524,-122.473656,37.78733215281498,-122.46167571459644
,36.0,dn8,pkg21,36,False,16.0,37.718779,-122.462401,37.71746571061372,-122.41756203990835
,36.0,dn7,pkg28,36,False,24.0,37.718779,-122.462401,37.730594912036146,-122.4151186569158
,42.0,dn15,pkg37,42,True,45.0,37.739611,-122.492203,37.72740909767833,-122.44087167830676
,43.0,dn13,pkg35,43,True,52.0,37.739611,-122.492203,37.722401999439704,-122.44498988960238
,45.0,dn3,pkg34,45,True,45.0,37.774524,-122.473656,37.76235823994569,-122.44046941568412
,47.0,dn14,pkg40,47.0,True,54.0,37.739611,-122.492203,37.74031888094924,-122.48741869370976
,48.0,dn1,pkg38,48,True,51.0,37.774524,-122.473656,37.78977619247824,-122.46535829716572
,49.0,dn5,pkg36,49,True,51.0,37.751751,-122.410654,37.75777148587276,-122.41701185741539
,53.0,dn11,pkg42,53,True,61.0,37.78929,-122.426797,37.786001356882416,-122.48005658448825
,56.0,dn4,pkg39,56,True,56.0,37.751751,-122.410654,37.75526936391308,-122.42987416637618
,63.0,dn2,pkg44,63,True,65.0,37.774524,-122.473656,37.79256657454455,-122.49866651073621
,63.0,dn13,pkg46,63.0,True,72.0,37.739611,-122.492203,37.76446874082849,-122.49193020919505
,64.0,dn10,pkg41,64,False,55.0,37.78929,-122.426797,37.78984093564043,-122.45091853806485
,64.0,dn6,pkg43,64,False,62.0,37.751751,-122.410654,37.76300133682863,-122.40394426797351
,64.0,dn12,pkg45,64,True,70.0,37.78929,-122.426797,37.77822228093489,-122.47613309453602
,67.0,dn3,pkg47,67.0,True,77.0,37.774524,-122.473656,37.76588156415791,-122.4889921923336
,71.0,dn1,pkg49,71,True,80.0,37.774524,-122.473656,37.74988119843232,-122.4476514317503
,71.0,dn7,pkg50,71.0,True,77.0,37.718779,-122.462401,37.757139290493406,-122.47047923331402
,74.0,dn8,pkg52,74.0,True,84.0,37.718779,-122.462401,37.748964139058195,-122.47683454500905
,74.0,dn9,pkg53,74.0,True,79.0,37.718779,-122.462401,37.72331839740324,-122.48140428912481
,75.0,dn13,pkg54,75,True,82.0,37.739611,-122.492203,37.75556249987166,-122.49990404266106
,81.0,dn11,pkg48,81,False,75.0,37.78929,-122.426797,37.79166612238829,-122.41513766973148
,89.0,dn5,pkg55,89,False,86.0,37.751751,-122.410654,37.70918480781414,-122.4256334814335
,90.0,dn4,pkg58,90.0,True,99.0,37.751751,-122.410654,37.73015659034345,-122.41657570107645
,93.0,dn2,pkg51,93,False,76.0,37.774524,-122.473656,37.791049721270745,-122.4981432384233
,94.0,dn3,pkg56,94,True,96.0,37.774524,-122.473656,37.750774632731975,-122.42981929233574
,96.0,dn1,pkg60,96,True,97.0,37.774524,-122.473656,37.78976076889471,-122.47778637864796
,96.0,dn10,pkg61,96,True,105.0,37.78929,-122.426797,37.78132973960555,-122.43231509660122
,97.0,dn7,pkg62,97,True,104.0,37.718779,-122.462401,37.70708517660207,-122.41894039435903
,98.0,dn6,pkg59,98,True,98.0,37.751751,-122.410654,37.752133025283435,-122.40538059442716
,7.0,dn10,pkg10,7,True,12.0,37.78929,-122.426797,37.78046686924588,-122.41100281276859
,8.0,dn5,pkg2,8,True,15.0,37.751751,-122.410654,37.75748750434895,-122.40105485216802
,8.0,dn9,pkg6,8.0,True,17.0,37.718779,-122.462401,37.74038942995835,-122.48674558012195
,8.0,dn14,pkg3,8.0,True,18.0,37.739611,-122.492203,37.763518539836795,-122.48409253427421
,9.0,dn1,pkg7,9,True,12.0,37.774524,-122.473656,37.76846075830256,-122.45735952878755
,9.0,dn2,pkg16,9,True,10.0,37.774524,-122.473656,37.76779401591766,-122.44356497246473
,9.0,dn7,pkg21,9.0,True,15.0,37.718779,-122.462401,37.71844225363814,-122.47162897515831
,9.0,dn13,pkg1,9.0,True,15.0,37.739611,-122.492203,37.74903225944323,-122.49632283371511
,10.0,dn8,pkg15,10,True,15.0,37.718779,-122.462401,37.71624709723876,-122.49370311870943
,10.0,dn15,pkg17,10.0,True,20.0,37.739611,-122.492203,37.77202071115406,-122.47307707852237
,11.0,dn3,pkg12,11,True,14.0,37.774524,-122.473656,37.78398146258257,-122.44429221454565
,11.0,dn11,pkg8,11,True,13.0,37.78929,-122.426797,37.77538296299559,-122.42532962152646
,15.0,dn12,pkg13,15,True,17.0,37.78929,-122.426797,37.792082358395135,-122.4320449900269
,16.0,dn13,pkg23,16,True,21.0,37.739611,-122.492203,37.76726541807798,-122.50477334154478
,17.0,dn4,pkg19,17,False,13.0,37.751751,-122.410654,37.75988213196591,-122.41826642564544
,17.0,dn14,pkg25,17,True,21.0,37.739611,-122.492203,37.76019273500197,-122.47144609128006
,18.0,dn6,pkg4,18,False,15.0,37.751751,-122.410654,37.74204083314189,-122.40136671209093
,22.0,dn10,pkg18,22,False,16.0,37.78929,-122.426797,37.77352992689099,-122.41145830574025
,22.0,dn7,pkg26,22,True,24.0,37.718779,-122.462401,37.72333303861451,-122.45574331128637
,23.0,dn9,pkg11,23,False,14.0,37.718779,-122.462401,37.73622597964498,-122.41095376070156
,23.0,dn15,pkg29,23,True,25.0,37.739611,-122.492203,37.7280019916809,-122.47465214735121
,24.0,dn13,pkg31,24,True,33.0,37.739611,-122.492203,37.75268380837656,-122.49072753973515
,31.0,dn1,pkg24,31,False,19.0,37.774524,-122.473656,37.770879180289135,-122.45689002593018
,31.0,dn14,pkg28,31,False,28.0,37.739611,-122.492203,37.70931426070986,-122.48364813030759
,32.0,dn2,pkg27,32,False,20.0,37.774524,-122.473656,37.78754816433911,-122.48123407454396
,32.0,dn7,pkg37,32,True,38.0,37.718779,-122.462401,37.750740618555206,-122.48520759235033
,32.0,dn13,pkg35,32,True,39.0,37.739611,-122.492203,37.76299656155081,-122.4751049762176
,33.0,dn11,pkg36,33,True,41.0,37.78929,-122.426797,37.76366547997385,-122.42812645775487
,37.0,dn3,pkg34,37,False,31.0,37.774524,-122.473656,37.777167830226446,-122.47185171628179
,37.0,dn15,pkg40,37.0,True,43.0,37.739611,-122.492203,37.76618325598758,-122.48456837552263
,38.0,dn5,pkg14,38,False,18.0,37.751751,-122.410654,37.78017961366126,-122.4059142413764
,38.0,dn8,pkg33,38,False,33.0,37.718779,-122.462401,37.70712130911144,-122.41901376139666
,39.0,dn12,pkg39,39,True,43.0,37.78929,-122.426797,37.778459311135386,-122.40253852909372
,40.0,dn4,pkg43,40.0,True,48.0,37.751751,-122.410654,37.739264992803086,-122.45949380222373
,48.0,dn13,pkg42,48,True,49.0,37.739611,-122.492203,37.77224607928955,-122.4891316381963
,50.0,dn6,pkg44,50,False,49.0,37.751751,-122.410654,37.783586652757116,-122.41110790772792
,52.0,dn14,pkg45,52,False,49.0,37.739611,-122.492203,37.772367976061226,-122.4753271298466
,53.0,dn1,pkg47,53,True,54.0,37.774524,-122.473656,37.76495699103182,-122.46280637477201
,58.0,dn10,pkg38,58,False,40.0,37.78929,-122.426797,37.75750402872788,-122.4046639017647
,58.0,dn2,pkg49,58.0,True,68.0,37.774524,-122.473656,37.74195462147426,-122.44237564811046
,58.0,dn4,pkg50,58,True,68.0,37.751751,-122.410654,37.726811105108716,-122.45270348219863
,60.0,dn7,pkg48,60,True,67.0,37.718779,-122.462401,37.714310812880775,-122.48470905955034
,62.0,dn11,pkg46,62,False,55.0,37.78929,-122.426797,37.78614551395583,-122.44708983042706
,62.0,dn9,pkg52,62.0,True,68.0,37.718779,-122.462401,37.728604811629886,-122.49819789564984
,66.0,dn3,pkg51,66,True,66.0,37.774524,-122.473656,37.7736151698989,-122.42497805554802
,68.0,dn8,pkg53,68,True,75.0,37.718779,-122.462401,37.738542260565815,-122.4480042357865
,70.0,dn5,pkg54,70,True,77.0,37.751751,-122.410654,37.722375558343174,-122.44690237021963
,72.0,dn13,pkg55,72.0,True,77.0,37.739611,-122.492203,37.72666043825769,-122.47065944196969
,75.0,dn7,pkg57,75,True,80.0,37.718779,-122.462401,37.70838012761083,-122.44487574736014
,76.0,dn9,pkg58,76,True,77.0,37.718779,-122.462401,37.713263018535955,-122.46862655202975
,77.0,dn4,pkg56,77,True,78.0,37.751751,-122.410654,37.73889454261225,-122.39531449432276
,77.0,dn6,pkg59,77.0,True,87.0,37.751751,-122.410654,37.71123977869292,-122.41236120822431
,79.0,dn1,pkg60,79.0,True,85.0,37.774524,-122.473656,37.741112913409964,-122.44603166447713
,80.0,dn2,pkg61,80.0,True,90.0,37.774524,-122.473656,37.74024931863537,-122.44873685048537
,81.0,dn14,pkg62,81.0,True,90.0,37.739611,-122.492203,37.721233083101275,-122.464530322592
,87.0,dn3,pkg63,87.0,True,97.0,37.774524,-122.473656,37.75282915216644,-122.49495342139406
,93.0,dn1,pkg64,93.0,True,101.0,37.774524,-122.473656,37.73273808112544,-122.48547557103898
,5.0,dn7,pkg10,5,True,13.0,37.718779,-122.462401,37.72241734732671,-122.46453099454426
,5.0,dn9,pkg13,5.0,True,13.0,37.718779,-122.462401,37.73034446791266,-122.50158722736812
,7.0,dn1,pkg9,7,True,11.0,37.774524,-122.473656,37.76720503132527,-122.4723656752328
,7.0,dn8,pkg22,7,True,14.0,37.718779,-122.462401,37.73222103653185,-122.43893796047902
,8.0,dn2,pkg7,8.0,True,13.0,37.774524,-122.473656,37.7680412607508,-122.4955367268428
,8.0,dn15,pkg4,8,True,14.0,37.739611,-122.492203,37.76224921424732,-122.44504748314718
,9.0,dn13,pkg5,9.0,True,15.0,37.739611,-122.492203,37.73634465938966,-122.50334010235488
,9.0,dn14,pkg3,9.0,True,18.0,37.739611,-122.492203,37.755435977825215,-122.46918855773046
,12.0,dn3,pkg6,12,True,13.0,37.774524,-122.473656,37.79215931757866,-122.45646146950706
,13.0,dn4,pkg16,13,True,14.0,37.751751,-122.410654,37.7584004706925,-122.41413465678544
,14.0,dn5,pkg1,14,True,16.0,37.751751,-122.410654,37.746529845879756,-122.4028315574697
,15.0,dn12,pkg12,15,True,16.0,37.78929,-122.426797,37.781776156982865,-122.413029237139
,15.0,dn13,pkg24,15,True,21.0,37.739611,-122.492203,37.74570280498557,-122.4827949669406
,20.0,dn2,pkg15,20,False,16.0,37.774524,-122.473656,37.76061909708771,-122.45434962821466
,21.0,dn7,pkg21,21,False,14.0,37.718779,-122.462401,37.72687948384372,-122.4129001814398
,21.0,dn13,pkg28,21.0,True,30.0,37.739611,-122.492203,37.7357887115616,-122.49032513018864
,23.0,dn6,pkg8,23,False,16.0,37.751751,-122.410654,37.73981163252859,-122.40069878769471
,23.0,dn14,pkg26,23,False,19.0,37.739611,-122.492203,37.759182798241405,-122.45987055025545
,24.0,dn10,pkg18,24,False,12.0,37.78929,-122.426797,37.78511426031332,-122.41210996861876
,24.0,dn13,pkg29,24,True,32.0,37.739611,-122.492203,37.73997920112074,-122.48324935251078
,26.0,dn9,pkg19,26,False,15.0,37.718779,-122.462401,37.713272900007844,-122.4359539869429
,26.0,dn15,pkg11,26,False,20.0,37.739611,-122.492203,37.76330903735464,-122.44457774566885
,28.0,dn11,pkg20,28,False,14.0,37.78929,-122.426797,37.78613394265931,-122.41651189541375
,29.0,dn1,pkg17,29,False,18.0,37.774524,-122.473656,37.785252086959524,-122.49876310455103
,32.0,dn3,pkg27,32,False,26.0,37.774524,-122.473656,37.77847464092635,-122.43403917391706
,38.0,dn13,pkg32,38.0,True,48.0,37.739611,-122.492203,37.73212989633494,-122.50045983441628
,39.0,dn8,pkg2,39,False,16.0,37.718779,-122.462401,37.717370035310076,-122.41888344377946
,40.0,dn4,pkg31,40,False,32.0,37.751751,-122.410654,37.7343764206603,-122.40425326194153
,41.0,dn7,pkg35,41.0,True,51.0,37.718779,-122.462401,37.744095636357976,-122.46150685389252
,46.0,dn5,pkg33,46,False,43.0,37.751751,-122.410654,37.76650066263101,-122.4003206301783
,46.0,dn12,pkg34,46,True,47.0,37.78929,-122.426797,37.78020892168616,-122.43753276169954
,49.0,dn14,pkg38,49.0,True,55.0,37.739611,-122.492203,37.74076421330854,-122.48872838334434
,49.0,dn1,pkg41,49.0,True,59.0,37.774524,-122.473656,37.74107873513687,-122.50064913538525
,49.0,dn9,pkg37,49,True,50.0,37.718779,-122.462401,37.70731084022184,-122.43833959734383
,53.0,dn2,pkg30,53,False,31.0,37.774524,-122.473656,37.78766978407832,-122.44755778105863
,55.0,dn3,pkg42,55.0,True,62.0,37.774524,-122.473656,37.75204307506531,-122.4706801297393
,56.0,dn13,pkg43,56.0,True,63.0,37.739611,-122.492203,37.708944457211174,-122.48219296435936
,59.0,dn7,pkg39,59,False,54.0,37.718779,-122.462401,37.71361094507305,-122.44472671914966
,62.0,dn14,pkg47,62,True,70.0,37.739611,-122.492203,37.70764036614138,-122.46589976158165
,66.0,dn15,pkg50,66.0,True,71.0,37.739611,-122.492203,37.73773186533942,-122.45143089950261
,67.0,dn1,pkg46,67,True,68.0,37.774524,-122.473656,37.77734579499791,-122.43754270452129
,68.0,dn6,pkg36,68,False,55.0,37.751751,-122.410654,37.743467040509074,-122.40425549685062
,68.0,dn10,pkg44,68,False,66.0,37.78929,-122.426797,37.77189964092934,-122.4133466382388
,69.0,dn9,pkg40,69,False,55.0,37.718779,-122.462401,37.70711815456656,-122.43791996558524
,70.0,dn13,pkg52,70.0,True,77.0,37.739611,-122.492203,37.728333179839225,-122.50145548453372
,71.0,dn5,pkg48,71,True,73.0,37.751751,-122.410654,37.732358435201895,-122.39564185614496
,73.0,dn11,pkg49,73,True,74.0,37.78929,-122.426797,37.75626783398973,-122.40823367736206
,73.0,dn7,pkg55,73,True,78.0,37.718779,-122.462401,37.72780578139639,-122.48497657491214
,75.0,dn3,pkg57,75.0,True,81.0,37.774524,-122.473656,37.75147280747318,-122.47074126271109
,76.0,dn8,pkg54,76,True,81.0,37.718779,-122.462401,37.71165061733511,-122.50663082773777
,77.0,dn4,pkg45,77,False,71.0,37.751751,-122.410654,37.79627535123243,-122.40940318715751
,82.0,dn15,pkg59,82,True,84.0,37.739611,-122.492203,37.75071191109781,-122.46071133794756
,82.0,dn7,pkg61,82,True,90.0,37.718779,-122.462401,37.74803335421624,-122.47823242995906
,84.0,dn14,pkg56,84,True,88.0,37.739611,-122.492203,37.716111776471756,-122.44832617573877
,85.0,dn13,pkg60,85.0,True,95.0,37.739611,-122.492203,37.720030719399645,-122.50154383146317
,88.0,dn12,pkg51,88,False,75.0,37.78929,-122.426797,37.78597464729943,-122.39738338074572
,92.0,dn3,pkg63,92,True,96.0,37.774524,-122.473656,37.78761002364291,-122.47981628978438
,93.0,dn2,pkg58,93,False,84.0,37.774524,-122.473656,37.775330618012966,-122.45614752868677
,93.0,dn1,pkg65,93.0,True,100.0,37.774524,-122.473656,37.73119764059374,-122.45870602895322
,93.0,dn9,pkg62,93,False,88.0,37.718779,-122.462401,37.70968973714514,-122.49232718253089
,98.0,dn10,pkg66,98,True,101.0,37.78929,-122.426797,37.76486304069789,-122.44925999592058
,99.0,dn7,pkg71,99.0,True,105.0,37.718779,-122.462401,37.728593262933046,-122.49978943881301
,100.0,dn5,pkg64,100,False,97.0,37.751751,-122.410654,37.735341530382094,-122.41020050305457
,6.0,dn7,pkg19,6,True,13.0,37.718779,-122.462401,37.71682005433972,-122.4372482379443
,6.0,dn8,pkg4,6.0,True,14.0,37.718779,-122.462401,37.74053500079918,-122.47656577889671
,6.0,dn13,pkg10,6.0,True,14.0,37.739611,-122.492203,37.74953389703569,-122.50090372125311
,7.0,dn14,pkg17,7,True,15.0,37.739611,-122.492203,37.73694088868984,-122.46059594375562
,8.0,dn9,pkg5,8,True,16.0,37.718779,-122.462401,37.71472493816925,-122.47863293375732
,9.0,dn1,pkg16,9,True,13.0,37.774524,-122.473656,37.76313389450129,-122.47683410788481
,9.0,dn10,pkg13,9,True,15.0,37.78929,-122.426797,37.786023648295654,-122.43660231060683
,9.0,dn12,pkg9,9.0,True,18.0,37.78929,-122.426797,37.751771194327084,-122.44616464160927
,10.0,dn2,pkg7,10.0,True,15.0,37.774524,-122.473656,37.77707350743957,-122.48083614937453
,10.0,dn3,pkg12,10,True,16.0,37.774524,-122.473656,37.7648374798256,-122.4839733113423
,12.0,dn11,pkg14,12,True,15.0,37.78929,-122.426797,37.77424964746896,-122.43621241570627
,14.0,dn6,pkg21,14,True,15.0,37.751751,-122.410654,37.753193304292424,-122.39760998939114
,14.0,dn15,pkg26,14,True,23.0,37.739611,-122.492203,37.724283140923184,-122.44520783088325
,17.0,dn4,pkg8,17,False,11.0,37.751751,-122.410654,37.740297421452496,-122.40236283504133
,17.0,dn13,pkg30,17.0,True,23.0,37.739611,-122.492203,37.745919855096425,-122.50081538492955
,21.0,dn5,pkg2,21,False,11.0,37.751751,-122.410654,37.77246495181456,-122.39714083034882
,21.0,dn8,pkg24,21,False,13.0,37.718779,-122.462401,37.72073609551564,-122.436560680492
,24.0,dn1,pkg28,24,True,26.0,37.774524,-122.473656,37.76297930284202,-122.43780862068223
,25.0,dn7,pkg18,25,False,13.0,37.718779,-122.462401,37.72209566340598,-122.42130778801294
,25.0,dn12,pkg25,25,False,23.0,37.78929,-122.426797,37.76409826214751,-122.39722339385222
,28.0,dn2,pkg35,28.0,True,37.0,37.774524,-122.473656,37.74689439426743,-122.4822341670865
,31.0,dn9,pkg1,31,False,17.0,37.718779,-122.462401,37.720717026738235,-122.43033881679855
,31.0,dn13,pkg36,31.0,True,38.0,37.739611,-122.492203,37.721551823130014,-122.46474331198652
,38.0,dn10,pkg27,38,False,22.0,37.78929,-122.426797,37.7572912061822,-122.39769677012212
,39.0,dn3,pkg39,39,True,42.0,37.774524,-122.473656,37.737302990565766,-122.45491813980652
,39.0,dn1,pkg41,39.0,True,44.0,37.774524,-122.473656,37.741818376874136,-122.50239409770685
,42.0,dn8,pkg37,42,True,43.0,37.718779,-122.462401,37.710022764457634,-122.44720641690525
,43.0,dn14,pkg40,43,False,40.0,37.739611,-122.492203,37.78427560910381,-122.48429570141374
,46.0,dn13,pkg44,46,True,52.0,37.739611,-122.492203,37.708643346391725,-122.48944429681802
,47.0,dn11,pkg29,47,False,26.0,37.78929,-122.426797,37.75893513014126,-122.39499910755914
,49.0,dn4,pkg34,49,False,40.0,37.751751,-122.410654,37.734825780448006,-122.40764749906614
,50.0,dn1,pkg45,50.0,True,56.0,37.774524,-122.473656,37.75701367110298,-122.49798301793003
,52.0,dn7,pkg38,52,False,41.0,37.718779,-122.462401,37.728595616601666,-122.42054841232371
,53.0,dn6,pkg32,53,False,31.0,37.751751,-122.410654,37.745672774299756,-122.39412984616644
,56.0,dn12,pkg43,56,False,51.0,37.78929,-122.426797,37.78625415657942,-122.43691164795953
,57.0,dn9,pkg46,57.0,True,67.0,37.718779,-122.462401,37.70779357265489,-122.46855043148436
,58.0,dn2,pkg42,58,False,51.0,37.774524,-122.473656,37.79354089885613,-122.44662367311322
,62.0,dn5,pkg47,62,True,63.0,37.751751,-122.410654,37.712024458656714,-122.40936324134252
,63.0,dn1,pkg49,63,True,64.0,37.774524,-122.473656,37.788011350112065,-122.45228282565616
,67.0,dn8,pkg52,67,True,73.0,37.718779,-122.462401,37.722157339727964,-122.46875229403602
,68.0,dn3,pkg48,68,True,72.0,37.774524,-122.473656,37.784277360503964,-122.43129772519846
,74.0,dn10,pkg51,74,False,70.0,37.78929,-122.426797,37.763589452397774,-122.39877008547232
,77.0,dn1,pkg54,77,True,82.0,37.774524,-122.473656,37.75779991506199,-122.47965558877591
,79.0,dn9,pkg53,79,False,77.0,37.718779,-122.462401,37.71662723563252,-122.41571530150422
,80.0,dn4,pkg50,80,False,72.0,37.751751,-122.410654,37.740335493953054,-122.39765933380617
,81.0,dn13,pkg55,81.0,True,90.0,37.739611,-122.492203,37.75064568045528,-122.50746165619286
,84.0,dn11,pkg56,84,True,88.0,37.78929,-122.426797,37.77533243670302,-122.48055989983934
,89.0,dn7,pkg57,89,True,92.0,37.718779,-122.462401,37.71476564415892,-122.44952255843414
,91.0,dn8,pkg59,91.0,True,97.0,37.718779,-122.462401,37.73093009728328,-122.49458406158558
,93.0,dn6,pkg60,93.0,True,103.0,37.751751,-122.410654,37.727552718189365,-122.42181821247299
,94.0,dn13,pkg61,94,True,101.0,37.739611,-122.492203,37.711128995764,-122.50609805880529
,97.0,dn1,pkg62,97,True,104.0,37.774524,-122.473656,37.751878389487146,-122.45302458051407
,98.0,dn5,pkg58,98,False,96.0,37.751751,-122.410654,37.728344905181466,-122.42508388328106
,5.0,dn13,pkg1,5.0,True,13.0,37.739611,-122.492203,37.739759423694935,-122.50153607106789
,6.0,dn8,pkg14,6,True,11.0,37.718779,-122.462401,37.715100197717085,-122.44067449810667
,7.0,dn1,pkg2,7,True,11.0,37.774524,-122.473656,37.76115019824116,-122.4723097558638
,7.0,dn3,pkg18,7.0,True,14.0,37.774524,-122.473656,37.76959524362168,-122.49242638706257
,9.0,dn7,pkg21,9,True,11.0,37.718779,-122.462401,37.71686906974466,-122.45524173726015
,9.0,dn14,pkg3,9.0,True,17.0,37.739611,-122.492203,37.73300862123192,-122.4797552138277
,10.0,dn5,pkg16,10,True,13.0,37.751751,-122.410654,37.75585926969072,-122.43894032247407
,10.0,dn6,pkg17,10,True,14.0,37.751751,-122.410654,37.73476093002484,-122.43497419584664
,11.0,dn2,pkg4,11,True,13.0,37.774524,-122.473656,37.77288620914403,-122.48372111794443
,12.0,dn11,pkg19,12,True,14.0,37.78929,-122.426797,37.785676911682486,-122.41121476383861
,12.0,dn15,pkg7,12,True,13.0,37.739611,-122.492203,37.75152538205834,-122.455745075497
,13.0,dn4,pkg10,13,False,12.0,37.751751,-122.410654,37.744978964389084,-122.40148478879141
,13.0,dn13,pkg24,13,True,16.0,37.739611,-122.492203,37.75976510319527,-122.47812156633313
,14.0,dn10,pkg9,14,True,14.0,37.78929,-122.426797,37.78735229029775,-122.44624482871781
,16.0,dn9,pkg15,16,False,12.0,37.718779,-122.462401,37.70869538842015,-122.42607900428361
,20.0,dn14,pkg12,20,False,19.0,37.739611,-122.492203,37.73517058854486,-122.44536453990644
,21.0,dn3,pkg20,21,False,19.0,37.774524,-122.473656,37.76363129482364,-122.46839359049139
,22.0,dn12,pkg11,22,False,14.0,37.78929,-122.426797,37.79528312600496,-122.47346412210234
,28.0,dn1,pkg22,28,False,18.0,37.774524,-122.473656,37.77064127114321,-122.42699646462047
,29.0,dn8,pkg6,29,False,18.0,37.718779,-122.462401,37.708096948966116,-122.45044816651283
,31.0,dn13,pkg25,31,False,25.0,37.739611,-122.492203,37.77277166199277,-122.50488944375624
,31.0,dn14,pkg34,31.0,True,36.0,37.739611,-122.492203,37.75387009543687,-122.46993679375352
,34.0,dn7,pkg5,34,False,19.0,37.718779,-122.462401,37.737817024708,-122.43401286387396
,34.0,dn2,pkg30,34,False,32.0,37.774524,-122.473656,37.78304314323483,-122.47706155767048
,34.0,dn15,pkg28,34,False,28.0,37.739611,-122.492203,37.71288820758128,-122.45977619389315
,34.0,dn10,pkg33,34,True,37.0,37.78929,-122.426797,37.76591129259067,-122.45436688508711
,37.0,dn6,pkg26,37,False,25.0,37.751751,-122.410654,37.72162597739457,-122.40831022140381
,38.0,dn3,pkg32,38,False,37.0,37.774524,-122.473656,37.73717919051561,-122.46473191595044
,39.0,dn4,pkg29,39,False,29.0,37.751751,-122.410654,37.71755186354634,-122.42469262090209
,40.0,dn5,pkg27,40,False,27.0,37.751751,-122.410654,37.73886102171255,-122.40002030778209
,40.0,dn14,pkg36,40.0,True,49.0,37.739611,-122.492203,37.7441679121829,-122.49221031972903
,41.0,dn9,pkg37,41,True,46.0,37.718779,-122.462401,37.72137201105361,-122.45698647782781
,47.0,dn1,pkg41,47.0,True,52.0,37.774524,-122.473656,37.743115828592586,-122.49267512082814
,50.0,dn11,pkg31,50,False,32.0,37.78929,-122.426797,37.75322948595349,-122.40798500074217
,53.0,dn12,pkg40,53,True,54.0,37.78929,-122.426797,37.772986087056644,-122.43060455322552
,55.0,dn2,pkg43,55.0,True,62.0,37.774524,-122.473656,37.78400082851745,-122.45609495061046
,56.0,dn10,pkg39,56,False,48.0,37.78929,-122.426797,37.79515419766004,-122.42272383940264
,61.0,dn7,pkg46,61.0,True,69.0,37.718779,-122.462401,37.707983471008596,-122.44614278889766
,63.0,dn1,pkg44,63,False,61.0,37.774524,-122.473656,37.78274656074151,-122.49725039999628
,66.0,dn9,pkg50,66.0,True,72.0,37.718779,-122.462401,37.7328179383905,-122.49296304372146
,67.0,dn4,pkg45,67,False,66.0,37.751751,-122.410654,37.751025517765676,-122.41497045175946
,68.0,dn5,pkg51,68,True,69.0,37.751751,-122.410654,37.762013442793716,-122.40251738040791
,68.0,dn13,pkg53,68.0,True,75.0,37.739611,-122.492203,37.74235053445678,-122.5065899920145
,69.0,dn8,pkg38,69,False,50.0,37.718779,-122.462401,37.714929222372895,-122.40977035105011
,69.0,dn12,pkg52,69.0,True,74.0,37.78929,-122.426797,37.77354903707922,-122.43486813744558
,70.0,dn3,pkg42,70,False,61.0,37.774524,-122.473656,37.77055716431513,-122.41758572847392
,71.0,dn6,pkg49,71,True,72.0,37.751751,-122.410654,37.75126717644005,-122.39618587214689
,77.0,dn7,pkg56,77,True,86.0,37.718779,-122.462401,37.74347475161961,-122.47003081665832
,81.0,dn2,pkg47,81,False,65.0,37.774524,-122.473656,37.79510425564905,-122.46793136281663
,82.0,dn13,pkg58,82,True,92.0,37.739611,-122.492203,37.763999594663254,-122.49996170820613
,84.0,dn14,pkg59,84.0,True,94.0,37.739611,-122.492203,37.75412912516138,-122.47616454304055
,87.0,dn9,pkg57,87,False,82.0,37.718779,-122.462401,37.71918763166827,-122.430305422995
,87.0,dn15,pkg60,87.0,True,93.0,37.739611,-122.492203,37.71836659750853,-122.50046601460569
,90.0,dn10,pkg54,90,False,77.0,37.78929,-122.426797,37.74572073528863,-122.41615165270578
,91.0,dn5,pkg61,91,True,98.0,37.751751,-122.410654,37.709757630564916,-122.40800116360502
,91.0,dn1,pkg62,91,True,96.0,37.774524,-122.473656,37.750000093936336,-122.4619741996446
,92.0,dn12,pkg55,92,False,88.0,37.78929,-122.426797,37.76877309832538,-122.4078904474466
,93.0,dn14,pkg63,93.0,True,102.0,37.739611,-122.492203,37.761327217955184,-122.49636820752362
,97.0,dn13,pkg67,97.0,True,103.0,37.739611,-122.492203,37.744946492413675,-122.47159309044356
,100.0,dn4,pkg64,100,True,101.0,37.751751,-122.410654,37.78954062232784,-122.39742318167164
,100.0,dn8,pkg69,100.0,True,108.0,37.718779,-122.462401,37.74998313542601,-122.50154584540941
,8.0,dn3,pkg13,8,True,13.0,37.774524,-122.473656,37.77335972529406,-122.4472344315713
,9.0,dn2,pkg7,9.0,True,14.0,37.774524,-122.473656,37.7678428068114,-122.45782632368591
,9.0,dn13,pkg19,9.0,True,16.0,37.739611,-122.492203,37.73959959886021,-122.48954251312385
,9.0,dn14,pkg6,9.0,True,15.0,37.739611,-122.492203,37.75584193058625,-122.4735107717443
,10.0,dn15,pkg5,10.0,True,15.0,37.739611,-122.492203,37.7077021251472,-122.49774756153428
,12.0,dn8,pkg16,12,True,13.0,37.718779,-122.462401,37.736134940934875,-122.44861995150795
,12.0,dn12,pkg10,12,True,16.0,37.78929,-122.426797,37.779175814560645,-122.45938586655025
,13.0,dn1,pkg14,13,True,14.0,37.774524,-122.473656,37.7762044033209,-122.46588741969092
,13.0,dn6,pkg18,13,False,11.0,37.751751,-122.410654,37.771504089294574,-122.43876401055687
,13.0,dn9,pkg2,13,False,12.0,37.718779,-122.462401,37.71982267014324,-122.42031997764995
,17.0,dn5,pkg9,17,False,14.0,37.751751,-122.410654,37.7613360036794,-122.42435131553333
,18.0,dn7,pkg11,18,False,13.0,37.718779,-122.462401,37.72355347220891,-122.44158284874041
,19.0,dn4,pkg4,19,False,14.0,37.751751,-122.410654,37.74642910241312,-122.40256156282582
,19.0,dn15,pkg23,19,False,17.0,37.739611,-122.492203,37.76202350728774,-122.45467392656981
,20.0,dn11,pkg21,20,False,16.0,37.78929,-122.426797,37.79506735523329,-122.42820554654789
,21.0,dn13,pkg8,21,False,18.0,37.739611,-122.492203,37.75667213445923,-122.4648311714508
,23.0,dn10,pkg3,23,False,13.0,37.78929,-122.426797,37.795916782079715,-122.43251739336016
,27.0,dn14,pkg17,27,False,14.0,37.739611,-122.492203,37.782649492407664,-122.50712125159808
,27.0,dn3,pkg12,27,False,18.0,37.774524,-122.473656,37.78697105125081,-122.45154990848276
,30.0,dn2,pkg26,30,False,20.0,37.774524,-122.473656,37.776595475169806,-122.46924629323365
,31.0,dn12,pkg31,31,True,32.0,37.78929,-122.426797,37.790014061395844,-122.42714156936057
,34.0,dn1,pkg33,34,True,39.0,37.774524,-122.473656,37.7884233868886,-122.4626010925323
,38.0,dn8,pkg28,38,False,29.0,37.718779,-122.462401,37.71910752056733,-122.41555651354874
,39.0,dn9,pkg36,39.0,True,48.0,37.718779,-122.462401,37.73364022329644,-122.48305770040861
,42.0,dn13,pkg37,42.0,True,51.0,37.739611,-122.492203,37.76479973608461,-122.48189011345386
,43.0,dn6,pkg29,43,False,33.0,37.751751,-122.410654,37.74190886419471,-122.43174385149513
,47.0,dn5,pkg32,47,False,35.0,37.751751,-122.410654,37.79095098451691,-122.41546177600497
,48.0,dn7,pkg38,48,True,49.0,37.718779,-122.462401,37.70870174560258,-122.45215213924027
,49.0,dn9,pkg39,49,True,54.0,37.718779,-122.462401,37.723360234852066,-122.41514381121891
,49.0,dn1,pkg41,49,True,52.0,37.774524,-122.473656,37.73723071129107,-122.46006370339575
,49.0,dn14,pkg42,49.0,True,56.0,37.739611,-122.492203,37.754401113472525,-122.50075005641092
,53.0,dn3,pkg35,53,False,44.0,37.774524,-122.473656,37.79364638846897,-122.49702409916436
,54.0,dn15,pkg40,54,True,59.0,37.739611,-122.492203,37.781606750536476,-122.49458871716719
,55.0,dn10,pkg44,55.0,True,63.0,37.78929,-122.426797,37.78905531113853,-122.44694010052831
,56.0,dn2,pkg43,56,True,61.0,37.774524,-122.473656,37.78455955348529,-122.48492084931026
,57.0,dn13,pkg45,57.0,True,62.0,37.739611,-122.492203,37.72339292278014,-122.50348783004966
,59.0,dn8,pkg46,59.0,True,67.0,37.718779,-122.462401,37.7338558093692,-122.4812564906973
,61.0,dn4,pkg34,61,False,45.0,37.751751,-122.410654,37.79485363143164,-122.40206336605249
,66.0,dn7,pkg50,66.0,True,74.0,37.718779,-122.462401,37.74962061812413,-122.47661896096041
,72.0,dn1,pkg48,72,True,76.0,37.774524,-122.473656,37.786720900001754,-122.45119150552104
,74.0,dn8,pkg52,74,True,78.0,37.718779,-122.462401,37.713263266603064,-122.44784825645738
,74.0,dn9,pkg53,74,True,80.0,37.718779,-122.462401,37.720995601322365,-122.45963598286534
,75.0,dn11,pkg47,75,False,69.0,37.78929,-122.426797,37.7862661829463,-122.42344476905569
,75.0,dn7,pkg55,75.0,True,83.0,37.718779,-122.462401,37.709052653980976,-122.493002175195
,76.0,dn13,pkg54,76.0,True,82.0,37.739611,-122.492203,37.72410449582088,-122.49640185345802
,77.0,dn5,pkg51,77,True,77.0,37.751751,-122.410654,37.78290905231133,-122.41622339538861
,78.0,dn12,pkg49,78,False,76.0,37.78929,-122.426797,37.79369858760646,-122.43706510742598
,79.0,dn14,pkg56,79.0,True,87.0,37.739611,-122.492203,37.727669716137804,-122.4873216959506
,82.0,dn2,pkg57,82.0,True,89.0,37.774524,-122.473656,37.76971796126709,-122.46054986948477
,85.0,dn15,pkg58,85,True,90.0,37.739611,-122.492203,37.71961763371664,-122.47184001566018
,86.0,dn3,pkg59,86,True,91.0,37.774524,-122.473656,37.77817093175305,-122.4861125140684
,88.0,dn7,pkg60,88.0,True,95.0,37.718779,-122.462401,37.740960273278176,-122.47387705574381
,89.0,dn13,pkg61,89.0,True,95.0,37.739611,-122.492203,37.75333652493278,-122.47261921386637
,89.0,dn14,pkg63,89.0,True,99.0,37.739611,-122.492203,37.752460253594336,-122.50101138014514
,93.0,dn6,pkg62,93,False,91.0,37.751751,-122.410654,37.72826155760538,-122.41946808489158
,5.0,dn1,pkg22,5.0,True,10.0,37.774524,-122.473656,37.763559294791804,-122.46880622908591
,5.0,dn14,pkg8,5.0,True,15.0,37.739611,-122.492203,37.75793019244425,-122.50736141583705
,6.0,dn9,pkg14,6.0,True,15.0,37.718779,-122.462401,37.73353043032746,-122.48274852619174
,6.0,dn13,pkg17,6.0,True,13.0,37.739611,-122.492203,37.73257875173083,-122.49612364201714
,8.0,dn8,pkg11,8,True,12.0,37.718779,-122.462401,37.74781822392591,-122.45479152363387
,9.0,dn15,pkg12,9.0,True,16.0,37.739611,-122.492203,37.740415985058895,-122.46488010557336
,11.0,dn7,pkg2,11,True,15.0,37.718779,-122.462401,37.732644236596805,-122.45294620187919
,11.0,dn13,pkg24,11.0,True,19.0,37.739611,-122.492203,37.728154457277654,-122.50284712609755
,14.0,dn6,pkg6,14,False,11.0,37.751751,-122.410654,37.77496042653892,-122.43349343725684
,15.0,dn5,pkg4,15,True,15.0,37.751751,-122.410654,37.75961623749215,-122.42304517282727
,15.0,dn1,pkg13,15,True,16.0,37.774524,-122.473656,37.77128019262242,-122.48421812027011
,16.0,dn10,pkg15,16,False,13.0,37.78929,-122.426797,37.77598966459732,-122.42430363063565
,16.0,dn12,pkg9,16,False,15.0,37.78929,-122.426797,37.79060019310075,-122.40945708387673
,17.0,dn2,pkg19,17,False,14.0,37.774524,-122.473656,37.77874861152567,-122.47674017541101
,17.0,dn3,pkg1,17,False,13.0,37.774524,-122.473656,37.77943257664327,-122.44428455592184
,19.0,dn4,pkg16,19,False,15.0,37.751751,-122.410654,37.75118909711824,-122.4065913815469
,19.0,dn9,pkg3,19,False,16.0,37.718779,-122.462401,37.722516004449496,-122.43450456750547
,22.0,dn14,pkg21,22,False,13.0,37.739611,-122.492203,37.74928562397036,-122.43771371181327
,23.0,dn13,pkg5,23,False,17.0,37.739611,-122.492203,37.75924714221382,-122.45553407102203
,23.0,dn8,pkg26,23,True,28.0,37.718779,-122.462401,37.74172117928433,-122.47031467216632
,27.0,dn11,pkg20,27,False,14.0,37.78929,-122.426797,37.78620902087261,-122.4058279775504
,27.0,dn15,pkg10,27,False,18.0,37.739611,-122.492203,37.77606285911892,-122.4855136204834
,29.0,dn1,pkg27,29,True,30.0,37.774524,-122.473656,37.783269253251795,-122.47551288455831
,29.0,dn7,pkg29,29,True,34.0,37.718779,-122.462401,37.71332116715855,-122.46557419178319
,32.0,dn8,pkg32,32,True,39.0,37.718779,-122.462401,37.74696913973208,-122.48529794384034
,33.0,dn6,pkg30,33,False,31.0,37.751751,-122.410654,37.750671102020235,-122.4193322616367
,41.0,dn10,pkg31,41,False,34.0,37.78929,-122.426797,37.77069115993847,-122.47657193194226
,44.0,dn2,pkg35,44,True,48.0,37.774524,-122.473656,37.785626989747136,-122.47812549516344
,44.0,dn7,pkg36,44.0,True,49.0,37.718779,-122.462401,37.71381726071539,-122.49133038906407
,47.0,dn5,pkg33,47,False,41.0,37.751751,-122.410654,37.753899350406584,-122.39651505726918
,50.0,dn12,pkg34,50,False,42.0,37.78929,-122.426797,37.777726583246874,-122.45445564315732
,51.0,dn3,pkg42,51,True,59.0,37.774524,-122.473656,37.74035311332879,-122.45711943874042
,55.0,dn9,pkg41,55,True,59.0,37.718779,-122.462401,37.732365408792454,-122.43625329655622
,55.0,dn13,pkg43,55,True,64.0,37.739611,-122.492203,37.7075312255792,-122.4876960552563
,55.0,dn7,pkg44,55,True,62.0,37.718779,-122.462401,37.73620663894922,-122.45521851378902
,56.0,dn4,pkg38,56,False,54.0,37.751751,-122.410654,37.71262276823843,-122.4240381284778
,57.0,dn6,pkg39,57,True,61.0,37.751751,-122.410654,37.76053398514252,-122.40816583539979
,58.0,dn1,pkg37,58,False,56.0,37.774524,-122.473656,37.76067876623272,-122.4283883679681
,60.0,dn8,pkg40,60,False,56.0,37.718779,-122.462401,37.72852328776635,-122.42942840753068
,60.0,dn14,pkg45,60,True,63.0,37.739611,-122.492203,37.73897046276339,-122.4488899566876
,66.0,dn3,pkg49,66,True,71.0,37.774524,-122.473656,37.755399643117386,-122.42205079703126
,67.0,dn10,pkg48,67.0,True,74.0,37.78929,-122.426797,37.772994731087344,-122.44927862399342
,68.0,dn15,pkg47,68,True,70.0,37.739611,-122.492203,37.71665450010321,-122.44715179316552
,71.0,dn11,pkg50,71,True,75.0,37.78929,-122.426797,37.7637521518886,-122.45485288633104
,72.0,dn2,pkg46,72,False,64.0,37.774524,-122.473656,37.79272543721994,-122.49587672620028
,76.0,dn9,pkg55,76.0,True,86.0,37.718779,-122.462401,37.74154581303286,-122.48906596105553
,77.0,dn14,pkg58,77.0,True,87.0,37.739611,-122.492203,37.75219142756281,-122.47158290915885
,78.0,dn13,pkg57,78,True,84.0,37.739611,-122.492203,37.75295837028735,-122.4498930509701
,81.0,dn3,pkg52,81,False,75.0,37.774524,-122.473656,37.78550797499005,-122.494706987158
,84.0,dn7,pkg54,84,False,82.0,37.718779,-122.462401,37.71777728290752,-122.42585855911203
,85.0,dn12,pkg53,85,False,80.0,37.78929,-122.426797,37.775985693776256,-122.41888527423907
,85.0,dn9,pkg60,85.0,True,94.0,37.718779,-122.462401,37.73465676142557,-122.50613228615828
,88.0,dn8,pkg63,88,True,92.0,37.718779,-122.462401,37.757653785307646,-122.43366292338192
,89.0,dn14,pkg64,89.0,True,94.0,37.739611,-122.492203,37.74328126333442,-122.4984552513082
,91.0,dn6,pkg56,91,False,84.0,37.751751,-122.410654,37.71716446154587,-122.42779364046535
,91.0,dn1,pkg61,91,True,91.0,37.774524,-122.473656,37.77981273556734,-122.485443635534
,92.0,dn5,pkg51,92,False,82.0,37.751751,-122.410654,37.776806146875685,-122.400680761295
,92.0,dn10,pkg59,92,False,88.0,37.78929,-122.426797,37.78688023150952,-122.47082410138775
,92.0,dn13,pkg65,92.0,True,100.0,37.739611,-122.492203,37.740655532013044,-122.46965922789688
,97.0,dn4,pkg62,97,False,95.0,37.751751,-122.410654,37.78603954488816,-122.42213452902645
,97.0,dn3,pkg67,97.0,True,103.0,37.774524,-122.473656,37.74779516097116,-122.50019474799521
,98.0,dn15,pkg68,98,True,107.0,37.739611,-122.492203,37.76701326221863,-122.4886397948358
,100.0,dn9,pkg69,100.0,True,106.0,37.718779,-122.462401,37.71611715534593,-122.49596871877044
,5.0,dn15,pkg4,5.0,True,15.0,37.739611,-122.492203,37.753049300560455,-122.49921927416007
,6.0,dn7,pkg15,6.0,True,11.0,37.718779,-122.462401,37.7296578753828,-122.46591618236916
,6.0,dn13,pkg17,6.0,True,13.0,37.739611,-122.492203,37.74676681885843,-122.49567269913358
,8.0,dn14,pkg5,8.0,True,14.0,37.739611,-122.492203,37.74788031172426,-122.50639032779532
,9.0,dn1,pkg20,9,True,12.0,37.774524,-122.473656,37.760909494380726,-122.50598567760709
,9.0,dn3,pkg11,9,True,14.0,37.774524,-122.473656,37.76948632468876,-122.50749353496253
,9.0,dn9,pkg9,9.0,True,15.0,37.718779,-122.462401,37.736897821696964,-122.46534054675638
,10.0,dn8,pkg1,10.0,True,15.0,37.718779,-122.462401,37.722697400457406,-122.43907946568845
,11.0,dn10,pkg3,11,True,19.0,37.78929,-122.426797,37.778574998739096,-122.41896715541208
,11.0,dn13,pkg2,11,True,15.0,37.739611,-122.492203,37.75421522781503,-122.50637980514377
,13.0,dn2,pkg10,13,True,13.0,37.774524,-122.473656,37.76666809316871,-122.44091894107555
,13.0,dn11,pkg16,13,True,16.0,37.78929,-122.426797,37.79602074245468,-122.48023798879974
,13.0,dn15,pkg13,13,True,16.0,37.739611,-122.492203,37.7605104802858,-122.48822428322978
,15.0,dn14,pkg22,15,True,16.0,37.739611,-122.492203,37.759850334493194,-122.4931081106382
,16.0,dn12,pkg8,16,True,19.0,37.78929,-122.426797,37.76174462160134,-122.40045100940013
,16.0,dn13,pkg18,16,True,19.0,37.739611,-122.492203,37.75110260055748,-122.48967806644166
,19.0,dn7,pkg6,19,False,17.0,37.718779,-122.462401,37.73206827371857,-122.45018325715382
,21.0,dn15,pkg23,21,False,19.0,37.739611,-122.492203,37.72113452428127,-122.50622215634192
,22.0,dn6,pkg19,22,False,17.0,37.751751,-122.410654,37.761444232647015,-122.41238196620529
,23.0,dn13,pkg27,23,True,26.0,37.739611,-122.492203,37.74782673052681,-122.4967864012801
,25.0,dn5,pkg12,25,False,15.0,37.751751,-122.410654,37.76514501157942,-122.40213431035937
,25.0,dn1,pkg25,25,True,26.0,37.774524,-122.473656,37.759056829338355,-122.47110504753263
,26.0,dn8,pkg24,26,False,22.0,37.718779,-122.462401,37.71429735754958,-122.47222219348444
,27.0,dn14,pkg30,27,True,32.0,37.739611,-122.492203,37.75828990518224,-122.50578182184005
,28.0,dn9,pkg14,28,False,17.0,37.718779,-122.462401,37.716639823959504,-122.4395324994943
,28.0,dn10,pkg32,28,True,36.0,37.78929,-122.426797,37.76682026099053,-122.4548545827415
,29.0,dn15,pkg31,29,True,38.0,37.739611,-122.492203,37.72509339550732,-122.47267652054184
,33.0,dn3,pkg28,33,False,28.0,37.774524,-122.473656,37.77820661171203,-122.48992884730407
,33.0,dn13,pkg34,33.0,True,39.0,37.739611,-122.492203,37.75717459994204,-122.49483987982566
,34.0,dn4,pkg21,34,False,11.0,37.751751,-122.410654,37.77032769194122,-122.39709741152122
,39.0,dn2,pkg29,39,False,29.0,37.774524,-122.473656,37.795929006404556,-122.4900957905292
,40.0,dn12,pkg36,40.0,True,47.0,37.78929,-122.426797,37.76736461108906,-122.45270962385484
,43.0,dn8,pkg40,43.0,True,52.0,37.718779,-122.462401,37.720795525315445,-122.48258009474642
,46.0,dn1,pkg35,46,True,48.0,37.774524,-122.473656,37.78210393831966,-122.45918427521138
,46.0,dn7,pkg38,46,True,53.0,37.718779,-122.462401,37.74520475445585,-122.41794115850624
,48.0,dn14,pkg45,48,True,53.0,37.739611,-122.492203,37.75717438885507,-122.50162726880201
,50.0,dn11,pkg33,50,False,39.0,37.78929,-122.426797,37.761347300954604,-122.41832243777685
,51.0,dn13,pkg42,51,True,55.0,37.739611,-122.492203,37.723272424736656,-122.44062594951342
,52.0,dn12,pkg41,52,False,47.0,37.78929,-122.426797,37.78627966622164,-122.46120471667643
,53.0,dn8,pkg50,53.0,True,61.0,37.718779,-122.462401,37.735669867205466,-122.49475054629922
,56.0,dn9,pkg47,56,True,59.0,37.718779,-122.462401,37.70802421967484,-122.42049485326132
,58.0,dn10,pkg37,58,False,49.0,37.78929,-122.426797,37.79595047395387,-122.4033579717587
,58.0,dn15,pkg51,58,True,66.0,37.739611,-122.492203,37.75784960409499,-122.45976625022973
,60.0,dn3,pkg44,60,False,58.0,37.774524,-122.473656,37.793297007804505,-122.4716776612358
,66.0,dn5,pkg43,66,False,54.0,37.751751,-122.410654,37.74033746952812,-122.3993452287147
,66.0,dn2,pkg46,66,False,60.0,37.774524,-122.473656,37.762906926103064,-122.42925113150928
,71.0,dn7,pkg57,71,True,79.0,37.718779,-122.462401,37.73092126415964,-122.43580832338621
,71.0,dn1,pkg58,71.0,True,76.0,37.774524,-122.473656,37.77733953855214,-122.46666365882152
,71.0,dn13,pkg59,71.0,True,76.0,37.739611,-122.492203,37.76498791116121,-122.44494895806604
,72.0,dn14,pkg56,72,True,74.0,37.739611,-122.492203,37.782894450985836,-122.49934140530793
,73.0,dn6,pkg39,73,False,49.0,37.751751,-122.410654,37.788790097974534,-122.41622248567407
,73.0,dn8,pkg52,73,False,68.0,37.718779,-122.462401,37.75403463257003,-122.43454477573097
,75.0,dn4,pkg55,75,True,76.0,37.751751,-122.410654,37.74613397884034,-122.40452262960345
,77.0,dn9,pkg60,77.0,True,86.0,37.718779,-122.462401,37.717969272131995,-122.48345169555778
,80.0,dn15,pkg63,80.0,True,90.0,37.739611,-122.492203,37.77815369687565,-122.48673035858029
,81.0,dn3,pkg61,81,True,86.0,37.774524,-122.473656,37.79330619030539,-122.460786244454
,83.0,dn12,pkg53,83,False,66.0,37.78929,-122.426797,37.78619209027805,-122.41597373076347
,85.0,dn7,pkg66,85,True,88.0,37.718779,-122.462401,37.72010894636858,-122.47777383563151
,86.0,dn1,pkg64,86,True,86.0,37.774524,-122.473656,37.749046750206176,-122.43295652134672
,87.0,dn13,pkg65,87,True,89.0,37.739611,-122.492203,37.712021524594306,-122.47242855346298
,89.0,dn9,pkg67,89.0,True,94.0,37.718779,-122.462401,37.725621019080634,-122.4972023893994
,92.0,dn2,pkg69,92.0,True,99.0,37.774524,-122.473656,37.74712840791446,-122.48394170100674
,92.0,dn14,pkg71,92.0,True,100.0,37.739611,-122.492203,37.74141508513702,-122.49724356940665
,93.0,dn5,pkg70,93,True,96.0,37.751751,-122.410654,37.76006637103055,-122.4379546658634
,93.0,dn15,pkg72,93.0,True,100.0,37.739611,-122.492203,37.73950658649651,-122.49924134484147
,97.0,dn11,pkg62,97,False,84.0,37.78929,-122.426797,37.75025335015938,-122.40238273525479
,97.0,dn7,pkg75,97.0,True,103.0,37.718779,-122.462401,37.72738939984248,-122.46395387520296
,5.0,dn13,pkg18,5.0,True,11.0,37.739611,-122.492203,37.74771011169157,-122.50390354109732
,6.0,dn7,pkg3,6,True,13.0,37.718779,-122.462401,37.7295778345244,-122.463867832025
,7.0,dn1,pkg2,7,True,16.0,37.774524,-122.473656,37.77391631880881,-122.4819301937077
,7.0,dn14,pkg13,7.0,True,15.0,37.739611,-122.492203,37.7272996576885,-122.4876573472766
,8.0,dn2,pkg12,8.0,True,13.0,37.774524,-122.473656,37.7610852405687,-122.45342358357483
,8.0,dn15,pkg19,8.0,True,18.0,37.739611,-122.492203,37.73798476460163,-122.48981740431864
,9.0,dn3,pkg5,9,True,11.0,37.774524,-122.473656,37.76477355924552,-122.4350198880132
,9.0,dn8,pkg17,9.0,True,15.0,37.718779,-122.462401,37.71867237677381,-122.47008105362968
,9.0,dn9,pkg7,9,True,14.0,37.718779,-122.462401,37.71210892262495,-122.4967774664928
,10.0,dn6,pkg6,10.0,True,15.0,37.751751,-122.410654,37.72872839404929,-122.43413381139666
,10.0,dn13,pkg10,10,True,17.0,37.739611,-122.492203,37.732290002764714,-122.48019834106225
,12.0,dn5,pkg15,12,True,15.0,37.751751,-122.410654,37.73883498988774,-122.42987607406077
,12.0,dn10,pkg9,12,True,14.0,37.78929,-122.426797,37.789460113286,-122.413245948803
,16.0,dn13,pkg22,16,True,16.0,37.739611,-122.492203,37.74536557417965,-122.47159070622767
,17.0,dn1,pkg11,17,True,17.0,37.774524,-122.473656,37.74808439483427,-122.46219194218193
,19.0,dn14,pkg20,19,False,18.0,37.739611,-122.492203,37.73332599912251,-122.50695991497534
,20.0,dn11,pkg4,20,False,16.0,37.78929,-122.426797,37.788847778478086,-122.40668279012358
,23.0,dn7,pkg16,23,False,15.0,37.718779,-122.462401,37.71809838576363,-122.42427822780124
,23.0,dn8,pkg27,23,False,22.0,37.718779,-122.462401,37.730272477000675,-122.47351069900641
,25.0,dn3,pkg31,25.0,True,33.0,37.774524,-122.473656,37.763144565374276,-122.50072617550939
,26.0,dn4,pkg21,26,False,13.0,37.751751,-122.410654,37.72669896252662,-122.41402340985475
,28.0,dn13,pkg33,28.0,True,35.0,37.739611,-122.492203,37.74335776872143,-122.49780405335517
,30.0,dn12,pkg8,30,False,18.0,37.78929,-122.426797,37.79630480552969,-122.42470954266236
,32.0,dn2,pkg25,32,False,20.0,37.774524,-122.473656,37.78623266512131,-122.44001084329894
,32.0,dn14,pkg34,32,True,36.0,37.739611,-122.492203,37.76210444274196,-122.4778211118258
,34.0,dn3,pkg37,34,True,37.0,37.774524,-122.473656,37.759148331123136,-122.50398695064203
,34.0,dn8,pkg39,34,True,39.0,37.718779,-122.462401,37.74559313829307,-122.47332512395003
,35.0,dn1,pkg29,35,False,30.0,37.774524,-122.473656,37.773920706974764,-122.4245059744979
,35.0,dn10,pkg32,35,True,37.0,37.78929,-122.426797,37.7901913043451,-122.41005634358106
,37.0,dn6,pkg26,37,False,19.0,37.751751,-122.410654,37.78175054335643,-122.41435070036997
,37.0,dn9,pkg24,37,False,22.0,37.718779,-122.462401,37.71212093713165,-122.41918389360005
,39.0,dn13,pkg42,39,True,45.0,37.739611,-122.492203,37.762652954590884,-122.50316932887267
,43.0,dn8,pkg45,43,True,49.0,37.718779,-122.462401,37.73112862757608,-122.45102253317006
,45.0,dn5,pkg30,45,False,28.0,37.751751,-122.410654,37.734971191496115,-122.40829866836205
,45.0,dn7,pkg36,45,False,38.0,37.718779,-122.462401,37.75007116770124,-122.4279288355442
,45.0,dn3,pkg41,45,True,48.0,37.774524,-122.473656,37.78679399511666,-122.4859440510701
,48.0,dn14,pkg48,48.0,True,58.0,37.739611,-122.492203,37.748563556596054,-122.47977961099957
,56.0,dn13,pkg51,56.0,True,61.0,37.739611,-122.492203,37.70811366425173,-122.4549648277761
,56.0,dn8,pkg44,56,False,50.0,37.718779,-122.462401,37.738026886155,-122.4163166871034
,60.0,dn7,pkg50,60,False,59.0,37.718779,-122.462401,37.718278662482426,-122.43455971215847
,62.0,dn4,pkg47,62,False,57.0,37.751751,-122.410654,37.7418034600136,-122.42584693456598
,64.0,dn10,pkg43,64,False,51.0,37.78929,-122.426797,37.76853140112319,-122.42314624542158
,64.0,dn14,pkg53,64,True,64.0,37.739611,-122.492203,37.71086802670401,-122.46032130541573
,64.0,dn1,pkg56,64.0,True,72.0,37.774524,-122.473656,37.74141293772922,-122.47132388594862
,65.0,dn2,pkg46,65,False,55.0,37.774524,-122.473656,37.79637795209434,-122.45210712228669
,68.0,dn11,pkg38,68,False,43.0,37.78929,-122.426797,37.778253606233875,-122.42107664200148
,69.0,dn12,pkg52,69,False,66.0,37.78929,-122.426797,37.75447119175068,-122.40008676676634
,71.0,dn9,pkg54,71,False,68.0,37.718779,-122.462401,37.710814150579466,-122.43492346183645
,75.0,dn13,pkg63,75.0,True,85.0,37.739611,-122.492203,37.757689087757505,-122.47628269485571
,76.0,dn1,pkg62,76,True,77.0,37.774524,-122.473656,37.79185923027282,-122.48865469039045
,77.0,dn6,pkg49,77,False,58.0,37.751751,-122.410654,37.76420693608765,-122.41678329809378
,78.0,dn4,pkg58,78,False,74.0,37.751751,-122.410654,37.7202768787528,-122.43999890766436
,80.0,dn3,pkg59,80,False,69.0,37.774524,-122.473656,37.7700897079714,-122.43971238112411
,80.0,dn8,pkg57,80,False,68.0,37.718779,-122.462401,37.713304312765594,-122.40745864579564
,82.0,dn7,pkg55,82,False,69.0,37.718779,-122.462401,37.73171625785076,-122.4156834868473
,83.0,dn5,pkg60,83,False,75.0,37.751751,-122.410654,37.771819875805534,-122.39906254800384
,84.0,dn14,pkg64,84,True,89.0,37.739611,-122.492203,37.7146045701741,-122.50440307636197
,90.0,dn13,pkg67,90,True,98.0,37.739611,-122.492203,37.72620783077819,-122.45926951859322
,94.0,dn2,pkg68,94,True,96.0,37.774524,-122.473656,37.78902577587036,-122.45133377151447
,95.0,dn12,pkg66,95,False,89.0,37.78929,-122.426797,37.787394387439235,-122.46720251508879
,95.0,dn4,pkg65,95,False,91.0,37.751751,-122.410654,37.74663969866483,-122.39961885346504
,95.0,dn1,pkg70,95,True,98.0,37.774524,-122.473656,37.76778878662885,-122.45883400200671
,96.0,dn9,pkg71,96,True,98.0,37.718779,-122.462401,37.71614314034879,-122.40923980984512
,97.0,dn10,pkg69,97,False,92.0,37.78929,-122.426797,37.78429844520815,-122.42395896964615
,98.0,dn14,pkg74,98.0,True,104.0,37.739611,-122.492203,37.734144360973154,-122.49357676710663
,7.0,dn2,pkg22,7.0,True,12.0,37.774524,-122.473656,37.75578884617909,-122.45350817376391
,7.0,dn14,pkg7,7,True,14.0,37.739611,-122.492203,37.75689589800292,-122.47246579594905
,8.0,dn4,pkg15,8,True,13.0,37.751751,-122.410654,37.73292067246912,-122.42344110277189
,8.0,dn5,pkg6,8,True,14.0,37.751751,-122.410654,37.774803643886294,-122.40701399381724
,8.0,dn13,pkg16,8.0,True,16.0,37.739611,-122.492203,37.744439448441234,-122.49520625562558
,9.0,dn3,pkg4,9,True,15.0,37.774524,-122.473656,37.76151228883117,-122.47328036208775
,10.0,dn7,pkg17,10.0,True,20.0,37.718779,-122.462401,37.72221329895168,-122.46075768174596
,10.0,dn8,pkg2,10.0,True,16.0,37.718779,-122.462401,37.74061319835129,-122.47152481969414
,10.0,dn15,pkg14,10.0,True,15.0,37.739611,-122.492203,37.756697055010086,-122.48678133437592
,13.0,dn6,pkg18,13,True,17.0,37.751751,-122.410654,37.73757000197216,-122.42089533981174
,14.0,dn9,pkg8,14,True,18.0,37.718779,-122.462401,37.70705987917366,-122.47079331810814
,15.0,dn13,pkg23,15,True,15.0,37.739611,-122.492203,37.72842869421813,-122.47867336265516
,17.0,dn1,pkg10,17,False,12.0,37.774524,-122.473656,37.79271357557168,-122.46280198811266
,18.0,dn12,pkg9,18,False,16.0,37.78929,-122.426797,37.77493795376113,-122.42825315693626
,19.0,dn10,pkg20,19,False,15.0,37.78929,-122.426797,37.79615619532788,-122.42537881824883
,20.0,dn11,pkg21,20,False,14.0,37.78929,-122.426797,37.788304867108515,-122.44150915795474
,20.0,dn2,pkg19,20,True,20.0,37.774524,-122.473656,37.764636413636815,-122.45780672406345
,23.0,dn14,pkg27,23,False,17.0,37.739611,-122.492203,37.735209305653136,-122.4498254034256
,24.0,dn5,pkg5,24,False,19.0,37.751751,-122.410654,37.734254964691544,-122.43531075755209
,26.0,dn15,pkg26,26,False,18.0,37.739611,-122.492203,37.74296782941627,-122.4374738655702
,29.0,dn13,pkg32,29,True,30.0,37.739611,-122.492203,37.767401300523346,-122.47690267437086
,33.0,dn7,pkg3,33,False,17.0,37.718779,-122.462401,37.71337820518286,-122.43250959835153
,33.0,dn6,pkg30,33,False,30.0,37.751751,-122.410654,37.778929765868114,-122.44919348474335
,35.0,dn3,pkg29,35,False,24.0,37.774524,-122.473656,37.775873351266064,-122.45112225710544
,35.0,dn2,pkg31,35,False,32.0,37.774524,-122.473656,37.77951058895122,-122.46184407533642
,36.0,dn9,pkg35,36,True,42.0,37.718779,-122.462401,37.74674494660912,-122.4280073951874
,38.0,dn4,pkg11,38,False,18.0,37.751751,-122.410654,37.730286902268375,-122.39662700247155
,40.0,dn14,pkg38,40.0,True,47.0,37.739611,-122.492203,37.73518920189204,-122.49079522820517
,43.0,dn1,pkg34,43,False,37.0,37.774524,-122.473656,37.78870003191293,-122.49443849828181
,43.0,dn15,pkg37,43,True,44.0,37.739611,-122.492203,37.730664950979644,-122.46733657702134
,44.0,dn13,pkg39,44,True,47.0,37.739611,-122.492203,37.753769215038425,-122.47939516560012
,48.0,dn5,pkg36,48,False,47.0,37.751751,-122.410654,37.737937360895394,-122.43114692572695
,50.0,dn8,pkg33,50,False,37.0,37.718779,-122.462401,37.71300861251163,-122.41207752993847
,56.0,dn14,pkg44,56,True,58.0,37.739611,-122.492203,37.78011403221821,-122.50537628539877
,56.0,dn10,pkg46,56,True,64.0,37.78929,-122.426797,37.78220942427447,-122.39652194649743
,56.0,dn13,pkg47,56.0,True,66.0,37.739611,-122.492203,37.74317780889481,-122.48401955731919
,57.0,dn9,pkg45,57,True,58.0,37.718779,-122.462401,37.712949751631776,-122.42593305057949
,58.0,dn2,pkg43,58,False,56.0,37.774524,-122.473656,37.78546720180174,-122.49578875281384
,60.0,dn12,pkg41,60,False,54.0,37.78929,-122.426797,37.770923254842174,-122.43470098492419
,60.0,dn1,pkg49,60,True,68.0,37.774524,-122.473656,37.76380388823203,-122.42997332207848
,61.0,dn7,pkg48,61,True,65.0,37.718779,-122.462401,37.71799322953495,-122.49620543207443
,65.0,dn6,pkg40,65,False,45.0,37.751751,-122.410654,37.72094427335163,-122.3942117461124
,67.0,dn3,pkg53,67.0,True,73.0,37.774524,-122.473656,37.74215390112923,-122.47944964589594
,68.0,dn13,pkg54,68.0,True,78.0,37.739611,-122.492203,37.73366824185989,-122.49653726872134
,69.0,dn11,pkg50,69,True,72.0,37.78929,-122.426797,37.77158619488059,-122.4096428952824
,72.0,dn4,pkg52,72,True,73.0,37.751751,-122.410654,37.726270463695116,-122.43313806583771
,73.0,dn15,pkg55,73.0,True,79.0,37.739611,-122.492203,37.77613761245954,-122.46528440452671
,74.0,dn5,pkg51,74,True,75.0,37.751751,-122.410654,37.79355084826194,-122.41073535619401
,79.0,dn9,pkg57,79.0,True,84.0,37.718779,-122.462401,37.7437137184005,-122.50022004273569
,82.0,dn3,pkg59,82.0,True,88.0,37.774524,-122.473656,37.765395055375514,-122.50071840279313
,86.0,dn1,pkg56,86,False,84.0,37.774524,-122.473656,37.77833314573426,-122.42199105663671
,86.0,dn13,pkg60,86,True,88.0,37.739611,-122.492203,37.722481779324916,-122.44228987969461
,86.0,dn2,pkg61,86,True,90.0,37.774524,-122.473656,37.74407771312354,-122.45998936581407
,88.0,dn7,pkg58,88,True,91.0,37.718779,-122.462401,37.72315799555069,-122.43523592603347
,88.0,dn14,pkg63,88.0,True,94.0,37.739611,-122.492203,37.7660014464084,-122.46381171577893
,90.0,dn10,pkg62,90,True,92.0,37.78929,-122.426797,37.7740987989718,-122.42880162552633
,91.0,dn12,pkg64,91,True,92.0,37.78929,-122.426797,37.75539253618715,-122.42673442626446
,94.0,dn9,pkg66,94.0,True,101.0,37.718779,-122.462401,37.74389893824949,-122.50122165301566
,95.0,dn8,pkg65,95.0,True,102.0,37.718779,-122.462401,37.70736302293442,-122.48896280846924
,6.0,dn1,pkg5,6.0,True,12.0,37.774524,-122.473656,37.74961398074934,-122.4691835244987
,6.0,dn7,pkg20,6,True,13.0,37.718779,-122.462401,37.7374225166368,-122.47506521245607
,7.0,dn6,pkg12,7,True,16.0,37.751751,-122.410654,37.77116168828211,-122.40279619525764
,7.0,dn15,pkg4,7.0,True,15.0,37.739611,-122.492203,37.711647461428,-122.50521504718687
,8.0,dn8,pkg16,8,True,15.0,37.718779,-122.462401,37.73525354675406,-122.45233714662176
,8.0,dn9,pkg7,8.0,True,14.0,37.718779,-122.462401,37.739694624529555,-122.49452913829782
,8.0,dn13,pkg6,8.0,True,18.0,37.739611,-122.492203,37.72844119487971,-122.50539241085157
,8.0,dn14,pkg9,8.0,True,18.0,37.739611,-122.492203,37.72929038500958,-122.50232196867813
,9.0,dn3,pkg13,9,True,15.0,37.774524,-122.473656,37.75379141805532,-122.46456518382507
,9.0,dn5,pkg18,9,True,15.0,37.751751,-122.410654,37.7554637005845,-122.42591354942978
,10.0,dn12,pkg21,10.0,True,20.0,37.78929,-122.426797,37.779404415440695,-122.44221461362626
,11.0,dn2,pkg17,11,False,10.0,37.774524,-122.473656,37.739506744457394,-122.44397573529848
,12.0,dn4,pkg1,12,True,15.0,37.751751,-122.410654,37.747807314425515,-122.42042520717618
,14.0,dn13,pkg22,14,True,19.0,37.739611,-122.492203,37.727262812495404,-122.4859003093491
,15.0,dn10,pkg10,15,True,19.0,37.78929,-122.426797,37.784680596159774,-122.42629256615439
,18.0,dn9,pkg8,18,False,16.0,37.718779,-122.462401,37.74696915095888,-122.45839262378911
,18.0,dn7,pkg24,18,True,21.0,37.718779,-122.462401,37.7146145389032,-122.47413548667237
,20.0,dn11,pkg2,20,False,19.0,37.78929,-122.426797,37.78464688830225,-122.41198647548741
,21.0,dn6,pkg3,21,False,15.0,37.751751,-122.410654,37.72559130817151,-122.40449171407009
,22.0,dn1,pkg14,22,False,15.0,37.774524,-122.473656,37.78090092313682,-122.50671581384296
,22.0,dn14,pkg11,22,False,19.0,37.739611,-122.492203,37.74305797955558,-122.45103793656168
,25.0,dn15,pkg15,25,False,19.0,37.739611,-122.492203,37.7479246871973,-122.43830490798408
,27.0,dn3,pkg23,27,False,20.0,37.774524,-122.473656,37.77449434552311,-122.43460815157728
,27.0,dn5,pkg27,27,False,24.0,37.751751,-122.410654,37.763521934388244,-122.44880842797127
,27.0,dn4,pkg30,27,True,32.0,37.751751,-122.410654,37.75087339712342,-122.46525022238318
,28.0,dn13,pkg25,28,False,22.0,37.739611,-122.492203,37.764245054264585,-122.45758848071998
,29.0,dn8,pkg29,29,False,23.0,37.718779,-122.462401,37.718803834532885,-122.45292739079483
,30.0,dn12,pkg32,30,True,36.0,37.78929,-122.426797,37.7957356690911,-122.41725719946056
,31.0,dn7,pkg34,31,True,37.0,37.718779,-122.462401,37.715637215953116,-122.42402565596863
,32.0,dn2,pkg26,32,False,26.0,37.774524,-122.473656,37.788160558049576,-122.48843627878004
,38.0,dn9,pkg38,38.0,True,44.0,37.718779,-122.462401,37.730030367804524,-122.491445850363
,39.0,dn14,pkg39,39.0,True,44.0,37.739611,-122.492203,37.72415165183818,-122.45763366382336
,44.0,dn15,pkg40,44.0,True,50.0,37.739611,-122.492203,37.729296638237145,-122.47627757309067
,45.0,dn4,pkg33,45,False,39.0,37.751751,-122.410654,37.77485045366296,-122.4115182033802
,49.0,dn10,pkg37,49,False,46.0,37.78929,-122.426797,37.781226723844085,-122.48200862031302
,49.0,dn13,pkg41,49,True,51.0,37.739611,-122.492203,37.763403571179225,-122.49801377549629
,51.0,dn1,pkg36,51,False,37.0,37.774524,-122.473656,37.788215987859225,-122.50722631020919
,51.0,dn11,pkg44,51,True,54.0,37.78929,-122.426797,37.75703812966696,-122.42331132470281
,51.0,dn2,pkg46,51.0,True,57.0,37.774524,-122.473656,37.77935492404903,-122.42463155829147
,52.0,dn3,pkg35,52,False,40.0,37.774524,-122.473656,37.79467451148324,-122.48646072701922
,52.0,dn9,pkg47,52.0,True,59.0,37.718779,-122.462401,37.741445506219236,-122.48880317653304
,53.0,dn6,pkg31,53,False,36.0,37.751751,-122.410654,37.77909150011691,-122.40576721397322
,53.0,dn7,pkg43,53,False,51.0,37.718779,-122.462401,37.727595870710644,-122.41838423527328
,53.0,dn8,pkg45,53,True,56.0,37.718779,-122.462401,37.71548396516481,-122.44861349339918
,53.0,dn14,pkg48,53.0,True,58.0,37.739611,-122.492203,37.76826486157325,-122.49712688933536
,57.0,dn5,pkg42,57,False,56.0,37.751751,-122.410654,37.7896066327486,-122.42879814129468
,57.0,dn15,pkg50,57,True,62.0,37.739611,-122.492203,37.76292664330201,-122.49799966416428
,67.0,dn2,pkg51,67,True,67.0,37.774524,-122.473656,37.76085566399406,-122.49042803517081
,67.0,dn9,pkg53,67.0,True,76.0,37.718779,-122.462401,37.73599013958697,-122.47995789317513
,69.0,dn12,pkg49,69,False,64.0,37.78929,-122.426797,37.7915011249729,-122.40541048472498
,70.0,dn13,pkg54,70.0,True,79.0,37.739611,-122.492203,37.735498000308354,-122.4558738199753
,74.0,dn11,pkg55,74,True,75.0,37.78929,-122.426797,37.774800418379115,-122.48114236921441
,74.0,dn8,pkg56,74.0,True,83.0,37.718779,-122.462401,37.7357794560988,-122.4982563718319
,76.0,dn15,pkg59,76,True,81.0,37.739611,-122.492203,37.717656348204855,-122.47701041164665
,78.0,dn7,pkg57,78,True,81.0,37.718779,-122.462401,37.714419552379184,-122.41378695475316
,84.0,dn2,pkg61,84.0,True,90.0,37.774524,-122.473656,37.744769348640816,-122.47485631697394
,85.0,dn14,pkg58,85,False,84.0,37.739611,-122.492203,37.763776968504956,-122.44797373561639
,88.0,dn4,pkg52,88,False,65.0,37.751751,-122.410654,37.79193957818062,-122.41666107526562
,90.0,dn3,pkg62,90.0,True,100.0,37.774524,-122.473656,37.78307932773236,-122.4557592219935
,93.0,dn1,pkg60,93,False,90.0,37.774524,-122.473656,37.78310087209968,-122.437563449615
,94.0,dn8,pkg65,94.0,True,102.0,37.718779,-122.462401,37.75757948883586,-122.48673062803323
,95.0,dn2,pkg64,95.0,True,100.0,37.774524,-122.473656,37.76567252807771,-122.49639308287028
,97.0,dn5,pkg63,97,True,97.0,37.751751,-122.410654,37.7242724604108,-122.41074229518969
,7.0,dn13,pkg2,7.0,True,13.0,37.739611,-122.492203,37.751623732882386,-122.48472140492302
,9.0,dn2,pkg4,9,True,15.0,37.774524,-122.473656,37.77318905209681,-122.46900808606298
,9.0,dn9,pkg13,9,True,14.0,37.718779,-122.462401,37.74743668439635,-122.4635393478805
,9.0,dn11,pkg17,9,True,13.0,37.78929,-122.426797,37.77427414415013,-122.45169997234062
,9.0,dn12,pkg3,9,True,13.0,37.78929,-122.426797,37.79073528181542,-122.45889178596838
,9.0,dn14,pkg18,9,True,17.0,37.739611,-122.492203,37.73277064669177,-122.46667882193904
,10.0,dn1,pkg15,10,True,12.0,37.774524,-122.473656,37.76729360508114,-122.46406077526082
,10.0,dn15,pkg6,10.0,True,17.0,37.739611,-122.492203,37.76426728562272,-122.46011877834964
,11.0,dn4,pkg21,11,False,10.0,37.751751,-122.410654,37.76601557432401,-122.42190429445156
,11.0,dn6,pkg20,11,True,15.0,37.751751,-122.410654,37.739890683116286,-122.41068984284124
,11.0,dn7,pkg14,11,True,13.0,37.718779,-122.462401,37.74466919895908,-122.44514359593222
,11.0,dn8,pkg8,11,True,14.0,37.718779,-122.462401,37.73843944046906,-122.43726443115708
,14.0,dn3,pkg5,14,True,14.0,37.774524,-122.473656,37.784081925796144,-122.47925835234919
,14.0,dn5,pkg22,14,True,15.0,37.751751,-122.410654,37.75147079938719,-122.41436882131899
,14.0,dn13,pkg24,14,False,13.0,37.739611,-122.492203,37.73847350027682,-122.50616529399237
,21.0,dn13,pkg11,21,False,19.0,37.739611,-122.492203,37.75431142276565,-122.46042390785489
,23.0,dn10,pkg7,23,False,12.0,37.78929,-122.426797,37.796680293024814,-122.40703371347527
,23.0,dn15,pkg9,23,False,19.0,37.739611,-122.492203,37.71282471256968,-122.49929817435607
,23.0,dn14,pkg29,23,True,25.0,37.739611,-122.492203,37.730262133933856,-122.46992856770413
,26.0,dn2,pkg10,26,False,19.0,37.774524,-122.473656,37.785213751433176,-122.48226016574169
,27.0,dn7,pkg33,27,True,32.0,37.718779,-122.462401,37.71779639640017,-122.47599253779143
,28.0,dn12,pkg28,28,False,22.0,37.78929,-122.426797,37.78661185791075,-122.44627713292314
,28.0,dn6,pkg34,28,True,35.0,37.751751,-122.410654,37.74699642933112,-122.45112081146026
,31.0,dn8,pkg31,31,True,33.0,37.718779,-122.462401,37.707885505472206,-122.46001185133301
,33.0,dn1,pkg30,33,False,24.0,37.774524,-122.473656,37.781560491603045,-122.47791018633428
,34.0,dn9,pkg23,34,False,19.0,37.718779,-122.462401,37.72327276746073,-122.42603273288007
,34.0,dn4,pkg32,34,False,30.0,37.751751,-122.410654,37.76837725600021,-122.4533256470453
,34.0,dn13,pkg36,34.0,True,39.0,37.739611,-122.492203,37.72952578085082,-122.47807458758788
,36.0,dn3,pkg37,36.0,True,41.0,37.774524,-122.473656,37.76003357372461,-122.49227261969428
,40.0,dn7,pkg38,40,True,46.0,37.718779,-122.462401,37.71680837627239,-122.4388329769196
,42.0,dn2,pkg41,42.0,True,51.0,37.774524,-122.473656,37.763634674558844,-122.4810059115908
,45.0,dn11,pkg12,45,False,20.0,37.78929,-122.426797,37.79288794757702,-122.42106073312331
,49.0,dn13,pkg42,49,True,53.0,37.739611,-122.492203,37.77565413607266,-122.49263866495384
,52.0,dn3,pkg43,52,True,57.0,37.774524,-122.473656,37.76894750733819,-122.45793787505
,53.0,dn12,pkg40,53,False,49.0,37.78929,-122.426797,37.76754151381207,-122.39561809185398
,53.0,dn14,pkg47,53.0,True,63.0,37.739611,-122.492203,37.75514156561173,-122.4974822480937
,55.0,dn4,pkg48,55,True,63.0,37.751751,-122.410654,37.75426006982912,-122.444470017638
,56.0,dn6,pkg39,56,False,39.0,37.751751,-122.410654,37.73734565441113,-122.40860262317557
,58.0,dn5,pkg35,58,False,37.0,37.751751,-122.410654,37.773336401027045,-122.40393634334312
,61.0,dn10,pkg45,61,False,56.0,37.78929,-122.426797,37.79234993574605,-122.44963989998458
,61.0,dn2,pkg46,61,True,65.0,37.774524,-122.473656,37.79300468379933,-122.49074050268644
,62.0,dn7,pkg51,62,True,69.0,37.718779,-122.462401,37.74867698322771,-122.44798875382702
,63.0,dn15,pkg50,63.0,True,68.0,37.739611,-122.492203,37.77912027975295,-122.5032170690532
,64.0,dn1,pkg44,64,False,56.0,37.774524,-122.473656,37.79374887749246,-122.47876700028574
,71.0,dn9,pkg57,71.0,True,81.0,37.718779,-122.462401,37.735777362312206,-122.48134767067684
,74.0,dn8,pkg56,74.0,True,81.0,37.718779,-122.462401,37.727249237081544,-122.42115860298819
,77.0,dn13,pkg58,77.0,True,86.0,37.739611,-122.492203,37.769285861797435,-122.45960006073854
,79.0,dn3,pkg54,79,False,75.0,37.774524,-122.473656,37.792417870561614,-122.43761580401834
,80.0,dn11,pkg55,80,True,82.0,37.78929,-122.426797,37.78737371390205,-122.43908029351154
,81.0,dn4,pkg49,81,False,64.0,37.751751,-122.410654,37.78779177328292,-122.41725891274409
,83.0,dn2,pkg60,83.0,True,91.0,37.774524,-122.473656,37.791540698739055,-122.46874073223164
,83.0,dn7,pkg61,83.0,True,90.0,37.718779,-122.462401,37.74228162993849,-122.47809386802128
,93.0,dn8,pkg64,93.0,True,100.0,37.718779,-122.462401,37.708511231409744,-122.49649051560668
,94.0,dn12,pkg53,94,False,73.0,37.78929,-122.426797,37.76382982369081,-122.39952340446906
,95.0,dn1,pkg62,95,True,95.0,37.774524,-122.473656,37.79599178767465,-122.5013810358685
,96.0,dn7,pkg65,96.0,True,103.0,37.718779,-122.462401,37.741660279513475,-122.49252436223571
,98.0,dn10,pkg59,98,False,90.0,37.78929,-122.426797,37.79431064528062,-122.43289394747751
,98.0,dn9,pkg68,98.0,True,104.0,37.718779,-122.462401,37.72595209026757,-122.45351185825922
,100.0,dn13,pkg69,100.0,True,106.0,37.739611,-122.492203,37.74804299330529,-122.45976195106634
,100.0,dn15,pkg71,100.0,True,107.0,37.739611,-122.492203,37.75291472043053,-122.50279792662452
,5.0,dn3,pkg18,5.0,True,10.0,37.774524,-122.473656,37.747356445667535,-122.47858907838452
,7.0,dn8,pkg17,7,True,14.0,37.718779,-122.462401,37.7324538665217,-122.44713814309513
,7.0,dn10,pkg6,7.0,True,15.0,37.78929,-122.426797,37.7858446717768,-122.44664807099984
,7.0,dn14,pkg1,7.0,True,17.0,37.739611,-122.492203,37.72585466341216,-122.48492984927321
,8.0,dn5,pkg20,8,True,13.0,37.751751,-122.410654,37.759072984761715,-122.40121142992481
,9.0,dn7,pkg19,9.0,True,14.0,37.718779,-122.462401,37.72855690090012,-122.46225103123167
,9.0,dn15,pkg10,9.0,True,15.0,37.739611,-122.492203,37.760113811709495,-122.47879722918255
,10.0,dn13,pkg15,10.0,True,15.0,37.739611,-122.492203,37.753139381811884,-122.48778538939878
,13.0,dn11,pkg11,13,True,16.0,37.78929,-122.426797,37.795279444950054,-122.40980130032267
,14.0,dn1,pkg4,14,False,13.0,37.774524,-122.473656,37.780254637166465,-122.48068473284414
,14.0,dn2,pkg9,14,False,13.0,37.774524,-122.473656,37.76714625621322,-122.46621256235838
,15.0,dn12,pkg13,15,True,17.0,37.78929,-122.426797,37.79363042378274,-122.43956928332405
,16.0,dn4,pkg7,16,False,14.0,37.751751,-122.410654,37.7456418578711,-122.40701754078282
,16.0,dn9,pkg3,16,False,15.0,37.718779,-122.462401,37.72765923201012,-122.43323702020757
,16.0,dn14,pkg5,16,True,17.0,37.739611,-122.492203,37.725892823623774,-122.47916732134539
,16.0,dn7,pkg12,16,True,19.0,37.718779,-122.462401,37.73057838294568,-122.47658604081496
,19.0,dn6,pkg14,19,False,13.0,37.751751,-122.410654,37.769805366454506,-122.40326623674085
,19.0,dn8,pkg2,19,False,16.0,37.718779,-122.462401,37.743631882805325,-122.42884201065125
,22.0,dn15,pkg8,22,False,16.0,37.739611,-122.492203,37.758403678783075,-122.45724168231011
,24.0,dn13,pkg26,24,False,22.0,37.739611,-122.492203,37.74004859395329,-122.45217579323057
,25.0,dn3,pkg16,25,False,14.0,37.774524,-122.473656,37.79150198913647,-122.48292763753273
,26.0,dn10,pkg22,26,False,14.0,37.78929,-122.426797,37.75301668038031,-122.42937423399478
,26.0,dn5,pkg24,26,False,21.0,37.751751,-122.410654,37.72354676523205,-122.44653872099755
,30.0,dn14,pkg28,30,True,37.0,37.739611,-122.492203,37.78272727927824,-122.4799393262993
,31.0,dn7,pkg29,31.0,True,38.0,37.718779,-122.462401,37.74509478152003,-122.44782956155338
,37.0,dn2,pkg33,37,True,45.0,37.774524,-122.473656,37.76587558220107,-122.44061102526175
,37.0,dn12,pkg34,37,True,44.0,37.78929,-122.426797,37.76480246620576,-122.43766718995062
,37.0,dn8,pkg35,37.0,True,42.0,37.718779,-122.462401,37.7494893699792,-122.47433046844468
,38.0,dn13,pkg36,38.0,True,44.0,37.739611,-122.492203,37.762516319332974,-122.49061767622672
,40.0,dn1,pkg30,40,False,36.0,37.774524,-122.473656,37.77020136280919,-122.50406003992839
,42.0,dn4,pkg31,42,True,42.0,37.751751,-122.410654,37.73784127271632,-122.39798869903001
,52.0,dn5,pkg37,52,True,55.0,37.751751,-122.410654,37.72179159364464,-122.42866802920427
,54.0,dn11,pkg32,54,False,38.0,37.78929,-122.426797,37.76307760727292,-122.41474814387169
,54.0,dn2,pkg39,54,True,58.0,37.774524,-122.473656,37.74456929863068,-122.44573186970077
,56.0,dn7,pkg42,56.0,True,61.0,37.718779,-122.462401,37.74413968983611,-122.46293045894986
,57.0,dn3,pkg38,57,True,59.0,37.774524,-122.473656,37.793817482099904,-122.49938477460437
,57.0,dn8,pkg43,57,True,66.0,37.718779,-122.462401,37.723448977491636,-122.50277814089019
,58.0,dn9,pkg44,58,True,68.0,37.718779,-122.462401,37.71912781722944,-122.46556829820412
,65.0,dn6,pkg40,65,False,58.0,37.751751,-122.410654,37.77865551038696,-122.44641355552669
,68.0,dn4,pkg45,68,True,69.0,37.751751,-122.410654,37.79293347962728,-122.41946331507376
,70.0,dn7,pkg49,70.0,True,78.0,37.718779,-122.462401,37.72465328162511,-122.49601928665896
,71.0,dn5,pkg48,71,True,78.0,37.751751,-122.410654,37.77461079300723,-122.405259041185
,72.0,dn12,pkg46,72,True,76.0,37.78929,-122.426797,37.79147400764217,-122.40587102286848
,74.0,dn10,pkg41,74,False,66.0,37.78929,-122.426797,37.77150459630584,-122.41826237822252
,77.0,dn2,pkg51,77.0,True,82.0,37.774524,-122.473656,37.75642649172156,-122.5048521245353
,78.0,dn1,pkg47,78,False,72.0,37.774524,-122.473656,37.77736721405269,-122.44687989177216
,78.0,dn8,pkg50,78.0,True,86.0,37.718779,-122.462401,37.718267539425646,-122.49345854982204
,81.0,dn9,pkg52,81.0,True,89.0,37.718779,-122.462401,37.72229534448833,-122.4871638982102
,81.0,dn3,pkg53,81,True,86.0,37.774524,-122.473656,37.787640024171736,-122.42515964451638
,81.0,dn13,pkg54,81,True,89.0,37.739611,-122.492203,37.754746922042344,-122.49905347094365
,86.0,dn5,pkg55,86,True,93.0,37.751751,-122.410654,37.71776166858892,-122.44682782264539
,99.0,dn3,pkg57,99,True,103.0,37.774524,-122.473656,37.75610413942543,-122.46390438836539
,99.0,dn7,pkg59,99.0,True,105.0,37.718779,-122.462401,37.72150766698611,-122.48916051704147
,100.0,dn1,pkg61,100.0,True,109.0,37.774524,-122.473656,37.73006023240369,-122.4759627055148
,5.0,dn8,pkg6,5,True,13.0,37.718779,-122.462401,37.72952110757298,-122.47765770281592
,8.0,dn9,pkg17,8.0,True,13.0,37.718779,-122.462401,37.73769840024781,-122.46460190310441
,8.0,dn15,pkg3,8.0,True,15.0,37.739611,-122.492203,37.746639548536876,-122.50665871523643
,9.0,dn4,pkg15,9,True,10.0,37.751751,-122.410654,37.73181157546852,-122.43398035797688
,9.0,dn11,pkg10,9,True,15.0,37.78929,-122.426797,37.792105396431424,-122.42100444151437
,9.0,dn13,pkg2,9.0,True,14.0,37.739611,-122.492203,37.74072796349697,-122.49279467069498
,9.0,dn14,pkg8,9.0,True,14.0,37.739611,-122.492203,37.740885709485134,-122.47662308145554
,10.0,dn1,pkg11,10.0,True,15.0,37.774524,-122.473656,37.78068790191377,-122.49583749582325
,10.0,dn3,pkg16,10,True,12.0,37.774524,-122.473656,37.752777441496676,-122.4372641282769
,10.0,dn5,pkg1,10,True,14.0,37.751751,-122.410654,37.764464830245906,-122.42744373379747
,12.0,dn12,pkg21,12,True,13.0,37.78929,-122.426797,37.752798737518916,-122.43975882827215
,13.0,dn2,pkg14,13,True,17.0,37.774524,-122.473656,37.78038343266571,-122.45753731577445
,13.0,dn10,pkg4,13,True,15.0,37.78929,-122.426797,37.78609011781989,-122.43205817785734
,13.0,dn13,pkg9,13,True,20.0,37.739611,-122.492203,37.74775197022289,-122.48821010893424
,14.0,dn7,pkg19,14,False,12.0,37.718779,-122.462401,37.713977189358985,-122.44312767245913
,15.0,dn6,pkg5,15,True,16.0,37.751751,-122.410654,37.7501307616708,-122.39856596734083
,18.0,dn15,pkg13,18,False,15.0,37.739611,-122.492203,37.753884371833635,-122.45492578753296
,20.0,dn8,pkg20,20,False,15.0,37.718779,-122.462401,37.713075548329634,-122.49674618915094
,20.0,dn14,pkg24,20,False,16.0,37.739611,-122.492203,37.75998835639691,-122.46209839032976
,24.0,dn3,pkg28,24,True,28.0,37.774524,-122.473656,37.730561920464154,-122.4761890194002
,25.0,dn11,pkg25,25,False,21.0,37.78929,-122.426797,37.7747704694338,-122.4224878861763
,27.0,dn13,pkg12,27,False,19.0,37.739611,-122.492203,37.779744342965614,-122.49328047228737
,30.0,dn1,pkg7,30,False,18.0,37.774524,-122.473656,37.76872968616781,-122.44808692465831
,30.0,dn15,pkg33,30,True,33.0,37.739611,-122.492203,37.71883725896134,-122.50141020862878
,30.0,dn2,pkg32,30,True,35.0,37.774524,-122.473656,37.76422573096102,-122.48460498749361
,31.0,dn9,pkg22,31,False,16.0,37.718779,-122.462401,37.73638004334599,-122.41874203520501
,32.0,dn14,pkg34,32,True,35.0,37.739611,-122.492203,37.707332962093346,-122.49844509081942
,33.0,dn5,pkg27,33,False,24.0,37.751751,-122.410654,37.77501167382515,-122.41601734028825
,33.0,dn10,pkg36,33,True,39.0,37.78929,-122.426797,37.7753324485507,-122.47581978273519
,34.0,dn4,pkg23,34,False,19.0,37.751751,-122.410654,37.7370291246535,-122.39967614167455
,36.0,dn3,pkg37,36,True,44.0,37.774524,-122.473656,37.761343038467295,-122.47151913121473
,38.0,dn8,pkg35,38,True,41.0,37.718779,-122.462401,37.714868990558315,-122.50364122248199
,40.0,dn12,pkg30,40,False,35.0,37.78929,-122.426797,37.77345450677759,-122.42893804577272
,40.0,dn7,pkg29,40,False,32.0,37.718779,-122.462401,37.72858798045778,-122.42955395510437
,40.0,dn15,pkg41,40,True,45.0,37.739611,-122.492203,37.78383822778533,-122.49758417388496
,41.0,dn2,pkg39,41,True,46.0,37.774524,-122.473656,37.790549746543775,-122.47312597584484
,46.0,dn6,pkg31,46,False,35.0,37.751751,-122.410654,37.7423200718557,-122.42701596525677
,47.0,dn11,pkg40,47,False,42.0,37.78929,-122.426797,37.74739678991481,-122.41891168104591
,49.0,dn13,pkg45,49.0,True,55.0,37.739611,-122.492203,37.74110947160575,-122.47466293175732
,56.0,dn1,pkg44,56,False,51.0,37.774524,-122.473656,37.75218418069061,-122.4257140991658
,58.0,dn4,pkg47,58,False,53.0,37.751751,-122.410654,37.75166402605149,-122.41454334526036
,61.0,dn5,pkg42,61,False,51.0,37.751751,-122.410654,37.75395161626862,-122.40890903723049
,63.0,dn10,pkg43,63,False,50.0,37.78929,-122.426797,37.764562959976516,-122.42328712459712
,65.0,dn8,pkg51,65.0,True,70.0,37.718779,-122.462401,37.72006016541602,-122.49245393062994
,65.0,dn12,pkg48,65,True,69.0,37.78929,-122.426797,37.756699273442955,-122.41986720942826
,67.0,dn2,pkg50,67,True,67.0,37.774524,-122.473656,37.765444325487834,-122.45547060582848
,67.0,dn3,pkg53,67.0,True,73.0,37.774524,-122.473656,37.73553122743778,-122.49625075739748
,68.0,dn7,pkg49,68,True,71.0,37.718779,-122.462401,37.71445080848404,-122.44562813220898
,70.0,dn9,pkg52,70.0,True,76.0,37.718779,-122.462401,37.72145316703401,-122.48303563915499
,72.0,dn13,pkg54,72.0,True,78.0,37.739611,-122.492203,37.752507180124525,-122.50492262276576
,74.0,dn6,pkg55,74,True,79.0,37.751751,-122.410654,37.7756626006224,-122.42961493118455
,79.0,dn8,pkg56,79,False,77.0,37.718779,-122.462401,37.71287209383195,-122.44341977779108
,79.0,dn3,pkg59,79,True,88.0,37.774524,-122.473656,37.7769432945523,-122.4493193720355
,83.0,dn14,pkg60,83,True,87.0,37.739611,-122.492203,37.780715438065755,-122.50031065489571
,83.0,dn15,pkg61,83.0,True,90.0,37.739611,-122.492203,37.76550103008259,-122.49034156866264
,84.0,dn13,pkg62,84,True,89.0,37.739611,-122.492203,37.76636618242482,-122.50440967539738
,86.0,dn9,pkg63,86.0,True,91.0,37.718779,-122.462401,37.71702341131615,-122.50351687990843
,88.0,dn4,pkg57,88,False,82.0,37.751751,-122.410654,37.78049442462792,-122.40141757291394
,88.0,dn7,pkg64,88,True,92.0,37.718779,-122.462401,37.712827116385355,-122.4414705069739
,89.0,dn1,pkg58,89,True,89.0,37.774524,-122.473656,37.776217678864434,-122.44560187210519
,92.0,dn2,pkg65,92.0,True,102.0,37.774524,-122.473656,37.741207911082654,-122.49978874448286
,94.0,dn15,pkg67,94.0,True,99.0,37.739611,-122.492203,37.75003791695015,-122.48428354109005
,97.0,dn3,pkg66,97.0,True,102.0,37.774524,-122.473656,37.76399053610047,-122.47300116030262
,5.0,dn1,pkg3,5.0,True,13.0,37.774524,-122.473656,37.747416391354264,-122.48425858616545
,5.0,dn13,pkg13,5.0,True,14.0,37.739611,-122.492203,37.74827381457701,-122.50252542567218
,5.0,dn15,pkg7,5.0,True,15.0,37.739611,-122.492203,37.74999159383362,-122.4940238361471
,8.0,dn3,pkg5,8.0,True,17.0,37.774524,-122.473656,37.78744202330082,-122.46283960371598
,9.0,dn9,pkg18,9.0,True,15.0,37.718779,-122.462401,37.732421066546,-122.45525832281037
,9.0,dn12,pkg17,9.0,True,19.0,37.78929,-122.426797,37.76259847851645,-122.42289556227777
,10.0,dn2,pkg2,10.0,True,15.0,37.774524,-122.473656,37.75705156815062,-122.49310434462596
,10.0,dn14,pkg1,10.0,True,15.0,37.739611,-122.492203,37.745603893281995,-122.50583898259993
,13.0,dn11,pkg16,13,True,14.0,37.78929,-122.426797,37.78365645770254,-122.40200015943789
,14.0,dn8,pkg21,14,True,14.0,37.718779,-122.462401,37.72090193234577,-122.44629057284449
,14.0,dn1,pkg23,14,True,15.0,37.774524,-122.473656,37.76437381105844,-122.48395488807199
,15.0,dn10,pkg19,15,False,14.0,37.78929,-122.426797,37.783985209572116,-122.43166987973761
,15.0,dn13,pkg8,15,True,18.0,37.739611,-122.492203,37.73587799223704,-122.46928845236731
,17.0,dn5,pkg12,17,False,12.0,37.751751,-122.410654,37.77266988801732,-122.41085054984772
,17.0,dn15,pkg26,17.0,True,23.0,37.739611,-122.492203,37.73757492978532,-122.48739878257004
,18.0,dn7,pkg4,18,False,10.0,37.718779,-122.462401,37.70869723232159,-122.42547374621027
,21.0,dn4,pkg20,21,False,11.0,37.751751,-122.410654,37.76864419851675,-122.40288389511007
,21.0,dn6,pkg6,21,False,10.0,37.751751,-122.410654,37.72059602630844,-122.4072465181417
,22.0,dn14,pkg27,22.0,True,31.0,37.739611,-122.492203,37.707649396266554,-122.49292702833034
,23.0,dn2,pkg28,23.0,True,28.0,37.774524,-122.473656,37.76931025933092,-122.45541282869509
,24.0,dn3,pkg11,24,False,19.0,37.774524,-122.473656,37.7952449707071,-122.46964881694525
,26.0,dn15,pkg29,26,True,30.0,37.739611,-122.492203,37.76867755065722,-122.46720754887932
,28.0,dn9,pkg30,28.0,True,36.0,37.718779,-122.462401,37.739349223297395,-122.45584880517181
,28.0,dn1,pkg31,28.0,True,38.0,37.774524,-122.473656,37.73573720203572,-122.48971793377791
,32.0,dn2,pkg37,32.0,True,42.0,37.774524,-122.473656,37.74321885899258,-122.49953194424276
,33.0,dn8,pkg32,33,False,31.0,37.718779,-122.462401,37.71546642493532,-122.43509640848153
,35.0,dn13,pkg34,35,True,43.0,37.739611,-122.492203,37.73539621770298,-122.44235718717394
,39.0,dn14,pkg35,39,False,37.0,37.739611,-122.492203,37.70970966296403,-122.46825268712286
,41.0,dn15,pkg40,41,True,47.0,37.739611,-122.492203,37.725853950528105,-122.46083453940052
,44.0,dn12,pkg25,44,False,19.0,37.78929,-122.426797,37.78917933714749,-122.41520037128906
,45.0,dn7,pkg41,45.0,True,51.0,37.718779,-122.462401,37.72685580552813,-122.50660941596274
,48.0,dn5,pkg39,48,False,45.0,37.751751,-122.410654,37.75109769912146,-122.41163514370376
,51.0,dn1,pkg44,51.0,True,57.0,37.774524,-122.473656,37.745250088027085,-122.48033583279741
,51.0,dn4,pkg38,51,False,44.0,37.751751,-122.410654,37.73459982642845,-122.39834835978044
,52.0,dn11,pkg36,52,False,36.0,37.78929,-122.426797,37.78439903478351,-122.41497016246768
,53.0,dn2,pkg45,53,True,59.0,37.774524,-122.473656,37.78738706428376,-122.47207705916962
,56.0,dn8,pkg42,56,False,48.0,37.718779,-122.462401,37.71209700841236,-122.42267751056079
,61.0,dn9,pkg47,61,True,65.0,37.718779,-122.462401,37.72285918147603,-122.42645629263089
,61.0,dn7,pkg48,61.0,True,68.0,37.718779,-122.462401,37.719039718898216,-122.45722080767005
,63.0,dn10,pkg33,63,False,38.0,37.78929,-122.426797,37.76031469838103,-122.39783202886154
,66.0,dn14,pkg51,66.0,True,74.0,37.739611,-122.492203,37.72922398120887,-122.49211129463039
,68.0,dn6,pkg43,68,False,57.0,37.751751,-122.410654,37.789671409849205,-122.40688205572654
,68.0,dn13,pkg50,68.0,True,78.0,37.739611,-122.492203,37.72539356113996,-122.47074479294837
,70.0,dn5,pkg52,70,True,74.0,37.751751,-122.410654,37.73824282673325,-122.41892301230708
,74.0,dn2,pkg54,74,True,75.0,37.774524,-122.473656,37.77516098452289,-122.50520886066712
,74.0,dn3,pkg57,74.0,True,79.0,37.774524,-122.473656,37.740480503195926,-122.48715861213485
,75.0,dn15,pkg56,75.0,True,80.0,37.739611,-122.492203,37.72145650689502,-122.48071102908729
,76.0,dn7,pkg55,76.0,True,85.0,37.718779,-122.462401,37.707646628657585,-122.50595298545474
,79.0,dn14,pkg59,79.0,True,88.0,37.739611,-122.492203,37.75547686389142,-122.46405141171549
,81.0,dn1,pkg53,81,False,75.0,37.774524,-122.473656,37.79330006226438,-122.45880799523117
,81.0,dn9,pkg62,81.0,True,86.0,37.718779,-122.462401,37.72934125081232,-122.48400087359488
,82.0,dn3,pkg60,82,True,86.0,37.774524,-122.473656,37.78959745859878,-122.50251396852299
,84.0,dn4,pkg49,84,False,66.0,37.751751,-122.410654,37.751221687631634,-122.40877398309132
,84.0,dn8,pkg61,84.0,True,94.0,37.718779,-122.462401,37.73640108173392,-122.47630994609447
,87.0,dn13,pkg63,87,True,92.0,37.739611,-122.492203,37.72324226947559,-122.46299431039245
,89.0,dn12,pkg58,89,False,87.0,37.78929,-122.426797,37.75527751206533,-122.43011595248447
,91.0,dn5,pkg64,91,False,90.0,37.751751,-122.410654,37.74615214342732,-122.44317906221518
,93.0,dn7,pkg65,93,True,93.0,37.718779,-122.462401,37.70905343468772,-122.40829003661095
,93.0,dn9,pkg67,93.0,True,103.0,37.718779,-122.462401,37.716538810759154,-122.46224691701633
,94.0,dn2,pkg68,94,True,98.0,37.774524,-122.473656,37.76856121886825,-122.48477384445886
,97.0,dn8,pkg69,97,True,104.0,37.718779,-122.462401,37.72738089163107,-122.43605007012687
,97.0,dn11,pkg72,97,True,104.0,37.78929,-122.426797,37.76811213449953,-122.46369759363395
,99.0,dn3,pkg71,99,True,104.0,37.774524,-122.473656,37.73701256267089,-122.46229229053107
,5.0,dn13,pkg12,5.0,True,12.0,37.739611,-122.492203,37.73583616506281,-122.50165112104517
,6.0,dn1,pkg5,6.0,True,12.0,37.774524,-122.473656,37.771688850653774,-122.47232488600311
,6.0,dn7,pkg11,6,True,10.0,37.718779,-122.462401,37.739013614161784,-122.45525810092586
,6.0,dn15,pkg15,6.0,True,16.0,37.739611,-122.492203,37.76951368186957,-122.49621533281282
,7.0,dn9,pkg9,7.0,True,13.0,37.718779,-122.462401,37.7086772510922,-122.47785816486811
,7.0,dn14,pkg22,7,True,14.0,37.739611,-122.492203,37.75233607428214,-122.47745716124462
,10.0,dn2,pkg21,10,True,10.0,37.774524,-122.473656,37.79198997169856,-122.49100978824521
,10.0,dn10,pkg8,10,True,17.0,37.78929,-122.426797,37.764700668817774,-122.43592904526712
,12.0,dn11,pkg18,12,True,19.0,37.78929,-122.426797,37.77422938014614,-122.41633003260216
,12.0,dn13,pkg23,12,True,13.0,37.739611,-122.492203,37.729328487281535,-122.47830155233116
,14.0,dn8,pkg16,14,False,12.0,37.718779,-122.462401,37.728793643295226,-122.44595203608847
,15.0,dn3,pkg10,15,True,16.0,37.774524,-122.473656,37.78589883199315,-122.47918456452813
,15.0,dn4,pkg14,15,False,11.0,37.751751,-122.410654,37.760899462297914,-122.39567904453035
,15.0,dn7,pkg1,15,True,15.0,37.718779,-122.462401,37.731468680732604,-122.442244414489
,17.0,dn15,pkg20,17,True,18.0,37.739611,-122.492203,37.73660960756386,-122.46083664646521
,18.0,dn5,pkg6,18,False,14.0,37.751751,-122.410654,37.74398787107094,-122.4284950882921
,18.0,dn14,pkg24,18,True,21.0,37.739611,-122.492203,37.7435294367497,-122.44763527375693
,20.0,dn6,pkg2,20,False,14.0,37.751751,-122.410654,37.76344890143492,-122.42909027239537
,22.0,dn1,pkg4,22,False,13.0,37.774524,-122.473656,37.79628965414475,-122.4945361136794
,22.0,dn9,pkg7,22,False,16.0,37.718779,-122.462401,37.71983706437797,-122.42391301494118
,24.0,dn7,pkg28,24.0,True,32.0,37.718779,-122.462401,37.70774500454709,-122.44833440017335
,24.0,dn2,pkg25,24,True,24.0,37.774524,-122.473656,37.7708698549222,-122.45037568618774
,28.0,dn12,pkg19,28,False,15.0,37.78929,-122.426797,37.76434994487872,-122.3956804591147
,29.0,dn13,pkg30,29,True,32.0,37.739611,-122.492203,37.73791975841349,-122.44276297927041
,33.0,dn14,pkg32,33,True,35.0,37.739611,-122.492203,37.774518968673625,-122.4863533504806
,33.0,dn11,pkg33,33.0,True,40.0,37.78929,-122.426797,37.76722389914598,-122.43759948801231
,36.0,dn8,pkg31,36,False,32.0,37.718779,-122.462401,37.73950056470797,-122.42706580198643
,37.0,dn15,pkg36,37,True,37.0,37.739611,-122.492203,37.741705782240786,-122.44526358046431
,42.0,dn10,pkg27,42,False,29.0,37.78929,-122.426797,37.78104944341453,-122.44247168796782
,44.0,dn9,pkg39,44,True,47.0,37.718779,-122.462401,37.71537257026533,-122.43003024999702
,46.0,dn2,pkg35,46,False,40.0,37.774524,-122.473656,37.79271073332022,-122.48203813071571
,46.0,dn13,pkg43,46.0,True,56.0,37.739611,-122.492203,37.74084277161691,-122.45917224603471
,47.0,dn7,pkg29,47,False,32.0,37.718779,-122.462401,37.7095581210186,-122.43086850729937
,48.0,dn4,pkg37,48,False,42.0,37.751751,-122.410654,37.71681707123679,-122.42798488316073
,48.0,dn14,pkg45,48,True,57.0,37.739611,-122.492203,37.749060505842415,-122.47541299506678
,50.0,dn3,pkg34,50,False,43.0,37.774524,-122.473656,37.791036266449105,-122.45256532651412
,50.0,dn1,pkg40,50,True,53.0,37.774524,-122.473656,37.76673409813666,-122.4435131141961
,50.0,dn8,pkg46,50.0,True,58.0,37.718779,-122.462401,37.72685368393822,-122.48284612006984
,52.0,dn11,pkg44,52,True,53.0,37.78929,-122.426797,37.79268525608052,-122.44057586835339
,55.0,dn6,pkg41,55,False,48.0,37.751751,-122.410654,37.72195998593332,-122.41880134656522
,55.0,dn15,pkg47,55.0,True,63.0,37.739611,-122.492203,37.7403497982696,-122.47502660222838
,56.0,dn13,pkg51,56.0,True,64.0,37.739611,-122.492203,37.73272981485255,-122.49790037989098
,59.0,dn8,pkg53,59.0,True,69.0,37.718779,-122.462401,37.74374155771985,-122.48526881062634
,61.0,dn5,pkg38,61,False,41.0,37.751751,-122.410654,37.79464907786454,-122.42046524961394
,64.0,dn14,pkg52,64,True,68.0,37.739611,-122.492203,37.776399892414084,-122.48010653709721
,65.0,dn9,pkg54,65,True,70.0,37.718779,-122.462401,37.72433097515082,-122.42253825828482
,65.0,dn13,pkg56,65,True,74.0,37.739611,-122.492203,37.71221682627078,-122.50218446185079
,67.0,dn15,pkg57,67.0,True,75.0,37.739611,-122.492203,37.73847404934205,-122.50301536508461
,68.0,dn12,pkg48,68,False,64.0,37.78929,-122.426797,37.796626505996024,-122.42307018571879
,69.0,dn2,pkg60,69.0,True,79.0,37.774524,-122.473656,37.768009840441366,-122.47537380318941
,71.0,dn10,pkg55,71,True,76.0,37.78929,-122.426797,37.792026451141886,-122.4240088208028
,73.0,dn11,pkg61,73,True,79.0,37.78929,-122.426797,37.75943079234778,-122.40183346148558
,75.0,dn8,pkg58,75,False,72.0,37.718779,-122.462401,37.73619575285341,-122.42326213400871
,75.0,dn7,pkg62,75,True,79.0,37.718779,-122.462401,37.72937828249426,-122.44851600383997
,77.0,dn1,pkg64,77,True,82.0,37.774524,-122.473656,37.77053597958314,-122.49651560074624
,77.0,dn15,pkg63,77.0,True,85.0,37.739611,-122.492203,37.71904904519982,-122.49425654187161
,78.0,dn4,pkg59,78,True,78.0,37.751751,-122.410654,37.71840560844647,-122.40051651663694
,86.0,dn7,pkg69,86,True,96.0,37.718779,-122.462401,37.72681502183377,-122.42393900552376
,88.0,dn6,pkg65,88,True,90.0,37.751751,-122.410654,37.78615857911233,-122.39716742033606
,88.0,dn13,pkg67,88,True,93.0,37.739611,-122.492203,37.71379999384296,-122.49430198776149
,92.0,dn10,pkg70,92,True,98.0,37.78929,-122.426797,37.75293330751187,-122.41453730823171
,98.0,dn2,pkg68,98,False,95.0,37.774524,-122.473656,37.79566531320826,-122.48181623830442
,5.0,dn8,pkg20,5,True,10.0,37.718779,-122.462401,37.735234028795674,-122.47356585231623
,5.0,dn13,pkg18,5.0,True,15.0,37.739611,-122.492203,37.73430210076345,-122.4785122909305
,6.0,dn14,pkg10,6,True,12.0,37.739611,-122.492203,37.76530610070435,-122.49992156043075
,7.0,dn7,pkg12,7.0,True,12.0,37.718779,-122.462401,37.72852829033464,-122.45864439667281
,8.0,dn12,pkg14,8,True,15.0,37.78929,-122.426797,37.76015792087059,-122.46394001844557
,8.0,dn15,pkg7,8,True,11.0,37.739611,-122.492203,37.779519801815304,-122.50236846139786
,9.0,dn3,pkg3,9,True,12.0,37.774524,-122.473656,37.76536092969315,-122.49371448700033
,10.0,dn9,pkg6,10,True,15.0,37.718779,-122.462401,37.73061377798037,-122.45307533790252
,11.0,dn1,pkg2,11,True,12.0,37.774524,-122.473656,37.77546598669033,-122.46807617014773
,13.0,dn5,pkg15,13,True,13.0,37.751751,-122.410654,37.77163979178803,-122.40744084025076
,14.0,dn2,pkg21,14,False,13.0,37.774524,-122.473656,37.76995296105608,-122.46290061533928
,14.0,dn11,pkg22,14,True,16.0,37.78929,-122.426797,37.76903287011407,-122.40147806231518
,14.0,dn13,pkg17,14,True,17.0,37.739611,-122.492203,37.75547413657537,-122.49117747058649
,15.0,dn10,pkg4,15,False,14.0,37.78929,-122.426797,37.78582364475506,-122.45079747077341
,17.0,dn8,pkg19,17,True,17.0,37.718779,-122.462401,37.71225320655024,-122.45878196897333
,18.0,dn4,pkg9,18,False,11.0,37.751751,-122.410654,37.758535389049264,-122.42168615685372
,18.0,dn14,pkg23,18,True,18.0,37.739611,-122.492203,37.71538027457514,-122.50761495828077
,21.0,dn6,pkg5,21,False,14.0,37.751751,-122.410654,37.733980722372394,-122.39499105817188
,22.0,dn7,pkg1,22,False,17.0,37.718779,-122.462401,37.72055702316209,-122.42529607608196
,22.0,dn15,pkg28,22,True,24.0,37.739611,-122.492203,37.72813346698588,-122.48031059517504
,24.0,dn13,pkg32,24,True,28.0,37.739611,-122.492203,37.75059609311837,-122.4766519970573
,27.0,dn9,pkg29,27,True,27.0,37.718779,-122.462401,37.71330829527121,-122.45566797618912
,28.0,dn8,pkg34,28,True,35.0,37.718779,-122.462401,37.727576349059255,-122.48987448017543
,30.0,dn14,pkg36,30.0,True,35.0,37.739611,-122.492203,37.74601829325269,-122.50470741656844
,32.0,dn1,pkg35,32,True,36.0,37.774524,-122.473656,37.75570920426065,-122.44448239081586
,33.0,dn2,pkg37,33,True,38.0,37.774524,-122.473656,37.746019101782686,-122.50558603417971
,34.0,dn5,pkg31,34,False,28.0,37.751751,-122.410654,37.78675439673363,-122.39941746524349
,38.0,dn12,pkg30,38,False,27.0,37.78929,-122.426797,37.77975696060689,-122.40489400558968
,42.0,dn3,pkg16,42,False,19.0,37.774524,-122.473656,37.795492937451705,-122.4895834083578
,43.0,dn13,pkg39,43,True,49.0,37.739611,-122.492203,37.781781813181055,-122.47238654623193
,43.0,dn7,pkg40,43,True,45.0,37.718779,-122.462401,37.72646980880856,-122.415872487089
,44.0,dn10,pkg38,44,True,49.0,37.78929,-122.426797,37.77460285587963,-122.45573822960893
,50.0,dn2,pkg42,50.0,True,60.0,37.774524,-122.473656,37.78431787825754,-122.43790343393994
,51.0,dn11,pkg33,51,False,33.0,37.78929,-122.426797,37.79273298698052,-122.4110167009495
,54.0,dn14,pkg45,54,True,60.0,37.739611,-122.492203,37.76944607877325,-122.47014128172205
,55.0,dn8,pkg41,55,False,49.0,37.718779,-122.462401,37.719926228822196,-122.41480968730592
,59.0,dn5,pkg46,59,True,62.0,37.751751,-122.410654,37.73835125583493,-122.45520819176086
,61.0,dn1,pkg44,61,False,56.0,37.774524,-122.473656,37.7789572962555,-122.42693654839546
,61.0,dn15,pkg47,61,True,62.0,37.739611,-122.492203,37.77501639438285,-122.46339158650034
,64.0,dn6,pkg48,64,True,71.0,37.751751,-122.410654,37.739535497225994,-122.40497726934387
,67.0,dn4,pkg43,67,False,54.0,37.751751,-122.410654,37.77307220839251,-122.41599661802294
,74.0,dn7,pkg50,74.0,True,81.0,37.718779,-122.462401,37.75428088978593,-122.47373664794729
,74.0,dn10,pkg51,74,True,82.0,37.78929,-122.426797,37.77343525148381,-122.44534968365488
,78.0,dn2,pkg49,78,False,72.0,37.774524,-122.473656,37.788861692388735,-122.46642785482172
,81.0,dn3,pkg53,81.0,True,88.0,37.774524,-122.473656,37.7964299970115,-122.46618991605055
,83.0,dn5,pkg54,83.0,True,88.0,37.751751,-122.410654,37.717965618481706,-122.43015082461979
,87.0,dn7,pkg55,87,True,91.0,37.718779,-122.462401,37.71155575197691,-122.49498744869676
,88.0,dn1,pkg56,88.0,True,96.0,37.774524,-122.473656,37.749627445145165,-122.4640336601463
,92.0,dn12,pkg52,92,False,86.0,37.78929,-122.426797,37.79263599339658,-122.4155567007677
,95.0,dn11,pkg61,95,True,103.0,37.78929,-122.426797,37.7829976844119,-122.44013749287036
,96.0,dn13,pkg60,96,True,98.0,37.739611,-122.492203,37.76904975129473,-122.50206602535205
,98.0,dn6,pkg57,98,False,92.0,37.751751,-122.410654,37.79182976229068,-122.42426039626856
,99.0,dn8,pkg63,99,True,105.0,37.718779,-122.462401,37.74340545923966,-122.42139391574405
,99.0,dn3,pkg64,99.0,True,104.0,37.774524,-122.473656,37.73239601021396,-122.47455187244616
,5.0,dn13,pkg9,5.0,True,13.0,37.739611,-122.492203,37.75167224118756,-122.50293069992631
,7.0,dn5,pkg4,7,True,13.0,37.751751,-122.410654,37.73929495251603,-122.4333581010651
,7.0,dn7,pkg2,7.0,True,14.0,37.718779,-122.462401,37.73637553286959,-122.43022910035197
,7.0,dn8,pkg14,7.0,True,13.0,37.718779,-122.462401,37.742740056180686,-122.49926300741546
,7.0,dn9,pkg3,7.0,True,17.0,37.718779,-122.462401,37.742162061596524,-122.49227919321685
,7.0,dn14,pkg15,7.0,True,13.0,37.739611,-122.492203,37.78080832424252,-122.50552470318925
,9.0,dn4,pkg10,9,True,11.0,37.751751,-122.410654,37.76618319671919,-122.4016994485931
,12.0,dn6,pkg16,12,True,13.0,37.751751,-122.410654,37.7298819423234,-122.4063125440268
,12.0,dn15,pkg23,12,True,21.0,37.739611,-122.492203,37.72829275847465,-122.4524612588251
,13.0,dn1,pkg5,13,True,13.0,37.774524,-122.473656,37.77629360713794,-122.47785505409846
,13.0,dn2,pkg1,13,True,16.0,37.774524,-122.473656,37.78581323770366,-122.4668899703182
,13.0,dn11,pkg11,13,True,14.0,37.78929,-122.426797,37.79037963034372,-122.39611298256796
,14.0,dn3,pkg20,14,True,16.0,37.774524,-122.473656,37.778416863180205,-122.45967700608863
,14.0,dn8,pkg19,14,True,18.0,37.718779,-122.462401,37.7475195228947,-122.42096788347952
,15.0,dn10,pkg13,15,False,12.0,37.78929,-122.426797,37.78429727357496,-122.43226556086562
,24.0,dn13,pkg30,24.0,True,34.0,37.739611,-122.492203,37.76623143624529,-122.45721638472091
,27.0,dn9,pkg26,27,False,24.0,37.718779,-122.462401,37.709088323799456,-122.43967292639482
,28.0,dn12,pkg17,28,False,16.0,37.78929,-122.426797,37.779918832733955,-122.4116271178287
,28.0,dn14,pkg31,28,True,34.0,37.739611,-122.492203,37.712130262815265,-122.4569405323338
,28.0,dn4,pkg33,28,True,32.0,37.751751,-122.410654,37.749099359179546,-122.4112603408197
,28.0,dn15,pkg32,28,True,31.0,37.739611,-122.492203,37.76622630715658,-122.46087937383925
,32.0,dn7,pkg29,32,False,26.0,37.718779,-122.462401,37.71255169520956,-122.42101864256061
,35.0,dn2,pkg34,35,True,36.0,37.774524,-122.473656,37.794238064286205,-122.4642395272592
,36.0,dn8,pkg36,36,True,36.0,37.718779,-122.462401,37.73161840844626,-122.43905217064506
,36.0,dn6,pkg38,36,True,40.0,37.751751,-122.410654,37.76339527193096,-122.40786535979503
,41.0,dn5,pkg25,41,False,15.0,37.751751,-122.410654,37.750118032270784,-122.40462134739778
,41.0,dn13,pkg40,41.0,True,47.0,37.739611,-122.492203,37.72167367121206,-122.47594469077303
,42.0,dn3,pkg37,42,False,36.0,37.774524,-122.473656,37.78718163056118,-122.5049844228476
,43.0,dn1,pkg35,43,False,35.0,37.774524,-122.473656,37.785234202569875,-122.4620128436309
,46.0,dn14,pkg43,46.0,True,56.0,37.739611,-122.492203,37.74086177872534,-122.4872382919522
,46.0,dn15,pkg44,46.0,True,56.0,37.739611,-122.492203,37.74617721333191,-122.48017253315693
,48.0,dn10,pkg39,48,False,43.0,37.78929,-122.426797,37.79506297380805,-122.41842152854097
,50.0,dn11,pkg41,50,True,54.0,37.78929,-122.426797,37.74734653435008,-122.4158678103431
,51.0,dn2,pkg42,51,True,51.0,37.774524,-122.473656,37.78984460558203,-122.45306260649572
,53.0,dn9,pkg46,53,True,57.0,37.718779,-122.462401,37.71102807045312,-122.45434163568622
,55.0,dn13,pkg45,55,True,59.0,37.739611,-122.492203,37.77147659078476,-122.5066844072139
,57.0,dn4,pkg47,57,True,59.0,37.751751,-122.410654,37.714387616590734,-122.43342497443751
,58.0,dn14,pkg48,58,True,66.0,37.739611,-122.492203,37.75278248987847,-122.4575711893006
,60.0,dn15,pkg49,60,True,61.0,37.739611,-122.492203,37.77246233251626,-122.48931450754795
,62.0,dn3,pkg53,62,True,66.0,37.774524,-122.473656,37.766400785794445,-122.50139829094533
,63.0,dn6,pkg50,63,True,65.0,37.751751,-122.410654,37.728042085182516,-122.44668563054323
,67.0,dn7,pkg55,67,True,71.0,37.718779,-122.462401,37.7524192826201,-122.4291948315118
,67.0,dn9,pkg57,67.0,True,76.0,37.718779,-122.462401,37.720117586076604,-122.48405512805222
,70.0,dn2,pkg54,70,False,65.0,37.774524,-122.473656,37.7745740653302,-122.43547956810049
,70.0,dn8,pkg56,70.0,True,79.0,37.718779,-122.462401,37.728605984713795,-122.48302854602845
,76.0,dn1,pkg58,76.0,True,84.0,37.774524,-122.473656,37.73621247503743,-122.46960694164532
,79.0,dn3,pkg59,79,True,81.0,37.774524,-122.473656,37.744562642486116,-122.44337056683251
,83.0,dn12,pkg52,83,False,65.0,37.78929,-122.426797,37.78612520003541,-122.43354619792382
,85.0,dn13,pkg60,85,True,85.0,37.739611,-122.492203,37.78190762643377,-122.4983850347291
,85.0,dn11,pkg65,85,True,92.0,37.78929,-122.426797,37.76688666805897,-122.46592091690194
,86.0,dn1,pkg66,86,True,95.0,37.774524,-122.473656,37.79665378632649,-122.45177033610612
,87.0,dn4,pkg61,87,False,85.0,37.751751,-122.410654,37.7314566817513,-122.42777789417282
,87.0,dn7,pkg64,87,True,94.0,37.718779,-122.462401,37.71413607676367,-122.4822739610729
,90.0,dn10,pkg51,90,False,64.0,37.78929,-122.426797,37.792346674813125,-122.4046561115151
,90.0,dn5,pkg62,90,False,88.0,37.751751,-122.410654,37.712948488392314,-122.43876330694636
,93.0,dn2,pkg68,93.0,True,98.0,37.774524,-122.473656,37.78201235705032,-122.45150712947884
,94.0,dn3,pkg71,94.0,True,104.0,37.774524,-122.473656,37.74329205775044,-122.50052916062643
,98.0,dn11,pkg70,98,True,101.0,37.78929,-122.426797,37.76272475207207,-122.40506393702938
,6.0,dn7,pkg6,6.0,True,12.0,37.718779,-122.462401,37.728805582995136,-122.48715151633081
,7.0,dn2,pkg2,7.0,True,15.0,37.774524,-122.473656,37.765119713612776,-122.47683030908517
,7.0,dn8,pkg4,7.0,True,16.0,37.718779,-122.462401,37.71375924531486,-122.47537280471747
,8.0,dn11,pkg11,8,True,12.0,37.78929,-122.426797,37.79595962490925,-122.41514060899472
,9.0,dn4,pkg7,9.0,True,14.0,37.751751,-122.410654,37.73606323171307,-122.41776407785463
,9.0,dn13,pkg17,9.0,True,16.0,37.739611,-122.492203,37.753208756161406,-122.48929526906355
,9.0,dn14,pkg3,9.0,True,19.0,37.739611,-122.492203,37.74808119080395,-122.49737909191673
,10.0,dn15,pkg19,10.0,True,16.0,37.739611,-122.492203,37.77200980816066,-122.48995927098515
,11.0,dn3,pkg8,11,True,16.0,37.774524,-122.473656,37.77390274667273,-122.45767042129535
,13.0,dn9,pkg12,13,True,16.0,37.718779,-122.462401,37.70805535136684,-122.44917218561078
,14.0,dn10,pkg10,14,True,14.0,37.78929,-122.426797,37.79112954275999,-122.42882744410217
,17.0,dn5,pkg22,17,False,15.0,37.751751,-122.410654,37.73998255672394,-122.42338709919629
,17.0,dn12,pkg20,17,False,13.0,37.78929,-122.426797,37.7793631786392,-122.4238190320969
,17.0,dn7,pkg18,17,False,14.0,37.718779,-122.462401,37.72243713712349,-122.43097251587733
,18.0,dn1,pkg5,18,False,15.0,37.774524,-122.473656,37.779711126090376,-122.46947161251894
,18.0,dn14,pkg27,18,False,17.0,37.739611,-122.492203,37.76309955686611,-122.49142216202372
,18.0,dn13,pkg23,18,True,18.0,37.739611,-122.492203,37.747833329407456,-122.46720674181147
,20.0,dn15,pkg26,20,True,20.0,37.739611,-122.492203,37.75426886777746,-122.49782142735003
,22.0,dn13,pkg29,22,True,23.0,37.739611,-122.492203,37.73351778248493,-122.49474617656499
,23.0,dn6,pkg14,23,False,13.0,37.751751,-122.410654,37.776338245174415,-122.42273556336151
,25.0,dn8,pkg25,25,False,17.0,37.718779,-122.462401,37.738352349590244,-122.44694074258493
,25.0,dn11,pkg28,25,False,19.0,37.78929,-122.426797,37.75147595540301,-122.45486783641202
,26.0,dn2,pkg9,26,False,16.0,37.774524,-122.473656,37.78705424891642,-122.49369267485291
,27.0,dn3,pkg35,27,True,33.0,37.774524,-122.473656,37.78150478811128,-122.46288352656599
,30.0,dn4,pkg15,30,False,18.0,37.751751,-122.410654,37.76022419075521,-122.39845067220821
,36.0,dn13,pkg38,36,True,36.0,37.739611,-122.492203,37.778130305175736,-122.48798848341458
,43.0,dn14,pkg41,43,True,46.0,37.739611,-122.492203,37.74419055236571,-122.4546196813848
,43.0,dn3,pkg42,43,True,45.0,37.774524,-122.473656,37.79483871979399,-122.48873414711865
,44.0,dn9,pkg39,44,True,45.0,37.718779,-122.462401,37.74370187126261,-122.43538391778797
,47.0,dn7,pkg33,47,False,29.0,37.718779,-122.462401,37.73306824295171,-122.4179970481591
,47.0,dn8,pkg44,47,True,53.0,37.718779,-122.462401,37.71858994444941,-122.48848999494751
,48.0,dn1,pkg43,48.0,True,57.0,37.774524,-122.473656,37.76446461932256,-122.46328318486863
,50.0,dn15,pkg47,50.0,True,59.0,37.739611,-122.492203,37.72461800970159,-122.4858145549758
,51.0,dn10,pkg34,51,False,31.0,37.78929,-122.426797,37.79089608039214,-122.43678378779711
,52.0,dn2,pkg46,52,True,61.0,37.774524,-122.473656,37.773717407318166,-122.46555368172692
,53.0,dn5,pkg36,53,False,36.0,37.751751,-122.410654,37.71716243076377,-122.40382306752674
,56.0,dn13,pkg48,56,True,62.0,37.739611,-122.492203,37.720308227519034,-122.47602338125697
,59.0,dn12,pkg45,59,False,57.0,37.78929,-122.426797,37.75300788271321,-122.39959045141696
,62.0,dn11,pkg40,62,False,45.0,37.78929,-122.426797,37.796336614603355,-122.42397695197164
,62.0,dn4,pkg50,62,True,66.0,37.751751,-122.410654,37.744440393021854,-122.44519856902656
,63.0,dn3,pkg51,63,True,65.0,37.774524,-122.473656,37.78854921176031,-122.44750065751394
,68.0,dn14,pkg52,68.0,True,73.0,37.739611,-122.492203,37.77645136037915,-122.47501020219023
,70.0,dn8,pkg54,70.0,True,78.0,37.718779,-122.462401,37.72762001474373,-122.50474124130348
,72.0,dn9,pkg55,72.0,True,77.0,37.718779,-122.462401,37.71064821971207,-122.44534956827293
,73.0,dn1,pkg49,73,False,63.0,37.774524,-122.473656,37.793003312740225,-122.50174192858096
,73.0,dn6,pkg53,73,True,76.0,37.751751,-122.410654,37.72907757256967,-122.40231984229514
,85.0,dn5,pkg57,85,True,85.0,37.751751,-122.410654,37.73983473248679,-122.43335938015687
,87.0,dn2,pkg56,87,False,84.0,37.774524,-122.473656,37.782445739655465,-122.47255249761471
,89.0,dn10,pkg60,89,True,98.0,37.78929,-122.426797,37.78223442592319,-122.45421856927655
,90.0,dn7,pkg62,90.0,True,95.0,37.718779,-122.462401,37.72849659790733,-122.45682564873285
,91.0,dn4,pkg59,91,False,90.0,37.751751,-122.410654,37.75523816508578,-122.40838575535741
,93.0,dn9,pkg64,93,True,98.0,37.718779,-122.462401,37.727093005555915,-122.42624191352253
,94.0,dn3,pkg58,94,False,88.0,37.774524,-122.473656,37.787696107432694,-122.45940269297985
,95.0,dn8,pkg63,95,True,100.0,37.718779,-122.462401,37.74915208358285,-122.43080541885551
,96.0,dn6,pkg65,96.0,True,101.0,37.751751,-122.410654,37.71433084488703,-122.39485286260407
,5.0,dn9,pkg20,5,True,12.0,37.718779,-122.462401,37.741826190549105,-122.47079679334828
,5.0,dn14,pkg3,5.0,True,15.0,37.739611,-122.492203,37.73496340964582,-122.48723768448596
,6.0,dn7,pkg19,6,True,11.0,37.718779,-122.462401,37.71849104279237,-122.4699977037378
,7.0,dn6,pkg2,7.0,True,13.0,37.751751,-122.410654,37.74263103994479,-122.43594208567261
,7.0,dn12,pkg4,7,True,13.0,37.78929,-122.426797,37.785597887360645,-122.39807916871356
,8.0,dn4,pkg18,8,True,16.0,37.751751,-122.410654,37.74910287363742,-122.41038661978475
,9.0,dn2,pkg14,9,True,12.0,37.774524,-122.473656,37.76847609651068,-122.49390118910684
,9.0,dn8,pkg11,9,True,11.0,37.718779,-122.462401,37.72483104665713,-122.45031372490566
,9.0,dn13,pkg1,9.0,True,14.0,37.739611,-122.492203,37.73331730618233,-122.48970167055904
,10.0,dn15,pkg8,10,True,16.0,37.739611,-122.492203,37.751987581723945,-122.46115002999368
,14.0,dn3,pkg15,14,False,12.0,37.774524,-122.473656,37.760950315804806,-122.45546859243615
,16.0,dn9,pkg10,16,False,14.0,37.718779,-122.462401,37.722647561925086,-122.43578528947896
,18.0,dn10,pkg13,18,False,12.0,37.78929,-122.426797,37.776503844716515,-122.43712192996028
,18.0,dn14,pkg12,18,False,16.0,37.739611,-122.492203,37.7120349971455,-122.48408600581992
,19.0,dn11,pkg17,19,False,14.0,37.78929,-122.426797,37.77341320016487,-122.43299154829694
,21.0,dn5,pkg9,21,False,14.0,37.751751,-122.410654,37.75958474578282,-122.42630505220608
,22.0,dn7,pkg22,22,False,16.0,37.718779,-122.462401,37.70762382107628,-122.47011487268855
,22.0,dn4,pkg21,22,False,19.0,37.751751,-122.410654,37.75521946449662,-122.46214908392143
,23.0,dn1,pkg7,23,False,10.0,37.774524,-122.473656,37.7855966756416,-122.439581060224
,23.0,dn13,pkg25,23,False,16.0,37.739611,-122.492203,37.7592230905593,-122.45797663854589
,24.0,dn2,pkg27,24,True,25.0,37.774524,-122.473656,37.78281639896946,-122.4855573142372
,28.0,dn12,pkg16,28,False,18.0,37.78929,-122.426797,37.762038503830674,-122.44567623811837
,30.0,dn8,pkg26,30,False,22.0,37.718779,-122.462401,37.70930138559568,-122.43793938814696
,31.0,dn6,pkg24,31,False,18.0,37.751751,-122.410654,37.75573718877182,-122.41085663909934
,32.0,dn9,pkg30,32,True,32.0,37.718779,-122.462401,37.72112473775076,-122.46414306692158
,34.0,dn15,pkg28,34,False,28.0,37.739611,-122.492203,37.71459072748775,-122.45364591456935
,35.0,dn3,pkg29,35,True,35.0,37.774524,-122.473656,37.74683647028892,-122.46897667705272
,37.0,dn14,pkg31,37,True,39.0,37.739611,-122.492203,37.76904351495797,-122.49386753162538
,39.0,dn2,pkg33,39.0,True,49.0,37.774524,-122.473656,37.73527821850074,-122.49667581475838
,41.0,dn4,pkg32,41,True,43.0,37.751751,-122.410654,37.74305667409371,-122.43283538324228
,45.0,dn13,pkg34,45.0,True,50.0,37.739611,-122.492203,37.78038672321897,-122.49007572451184
,46.0,dn7,pkg35,46.0,True,55.0,37.718779,-122.462401,37.732159575438,-122.50599167073212
,52.0,dn2,pkg37,52.0,True,57.0,37.774524,-122.473656,37.774148303498166,-122.45108165058996
,54.0,dn10,pkg36,54,False,52.0,37.78929,-122.426797,37.79350034078354,-122.4832665144282
,55.0,dn5,pkg38,55,True,60.0,37.751751,-122.410654,37.722422608056675,-122.43417452025885
,55.0,dn8,pkg39,55.0,True,62.0,37.718779,-122.462401,37.727917797054864,-122.45009016928829
,57.0,dn7,pkg40,57.0,True,64.0,37.718779,-122.462401,37.720921699659336,-122.43755826363402
,59.0,dn6,pkg41,59,True,61.0,37.751751,-122.410654,37.737157567198985,-122.39737342704461
,63.0,dn2,pkg46,63,True,69.0,37.774524,-122.473656,37.732906600846334,-122.4642919250279
,65.0,dn9,pkg43,65,True,73.0,37.718779,-122.462401,37.70721814861594,-122.45686531439509
,65.0,dn4,pkg47,65.0,True,71.0,37.751751,-122.410654,37.746464656353986,-122.44559958107446
,65.0,dn14,pkg48,65,True,70.0,37.739611,-122.492203,37.75421782640873,-122.49602569636431
,66.0,dn1,pkg42,66,True,68.0,37.774524,-122.473656,37.74927392132145,-122.45350849050213
,66.0,dn13,pkg45,66.0,True,72.0,37.739611,-122.492203,37.75706998487685,-122.46834423610196
,68.0,dn8,pkg49,68.0,True,73.0,37.718779,-122.462401,37.74157564116345,-122.46124068931648
,71.0,dn15,pkg50,71.0,True,80.0,37.739611,-122.492203,37.76137569925513,-122.4896414208547
,72.0,dn3,pkg44,72,False,71.0,37.774524,-122.473656,37.76956972251347,-122.42964360011499
,73.0,dn2,pkg52,73.0,True,82.0,37.774524,-122.473656,37.750480238324826,-122.50514774174373
,80.0,dn10,pkg55,80,True,88.0,37.78929,-122.426797,37.7928240832833,-122.45310779454103
,81.0,dn11,pkg51,81,False,78.0,37.78929,-122.426797,37.79161445365762,-122.40715065317448
,81.0,dn14,pkg54,81,True,89.0,37.739611,-122.492203,37.77383740890428,-122.4827285152633
,81.0,dn8,pkg58,81.0,True,90.0,37.718779,-122.462401,37.73207487092923,-122.49051054054826
,83.0,dn7,pkg57,83.0,True,92.0,37.718779,-122.462401,37.73985628150741,-122.50087306723593
,85.0,dn1,pkg59,85.0,True,94.0,37.774524,-122.473656,37.753784939135095,-122.46861351773258
,88.0,dn5,pkg56,88,True,89.0,37.751751,-122.410654,37.72340977907692,-122.41182763488979
,88.0,dn2,pkg60,88.0,True,95.0,37.774524,-122.473656,37.74664569233239,-122.47700784871687
,89.0,dn4,pkg53,89,False,86.0,37.751751,-122.410654,37.790357735354725,-122.41994470405977
,93.0,dn13,pkg61,93.0,True,103.0,37.739611,-122.492203,37.77455257084247,-122.50542940091127
,93.0,dn8,pkg64,93.0,True,99.0,37.718779,-122.462401,37.75579567233431,-122.45337554878282
,95.0,dn6,pkg62,95,True,99.0,37.751751,-122.410654,37.789297686127455,-122.4248844000249
,97.0,dn9,pkg65,97.0,True,103.0,37.718779,-122.462401,37.73386305490896,-122.46801631282679
,98.0,dn15,pkg66,98.0,True,107.0,37.739611,-122.492203,37.76809473749192,-122.49830580448739
,6.0,dn14,pkg3,6.0,True,14.0,37.739611,-122.492203,37.76005873270461,-122.50597961879613
,7.0,dn7,pkg1,7,True,15.0,37.718779,-122.462401,37.71581319922418,-122.47442284241724
,8.0,dn2,pkg10,8,True,13.0,37.774524,-122.473656,37.767042106209786,-122.50339731882764
,8.0,dn9,pkg16,8.0,True,13.0,37.718779,-122.462401,37.75342475402721,-122.43711217191876
,8.0,dn15,pkg6,8.0,True,18.0,37.739611,-122.492203,37.73354537446646,-122.49298827376333
,10.0,dn6,pkg7,10,True,10.0,37.751751,-122.410654,37.725774347614205,-122.41961364912463
,10.0,dn11,pkg13,10,True,17.0,37.78929,-122.426797,37.792280860190615,-122.42236981595997
,10.0,dn13,pkg14,10.0,True,15.0,37.739611,-122.492203,37.73454758347076,-122.50309065707005
,12.0,dn3,pkg15,12,True,16.0,37.774524,-122.473656,37.790629631133505,-122.47879105234125
,12.0,dn4,pkg22,12,False,10.0,37.751751,-122.410654,37.74075219258524,-122.41000167149444
,13.0,dn5,pkg2,13,False,12.0,37.751751,-122.410654,37.73432984385003,-122.42286598995754
,13.0,dn14,pkg23,13,True,13.0,37.739611,-122.492203,37.74914933766897,-122.50571452898441
,15.0,dn15,pkg18,15,True,20.0,37.739611,-122.492203,37.73158549124212,-122.47534188969601
,16.0,dn1,pkg5,16,False,10.0,37.774524,-122.473656,37.78217038062208,-122.45023116443404
,17.0,dn8,pkg17,17,False,14.0,37.718779,-122.462401,37.72177395829898,-122.42885800091726
,19.0,dn10,pkg4,19,False,14.0,37.78929,-122.426797,37.791247676218454,-122.4261462615414
,20.0,dn13,pkg29,20.0,True,27.0,37.739611,-122.492203,37.737522108699324,-122.48843276630897
,24.0,dn14,pkg30,24.0,True,31.0,37.739611,-122.492203,37.75009030504686,-122.49467013180252
,25.0,dn12,pkg20,25,False,16.0,37.78929,-122.426797,37.795031516556115,-122.43492419705224
,26.0,dn15,pkg31,26,True,30.0,37.739611,-122.492203,37.72129020928736,-122.49248440888837
,29.0,dn13,pkg32,29.0,True,36.0,37.739611,-122.492203,37.72040235504483,-122.46870662680372
,30.0,dn11,pkg28,30,False,27.0,37.78929,-122.426797,37.757783396901104,-122.43599449609366
,32.0,dn7,pkg24,32,False,19.0,37.718779,-122.462401,37.75101212699365,-122.43557972145454
,32.0,dn9,pkg19,32,False,20.0,37.718779,-122.462401,37.75443903247547,-122.43480281815422
,33.0,dn14,pkg33,33,True,37.0,37.739611,-122.492203,37.715220901811584,-122.50643790532368
,34.0,dn6,pkg27,34,False,21.0,37.751751,-122.410654,37.77197623622829,-122.4314365075638
,36.0,dn4,pkg34,36,True,43.0,37.751751,-122.410654,37.727410248604905,-122.43204152740405
,36.0,dn3,pkg35,36,True,38.0,37.774524,-122.473656,37.73072414317523,-122.46766924958482
,37.0,dn2,pkg11,37,False,17.0,37.774524,-122.473656,37.79038847990676,-122.45984170316686
,38.0,dn1,pkg36,38.0,True,43.0,37.774524,-122.473656,37.73361324381739,-122.47355100061307
,46.0,dn5,pkg37,46,False,45.0,37.751751,-122.410654,37.779500454833496,-122.42102491006062
,49.0,dn8,pkg38,49.0,True,58.0,37.718779,-122.462401,37.750872455697014,-122.48473352389246
,53.0,dn3,pkg42,53.0,True,58.0,37.774524,-122.473656,37.75280938825413,-122.50013755198327
,54.0,dn1,pkg41,54,True,62.0,37.774524,-122.473656,37.757253140307334,-122.44383292634298
,54.0,dn13,pkg43,54.0,True,63.0,37.739611,-122.492203,37.748700357763916,-122.4971367970398
,59.0,dn7,pkg44,59,True,65.0,37.718779,-122.462401,37.75969158877343,-122.44078393280272
,61.0,dn4,pkg39,61,True,61.0,37.751751,-122.410654,37.73958510658772,-122.40912353259304
,64.0,dn8,pkg47,64.0,True,72.0,37.718779,-122.462401,37.73321832812335,-122.46700095434164
,67.0,dn6,pkg40,67,False,59.0,37.751751,-122.410654,37.71308718720979,-122.41867976256836
,68.0,dn9,pkg50,68.0,True,73.0,37.718779,-122.462401,37.71239422592803,-122.49161081379854
,69.0,dn10,pkg49,69,True,76.0,37.78929,-122.426797,37.79246383978356,-122.39975013952635
,72.0,dn13,pkg51,72.0,True,80.0,37.739611,-122.492203,37.7188480445177,-122.45313738041499
,72.0,dn1,pkg52,72,True,77.0,37.774524,-122.473656,37.74192943475264,-122.46528793170428
,76.0,dn2,pkg53,76.0,True,82.0,37.774524,-122.473656,37.738097621542686,-122.46104670969731
,79.0,dn3,pkg48,79,False,69.0,37.774524,-122.473656,37.78200745832371,-122.42391540100903
,81.0,dn5,pkg45,81,False,68.0,37.751751,-122.410654,37.751324597556824,-122.39518686090949
,81.0,dn14,pkg54,81.0,True,90.0,37.739611,-122.492203,37.7623284694148,-122.50413946083178
,86.0,dn11,pkg55,86,True,87.0,37.78929,-122.426797,37.76026686366611,-122.40261295252506
,94.0,dn7,pkg59,94.0,True,102.0,37.718779,-122.462401,37.719201173200716,-122.47710850608694
,95.0,dn1,pkg60,95,True,98.0,37.774524,-122.473656,37.780082919338454,-122.42136238919029
,98.0,dn2,pkg61,98,True,107.0,37.774524,-122.473656,37.76366137009299,-122.47530431011607
,99.0,dn12,pkg56,99,False,89.0,37.78929,-122.426797,37.77992891933494,-122.4300900549523
,99.0,dn13,pkg62,99,True,104.0,37.739611,-122.492203,37.77203999367249,-122.48842056662777
,100.0,dn4,pkg57,100,False,89.0,37.751751,-122.410654,37.786523149852144,-122.41304856143324
,5.0,dn8,pkg10,5.0,True,14.0,37.718779,-122.462401,37.732106518403064,-122.4948799380998
,6.0,dn1,pkg9,6.0,True,12.0,37.774524,-122.473656,37.76256913309617,-122.48857193933183
,7.0,dn13,pkg16,7.0,True,17.0,37.739611,-122.492203,37.72778692437213,-122.48097825145094
,8.0,dn7,pkg17,8.0,True,18.0,37.718779,-122.462401,37.72510727681935,-122.46878316734804
,9.0,dn9,pkg12,9.0,True,14.0,37.718779,-122.462401,37.73556124692556,-122.48739332104074
,9.0,dn14,pkg20,9,True,16.0,37.739611,-122.492203,37.717218180732004,-122.5074226008058
,9.0,dn8,pkg21,9,True,18.0,37.718779,-122.462401,37.720541249980016,-122.4768668523377
,10.0,dn15,pkg11,10,True,18.0,37.739611,-122.492203,37.751877798419216,-122.46829916893844
,11.0,dn5,pkg2,11,True,16.0,37.751751,-122.410654,37.75400991669566,-122.41586356772798
,13.0,dn3,pkg6,13,True,15.0,37.774524,-122.473656,37.788994294947045,-122.47382998925669
,13.0,dn12,pkg8,13,True,16.0,37.78929,-122.426797,37.77727082909088,-122.45259783288338
,14.0,dn10,pkg22,14,True,15.0,37.78929,-122.426797,37.78551255917707,-122.42807799353382
,15.0,dn2,pkg19,15,True,15.0,37.774524,-122.473656,37.77527496994623,-122.48228089922948
,15.0,dn13,pkg28,15,True,21.0,37.739611,-122.492203,37.73263950781918,-122.48322249439929
,16.0,dn4,pkg15,16,False,11.0,37.751751,-122.410654,37.7598439628155,-122.42154405791607
,16.0,dn1,pkg13,16,False,15.0,37.774524,-122.473656,37.768423594396594,-122.45842296211563
,18.0,dn11,pkg14,18,False,16.0,37.78929,-122.426797,37.795009533171225,-122.43988266174296
,20.0,dn7,pkg27,20,True,24.0,37.718779,-122.462401,37.710898846738246,-122.46345428335505
,22.0,dn8,pkg1,22,False,14.0,37.718779,-122.462401,37.72593423945194,-122.42034714172966
,23.0,dn14,pkg24,23,False,22.0,37.739611,-122.492203,37.7285289476716,-122.50003489474163
,24.0,dn13,pkg31,24,True,29.0,37.739611,-122.492203,37.74018163251458,-122.45296185727125
,26.0,dn15,pkg32,26,True,36.0,37.739611,-122.492203,37.77383616546334,-122.456809800291
,27.0,dn6,pkg4,27,False,15.0,37.751751,-122.410654,37.766955909170186,-122.394654959012
,27.0,dn9,pkg7,27,False,17.0,37.718779,-122.462401,37.72222179270766,-122.43173441505644
,28.0,dn5,pkg29,28,False,23.0,37.751751,-122.410654,37.756582023432095,-122.40607693257047
,32.0,dn7,pkg33,32,True,36.0,37.718779,-122.462401,37.70743228427093,-122.4836797031444
,35.0,dn3,pkg35,35.0,True,40.0,37.774524,-122.473656,37.767839813489225,-122.50509955254333
,38.0,dn12,pkg34,38,True,46.0,37.78929,-122.426797,37.74563183303415,-122.41832935446837
,39.0,dn1,pkg30,39,False,31.0,37.774524,-122.473656,37.7890757300437,-122.4754348342723
,44.0,dn10,pkg36,44,False,43.0,37.78929,-122.426797,37.77983316523259,-122.43598266811114
,46.0,dn4,pkg37,46,True,48.0,37.751751,-122.410654,37.74396067534401,-122.42127054523874
,46.0,dn8,pkg39,46,True,54.0,37.718779,-122.462401,37.713517325762375,-122.47296221939375
,52.0,dn7,pkg41,52,True,55.0,37.718779,-122.462401,37.71309339514547,-122.45698161268149
,53.0,dn9,pkg42,53.0,True,61.0,37.718779,-122.462401,37.72287032546761,-122.46623935722809
,53.0,dn5,pkg43,53,True,56.0,37.751751,-122.410654,37.73055990582405,-122.4134293910464
,54.0,dn3,pkg40,54,True,58.0,37.774524,-122.473656,37.78662922073817,-122.50660700573422
,56.0,dn2,pkg38,56,False,48.0,37.774524,-122.473656,37.78997986264729,-122.43869261660839
,56.0,dn11,pkg44,56.0,True,63.0,37.78929,-122.426797,37.74616313658913,-122.43484539111259
,61.0,dn13,pkg49,61.0,True,66.0,37.739611,-122.492203,37.771848107921386,-122.48354096103263
,64.0,dn12,pkg45,64,False,63.0,37.78929,-122.426797,37.77541155781388,-122.41058298951505
,64.0,dn6,pkg46,64,False,63.0,37.751751,-122.410654,37.76744190896466,-122.44378816979827
,65.0,dn1,pkg51,65,True,75.0,37.774524,-122.473656,37.750776639509844,-122.45773908955658
,69.0,dn5,pkg52,69,True,75.0,37.751751,-122.410654,37.744515744086726,-122.41167472032676
,75.0,dn7,pkg53,75,True,75.0,37.718779,-122.462401,37.73947956113404,-122.42925317963775
,78.0,dn11,pkg54,78,False,77.0,37.78929,-122.426797,37.772368089402484,-122.45147600795238
,79.0,dn13,pkg55,79,True,83.0,37.739611,-122.492203,37.776673792121045,-122.5023840378519
,82.0,dn10,pkg48,82,False,68.0,37.78929,-122.426797,37.78585029460492,-122.40975290444976
,82.0,dn14,pkg57,82,True,84.0,37.739611,-122.492203,37.777269933645066,-122.47165636085518
,84.0,dn3,pkg56,84,True,87.0,37.774524,-122.473656,37.76742056077266,-122.42463975837643
,86.0,dn6,pkg50,86,False,75.0,37.751751,-122.410654,37.74273829182684,-122.39779353287052
,87.0,dn1,pkg59,87,True,91.0,37.774524,-122.473656,37.74950410201681,-122.43525496301162
,91.0,dn4,pkg47,91,False,64.0,37.751751,-122.410654,37.78741833371403,-122.410263549071
,93.0,dn2,pkg60,93,True,97.0,37.774524,-122.473656,37.78588711661479,-122.46199728880681
,93.0,dn9,pkg63,93,True,98.0,37.718779,-122.462401,37.72822673391166,-122.44525967183512
,94.0,dn8,pkg58,94,False,89.0,37.718779,-122.462401,37.738115431316984,-122.42039231607141
,95.0,dn7,pkg64,95,True,103.0,37.718779,-122.462401,37.72398259270428,-122.4115737345807
,96.0,dn5,pkg61,96,True,98.0,37.751751,-122.410654,37.74879105036388,-122.40829357048777
,98.0,dn15,pkg66,98,True,107.0,37.739611,-122.492203,37.74610490830493,-122.46206158126905
,100.0,dn13,pkg67,100.0,True,106.0,37.739611,-122.492203,37.72953456620191,-122.49649641406484
,6.0,dn4,pkg5,6,True,12.0,37.751751,-122.410654,37.723707317104044,-122.43511129890095
,6.0,dn7,pkg3,6,True,15.0,37.718779,-122.462401,37.70825438523349,-122.47326811155452
,7.0,dn3,pkg11,7,True,12.0,37.774524,-122.473656,37.752678668453505,-122.46931304983733
,8.0,dn13,pkg8,8.0,True,14.0,37.739611,-122.492203,37.7476080060062,-122.49238650486014
,8.0,dn14,pkg20,8,True,13.0,37.739611,-122.492203,37.75953525619539,-122.4842074418712
,9.0,dn9,pkg9,9.0,True,16.0,37.718779,-122.462401,37.71553344838055,-122.48653887033889
,9.0,dn15,pkg2,9.0,True,16.0,37.739611,-122.492203,37.7482389926919,-122.50180506846124
,11.0,dn1,pkg14,11,True,12.0,37.774524,-122.473656,37.793132723199086,-122.46912506420111
,13.0,dn13,pkg6,13,True,20.0,37.739611,-122.492203,37.752495005464326,-122.48227863992764
,15.0,dn2,pkg22,15,True,15.0,37.774524,-122.473656,37.77046083270862,-122.46985372718433
,15.0,dn8,pkg17,15,True,16.0,37.718779,-122.462401,37.725127252343604,-122.44713790881468
,15.0,dn12,pkg10,15,True,17.0,37.78929,-122.426797,37.78869052857947,-122.40413836941599
,17.0,dn11,pkg16,17,False,15.0,37.78929,-122.426797,37.78896264559159,-122.43575149302622
,17.0,dn15,pkg4,17,False,15.0,37.739611,-122.492203,37.777913210021225,-122.49331836179279
,18.0,dn5,pkg18,18,True,19.0,37.751751,-122.410654,37.75130956032539,-122.40039141585225
,19.0,dn10,pkg15,19,False,14.0,37.78929,-122.426797,37.78595343536729,-122.4249393574809
,20.0,dn6,pkg21,20,False,17.0,37.751751,-122.410654,37.76552293097488,-122.41534652076318
,20.0,dn7,pkg24,20,False,18.0,37.718779,-122.462401,37.718119257864174,-122.4687969979988
,20.0,dn14,pkg28,20,True,22.0,37.739611,-122.492203,37.72295342501163,-122.49072574134577
,22.0,dn13,pkg32,22,True,28.0,37.739611,-122.492203,37.73896181945099,-122.48033764266624
,23.0,dn3,pkg23,23,False,16.0,37.774524,-122.473656,37.77400290057262,-122.47546603439297
,28.0,dn9,pkg12,28,False,19.0,37.718779,-122.462401,37.70710676947076,-122.48434881231951
,29.0,dn14,pkg31,29,True,29.0,37.739611,-122.492203,37.70884419549356,-122.50275030319106
,30.0,dn15,pkg33,30,True,33.0,37.739611,-122.492203,37.77898273017471,-122.47300350093803
,34.0,dn4,pkg25,34,False,16.0,37.751751,-122.410654,37.75599777349542,-122.41314657204988
,35.0,dn7,pkg35,35,True,40.0,37.718779,-122.462401,37.739116834937384,-122.45359472105474
,38.0,dn1,pkg30,38,False,24.0,37.774524,-122.473656,37.78809979193873,-122.4417961301113
,39.0,dn14,pkg40,39,True,47.0,37.739611,-122.492203,37.764942501357616,-122.4508492963715
,40.0,dn3,pkg38,40.0,True,48.0,37.774524,-122.473656,37.765462081709096,-122.48961009250759
,41.0,dn13,pkg36,41,False,36.0,37.739611,-122.492203,37.78077593916289,-122.48809733281931
,41.0,dn12,pkg37,41,True,44.0,37.78929,-122.426797,37.775611661729826,-122.42381945585386
,45.0,dn11,pkg39,45,True,49.0,37.78929,-122.426797,37.79111527623201,-122.40487787310016
,47.0,dn8,pkg42,47.0,True,54.0,37.718779,-122.462401,37.7081524427715,-122.4767207164128
,49.0,dn2,pkg34,49,False,35.0,37.774524,-122.473656,37.78445887318384,-122.42157043659554
,53.0,dn5,pkg41,53,False,49.0,37.751751,-122.410654,37.75866321491173,-122.4189733400579
,55.0,dn7,pkg44,55.0,True,64.0,37.718779,-122.462401,37.710046714533064,-122.49298764499244
,60.0,dn3,pkg46,60.0,True,66.0,37.774524,-122.473656,37.740657789282764,-122.49760902802298
,60.0,dn12,pkg47,60.0,True,66.0,37.78929,-122.426797,37.79292762356434,-122.47955700882083
,61.0,dn9,pkg49,61.0,True,69.0,37.718779,-122.462401,37.74428505240604,-122.47623217404907
,63.0,dn10,pkg43,63,False,62.0,37.78929,-122.426797,37.79452651913575,-122.4543081493722
,65.0,dn6,pkg45,65,False,63.0,37.751751,-122.410654,37.78489408837597,-122.40011318838218
,65.0,dn1,pkg50,65.0,True,74.0,37.774524,-122.473656,37.79210947232298,-122.45815467021306
,66.0,dn14,pkg48,66,True,69.0,37.739611,-122.492203,37.776016479681594,-122.45925116070023
,67.0,dn13,pkg51,67,True,77.0,37.739611,-122.492203,37.77447801370383,-122.48745973649274
,68.0,dn7,pkg53,68.0,True,77.0,37.718779,-122.462401,37.744245448665666,-122.46670973661966
,70.0,dn3,pkg54,70.0,True,76.0,37.774524,-122.473656,37.732084078344535,-122.4884492506432
,72.0,dn15,pkg55,72.0,True,81.0,37.739611,-122.492203,37.7677297446215,-122.48326284558297
,73.0,dn8,pkg56,73,True,82.0,37.718779,-122.462401,37.73084196410552,-122.46712929553159
,75.0,dn4,pkg52,75,False,74.0,37.751751,-122.410654,37.76725742143862,-122.45142597358686
,75.0,dn9,pkg58,75,True,81.0,37.718779,-122.462401,37.71571841466636,-122.50299527320485
,83.0,dn1,pkg60,83,True,86.0,37.774524,-122.473656,37.75297915451557,-122.4474762676635
,85.0,dn2,pkg62,85,True,92.0,37.774524,-122.473656,37.76189834662286,-122.46672900374402
,86.0,dn5,pkg59,86,True,86.0,37.751751,-122.410654,37.72216906265089,-122.41098775336991
,92.0,dn11,pkg57,92,False,81.0,37.78929,-122.426797,37.76461075545751,-122.41182869649695
,94.0,dn8,pkg68,94.0,True,99.0,37.718779,-122.462401,37.71828564905649,-122.46992807822745
,96.0,dn3,pkg64,96,True,98.0,37.774524,-122.473656,37.76635929210322,-122.4185459133358
,99.0,dn7,pkg65,99,False,95.0,37.718779,-122.462401,37.74867171346923,-122.4236485741991
,100.0,dn10,pkg67,100,False,95.0,37.78929,-122.426797,37.7557130602317,-122.41815101368056
,100.0,dn13,pkg71,100.0,True,108.0,37.739611,-122.492203,37.748674775179836,-122.49132253752904
,5.0,dn6,pkg17,5,True,11.0,37.751751,-122.410654,37.73967381492706,-122.45211313240455
,6.0,dn3,pkg2,6,True,13.0,37.774524,-122.473656,37.75832448342581,-122.44875054641005
,7.0,dn4,pkg4,7,True,12.0,37.751751,-122.410654,37.78089873394352,-122.41796249216601
,7.0,dn11,pkg6,7,True,13.0,37.78929,-122.426797,37.790421133241,-122.44664935167783
,9.0,dn2,pkg11,9.0,True,14.0,37.774524,-122.473656,37.772089402184996,-122.49437773999618
,9.0,dn9,pkg8,9.0,True,16.0,37.718779,-122.462401,37.73820099913828,-122.4909582490536
,9.0,dn14,pkg12,9,True,19.0,37.739611,-122.492203,37.74330455673246,-122.45403575167705
,10.0,dn7,pkg22,10.0,True,15.0,37.718779,-122.462401,37.7086324021903,-122.49180258637483
,10.0,dn8,pkg19,10.0,True,15.0,37.718779,-122.462401,37.75097496107108,-122.47059398935738
,10.0,dn13,pkg20,10.0,True,18.0,37.739611,-122.492203,37.74095873201956,-122.5047236467362
,13.0,dn15,pkg24,13.0,True,19.0,37.739611,-122.492203,37.75617260336849,-122.44246709140225
,14.0,dn1,pkg18,14,False,11.0,37.774524,-122.473656,37.77487294034,-122.46878988593986
,17.0,dn5,pkg16,17,False,12.0,37.751751,-122.410654,37.78268218984572,-122.41460693250238
,18.0,dn3,pkg5,18,False,16.0,37.774524,-122.473656,37.780323215263095,-122.45478225505585
,19.0,dn10,pkg7,19,False,14.0,37.78929,-122.426797,37.78871689029467,-122.43624545383673
,22.0,dn13,pkg28,22,True,27.0,37.739611,-122.492203,37.76120441371982,-122.50159501334362
,23.0,dn14,pkg29,23,True,28.0,37.739611,-122.492203,37.75403378621219,-122.5039401542158
,24.0,dn11,pkg23,24,False,16.0,37.78929,-122.426797,37.79191745790062,-122.44063213272605
,25.0,dn6,pkg9,25,False,15.0,37.751751,-122.410654,37.76717245593232,-122.42998492670787
,26.0,dn4,pkg13,26,False,18.0,37.751751,-122.410654,37.74236787964958,-122.43171770216658
,27.0,dn7,pkg25,27,False,20.0,37.718779,-122.462401,37.70750904927114,-122.46308395633403
,27.0,dn15,pkg31,27,True,29.0,37.739611,-122.492203,37.758747973312246,-122.48738366040298
,29.0,dn2,pkg14,29,False,16.0,37.774524,-122.473656,37.790005460686416,-122.45626297330635
,30.0,dn12,pkg10,30,False,15.0,37.78929,-122.426797,37.794121172492645,-122.40129597121506
,34.0,dn13,pkg37,34,True,42.0,37.739611,-122.492203,37.7309518678854,-122.50091293772289
,35.0,dn14,pkg35,35,False,34.0,37.739611,-122.492203,37.709576436426325,-122.4933889126875
,36.0,dn3,pkg34,36,False,33.0,37.774524,-122.473656,37.783250097745885,-122.4674856399615
,41.0,dn8,pkg26,41,False,19.0,37.718779,-122.462401,37.736336375763514,-122.41911220864995
,41.0,dn1,pkg33,41,False,32.0,37.774524,-122.473656,37.74342891241949,-122.4404188240366
,41.0,dn15,pkg39,41,True,44.0,37.739611,-122.492203,37.7092281509165,-122.48404426679227
,44.0,dn4,pkg42,44.0,True,51.0,37.751751,-122.410654,37.73305457673561,-122.436178765575
,44.0,dn7,pkg43,44,True,51.0,37.718779,-122.462401,37.757894859045585,-122.47725113754701
,45.0,dn13,pkg41,45,True,46.0,37.739611,-122.492203,37.77331532165647,-122.49764631808122
,48.0,dn5,pkg36,48,False,35.0,37.751751,-122.410654,37.7453115670726,-122.42986965688935
,50.0,dn11,pkg40,50,False,46.0,37.78929,-122.426797,37.7849569690148,-122.42971582116506
,51.0,dn6,pkg45,51,True,60.0,37.751751,-122.410654,37.7181198009893,-122.44838443324855
,53.0,dn10,pkg38,53,False,44.0,37.78929,-122.426797,37.79402330194695,-122.44839714370455
,57.0,dn7,pkg46,57.0,True,62.0,37.718779,-122.462401,37.7316805448623,-122.50724106313804
,60.0,dn1,pkg47,60.0,True,68.0,37.774524,-122.473656,37.73641767678152,-122.50364936725842
,68.0,dn2,pkg44,68,False,56.0,37.774524,-122.473656,37.795768198439156,-122.4406061321991
,81.0,dn6,pkg53,81,True,88.0,37.751751,-122.410654,37.76012910907347,-122.44375655546038
,82.0,dn5,pkg52,82,True,82.0,37.751751,-122.410654,37.76263089469641,-122.42287995085799
,83.0,dn3,pkg49,83,False,72.0,37.774524,-122.473656,37.78806765301541,-122.44484726700972
,85.0,dn4,pkg48,85,False,73.0,37.751751,-122.410654,37.73509053880316,-122.39462257935729
,86.0,dn1,pkg50,86,False,82.0,37.774524,-122.473656,37.79428467391864,-122.50425183513251
,86.0,dn7,pkg56,86.0,True,95.0,37.718779,-122.462401,37.737954443346446,-122.4765786159566
,87.0,dn11,pkg51,87,False,79.0,37.78929,-122.426797,37.78568610643913,-122.48149448280198
,91.0,dn13,pkg57,91,True,95.0,37.739611,-122.492203,37.76251049239272,-122.49608117748346
,98.0,dn8,pkg59,98,True,105.0,37.718779,-122.462401,37.70946485309715,-122.4176197876939
,99.0,dn10,pkg54,99,False,87.0,37.78929,-122.426797,37.75266316576774,-122.40917343987167
,99.0,dn12,pkg55,99,False,89.0,37.78929,-122.426797,37.75636524006805,-122.4105172803319
,5.0,dn1,pkg1,5,True,13.0,37.774524,-122.473656,37.775786181398736,-122.47630733979197
,5.0,dn3,pkg7,5.0,True,13.0,37.774524,-122.473656,37.76011116933448,-122.48643665658827
,6.0,dn9,pkg13,6.0,True,12.0,37.718779,-122.462401,37.74312570728457,-122.48543567949068
,7.0,dn13,pkg16,7.0,True,15.0,37.739611,-122.492203,37.73830508419276,-122.50062680755718
,7.0,dn15,pkg21,7.0,True,17.0,37.739611,-122.492203,37.75487936185694,-122.48685608878799
,8.0,dn5,pkg8,8.0,True,14.0,37.751751,-122.410654,37.769327567530645,-122.42900601524468
,8.0,dn7,pkg11,8,True,11.0,37.718779,-122.462401,37.71504404773347,-122.4730990904854
,8.0,dn14,pkg6,8.0,True,18.0,37.739611,-122.492203,37.738885114281324,-122.49099869504778
,10.0,dn6,pkg2,10.0,True,17.0,37.751751,-122.410654,37.7354252138049,-122.43100908451203
,12.0,dn10,pkg19,12,True,16.0,37.78929,-122.426797,37.771187737985784,-122.46332619498354
,12.0,dn3,pkg14,12,True,18.0,37.774524,-122.473656,37.77691616329034,-122.49432616789427
,12.0,dn13,pkg15,12,True,18.0,37.739611,-122.492203,37.72658811250546,-122.48270545003236
,13.0,dn4,pkg9,13,False,12.0,37.751751,-122.410654,37.73214874618395,-122.4049012943671
,13.0,dn11,pkg10,13,True,18.0,37.78929,-122.426797,37.76251901506649,-122.46470795415598
,13.0,dn14,pkg20,13,True,16.0,37.739611,-122.492203,37.71909733803196,-122.50413557704957
,14.0,dn8,pkg22,14,True,15.0,37.718779,-122.462401,37.70920336941011,-122.44996996750878
,14.0,dn12,pkg24,14,True,15.0,37.78929,-122.426797,37.750134413118275,-122.45565861644144
,17.0,dn2,pkg12,17,False,11.0,37.774524,-122.473656,37.77993926927877,-122.4636531734804
,18.0,dn1,pkg18,18,True,19.0,37.774524,-122.473656,37.7653831144861,-122.48880216650844
,19.0,dn9,pkg17,19,False,16.0,37.718779,-122.462401,37.714264390551165,-122.47934559577419
,19.0,dn15,pkg4,19,False,18.0,37.739611,-122.492203,37.716256563970326,-122.48604349211588
,20.0,dn3,pkg27,20,True,24.0,37.774524,-122.473656,37.75439925547244,-122.44726394980474
,21.0,dn13,pkg23,21,False,20.0,37.739611,-122.492203,37.75243808748398,-122.50659520911124
,27.0,dn5,pkg5,27,False,17.0,37.751751,-122.410654,37.71425018027618,-122.40314497941652
,28.0,dn7,pkg3,28,False,20.0,37.718779,-122.462401,37.725908901340254,-122.4260860907492
,30.0,dn14,pkg33,30.0,True,36.0,37.739611,-122.492203,37.729298308884175,-122.49093395190593
,35.0,dn13,pkg34,35.0,True,44.0,37.739611,-122.492203,37.718812813398245,-122.45277294652983
,38.0,dn6,pkg28,38,False,24.0,37.751751,-122.410654,37.76670404007668,-122.42796728102599
,38.0,dn4,pkg35,38,True,38.0,37.751751,-122.410654,37.7197169618969,-122.44693940502236
,38.0,dn1,pkg37,38.0,True,46.0,37.774524,-122.473656,37.75140173238154,-122.48633222156114
,39.0,dn3,pkg31,39,False,34.0,37.774524,-122.473656,37.78550333288853,-122.43628132494466
,43.0,dn10,pkg32,43,False,39.0,37.78929,-122.426797,37.76352118294888,-122.42388828362715
,45.0,dn12,pkg30,45,False,31.0,37.78929,-122.426797,37.76856345598313,-122.40229909150872
,51.0,dn1,pkg43,51.0,True,59.0,37.774524,-122.473656,37.75163255690915,-122.48164233706562
,53.0,dn8,pkg41,53,False,51.0,37.718779,-122.462401,37.72121135592139,-122.44994671311106
,54.0,dn9,pkg44,54.0,True,64.0,37.718779,-122.462401,37.75704741374478,-122.48840304187729
,54.0,dn14,pkg46,54,True,64.0,37.739611,-122.492203,37.71260379029086,-122.48022209888099
,55.0,dn2,pkg39,55,True,55.0,37.774524,-122.473656,37.796535822326426,-122.4712634066343
,56.0,dn11,pkg36,56,False,45.0,37.78929,-122.426797,37.75816879719672,-122.39445564959404
,58.0,dn5,pkg38,58,False,45.0,37.751751,-122.410654,37.74522490444678,-122.40961078689575
,58.0,dn13,pkg45,58,True,64.0,37.739611,-122.492203,37.726536016643124,-122.44343406188393
,63.0,dn7,pkg42,63,False,53.0,37.718779,-122.462401,37.71953790582464,-122.40822414275239
,64.0,dn15,pkg52,64.0,True,73.0,37.739611,-122.492203,37.75226700056989,-122.46090206263287
,66.0,dn4,pkg40,66,False,52.0,37.751751,-122.410654,37.78844752657671,-122.41580827216387
,69.0,dn1,pkg47,69,False,62.0,37.774524,-122.473656,37.79147408309617,-122.46426529808647
,72.0,dn14,pkg54,72,True,77.0,37.739611,-122.492203,37.76120991458028,-122.45995810513477
,73.0,dn8,pkg56,73.0,True,78.0,37.718779,-122.462401,37.712500759832125,-122.48003736455213
,75.0,dn3,pkg51,75,False,65.0,37.774524,-122.473656,37.792018429976096,-122.45599094058906
,76.0,dn9,pkg49,76,False,68.0,37.718779,-122.462401,37.72338067234415,-122.42103891254884
,81.0,dn6,pkg50,81,False,67.0,37.751751,-122.410654,37.757405953562646,-122.43060072662232
,84.0,dn10,pkg48,84,False,69.0,37.78929,-122.426797,37.773743310593964,-122.42656360789418
,84.0,dn12,pkg57,84,True,84.0,37.78929,-122.426797,37.7955762719966,-122.47800864571202
,86.0,dn8,pkg60,86,True,87.0,37.718779,-122.462401,37.71741790965148,-122.43581844002948
,87.0,dn2,pkg58,87,False,86.0,37.774524,-122.473656,37.77362028142033,-122.45176204596733
,87.0,dn13,pkg61,87.0,True,93.0,37.739611,-122.492203,37.73330227857848,-122.49554837728893
,88.0,dn5,pkg55,88,False,78.0,37.751751,-122.410654,37.72443352065325,-122.4137332041256
,91.0,dn11,pkg59,91,False,90.0,37.78929,-122.426797,37.78130218135173,-122.45900143094357
,92.0,dn15,pkg63,92.0,True,101.0,37.739611,-122.492203,37.75895976709021,-122.50557869851093
,97.0,dn14,pkg68,97.0,True,102.0,37.739611,-122.492203,37.755864227173596,-122.48136138685771
,98.0,dn13,pkg66,98.0,True,108.0,37.739611,-122.492203,37.747963308412615,-122.48886795444956
,99.0,dn4,pkg64,99,True,102.0,37.751751,-122.410654,37.72786867318584,-122.41905451889933
,100.0,dn7,pkg65,100,True,104.0,37.718779,-122.462401,37.735510808450364,-122.43107951587498
,5.0,dn8,pkg20,5.0,True,14.0,37.718779,-122.462401,37.709913697981726,-122.47572645961361
,7.0,dn9,pkg1,7,True,16.0,37.718779,-122.462401,37.728154986406366,-122.45456274697975
,7.0,dn13,pkg22,7.0,True,12.0,37.739611,-122.492203,37.73148002102615,-122.4955678785878
,9.0,dn14,pkg5,9.0,True,15.0,37.739611,-122.492203,37.718265538482164,-122.49026278639765
,9.0,dn15,pkg15,9.0,True,16.0,37.739611,-122.492203,37.71130752596197,-122.4967307665768
,10.0,dn3,pkg6,10,True,16.0,37.774524,-122.473656,37.769676593802856,-122.45644948780512
,12.0,dn1,pkg3,12,True,15.0,37.774524,-122.473656,37.76873591534606,-122.45808799304007
,12.0,dn2,pkg13,12,True,17.0,37.774524,-122.473656,37.77978846731999,-122.46600161857643
,12.0,dn6,pkg17,12,True,12.0,37.751751,-122.410654,37.746614823073536,-122.43175222411875
,12.0,dn11,pkg19,12,True,17.0,37.78929,-122.426797,37.782045530366716,-122.4229363352157
,15.0,dn4,pkg8,15,False,14.0,37.751751,-122.410654,37.75863982289493,-122.41058816767546
,15.0,dn7,pkg4,15,False,13.0,37.718779,-122.462401,37.71394274255863,-122.4441870749848
,15.0,dn15,pkg26,15,True,21.0,37.739611,-122.492203,37.71800379634977,-122.48008171210145
,17.0,dn10,pkg7,17,False,13.0,37.78929,-122.426797,37.788822521246225,-122.40089522392671
,17.0,dn13,pkg9,17,True,19.0,37.739611,-122.492203,37.75813807208821,-122.50271851125181
,18.0,dn8,pkg16,18,False,15.0,37.718779,-122.462401,37.72339051918291,-122.4370514281977
,21.0,dn12,pkg14,21,False,15.0,37.78929,-122.426797,37.77226151921279,-122.42991473581428
,22.0,dn14,pkg24,22,False,18.0,37.739611,-122.492203,37.77037530857563,-122.4622592051663
,24.0,dn5,pkg12,24,False,11.0,37.751751,-122.410654,37.77020196426094,-122.4040158392088
,26.0,dn9,pkg18,26,False,16.0,37.718779,-122.462401,37.70712459196755,-122.43765223055158
,27.0,dn13,pkg28,27,True,29.0,37.739611,-122.492203,37.723508706633616,-122.47041757545018
,28.0,dn2,pkg31,28,True,31.0,37.774524,-122.473656,37.768732546036205,-122.46095470352255
,29.0,dn1,pkg32,29,False,28.0,37.774524,-122.473656,37.76529096308975,-122.4939416672705
,31.0,dn15,pkg27,31,False,21.0,37.739611,-122.492203,37.72575089517272,-122.43893352223468
,32.0,dn8,pkg34,32,True,32.0,37.718779,-122.462401,37.75238558677553,-122.46316075712153
,33.0,dn11,pkg33,33,True,34.0,37.78929,-122.426797,37.7817946804906,-122.47878562896011
,34.0,dn3,pkg30,34,False,26.0,37.774524,-122.473656,37.786313135579405,-122.50163545729441
,34.0,dn13,pkg35,34,True,39.0,37.739611,-122.492203,37.74266320949556,-122.47256420926264
,35.0,dn14,pkg38,35,True,40.0,37.739611,-122.492203,37.75745184080335,-122.50442689278466
,36.0,dn7,pkg37,36,True,40.0,37.718779,-122.462401,37.73175586406549,-122.46788268348034
,39.0,dn2,pkg41,39,True,42.0,37.774524,-122.473656,37.77308802881375,-122.49354051069523
,42.0,dn8,pkg45,42,True,49.0,37.718779,-122.462401,37.71333146885843,-122.4578366774148
,43.0,dn9,pkg44,43,True,48.0,37.718779,-122.462401,37.73174665525152,-122.47568792649449
,44.0,dn13,pkg47,44.0,True,52.0,37.739611,-122.492203,37.72517103697749,-122.48115103241064
,45.0,dn6,pkg29,45,False,28.0,37.751751,-122.410654,37.78748657277423,-122.4087699240901
,45.0,dn1,pkg39,45,False,41.0,37.774524,-122.473656,37.77290234452954,-122.5043256826986
,46.0,dn14,pkg46,46,True,50.0,37.739611,-122.492203,37.77098972210055,-122.50748347666499
,51.0,dn11,pkg42,51,False,43.0,37.78929,-122.426797,37.793294620074775,-122.45612129797739
,52.0,dn10,pkg40,52,False,39.0,37.78929,-122.426797,37.77688195239008,-122.40275756520721
,53.0,dn4,pkg36,53,False,38.0,37.751751,-122.410654,37.75648501988352,-122.41990764580872
,56.0,dn7,pkg43,56,False,49.0,37.718779,-122.462401,37.74695752815032,-122.43862420901182
,56.0,dn8,pkg49,56,True,61.0,37.718779,-122.462401,37.73971221606635,-122.41941895417472
,61.0,dn2,pkg51,61.0,True,67.0,37.774524,-122.473656,37.763076729598055,-122.4857139069285
,62.0,dn9,pkg53,62,True,69.0,37.718779,-122.462401,37.72289605488579,-122.43608840853429
,63.0,dn5,pkg50,63,True,66.0,37.751751,-122.410654,37.71481331263338,-122.39569342803357
,64.0,dn13,pkg54,64.0,True,72.0,37.739611,-122.492203,37.734239734842156,-122.43885365706038
,68.0,dn12,pkg48,68,False,56.0,37.78929,-122.426797,37.78737289237631,-122.44187929135127
,69.0,dn14,pkg55,69,True,75.0,37.739611,-122.492203,37.714014862157356,-122.46641416838176
,73.0,dn6,pkg57,73.0,True,81.0,37.751751,-122.410654,37.71612741498026,-122.40153998699547
,74.0,dn1,pkg56,74,True,80.0,37.774524,-122.473656,37.7382095234312,-122.4537893451572
,75.0,dn3,pkg58,75.0,True,84.0,37.774524,-122.473656,37.75940095965409,-122.42446641425751
,80.0,dn2,pkg60,80.0,True,85.0,37.774524,-122.473656,37.75357547467132,-122.44220220140349
,86.0,dn13,pkg62,86,True,95.0,37.739611,-122.492203,37.76317704418116,-122.49202150267685
,88.0,dn11,pkg52,88,False,71.0,37.78929,-122.426797,37.750166295594504,-122.40429414707506
,88.0,dn8,pkg59,88,False,84.0,37.718779,-122.462401,37.720011656117094,-122.41567145302658
,90.0,dn4,pkg63,90,True,95.0,37.751751,-122.410654,37.73653463549621,-122.45679027029682
,92.0,dn3,pkg64,92.0,True,99.0,37.774524,-122.473656,37.74635883704447,-122.49482432279713
,94.0,dn5,pkg61,94,False,91.0,37.751751,-122.410654,37.73734109976525,-122.40210147553462
,99.0,dn1,pkg68,99,True,103.0,37.774524,-122.473656,37.76411962743106,-122.44643897533646
,5.0,dn7,pkg21,5.0,True,12.0,37.718779,-122.462401,37.72341896006246,-122.45787928882093
,5.0,dn8,pkg19,5.0,True,11.0,37.718779,-122.462401,37.734032626621634,-122.47565194925969
,6.0,dn1,pkg6,6.0,True,12.0,37.774524,-122.473656,37.74492756197941,-122.4668617608516
,8.0,dn13,pkg16,8.0,True,13.0,37.739611,-122.492203,37.74616911093418,-122.4958440321498
,8.0,dn14,pkg15,8.0,True,14.0,37.739611,-122.492203,37.72596031180334,-122.49315585713266
,9.0,dn3,pkg10,9.0,True,19.0,37.774524,-122.473656,37.77784402861095,-122.46911663576984
,9.0,dn9,pkg11,9.0,True,14.0,37.718779,-122.462401,37.722270233433925,-122.47372246433366
,10.0,dn15,pkg20,10.0,True,16.0,37.739611,-122.492203,37.75613215866146,-122.47152390485127
,11.0,dn2,pkg5,11,True,15.0,37.774524,-122.473656,37.7928853690416,-122.45954420108967
,12.0,dn4,pkg7,12,True,15.0,37.751751,-122.410654,37.736003295827814,-122.39714590619916
,13.0,dn5,pkg17,13,False,10.0,37.751751,-122.410654,37.72047622853029,-122.44356168482095
,15.0,dn6,pkg13,15,True,15.0,37.751751,-122.410654,37.76848136981681,-122.44014737266971
,15.0,dn12,pkg3,15,True,17.0,37.78929,-122.426797,37.77123966319494,-122.42341878143044
,15.0,dn8,pkg1,15,True,18.0,37.718779,-122.462401,37.73092175052026,-122.45865562859223
,15.0,dn13,pkg18,15,True,15.0,37.739611,-122.492203,37.75602516276042,-122.4510415581154
,17.0,dn10,pkg14,17,False,14.0,37.78929,-122.426797,37.792627146755606,-122.42696985697525
,17.0,dn11,pkg8,17,False,16.0,37.78929,-122.426797,37.787379759027765,-122.43858860697696
,17.0,dn1,pkg24,17,True,18.0,37.774524,-122.473656,37.76813357494597,-122.4732908901407
,19.0,dn7,pkg23,19,False,15.0,37.718779,-122.462401,37.71827058785579,-122.44102624403837
,20.0,dn14,pkg26,20,False,17.0,37.739611,-122.492203,37.70959090568418,-122.48143921389557
,23.0,dn3,pkg9,23,False,18.0,37.774524,-122.473656,37.79681655665135,-122.4727693526207
,24.0,dn15,pkg12,24,False,20.0,37.739611,-122.492203,37.76726611586819,-122.49464941009116
,28.0,dn9,pkg31,28,False,22.0,37.718779,-122.462401,37.70755946790797,-122.46760485930396
,29.0,dn13,pkg27,29,False,23.0,37.739611,-122.492203,37.771107341783136,-122.49871348733875
,31.0,dn8,pkg28,31,False,22.0,37.718779,-122.462401,37.75196557959682,-122.42622176580434
,34.0,dn2,pkg33,34,False,27.0,37.774524,-122.473656,37.794339958959945,-122.48173162166303
,35.0,dn3,pkg39,35,True,37.0,37.774524,-122.473656,37.77723835962998,-122.46525492017537
,36.0,dn7,pkg43,36,True,39.0,37.718779,-122.462401,37.709243774008506,-122.49536258259153
,38.0,dn4,pkg40,38,False,32.0,37.751751,-122.410654,37.74746301669599,-122.42917299790031
,39.0,dn1,pkg34,39,False,31.0,37.774524,-122.473656,37.77050524290563,-122.46121990124678
,39.0,dn12,pkg42,39,True,39.0,37.78929,-122.426797,37.76619226030215,-122.46620342979415
,43.0,dn6,pkg41,43,False,38.0,37.751751,-122.410654,37.777401000973974,-122.41577387574246
,44.0,dn14,pkg38,44,False,33.0,37.739611,-122.492203,37.77771917290313,-122.50386158118116
,44.0,dn10,pkg45,44,False,42.0,37.78929,-122.426797,37.79290191210003,-122.45982321364657
,44.0,dn15,pkg46,44.0,True,53.0,37.739611,-122.492203,37.76298088577441,-122.4590277500089
,44.0,dn13,pkg47,44.0,True,49.0,37.739611,-122.492203,37.75518420180899,-122.49299159564875
,48.0,dn7,pkg48,48.0,True,55.0,37.718779,-122.462401,37.71946920746061,-122.49035263935616
,51.0,dn5,pkg35,51,False,33.0,37.751751,-122.410654,37.78833892945624,-122.41791962677353
,57.0,dn3,pkg49,57,False,51.0,37.774524,-122.473656,37.77716877539591,-122.50517036614228
,58.0,dn11,pkg44,58,False,48.0,37.78929,-122.426797,37.78143038892009,-122.4000910885866
,60.0,dn12,pkg51,60,True,63.0,37.78929,-122.426797,37.79362412756873,-122.46058688659133
,60.0,dn9,pkg53,60.0,True,70.0,37.718779,-122.462401,37.726688546760165,-122.49442638695004
,64.0,dn2,pkg50,64,False,61.0,37.774524,-122.473656,37.77134039630299,-122.43443608369473
,64.0,dn7,pkg56,64.0,True,73.0,37.718779,-122.462401,37.72633901955307,-122.50268579615154
,65.0,dn13,pkg58,65.0,True,73.0,37.739611,-122.492203,37.71432339575327,-122.4971002989983
,66.0,dn1,pkg57,66.0,True,71.0,37.774524,-122.473656,37.73503115160603,-122.45791911703058
,67.0,dn14,pkg60,67.0,True,72.0,37.739611,-122.492203,37.71343404677192,-122.50746886044767
,68.0,dn8,pkg52,68,False,67.0,37.718779,-122.462401,37.75806280673901,-122.43463585305302
,69.0,dn4,pkg54,69,True,69.0,37.751751,-122.410654,37.75230876528168,-122.39710141353191
,70.0,dn10,pkg55,70,False,64.0,37.78929,-122.426797,37.77716573249961,-122.40140385957713
,72.0,dn15,pkg61,72.0,True,79.0,37.739611,-122.492203,37.74139300533881,-122.48768547346486
,75.0,dn7,pkg64,75,True,82.0,37.718779,-122.462401,37.714514980267545,-122.49198302437793
,76.0,dn14,pkg65,76.0,True,84.0,37.739611,-122.492203,37.70943130790381,-122.46419862459284
,78.0,dn6,pkg59,78,False,72.0,37.751751,-122.410654,37.75712411788522,-122.41614842521601
,80.0,dn9,pkg63,80,True,83.0,37.718779,-122.462401,37.74096826285164,-122.43975795115803
,87.0,dn3,pkg68,87.0,True,96.0,37.774524,-122.473656,37.761029436839934,-122.44118926180248
,89.0,dn12,pkg66,89,False,88.0,37.78929,-122.426797,37.78110974183324,-122.44606013005465
,90.0,dn1,pkg67,90,False,87.0,37.774524,-122.473656,37.78806893951518,-122.47457294877037
,91.0,dn2,pkg70,91,True,95.0,37.774524,-122.473656,37.77952588953553,-122.47764861109411
,94.0,dn8,pkg72,94,True,103.0,37.718779,-122.462401,37.727768791484785,-122.48570746303196
,96.0,dn7,pkg71,96,True,97.0,37.718779,-122.462401,37.716390690039276,-122.45917659180272
,6.0,dn13,pkg21,6.0,True,16.0,37.739611,-122.492203,37.73902462792355,-122.48533785399017
,9.0,dn1,pkg10,9,True,14.0,37.774524,-122.473656,37.77141218903043,-122.49293360040525
,9.0,dn3,pkg17,9,True,13.0,37.774524,-122.473656,37.75832204165463,-122.45632186758625
,9.0,dn9,pkg22,9.0,True,15.0,37.718779,-122.462401,37.7101977325403,-122.46526292594287
,9.0,dn12,pkg16,9.0,True,16.0,37.78929,-122.426797,37.79005297522942,-122.47687664256232
,9.0,dn14,pkg3,9,True,14.0,37.739611,-122.492203,37.7108245232674,-122.49232397344309
,10.0,dn7,pkg7,10,True,10.0,37.718779,-122.462401,37.71272068302325,-122.45141619736599
,10.0,dn11,pkg1,10,True,15.0,37.78929,-122.426797,37.755107902635665,-122.45726457980761
,11.0,dn2,pkg14,11,True,14.0,37.774524,-122.473656,37.79167284176039,-122.48290092657032
,11.0,dn4,pkg12,11,True,11.0,37.751751,-122.410654,37.75505749448323,-122.42488369117339
,11.0,dn8,pkg11,11,True,13.0,37.718779,-122.462401,37.714344322269326,-122.45200735927457
,13.0,dn10,pkg18,13,True,14.0,37.78929,-122.426797,37.792082178817346,-122.45913915247057
,13.0,dn15,pkg9,13,True,14.0,37.739611,-122.492203,37.749501743183764,-122.45584424284854
,14.0,dn13,pkg24,14.0,True,21.0,37.739611,-122.492203,37.72980566217479,-122.4785264236797
,19.0,dn5,pkg4,19,False,14.0,37.751751,-122.410654,37.76808985462557,-122.40282824644764
,22.0,dn9,pkg8,22,False,17.0,37.718779,-122.462401,37.711973726111246,-122.45385944571589
,23.0,dn6,pkg2,23,False,12.0,37.751751,-122.410654,37.71809250234386,-122.42754523133902
,24.0,dn3,pkg27,24,True,29.0,37.774524,-122.473656,37.771445243552876,-122.49436266013772
,26.0,dn14,pkg29,26.0,True,35.0,37.739611,-122.492203,37.747376065603675,-122.47315250876927
,29.0,dn7,pkg28,29,True,33.0,37.718779,-122.462401,37.74494368810548,-122.43499269045336
,32.0,dn1,pkg26,32,False,21.0,37.774524,-122.473656,37.75812627160683,-122.43803981414247
,32.0,dn2,pkg30,32.0,True,37.0,37.774524,-122.473656,37.748270862600684,-122.48444616274817
,34.0,dn12,pkg25,34,False,21.0,37.78929,-122.426797,37.766634200584804,-122.43058642045018
,34.0,dn10,pkg31,34.0,True,40.0,37.78929,-122.426797,37.78433153610372,-122.46241039243695
,38.0,dn3,pkg33,38.0,True,43.0,37.774524,-122.473656,37.752446893797575,-122.47199603419128
,40.0,dn2,pkg34,40,True,46.0,37.774524,-122.473656,37.76115283890565,-122.47587881638096
,45.0,dn4,pkg32,45,True,46.0,37.751751,-122.410654,37.78152163784278,-122.42203999283787
,45.0,dn11,pkg35,45,True,48.0,37.78929,-122.426797,37.76775018611175,-122.42084705271984
,52.0,dn6,pkg40,52,True,60.0,37.751751,-122.410654,37.736230312533486,-122.42221781878557
,56.0,dn3,pkg37,56,False,55.0,37.774524,-122.473656,37.782226001377715,-122.42622994797534
,56.0,dn1,pkg41,56,True,58.0,37.774524,-122.473656,37.76510583776233,-122.50201154721191
,58.0,dn7,pkg38,58,True,59.0,37.718779,-122.462401,37.71038760723512,-122.42234722211111
,59.0,dn5,pkg36,59,False,55.0,37.751751,-122.410654,37.71393917353433,-122.42007999706314
,59.0,dn12,pkg42,59,True,63.0,37.78929,-122.426797,37.75051375618134,-122.40989791532455
,63.0,dn8,pkg45,63.0,True,73.0,37.718779,-122.462401,37.76088066762948,-122.44948049371398
,63.0,dn6,pkg43,63,True,67.0,37.751751,-122.410654,37.73542156024379,-122.40802274059159
,64.0,dn10,pkg39,64,False,63.0,37.78929,-122.426797,37.79147702205067,-122.43636444722252
,67.0,dn9,pkg46,67.0,True,75.0,37.718779,-122.462401,37.7448084548121,-122.50471262162922
,71.0,dn2,pkg44,71,False,68.0,37.774524,-122.473656,37.77720282122345,-122.43657882415377
,73.0,dn4,pkg49,73,True,79.0,37.751751,-122.410654,37.77202121452909,-122.4606365294357
,74.0,dn11,pkg47,74,True,77.0,37.78929,-122.426797,37.788960379120496,-122.41776631925829
,77.0,dn3,pkg51,77.0,True,87.0,37.774524,-122.473656,37.74431028937125,-122.47230337696591
,81.0,dn12,pkg52,81.0,True,88.0,37.78929,-122.426797,37.77531131028382,-122.41874789658527
,83.0,dn1,pkg48,83,False,81.0,37.774524,-122.473656,37.771000421937885,-122.4428710688611
,87.0,dn13,pkg54,87,True,92.0,37.739611,-122.492203,37.780628287880695,-122.48769631903303
,88.0,dn3,pkg55,88,True,95.0,37.774524,-122.473656,37.74153341476264,-122.48136829037752
,89.0,dn6,pkg50,89,False,85.0,37.751751,-122.410654,37.73790929576293,-122.39818953684869
,91.0,dn4,pkg56,91.0,True,99.0,37.751751,-122.410654,37.74590320335806,-122.46589999210437
,92.0,dn5,pkg53,92,True,94.0,37.751751,-122.410654,37.73100376578326,-122.4166526040241
,97.0,dn7,pkg57,97,True,103.0,37.718779,-122.462401,37.70751286052531,-122.44306966070891
,99.0,dn2,pkg58,99,True,101.0,37.774524,-122.473656,37.763744592861755,-122.48841394571842
,6.0,dn9,pkg11,6.0,True,14.0,37.718779,-122.462401,37.72960432874598,-122.49492663087905
,7.0,dn3,pkg16,7.0,True,13.0,37.774524,-122.473656,37.749577416779296,-122.4689926329522
,8.0,dn2,pkg7,8,True,16.0,37.774524,-122.473656,37.77228656513013,-122.48312074426713
,8.0,dn5,pkg1,8,True,13.0,37.751751,-122.410654,37.73801706371281,-122.44060973135014
,8.0,dn7,pkg14,8,True,12.0,37.718779,-122.462401,37.72247347110272,-122.47114383112607
,9.0,dn13,pkg15,9.0,True,15.0,37.739611,-122.492203,37.751938299796436,-122.49513247863305
,9.0,dn14,pkg8,9.0,True,14.0,37.739611,-122.492203,37.767887685374056,-122.50221526245221
,10.0,dn8,pkg22,10,True,15.0,37.718779,-122.462401,37.718393479768196,-122.4675584547779
,10.0,dn15,pkg4,10.0,True,18.0,37.739611,-122.492203,37.74556200910078,-122.4642674966472
,17.0,dn1,pkg20,17,False,13.0,37.774524,-122.473656,37.78763640674347,-122.4616165057806
,17.0,dn6,pkg5,17,False,11.0,37.751751,-122.410654,37.71623686792825,-122.40639285701681
,17.0,dn10,pkg13,17,False,14.0,37.78929,-122.426797,37.783663427837816,-122.41352939725175
,17.0,dn11,pkg10,17,False,14.0,37.78929,-122.426797,37.775506797727985,-122.43768113206737
,18.0,dn9,pkg17,18,True,19.0,37.718779,-122.462401,37.70947630591837,-122.4666888046025
,21.0,dn12,pkg21,21,False,15.0,37.78929,-122.426797,37.78596077003868,-122.4009524544035
,21.0,dn14,pkg31,21.0,True,28.0,37.739611,-122.492203,37.74586996840817,-122.49021503361578
,22.0,dn13,pkg18,22,False,15.0,37.739611,-122.492203,37.78243881538851,-122.49621235096012
,23.0,dn3,pkg9,23,False,20.0,37.774524,-122.473656,37.774436638335374,-122.49374813410941
,25.0,dn4,pkg2,25,False,14.0,37.751751,-122.410654,37.74005354512641,-122.41018322158597
,25.0,dn8,pkg25,25,True,25.0,37.718779,-122.462401,37.731970472374826,-122.45158915951251
,27.0,dn2,pkg19,27,False,20.0,37.774524,-122.473656,37.76518778861944,-122.45000398622291
,30.0,dn15,pkg3,30,False,16.0,37.739611,-122.492203,37.73679071399194,-122.43652383761413
,31.0,dn14,pkg29,31,False,25.0,37.739611,-122.492203,37.742066321029256,-122.45658462860517
,32.0,dn9,pkg30,32,False,28.0,37.718779,-122.462401,37.72202671382943,-122.4942695431408
,34.0,dn5,pkg26,34,False,25.0,37.751751,-122.410654,37.776020223178605,-122.42510480504924
,35.0,dn7,pkg24,35,False,20.0,37.718779,-122.462401,37.70970685323705,-122.43749151703351
,39.0,dn1,pkg36,39,True,45.0,37.774524,-122.473656,37.772271661853026,-122.47037571747329
,40.0,dn13,pkg37,40.0,True,50.0,37.739611,-122.492203,37.73375677658876,-122.50546181169561
,41.0,dn3,pkg33,41,False,35.0,37.774524,-122.473656,37.75801311558788,-122.43511686892931
,42.0,dn8,pkg35,42,False,41.0,37.718779,-122.462401,37.71382829092449,-122.44303570990907
,47.0,dn10,pkg39,47.0,True,54.0,37.78929,-122.426797,37.786750752992326,-122.44135343259117
,50.0,dn6,pkg34,50,False,35.0,37.751751,-122.410654,37.753826452894785,-122.41681838578936
,50.0,dn9,pkg42,50,True,58.0,37.718779,-122.462401,37.74425690260545,-122.46088465554081
,56.0,dn2,pkg41,56,False,51.0,37.774524,-122.473656,37.776954051036206,-122.42226099338416
,59.0,dn13,pkg45,59.0,True,66.0,37.739611,-122.492203,37.71753874658267,-122.49330464668995
,61.0,dn1,pkg47,61.0,True,71.0,37.774524,-122.473656,37.73784188344966,-122.50060303060633
,63.0,dn14,pkg46,63,True,67.0,37.739611,-122.492203,37.735035541056,-122.44472913417796
,64.0,dn7,pkg51,64.0,True,74.0,37.718779,-122.462401,37.72982090073981,-122.48839144187356
,65.0,dn10,pkg49,65.0,True,72.0,37.78929,-122.426797,37.77688983134059,-122.44570377206136
,66.0,dn11,pkg44,66,False,63.0,37.78929,-122.426797,37.744278605741975,-122.42863323299974
,67.0,dn3,pkg48,67,False,66.0,37.774524,-122.473656,37.76796724267263,-122.45154471903028
,70.0,dn4,pkg40,70,False,52.0,37.751751,-122.410654,37.74011484186278,-122.41060055217218
,71.0,dn5,pkg43,71,False,59.0,37.751751,-122.410654,37.737962373081814,-122.41573662730572
,71.0,dn8,pkg54,71,True,73.0,37.718779,-122.462401,37.7572127720813,-122.46087565230583
,71.0,dn9,pkg55,71,True,77.0,37.718779,-122.462401,37.717788366084605,-122.41897842814554
,74.0,dn13,pkg56,74,True,82.0,37.739611,-122.492203,37.74371053569549,-122.4536876277765
,79.0,dn12,pkg50,79,False,75.0,37.78929,-122.426797,37.75771614460484,-122.42227483968269
,79.0,dn1,pkg52,79,False,76.0,37.774524,-122.473656,37.79153612981613,-122.50246256291544
,81.0,dn14,pkg58,81.0,True,91.0,37.739611,-122.492203,37.72997465184853,-122.48973521994343
,85.0,dn2,pkg59,85.0,True,95.0,37.774524,-122.473656,37.741515583825276,-122.46429628028301
,85.0,dn15,pkg60,85.0,True,91.0,37.739611,-122.492203,37.71637942382134,-122.47756832699302
,86.0,dn7,pkg57,86,False,82.0,37.718779,-122.462401,37.71047431872309,-122.42434040662076
,90.0,dn3,pkg61,90,True,98.0,37.774524,-122.473656,37.77170692877121,-122.47391827904221
,92.0,dn6,pkg53,92,False,72.0,37.751751,-122.410654,37.74480741443443,-122.39786367974621
,96.0,dn4,pkg65,96,True,104.0,37.751751,-122.410654,37.77895269370251,-122.42994892523768
,5.0,dn7,pkg13,5.0,True,10.0,37.718779,-122.462401,37.726312733156384,-122.480420419532
,6.0,dn3,pkg19,6.0,True,11.0,37.774524,-122.473656,37.77105660798172,-122.50525745426211
,7.0,dn1,pkg10,7,True,11.0,37.774524,-122.473656,37.77309438364719,-122.45974774297522
,7.0,dn13,pkg5,7,True,15.0,37.739611,-122.492203,37.745736883896555,-122.46721838464696
,8.0,dn15,pkg12,8.0,True,18.0,37.739611,-122.492203,37.77273680394368,-122.47602191121706
,11.0,dn12,pkg3,11,True,15.0,37.78929,-122.426797,37.792134782577016,-122.4482795696147
,12.0,dn5,pkg2,12,True,13.0,37.751751,-122.410654,37.73366690639536,-122.42418413882353
,13.0,dn14,pkg21,13,True,15.0,37.739611,-122.492203,37.73237872384544,-122.44162713138415
,14.0,dn6,pkg7,14,False,13.0,37.751751,-122.410654,37.76534353463417,-122.42825867291702
,14.0,dn8,pkg22,14,True,14.0,37.718779,-122.462401,37.715982935687116,-122.45270993186504
,14.0,dn9,pkg16,14,True,14.0,37.718779,-122.462401,37.70705342729169,-122.47641023880225
,15.0,dn2,pkg6,15,False,10.0,37.774524,-122.473656,37.774116055679656,-122.49524883621767
,15.0,dn11,pkg1,15,False,12.0,37.78929,-122.426797,37.778460407065765,-122.39765495937218
,17.0,dn7,pkg25,17,False,13.0,37.718779,-122.462401,37.72287673657015,-122.460394281732
,21.0,dn3,pkg9,21,False,14.0,37.774524,-122.473656,37.782616685578546,-122.45702472830315
,22.0,dn15,pkg28,22,True,25.0,37.739611,-122.492203,37.75736289618356,-122.49860088222931
,23.0,dn4,pkg8,23,False,13.0,37.751751,-122.410654,37.746488634621855,-122.3987246091733
,23.0,dn13,pkg23,23,False,19.0,37.739611,-122.492203,37.74585492680776,-122.4379483888914
,27.0,dn10,pkg14,27,False,13.0,37.78929,-122.426797,37.78520241890289,-122.40284607330472
,28.0,dn1,pkg18,28,False,17.0,37.774524,-122.473656,37.780158284042805,-122.44084188874086
,30.0,dn12,pkg29,30,False,26.0,37.78929,-122.426797,37.78050647706316,-122.46875525502323
,30.0,dn5,pkg31,30,True,31.0,37.751751,-122.410654,37.76550099563913,-122.41297641064543
,32.0,dn14,pkg36,32,True,35.0,37.739611,-122.492203,37.74355342053683,-122.45653272667614
,33.0,dn7,pkg33,33,True,36.0,37.718779,-122.462401,37.70717400752683,-122.4906308506662
,36.0,dn8,pkg38,36.0,True,43.0,37.718779,-122.462401,37.74808105792234,-122.46655408644052
,37.0,dn15,pkg40,37,True,45.0,37.739611,-122.492203,37.723981170891726,-122.45147796809454
,38.0,dn11,pkg37,38,False,36.0,37.78929,-122.426797,37.766510967272474,-122.42827741867701
,40.0,dn6,pkg35,40,False,35.0,37.751751,-122.410654,37.748709868381816,-122.39874610533188
,42.0,dn13,pkg43,42.0,True,52.0,37.739611,-122.492203,37.71661751714246,-122.47921493268309
,44.0,dn9,pkg39,44,True,46.0,37.718779,-122.462401,37.752663439993434,-122.43758231348367
,47.0,dn2,pkg32,47,False,36.0,37.774524,-122.473656,37.76105874021485,-122.43586663438069
,48.0,dn3,pkg34,48,False,41.0,37.774524,-122.473656,37.790667175843815,-122.50619856942265
,51.0,dn14,pkg49,51.0,True,59.0,37.739611,-122.492203,37.756199350071334,-122.49465515398887
,53.0,dn5,pkg45,53,False,52.0,37.751751,-122.410654,37.775723204789756,-122.4252306520438
,53.0,dn1,pkg41,53,False,46.0,37.774524,-122.473656,37.78875017627964,-122.5064429024716
,53.0,dn8,pkg47,53,True,55.0,37.718779,-122.462401,37.744895177680945,-122.42416575577867
,54.0,dn12,pkg42,54,False,50.0,37.78929,-122.426797,37.78808505627066,-122.45092617320687
,58.0,dn13,pkg51,58.0,True,64.0,37.739611,-122.492203,37.77171958653103,-122.486857134049
,59.0,dn15,pkg53,59.0,True,69.0,37.739611,-122.492203,37.75600348661918,-122.48514188867743
,60.0,dn7,pkg46,60,False,54.0,37.718779,-122.462401,37.71503057954562,-122.43303597290895
,60.0,dn6,pkg50,60,True,61.0,37.751751,-122.410654,37.70858155890522,-122.41054436234774
,66.0,dn14,pkg54,66,True,66.0,37.739611,-122.492203,37.73789781516882,-122.45248781521178
,68.0,dn9,pkg52,68,False,63.0,37.718779,-122.462401,37.709835967773365,-122.41702399886476
,70.0,dn10,pkg58,70.0,True,80.0,37.78929,-122.426797,37.77172860184837,-122.47040765747454
,72.0,dn1,pkg59,72,True,80.0,37.774524,-122.473656,37.763965281022216,-122.47528290405772
,74.0,dn4,pkg44,74,False,53.0,37.751751,-122.410654,37.7222860391022,-122.40347053389884
,76.0,dn13,pkg60,76,False,73.0,37.739611,-122.492203,37.74366876784167,-122.43968623689697
,83.0,dn8,pkg56,83,False,70.0,37.718779,-122.462401,37.71777160266725,-122.42489264482144
,83.0,dn5,pkg62,83,True,85.0,37.751751,-122.410654,37.75293731131727,-122.41160856379182
,87.0,dn2,pkg65,87,True,95.0,37.774524,-122.473656,37.7747013457739,-122.46918126685806
,88.0,dn6,pkg57,88,False,78.0,37.751751,-122.410654,37.7311561042224,-122.4280515281924
,88.0,dn9,pkg61,88,False,79.0,37.718779,-122.462401,37.720997025955306,-122.41587788469499
,88.0,dn14,pkg67,88.0,True,97.0,37.739611,-122.492203,37.73987620436846,-122.46197440462197
,90.0,dn3,pkg66,90,True,94.0,37.774524,-122.473656,37.79413590729638,-122.49066873629799
,93.0,dn15,pkg68,93,True,96.0,37.739611,-122.492203,37.73054921094327,-122.44682696089758
,96.0,dn7,pkg63,96,False,87.0,37.718779,-122.462401,37.7090239545094,-122.40767891092398
,96.0,dn13,pkg70,96,False,95.0,37.739611,-122.492203,37.733320075137094,-122.43562316167204
,99.0,dn1,pkg69,99,True,100.0,37.774524,-122.473656,37.7900817683432,-122.42289587939747
,5.0,dn13,pkg21,5.0,True,14.0,37.739611,-122.492203,37.740595622932226,-122.47617168783442
,6.0,dn14,pkg11,6.0,True,15.0,37.739611,-122.492203,37.748521186877106,-122.50409502165866
,6.0,dn15,pkg1,6,True,14.0,37.739611,-122.492203,37.74192381638956,-122.46250350201154
,7.0,dn2,pkg5,7,True,14.0,37.774524,-122.473656,37.791306468028395,-122.47777550998643
,7.0,dn7,pkg4,7.0,True,12.0,37.718779,-122.462401,37.72370413390939,-122.48993034627736
,7.0,dn9,pkg15,7.0,True,14.0,37.718779,-122.462401,37.726771508842035,-122.44713604404512
,8.0,dn12,pkg14,8,True,15.0,37.78929,-122.426797,37.74886397098841,-122.44936468694
,10.0,dn1,pkg12,10.0,True,16.0,37.774524,-122.473656,37.780047804123896,-122.4744788034124
,11.0,dn4,pkg18,11,True,12.0,37.751751,-122.410654,37.75979238658012,-122.41430199842478
,12.0,dn8,pkg9,12,True,15.0,37.718779,-122.462401,37.70919365616363,-122.46861510142149
,12.0,dn10,pkg8,12,True,16.0,37.78929,-122.426797,37.794320340999505,-122.42990853175024
,12.0,dn11,pkg17,12,True,18.0,37.78929,-122.426797,37.77230842397787,-122.45654168509641
,13.0,dn3,pkg3,13,True,15.0,37.774524,-122.473656,37.79044316445595,-122.45571200063584
,13.0,dn14,pkg23,13,True,13.0,37.739611,-122.492203,37.76282491908157,-122.48302503526921
,14.0,dn13,pkg16,14,True,15.0,37.739611,-122.492203,37.74348145055878,-122.46352794965851
,15.0,dn5,pkg2,15,False,14.0,37.751751,-122.410654,37.73381284907449,-122.41124112016004
,19.0,dn6,pkg7,19,False,13.0,37.751751,-122.410654,37.774275217386915,-122.41366745928934
,20.0,dn7,pkg22,20,False,19.0,37.718779,-122.462401,37.715571098793625,-122.45652522389315
,22.0,dn15,pkg6,22,False,20.0,37.739611,-122.492203,37.75728520382389,-122.45232821766935
,22.0,dn9,pkg10,22,False,14.0,37.718779,-122.462401,37.70922015767135,-122.4215880216815
,24.0,dn2,pkg25,24,False,19.0,37.774524,-122.473656,37.78395523555899,-122.46937956777178
,24.0,dn13,pkg31,24,True,30.0,37.739611,-122.492203,37.72300230268935,-122.49828841542997
,25.0,dn14,pkg28,25,True,25.0,37.739611,-122.492203,37.73608427720878,-122.45259482018156
,30.0,dn1,pkg29,30,False,27.0,37.774524,-122.473656,37.7810390621137,-122.47748888424854
,34.0,dn8,pkg30,34,False,32.0,37.718779,-122.462401,37.72584107387739,-122.46542941377679
,35.0,dn12,pkg20,35,False,17.0,37.78929,-122.426797,37.75505134099709,-122.41461655911372
,36.0,dn11,pkg38,36,True,41.0,37.78929,-122.426797,37.77996333653689,-122.45903519669838
,37.0,dn4,pkg34,37,False,33.0,37.751751,-122.410654,37.772092662203285,-122.42947338112334
,37.0,dn13,pkg35,37,True,39.0,37.739611,-122.492203,37.723154437108676,-122.47458835880114
,38.0,dn10,pkg27,38,False,27.0,37.78929,-122.426797,37.79446083976692,-122.43704624472944
,40.0,dn3,pkg37,40,True,41.0,37.774524,-122.473656,37.79468193721287,-122.42905881044601
,44.0,dn2,pkg39,44.0,True,54.0,37.774524,-122.473656,37.766440990244526,-122.44915155540136
,47.0,dn7,pkg33,47,False,34.0,37.718779,-122.462401,37.71967519524596,-122.42111404999564
,47.0,dn9,pkg36,47,False,40.0,37.718779,-122.462401,37.71585429796977,-122.44212056902472
,48.0,dn5,pkg32,48,False,31.0,37.751751,-122.410654,37.71034521971191,-122.41615004619122
,48.0,dn14,pkg41,48,True,52.0,37.739611,-122.492203,37.721225561011714,-122.44058516417758
,48.0,dn6,pkg40,48,True,49.0,37.751751,-122.410654,37.74107342566309,-122.43196859918271
,52.0,dn1,pkg42,52,True,59.0,37.774524,-122.473656,37.73687556723118,-122.45568872488585
,57.0,dn8,pkg44,57.0,True,63.0,37.718779,-122.462401,37.751122476786364,-122.49766655919467
,59.0,dn11,pkg43,59,False,58.0,37.78929,-122.426797,37.758916229866,-122.39657637174821
,64.0,dn2,pkg47,64.0,True,72.0,37.774524,-122.473656,37.733561183750155,-122.48694891913563
,66.0,dn13,pkg45,66,True,69.0,37.739611,-122.492203,37.71738628727526,-122.44996913433447
,76.0,dn6,pkg49,76,True,85.0,37.751751,-122.410654,37.718567743934365,-122.4359647687342
,76.0,dn1,pkg50,76.0,True,82.0,37.774524,-122.473656,37.733972332642665,-122.4708124636688
,82.0,dn5,pkg48,82,True,84.0,37.751751,-122.410654,37.707818966420206,-122.39833904818997
,82.0,dn3,pkg52,82,True,85.0,37.774524,-122.473656,37.79185531119702,-122.4774823384257
,87.0,dn4,pkg46,87,False,75.0,37.751751,-122.410654,37.78866520182809,-122.39785767674361
,89.0,dn7,pkg53,89.0,True,98.0,37.718779,-122.462401,37.72524023765926,-122.47646633800916
,90.0,dn1,pkg54,90,True,94.0,37.774524,-122.473656,37.76834169705608,-122.48302515972345
,92.0,dn8,pkg55,92.0,True,102.0,37.718779,-122.462401,37.76167388282436,-122.45397364686835
,98.0,dn2,pkg51,98,False,85.0,37.774524,-122.473656,37.78391612070258,-122.42580974878001
,100.0,dn3,pkg58,100,True,105.0,37.774524,-122.473656,37.734286691034946,-122.4526207254703
,6.0,dn2,pkg18,6.0,True,11.0,37.774524,-122.473656,37.75601167524008,-122.48832085590495
,6.0,dn7,pkg6,6,True,13.0,37.718779,-122.462401,37.72113459630356,-122.45651864918926
,6.0,dn13,pkg7,6.0,True,13.0,37.739611,-122.492203,37.723502862576915,-122.49976741508192
,7.0,dn14,pkg19,7.0,True,16.0,37.739611,-122.492203,37.74646215931879,-122.49623328264822
,7.0,dn15,pkg4,7.0,True,15.0,37.739611,-122.492203,37.74082771077519,-122.4617438827877
,9.0,dn3,pkg21,9.0,True,15.0,37.774524,-122.473656,37.76901796159548,-122.46061915214293
,10.0,dn6,pkg9,10,True,16.0,37.751751,-122.410654,37.74352285027873,-122.42364920528257
,11.0,dn1,pkg13,11,True,12.0,37.774524,-122.473656,37.76535518779538,-122.49599910314423
,12.0,dn4,pkg20,12,False,10.0,37.751751,-122.410654,37.750730172996754,-122.41224308939694
,12.0,dn9,pkg11,12,True,14.0,37.718779,-122.462401,37.70834708741907,-122.44368177560533
,12.0,dn13,pkg15,12,True,18.0,37.739611,-122.492203,37.74406156327846,-122.50714451149517
,12.0,dn15,pkg8,12,True,19.0,37.739611,-122.492203,37.733185183456754,-122.50179737002611
,13.0,dn8,pkg5,13,True,14.0,37.718779,-122.462401,37.716052064997754,-122.44612282962362
,14.0,dn2,pkg24,14,True,14.0,37.774524,-122.473656,37.775772892830936,-122.4975955194483
,16.0,dn11,pkg2,16,True,18.0,37.78929,-122.426797,37.79202929761718,-122.41688180388279
,16.0,dn12,pkg10,16,True,16.0,37.78929,-122.426797,37.775732351440226,-122.4435192599954
,18.0,dn7,pkg22,18,False,15.0,37.718779,-122.462401,37.70799420052674,-122.44898637298608
,19.0,dn10,pkg14,19,False,15.0,37.78929,-122.426797,37.7860195539749,-122.41825758698944
,20.0,dn5,pkg16,20,False,16.0,37.751751,-122.410654,37.75564981966514,-122.39878104296126
,26.0,dn14,pkg25,26,False,17.0,37.739611,-122.492203,37.7622857282992,-122.44646536447607
,31.0,dn2,pkg26,31,False,25.0,37.774524,-122.473656,37.79453409006395,-122.43893686557753
,32.0,dn8,pkg36,32,True,39.0,37.718779,-122.462401,37.73622620489506,-122.46281141027266
,33.0,dn7,pkg35,33.0,True,42.0,37.718779,-122.462401,37.752643836102926,-122.44770044969633
,35.0,dn9,pkg37,35.0,True,42.0,37.718779,-122.462401,37.751657831690565,-122.47213488745429
,36.0,dn3,pkg29,36,False,24.0,37.774524,-122.473656,37.76996894263261,-122.42923504293125
,37.0,dn1,pkg31,37,False,33.0,37.774524,-122.473656,37.785680683019706,-122.50625354335028
,42.0,dn4,pkg30,42,False,33.0,37.751751,-122.410654,37.74798075637728,-122.43449484792576
,43.0,dn6,pkg28,43,False,22.0,37.751751,-122.410654,37.72324663699223,-122.40452024070323
,43.0,dn12,pkg34,43,False,33.0,37.78929,-122.426797,37.76781259003521,-122.4360873609567
,45.0,dn13,pkg38,45,True,49.0,37.739611,-122.492203,37.74372303351673,-122.44121042575311
,51.0,dn11,pkg33,51,False,35.0,37.78929,-122.426797,37.78151822572345,-122.42144168912952
,53.0,dn10,pkg40,53,False,45.0,37.78929,-122.426797,37.784534611820156,-122.47293713423144
,53.0,dn2,pkg39,53,False,46.0,37.774524,-122.473656,37.791902612025446,-122.49956617158942
,54.0,dn5,pkg41,54,True,54.0,37.751751,-122.410654,37.73475405135968,-122.44972568052533
,54.0,dn14,pkg43,54,True,63.0,37.739611,-122.492203,37.76882314517298,-122.4582786324608
,60.0,dn7,pkg45,60.0,True,68.0,37.718779,-122.462401,37.73750683139626,-122.50287142623884
,61.0,dn1,pkg46,61,True,69.0,37.774524,-122.473656,37.78560116982611,-122.48309294136709
,63.0,dn15,pkg44,63,False,62.0,37.739611,-122.492203,37.77400456405726,-122.50395390581588
,64.0,dn8,pkg48,64.0,True,73.0,37.718779,-122.462401,37.7454750265255,-122.46485675222029
,71.0,dn3,pkg47,71,False,69.0,37.774524,-122.473656,37.7817057365211,-122.47208356689313
,73.0,dn2,pkg50,73,False,69.0,37.774524,-122.473656,37.774792104739014,-122.45161573492042
,74.0,dn4,pkg49,74,False,69.0,37.751751,-122.410654,37.731736042236925,-122.40141896466507
,74.0,dn7,pkg52,74.0,True,80.0,37.718779,-122.462401,37.753695381816186,-122.4432102932224
,77.0,dn12,pkg42,77,False,57.0,37.78929,-122.426797,37.78712216702551,-122.3987043301914
,77.0,dn6,pkg51,77,False,74.0,37.751751,-122.410654,37.77482911203794,-122.4325550340909
,79.0,dn8,pkg56,79.0,True,87.0,37.718779,-122.462401,37.73172818251887,-122.47268682315435
,82.0,dn1,pkg55,82,True,89.0,37.774524,-122.473656,37.76631557560806,-122.48781944997181
,84.0,dn13,pkg57,84.0,True,92.0,37.739611,-122.492203,37.74334313985269,-122.48666411306442
,86.0,dn5,pkg54,86,True,89.0,37.751751,-122.410654,37.71863850869079,-122.4403022248012
,86.0,dn14,pkg58,86,True,92.0,37.739611,-122.492203,37.71703193469991,-122.48580261485665
,91.0,dn9,pkg53,91,False,83.0,37.718779,-122.462401,37.71072735429269,-122.40694562419449
,93.0,dn2,pkg59,93.0,True,100.0,37.774524,-122.473656,37.752494620083695,-122.50161745481428
,94.0,dn7,pkg60,94,True,104.0,37.718779,-122.462401,37.7155742834382,-122.48727070403729
,97.0,dn3,pkg63,97.0,True,106.0,37.774524,-122.473656,37.73964228453341,-122.47021740173656
,98.0,dn4,pkg62,98.0,True,104.0,37.751751,-122.410654,37.720352369657114,-122.42297398905082
,100.0,dn13,pkg66,100.0,True,105.0,37.739611,-122.492203,37.71957575055498,-122.4935990555275
,5.0,dn1,pkg16,5,True,15.0,37.774524,-122.473656,37.762960973134156,-122.4732612795405
,5.0,dn7,pkg18,5.0,True,11.0,37.718779,-122.462401,37.74097260057312,-122.4900652752566
,6.0,dn8,pkg20,6.0,True,11.0,37.718779,-122.462401,37.73828241181671,-122.50276031069691
,7.0,dn14,pkg14,7.0,True,15.0,37.739611,-122.492203,37.74736606398312,-122.50070649197478
,8.0,dn2,pkg17,8,True,13.0,37.774524,-122.473656,37.79657889408841,-122.46174294220293
,8.0,dn3,pkg2,8.0,True,14.0,37.774524,-122.473656,37.75236538477125,-122.47404628121903
,9.0,dn9,pkg5,9,True,13.0,37.718779,-122.462401,37.71323382416199,-122.42210165830986
,10.0,dn13,pkg9,10.0,True,15.0,37.739611,-122.492203,37.73423883817832,-122.48807186327804
,10.0,dn15,pkg4,10.0,True,16.0,37.739611,-122.492203,37.75927883042099,-122.49887085737122
,12.0,dn11,pkg6,12,True,13.0,37.78929,-122.426797,37.78524996482151,-122.4427249554749
,14.0,dn6,pkg21,14,False,13.0,37.751751,-122.410654,37.74355223605047,-122.44094817145518
,14.0,dn12,pkg13,14,True,16.0,37.78929,-122.426797,37.7874431507317,-122.42051614429458
,15.0,dn5,pkg7,15,False,14.0,37.751751,-122.410654,37.7485435347198,-122.41872563767342
,15.0,dn14,pkg15,15,True,18.0,37.739611,-122.492203,37.7596321015143,-122.50336727973153
,16.0,dn1,pkg11,16,True,17.0,37.774524,-122.473656,37.7950478921065,-122.45044822449947
,18.0,dn4,pkg1,18,False,12.0,37.751751,-122.410654,37.75586936679217,-122.43014423247337
,19.0,dn3,pkg24,19,True,22.0,37.774524,-122.473656,37.750944344657626,-122.48284771265921
,20.0,dn10,pkg12,20,False,13.0,37.78929,-122.426797,37.78077280057382,-122.4234990818824
,21.0,dn15,pkg25,21,True,22.0,37.739611,-122.492203,37.74124941959004,-122.46529244014494
,22.0,dn13,pkg22,22,False,19.0,37.739611,-122.492203,37.7583545975078,-122.46418886750358
,24.0,dn8,pkg26,24,False,22.0,37.718779,-122.462401,37.72955023032598,-122.44483523454544
,25.0,dn7,pkg23,25,False,15.0,37.718779,-122.462401,37.71680729447909,-122.42741261832408
,32.0,dn3,pkg29,32,True,35.0,37.774524,-122.473656,37.78119534745695,-122.49895778650783
,33.0,dn2,pkg27,33,False,24.0,37.774524,-122.473656,37.780150978662355,-122.43670829247297
,34.0,dn14,pkg31,34,True,35.0,37.739611,-122.492203,37.71764351685506,-122.45589272559849
,35.0,dn9,pkg30,35,False,34.0,37.718779,-122.462401,37.70916978226034,-122.43290951733918
,39.0,dn1,pkg28,39,False,33.0,37.774524,-122.473656,37.78034244713019,-122.43719951141964
,40.0,dn13,pkg34,40.0,True,50.0,37.739611,-122.492203,37.72218029035334,-122.4930094479364
,41.0,dn15,pkg35,41.0,True,50.0,37.739611,-122.492203,37.748201003234314,-122.48380726637954
,48.0,dn6,pkg32,48,False,39.0,37.751751,-122.410654,37.72740726973167,-122.40752598927997
,50.0,dn8,pkg37,50,True,58.0,37.718779,-122.462401,37.72263876619442,-122.46362324655718
,54.0,dn5,pkg33,54,False,41.0,37.751751,-122.410654,37.71245061579053,-122.39441246856408
,54.0,dn7,pkg40,54.0,True,59.0,37.718779,-122.462401,37.73557260833209,-122.46299039418497
,54.0,dn13,pkg41,54.0,True,60.0,37.739611,-122.492203,37.72759241896617,-122.45152493941958
,57.0,dn14,pkg42,57,True,62.0,37.739611,-122.492203,37.722462765403314,-122.5016747938407
,61.0,dn3,pkg39,61,False,54.0,37.774524,-122.473656,37.77972559026063,-122.42928024595514
,62.0,dn9,pkg47,62,True,71.0,37.718779,-122.462401,37.73474721485913,-122.43185669249195
,65.0,dn11,pkg44,65,False,64.0,37.78929,-122.426797,37.77097184378703,-122.4113544236308
,66.0,dn10,pkg38,66,False,57.0,37.78929,-122.426797,37.751252595824546,-122.41169690246608
,66.0,dn1,pkg48,66.0,True,73.0,37.774524,-122.473656,37.73633614984154,-122.48845662141566
,68.0,dn2,pkg43,68,True,69.0,37.774524,-122.473656,37.76859130739878,-122.42452273738492
,70.0,dn4,pkg36,70,False,49.0,37.751751,-122.410654,37.77203135573543,-122.39521674433902
,70.0,dn12,pkg45,70,False,65.0,37.78929,-122.426797,37.794091258217634,-122.43554146594259
,76.0,dn1,pkg52,76,True,84.0,37.774524,-122.473656,37.75620845260681,-122.49915854859789
,77.0,dn8,pkg49,77,False,72.0,37.718779,-122.462401,37.727220538133295,-122.43181438370071
,77.0,dn6,pkg50,77,False,69.0,37.751751,-122.410654,37.76150777749371,-122.43881895598092
,77.0,dn9,pkg54,77.0,True,87.0,37.718779,-122.462401,37.7424083083827,-122.45418796884073
,83.0,dn14,pkg57,83.0,True,89.0,37.739611,-122.492203,37.726628335971824,-122.48115501263928
,87.0,dn7,pkg51,87,False,82.0,37.718779,-122.462401,37.712025464041496,-122.40763294209329
,88.0,dn13,pkg56,88,True,93.0,37.739611,-122.492203,37.71543546621036,-122.47002846342717
,89.0,dn15,pkg58,89,True,96.0,37.739611,-122.492203,37.784727207463526,-122.49703437701694
,92.0,dn3,pkg55,92,True,94.0,37.774524,-122.473656,37.787327346425585,-122.45376797253601
,93.0,dn1,pkg59,93,True,96.0,37.774524,-122.473656,37.767112726093224,-122.47190180817205
,93.0,dn9,pkg60,93,True,97.0,37.718779,-122.462401,37.72287285149066,-122.46646113998803
,97.0,dn2,pkg61,97,True,105.0,37.774524,-122.473656,37.7673281796422,-122.46888170893969
