trial,time,time_assigned,drone_id,depot_id,pkg_id,agent_tw_earliest_time,agent_tw_latest_time,agent_tw_avail,reward,true_return_time,true_delivery_time,success_prob,approx_travel_time,true_travel_time
0,0,0.0,dn1,1,pkg2,8.0,17.0,20,8.065044950046229,9.0,8.0,1.0,3,1.0
0,0,0.0,dn2,1,pkg6,9.0,18.0,23,8.065044950046229,16.0,9.0,1.0,5,7.0
0,0,0.0,dn3,1,pkg16,5.0,12.0,19,8.065044950046229,18,9,0.9987148696173,7,9
0,0,0.0,dn4,2,pkg13,5.0,14.0,25,8.065044950046229,28,14,0.7621793903595921,11,14
0,1,1.0,dn5,2,pkg17,6.0,13.0,16,8.065044950046229,10.0,6.0,1.0,3,4.0
0,1,1.0,dn6,2,pkg21,6.0,12.0,21,8.065044950046229,17,9,0.7169814111499796,9,8
0,1,1.0,dn9,3,pkg5,10.0,19.0,27,8.065044950046229,18.0,10.0,1.0,8,8.0
0,1,1.0,dn10,4,pkg11,8.0,15.0,21,8.065044950046229,15,8,1.0,6,7
0,1,1.0,dn11,4,pkg8,8.0,14.0,23,8.065044950046229,15,8,0.8942105026999628,9,7
0,1,1.0,dn12,4,pkg4,8.0,16.0,27,8.065044950046229,21,11,0.8368717887665349,11,10
0,1,1.0,dn13,5,pkg9,5.0,12.0,18,8.065044950046229,13,7,1.0,6,6
0,1,1.0,dn14,5,pkg19,6.0,15.0,19,8.065044950046229,8.0,6.0,1.0,4,2.0
0,1,1.0,dn15,5,pkg15,7.0,16.0,20,8.065044950046229,11.0,7.0,1.0,4,4.0
0,1,1.0,dn8,3,pkg3,8.0,15.0,18,8.065044950046229,9.0,8.0,1.0,3,1.0
0,1,1.0,dn7,3,pkg1,8.0,18.0,21,8.065044950046229,12.0,8.0,1.0,3,4.0
0,8,8.0,dn14,5,pkg20,9.0,19.0,26,8.065044950046229,30,19,0.9623380203040381,7,11
0,9,9.0,dn1,1,pkg7,7.0,15.0,17,8.065044950046229,15,12,1.0,2,3
0,9,9.0,dn8,3,pkg22,9.0,19.0,29,8.065044950046229,35,22,0.5,10,13
0,10,10.0,dn5,2,pkg10,7.0,17.0,26,8.065044950046229,30,20,0.2830185888500204,9,10
0,11,11.0,dn15,5,pkg24,9.0,18.0,26,8.065044950046229,29,20,0.3754003527381465,8,9
0,12,12.0,dn7,3,pkg18,10.0,18.0,25,8.065044950046229,16,14,0.35801294300307457,7,2
0,13,13.0,dn13,5,pkg28,19.0,27.0,37,8.065044950046229,41,27,0.8638529812987656,10,14
0,15,15.0,dn1,1,pkg29,18.0,24.0,29,8.065044950046229,25,20,1.0,5,5
0,15,15.0,dn10,4,pkg23,9.0,16.0,23,8.065044950046229,27,21,0.0,7,6
0,15,15.0,dn11,4,pkg12,10.0,17.0,28,8.065044950046229,43,29,0.0,11,14
0,16,16.0,dn2,1,pkg26,13.0,22.0,28,8.065044950046229,32,24,0.5,6,8
0,16,16.0,dn7,3,pkg31,20.0,25.0,31,8.065044950046229,28,22,0.9276480006968348,6,6
0,17,17.0,dn6,2,pkg30,20.0,28.0,38,8.065044950046229,39,28,0.6000193206335656,10,11
0,18,18.0,dn3,1,pkg33,28.0,36.0,44,8.065044950046229,34.0,28.0,1.0,8,6.0
0,18,18.0,dn9,3,pkg32,26.0,33.0,35,8.065044950046229,29.0,26.0,1.0,2,3.0
0,25,25.0,dn12,4,pkg34,31.0,38.0,46,8.065044950046229,37,31,0.981497059608109,8,6
0,28,28.0,dn4,2,pkg36,35.0,41.0,47,8.065044950046229,42,35,1.0,6,7
0,28,28.0,dn7,3,pkg35,30.0,37.0,39,8.065044950046229,32,30,1.0,2,2
0,29,29.0,dn15,5,pkg37,38.0,46.0,50,8.065044950046229,43.0,38.0,1.0,4,5.0
0,30,30.0,dn14,5,pkg38,36.0,41.0,44,8.065044950046229,40.0,36.0,1.0,3,4.0
0,32,32.0,dn7,3,pkg40,38.0,43.0,48,8.065044950046229,39.0,38.0,1.0,5,1.0
0,32,32.0,dn10,4,pkg39,36.0,45.0,49,8.065044950046229,38.0,36.0,1.0,4,2.0
0,34,34.0,dn1,1,pkg41,38.0,45.0,53,8.065044950046229,46,40,0.8454987064453288,8,6
0,36,36.0,dn2,1,pkg42,43.0,53.0,59,8.065044950046229,47.0,43.0,1.0,6,4.0
0,39,39.0,dn6,2,pkg43,48.0,53.0,57,8.065044950046229,52.0,48.0,1.0,4,4.0
0,40,40.0,dn3,1,pkg44,49.0,58.0,64,8.065044950046229,53.0,49.0,1.0,6,4.0
0,44,44.0,dn13,5,pkg45,51.0,61.0,66,8.065044950046229,62,53,1.0,5,9
0,46,46.0,dn4,2,pkg46,51.0,60.0,68,8.065044950046229,70,58,1.0,8,12
0,47,47.0,dn2,1,pkg47,57.0,67.0,78,8.065044950046229,83,65,1.0,11,18
0,50,50.0,dn7,3,pkg48,56.0,65.0,70,8.065044950046229,59.0,56.0,1.0,5,3.0
0,51,51.0,dn5,2,pkg49,60.0,66.0,72,8.065044950046229,64.0,60.0,1.0,6,4.0
0,54,54.0,dn8,3,pkg50,62.0,68.0,74,8.065044950046229,65.0,62.0,1.0,6,3.0
0,55,55.0,dn6,2,pkg51,59.0,69.0,70,8.065044950046229,60.0,59.0,1.0,1,1.0
0,56,56.0,dn14,5,pkg52,62.0,68.0,78,8.065044950046229,84,70,0.6964162111435814,11,14
0,56,56.0,dn9,3,pkg53,65.0,75.0,81,8.065044950046229,71.0,65.0,1.0,6,6.0
0,60,60.0,dn7,3,pkg54,65.0,70.0,79,8.065044950046229,82,71,0.6109752255499895,9,11
0,60,60.0,dn10,4,pkg56,65.0,73.0,82,8.065044950046229,76,68,0.8942105026999628,9,8
0,60,60.0,dn11,4,pkg55,68.0,77.0,86,8.065044950046229,84,72,1.0,9,12
0,62,62.0,dn13,5,pkg57,68.0,75.0,77,8.065044950046229,70.0,68.0,1.0,2,2.0
0,63,63.0,dn1,1,pkg58,69.0,78.0,86,8.065044950046229,87,75,1.0,8,12
0,67,67.0,dn5,2,pkg59,71.0,78.0,81,8.065044950046229,74.0,71.0,1.0,3,3.0
0,67,67.0,dn6,2,pkg60,72.0,80.0,89,8.065044950046229,89,78,0.8942105026999628,9,11
0,71,71.0,dn9,3,pkg61,76.0,85.0,95,8.065044950046229,83,77,0.8638529812987656,10,6
0,74,74.0,dn4,2,pkg63,81.0,91.0,101,8.065044950046229,92,83,0.9972791575161781,10,9
0,74,74.0,dn8,3,pkg62,82.0,91.0,100,8.065044950046229,87.0,82.0,1.0,9,5.0
0,82,82.0,dn7,3,pkg64,88.0,94.0,100,8.065044950046229,93.0,88.0,1.0,6,5.0
0,85,85.0,dn9,3,pkg65,90.0,100.0,111,8.065044950046229,113,99,0.8368717887665349,11,14
0,85,85.0,dn5,2,pkg66,93.0,101.0,111,8.065044950046229,109,97,0.9733308694771554,10,12
0,86,86.0,dn10,4,pkg67,92.0,101.0,111,8.065044950046229,116,101,0.9276480006968348,10,15
0,94,94.0,dn4,2,pkg69,103.0,109.0,117,8.065044950046229,110.0,103.0,1.0,8,7.0
0,94,94.0,dn6,2,pkg68,103.0,113.0,119,8.065044950046229,109.0,103.0,1.0,6,6.0
0,99,99.0,dn1,1,pkg70,107.0,116.0,125,8.065044950046229,121,110,1.0,9,11
1,0,0.0,dn4,2,pkg11,5.0,15.0,23,8.065044950046229,24,12,1.0,8,12
1,0,0.0,dn10,4,pkg13,9.0,15.0,19,8.065044950046229,12.0,9.0,1.0,4,3.0
1,0,0.0,dn11,4,pkg18,6.0,15.0,19,8.065044950046229,11.0,6.0,1.0,4,5.0
1,0,0.0,dn12,4,pkg7,5.0,12.0,19,8.065044950046229,12,6,0.9987148696173,7,6
1,0,0.0,dn13,5,pkg10,5.0,11.0,19,8.065044950046229,10,5,0.8454987064453288,8,5
1,0,0.0,dn14,5,pkg16,5.0,13.0,22,8.065044950046229,28,14,0.8942105026999628,9,14
1,0,0.0,dn15,5,pkg9,6.0,14.0,19,8.065044950046229,12,6,1.0,5,6
1,1,1.0,dn1,1,pkg21,7.0,13.0,16,8.065044950046229,11.0,7.0,1.0,3,4.0
1,1,1.0,dn2,1,pkg3,7.0,12.0,18,8.065044950046229,13,7,1.0,6,6
1,1,1.0,dn3,1,pkg14,10.0,18.0,23,8.065044950046229,16.0,10.0,1.0,5,6.0
1,1,1.0,dn5,2,pkg15,6.0,12.0,14,8.065044950046229,8.0,6.0,1.0,2,2.0
1,1,1.0,dn6,2,pkg6,6.0,16.0,19,8.065044950046229,9.0,6.0,1.0,3,3.0
1,1,1.0,dn7,3,pkg17,9.0,18.0,26,8.065044950046229,13.0,9.0,1.0,8,4.0
1,1,1.0,dn9,3,pkg19,8.0,15.0,18,8.065044950046229,10.0,8.0,1.0,3,2.0
1,1,1.0,dn8,3,pkg2,9.0,17.0,19,8.065044950046229,11.0,9.0,1.0,2,2.0
1,8,8.0,dn5,2,pkg22,8.0,16.0,19,8.065044950046229,10,9,1.0,3,1
1,9,9.0,dn6,2,pkg25,18.0,26.0,35,8.065044950046229,25.0,18.0,1.0,9,7.0
1,10,10.0,dn5,2,pkg23,12.0,22.0,32,8.065044950046229,32,21,0.6964162111435814,10,11
1,10,10.0,dn9,3,pkg5,9.0,16.0,19,8.065044950046229,18,14,1.0,3,4
1,10,10.0,dn13,5,pkg1,9.0,14.0,19,8.065044950046229,26,18,0.3035837888564185,5,8
1,11,11.0,dn1,1,pkg4,8.0,13.0,21,8.065044950046229,25,18,0.0,8,7
1,11,11.0,dn8,3,pkg24,11.0,21.0,30,8.065044950046229,39,25,0.6109752255499895,9,14
1,11,11.0,dn11,4,pkg8,10.0,15.0,18,8.065044950046229,15,13,0.8130495168499705,3,2
1,12,12.0,dn12,4,pkg12,9.0,14.0,24,8.065044950046229,44,28,0.0,10,16
1,12,12.0,dn15,5,pkg20,10.0,17.0,26,8.065044950046229,36,24,0.10578949730003717,9,12
1,13,13.0,dn2,1,pkg26,18.0,28.0,34,8.065044950046229,25,19,1.0,6,6
1,15,15.0,dn7,3,pkg27,22.0,30.0,32,8.065044950046229,24.0,22.0,1.0,2,2.0
1,16,16.0,dn3,1,pkg28,25.0,31.0,37,8.065044950046229,29.0,25.0,1.0,6,4.0
1,18,18.0,dn9,3,pkg29,27.0,34.0,43,8.065044950046229,35.0,27.0,1.0,9,8.0
1,24,24.0,dn4,2,pkg31,30.0,39.0,45,8.065044950046229,35.0,30.0,1.0,6,5.0
1,24,24.0,dn7,3,pkg30,27.0,32.0,34,8.065044950046229,29.0,27.0,1.0,2,2.0
1,25,25.0,dn1,1,pkg32,33.0,38.0,49,8.065044950046229,45,35,0.6793222358514858,11,10
1,29,29.0,dn7,3,pkg33,39.0,46.0,57,8.065044950046229,49,39,0.9508759758087104,11,10
1,34,34.0,dn5,2,pkg35,42.0,50.0,51,8.065044950046229,43.0,42.0,1.0,1,1.0
1,34,34.0,dn6,2,pkg34,42.0,49.0,53,8.065044950046229,45.0,42.0,1.0,4,3.0
1,35,35.0,dn9,3,pkg36,45.0,52.0,58,8.065044950046229,55,45,1.0,6,10
1,40,40.0,dn2,1,pkg37,46.0,56.0,61,8.065044950046229,49.0,46.0,1.0,5,3.0
1,41,41.0,dn4,2,pkg38,46.0,55.0,58,8.065044950046229,48.0,46.0,1.0,3,2.0
1,43,43.0,dn10,4,pkg39,52.0,62.0,73,8.065044950046229,77,60,0.9995621140415759,11,17
1,44,44.0,dn8,3,pkg40,49.0,58.0,63,8.065044950046229,58,51,1.0,5,7
1,44,44.0,dn12,4,pkg41,49.0,57.0,68,8.065044950046229,66,55,0.6793222358514858,11,11
1,45,45.0,dn1,1,pkg42,52.0,62.0,72,8.065044950046229,63,54,0.9972791575161781,10,9
1,47,47.0,dn5,2,pkg43,51.0,59.0,61,8.065044950046229,54.0,51.0,1.0,2,3.0
1,48,48.0,dn13,5,pkg44,56.0,64.0,71,8.065044950046229,60.0,56.0,1.0,7,4.0
1,51,51.0,dn2,1,pkg45,55.0,60.0,66,8.065044950046229,69,60,0.9276480006968348,6,9
1,54,54.0,dn7,3,pkg46,58.0,63.0,68,8.065044950046229,64,59,1.0,5,5
1,58,58.0,dn3,1,pkg47,63.0,71.0,76,8.065044950046229,66.0,63.0,1.0,5,3.0
1,58,58.0,dn15,5,pkg48,65.0,75.0,85,8.065044950046229,71.0,65.0,0.9972791575161781,10,6.0
1,60,60.0,dn4,2,pkg50,70.0,78.0,84,8.065044950046229,78.0,70.0,1.0,6,8.0
1,60,60.0,dn5,2,pkg49,64.0,72.0,81,8.065044950046229,78,69,0.8130495168499705,9,9
1,61,61.0,dn11,4,pkg51,70.0,79.0,88,8.065044950046229,89,75,1.0,9,14
1,64,64.0,dn6,2,pkg52,72.0,82.0,90,8.065044950046229,78.0,72.0,1.0,8,6.0
1,67,67.0,dn7,3,pkg53,72.0,78.0,89,8.065044950046229,87,77,0.5,11,10
1,69,69.0,dn12,4,pkg54,73.0,80.0,82,8.065044950046229,76.0,73.0,1.0,2,3.0
1,70,70.0,dn13,5,pkg55,74.0,80.0,84,8.065044950046229,77.0,74.0,1.0,4,3.0
1,75,75.0,dn14,5,pkg58,80.0,86.0,88,8.065044950046229,83.0,80.0,1.0,2,3.0
1,77,77.0,dn10,4,pkg59,83.0,92.0,100,8.065044950046229,91,84,1.0,8,7
1,77,77.0,dn12,4,pkg56,77.0,82.0,90,8.065044950046229,103,90,0.15450129355467118,8,13
1,78,78.0,dn4,2,pkg57,81.0,89.0,95,8.065044950046229,94,86,1.0,6,8
1,82,82.0,dn5,2,pkg60,90.0,98.0,101,8.065044950046229,93.0,90.0,1.0,3,3.0
1,84,84.0,dn1,1,pkg61,91.0,101.0,109,8.065044950046229,100,92,1.0,8,8
1,86,86.0,dn2,1,pkg62,93.0,100.0,102,8.065044950046229,96.0,93.0,1.0,2,3.0
1,86,86.0,dn14,5,pkg63,94.0,99.0,108,8.065044950046229,99.0,94.0,0.8942105026999628,9,5.0
1,90,90.0,dn3,1,pkg64,94.0,104.0,107,8.065044950046229,95.0,94.0,1.0,3,1.0
1,90,90.0,dn13,5,pkg65,100.0,107.0,114,8.065044950046229,109.0,100.0,1.0,7,9.0
1,92,92.0,dn15,5,pkg66,101.0,108.0,116,8.065044950046229,105.0,101.0,1.0,8,4.0
1,93,93.0,dn7,3,pkg67,97.0,104.0,109,8.065044950046229,99.0,97.0,1.0,5,2.0
1,94,94.0,dn4,2,pkg68,104.0,111.0,118,8.065044950046229,113.0,104.0,1.0,7,9.0
1,98,98.0,dn6,2,pkg70,106.0,113.0,124,8.065044950046229,128,113,0.8368717887665349,11,15
1,98,98.0,dn10,4,pkg69,104.0,110.0,114,8.065044950046229,108.0,104.0,1.0,4,4.0
2,0,0.0,dn4,2,pkg19,9.0,18.0,23,8.065044950046229,13.0,9.0,1.0,5,4.0
2,0,0.0,dn5,2,pkg14,5.0,14.0,23,8.065044950046229,28,14,0.9554953287499572,9,14
2,0,0.0,dn13,5,pkg18,5.0,13.0,17,8.065044950046229,9.0,5.0,1.0,4,4.0
2,0,0.0,dn14,5,pkg13,5.0,12.0,18,8.065044950046229,7.0,5.0,1.0,6,2.0
2,0,0.0,dn15,5,pkg12,5.0,10.0,19,8.065044950046229,20,10,0.6109752255499895,9,10
2,1,1.0,dn1,1,pkg8,10.0,15.0,18,8.065044950046229,13.0,10.0,1.0,3,3.0
2,1,1.0,dn2,1,pkg17,10.0,17.0,21,8.065044950046229,14.0,10.0,1.0,4,4.0
2,1,1.0,dn6,2,pkg9,7.0,15.0,21,8.065044950046229,17,9,1.0,6,8
2,1,1.0,dn7,3,pkg10,6.0,11.0,15,8.065044950046229,10.0,6.0,1.0,4,4.0
2,1,1.0,dn8,3,pkg11,10.0,19.0,24,8.065044950046229,15.0,10.0,1.0,5,5.0
2,1,1.0,dn9,3,pkg3,10.0,19.0,25,8.065044950046229,16.0,10.0,1.0,6,6.0
2,1,1.0,dn10,4,pkg2,5.0,11.0,16,8.065044950046229,17,9,1.0,5,8
2,1,1.0,dn11,4,pkg20,7.0,16.0,19,8.065044950046229,10.0,7.0,1.0,3,3.0
2,1,1.0,dn12,4,pkg21,7.0,16.0,20,8.065044950046229,12.0,7.0,1.0,4,5.0
2,1,1.0,dn3,1,pkg6,6.0,12.0,17,8.065044950046229,9.0,6.0,1.0,5,3.0
2,7,7.0,dn14,5,pkg22,8.0,15.0,20,8.065044950046229,19,13,0.9733308694771554,5,6
2,9,9.0,dn3,1,pkg7,9.0,15.0,21,8.065044950046229,23,16,0.5,6,7
2,9,9.0,dn13,5,pkg16,10.0,18.0,25,8.065044950046229,15,12,0.7734130932254845,7,3
2,10,10.0,dn7,3,pkg27,15.0,20.0,29,8.065044950046229,22,16,0.6109752255499895,9,6
2,10,10.0,dn11,4,pkg24,14.0,22.0,31,8.065044950046229,20,15,0.8130495168499705,9,5
2,12,12.0,dn12,4,pkg28,17.0,23.0,30,8.065044950046229,36,24,0.9623380203040381,7,12
2,13,13.0,dn1,1,pkg23,10.0,15.0,16,8.065044950046229,15,14,1.0,1,1
2,13,13.0,dn4,2,pkg15,6.0,15.0,25,8.065044950046229,23,18,0.0,10,5
2,14,14.0,dn2,1,pkg25,16.0,25.0,29,8.065044950046229,22,18,1.0,4,4
2,15,15.0,dn1,1,pkg29,23.0,31.0,35,8.065044950046229,29.0,23.0,1.0,4,6.0
2,15,15.0,dn8,3,pkg26,17.0,23.0,34,8.065044950046229,35,25,0.2378206096404078,11,10
2,17,17.0,dn6,2,pkg30,22.0,29.0,35,8.065044950046229,31,24,1.0,6,7
2,17,17.0,dn10,4,pkg31,25.0,32.0,37,8.065044950046229,32.0,25.0,1.0,5,7.0
2,20,20.0,dn15,5,pkg32,26.0,35.0,38,8.065044950046229,30.0,26.0,1.0,3,4.0
2,22,22.0,dn7,3,pkg33,31.0,36.0,43,8.065044950046229,34.0,31.0,1.0,7,3.0
2,25,25.0,dn4,2,pkg35,31.0,41.0,50,8.065044950046229,45,35,1.0,9,10
2,25,25.0,dn11,4,pkg34,32.0,39.0,41,8.065044950046229,34.0,32.0,1.0,2,2.0
2,28,28.0,dn2,1,pkg37,38.0,47.0,57,8.065044950046229,56,42,1.0,10,14
2,28,28.0,dn5,2,pkg36,32.0,41.0,46,8.065044950046229,40,34,1.0,5,6
2,29,29.0,dn9,3,pkg38,38.0,44.0,55,8.065044950046229,55,42,0.8368717887665349,11,13
2,31,31.0,dn3,1,pkg40,39.0,49.0,55,8.065044950046229,47,39,1.0,6,8
2,31,31.0,dn6,2,pkg39,37.0,47.0,57,8.065044950046229,57,44,0.9733308694771554,10,13
2,34,34.0,dn11,4,pkg41,41.0,46.0,53,8.065044950046229,48,41,0.9987148696173,7,7
2,39,39.0,dn1,1,pkg43,47.0,53.0,58,8.065044950046229,53.0,47.0,1.0,5,6.0
2,39,39.0,dn13,5,pkg42,47.0,54.0,60,8.065044950046229,55,47,1.0,6,8
2,42,42.0,dn14,5,pkg44,47.0,57.0,64,8.065044950046229,56,49,1.0,7,7
2,46,46.0,dn10,4,pkg45,55.0,64.0,67,8.065044950046229,58.0,55.0,1.0,3,3.0
2,47,47.0,dn7,3,pkg46,52.0,59.0,63,8.065044950046229,57,52,1.0,4,5
2,47,47.0,dn8,3,pkg47,56.0,65.0,76,8.065044950046229,61.0,56.0,0.9847445937098342,11,5.0
2,48,48.0,dn11,4,pkg48,54.0,62.0,65,8.065044950046229,57.0,54.0,1.0,3,3.0
2,53,53.0,dn1,1,pkg49,61.0,69.0,75,8.065044950046229,64.0,61.0,1.0,6,3.0
2,56,56.0,dn2,1,pkg50,62.0,71.0,75,8.065044950046229,66.0,62.0,1.0,4,4.0
2,61,61.0,dn7,3,pkg51,70.0,78.0,84,8.065044950046229,73.0,70.0,1.0,6,3.0
2,74,74.0,dn1,1,pkg53,84.0,90.0,96,8.065044950046229,87.0,84.0,1.0,6,3.0
2,74,74.0,dn13,5,pkg52,78.0,84.0,89,8.065044950046229,86,80,1.0,5,6
2,78,78.0,dn2,1,pkg54,85.0,90.0,94,8.065044950046229,88.0,85.0,1.0,4,3.0
2,81,81.0,dn7,3,pkg55,85.0,92.0,97,8.065044950046229,88.0,85.0,1.0,5,3.0
2,86,86.0,dn14,5,pkg56,94.0,99.0,102,8.065044950046229,96.0,94.0,1.0,3,2.0
2,86,86.0,dn15,5,pkg57,94.0,104.0,114,8.065044950046229,101.0,94.0,1.0,10,7.0
2,89,89.0,dn2,1,pkg59,94.0,99.0,106,8.065044950046229,99,94,0.8837170879173109,7,5
2,89,89.0,dn7,3,pkg58,98.0,106.0,113,8.065044950046229,109,99,1.0,7,10
2,94,94.0,dn8,3,pkg60,101.0,106.0,112,8.065044950046229,114,104,1.0,6,10
2,94,94.0,dn9,3,pkg61,104.0,110.0,121,8.065044950046229,126,110,0.9006778457052591,11,16
2,95,95.0,dn1,1,pkg62,104.0,112.0,116,8.065044950046229,108.0,104.0,1.0,4,4.0
2,99,99.0,dn2,1,pkg63,107.0,113.0,116,8.065044950046229,108.0,107.0,1.0,3,1.0
3,0,0.0,dn4,2,pkg20,9.0,19.0,26,8.065044950046229,16.0,9.0,1.0,7,7.0
3,0,0.0,dn5,2,pkg22,5.0,13.0,22,8.065044950046229,22,11,0.8942105026999628,9,11
3,0,0.0,dn6,2,pkg10,6.0,16.0,20,8.065044950046229,9.0,6.0,1.0,4,3.0
3,0,0.0,dn7,3,pkg17,9.0,19.0,26,8.065044950046229,15.0,9.0,1.0,7,6.0
3,0,0.0,dn9,3,pkg6,9.0,16.0,24,8.065044950046229,15.0,9.0,1.0,8,6.0
3,0,0.0,dn13,5,pkg5,9.0,17.0,25,8.065044950046229,26,13,1.0,8,13
3,0,0.0,dn14,5,pkg11,6.0,12.0,23,8.065044950046229,12,6,0.5910219106092702,11,6
3,0,0.0,dn8,3,pkg7,6.0,15.0,21,8.065044950046229,16,8,1.0,6,8
3,1,1.0,dn1,1,pkg2,6.0,14.0,20,8.065044950046229,11,6,1.0,6,5
3,1,1.0,dn2,1,pkg23,8.0,17.0,22,8.065044950046229,11.0,8.0,1.0,5,3.0
3,1,1.0,dn3,1,pkg15,9.0,18.0,24,8.065044950046229,17,9,1.0,6,8
3,1,1.0,dn10,4,pkg19,6.0,13.0,15,8.065044950046229,8.0,6.0,1.0,2,2.0
3,1,1.0,dn12,4,pkg3,7.0,12.0,16,8.065044950046229,11.0,7.0,1.0,4,4.0
3,1,1.0,dn15,5,pkg4,7.0,14.0,19,8.065044950046229,13,7,1.0,5,6
3,1,1.0,dn11,4,pkg16,8.0,17.0,21,8.065044950046229,15,8,1.0,4,7
3,8,8.0,dn10,4,pkg24,7.0,17.0,27,8.065044950046229,36,22,0.39998067936643444,10,14
3,9,9.0,dn6,2,pkg8,6.0,15.0,23,8.065044950046229,31,20,0.2578757643113509,8,11
3,11,11.0,dn1,1,pkg13,9.0,19.0,25,8.065044950046229,29,20,0.8130495168499705,6,9
3,11,11.0,dn2,1,pkg26,15.0,20.0,30,8.065044950046229,27,19,0.39998067936643444,10,8
3,11,11.0,dn12,4,pkg9,9.0,17.0,19,8.065044950046229,13,12,1.0,2,1
3,12,12.0,dn14,5,pkg21,8.0,18.0,21,8.065044950046229,20,16,1.0,3,4
3,13,13.0,dn12,4,pkg14,10.0,15.0,25,8.065044950046229,37,25,0.0,10,12
3,13,13.0,dn15,5,pkg28,20.0,25.0,32,8.065044950046229,31,22,0.9987148696173,7,9
3,15,15.0,dn7,3,pkg25,13.0,22.0,27,8.065044950046229,27,21,0.8638529812987656,5,6
3,15,15.0,dn9,3,pkg1,10.0,18.0,22,8.065044950046229,17,16,0.2578757643113509,4,1
3,15,15.0,dn11,4,pkg27,18.0,27.0,33,8.065044950046229,27,21,1.0,6,6
3,16,16.0,dn4,2,pkg29,20.0,27.0,31,8.065044950046229,24,20,1.0,4,4
3,16,16.0,dn8,3,pkg31,25.0,32.0,39,8.065044950046229,30.0,25.0,1.0,7,5.0
3,17,17.0,dn3,1,pkg30,25.0,31.0,37,8.065044950046229,31.0,25.0,1.0,6,6.0
3,20,20.0,dn14,5,pkg33,30.0,37.0,45,8.065044950046229,39.0,30.0,1.0,8,9.0
3,22,22.0,dn5,2,pkg32,29.0,37.0,44,8.065044950046229,42,32,1.0,7,10
3,24,24.0,dn4,2,pkg35,29.0,37.0,48,8.065044950046229,44,34,0.6793222358514858,11,10
3,26,26.0,dn13,5,pkg37,32.0,39.0,49,8.065044950046229,50,38,0.7855682414064981,10,12
3,27,27.0,dn2,1,pkg36,30.0,40.0,44,8.065044950046229,33,30,1.0,4,3
3,27,27.0,dn7,3,pkg38,33.0,41.0,52,8.065044950046229,49,38,0.7621793903595921,11,11
3,27,27.0,dn11,4,pkg34,31.0,39.0,42,8.065044950046229,34.0,31.0,1.0,3,3.0
3,31,31.0,dn1,1,pkg40,37.0,47.0,53,8.065044950046229,43,37,1.0,6,6
3,31,31.0,dn6,2,pkg39,35.0,44.0,47,8.065044950046229,37.0,35.0,1.0,3,2.0
3,36,36.0,dn2,1,pkg41,44.0,52.0,61,8.065044950046229,64,50,1.0,9,14
3,38,38.0,dn8,3,pkg43,44.0,51.0,62,8.065044950046229,66,52,0.6793222358514858,11,14
3,38,38.0,dn9,3,pkg42,47.0,57.0,59,8.065044950046229,50.0,47.0,1.0,2,3.0
3,39,39.0,dn3,1,pkg44,47.0,56.0,65,8.065044950046229,55,47,1.0,9,8
3,44,44.0,dn1,1,pkg45,51.0,61.0,69,8.065044950046229,66,55,1.0,8,11
3,44,44.0,dn15,5,pkg46,53.0,61.0,69,8.065044950046229,58.0,53.0,1.0,8,5.0
3,47,47.0,dn4,2,pkg47,54.0,60.0,66,8.065044950046229,67,57,1.0,6,10
3,49,49.0,dn5,2,pkg48,56.0,66.0,70,8.065044950046229,61.0,56.0,1.0,4,5.0
3,49,49.0,dn6,2,pkg49,57.0,64.0,72,8.065044950046229,69,59,1.0,8,10
3,55,55.0,dn10,4,pkg50,59.0,69.0,71,8.065044950046229,61.0,59.0,1.0,2,2.0
3,56,56.0,dn7,3,pkg51,62.0,71.0,78,8.065044950046229,66.0,62.0,1.0,7,4.0
3,58,58.0,dn3,1,pkg52,62.0,71.0,79,8.065044950046229,76,67,0.981497059608109,8,9
3,58,58.0,dn9,3,pkg53,68.0,77.0,82,8.065044950046229,75.0,68.0,1.0,5,7.0
3,64,64.0,dn10,4,pkg54,68.0,78.0,86,8.065044950046229,78,71,1.0,8,7
3,67,67.0,dn4,2,pkg55,73.0,82.0,87,8.065044950046229,75.0,73.0,1.0,5,2.0
3,69,69.0,dn7,3,pkg56,73.0,80.0,84,8.065044950046229,79,74,1.0,4,5
3,71,71.0,dn5,2,pkg57,78.0,87.0,92,8.065044950046229,87,79,1.0,5,8
3,72,72.0,dn1,1,pkg58,78.0,87.0,90,8.065044950046229,82.0,78.0,1.0,3,4.0
3,72,72.0,dn14,5,pkg59,79.0,87.0,95,8.065044950046229,90,81,1.0,8,9
3,77,77.0,dn8,3,pkg60,86.0,91.0,93,8.065044950046229,88.0,86.0,1.0,2,2.0
3,78,78.0,dn10,4,pkg61,84.0,92.0,94,8.065044950046229,87.0,84.0,1.0,2,3.0
3,78,78.0,dn11,4,pkg62,86.0,92.0,93,8.065044950046229,87.0,86.0,1.0,1,1.0
3,83,83.0,dn1,1,pkg63,91.0,100.0,106,8.065044950046229,97.0,91.0,1.0,6,6.0
3,83,83.0,dn12,4,pkg64,88.0,97.0,104,8.065044950046229,99,91,1.0,7,8
3,86,86.0,dn4,2,pkg65,95.0,103.0,112,8.065044950046229,110,98,1.0,9,12
3,87,87.0,dn7,3,pkg66,91.0,96.0,100,8.065044950046229,97,92,1.0,4,5
3,90,90.0,dn14,5,pkg67,100.0,105.0,113,8.065044950046229,107.0,100.0,1.0,8,7.0
3,94,94.0,dn5,2,pkg68,101.0,106.0,108,8.065044950046229,103.0,101.0,1.0,2,2.0
3,96,96.0,dn8,3,pkg69,102.0,110.0,115,8.065044950046229,110,103,1.0,5,7
3,98,98.0,dn6,2,pkg70,105.0,114.0,123,8.065044950046229,109.0,105.0,1.0,9,4.0
3,99,99.0,dn7,3,pkg71,104.0,114.0,121,8.065044950046229,113,106,1.0,7,7
3,99,99.0,dn9,3,pkg72,107.0,115.0,119,8.065044950046229,112.0,107.0,1.0,4,5.0
4,0,0.0,dn1,1,pkg16,5.0,12.0,22,8.065044950046229,18,9,0.6964162111435814,10,9
4,0,0.0,dn2,1,pkg14,5.0,13.0,24,8.065044950046229,28,14,0.6793222358514858,11,14
4,0,0.0,dn3,1,pkg2,7.0,14.0,19,8.065044950046229,9.0,7.0,1.0,5,2.0
4,2,2.0,dn7,3,pkg15,5.0,15.0,19,8.065044950046229,10,6,1.0,4,4
4,2,2.0,dn8,3,pkg1,5.0,15.0,22,8.065044950046229,14,8,1.0,7,6
4,2,2.0,dn9,3,pkg10,5.0,12.0,22,8.065044950046229,30,16,0.5,10,14
4,2,2.0,dn10,4,pkg17,7.0,12.0,17,8.065044950046229,11.0,7.0,1.0,5,4.0
4,2,2.0,dn11,4,pkg9,8.0,14.0,25,8.065044950046229,32,17,0.5910219106092702,11,15
4,2,2.0,dn12,4,pkg4,9.0,18.0,19,8.065044950046229,10.0,9.0,1.0,1,1.0
4,2,2.0,dn14,5,pkg7,7.0,16.0,23,8.065044950046229,12,7,1.0,7,5
4,2,2.0,dn15,5,pkg13,10.0,20.0,27,8.065044950046229,18,10,1.0,7,8
4,2,2.0,dn5,2,pkg20,7.0,14.0,22,8.065044950046229,22,12,0.9276480006968348,8,10
4,2,2.0,dn4,2,pkg11,8.0,14.0,20,8.065044950046229,16,9,1.0,6,7
4,2,2.0,dn6,2,pkg19,9.0,14.0,21,8.065044950046229,12.0,9.0,0.9987148696173,7,3.0
4,2,2.0,dn13,5,pkg21,9.0,14.0,16,8.065044950046229,11.0,9.0,1.0,2,2.0
4,9,9.0,dn3,1,pkg6,9.0,15.0,18,8.065044950046229,13,11,1.0,3,2
4,10,10.0,dn7,3,pkg24,10.0,18.0,22,8.065044950046229,18,14,1.0,4,4
4,10,10.0,dn12,4,pkg23,13.0,23.0,30,8.065044950046229,20,15,1.0,7,5
4,11,11.0,dn10,4,pkg8,10.0,15.0,23,8.065044950046229,19,15,0.07235199930316516,8,4
4,11,11.0,dn13,5,pkg18,9.0,14.0,17,8.065044950046229,19,15,0.5,3,4
4,12,12.0,dn6,2,pkg22,10.0,19.0,30,8.065044950046229,38,25,0.16312821123346516,11,13
4,12,12.0,dn14,5,pkg25,13.0,21.0,25,8.065044950046229,20,16,1.0,4,4
4,13,13.0,dn3,1,pkg5,10.0,16.0,27,8.065044950046229,23,18,0.00043788595842408906,11,5
4,14,14.0,dn8,3,pkg12,10.0,15.0,22,8.065044950046229,34,24,0.0,7,10
4,16,16.0,dn4,2,pkg29,22.0,28.0,35,8.065044950046229,36,26,0.9987148696173,7,10
4,18,18.0,dn1,1,pkg30,23.0,28.0,32,8.065044950046229,27.0,23.0,1.0,4,4.0
4,18,18.0,dn7,3,pkg28,20.0,28.0,31,8.065044950046229,22,20,1.0,3,2
4,19,19.0,dn10,4,pkg27,22.0,27.0,34,8.065044950046229,41,30,0.6419870569969255,7,11
4,22,22.0,dn5,2,pkg31,30.0,39.0,44,8.065044950046229,36.0,30.0,1.0,5,6.0
4,24,24.0,dn7,3,pkg32,28.0,34.0,35,8.065044950046229,29.0,28.0,1.0,1,1.0
4,24,24.0,dn14,5,pkg33,30.0,36.0,39,8.065044950046229,33.0,30.0,1.0,3,3.0
4,25,25.0,dn3,1,pkg34,30.0,35.0,36,8.065044950046229,31.0,30.0,1.0,1,1.0
4,26,26.0,dn12,4,pkg35,35.0,41.0,50,8.065044950046229,44,35,0.9919349550499538,9,9
4,31,31.0,dn3,1,pkg36,38.0,47.0,49,8.065044950046229,40.0,38.0,1.0,2,2.0
4,34,34.0,dn8,3,pkg38,43.0,53.0,55,8.065044950046229,44.0,43.0,1.0,2,1.0
4,34,34.0,dn11,4,pkg37,39.0,45.0,52,8.065044950046229,46,40,0.9623380203040381,7,6
4,36,36.0,dn4,2,pkg39,45.0,52.0,59,8.065044950046229,52.0,45.0,1.0,7,7.0
4,39,39.0,dn7,3,pkg40,45.0,54.0,59,8.065044950046229,51,45,1.0,5,6
4,39,39.0,dn9,3,pkg41,48.0,54.0,57,8.065044950046229,51.0,48.0,1.0,3,3.0
4,40,40.0,dn3,1,pkg42,48.0,57.0,60,8.065044950046229,49.0,48.0,1.0,3,1.0
4,41,41.0,dn1,1,pkg43,51.0,61.0,64,8.065044950046229,55.0,51.0,1.0,3,4.0
4,44,44.0,dn2,1,pkg44,52.0,62.0,66,8.065044950046229,58.0,52.0,1.0,4,6.0
4,46,46.0,dn8,3,pkg45,54.0,63.0,65,8.065044950046229,56.0,54.0,1.0,2,2.0
4,49,49.0,dn13,5,pkg46,58.0,64.0,70,8.065044950046229,67,58,1.0,6,9
4,50,50.0,dn5,2,pkg47,57.0,64.0,67,8.065044950046229,58.0,57.0,1.0,3,1.0
4,52,52.0,dn14,5,pkg48,59.0,67.0,70,8.065044950046229,62.0,59.0,1.0,3,3.0
4,54,54.0,dn3,1,pkg49,62.0,67.0,72,8.065044950046229,65.0,62.0,1.0,5,3.0
4,54,54.0,dn11,4,pkg50,64.0,70.0,76,8.065044950046229,67.0,64.0,1.0,6,3.0
4,57,57.0,dn7,3,pkg51,64.0,73.0,79,8.065044950046229,69.0,64.0,1.0,6,5.0
4,59,59.0,dn8,3,pkg52,63.0,73.0,78,8.065044950046229,69,64,1.0,5,5
4,63,63.0,dn4,2,pkg53,72.0,79.0,85,8.065044950046229,77.0,72.0,1.0,6,5.0
4,63,63.0,dn9,3,pkg54,70.0,76.0,87,8.065044950046229,93,78,0.6793222358514858,11,15
4,65,65.0,dn5,2,pkg55,74.0,82.0,91,8.065044950046229,82.0,74.0,1.0,9,8.0
4,66,66.0,dn1,1,pkg56,74.0,82.0,88,8.065044950046229,77.0,74.0,1.0,6,3.0
4,68,68.0,dn6,2,pkg57,74.0,81.0,84,8.065044950046229,76.0,74.0,1.0,3,2.0
4,71,71.0,dn7,3,pkg58,78.0,88.0,95,8.065044950046229,85,78,1.0,7,7
4,74,74.0,dn2,1,pkg59,82.0,91.0,97,8.065044950046229,85.0,82.0,1.0,6,3.0
4,76,76.0,dn8,3,pkg60,85.0,93.0,97,8.065044950046229,87.0,85.0,1.0,4,2.0
4,80,80.0,dn3,1,pkg62,90.0,99.0,102,8.065044950046229,94.0,90.0,1.0,3,4.0
4,80,80.0,dn4,2,pkg61,89.0,96.0,102,8.065044950046229,98,89,1.0,6,9
4,82,82.0,dn5,2,pkg63,89.0,97.0,107,8.065044950046229,96,89,0.9276480006968348,10,7
4,83,83.0,dn1,1,pkg64,90.0,100.0,102,8.065044950046229,92.0,90.0,1.0,2,2.0
4,85,85.0,dn13,5,pkg65,93.0,99.0,102,8.065044950046229,96.0,93.0,1.0,3,3.0
4,85,85.0,dn14,5,pkg66,94.0,99.0,102,8.065044950046229,99.0,94.0,1.0,3,5.0
4,88,88.0,dn6,2,pkg68,98.0,108.0,116,8.065044950046229,107.0,98.0,1.0,8,9.0
4,88,88.0,dn10,4,pkg67,92.0,100.0,102,8.065044950046229,94.0,92.0,1.0,2,2.0
4,89,89.0,dn7,3,pkg69,97.0,102.0,110,8.065044950046229,101.0,97.0,0.981497059608109,8,4.0
4,90,90.0,dn15,5,pkg70,96.0,101.0,103,8.065044950046229,99.0,96.0,1.0,2,3.0
4,96,96.0,dn10,4,pkg71,104.0,111.0,114,8.065044950046229,108.0,104.0,1.0,3,4.0
4,98,98.0,dn1,1,pkg73,103.0,111.0,115,8.065044950046229,105.0,103.0,1.0,4,2.0
4,98,98.0,dn2,1,pkg72,103.0,113.0,119,8.065044950046229,108,103,1.0,6,5
5,0,0.0,dn7,3,pkg3,6.0,15.0,20,8.065044950046229,12,6,1.0,5,6
5,0,0.0,dn8,3,pkg7,5.0,10.0,19,8.065044950046229,14,7,0.6109752255499895,9,7
5,0,0.0,dn9,3,pkg11,5.0,12.0,22,8.065044950046229,10,5,0.6964162111435814,10,5
5,1,1.0,dn1,1,pkg21,9.0,16.0,19,8.065044950046229,11.0,9.0,1.0,3,2.0
5,1,1.0,dn2,1,pkg2,9.0,17.0,20,8.065044950046229,11.0,9.0,1.0,3,2.0
5,1,1.0,dn3,1,pkg5,6.0,16.0,21,8.065044950046229,11,6,1.0,5,5
5,1,1.0,dn4,2,pkg13,5.0,13.0,17,8.065044950046229,9,5,1.0,4,4
5,1,1.0,dn5,2,pkg18,6.0,14.0,25,8.065044950046229,19,10,0.6793222358514858,11,9
5,1,1.0,dn10,4,pkg15,5.0,12.0,16,8.065044950046229,9,5,1.0,4,4
5,1,1.0,dn12,4,pkg16,7.0,17.0,23,8.065044950046229,11.0,7.0,1.0,6,4.0
5,1,1.0,dn13,5,pkg17,6.0,11.0,18,8.065044950046229,21,11,0.8837170879173109,7,10
5,1,1.0,dn14,5,pkg1,6.0,16.0,26,8.065044950046229,21,11,0.9276480006968348,10,10
5,1,1.0,dn15,5,pkg9,8.0,16.0,24,8.065044950046229,21,11,1.0,8,10
5,1,1.0,dn11,4,pkg6,8.0,16.0,20,8.065044950046229,12.0,8.0,1.0,4,4.0
5,1,1.0,dn6,2,pkg14,8.0,16.0,22,8.065044950046229,15,8,1.0,6,7
5,9,9.0,dn4,2,pkg20,9.0,16.0,18,8.065044950046229,13,11,1.0,2,2
5,9,9.0,dn10,4,pkg25,17.0,26.0,34,8.065044950046229,24.0,17.0,1.0,8,7.0
5,10,10.0,dn9,3,pkg22,10.0,18.0,25,8.065044950046229,28,19,0.6419870569969255,7,9
5,11,11.0,dn1,1,pkg24,11.0,18.0,23,8.065044950046229,21,16,0.8638529812987656,5,5
5,11,11.0,dn3,1,pkg19,8.0,15.0,21,8.065044950046229,19,15,0.18695048315002943,6,4
5,11,11.0,dn12,4,pkg8,10.0,19.0,25,8.065044950046229,25,18,0.8130495168499705,6,7
5,11,11.0,dn2,1,pkg23,10.0,16.0,19,8.065044950046229,19,15,0.9919349550499538,3,4
5,12,12.0,dn7,3,pkg10,10.0,15.0,23,8.065044950046229,32,22,0.018502940391891043,8,10
5,12,12.0,dn11,4,pkg26,17.0,23.0,34,8.065044950046229,26,19,0.5,11,7
5,13,13.0,dn4,2,pkg12,10.0,15.0,26,8.065044950046229,27,20,0.0,11,7
5,17,17.0,dn6,2,pkg28,21.0,31.0,38,8.065044950046229,25,21,1.0,7,4
5,19,19.0,dn2,1,pkg27,24.0,34.0,40,8.065044950046229,33,26,1.0,6,7
5,19,19.0,dn3,1,pkg30,28.0,34.0,41,8.065044950046229,35.0,28.0,1.0,7,7.0
5,19,19.0,dn5,2,pkg29,24.0,33.0,36,8.065044950046229,26.0,24.0,1.0,3,2.0
5,21,21.0,dn8,3,pkg31,27.0,35.0,39,8.065044950046229,31.0,27.0,1.0,4,4.0
5,26,26.0,dn5,2,pkg32,36.0,41.0,49,8.065044950046229,42.0,36.0,1.0,8,6.0
5,28,28.0,dn9,3,pkg33,35.0,40.0,43,8.065044950046229,39.0,35.0,1.0,3,4.0
5,29,29.0,dn1,1,pkg34,36.0,41.0,45,8.065044950046229,40.0,36.0,1.0,4,4.0
5,31,31.0,dn4,2,pkg35,38.0,47.0,55,8.065044950046229,41.0,38.0,1.0,8,3.0
5,38,38.0,dn6,2,pkg36,46.0,51.0,56,8.065044950046229,50.0,46.0,1.0,5,4.0
5,40,40.0,dn2,1,pkg37,46.0,55.0,62,8.065044950046229,51.0,46.0,1.0,7,5.0
5,40,40.0,dn3,1,pkg38,47.0,56.0,62,8.065044950046229,56,48,1.0,6,8
5,41,41.0,dn13,5,pkg39,51.0,56.0,58,8.065044950046229,54.0,51.0,1.0,2,3.0
5,45,45.0,dn1,1,pkg40,53.0,62.0,66,8.065044950046229,55.0,53.0,1.0,4,2.0
5,45,45.0,dn10,4,pkg41,50.0,55.0,60,8.065044950046229,55,50,1.0,5,5
5,50,50.0,dn4,2,pkg42,54.0,63.0,67,8.065044950046229,60,55,1.0,4,5
5,52,52.0,dn5,2,pkg43,58.0,66.0,74,8.065044950046229,72,62,1.0,8,10
5,56,56.0,dn3,1,pkg44,65.0,74.0,81,8.065044950046229,70.0,65.0,1.0,7,5.0
5,59,59.0,dn1,1,pkg45,66.0,74.0,82,8.065044950046229,72.0,66.0,1.0,8,6.0
5,59,59.0,dn8,3,pkg46,68.0,76.0,79,8.065044950046229,71.0,68.0,1.0,3,3.0
5,61,61.0,dn13,5,pkg47,67.0,77.0,88,8.065044950046229,89,75,0.9006778457052591,11,14
5,61,61.0,dn2,1,pkg48,70.0,78.0,83,8.065044950046229,75.0,70.0,1.0,5,5.0
5,62,62.0,dn10,4,pkg49,69.0,75.0,85,8.065044950046229,94,78,0.7855682414064981,10,16
5,65,65.0,dn4,2,pkg50,69.0,78.0,82,8.065044950046229,75,70,1.0,4,5
5,68,68.0,dn7,3,pkg51,76.0,82.0,90,8.065044950046229,81.0,76.0,1.0,8,5.0
5,69,69.0,dn11,4,pkg52,75.0,84.0,95,8.065044950046229,81,75,0.8368717887665349,11,6
5,70,70.0,dn3,1,pkg53,77.0,87.0,94,8.065044950046229,86,78,1.0,7,8
5,70,70.0,dn15,5,pkg54,78.0,84.0,94,8.065044950046229,82.0,78.0,0.8638529812987656,10,4.0
5,77,77.0,dn4,2,pkg55,86.0,94.0,102,8.065044950046229,93.0,86.0,1.0,8,7.0
5,80,80.0,dn8,3,pkg57,85.0,92.0,101,8.065044950046229,108,94,0.8130495168499705,9,14
5,80,80.0,dn9,3,pkg56,89.0,94.0,96,8.065044950046229,91.0,89.0,1.0,2,2.0
5,81,81.0,dn5,2,pkg58,89.0,98.0,106,8.065044950046229,99,90,1.0,8,9
5,82,82.0,dn1,1,pkg59,90.0,98.0,107,8.065044950046229,95.0,90.0,1.0,9,5.0
5,85,85.0,dn2,1,pkg60,92.0,101.0,109,8.065044950046229,109,97,1.0,8,12
5,87,87.0,dn11,4,pkg61,91.0,96.0,102,8.065044950046229,97,92,0.9276480006968348,6,5
5,89,89.0,dn7,3,pkg62,98.0,105.0,107,8.065044950046229,100.0,98.0,1.0,2,2.0
5,91,91.0,dn6,2,pkg63,96.0,104.0,106,8.065044950046229,98.0,96.0,1.0,2,2.0
5,92,92.0,dn3,1,pkg64,98.0,104.0,110,8.065044950046229,112,102,1.0,6,10
5,92,92.0,dn9,3,pkg65,99.0,106.0,115,8.065044950046229,110,101,0.9554953287499572,9,9
5,94,94.0,dn4,2,pkg66,100.0,108.0,116,8.065044950046229,116,105,1.0,8,11
5,95,95.0,dn13,5,pkg67,99.0,105.0,108,8.065044950046229,101.0,99.0,1.0,3,2.0
5,95,95.0,dn14,5,pkg68,103.0,111.0,122,8.065044950046229,115,105,0.9006778457052591,11,10
5,99,99.0,dn15,5,pkg69,107.0,115.0,120,8.065044950046229,113.0,107.0,1.0,5,6.0
6,0,0.0,dn2,1,pkg9,6.0,14.0,20,8.065044950046229,11.0,6.0,1.0,6,5.0
6,0,0.0,dn3,1,pkg16,8.0,14.0,20,8.065044950046229,14.0,8.0,1.0,6,6.0
6,0,0.0,dn4,2,pkg4,10.0,20.0,27,8.065044950046229,19.0,10.0,1.0,7,9.0
6,0,0.0,dn8,3,pkg10,5.0,13.0,19,8.065044950046229,12,6,1.0,6,6
6,0,0.0,dn9,3,pkg21,6.0,12.0,22,8.065044950046229,24,12,0.6964162111435814,10,12
6,0,0.0,dn14,5,pkg17,9.0,18.0,23,8.065044950046229,15.0,9.0,1.0,5,6.0
6,0,0.0,dn15,5,pkg22,5.0,11.0,18,8.065044950046229,9.0,5.0,0.9623380203040381,7,4.0
6,0,0.0,dn5,2,pkg11,10.0,19.0,27,8.065044950046229,26,13,1.0,8,13
6,0,0.0,dn7,3,pkg1,7.0,12.0,14,8.065044950046229,9.0,7.0,1.0,2,2.0
6,0,0.0,dn1,1,pkg20,6.0,14.0,19,8.065044950046229,10.0,6.0,1.0,5,4.0
6,0,0.0,dn13,5,pkg3,7.0,15.0,25,8.065044950046229,26,13,0.9276480006968348,10,13
6,1,1.0,dn10,4,pkg19,6.0,13.0,17,8.065044950046229,11,6,1.0,4,5
6,1,1.0,dn11,4,pkg6,7.0,14.0,19,8.065044950046229,12.0,7.0,1.0,5,5.0
6,1,1.0,dn12,4,pkg13,7.0,13.0,23,8.065044950046229,17,9,0.6964162111435814,10,8
6,1,1.0,dn6,2,pkg8,8.0,13.0,18,8.065044950046229,14.0,8.0,1.0,5,6.0
6,9,9.0,dn7,3,pkg15,8.0,16.0,18,8.065044950046229,15,12,1.0,2,3
6,9,9.0,dn15,5,pkg7,8.0,14.0,17,8.065044950046229,19,14,0.9919349550499538,3,5
6,10,10.0,dn1,1,pkg25,17.0,24.0,30,8.065044950046229,23.0,17.0,1.0,6,6.0
6,11,11.0,dn2,1,pkg24,13.0,22.0,29,8.065044950046229,29,20,0.9623380203040381,7,9
6,11,11.0,dn10,4,pkg5,9.0,15.0,18,8.065044950046229,15,13,0.8130495168499705,3,2
6,12,12.0,dn8,3,pkg14,8.0,17.0,19,8.065044950046229,18,15,1.0,2,3
6,12,12.0,dn11,4,pkg27,20.0,26.0,30,8.065044950046229,24.0,20.0,1.0,4,4.0
6,14,14.0,dn3,1,pkg26,19.0,25.0,34,8.065044950046229,38,26,0.7169814111499796,9,12
6,14,14.0,dn6,2,pkg28,22.0,29.0,39,8.065044950046229,38,26,0.9276480006968348,10,12
6,15,15.0,dn7,3,pkg12,10.0,16.0,24,8.065044950046229,31,23,0.0,8,8
6,15,15.0,dn10,4,pkg23,13.0,20.0,29,8.065044950046229,27,21,0.10578949730003717,9,6
6,15,15.0,dn14,5,pkg29,23.0,30.0,39,8.065044950046229,37,26,0.9919349550499538,9,11
6,18,18.0,dn8,3,pkg30,22.0,29.0,38,8.065044950046229,32,25,0.7169814111499796,9,7
6,23,23.0,dn1,1,pkg31,31.0,39.0,44,8.065044950046229,36.0,31.0,1.0,5,5.0
6,31,31.0,dn7,3,pkg32,41.0,51.0,60,8.065044950046229,53,42,1.0,9,11
6,32,32.0,dn4,2,pkg33,38.0,44.0,54,8.065044950046229,42.0,38.0,0.6964162111435814,10,4.0
6,35,35.0,dn8,3,pkg34,39.0,47.0,51,8.065044950046229,45,40,1.0,4,5
6,38,38.0,dn5,2,pkg35,43.0,53.0,57,8.065044950046229,48,43,1.0,4,5
6,38,38.0,dn6,2,pkg36,44.0,50.0,52,8.065044950046229,46.0,44.0,1.0,2,2.0
6,42,42.0,dn1,1,pkg37,51.0,57.0,61,8.065044950046229,53.0,51.0,1.0,4,2.0
6,47,47.0,dn3,1,pkg39,57.0,66.0,72,8.065044950046229,63.0,57.0,1.0,6,6.0
6,47,47.0,dn4,2,pkg38,53.0,63.0,68,8.065044950046229,56.0,53.0,1.0,5,3.0
6,49,49.0,dn2,1,pkg40,58.0,66.0,74,8.065044950046229,66.0,58.0,1.0,8,8.0
6,52,52.0,dn5,2,pkg41,57.0,64.0,66,8.065044950046229,60.0,57.0,1.0,2,3.0
6,52,52.0,dn6,2,pkg42,59.0,68.0,71,8.065044950046229,61.0,59.0,1.0,3,2.0
6,56,56.0,dn7,3,pkg43,60.0,65.0,68,8.065044950046229,64,60,1.0,3,4
6,58,58.0,dn8,3,pkg44,65.0,74.0,83,8.065044950046229,74,66,1.0,9,8
6,62,62.0,dn1,1,pkg45,70.0,78.0,83,8.065044950046229,73.0,70.0,1.0,5,3.0
6,63,63.0,dn9,3,pkg46,72.0,77.0,80,8.065044950046229,74.0,72.0,1.0,3,2.0
6,63,63.0,dn13,5,pkg47,70.0,78.0,87,8.065044950046229,79,71,0.9919349550499538,9,8
6,66,66.0,dn4,2,pkg48,73.0,81.0,88,8.065044950046229,88,77,1.0,7,11
6,67,67.0,dn2,1,pkg49,72.0,82.0,90,8.065044950046229,85,76,1.0,8,9
6,68,68.0,dn5,2,pkg50,75.0,84.0,93,8.065044950046229,96,82,1.0,9,14
6,71,71.0,dn3,1,pkg51,77.0,82.0,88,8.065044950046229,85,78,1.0,6,7
6,73,73.0,dn6,2,pkg52,80.0,89.0,97,8.065044950046229,89,81,1.0,8,8
6,74,74.0,dn1,1,pkg53,82.0,88.0,94,8.065044950046229,90,82,1.0,6,8
6,76,76.0,dn7,3,pkg54,85.0,93.0,102,8.065044950046229,100,88,1.0,9,12
6,78,78.0,dn10,4,pkg55,82.0,87.0,95,8.065044950046229,88,83,0.6245996472618536,8,5
6,81,81.0,dn11,4,pkg56,89.0,96.0,105,8.065044950046229,94.0,89.0,0.9919349550499538,9,5.0
6,84,84.0,dn12,4,pkg58,92.0,99.0,102,8.065044950046229,96.0,92.0,1.0,3,4.0
6,87,87.0,dn3,1,pkg60,97.0,104.0,111,8.065044950046229,109,98,1.0,7,11
6,87,87.0,dn8,3,pkg59,95.0,100.0,107,8.065044950046229,98.0,95.0,1.0,7,3.0
6,89,89.0,dn4,2,pkg57,91.0,97.0,108,8.065044950046229,119,104,0.2378206096404078,11,15
6,90,90.0,dn1,1,pkg61,97.0,103.0,108,8.065044950046229,102.0,97.0,1.0,5,5.0
6,94,94.0,dn11,4,pkg62,100.0,106.0,115,8.065044950046229,108,101,0.8130495168499705,9,7
6,99,99.0,dn8,3,pkg64,106.0,116.0,123,8.065044950046229,111.0,106.0,1.0,7,5.0
6,99,99.0,dn13,5,pkg63,104.0,111.0,115,8.065044950046229,109,104,1.0,4,5
7,0,0.0,dn1,1,pkg15,7.0,17.0,21,8.065044950046229,8.0,7.0,1.0,4,1.0
7,0,0.0,dn2,1,pkg9,5.0,11.0,20,8.065044950046229,14,7,0.7169814111499796,9,7
7,0,0.0,dn3,1,pkg20,7.0,16.0,22,8.065044950046229,9.0,7.0,1.0,6,2.0
7,4,4.0,dn4,2,pkg5,5.0,10.0,12,8.065044950046229,6,5,1.0,2,1
7,4,4.0,dn5,2,pkg14,5.0,12.0,17,8.065044950046229,14,9,0.9733308694771554,5,5
7,4,4.0,dn6,2,pkg10,5.0,12.0,18,8.065044950046229,12,8,0.8130495168499705,6,4
7,4,4.0,dn8,3,pkg2,8.0,18.0,26,8.065044950046229,22,13,1.0,8,9
7,4,4.0,dn10,4,pkg18,5.0,11.0,13,8.065044950046229,8,6,1.0,2,2
7,4,4.0,dn11,4,pkg8,10.0,15.0,18,8.065044950046229,14.0,10.0,1.0,3,4.0
7,4,4.0,dn12,4,pkg1,10.0,15.0,20,8.065044950046229,13.0,10.0,1.0,5,3.0
7,4,4.0,dn13,5,pkg12,10.0,20.0,26,8.065044950046229,20,12,1.0,6,8
7,4,4.0,dn14,5,pkg13,5.0,12.0,18,8.065044950046229,22,13,0.8130495168499705,6,9
7,4,4.0,dn15,5,pkg19,6.0,13.0,21,8.065044950046229,16,10,0.6245996472618536,8,6
7,4,4.0,dn9,3,pkg16,7.0,17.0,27,8.065044950046229,32,18,0.7855682414064981,10,14
7,4,4.0,dn7,3,pkg25,10.0,15.0,18,8.065044950046229,13.0,10.0,1.0,3,3.0
7,6,6.0,dn4,2,pkg11,5.0,10.0,20,8.065044950046229,32,19,0.02666913052284453,10,13
7,8,8.0,dn1,1,pkg22,6.0,14.0,16,8.065044950046229,12,10,1.0,2,2
7,8,8.0,dn10,4,pkg4,7.0,14.0,25,8.065044950046229,36,22,0.0993221542947409,11,14
7,9,9.0,dn3,1,pkg23,11.0,18.0,22,8.065044950046229,17,13,1.0,4,4
7,12,12.0,dn1,1,pkg6,9.0,19.0,29,8.065044950046229,30,21,0.21443175859350194,10,9
7,12,12.0,dn6,2,pkg21,8.0,18.0,21,8.065044950046229,20,16,1.0,3,4
7,13,13.0,dn12,4,pkg26,16.0,25.0,30,8.065044950046229,27,20,1.0,5,7
7,14,14.0,dn2,1,pkg29,19.0,25.0,31,8.065044950046229,22.0,19.0,1.0,6,3.0
7,14,14.0,dn5,2,pkg24,10.0,16.0,19,8.065044950046229,22,18,0.18695048315002943,3,4
7,14,14.0,dn11,4,pkg28,21.0,27.0,34,8.065044950046229,32,23,1.0,7,9
7,16,16.0,dn15,5,pkg30,23.0,29.0,37,8.065044950046229,34,25,0.981497059608109,8,9
7,20,20.0,dn6,2,pkg27,15.0,25.0,29,8.065044950046229,32,26,0.742124235688649,4,6
7,20,20.0,dn7,3,pkg32,28.0,37.0,41,8.065044950046229,33.0,28.0,1.0,4,5.0
7,22,22.0,dn5,2,pkg33,29.0,34.0,38,8.065044950046229,33.0,29.0,1.0,4,4.0
7,24,24.0,dn2,1,pkg34,30.0,35.0,41,8.065044950046229,34.0,30.0,1.0,6,4.0
7,29,29.0,dn3,1,pkg35,33.0,42.0,43,8.065044950046229,34.0,33.0,1.0,1,1.0
7,30,30.0,dn1,1,pkg36,39.0,45.0,53,8.065044950046229,43.0,39.0,1.0,8,4.0
7,32,32.0,dn9,3,pkg37,41.0,49.0,52,8.065044950046229,45.0,41.0,1.0,3,4.0
7,34,34.0,dn15,5,pkg38,40.0,46.0,56,8.065044950046229,50,42,0.6964162111435814,10,8
7,38,38.0,dn2,1,pkg39,47.0,57.0,62,8.065044950046229,50.0,47.0,1.0,5,3.0
7,39,39.0,dn4,2,pkg40,47.0,53.0,59,8.065044950046229,53.0,47.0,1.0,6,6.0
7,42,42.0,dn5,2,pkg41,48.0,54.0,58,8.065044950046229,51.0,48.0,1.0,4,3.0
7,42,42.0,dn10,4,pkg42,48.0,57.0,61,8.065044950046229,51.0,48.0,1.0,4,3.0
7,43,43.0,dn1,1,pkg43,51.0,57.0,63,8.065044950046229,58.0,51.0,1.0,6,7.0
7,45,45.0,dn7,3,pkg44,50.0,56.0,62,8.065044950046229,59,52,1.0,6,7
7,46,46.0,dn3,1,pkg45,52.0,61.0,69,8.065044950046229,60,53,1.0,8,7
7,48,48.0,dn8,3,pkg46,52.0,61.0,67,8.065044950046229,66,57,1.0,6,9
7,52,52.0,dn2,1,pkg47,61.0,70.0,80,8.065044950046229,64.0,61.0,1.0,10,3.0
7,54,54.0,dn4,2,pkg48,59.0,64.0,70,8.065044950046229,64,59,0.9919349550499538,6,5
7,57,57.0,dn13,5,pkg50,62.0,68.0,75,8.065044950046229,71,64,0.9623380203040381,7,7
7,57,57.0,dn14,5,pkg49,65.0,71.0,75,8.065044950046229,68.0,65.0,1.0,4,3.0
7,59,59.0,dn7,3,pkg51,69.0,78.0,88,8.065044950046229,87,73,1.0,10,14
7,60,60.0,dn5,2,pkg52,70.0,79.0,85,8.065044950046229,78.0,70.0,1.0,6,8.0
7,62,62.0,dn6,2,pkg53,70.0,76.0,79,8.065044950046229,72.0,70.0,1.0,3,2.0
7,64,64.0,dn1,1,pkg54,73.0,81.0,90,8.065044950046229,90,77,1.0,9,13
7,67,67.0,dn4,2,pkg55,72.0,81.0,87,8.065044950046229,77,72,1.0,6,5
7,70,70.0,dn8,3,pkg56,76.0,85.0,92,8.065044950046229,84,77,1.0,7,7
7,73,73.0,dn9,3,pkg57,78.0,83.0,89,8.065044950046229,82.0,78.0,0.9919349550499538,6,4.0
7,76,76.0,dn2,1,pkg58,81.0,91.0,99,8.065044950046229,100,88,1.0,8,12
7,78,78.0,dn3,1,pkg59,86.0,92.0,95,8.065044950046229,90.0,86.0,1.0,3,4.0
7,80,80.0,dn4,2,pkg61,87.0,95.0,100,8.065044950046229,94,87,1.0,5,7
7,80,80.0,dn10,4,pkg60,87.0,93.0,101,8.065044950046229,98,89,0.981497059608109,8,9
7,83,83.0,dn9,3,pkg62,90.0,100.0,102,8.065044950046229,92.0,90.0,1.0,2,2.0
7,85,85.0,dn8,3,pkg63,90.0,97.0,102,8.065044950046229,99,92,1.0,5,7
7,87,87.0,dn7,3,pkg64,92.0,98.0,108,8.065044950046229,107,97,0.6000193206335656,10,10
7,88,88.0,dn13,5,pkg65,93.0,103.0,111,8.065044950046229,100,94,1.0,8,6
7,90,90.0,dn14,5,pkg66,99.0,105.0,115,8.065044950046229,114,102,0.9276480006968348,10,12
7,93,93.0,dn1,1,pkg67,97.0,106.0,107,8.065044950046229,98.0,97.0,1.0,1,1.0
7,96,96.0,dn11,4,pkg68,101.0,111.0,114,8.065044950046229,105.0,101.0,1.0,3,4.0
8,1,1.0,dn1,1,pkg10,5.0,12.0,16,8.065044950046229,13,7,1.0,4,6
8,1,1.0,dn3,1,pkg16,5.0,10.0,20,8.065044950046229,25,13,0.39998067936643444,10,12
8,1,1.0,dn4,2,pkg13,5.0,10.0,16,8.065044950046229,9,5,0.9276480006968348,6,4
8,1,1.0,dn5,2,pkg2,5.0,10.0,19,8.065044950046229,17,9,0.5,9,8
8,1,1.0,dn6,2,pkg14,5.0,13.0,19,8.065044950046229,17,9,1.0,6,8
8,1,1.0,dn8,3,pkg3,7.0,14.0,17,8.065044950046229,10.0,7.0,1.0,3,3.0
8,1,1.0,dn9,3,pkg5,5.0,13.0,17,8.065044950046229,7.0,5.0,1.0,4,2.0
8,1,1.0,dn10,4,pkg19,5.0,11.0,14,8.065044950046229,9,5,1.0,3,4
8,1,1.0,dn11,4,pkg4,9.0,19.0,26,8.065044950046229,13.0,9.0,1.0,7,4.0
8,1,1.0,dn12,4,pkg22,9.0,18.0,27,8.065044950046229,17,9,1.0,9,8
8,1,1.0,dn15,5,pkg15,10.0,16.0,21,8.065044950046229,14.0,10.0,1.0,5,4.0
8,1,1.0,dn14,5,pkg18,6.0,16.0,24,8.065044950046229,13,7,1.0,8,6
8,1,1.0,dn2,1,pkg23,6.0,16.0,20,8.065044950046229,10.0,6.0,1.0,4,4.0
8,1,1.0,dn7,3,pkg6,6.0,14.0,19,8.065044950046229,11,6,1.0,5,5
8,1,1.0,dn13,5,pkg11,7.0,12.0,16,8.065044950046229,11.0,7.0,1.0,4,4.0
8,7,7.0,dn9,3,pkg28,16.0,25.0,31,8.065044950046229,21.0,16.0,1.0,6,5.0
8,9,9.0,dn10,4,pkg26,14.0,21.0,24,8.065044950046229,18.0,14.0,1.0,3,4.0
8,9,9.0,dn4,2,pkg8,9.0,18.0,27,8.065044950046229,29,19,0.5,9,10
8,10,10.0,dn2,1,pkg17,7.0,12.0,20,8.065044950046229,18,14,0.0,8,4
8,10,10.0,dn8,3,pkg1,7.0,17.0,23,8.065044950046229,20,15,0.6649100133406095,6,5
8,11,11.0,dn7,3,pkg12,8.0,15.0,18,8.065044950046229,19,15,0.8130495168499705,3,4
8,11,11.0,dn13,5,pkg25,9.0,18.0,28,8.065044950046229,21,16,0.21443175859350194,10,5
8,13,13.0,dn1,1,pkg27,11.0,18.0,21,8.065044950046229,19,16,0.9919349550499538,3,3
8,13,13.0,dn14,5,pkg9,10.0,17.0,21,8.065044950046229,19,16,0.5,4,3
8,13,13.0,dn11,4,pkg24,12.0,17.0,24,8.065044950046229,33,23,0.11628291208268915,7,10
8,14,14.0,dn15,5,pkg30,21.0,28.0,33,8.065044950046229,24.0,21.0,1.0,5,3.0
8,17,17.0,dn5,2,pkg31,23.0,32.0,37,8.065044950046229,28.0,23.0,1.0,5,5.0
8,17,17.0,dn12,4,pkg29,16.0,23.0,25,8.065044950046229,21,19,1.0,2,2
8,19,19.0,dn1,1,pkg33,25.0,35.0,45,8.065044950046229,47,33,0.9733308694771554,10,14
8,19,19.0,dn7,3,pkg32,23.0,33.0,41,8.065044950046229,37,28,1.0,8,9
8,24,24.0,dn15,5,pkg34,32.0,40.0,48,8.065044950046229,40,32,1.0,8,8
8,25,25.0,dn3,1,pkg35,34.0,41.0,49,8.065044950046229,43,34,1.0,8,9
8,26,26.0,dn2,1,pkg36,33.0,40.0,48,8.065044950046229,46,36,1.0,8,10
8,32,32.0,dn4,2,pkg37,37.0,42.0,49,8.065044950046229,42,37,0.8837170879173109,7,5
8,33,33.0,dn11,4,pkg38,42.0,48.0,52,8.065044950046229,45.0,42.0,1.0,4,3.0
8,36,36.0,dn5,2,pkg39,44.0,52.0,59,8.065044950046229,52,44,1.0,7,8
8,36,36.0,dn6,2,pkg40,46.0,56.0,59,8.065044950046229,47.0,46.0,1.0,3,1.0
8,38,38.0,dn10,4,pkg41,47.0,55.0,62,8.065044950046229,52.0,47.0,1.0,7,5.0
8,38,38.0,dn12,4,pkg42,47.0,54.0,64,8.065044950046229,58,48,0.9733308694771554,10,10
8,39,39.0,dn7,3,pkg43,45.0,54.0,61,8.065044950046229,50.0,45.0,1.0,7,5.0
8,43,43.0,dn4,2,pkg44,50.0,59.0,69,8.065044950046229,54.0,50.0,0.9733308694771554,10,4.0
8,43,43.0,dn13,5,pkg45,49.0,55.0,66,8.065044950046229,77,60,0.5910219106092702,11,17
8,45,45.0,dn8,3,pkg47,51.0,60.0,64,8.065044950046229,56.0,51.0,1.0,4,5.0
8,45,45.0,dn11,4,pkg48,53.0,62.0,72,8.065044950046229,75,60,0.9972791575161781,10,15
8,49,49.0,dn6,2,pkg49,56.0,61.0,63,8.065044950046229,59.0,56.0,1.0,2,3.0
8,51,51.0,dn1,1,pkg50,60.0,68.0,73,8.065044950046229,64.0,60.0,1.0,5,4.0
8,55,55.0,dn2,1,pkg52,61.0,67.0,75,8.065044950046229,67,61,0.9276480006968348,8,6
8,55,55.0,dn3,1,pkg51,63.0,69.0,75,8.065044950046229,73,64,1.0,6,9
8,57,57.0,dn7,3,pkg53,63.0,68.0,71,8.065044950046229,64.0,63.0,1.0,3,1.0
8,59,59.0,dn8,3,pkg54,63.0,69.0,71,8.065044950046229,66.0,63.0,1.0,2,3.0
8,63,63.0,dn4,2,pkg55,68.0,74.0,79,8.065044950046229,71.0,68.0,1.0,5,3.0
8,66,66.0,dn7,3,pkg57,71.0,77.0,81,8.065044950046229,73.0,71.0,1.0,4,2.0
8,66,66.0,dn9,3,pkg56,75.0,80.0,84,8.065044950046229,80.0,75.0,1.0,4,5.0
8,67,67.0,dn2,1,pkg58,75.0,83.0,87,8.065044950046229,79.0,75.0,1.0,4,4.0
8,69,69.0,dn5,2,pkg59,74.0,80.0,87,8.065044950046229,81,75,0.9623380203040381,7,6
8,71,71.0,dn6,2,pkg60,77.0,82.0,85,8.065044950046229,80.0,77.0,1.0,3,3.0
8,71,71.0,dn1,1,pkg61,78.0,87.0,97,8.065044950046229,93,82,0.9733308694771554,10,11
8,74,74.0,dn4,2,pkg62,82.0,88.0,96,8.065044950046229,89.0,82.0,1.0,8,7.0
8,74,74.0,dn7,3,pkg63,81.0,86.0,89,8.065044950046229,84.0,81.0,1.0,3,3.0
8,81,81.0,dn5,2,pkg64,87.0,92.0,103,8.065044950046229,103,92,0.5,11,11
8,81,81.0,dn6,2,pkg65,88.0,98.0,109,8.065044950046229,95,88,0.9508759758087104,11,7
8,86,86.0,dn7,3,pkg66,95.0,102.0,113,8.065044950046229,103.0,95.0,0.9006778457052591,11,8.0
8,88,88.0,dn8,3,pkg67,92.0,97.0,105,8.065044950046229,100,94,0.6245996472618536,8,6
8,90,90.0,dn2,1,pkg68,98.0,106.0,115,8.065044950046229,116,103,1.0,9,13
8,92,92.0,dn3,1,pkg69,98.0,108.0,112,8.065044950046229,101.0,98.0,1.0,4,3.0
8,96,96.0,dn1,1,pkg70,103.0,109.0,113,8.065044950046229,107.0,103.0,1.0,4,4.0
8,99,99.0,dn10,4,pkg71,105.0,111.0,113,8.065044950046229,107.0,105.0,1.0,2,2.0
8,99,99.0,dn11,4,pkg72,108.0,118.0,126,8.065044950046229,112.0,108.0,1.0,8,4.0
9,0,0.0,dn1,1,pkg3,6.0,13.0,17,8.065044950046229,9.0,6.0,1.0,4,3.0
9,0,0.0,dn7,3,pkg7,9.0,18.0,23,8.065044950046229,12.0,9.0,1.0,5,3.0
9,0,0.0,dn8,3,pkg16,10.0,19.0,23,8.065044950046229,12.0,10.0,1.0,4,2.0
9,0,0.0,dn9,3,pkg15,6.0,13.0,22,8.065044950046229,14,7,0.8942105026999628,9,7
9,0,0.0,dn10,4,pkg19,6.0,15.0,18,8.065044950046229,9.0,6.0,1.0,3,3.0
9,0,0.0,dn11,4,pkg21,6.0,11.0,21,8.065044950046229,14,7,0.6000193206335656,10,7
9,0,0.0,dn2,1,pkg17,7.0,12.0,16,8.065044950046229,12.0,7.0,1.0,4,5.0
9,1,1.0,dn3,1,pkg4,9.0,18.0,25,8.065044950046229,13.0,9.0,1.0,7,4.0
9,1,1.0,dn4,2,pkg10,7.0,16.0,18,8.065044950046229,9.0,7.0,1.0,2,2.0
9,1,1.0,dn5,2,pkg2,10.0,20.0,25,8.065044950046229,18.0,10.0,1.0,5,8.0
9,1,1.0,dn6,2,pkg22,7.0,14.0,23,8.065044950046229,21,11,0.8942105026999628,9,10
9,1,1.0,dn13,5,pkg1,8.0,15.0,21,8.065044950046229,14.0,8.0,1.0,6,6.0
9,1,1.0,dn14,5,pkg13,8.0,17.0,26,8.065044950046229,15,8,1.0,9,7
9,1,1.0,dn15,5,pkg11,8.0,18.0,27,8.065044950046229,13.0,8.0,1.0,9,5.0
9,1,1.0,dn12,4,pkg9,7.0,17.0,20,8.065044950046229,8.0,7.0,1.0,3,1.0
9,8,8.0,dn12,4,pkg8,8.0,14.0,21,8.065044950046229,22,15,0.35801294300307457,7,7
9,9,9.0,dn1,1,pkg26,17.0,25.0,30,8.065044950046229,23.0,17.0,1.0,5,6.0
9,9,9.0,dn4,2,pkg25,17.0,27.0,33,8.065044950046229,25,17,1.0,6,8
9,9,9.0,dn10,4,pkg6,10.0,16.0,19,8.065044950046229,13,11,1.0,3,2
9,12,12.0,dn2,1,pkg27,19.0,25.0,29,8.065044950046229,26,19,1.0,4,7
9,12,12.0,dn7,3,pkg28,21.0,26.0,32,8.065044950046229,27.0,21.0,1.0,6,6.0
9,12,12.0,dn8,3,pkg12,9.0,18.0,29,8.065044950046229,34,23,0.0993221542947409,11,11
9,13,13.0,dn3,1,pkg24,16.0,26.0,33,8.065044950046229,33,23,1.0,7,10
9,13,13.0,dn10,4,pkg5,10.0,17.0,20,8.065044950046229,21,17,0.8130495168499705,3,4
9,13,13.0,dn15,5,pkg14,9.0,16.0,20,8.065044950046229,17,15,0.2578757643113509,4,2
9,14,14.0,dn9,3,pkg23,11.0,16.0,23,8.065044950046229,28,21,0.001285130382700006,7,7
9,14,14.0,dn11,4,pkg18,10.0,19.0,29,8.065044950046229,34,24,0.07235199930316516,10,10
9,17,17.0,dn13,5,pkg29,25.0,30.0,33,8.065044950046229,27.0,25.0,1.0,3,2.0
9,19,19.0,dn14,5,pkg30,27.0,35.0,41,8.065044950046229,31.0,27.0,1.0,6,4.0
9,23,23.0,dn1,1,pkg32,31.0,37.0,48,8.065044950046229,49,36,0.7621793903595921,11,13
9,23,23.0,dn15,5,pkg31,32.0,42.0,48,8.065044950046229,37.0,32.0,1.0,6,5.0
9,25,25.0,dn4,2,pkg33,32.0,42.0,53,8.065044950046229,39,32,0.9508759758087104,11,7
9,29,29.0,dn2,1,pkg34,37.0,47.0,55,8.065044950046229,43.0,37.0,1.0,8,6.0
9,31,31.0,dn14,5,pkg35,40.0,49.0,53,8.065044950046229,42.0,40.0,1.0,4,2.0
9,33,33.0,dn6,2,pkg37,41.0,50.0,60,8.065044950046229,55,44,0.9972791575161781,10,11
9,33,33.0,dn10,4,pkg36,38.0,46.0,48,8.065044950046229,40.0,38.0,1.0,2,2.0
9,36,36.0,dn5,2,pkg38,41.0,51.0,57,8.065044950046229,45.0,41.0,1.0,6,4.0
9,39,39.0,dn3,1,pkg39,48.0,57.0,60,8.065044950046229,51.0,48.0,1.0,3,3.0
9,39,39.0,dn12,4,pkg40,49.0,58.0,68,8.065044950046229,59,49,1.0,10,10
9,42,42.0,dn4,2,pkg42,48.0,53.0,56,8.065044950046229,50.0,48.0,1.0,3,2.0
9,44,44.0,dn2,1,pkg41,49.0,58.0,65,8.065044950046229,53.0,49.0,1.0,7,4.0
9,45,45.0,dn7,3,pkg43,53.0,61.0,67,8.065044950046229,56.0,53.0,1.0,6,3.0
9,47,47.0,dn13,5,pkg44,53.0,58.0,61,8.065044950046229,57.0,53.0,1.0,3,4.0
9,49,49.0,dn8,3,pkg45,56.0,64.0,69,8.065044950046229,60.0,56.0,1.0,5,4.0
9,49,49.0,dn9,3,pkg46,56.0,66.0,76,8.065044950046229,63,56,0.9972791575161781,10,7
9,50,50.0,dn5,2,pkg47,60.0,70.0,80,8.065044950046229,72,61,1.0,10,11
9,51,51.0,dn4,2,pkg48,59.0,64.0,66,8.065044950046229,60.0,59.0,1.0,2,1.0
9,54,54.0,dn14,5,pkg49,61.0,68.0,76,8.065044950046229,68,61,1.0,8,7
9,57,57.0,dn1,1,pkg50,61.0,68.0,73,8.065044950046229,69,63,1.0,5,6
9,58,58.0,dn6,2,pkg51,64.0,74.0,78,8.065044950046229,69.0,64.0,1.0,4,5.0
9,59,59.0,dn2,1,pkg52,65.0,73.0,76,8.065044950046229,70.0,65.0,1.0,3,5.0
9,62,62.0,dn4,2,pkg53,67.0,73.0,77,8.065044950046229,72,67,1.0,4,5
9,62,62.0,dn11,4,pkg54,69.0,75.0,82,8.065044950046229,76,69,1.0,7,7
9,64,64.0,dn10,4,pkg56,69.0,74.0,83,8.065044950046229,76,70,0.6109752255499895,9,6
9,64,64.0,dn12,4,pkg55,72.0,82.0,93,8.065044950046229,84,74,0.9847445937098342,11,10
9,68,68.0,dn7,3,pkg57,74.0,83.0,90,8.065044950046229,84,76,1.0,7,8
9,69,69.0,dn1,1,pkg58,77.0,86.0,91,8.065044950046229,80.0,77.0,1.0,5,3.0
9,74,74.0,dn8,3,pkg59,83.0,91.0,100,8.065044950046229,98,86,1.0,9,12
9,75,75.0,dn4,2,pkg60,81.0,91.0,98,8.065044950046229,91,83,1.0,7,8
9,75,75.0,dn5,2,pkg61,85.0,95.0,103,8.065044950046229,92.0,85.0,1.0,8,7.0
9,76,76.0,dn13,5,pkg62,84.0,89.0,92,8.065044950046229,87.0,84.0,1.0,3,3.0
9,79,79.0,dn3,1,pkg64,85.0,91.0,101,8.065044950046229,107,93,0.6964162111435814,10,14
9,79,79.0,dn9,3,pkg63,83.0,91.0,95,8.065044950046229,91,85,1.0,4,6
9,82,82.0,dn6,2,pkg65,88.0,93.0,97,8.065044950046229,93.0,88.0,1.0,4,5.0
9,84,84.0,dn7,3,pkg66,92.0,100.0,107,8.065044950046229,98.0,92.0,1.0,7,6.0
9,91,91.0,dn4,2,pkg67,101.0,109.0,119,8.065044950046229,105.0,101.0,1.0,10,4.0
9,92,92.0,dn1,1,pkg68,97.0,105.0,116,8.065044950046229,116,104,0.6793222358514858,11,12
9,93,93.0,dn13,5,pkg69,101.0,107.0,112,8.065044950046229,106.0,101.0,1.0,5,5.0
9,94,94.0,dn2,1,pkg70,100.0,106.0,116,8.065044950046229,112,103,0.6964162111435814,10,9
9,99,99.0,dn5,2,pkg71,107.0,116.0,124,8.065044950046229,121,110,1.0,8,11
10,0,0.0,dn1,1,pkg14,5.0,11.0,19,8.065044950046229,16,8,0.8454987064453288,8,8
10,0,0.0,dn2,1,pkg8,5.0,12.0,20,8.065044950046229,14,7,0.9276480006968348,8,7
10,0,0.0,dn3,1,pkg10,7.0,16.0,22,8.065044950046229,13.0,7.0,1.0,6,6.0
10,0,0.0,dn4,2,pkg2,6.0,16.0,20,8.065044950046229,8.0,6.0,1.0,4,2.0
10,0,0.0,dn5,2,pkg5,8.0,13.0,18,8.065044950046229,12.0,8.0,1.0,5,4.0
10,0,0.0,dn6,2,pkg4,5.0,11.0,18,8.065044950046229,12,6,0.9623380203040381,7,6
10,0,0.0,dn10,4,pkg6,7.0,12.0,14,8.065044950046229,9.0,7.0,1.0,2,2.0
10,1,1.0,dn7,3,pkg1,5.0,13.0,19,8.065044950046229,13,7,1.0,6,6
10,1,1.0,dn8,3,pkg22,5.0,15.0,19,8.065044950046229,9,5,1.0,4,4
10,1,1.0,dn9,3,pkg12,7.0,16.0,23,8.065044950046229,17,9,1.0,7,8
10,1,1.0,dn11,4,pkg13,8.0,18.0,27,8.065044950046229,13.0,8.0,1.0,9,5.0
10,1,1.0,dn12,4,pkg19,9.0,14.0,20,8.065044950046229,15.0,9.0,1.0,6,6.0
10,1,1.0,dn15,5,pkg7,7.0,14.0,19,8.065044950046229,11.0,7.0,1.0,5,4.0
10,1,1.0,dn14,5,pkg20,9.0,16.0,20,8.065044950046229,13.0,9.0,1.0,4,4.0
10,1,1.0,dn13,5,pkg11,9.0,14.0,22,8.065044950046229,21,11,0.981497059608109,8,10
10,8,8.0,dn4,2,pkg27,13.0,20.0,29,8.065044950046229,32,20,0.8130495168499705,9,12
10,9,9.0,dn8,3,pkg15,10.0,20.0,26,8.065044950046229,21,15,1.0,6,6
10,9,9.0,dn10,4,pkg28,18.0,25.0,30,8.065044950046229,24.0,18.0,1.0,5,6.0
10,11,11.0,dn15,5,pkg30,20.0,28.0,31,8.065044950046229,24.0,20.0,1.0,3,4.0
10,12,12.0,dn5,2,pkg17,7.0,13.0,24,8.065044950046229,30,21,0.0,11,9
10,12,12.0,dn6,2,pkg18,7.0,15.0,25,8.065044950046229,38,25,0.002720842483821817,10,13
10,13,13.0,dn3,1,pkg16,10.0,16.0,24,8.065044950046229,31,22,0.018502940391891043,8,9
10,13,13.0,dn7,3,pkg9,10.0,19.0,22,8.065044950046229,19,16,1.0,3,3
10,13,13.0,dn11,4,pkg29,20.0,25.0,33,8.065044950046229,33,23,0.9276480006968348,8,10
10,13,13.0,dn14,5,pkg31,19.0,29.0,37,8.065044950046229,35,24,1.0,8,11
10,14,14.0,dn2,1,pkg25,11.0,16.0,26,8.065044950046229,34,24,0.0,10,10
10,15,15.0,dn12,4,pkg32,21.0,31.0,40,8.065044950046229,31,23,1.0,9,8
10,16,16.0,dn1,1,pkg26,14.0,23.0,26,8.065044950046229,20,18,1.0,3,2
10,17,17.0,dn9,3,pkg33,24.0,31.0,38,8.065044950046229,37,27,1.0,7,10
10,19,19.0,dn7,3,pkg34,25.0,35.0,40,8.065044950046229,31,25,1.0,5,6
10,21,21.0,dn8,3,pkg35,29.0,39.0,40,8.065044950046229,30.0,29.0,1.0,1,1.0
10,24,24.0,dn15,5,pkg36,29.0,38.0,48,8.065044950046229,52,38,0.8638529812987656,10,14
10,27,27.0,dn13,5,pkg37,34.0,40.0,48,8.065044950046229,45,36,0.981497059608109,8,9
10,27,27.0,dn1,1,pkg38,36.0,43.0,54,8.065044950046229,63,45,0.9006778457052591,11,18
10,31,31.0,dn7,3,pkg40,37.0,45.0,51,8.065044950046229,49,40,1.0,6,9
10,31,31.0,dn8,3,pkg41,38.0,48.0,56,8.065044950046229,49,40,1.0,8,9
10,32,32.0,dn4,2,pkg42,41.0,49.0,54,8.065044950046229,47.0,41.0,1.0,5,6.0
10,35,35.0,dn14,5,pkg43,40.0,46.0,54,8.065044950046229,51,43,0.8454987064453288,8,8
10,37,37.0,dn9,3,pkg39,33.0,38.0,44,8.065044950046229,53,45,0.0,6,8
10,41,41.0,dn5,2,pkg44,45.0,53.0,64,8.065044950046229,69,55,0.5910219106092702,11,14
10,45,45.0,dn6,2,pkg46,52.0,62.0,65,8.065044950046229,56.0,52.0,1.0,3,4.0
10,45,45.0,dn10,4,pkg47,52.0,60.0,71,8.065044950046229,81,63,0.8368717887665349,11,18
10,45,45.0,dn13,5,pkg45,51.0,60.0,69,8.065044950046229,75,60,0.9919349550499538,9,15
10,46,46.0,dn2,1,pkg48,56.0,63.0,69,8.065044950046229,65.0,56.0,1.0,6,9.0
10,49,49.0,dn7,3,pkg49,58.0,63.0,72,8.065044950046229,77,63,0.9554953287499572,9,14
10,51,51.0,dn4,2,pkg50,59.0,69.0,71,8.065044950046229,61.0,59.0,1.0,2,2.0
10,52,52.0,dn15,5,pkg51,57.0,67.0,76,8.065044950046229,68,60,0.9919349550499538,9,8
10,56,56.0,dn8,3,pkg52,61.0,66.0,76,8.065044950046229,68,62,0.5,10,6
10,57,57.0,dn6,2,pkg53,66.0,71.0,81,8.065044950046229,85,71,0.8638529812987656,10,14
10,60,60.0,dn3,1,pkg54,69.0,76.0,82,8.065044950046229,73.0,69.0,1.0,6,4.0
10,62,62.0,dn4,2,pkg55,69.0,76.0,85,8.065044950046229,82,72,0.9554953287499572,9,10
10,63,63.0,dn1,1,pkg56,70.0,78.0,84,8.065044950046229,77,70,1.0,6,7
10,65,65.0,dn2,1,pkg58,75.0,84.0,93,8.065044950046229,82.0,75.0,1.0,9,7.0
10,65,65.0,dn11,4,pkg57,71.0,78.0,82,8.065044950046229,75.0,71.0,1.0,4,4.0
10,68,68.0,dn8,3,pkg60,78.0,83.0,92,8.065044950046229,94,81,0.9919349550499538,9,13
10,69,69.0,dn5,2,pkg59,74.0,82.0,90,8.065044950046229,85,77,0.981497059608109,8,8
10,75,75.0,dn3,1,pkg61,84.0,90.0,96,8.065044950046229,95,85,1.0,6,10
10,77,77.0,dn7,3,pkg62,81.0,91.0,94,8.065044950046229,82.0,81.0,1.0,3,1.0
10,81,81.0,dn10,4,pkg63,86.0,95.0,97,8.065044950046229,88.0,86.0,1.0,2,2.0
10,84,84.0,dn1,1,pkg64,90.0,99.0,107,8.065044950046229,98,91,1.0,8,7
10,84,84.0,dn9,3,pkg65,94.0,101.0,103,8.065044950046229,97.0,94.0,1.0,2,3.0
10,86,86.0,dn7,3,pkg66,93.0,100.0,106,8.065044950046229,100,93,1.0,6,7
10,86,86.0,dn14,5,pkg67,94.0,104.0,109,8.065044950046229,98.0,94.0,1.0,5,4.0
10,89,89.0,dn4,2,pkg68,96.0,101.0,112,8.065044950046229,101.0,96.0,0.5910219106092702,11,5.0
10,92,92.0,dn2,1,pkg69,97.0,103.0,105,8.065044950046229,99.0,97.0,1.0,2,2.0
10,94,94.0,dn8,3,pkg70,104.0,113.0,123,8.065044950046229,122,108,1.0,10,14
10,97,97.0,dn13,5,pkg71,103.0,113.0,123,8.065044950046229,108.0,103.0,0.9733308694771554,10,5.0
11,0,0.0,dn1,1,pkg15,10.0,16.0,21,8.065044950046229,12.0,10.0,1.0,5,2.0
11,0,0.0,dn2,1,pkg20,9.0,15.0,21,8.065044950046229,20,10,1.0,6,10
11,0,0.0,dn3,1,pkg8,5.0,13.0,21,8.065044950046229,18,9,0.981497059608109,8,9
11,0,0.0,dn13,5,pkg1,5.0,15.0,25,8.065044950046229,22,11,0.9276480006968348,10,11
11,0,0.0,dn14,5,pkg14,10.0,19.0,23,8.065044950046229,15.0,10.0,1.0,4,5.0
11,0,0.0,dn15,5,pkg9,6.0,13.0,23,8.065044950046229,18,9,0.7855682414064981,10,9
11,1,1.0,dn4,2,pkg4,5.0,12.0,19,8.065044950046229,15,8,0.9623380203040381,7,7
11,1,1.0,dn6,2,pkg6,6.0,11.0,19,8.065044950046229,23,12,0.742124235688649,8,11
11,1,1.0,dn7,3,pkg13,6.0,15.0,19,8.065044950046229,11,6,1.0,4,5
11,1,1.0,dn9,3,pkg10,7.0,13.0,19,8.065044950046229,13,7,1.0,6,6
11,1,1.0,dn10,4,pkg3,5.0,14.0,15,8.065044950046229,6.0,5.0,1.0,1,1.0
11,1,1.0,dn11,4,pkg17,6.0,15.0,21,8.065044950046229,11,6,1.0,6,5
11,1,1.0,dn12,4,pkg7,7.0,15.0,16,8.065044950046229,8.0,7.0,1.0,1,1.0
11,1,1.0,dn5,2,pkg5,7.0,16.0,21,8.065044950046229,9.0,7.0,1.0,5,2.0
11,1,1.0,dn8,3,pkg16,7.0,15.0,22,8.065044950046229,10.0,7.0,1.0,7,3.0
11,6,6.0,dn10,4,pkg24,7.0,17.0,21,8.065044950046229,16,11,1.0,4,5
11,8,8.0,dn12,4,pkg2,9.0,19.0,26,8.065044950046229,18,13,0.9623380203040381,7,5
11,9,9.0,dn5,2,pkg28,14.0,23.0,31,8.065044950046229,18.0,14.0,1.0,8,4.0
11,10,10.0,dn8,3,pkg21,8.0,18.0,22,8.065044950046229,14,12,1.0,4,2
11,11,11.0,dn11,4,pkg29,19.0,28.0,37,8.065044950046229,26.0,19.0,1.0,9,7.0
11,11,11.0,dn7,3,pkg22,8.0,17.0,25,8.065044950046229,27,19,0.2578757643113509,8,8
11,12,12.0,dn1,1,pkg23,10.0,18.0,25,8.065044950046229,28,20,0.35801294300307457,7,8
11,13,13.0,dn9,3,pkg19,10.0,18.0,28,8.065044950046229,29,21,0.07235199930316516,10,8
11,14,14.0,dn8,3,pkg18,9.0,17.0,26,8.065044950046229,32,23,0.00806504495004623,9,9
11,15,15.0,dn4,2,pkg30,19.0,24.0,35,8.065044950046229,27,21,0.32067776414851423,11,6
11,16,16.0,dn10,4,pkg26,11.0,20.0,22,8.065044950046229,22,19,1.0,2,3
11,18,18.0,dn3,1,pkg31,24.0,34.0,39,8.065044950046229,27.0,24.0,1.0,5,3.0
11,18,18.0,dn12,4,pkg33,26.0,35.0,40,8.065044950046229,30.0,26.0,1.0,5,4.0
11,20,20.0,dn2,1,pkg32,24.0,34.0,41,8.065044950046229,32,26,1.0,7,6
11,20,20.0,dn14,5,pkg34,26.0,34.0,41,8.065044950046229,31.0,26.0,1.0,7,5.0
11,21,21.0,dn5,2,pkg35,26.0,34.0,43,8.065044950046229,43,32,0.8942105026999628,9,11
11,24,24.0,dn10,4,pkg36,29.0,36.0,43,8.065044950046229,42,33,0.9987148696173,7,9
11,26,26.0,dn6,2,pkg37,34.0,39.0,50,8.065044950046229,54,40,0.6793222358514858,11,14
11,30,30.0,dn12,4,pkg38,38.0,46.0,51,8.065044950046229,46,38,1.0,5,8
11,36,36.0,dn7,3,pkg39,44.0,52.0,56,8.065044950046229,50.0,44.0,1.0,4,6.0
11,39,39.0,dn1,1,pkg40,47.0,57.0,65,8.065044950046229,50.0,47.0,1.0,8,3.0
11,41,41.0,dn13,5,pkg41,48.0,55.0,58,8.065044950046229,52.0,48.0,1.0,3,4.0
11,44,44.0,dn2,1,pkg43,51.0,59.0,64,8.065044950046229,56.0,51.0,1.0,5,5.0
11,44,44.0,dn3,1,pkg42,52.0,57.0,63,8.065044950046229,56.0,52.0,1.0,6,4.0
11,49,49.0,dn4,2,pkg45,57.0,64.0,71,8.065044950046229,71,60,1.0,7,11
11,49,49.0,dn8,3,pkg44,55.0,60.0,65,8.065044950046229,59.0,55.0,1.0,5,4.0
11,56,56.0,dn2,1,pkg46,64.0,71.0,78,8.065044950046229,69.0,64.0,1.0,7,5.0
11,59,59.0,dn1,1,pkg47,64.0,72.0,77,8.065044950046229,67.0,64.0,1.0,5,3.0
11,61,61.0,dn7,3,pkg48,65.0,71.0,76,8.065044950046229,71,66,1.0,5,5
11,65,65.0,dn13,5,pkg49,72.0,80.0,84,8.065044950046229,75.0,72.0,1.0,4,3.0
11,65,65.0,dn3,1,pkg50,70.0,75.0,85,8.065044950046229,81,73,0.5,10,8
11,69,69.0,dn2,1,pkg51,76.0,84.0,87,8.065044950046229,81.0,76.0,1.0,3,5.0
11,70,70.0,dn10,4,pkg52,80.0,89.0,96,8.065044950046229,87.0,80.0,1.0,7,7.0
11,72,72.0,dn1,1,pkg53,78.0,87.0,91,8.065044950046229,83.0,78.0,1.0,4,5.0
11,76,76.0,dn11,4,pkg54,85.0,90.0,96,8.065044950046229,94,85,1.0,6,9
11,79,79.0,dn12,4,pkg55,84.0,90.0,98,8.065044950046229,95,87,0.8454987064453288,8,8
11,82,82.0,dn4,2,pkg56,91.0,96.0,99,8.065044950046229,95.0,91.0,1.0,3,4.0
11,82,82.0,dn5,2,pkg57,92.0,97.0,104,8.065044950046229,104,93,1.0,7,11
11,85,85.0,dn1,1,pkg58,92.0,98.0,107,8.065044950046229,99,92,0.8942105026999628,9,7
11,85,85.0,dn6,2,pkg59,95.0,101.0,106,8.065044950046229,101.0,95.0,1.0,5,6.0
11,87,87.0,dn10,4,pkg60,91.0,96.0,101,8.065044950046229,97,92,1.0,5,5
11,92,92.0,dn7,3,pkg62,100.0,107.0,111,8.065044950046229,104.0,100.0,1.0,4,4.0
11,92,92.0,dn8,3,pkg63,101.0,106.0,114,8.065044950046229,108.0,101.0,1.0,8,7.0
11,94,94.0,dn11,4,pkg61,97.0,102.0,108,8.065044950046229,114,104,0.8130495168499705,6,10
12,0,0.0,dn2,1,pkg12,5.0,15.0,24,8.065044950046229,14,7,0.9919349550499538,9,7
12,0,0.0,dn4,2,pkg15,5.0,11.0,19,8.065044950046229,14,7,0.8454987064453288,8,7
12,0,0.0,dn5,2,pkg13,5.0,13.0,23,8.065044950046229,12,6,0.7855682414064981,10,6
12,0,0.0,dn14,5,pkg2,6.0,16.0,20,8.065044950046229,10.0,6.0,1.0,4,4.0
12,0,0.0,dn1,1,pkg11,7.0,15.0,20,8.065044950046229,10.0,7.0,1.0,5,3.0
12,0,0.0,dn13,5,pkg20,8.0,13.0,19,8.065044950046229,15.0,8.0,1.0,6,7.0
12,0,0.0,dn3,1,pkg4,7.0,15.0,21,8.065044950046229,13.0,7.0,1.0,6,6.0
12,1,1.0,dn6,2,pkg1,6.0,13.0,17,8.065044950046229,9.0,6.0,1.0,4,3.0
12,1,1.0,dn7,3,pkg5,8.0,16.0,19,8.065044950046229,9.0,8.0,1.0,3,1.0
12,1,1.0,dn8,3,pkg14,8.0,15.0,23,8.065044950046229,17,9,1.0,8,8
12,1,1.0,dn9,3,pkg3,8.0,16.0,27,8.065044950046229,25,13,0.8368717887665349,11,12
12,1,1.0,dn10,4,pkg6,8.0,14.0,22,8.065044950046229,21,11,0.981497059608109,8,10
12,1,1.0,dn11,4,pkg7,10.0,15.0,21,8.065044950046229,17.0,10.0,1.0,6,7.0
12,1,1.0,dn15,5,pkg22,9.0,15.0,19,8.065044950046229,11.0,9.0,1.0,4,2.0
12,9,9.0,dn6,2,pkg10,9.0,19.0,22,8.065044950046229,17,13,1.0,3,4
12,9,9.0,dn7,3,pkg8,9.0,18.0,23,8.065044950046229,25,17,1.0,5,8
12,10,10.0,dn1,1,pkg24,13.0,23.0,30,8.065044950046229,20,15,1.0,7,5
12,10,10.0,dn14,5,pkg17,9.0,19.0,22,8.065044950046229,16,13,1.0,3,3
12,11,11.0,dn15,5,pkg19,10.0,17.0,20,8.065044950046229,15,13,1.0,3,2
12,12,12.0,dn5,2,pkg26,15.0,25.0,35,8.065044950046229,28,20,0.7855682414064981,10,8
12,13,13.0,dn3,1,pkg27,20.0,27.0,34,8.065044950046229,23.0,20.0,1.0,7,3.0
12,14,14.0,dn2,1,pkg28,21.0,29.0,40,8.065044950046229,38,26,0.8368717887665349,11,12
12,14,14.0,dn4,2,pkg18,10.0,16.0,25,8.065044950046229,24,19,0.0,9,5
12,15,15.0,dn13,5,pkg9,10.0,20.0,25,8.065044950046229,25,20,0.5,5,5
12,15,15.0,dn15,5,pkg21,10.0,18.0,23,8.065044950046229,27,21,0.1361470187012343,5,6
12,17,17.0,dn6,2,pkg29,24.0,33.0,36,8.065044950046229,27.0,24.0,1.0,3,3.0
12,17,17.0,dn8,3,pkg23,10.0,19.0,26,8.065044950046229,35,26,0.001285130382700006,7,9
12,21,21.0,dn10,4,pkg31,27.0,36.0,45,8.065044950046229,33,27,0.9919349550499538,9,6
12,21,21.0,dn14,5,pkg30,26.0,35.0,46,8.065044950046229,53,37,0.7621793903595921,11,16
12,23,23.0,dn3,1,pkg32,28.0,35.0,46,8.065044950046229,43,33,0.5910219106092702,11,10
12,30,30.0,dn4,2,pkg33,38.0,46.0,49,8.065044950046229,42.0,38.0,1.0,3,4.0
12,32,32.0,dn5,2,pkg34,41.0,49.0,53,8.065044950046229,44.0,41.0,1.0,4,3.0
12,33,33.0,dn1,1,pkg35,42.0,49.0,55,8.065044950046229,51,42,1.0,6,9
12,33,33.0,dn11,4,pkg36,42.0,52.0,56,8.065044950046229,45.0,42.0,1.0,4,3.0
12,37,37.0,dn7,3,pkg37,46.0,51.0,55,8.065044950046229,47.0,46.0,1.0,4,1.0
12,40,40.0,dn2,1,pkg39,46.0,55.0,62,8.065044950046229,62,51,1.0,7,11
12,40,40.0,dn6,2,pkg38,48.0,54.0,62,8.065044950046229,62,51,1.0,8,11
12,43,43.0,dn3,1,pkg40,49.0,54.0,59,8.065044950046229,55,49,1.0,4,6
12,44,44.0,dn5,2,pkg42,49.0,58.0,67,8.065044950046229,66,55,0.9554953287499572,9,11
12,44,44.0,dn10,4,pkg41,49.0,54.0,59,8.065044950046229,52.0,49.0,1.0,5,3.0
12,45,45.0,dn4,2,pkg43,53.0,61.0,68,8.065044950046229,58.0,53.0,1.0,7,5.0
12,47,47.0,dn13,5,pkg44,51.0,60.0,67,8.065044950046229,61,54,1.0,7,7
12,47,47.0,dn15,5,pkg45,52.0,57.0,66,8.065044950046229,63,55,0.6109752255499895,10,8
12,50,50.0,dn7,3,pkg46,54.0,62.0,65,8.065044950046229,57.0,54.0,1.0,3,3.0
12,51,51.0,dn11,4,pkg47,57.0,65.0,73,8.065044950046229,65,58,1.0,8,7
12,52,52.0,dn1,1,pkg48,62.0,70.0,73,8.065044950046229,65.0,62.0,1.0,3,3.0
12,55,55.0,dn3,1,pkg49,59.0,65.0,72,8.065044950046229,71,63,0.8837170879173109,7,8
12,56,56.0,dn10,4,pkg50,64.0,72.0,79,8.065044950046229,72,64,1.0,7,8
12,61,61.0,dn4,2,pkg52,71.0,80.0,85,8.065044950046229,77.0,71.0,1.0,5,6.0
12,61,61.0,dn12,4,pkg51,67.0,73.0,80,8.065044950046229,73,67,0.9987148696173,7,6
12,65,65.0,dn2,1,pkg53,70.0,78.0,85,8.065044950046229,85,75,1.0,7,10
12,65,65.0,dn14,5,pkg54,75.0,85.0,96,8.065044950046229,82.0,75.0,1.0,11,7.0
12,69,69.0,dn7,3,pkg55,78.0,87.0,89,8.065044950046229,80.0,78.0,1.0,2,2.0
12,69,69.0,dn13,5,pkg56,78.0,83.0,92,8.065044950046229,87,78,0.9554953287499572,9,9
12,71,71.0,dn3,1,pkg57,79.0,88.0,91,8.065044950046229,81.0,79.0,1.0,3,2.0
12,72,72.0,dn10,4,pkg58,77.0,87.0,89,8.065044950046229,80.0,77.0,1.0,2,3.0
12,75,75.0,dn8,3,pkg59,83.0,89.0,91,8.065044950046229,85.0,83.0,1.0,2,2.0
12,77,77.0,dn4,2,pkg60,82.0,90.0,92,8.065044950046229,83.0,82.0,1.0,2,1.0
12,79,79.0,dn1,1,pkg61,86.0,95.0,97,8.065044950046229,88.0,86.0,1.0,2,2.0
12,81,81.0,dn10,4,pkg62,86.0,94.0,105,8.065044950046229,101,91,0.6793222358514858,11,10
12,81,81.0,dn3,1,pkg63,87.0,94.0,98,8.065044950046229,89.0,87.0,1.0,4,2.0
12,83,83.0,dn7,3,pkg64,87.0,94.0,101,8.065044950046229,101,92,0.9623380203040381,7,9
12,89,89.0,dn3,1,pkg65,94.0,104.0,114,8.065044950046229,115,102,0.9276480006968348,10,13
12,92,92.0,dn4,2,pkg66,99.0,105.0,108,8.065044950046229,102.0,99.0,1.0,3,3.0
12,92,92.0,dn5,2,pkg67,100.0,108.0,119,8.065044950046229,114,103,0.9006778457052591,11,11
12,98,98.0,dn8,3,pkg69,104.0,111.0,115,8.065044950046229,108.0,104.0,1.0,4,4.0
12,98,98.0,dn9,3,pkg68,104.0,110.0,116,8.065044950046229,110,104,1.0,6,6
12,99,99.0,dn13,5,pkg70,104.0,109.0,117,8.065044950046229,115,107,0.742124235688649,8,8
13,0,0.0,dn1,1,pkg11,5.0,14.0,20,8.065044950046229,12,6,1.0,6,6
13,0,0.0,dn2,1,pkg14,6.0,11.0,15,8.065044950046229,12,6,1.0,4,6
13,0,0.0,dn4,2,pkg10,8.0,18.0,25,8.065044950046229,14.0,8.0,1.0,7,6.0
13,0,0.0,dn5,2,pkg20,5.0,11.0,22,8.065044950046229,22,11,0.5,11,11
13,0,0.0,dn6,2,pkg7,9.0,18.0,27,8.065044950046229,22,11,1.0,9,11
13,0,0.0,dn13,5,pkg15,6.0,14.0,21,8.065044950046229,16,8,1.0,7,8
13,0,0.0,dn14,5,pkg2,6.0,14.0,22,8.065044950046229,12,6,1.0,8,6
13,0,0.0,dn15,5,pkg18,7.0,12.0,22,8.065044950046229,16,8,0.6964162111435814,10,8
13,0,0.0,dn3,1,pkg4,6.0,14.0,19,8.065044950046229,12,6,1.0,5,6
13,0,0.0,dn7,3,pkg22,8.0,13.0,19,8.065044950046229,12.0,8.0,1.0,6,4.0
13,1,1.0,dn8,3,pkg12,8.0,18.0,20,8.065044950046229,9.0,8.0,1.0,2,1.0
13,1,1.0,dn9,3,pkg8,9.0,14.0,20,8.065044950046229,15.0,9.0,1.0,6,6.0
13,1,1.0,dn10,4,pkg21,6.0,16.0,21,8.065044950046229,11,6,1.0,5,5
13,1,1.0,dn11,4,pkg23,6.0,14.0,22,8.065044950046229,25,13,0.981497059608109,8,12
13,1,1.0,dn12,4,pkg19,9.0,16.0,26,8.065044950046229,23,12,0.9276480006968348,10,11
13,9,9.0,dn8,3,pkg26,14.0,24.0,32,8.065044950046229,27,18,1.0,8,9
13,11,11.0,dn10,4,pkg27,15.0,25.0,31,8.065044950046229,23,17,1.0,6,6
13,12,12.0,dn1,1,pkg25,14.0,20.0,26,8.065044950046229,24,18,0.8130495168499705,6,6
13,12,12.0,dn3,1,pkg9,8.0,17.0,23,8.065044950046229,22,17,0.3350899866593905,6,5
13,12,12.0,dn7,3,pkg24,11.0,21.0,30,8.065044950046229,32,22,0.5,9,10
13,12,12.0,dn14,5,pkg16,9.0,15.0,19,8.065044950046229,22,17,0.2578757643113509,4,5
13,12,12.0,dn2,1,pkg6,10.0,18.0,23,8.065044950046229,24,18,0.6964162111435814,5,6
13,14,14.0,dn4,2,pkg29,19.0,26.0,32,8.065044950046229,30,22,1.0,6,8
13,15,15.0,dn9,3,pkg5,9.0,16.0,22,8.065044950046229,35,25,0.0,6,10
13,16,16.0,dn13,5,pkg31,22.0,31.0,41,8.065044950046229,32,24,0.9276480006968348,10,8
13,22,22.0,dn3,1,pkg32,27.0,35.0,42,8.065044950046229,36,29,1.0,7,7
13,22,22.0,dn5,2,pkg33,26.0,32.0,37,8.065044950046229,29.0,26.0,1.0,5,3.0
13,22,22.0,dn6,2,pkg28,19.0,27.0,34,8.065044950046229,34,28,0.22658690677451554,7,6
13,23,23.0,dn10,4,pkg30,21.0,27.0,32,8.065044950046229,31,27,0.3035837888564185,5,4
13,24,24.0,dn1,1,pkg34,34.0,41.0,49,8.065044950046229,42.0,34.0,1.0,8,8.0
13,25,25.0,dn11,4,pkg35,32.0,39.0,40,8.065044950046229,33.0,32.0,1.0,1,1.0
13,29,29.0,dn5,2,pkg36,38.0,48.0,59,8.065044950046229,57,43,0.9995621140415759,11,14
13,30,30.0,dn2,1,pkg37,39.0,47.0,55,8.065044950046229,48,39,1.0,8,9
13,31,31.0,dn10,4,pkg38,37.0,44.0,51,8.065044950046229,43,37,1.0,7,6
13,34,34.0,dn7,3,pkg40,41.0,46.0,51,8.065044950046229,47.0,41.0,1.0,5,6.0
13,34,34.0,dn8,3,pkg39,42.0,51.0,53,8.065044950046229,44.0,42.0,1.0,2,2.0
13,35,35.0,dn9,3,pkg41,41.0,49.0,59,8.065044950046229,59,47,0.8638529812987656,10,12
13,36,36.0,dn4,2,pkg42,46.0,55.0,65,8.065044950046229,60,48,1.0,10,12
13,39,39.0,dn6,2,pkg43,46.0,54.0,56,8.065044950046229,47.0,46.0,1.0,2,1.0
13,40,40.0,dn13,5,pkg44,48.0,55.0,64,8.065044950046229,64,52,0.9919349550499538,9,12
13,40,40.0,dn14,5,pkg45,50.0,57.0,66,8.065044950046229,56.0,50.0,1.0,9,6.0
13,48,48.0,dn1,1,pkg46,55.0,63.0,64,8.065044950046229,56.0,55.0,1.0,1,1.0
13,48,48.0,dn2,1,pkg47,58.0,66.0,74,8.065044950046229,62.0,58.0,1.0,8,4.0
13,50,50.0,dn3,1,pkg48,57.0,65.0,73,8.065044950046229,72,61,1.0,8,11
13,50,50.0,dn15,5,pkg49,59.0,68.0,70,8.065044950046229,61.0,59.0,1.0,2,2.0
13,53,53.0,dn6,2,pkg50,57.0,65.0,69,8.065044950046229,60.0,57.0,1.0,4,3.0
13,53,53.0,dn11,4,pkg51,63.0,71.0,75,8.065044950046229,69.0,63.0,1.0,4,6.0
13,56,56.0,dn14,5,pkg52,65.0,72.0,75,8.065044950046229,69.0,65.0,1.0,3,4.0
13,57,57.0,dn1,1,pkg53,65.0,74.0,81,8.065044950046229,73,65,1.0,7,8
13,59,59.0,dn7,3,pkg54,65.0,70.0,73,8.065044950046229,66.0,65.0,1.0,3,1.0
13,60,60.0,dn4,2,pkg56,66.0,74.0,78,8.065044950046229,70.0,66.0,1.0,4,4.0
13,60,60.0,dn5,2,pkg55,69.0,76.0,83,8.065044950046229,75.0,69.0,1.0,7,6.0
13,61,61.0,dn15,5,pkg57,68.0,73.0,79,8.065044950046229,72.0,68.0,1.0,6,4.0
13,65,65.0,dn6,2,pkg58,70.0,79.0,84,8.065044950046229,74.0,70.0,1.0,5,4.0
13,68,68.0,dn7,3,pkg59,72.0,81.0,89,8.065044950046229,80,74,0.981497059608109,8,6
13,69,69.0,dn2,1,pkg60,76.0,86.0,93,8.065044950046229,93,81,1.0,7,12
13,72,72.0,dn3,1,pkg61,77.0,84.0,88,8.065044950046229,81.0,77.0,1.0,4,4.0
13,74,74.0,dn6,2,pkg62,81.0,87.0,98,8.065044950046229,86.0,81.0,0.6793222358514858,11,5.0
13,77,77.0,dn10,4,pkg63,82.0,87.0,92,8.065044950046229,89,83,1.0,5,6
13,78,78.0,dn8,3,pkg64,84.0,93.0,95,8.065044950046229,87.0,84.0,1.0,2,3.0
13,80,80.0,dn7,3,pkg66,88.0,94.0,99,8.065044950046229,93.0,88.0,1.0,5,5.0
13,80,80.0,dn9,3,pkg65,88.0,93.0,100,8.065044950046229,95.0,88.0,1.0,7,7.0
13,82,82.0,dn4,2,pkg67,90.0,97.0,102,8.065044950046229,95.0,90.0,1.0,5,5.0
13,84,84.0,dn13,5,pkg68,88.0,93.0,96,8.065044950046229,92,88,1.0,3,4
13,85,85.0,dn5,2,pkg70,91.0,101.0,107,8.065044950046229,95.0,91.0,1.0,6,4.0
13,86,86.0,dn1,1,pkg71,96.0,106.0,114,8.065044950046229,108,97,1.0,8,11
13,86,86.0,dn6,2,pkg69,93.0,103.0,111,8.065044950046229,110,98,1.0,8,12
13,88,88.0,dn3,1,pkg72,96.0,103.0,109,8.065044950046229,102.0,96.0,1.0,6,6.0
13,90,90.0,dn14,5,pkg73,97.0,107.0,110,8.065044950046229,101.0,97.0,1.0,3,4.0
13,92,92.0,dn15,5,pkg74,98.0,106.0,115,8.065044950046229,102.0,98.0,0.9554953287499572,9,4.0
13,95,95.0,dn2,1,pkg75,103.0,111.0,115,8.065044950046229,110.0,103.0,1.0,4,7.0
13,97,97.0,dn10,4,pkg76,106.0,112.0,120,8.065044950046229,112.0,106.0,1.0,8,6.0
13,99,99.0,dn4,2,pkg77,103.0,108.0,112,8.065044950046229,111,105,1.0,4,6
14,0,0.0,dn7,3,pkg2,10.0,18.0,23,8.065044950046229,15.0,10.0,1.0,5,5.0
14,0,0.0,dn8,3,pkg1,9.0,18.0,24,8.065044950046229,17.0,9.0,1.0,6,8.0
14,0,0.0,dn9,3,pkg18,7.0,17.0,24,8.065044950046229,16,8,1.0,7,8
14,0,0.0,dn13,5,pkg15,5.0,14.0,20,8.065044950046229,18,9,1.0,6,9
14,0,0.0,dn14,5,pkg10,10.0,18.0,24,8.065044950046229,14.0,10.0,1.0,6,4.0
14,0,0.0,dn15,5,pkg6,8.0,16.0,23,8.065044950046229,18,9,1.0,7,9
14,1,1.0,dn1,1,pkg12,5.0,13.0,14,8.065044950046229,6.0,5.0,1.0,1,1.0
14,1,1.0,dn2,1,pkg5,5.0,14.0,16,8.065044950046229,7.0,5.0,1.0,2,2.0
14,1,1.0,dn4,2,pkg20,5.0,11.0,18,8.065044950046229,19,10,0.8837170879173109,7,9
14,1,1.0,dn5,2,pkg22,5.0,11.0,19,8.065044950046229,23,12,0.742124235688649,8,11
14,1,1.0,dn10,4,pkg7,5.0,12.0,18,8.065044950046229,19,10,1.0,6,9
14,1,1.0,dn12,4,pkg9,5.0,15.0,21,8.065044950046229,13,7,1.0,6,6
14,1,1.0,dn3,1,pkg16,5.0,13.0,21,8.065044950046229,17,9,0.9276480006968348,8,8
14,1,1.0,dn6,2,pkg23,10.0,16.0,22,8.065044950046229,19,10,1.0,6,9
14,1,1.0,dn11,4,pkg14,10.0,18.0,22,8.065044950046229,16.0,10.0,1.0,4,6.0
14,6,6.0,dn1,1,pkg11,6.0,11.0,15,8.065044950046229,16,11,0.742124235688649,4,5
14,7,7.0,dn2,1,pkg8,7.0,12.0,19,8.065044950046229,25,16,0.22658690677451554,7,9
14,13,13.0,dn12,4,pkg29,21.0,27.0,33,8.065044950046229,27.0,21.0,1.0,6,6.0
14,14,14.0,dn14,5,pkg26,14.0,23.0,28,8.065044950046229,26,20,1.0,5,6
14,15,15.0,dn7,3,pkg28,15.0,24.0,31,8.065044950046229,23,19,0.7734130932254845,7,4
14,16,16.0,dn1,1,pkg21,7.0,17.0,24,8.065044950046229,26,21,0.0,7,5
14,16,16.0,dn9,3,pkg30,18.0,26.0,37,8.065044950046229,28,22,0.4089780893907298,11,6
14,16,16.0,dn11,4,pkg19,10.0,19.0,29,8.065044950046229,38,27,0.002720842483821817,10,11
14,17,17.0,dn3,1,pkg32,22.0,29.0,34,8.065044950046229,27,22,1.0,5,5
14,17,17.0,dn8,3,pkg33,24.0,34.0,43,8.065044950046229,35,26,1.0,9,9
14,18,18.0,dn13,5,pkg34,27.0,35.0,45,8.065044950046229,34.0,27.0,0.9972791575161781,10,7.0
14,18,18.0,dn15,5,pkg27,15.0,23.0,34,8.065044950046229,30,24,0.04912402419128953,11,6
14,19,19.0,dn6,2,pkg35,28.0,33.0,42,8.065044950046229,39,29,0.9554953287499572,9,10
14,19,19.0,dn10,4,pkg31,21.0,30.0,36,8.065044950046229,31,25,1.0,6,6
14,19,19.0,dn4,2,pkg17,10.0,20.0,30,8.065044950046229,43,31,0.0,10,12
14,25,25.0,dn5,2,pkg36,29.0,34.0,38,8.065044950046229,33,29,1.0,4,4
14,26,26.0,dn1,1,pkg37,35.0,41.0,49,8.065044950046229,48,37,1.0,8,11
14,28,28.0,dn9,3,pkg38,37.0,46.0,50,8.065044950046229,40.0,37.0,1.0,4,3.0
14,31,31.0,dn2,1,pkg39,35.0,44.0,50,8.065044950046229,43,37,1.0,6,6
14,31,31.0,dn3,1,pkg40,38.0,44.0,49,8.065044950046229,41.0,38.0,1.0,5,3.0
14,32,32.0,dn10,4,pkg41,39.0,45.0,53,8.065044950046229,44.0,39.0,0.981497059608109,8,5.0
14,37,37.0,dn12,4,pkg42,42.0,47.0,52,8.065044950046229,46.0,42.0,1.0,5,4.0
14,39,39.0,dn6,2,pkg43,48.0,53.0,63,8.065044950046229,59,49,0.8638529812987656,10,10
14,41,41.0,dn3,1,pkg44,49.0,58.0,63,8.065044950046229,56.0,49.0,1.0,5,7.0
14,42,42.0,dn11,4,pkg45,47.0,54.0,63,8.065044950046229,56,49,0.8130495168499705,9,7
14,46,46.0,dn2,1,pkg46,52.0,60.0,63,8.065044950046229,54.0,52.0,1.0,3,2.0
14,50,50.0,dn4,2,pkg47,57.0,62.0,66,8.065044950046229,60.0,57.0,1.0,4,3.0
14,50,50.0,dn5,2,pkg48,58.0,65.0,70,8.065044950046229,62.0,58.0,1.0,5,4.0
14,53,53.0,dn1,1,pkg49,61.0,68.0,73,8.065044950046229,65.0,61.0,1.0,5,4.0
14,55,55.0,dn2,1,pkg50,62.0,70.0,76,8.065044950046229,68.0,62.0,1.0,6,6.0
14,55,55.0,dn8,3,pkg51,64.0,74.0,77,8.065044950046229,67.0,64.0,1.0,3,3.0
14,58,58.0,dn7,3,pkg52,63.0,72.0,74,8.065044950046229,65.0,63.0,1.0,2,2.0
14,59,59.0,dn3,1,pkg53,65.0,75.0,79,8.065044950046229,70.0,65.0,1.0,4,5.0
14,60,60.0,dn9,3,pkg54,64.0,72.0,75,8.065044950046229,66.0,64.0,1.0,3,2.0
14,62,62.0,dn4,2,pkg55,66.0,75.0,85,8.065044950046229,80,71,0.7855682414064981,10,9
14,62,62.0,dn5,2,pkg56,70.0,76.0,87,8.065044950046229,88,75,0.7621793903595921,11,13
14,63,63.0,dn10,4,pkg57,71.0,80.0,90,8.065044950046229,93,78,0.9972791575161781,10,15
14,65,65.0,dn1,1,pkg58,69.0,78.0,81,8.065044950046229,75,70,1.0,3,5
14,65,65.0,dn12,4,pkg59,75.0,82.0,85,8.065044950046229,78.0,75.0,1.0,3,3.0
14,69,69.0,dn6,2,pkg60,78.0,84.0,92,8.065044950046229,87,78,1.0,8,9
14,88,88.0,dn5,2,pkg61,94.0,102.0,106,8.065044950046229,99.0,94.0,1.0,4,5.0
14,91,91.0,dn2,1,pkg62,98.0,105.0,108,8.065044950046229,102.0,98.0,1.0,3,4.0
14,91,91.0,dn13,5,pkg63,97.0,102.0,105,8.065044950046229,99.0,97.0,1.0,3,2.0
14,93,93.0,dn1,1,pkg64,97.0,105.0,109,8.065044950046229,100.0,97.0,1.0,4,3.0
14,97,97.0,dn4,2,pkg65,104.0,114.0,121,8.065044950046229,113,105,1.0,7,8
14,99,99.0,dn3,1,pkg66,106.0,113.0,115,8.065044950046229,107.0,106.0,1.0,2,1.0
15,0,0.0,dn6,2,pkg4,7.0,17.0,23,8.065044950046229,13.0,7.0,1.0,6,6.0
15,0,0.0,dn7,3,pkg1,5.0,15.0,21,8.065044950046229,16,8,1.0,6,8
15,0,0.0,dn10,4,pkg22,10.0,16.0,22,8.065044950046229,17.0,10.0,1.0,6,7.0
15,0,0.0,dn11,4,pkg17,6.0,16.0,24,8.065044950046229,11.0,6.0,1.0,8,5.0
15,0,0.0,dn12,4,pkg21,5.0,11.0,20,8.065044950046229,16,8,0.7169814111499796,9,8
15,0,0.0,dn14,5,pkg3,5.0,12.0,21,8.065044950046229,16,8,0.8130495168499705,9,8
15,0,0.0,dn15,5,pkg12,6.0,15.0,24,8.065044950046229,11.0,6.0,0.9919349550499538,9,5.0
15,0,0.0,dn4,2,pkg7,8.0,13.0,19,8.065044950046229,11.0,8.0,1.0,6,3.0
15,0,0.0,dn5,2,pkg18,8.0,14.0,20,8.065044950046229,16,8,1.0,6,8
15,0,0.0,dn13,5,pkg9,7.0,14.0,16,8.065044950046229,9.0,7.0,1.0,2,2.0
15,1,1.0,dn1,1,pkg6,8.0,13.0,22,8.065044950046229,13.0,8.0,0.8130495168499705,9,5.0
15,1,1.0,dn2,1,pkg16,9.0,14.0,20,8.065044950046229,16.0,9.0,1.0,6,7.0
15,1,1.0,dn3,1,pkg10,9.0,16.0,25,8.065044950046229,15.0,9.0,0.9919349550499538,9,6.0
15,1,1.0,dn8,3,pkg13,8.0,18.0,21,8.065044950046229,10.0,8.0,1.0,3,2.0
15,1,1.0,dn9,3,pkg23,8.0,14.0,21,8.065044950046229,11.0,8.0,1.0,7,3.0
15,9,9.0,dn13,5,pkg20,9.0,19.0,23,8.065044950046229,19,14,1.0,4,5
15,10,10.0,dn8,3,pkg2,8.0,18.0,22,8.065044950046229,20,15,1.0,4,5
15,11,11.0,dn9,3,pkg19,9.0,19.0,25,8.065044950046229,19,15,0.8130495168499705,6,4
15,11,11.0,dn11,4,pkg26,16.0,21.0,26,8.065044950046229,21,16,1.0,5,5
15,11,11.0,dn15,5,pkg15,10.0,15.0,23,8.065044950046229,31,21,0.07235199930316516,8,10
15,11,11.0,dn4,2,pkg24,11.0,19.0,22,8.065044950046229,17,14,1.0,3,3
15,13,13.0,dn1,1,pkg5,10.0,18.0,21,8.065044950046229,17,15,0.9919349550499538,3,2
15,13,13.0,dn6,2,pkg25,16.0,21.0,25,8.065044950046229,19,16,1.0,4,3
15,15,15.0,dn3,1,pkg28,19.0,25.0,28,8.065044950046229,21.0,19.0,1.0,3,2.0
15,16,16.0,dn7,3,pkg14,10.0,20.0,22,8.065044950046229,18,17,1.0,2,1
15,16,16.0,dn12,4,pkg27,20.0,29.0,40,8.065044950046229,28,22,0.6793222358514858,11,6
15,16,16.0,dn14,5,pkg11,10.0,19.0,26,8.065044950046229,30,23,0.037661979695961856,7,7
15,16,16.0,dn2,1,pkg29,21.0,30.0,41,8.065044950046229,50,33,0.7621793903595921,11,17
15,17,17.0,dn4,2,pkg30,22.0,31.0,39,8.065044950046229,26.0,22.0,1.0,8,4.0
15,19,19.0,dn1,1,pkg31,24.0,33.0,39,8.065044950046229,33,26,1.0,6,7
15,22,22.0,dn5,2,pkg32,26.0,33.0,37,8.065044950046229,32,27,1.0,4,5
15,26,26.0,dn4,2,pkg33,35.0,44.0,52,8.065044950046229,44,35,1.0,8,9
15,28,28.0,dn7,3,pkg35,35.0,44.0,53,8.065044950046229,42,35,1.0,9,7
15,28,28.0,dn8,3,pkg34,36.0,44.0,46,8.065044950046229,38.0,36.0,1.0,2,2.0
15,29,29.0,dn3,1,pkg36,38.0,46.0,52,8.065044950046229,47,38,1.0,6,9
15,30,30.0,dn10,4,pkg37,37.0,42.0,47,8.065044950046229,41.0,37.0,1.0,5,4.0
15,33,33.0,dn1,1,pkg38,42.0,48.0,53,8.065044950046229,48.0,42.0,1.0,5,6.0
15,36,36.0,dn5,2,pkg39,45.0,50.0,51,8.065044950046229,46.0,45.0,1.0,1,1.0
15,38,38.0,dn11,4,pkg40,44.0,49.0,52,8.065044950046229,47.0,44.0,1.0,3,3.0
15,40,40.0,dn12,4,pkg41,45.0,51.0,61,8.065044950046229,60,50,0.6000193206335656,10,10
15,41,41.0,dn6,2,pkg42,49.0,55.0,64,8.065044950046229,65,53,0.9554953287499572,9,12
15,41,41.0,dn8,3,pkg43,46.0,56.0,59,8.065044950046229,49.0,46.0,1.0,3,3.0
15,44,44.0,dn4,2,pkg44,50.0,57.0,67,8.065044950046229,60,52,0.7855682414064981,10,8
15,49,49.0,dn8,3,pkg45,54.0,59.0,69,8.065044950046229,71,60,0.5,10,11
15,53,53.0,dn5,2,pkg46,58.0,64.0,74,8.065044950046229,71,62,0.6000193206335656,10,9
15,55,55.0,dn1,1,pkg48,62.0,72.0,73,8.065044950046229,63.0,62.0,1.0,1,1.0
15,55,55.0,dn14,5,pkg47,64.0,72.0,75,8.065044950046229,67.0,64.0,1.0,3,3.0
15,58,58.0,dn2,1,pkg50,62.0,70.0,75,8.065044950046229,66,62,1.0,5,4
15,60,60.0,dn4,2,pkg49,64.0,70.0,75,8.065044950046229,68,64,1.0,5,4
15,61,61.0,dn13,5,pkg51,67.0,72.0,80,8.065044950046229,85,73,0.8454987064453288,8,12
15,63,63.0,dn7,3,pkg52,67.0,77.0,79,8.065044950046229,69.0,67.0,1.0,2,2.0
15,67,67.0,dn9,3,pkg53,74.0,80.0,82,8.065044950046229,76.0,74.0,1.0,2,2.0
15,67,67.0,dn15,5,pkg54,76.0,82.0,85,8.065044950046229,77.0,76.0,1.0,3,1.0
15,68,68.0,dn4,2,pkg55,78.0,84.0,91,8.065044950046229,86.0,78.0,1.0,7,8.0
15,71,71.0,dn7,3,pkg57,76.0,82.0,86,8.065044950046229,80.0,76.0,1.0,4,4.0
15,71,71.0,dn8,3,pkg56,80.0,90.0,95,8.065044950046229,87.0,80.0,1.0,5,7.0
15,77,77.0,dn1,1,pkg58,83.0,91.0,99,8.065044950046229,88.0,83.0,1.0,8,5.0
15,81,81.0,dn2,1,pkg59,89.0,95.0,100,8.065044950046229,94.0,89.0,1.0,5,5.0
15,83,83.0,dn10,4,pkg60,90.0,96.0,102,8.065044950046229,99,91,1.0,6,8
15,86,86.0,dn4,2,pkg61,90.0,97.0,103,8.065044950046229,96,91,1.0,6,5
15,87,87.0,dn3,1,pkg62,92.0,100.0,104,8.065044950046229,99,93,1.0,4,6
15,88,88.0,dn1,1,pkg63,93.0,101.0,109,8.065044950046229,104,96,0.981497059608109,8,8
15,91,91.0,dn13,5,pkg64,96.0,101.0,107,8.065044950046229,101,96,0.9919349550499538,6,5
15,92,92.0,dn5,2,pkg65,100.0,110.0,117,8.065044950046229,104.0,100.0,1.0,7,4.0
15,93,93.0,dn14,5,pkg66,101.0,107.0,110,8.065044950046229,103.0,101.0,1.0,3,2.0
15,98,98.0,dn4,2,pkg67,106.0,115.0,119,8.065044950046229,112.0,106.0,1.0,4,6.0
16,0,0.0,dn1,1,pkg12,5.0,11.0,18,8.065044950046229,14,7,0.9623380203040381,7,7
16,0,0.0,dn3,1,pkg3,7.0,15.0,18,8.065044950046229,9.0,7.0,1.0,3,2.0
16,0,0.0,dn4,2,pkg14,6.0,14.0,22,8.065044950046229,20,10,1.0,8,10
16,0,0.0,dn2,1,pkg5,7.0,14.0,20,8.065044950046229,13.0,7.0,1.0,6,6.0
16,1,1.0,dn6,2,pkg8,7.0,13.0,18,8.065044950046229,9.0,7.0,1.0,5,2.0
16,1,1.0,dn8,3,pkg19,8.0,17.0,25,8.065044950046229,13.0,8.0,1.0,8,5.0
16,1,1.0,dn9,3,pkg17,9.0,18.0,26,8.065044950046229,25,13,1.0,8,12
16,1,1.0,dn10,4,pkg6,8.0,16.0,21,8.065044950046229,15,8,1.0,5,7
16,1,1.0,dn11,4,pkg11,7.0,13.0,20,8.065044950046229,15,8,0.9987148696173,7,7
16,1,1.0,dn13,5,pkg22,5.0,10.0,17,8.065044950046229,13,7,0.7734130932254845,7,6
16,1,1.0,dn14,5,pkg20,8.0,14.0,23,8.065044950046229,13.0,8.0,0.8942105026999628,9,5.0
16,1,1.0,dn15,5,pkg2,8.0,13.0,24,8.065044950046229,21,11,0.5910219106092702,11,10
16,1,1.0,dn12,4,pkg10,7.0,17.0,24,8.065044950046229,15,8,1.0,7,7
16,1,1.0,dn5,2,pkg7,7.0,17.0,19,8.065044950046229,9.0,7.0,1.0,2,2.0
16,1,1.0,dn7,3,pkg9,10.0,19.0,28,8.065044950046229,17.0,10.0,1.0,9,7.0
16,9,9.0,dn3,1,pkg1,9.0,18.0,20,8.065044950046229,11,10,1.0,2,1
16,9,9.0,dn5,2,pkg4,9.0,16.0,20,8.065044950046229,15,12,1.0,4,3
16,9,9.0,dn6,2,pkg16,10.0,16.0,20,8.065044950046229,17,13,1.0,4,4
16,11,11.0,dn3,1,pkg26,16.0,22.0,27,8.065044950046229,23,17,1.0,5,6
16,13,13.0,dn2,1,pkg25,16.0,26.0,33,8.065044950046229,25,19,1.0,7,6
16,13,13.0,dn8,3,pkg27,19.0,24.0,28,8.065044950046229,27,20,1.0,4,7
16,13,13.0,dn13,5,pkg28,22.0,27.0,30,8.065044950046229,24.0,22.0,1.0,3,2.0
16,13,13.0,dn14,5,pkg23,7.0,17.0,21,8.065044950046229,25,19,0.5,4,6
16,14,14.0,dn1,1,pkg29,21.0,29.0,39,8.065044950046229,34,24,0.9276480006968348,10,10
16,15,15.0,dn5,2,pkg15,9.0,16.0,18,8.065044950046229,19,17,0.07235199930316516,2,2
16,15,15.0,dn11,4,pkg18,10.0,16.0,24,8.065044950046229,37,26,0.0,8,11
16,19,19.0,dn5,2,pkg31,29.0,38.0,40,8.065044950046229,32.0,29.0,1.0,2,3.0
16,21,21.0,dn15,5,pkg30,20.0,25.0,30,8.065044950046229,29,25,0.3035837888564185,5,4
16,22,22.0,dn4,2,pkg32,29.0,36.0,45,8.065044950046229,33.0,29.0,0.9554953287499572,9,4.0
16,23,23.0,dn3,1,pkg33,32.0,41.0,47,8.065044950046229,34.0,32.0,1.0,6,2.0
16,24,24.0,dn13,5,pkg34,32.0,38.0,44,8.065044950046229,44,34,1.0,6,10
16,29,29.0,dn10,4,pkg35,36.0,41.0,43,8.065044950046229,38.0,36.0,1.0,2,2.0
16,31,31.0,dn14,5,pkg36,37.0,42.0,44,8.065044950046229,40.0,37.0,1.0,2,3.0
16,32,32.0,dn5,2,pkg37,38.0,43.0,50,8.065044950046229,52,42,0.9623380203040381,7,10
16,33,33.0,dn12,4,pkg38,43.0,52.0,57,8.065044950046229,50.0,43.0,1.0,5,7.0
16,37,37.0,dn1,1,pkg39,41.0,50.0,56,8.065044950046229,44.0,41.0,1.0,6,3.0
16,39,39.0,dn4,2,pkg40,48.0,53.0,56,8.065044950046229,51.0,48.0,1.0,3,3.0
16,42,42.0,dn10,4,pkg41,47.0,52.0,55,8.065044950046229,52,47,1.0,3,5
16,44,44.0,dn2,1,pkg42,49.0,57.0,64,8.065044950046229,54,49,1.0,7,5
16,46,46.0,dn8,3,pkg43,55.0,60.0,63,8.065044950046229,58.0,55.0,1.0,3,3.0
16,46,46.0,dn13,5,pkg44,53.0,61.0,69,8.065044950046229,64,55,1.0,8,9
16,47,47.0,dn1,1,pkg45,56.0,66.0,70,8.065044950046229,60.0,56.0,1.0,4,4.0
16,50,50.0,dn3,1,pkg46,58.0,68.0,73,8.065044950046229,65.0,58.0,1.0,5,7.0
16,52,52.0,dn7,3,pkg47,60.0,66.0,74,8.065044950046229,68,60,1.0,8,8
16,54,54.0,dn10,4,pkg49,59.0,64.0,73,8.065044950046229,64,59,0.6109752255499895,9,5
16,54,54.0,dn14,5,pkg48,62.0,72.0,79,8.065044950046229,74,64,1.0,7,10
16,58,58.0,dn9,3,pkg50,67.0,75.0,80,8.065044950046229,74.0,67.0,1.0,5,7.0
16,61,61.0,dn1,1,pkg52,71.0,80.0,85,8.065044950046229,75.0,71.0,1.0,5,4.0
16,61,61.0,dn4,2,pkg51,65.0,73.0,78,8.065044950046229,68.0,65.0,1.0,5,3.0
16,62,62.0,dn15,5,pkg53,69.0,74.0,78,8.065044950046229,72.0,69.0,1.0,4,3.0
16,63,63.0,dn2,1,pkg54,73.0,81.0,87,8.065044950046229,79.0,73.0,1.0,6,6.0
16,67,67.0,dn8,3,pkg55,76.0,83.0,90,8.065044950046229,80.0,76.0,1.0,7,4.0
16,68,68.0,dn3,1,pkg57,74.0,80.0,85,8.065044950046229,82,75,1.0,5,7
16,68,68.0,dn10,4,pkg56,74.0,82.0,89,8.065044950046229,78.0,74.0,1.0,7,4.0
16,69,69.0,dn4,2,pkg58,74.0,81.0,85,8.065044950046229,77.0,74.0,1.0,4,3.0
16,75,75.0,dn13,5,pkg60,79.0,88.0,93,8.065044950046229,87,81,1.0,5,6
16,76,76.0,dn1,1,pkg59,79.0,85.0,91,8.065044950046229,94,85,0.9276480006968348,6,9
16,78,78.0,dn14,5,pkg61,87.0,95.0,104,8.065044950046229,102,90,1.0,9,12
16,79,79.0,dn10,4,pkg63,89.0,95.0,99,8.065044950046229,93.0,89.0,1.0,4,4.0
16,80,80.0,dn2,1,pkg62,84.0,92.0,97,8.065044950046229,87.0,84.0,1.0,5,3.0
16,82,82.0,dn4,2,pkg64,91.0,100.0,107,8.065044950046229,96.0,91.0,1.0,7,5.0
16,83,83.0,dn7,3,pkg65,90.0,96.0,103,8.065044950046229,101,92,1.0,7,9
16,84,84.0,dn3,1,pkg66,89.0,97.0,102,8.065044950046229,94,89,1.0,5,5
16,86,86.0,dn15,5,pkg68,92.0,100.0,103,8.065044950046229,96.0,92.0,1.0,3,4.0
16,87,87.0,dn2,1,pkg69,93.0,98.0,104,8.065044950046229,98.0,93.0,1.0,6,5.0
16,88,88.0,dn13,5,pkg67,95.0,103.0,111,8.065044950046229,101.0,95.0,1.0,8,6.0
16,89,89.0,dn11,4,pkg70,97.0,103.0,112,8.065044950046229,102.0,97.0,0.9554953287499572,9,5.0
16,94,94.0,dn1,1,pkg71,100.0,105.0,112,8.065044950046229,105.0,100.0,0.9623380203040381,7,5.0
16,96,96.0,dn3,1,pkg73,106.0,114.0,122,8.065044950046229,116,106,1.0,8,10
16,96,96.0,dn10,4,pkg72,100.0,105.0,107,8.065044950046229,103.0,100.0,1.0,2,3.0
16,97,97.0,dn4,2,pkg74,107.0,113.0,120,8.065044950046229,112.0,107.0,1.0,7,5.0
17,2,2.0,dn1,1,pkg5,8.0,15.0,19,8.065044950046229,10.0,8.0,1.0,4,2.0
17,2,2.0,dn2,1,pkg7,6.0,14.0,19,8.065044950046229,9.0,6.0,1.0,5,3.0
17,2,2.0,dn3,1,pkg10,7.0,17.0,20,8.065044950046229,10.0,7.0,1.0,3,3.0
17,2,2.0,dn4,2,pkg12,5.0,12.0,21,8.065044950046229,12,7,0.6109752255499895,9,5
17,2,2.0,dn5,2,pkg20,9.0,18.0,26,8.065044950046229,18,10,1.0,8,8
17,2,2.0,dn8,3,pkg1,6.0,15.0,20,8.065044950046229,7.0,6.0,1.0,5,1.0
17,2,2.0,dn9,3,pkg19,6.0,13.0,21,8.065044950046229,18,10,0.8454987064453288,8,8
17,2,2.0,dn10,4,pkg8,5.0,15.0,20,8.065044950046229,10,6,1.0,5,4
17,2,2.0,dn11,4,pkg22,6.0,13.0,19,8.065044950046229,16,9,1.0,6,7
17,2,2.0,dn12,4,pkg14,6.0,13.0,22,8.065044950046229,10,6,0.7169814111499796,9,4
17,2,2.0,dn13,5,pkg16,5.0,12.0,17,8.065044950046229,10,6,1.0,5,4
17,2,2.0,dn6,2,pkg9,6.0,11.0,17,8.065044950046229,9.0,6.0,0.9276480006968348,6,3.0
17,2,2.0,dn14,5,pkg21,6.0,14.0,22,8.065044950046229,20,11,0.9276480006968348,8,9
17,2,2.0,dn7,3,pkg3,7.0,16.0,18,8.065044950046229,9.0,7.0,1.0,2,2.0
17,2,2.0,dn15,5,pkg18,7.0,12.0,14,8.065044950046229,8.0,7.0,1.0,2,1.0
17,7,7.0,dn8,3,pkg15,10.0,19.0,28,8.065044950046229,15,11,0.8130495168499705,9,4
17,8,8.0,dn15,5,pkg24,8.0,16.0,22,8.065044950046229,24,16,0.8130495168499705,6,8
17,9,9.0,dn2,1,pkg17,8.0,13.0,19,8.065044950046229,21,15,0.18695048315002943,6,6
17,9,9.0,dn7,3,pkg23,9.0,18.0,28,8.065044950046229,39,24,0.39998067936643444,10,15
17,9,9.0,dn6,2,pkg25,13.0,18.0,23,8.065044950046229,17,13,1.0,5,4
17,10,10.0,dn1,1,pkg4,8.0,14.0,21,8.065044950046229,26,18,0.11628291208268915,7,8
17,10,10.0,dn10,4,pkg26,19.0,24.0,33,8.065044950046229,30,20,0.9554953287499572,9,10
17,10,10.0,dn12,4,pkg2,10.0,16.0,21,8.065044950046229,18,14,0.6964162111435814,5,4
17,10,10.0,dn3,1,pkg27,16.0,26.0,34,8.065044950046229,34,22,1.0,8,12
17,10,10.0,dn13,5,pkg6,9.0,17.0,25,8.065044950046229,28,19,0.3754003527381465,8,9
17,15,15.0,dn4,2,pkg30,21.0,31.0,39,8.065044950046229,24.0,21.0,1.0,8,3.0
17,15,15.0,dn8,3,pkg29,19.0,24.0,29,8.065044950046229,27,21,1.0,5,6
17,17,17.0,dn6,2,pkg31,22.0,28.0,37,8.065044950046229,45,31,0.7169814111499796,9,14
17,18,18.0,dn9,3,pkg28,22.0,32.0,39,8.065044950046229,34,26,1.0,7,8
17,23,23.0,dn5,2,pkg32,27.0,36.0,40,8.065044950046229,31,27,1.0,4,4
17,24,24.0,dn15,5,pkg33,32.0,38.0,44,8.065044950046229,36.0,32.0,1.0,6,4.0
17,26,26.0,dn1,1,pkg34,31.0,36.0,41,8.065044950046229,36,31,1.0,5,5
17,29,29.0,dn4,2,pkg35,37.0,46.0,57,8.065044950046229,55,42,0.9508759758087104,11,13
17,29,29.0,dn8,3,pkg36,39.0,45.0,47,8.065044950046229,40.0,39.0,1.0,2,1.0
17,32,32.0,dn2,1,pkg37,41.0,50.0,58,8.065044950046229,45.0,41.0,1.0,8,4.0
17,36,36.0,dn13,5,pkg38,42.0,51.0,52,8.065044950046229,43.0,42.0,1.0,1,1.0
17,44,44.0,dn10,4,pkg39,48.0,54.0,57,8.065044950046229,52,48,1.0,3,4
17,46,46.0,dn7,3,pkg40,52.0,57.0,64,8.065044950046229,56.0,52.0,0.9623380203040381,7,4.0
17,49,49.0,dn1,1,pkg41,57.0,67.0,73,8.065044950046229,64.0,57.0,1.0,6,7.0
17,51,51.0,dn11,4,pkg42,59.0,68.0,69,8.065044950046229,60.0,59.0,1.0,1,1.0
17,53,53.0,dn2,1,pkg43,59.0,69.0,72,8.065044950046229,63.0,59.0,1.0,3,4.0
17,56,56.0,dn3,1,pkg44,61.0,66.0,68,8.065044950046229,64.0,61.0,1.0,2,3.0
17,56,56.0,dn12,4,pkg45,63.0,68.0,71,8.065044950046229,65.0,63.0,1.0,3,2.0
17,58,58.0,dn10,4,pkg46,66.0,74.0,79,8.065044950046229,71.0,66.0,1.0,5,5.0
17,62,62.0,dn13,5,pkg47,66.0,76.0,79,8.065044950046229,69.0,66.0,1.0,3,3.0
17,62,62.0,dn14,5,pkg48,72.0,82.0,86,8.065044950046229,75.0,72.0,1.0,4,3.0
17,65,65.0,dn12,4,pkg49,71.0,81.0,83,8.065044950046229,73.0,71.0,1.0,2,2.0
17,70,70.0,dn1,1,pkg50,76.0,86.0,91,8.065044950046229,79.0,76.0,1.0,5,3.0
17,73,73.0,dn7,3,pkg51,80.0,90.0,96,8.065044950046229,85.0,80.0,1.0,6,5.0
17,75,75.0,dn4,2,pkg53,80.0,90.0,93,8.065044950046229,82.0,80.0,1.0,3,2.0
17,75,75.0,dn8,3,pkg52,80.0,87.0,91,8.065044950046229,87,81,1.0,4,6
17,77,77.0,dn5,2,pkg54,84.0,92.0,102,8.065044950046229,95,86,0.9276480006968348,10,9
17,79,79.0,dn9,3,pkg56,85.0,93.0,98,8.065044950046229,87.0,85.0,1.0,5,2.0
17,79,79.0,dn13,5,pkg55,83.0,89.0,93,8.065044950046229,86.0,83.0,1.0,4,3.0
17,81,81.0,dn6,2,pkg57,90.0,96.0,102,8.065044950046229,96.0,90.0,1.0,6,6.0
17,82,82.0,dn4,2,pkg58,87.0,97.0,100,8.065044950046229,89.0,87.0,1.0,3,2.0
17,87,87.0,dn1,1,pkg59,94.0,104.0,107,8.065044950046229,96.0,94.0,1.0,3,2.0
17,87,87.0,dn10,4,pkg60,94.0,100.0,107,8.065044950046229,99.0,94.0,1.0,7,5.0
17,89,89.0,dn7,3,pkg61,94.0,104.0,110,8.065044950046229,105,97,1.0,6,8
17,93,93.0,dn3,1,pkg63,98.0,107.0,114,8.065044950046229,109,101,1.0,7,8
17,93,93.0,dn8,3,pkg62,97.0,107.0,113,8.065044950046229,103,98,1.0,6,5
17,97,97.0,dn1,1,pkg64,103.0,113.0,117,8.065044950046229,107.0,103.0,1.0,4,4.0
17,98,98.0,dn4,2,pkg65,105.0,114.0,123,8.065044950046229,128,113,1.0,9,15
18,0,0.0,dn7,3,pkg2,5.0,11.0,19,8.065044950046229,20,10,0.8454987064453288,8,10
18,0,0.0,dn8,3,pkg18,5.0,12.0,19,8.065044950046229,10,5,0.9987148696173,7,5
18,1,1.0,dn1,1,pkg11,5.0,11.0,16,8.065044950046229,8.0,5.0,1.0,5,3.0
18,1,1.0,dn2,1,pkg12,6.0,15.0,19,8.065044950046229,13,7,1.0,4,6
18,1,1.0,dn3,1,pkg19,7.0,14.0,18,8.065044950046229,10.0,7.0,1.0,4,3.0
18,1,1.0,dn4,2,pkg8,5.0,13.0,17,8.065044950046229,9,5,1.0,4,4
18,1,1.0,dn6,2,pkg16,5.0,15.0,24,8.065044950046229,25,13,0.9554953287499572,9,12
18,1,1.0,dn9,3,pkg10,6.0,12.0,13,8.065044950046229,6.0,6.0,1.0,1,0.0
18,1,1.0,dn11,4,pkg13,6.0,12.0,17,8.065044950046229,11,6,1.0,5,5
18,1,1.0,dn14,5,pkg17,7.0,12.0,19,8.065044950046229,21,11,0.9623380203040381,7,10
18,1,1.0,dn5,2,pkg1,7.0,12.0,22,8.065044950046229,15,8,0.6000193206335656,10,7
18,1,1.0,dn10,4,pkg4,7.0,16.0,18,8.065044950046229,9.0,7.0,1.0,2,2.0
18,1,1.0,dn13,5,pkg23,7.0,16.0,24,8.065044950046229,19,10,1.0,8,9
18,1,1.0,dn15,5,pkg21,7.0,17.0,26,8.065044950046229,27,14,1.0,9,13
18,1,1.0,dn12,4,pkg14,7.0,17.0,21,8.065044950046229,12.0,7.0,1.0,4,5.0
18,8,8.0,dn1,1,pkg22,8.0,13.0,17,8.065044950046229,12,10,0.742124235688649,4,2
18,9,9.0,dn4,2,pkg25,8.0,17.0,23,8.065044950046229,25,17,0.8130495168499705,6,8
18,9,9.0,dn10,4,pkg26,13.0,22.0,33,8.065044950046229,41,25,0.6793222358514858,11,16
18,10,10.0,dn3,1,pkg5,9.0,19.0,22,8.065044950046229,18,14,1.0,3,4
18,10,10.0,dn8,3,pkg27,13.0,20.0,25,8.065044950046229,15.0,13.0,1.0,5,2.0
18,11,11.0,dn11,4,pkg20,9.0,19.0,24,8.065044950046229,23,17,0.9733308694771554,5,6
18,12,12.0,dn12,4,pkg24,9.0,16.0,21,8.065044950046229,24,18,0.3035837888564185,5,6
18,12,12.0,dn1,1,pkg9,10.0,15.0,23,8.065044950046229,16,14,0.018502940391891043,8,2
18,13,13.0,dn2,1,pkg15,10.0,16.0,27,8.065044950046229,31,22,0.00043788595842408906,11,9
18,15,15.0,dn5,2,pkg31,21.0,26.0,30,8.065044950046229,25.0,21.0,1.0,4,4.0
18,15,15.0,dn8,3,pkg28,20.0,26.0,35,8.065044950046229,33,24,0.7169814111499796,9,9
18,20,20.0,dn7,3,pkg32,27.0,32.0,37,8.065044950046229,30.0,27.0,1.0,5,3.0
18,21,21.0,dn1,1,pkg33,25.0,33.0,40,8.065044950046229,45,33,0.9987148696173,7,12
18,21,21.0,dn14,5,pkg34,31.0,37.0,43,8.065044950046229,39.0,31.0,1.0,6,8.0
18,23,23.0,dn11,4,pkg35,33.0,42.0,52,8.065044950046229,42.0,33.0,1.0,10,9.0
18,24,24.0,dn3,1,pkg36,31.0,37.0,42,8.065044950046229,35.0,31.0,1.0,5,4.0
18,25,25.0,dn4,2,pkg29,18.0,28.0,38,8.065044950046229,53,39,0.002720842483821817,10,14
18,25,25.0,dn5,2,pkg30,20.0,27.0,33,8.065044950046229,37,31,0.00806504495004623,6,6
18,25,25.0,dn12,4,pkg37,32.0,40.0,49,8.065044950046229,53,39,0.9919349550499538,9,14
18,29,29.0,dn6,2,pkg38,38.0,45.0,54,8.065044950046229,44.0,38.0,1.0,9,6.0
18,30,30.0,dn13,5,pkg39,38.0,46.0,52,8.065044950046229,45.0,38.0,1.0,6,7.0
18,30,30.0,dn7,3,pkg40,39.0,48.0,59,8.065044950046229,56,43,0.9847445937098342,11,13
18,35,35.0,dn8,3,pkg41,43.0,53.0,60,8.065044950046229,50.0,43.0,1.0,7,7.0
18,39,39.0,dn14,5,pkg42,45.0,54.0,58,8.065044950046229,50.0,45.0,1.0,4,5.0
18,41,41.0,dn2,1,pkg43,45.0,55.0,60,8.065044950046229,57,49,1.0,5,8
18,45,45.0,dn1,1,pkg44,55.0,63.0,71,8.065044950046229,65,55,1.0,8,10
18,46,46.0,dn5,2,pkg45,52.0,60.0,66,8.065044950046229,57.0,52.0,1.0,6,5.0
18,48,48.0,dn3,1,pkg46,52.0,60.0,65,8.065044950046229,62,55,1.0,5,7
18,50,50.0,dn14,5,pkg47,55.0,60.0,70,8.065044950046229,70,60,0.5,10,10
18,52,52.0,dn6,2,pkg49,60.0,70.0,77,8.065044950046229,72,62,1.0,7,10
18,52,52.0,dn10,4,pkg48,61.0,69.0,73,8.065044950046229,66.0,61.0,1.0,4,5.0
18,56,56.0,dn11,4,pkg50,62.0,67.0,71,8.065044950046229,65.0,62.0,1.0,4,3.0
18,59,59.0,dn5,2,pkg52,65.0,74.0,84,8.065044950046229,77,68,0.9276480006968348,10,9
18,59,59.0,dn12,4,pkg51,65.0,70.0,74,8.065044950046229,69.0,65.0,1.0,4,4.0
18,60,60.0,dn7,3,pkg53,65.0,75.0,82,8.065044950046229,82,71,1.0,7,11
18,62,62.0,dn4,2,pkg54,67.0,74.0,77,8.065044950046229,71.0,67.0,1.0,3,4.0
18,65,65.0,dn1,1,pkg55,70.0,79.0,86,8.065044950046229,83,74,1.0,7,9
18,69,69.0,dn10,4,pkg56,77.0,87.0,90,8.065044950046229,80.0,77.0,1.0,3,3.0
18,70,70.0,dn14,5,pkg57,77.0,84.0,89,8.065044950046229,80.0,77.0,1.0,5,3.0
18,71,71.0,dn8,3,pkg58,80.0,85.0,88,8.065044950046229,83.0,80.0,1.0,3,3.0
18,74,74.0,dn2,1,pkg59,82.0,91.0,98,8.065044950046229,87.0,82.0,1.0,7,5.0
18,75,75.0,dn13,5,pkg60,80.0,90.0,96,8.065044950046229,87,81,1.0,6,6
18,75,75.0,dn15,5,pkg61,82.0,87.0,98,8.065044950046229,88.0,82.0,0.5910219106092702,11,6.0
18,76,76.0,dn4,2,pkg62,81.0,90.0,96,8.065044950046229,86,81,1.0,6,5
18,80,80.0,dn5,2,pkg63,87.0,97.0,106,8.065044950046229,106,93,1.0,9,13
18,83,83.0,dn1,1,pkg64,87.0,94.0,100,8.065044950046229,93,88,1.0,6,5
18,83,83.0,dn3,1,pkg65,93.0,101.0,105,8.065044950046229,95.0,93.0,1.0,4,2.0
18,87,87.0,dn13,5,pkg66,96.0,102.0,108,8.065044950046229,100.0,96.0,1.0,6,4.0
18,92,92.0,dn4,2,pkg67,100.0,106.0,109,8.065044950046229,104.0,100.0,1.0,3,4.0
18,93,93.0,dn2,1,pkg68,99.0,105.0,110,8.065044950046229,104.0,99.0,1.0,5,5.0
18,93,93.0,dn10,4,pkg69,99.0,105.0,110,8.065044950046229,101.0,99.0,1.0,5,2.0
18,94,94.0,dn1,1,pkg70,102.0,107.0,114,8.065044950046229,108.0,102.0,1.0,7,6.0
18,95,95.0,dn14,5,pkg71,102.0,109.0,118,8.065044950046229,109,102,0.9554953287499572,9,7
18,96,96.0,dn6,2,pkg72,102.0,110.0,118,8.065044950046229,106.0,102.0,1.0,8,4.0
19,0,0.0,dn1,1,pkg12,5.0,11.0,17,8.065044950046229,16,8,1.0,6,8
19,0,0.0,dn2,1,pkg4,10.0,16.0,22,8.065044950046229,17.0,10.0,1.0,6,7.0
19,0,0.0,dn3,1,pkg7,9.0,17.0,23,8.065044950046229,16.0,9.0,1.0,6,7.0
19,0,0.0,dn4,2,pkg11,5.0,10.0,18,8.065044950046229,16,8,0.742124235688649,8,8
19,0,0.0,dn5,2,pkg22,6.0,12.0,18,8.065044950046229,16,8,1.0,6,8
19,0,0.0,dn6,2,pkg2,6.0,14.0,21,8.065044950046229,20,10,1.0,7,10
19,0,0.0,dn7,3,pkg10,6.0,15.0,20,8.065044950046229,9.0,6.0,1.0,5,3.0
19,0,0.0,dn9,3,pkg16,6.0,16.0,27,8.065044950046229,30,15,0.9006778457052591,11,15
19,0,0.0,dn8,3,pkg8,7.0,12.0,16,8.065044950046229,13.0,7.0,1.0,4,6.0
19,1,1.0,dn10,4,pkg19,6.0,16.0,21,8.065044950046229,15,8,1.0,5,7
19,1,1.0,dn11,4,pkg17,6.0,15.0,25,8.065044950046229,21,11,0.8638529812987656,10,10
19,1,1.0,dn13,5,pkg18,6.0,15.0,22,8.065044950046229,15,8,1.0,7,7
19,1,1.0,dn14,5,pkg6,9.0,19.0,26,8.065044950046229,17,9,1.0,7,8
19,1,1.0,dn15,5,pkg1,7.0,17.0,24,8.065044950046229,13,7,1.0,7,6
19,4,4.0,dn12,4,pkg23,9.0,19.0,26,8.065044950046229,20,12,1.0,7,8
19,9,9.0,dn7,3,pkg26,17.0,22.0,28,8.065044950046229,23.0,17.0,1.0,6,6.0
19,13,13.0,dn15,5,pkg27,18.0,28.0,30,8.065044950046229,20.0,18.0,1.0,2,2.0
19,13,13.0,dn8,3,pkg9,7.0,17.0,25,8.065044950046229,29,21,0.07235199930316516,8,8
19,15,15.0,dn10,4,pkg25,13.0,20.0,29,8.065044950046229,31,23,0.10578949730003717,9,8
19,15,15.0,dn13,5,pkg24,11.0,16.0,26,8.065044950046229,43,29,0.0,10,14
19,16,16.0,dn1,1,pkg30,23.0,30.0,37,8.065044950046229,34,25,1.0,7,9
19,16,16.0,dn4,2,pkg28,22.0,28.0,32,8.065044950046229,23.0,22.0,1.0,4,1.0
19,16,16.0,dn5,2,pkg29,23.0,31.0,41,8.065044950046229,46,31,0.9276480006968348,10,15
19,17,17.0,dn14,5,pkg31,22.0,32.0,41,8.065044950046229,26.0,22.0,0.9919349550499538,9,4.0
19,19,19.0,dn2,1,pkg32,25.0,30.0,37,8.065044950046229,30.0,25.0,0.9623380203040381,7,5.0
19,20,20.0,dn12,4,pkg33,26.0,31.0,36,8.065044950046229,36,28,1.0,5,8
19,24,24.0,dn3,1,pkg35,32.0,42.0,48,8.065044950046229,40,32,1.0,6,8
19,26,26.0,dn7,3,pkg36,30.0,37.0,45,8.065044950046229,44,35,0.8454987064453288,8,9
19,28,28.0,dn4,2,pkg37,37.0,46.0,54,8.065044950046229,44.0,37.0,1.0,8,7.0
19,28,28.0,dn15,5,pkg38,38.0,44.0,49,8.065044950046229,41.0,38.0,1.0,5,3.0
19,30,30.0,dn2,1,pkg34,33.0,42.0,48,8.065044950046229,42,36,1.0,6,6
19,32,32.0,dn8,3,pkg39,41.0,49.0,52,8.065044950046229,45.0,41.0,1.0,3,4.0
19,34,34.0,dn1,1,pkg41,44.0,49.0,55,8.065044950046229,48.0,44.0,1.0,6,4.0
19,34,34.0,dn6,2,pkg40,42.0,49.0,51,8.065044950046229,44.0,42.0,1.0,2,2.0
19,39,39.0,dn10,4,pkg42,44.0,53.0,58,8.065044950046229,51,45,1.0,5,6
19,45,45.0,dn4,2,pkg43,54.0,63.0,69,8.065044950046229,58.0,54.0,1.0,6,4.0
19,46,46.0,dn2,1,pkg44,54.0,64.0,70,8.065044950046229,60.0,54.0,1.0,6,6.0
19,50,50.0,dn7,3,pkg45,55.0,65.0,73,8.065044950046229,64,57,1.0,8,7
19,50,50.0,dn8,3,pkg46,57.0,65.0,68,8.065044950046229,59.0,57.0,1.0,3,2.0
19,53,53.0,dn1,1,pkg47,61.0,71.0,79,8.065044950046229,79,66,1.0,8,13
19,56,56.0,dn5,2,pkg48,65.0,72.0,75,8.065044950046229,69.0,65.0,1.0,3,4.0
19,56,56.0,dn6,2,pkg49,66.0,73.0,82,8.065044950046229,73.0,66.0,1.0,9,7.0
19,59,59.0,dn9,3,pkg50,65.0,71.0,75,8.065044950046229,70.0,65.0,1.0,4,5.0
19,60,60.0,dn3,1,pkg51,66.0,73.0,76,8.065044950046229,69.0,66.0,1.0,3,3.0
19,60,60.0,dn8,3,pkg52,66.0,74.0,82,8.065044950046229,82,71,1.0,8,11
19,64,64.0,dn2,1,pkg53,72.0,77.0,81,8.065044950046229,76.0,72.0,1.0,4,4.0
19,66,66.0,dn4,2,pkg54,73.0,83.0,89,8.065044950046229,80,73,1.0,6,7
19,69,69.0,dn13,5,pkg55,75.0,82.0,90,8.065044950046229,87,78,0.981497059608109,8,9
19,70,70.0,dn3,1,pkg56,77.0,86.0,92,8.065044950046229,82.0,77.0,1.0,6,5.0
19,73,73.0,dn6,2,pkg57,82.0,87.0,98,8.065044950046229,97,85,0.7621793903595921,11,12
19,74,74.0,dn5,2,pkg58,81.0,91.0,101,8.065044950046229,108,91,0.9972791575161781,10,17
19,77,77.0,dn7,3,pkg59,82.0,90.0,93,8.065044950046229,87,82,1.0,3,5
19,79,79.0,dn2,1,pkg60,84.0,94.0,97,8.065044950046229,86.0,84.0,1.0,3,2.0
19,81,81.0,dn4,2,pkg61,85.0,91.0,97,8.065044950046229,88.0,85.0,0.9919349550499538,6,3.0
19,82,82.0,dn3,1,pkg62,91.0,100.0,107,8.065044950046229,95.0,91.0,1.0,7,4.0
19,87,87.0,dn8,3,pkg63,93.0,100.0,106,8.065044950046229,99,93,1.0,6,6
19,87,87.0,dn13,5,pkg64,93.0,103.0,114,8.065044950046229,107,97,0.9006778457052591,11,10
19,88,88.0,dn1,1,pkg65,96.0,104.0,108,8.065044950046229,99.0,96.0,1.0,4,3.0
19,90,90.0,dn4,2,pkg66,97.0,107.0,113,8.065044950046229,106,98,1.0,6,8
19,93,93.0,dn2,1,pkg68,103.0,111.0,117,8.065044950046229,111.0,103.0,1.0,6,8.0
19,93,93.0,dn14,5,pkg67,97.0,104.0,107,8.065044950046229,99.0,97.0,1.0,3,2.0
20,0,0.0,dn4,2,pkg2,8.0,16.0,21,8.065044950046229,13.0,8.0,1.0,5,5.0
20,0,0.0,dn6,2,pkg15,7.0,14.0,21,8.065044950046229,10.0,7.0,1.0,7,3.0
20,0,0.0,dn7,3,pkg4,6.0,16.0,18,8.065044950046229,8.0,6.0,1.0,2,2.0
20,0,0.0,dn10,4,pkg10,5.0,11.0,19,8.065044950046229,14,7,0.8454987064453288,8,7
20,0,0.0,dn11,4,pkg22,10.0,17.0,20,8.065044950046229,13.0,10.0,1.0,3,3.0
20,0,0.0,dn12,4,pkg1,8.0,15.0,21,8.065044950046229,12.0,8.0,1.0,6,4.0
20,0,0.0,dn13,5,pkg8,5.0,10.0,20,8.065044950046229,12,6,0.5,10,6
20,0,0.0,dn14,5,pkg17,8.0,17.0,21,8.065044950046229,14.0,8.0,1.0,4,6.0
20,0,0.0,dn15,5,pkg13,10.0,16.0,22,8.065044950046229,16.0,10.0,1.0,6,6.0
20,0,0.0,dn5,2,pkg9,7.0,15.0,24,8.065044950046229,11.0,7.0,0.9919349550499538,9,4.0
20,1,1.0,dn1,1,pkg18,6.0,12.0,23,8.065044950046229,17,9,0.5,11,8
20,1,1.0,dn2,1,pkg14,9.0,16.0,20,8.065044950046229,13.0,9.0,1.0,4,4.0
20,1,1.0,dn3,1,pkg7,7.0,13.0,20,8.065044950046229,11.0,7.0,0.9987148696173,7,4.0
20,1,1.0,dn8,3,pkg16,7.0,12.0,16,8.065044950046229,10.0,7.0,1.0,4,3.0
20,1,1.0,dn9,3,pkg21,7.0,15.0,18,8.065044950046229,10.0,7.0,1.0,3,3.0
20,8,8.0,dn7,3,pkg12,7.0,14.0,24,8.065044950046229,34,21,0.1361470187012343,10,13
20,10,10.0,dn6,2,pkg11,10.0,20.0,29,8.065044950046229,30,20,0.6109752255499895,9,10
20,10,10.0,dn8,3,pkg26,13.0,21.0,25,8.065044950046229,20,15,1.0,4,5
20,10,10.0,dn9,3,pkg23,10.0,20.0,26,8.065044950046229,18,14,0.9919349550499538,6,4
20,11,11.0,dn3,1,pkg25,13.0,19.0,25,8.065044950046229,23,17,0.8130495168499705,6,6
20,11,11.0,dn5,2,pkg27,20.0,25.0,29,8.065044950046229,26.0,20.0,1.0,4,6.0
20,12,12.0,dn12,4,pkg28,20.0,29.0,38,8.065044950046229,28,20,1.0,9,8
20,12,12.0,dn13,5,pkg19,7.0,17.0,18,8.065044950046229,14,13,1.0,1,1
20,13,13.0,dn2,1,pkg6,9.0,18.0,28,8.065044950046229,35,24,0.07235199930316516,10,11
20,13,13.0,dn4,2,pkg24,7.0,15.0,24,8.065044950046229,31,22,0.0,9,9
20,13,13.0,dn11,4,pkg5,7.0,15.0,21,8.065044950046229,19,16,0.00806504495004623,6,3
20,14,14.0,dn10,4,pkg29,24.0,34.0,42,8.065044950046229,31.0,24.0,1.0,8,7.0
20,17,17.0,dn1,1,pkg30,22.0,27.0,35,8.065044950046229,33,25,0.742124235688649,8,8
20,20,20.0,dn8,3,pkg32,25.0,34.0,39,8.065044950046229,28.0,25.0,1.0,5,3.0
20,20,20.0,dn9,3,pkg31,28.0,33.0,40,8.065044950046229,38,29,1.0,7,9
20,21,21.0,dn13,5,pkg33,31.0,38.0,48,8.065044950046229,43,32,0.9972791575161781,10,11
20,28,28.0,dn8,3,pkg34,38.0,47.0,51,8.065044950046229,42.0,38.0,1.0,4,4.0
20,30,30.0,dn6,2,pkg35,37.0,44.0,55,8.065044950046229,66,48,0.7621793903595921,11,18
20,31,31.0,dn4,2,pkg36,41.0,46.0,54,8.065044950046229,47.0,41.0,1.0,8,6.0
20,33,33.0,dn5,2,pkg37,37.0,47.0,54,8.065044950046229,45,39,1.0,7,6
20,36,36.0,dn10,4,pkg38,42.0,47.0,56,8.065044950046229,52,44,0.7169814111499796,9,8
20,39,39.0,dn11,4,pkg39,45.0,52.0,56,8.065044950046229,48.0,45.0,1.0,4,3.0
20,39,39.0,dn12,4,pkg40,46.0,55.0,57,8.065044950046229,47.0,46.0,1.0,2,1.0
20,44,44.0,dn1,1,pkg41,53.0,60.0,66,8.065044950046229,61.0,53.0,1.0,6,8.0
20,45,45.0,dn5,2,pkg42,52.0,60.0,64,8.065044950046229,58.0,52.0,1.0,4,6.0
20,46,46.0,dn7,3,pkg43,56.0,65.0,76,8.065044950046229,70,58,0.9995621140415759,11,12
20,50,50.0,dn11,4,pkg45,55.0,65.0,69,8.065044950046229,60,55,1.0,4,5
20,50,50.0,dn12,4,pkg44,57.0,66.0,75,8.065044950046229,80,65,1.0,9,15
20,52,52.0,dn2,1,pkg46,57.0,66.0,67,8.065044950046229,58.0,57.0,1.0,1,1.0
20,52,52.0,dn3,1,pkg47,62.0,72.0,81,8.065044950046229,67.0,62.0,1.0,9,5.0
20,55,55.0,dn10,4,pkg48,59.0,64.0,65,8.065044950046229,60.0,59.0,1.0,1,1.0
20,58,58.0,dn4,2,pkg49,64.0,71.0,82,8.065044950046229,76,67,0.6793222358514858,11,9
20,59,59.0,dn2,1,pkg50,65.0,73.0,77,8.065044950046229,70.0,65.0,1.0,4,5.0
20,60,60.0,dn13,5,pkg51,67.0,76.0,84,8.065044950046229,80,70,1.0,8,10
20,65,65.0,dn1,1,pkg52,71.0,81.0,90,8.065044950046229,77,71,1.0,9,6
20,67,67.0,dn11,4,pkg54,77.0,82.0,91,8.065044950046229,87,77,0.9919349550499538,9,10
20,67,67.0,dn14,5,pkg53,74.0,84.0,92,8.065044950046229,91,79,1.0,8,12
20,70,70.0,dn2,1,pkg55,75.0,83.0,87,8.065044950046229,80,75,1.0,4,5
20,71,71.0,dn15,5,pkg56,79.0,87.0,92,8.065044950046229,84.0,79.0,1.0,5,5.0
20,74,74.0,dn7,3,pkg57,83.0,89.0,92,8.065044950046229,86.0,83.0,1.0,3,3.0
20,75,75.0,dn3,1,pkg58,80.0,86.0,88,8.065044950046229,82.0,80.0,1.0,2,2.0
20,78,78.0,dn1,1,pkg59,85.0,94.0,103,8.065044950046229,108,93,1.0,9,15
20,78,78.0,dn4,2,pkg60,84.0,94.0,101,8.065044950046229,96,87,1.0,7,9
20,80,80.0,dn8,3,pkg61,85.0,90.0,95,8.065044950046229,88.0,85.0,1.0,5,3.0
20,86,86.0,dn5,2,pkg62,95.0,103.0,107,8.065044950046229,100.0,95.0,1.0,4,5.0
20,89,89.0,dn6,2,pkg63,94.0,104.0,112,8.065044950046229,107,98,1.0,8,9
20,90,90.0,dn13,5,pkg64,97.0,102.0,103,8.065044950046229,98.0,97.0,1.0,1,1.0
20,92,92.0,dn2,1,pkg65,98.0,104.0,109,8.065044950046229,101.0,98.0,1.0,5,3.0
20,92,92.0,dn11,4,pkg66,99.0,108.0,117,8.065044950046229,108,100,1.0,9,8
20,96,96.0,dn4,2,pkg67,103.0,110.0,116,8.065044950046229,109.0,103.0,1.0,6,6.0
20,98,98.0,dn3,1,pkg68,103.0,109.0,114,8.065044950046229,107.0,103.0,1.0,5,4.0
20,99,99.0,dn7,3,pkg69,104.0,109.0,111,8.065044950046229,105.0,104.0,1.0,2,1.0
20,99,99.0,dn14,5,pkg70,105.0,110.0,111,8.065044950046229,106.0,105.0,1.0,1,1.0
21,0,0.0,dn1,1,pkg15,5.0,14.0,17,8.065044950046229,10,5,1.0,3,5
21,0,0.0,dn3,1,pkg14,7.0,17.0,26,8.065044950046229,22,11,1.0,9,11
21,0,0.0,dn10,4,pkg18,9.0,17.0,23,8.065044950046229,15.0,9.0,1.0,6,6.0
21,0,0.0,dn11,4,pkg13,5.0,11.0,20,8.065044950046229,16,8,0.7169814111499796,9,8
21,0,0.0,dn12,4,pkg2,7.0,15.0,17,8.065044950046229,8.0,7.0,1.0,2,1.0
21,0,0.0,dn2,1,pkg10,8.0,13.0,17,8.065044950046229,11.0,8.0,1.0,4,3.0
21,1,1.0,dn4,2,pkg4,8.0,13.0,18,8.065044950046229,14.0,8.0,1.0,5,6.0
21,1,1.0,dn5,2,pkg1,8.0,15.0,24,8.065044950046229,23,12,0.9554953287499572,9,11
21,1,1.0,dn6,2,pkg17,9.0,15.0,18,8.065044950046229,12.0,9.0,1.0,3,3.0
21,1,1.0,dn7,3,pkg21,5.0,14.0,16,8.065044950046229,6.0,5.0,1.0,2,1.0
21,1,1.0,dn8,3,pkg20,9.0,17.0,20,8.065044950046229,10.0,9.0,1.0,3,1.0
21,1,1.0,dn9,3,pkg8,10.0,16.0,21,8.065044950046229,13.0,10.0,1.0,5,3.0
21,1,1.0,dn13,5,pkg12,5.0,13.0,19,8.065044950046229,17,9,1.0,6,8
21,1,1.0,dn15,5,pkg16,8.0,16.0,20,8.065044950046229,12.0,8.0,1.0,4,4.0
21,1,1.0,dn14,5,pkg7,9.0,15.0,21,8.065044950046229,17,9,1.0,6,8
21,6,6.0,dn7,3,pkg3,9.0,17.0,23,8.065044950046229,16,11,1.0,6,5
21,8,8.0,dn12,4,pkg9,9.0,16.0,20,8.065044950046229,16,12,1.0,4,4
21,10,10.0,dn1,1,pkg19,9.0,14.0,17,8.065044950046229,16,13,0.8130495168499705,3,3
21,10,10.0,dn8,3,pkg25,14.0,22.0,31,8.065044950046229,26,18,0.8130495168499705,9,8
21,11,11.0,dn2,1,pkg22,9.0,19.0,21,8.065044950046229,15,13,1.0,2,2
21,12,12.0,dn6,2,pkg26,15.0,24.0,33,8.065044950046229,38,25,0.8130495168499705,9,13
21,12,12.0,dn15,5,pkg23,9.0,17.0,26,8.065044950046229,32,22,0.10578949730003717,9,10
21,13,13.0,dn9,3,pkg6,10.0,15.0,20,8.065044950046229,15,14,0.02666913052284453,5,1
21,14,14.0,dn4,2,pkg24,10.0,20.0,24,8.065044950046229,20,17,0.9276480006968348,4,3
21,15,15.0,dn2,1,pkg27,25.0,32.0,38,8.065044950046229,31.0,25.0,1.0,6,6.0
21,15,15.0,dn10,4,pkg11,10.0,17.0,19,8.065044950046229,21,18,0.5,2,3
21,16,16.0,dn1,1,pkg28,22.0,32.0,41,8.065044950046229,34,25,1.0,9,9
21,19,19.0,dn11,4,pkg29,26.0,35.0,41,8.065044950046229,30.0,26.0,1.0,6,4.0
21,20,20.0,dn4,2,pkg30,30.0,36.0,41,8.065044950046229,35.0,30.0,1.0,5,5.0
21,22,22.0,dn9,3,pkg32,28.0,38.0,47,8.065044950046229,32.0,28.0,1.0,9,4.0
21,22,22.0,dn13,5,pkg31,28.0,35.0,40,8.065044950046229,31.0,28.0,1.0,5,3.0
21,23,23.0,dn5,2,pkg33,31.0,36.0,39,8.065044950046229,34.0,31.0,1.0,3,3.0
21,25,25.0,dn3,1,pkg34,32.0,41.0,45,8.065044950046229,37.0,32.0,1.0,4,5.0
21,26,26.0,dn8,3,pkg36,34.0,40.0,50,8.065044950046229,38.0,34.0,0.8638529812987656,10,4.0
21,26,26.0,dn10,4,pkg35,31.0,37.0,42,8.065044950046229,35.0,31.0,1.0,5,4.0
21,32,32.0,dn7,3,pkg37,41.0,50.0,59,8.065044950046229,45.0,41.0,1.0,9,4.0
21,34,34.0,dn5,2,pkg38,40.0,47.0,54,8.065044950046229,42.0,40.0,1.0,7,2.0
21,40,40.0,dn1,1,pkg39,46.0,52.0,57,8.065044950046229,50.0,46.0,1.0,5,4.0
21,40,40.0,dn2,1,pkg40,48.0,58.0,68,8.065044950046229,72,56,1.0,10,16
21,44,44.0,dn4,2,pkg41,48.0,58.0,62,8.065044950046229,56,50,1.0,4,6
21,44,44.0,dn11,4,pkg42,54.0,62.0,68,8.065044950046229,57.0,54.0,1.0,6,3.0
21,45,45.0,dn3,1,pkg43,50.0,55.0,64,8.065044950046229,63,54,0.6109752255499895,9,9
21,52,52.0,dn5,2,pkg44,58.0,63.0,69,8.065044950046229,64,58,1.0,6,6
21,54,54.0,dn1,1,pkg45,59.0,65.0,72,8.065044950046229,66,60,0.9623380203040381,7,6
21,56,56.0,dn13,5,pkg46,61.0,69.0,74,8.065044950046229,68,62,1.0,5,6
21,58,58.0,dn4,2,pkg47,66.0,74.0,83,8.065044950046229,73.0,66.0,1.0,9,7.0
21,61,61.0,dn6,2,pkg48,68.0,73.0,78,8.065044950046229,72.0,68.0,1.0,5,4.0
21,65,65.0,dn10,4,pkg49,73.0,79.0,82,8.065044950046229,77.0,73.0,1.0,3,4.0
21,65,65.0,dn5,2,pkg50,74.0,80.0,85,8.065044950046229,81.0,74.0,1.0,5,7.0
21,66,66.0,dn7,3,pkg51,72.0,82.0,89,8.065044950046229,86,76,1.0,7,10
21,68,68.0,dn8,3,pkg52,73.0,79.0,88,8.065044950046229,90,79,0.7169814111499796,9,11
21,69,69.0,dn1,1,pkg53,75.0,80.0,86,8.065044950046229,85,77,1.0,6,8
21,70,70.0,dn11,4,pkg54,74.0,81.0,91,8.065044950046229,98,84,0.6000193206335656,10,14
21,72,72.0,dn2,1,pkg55,76.0,84.0,90,8.065044950046229,82,77,1.0,6,5
21,72,72.0,dn3,1,pkg56,82.0,88.0,95,8.065044950046229,87.0,82.0,1.0,7,5.0
21,75,75.0,dn6,2,pkg58,84.0,91.0,93,8.065044950046229,86.0,84.0,1.0,2,2.0
21,75,75.0,dn9,3,pkg57,82.0,90.0,94,8.065044950046229,86.0,82.0,1.0,4,4.0
21,76,76.0,dn12,4,pkg59,83.0,91.0,99,8.065044950046229,96,86,1.0,8,10
21,79,79.0,dn10,4,pkg60,87.0,92.0,100,8.065044950046229,95,87,0.981497059608109,8,8
21,83,83.0,dn2,1,pkg61,89.0,94.0,99,8.065044950046229,94.0,89.0,1.0,5,5.0
21,90,90.0,dn3,1,pkg63,98.0,105.0,114,8.065044950046229,114,102,0.9919349550499538,9,12
21,90,90.0,dn7,3,pkg62,97.0,102.0,107,8.065044950046229,104,97,1.0,5,7
21,94,94.0,dn8,3,pkg64,98.0,108.0,116,8.065044950046229,112,103,1.0,8,9
21,96,96.0,dn1,1,pkg65,101.0,110.0,118,8.065044950046229,110,103,1.0,8,7
21,96,96.0,dn2,1,pkg66,102.0,107.0,109,8.065044950046229,104.0,102.0,1.0,2,2.0
22,0,0.0,dn4,2,pkg8,10.0,18.0,24,8.065044950046229,15.0,10.0,1.0,6,5.0
22,0,0.0,dn6,2,pkg7,7.0,16.0,24,8.065044950046229,18,9,1.0,8,9
22,0,0.0,dn10,4,pkg1,5.0,15.0,21,8.065044950046229,16,8,1.0,6,8
22,0,0.0,dn11,4,pkg3,5.0,15.0,24,8.065044950046229,16,8,0.9919349550499538,9,8
22,0,0.0,dn14,5,pkg10,6.0,13.0,20,8.065044950046229,11.0,6.0,1.0,7,5.0
22,0,0.0,dn15,5,pkg17,7.0,12.0,18,8.065044950046229,11.0,7.0,1.0,6,4.0
22,0,0.0,dn13,5,pkg12,7.0,14.0,19,8.065044950046229,16,8,1.0,5,8
22,0,0.0,dn5,2,pkg5,7.0,17.0,26,8.065044950046229,26,13,1.0,9,13
22,0,0.0,dn12,4,pkg9,8.0,13.0,19,8.065044950046229,16,8,1.0,6,8
22,1,1.0,dn1,1,pkg4,7.0,16.0,24,8.065044950046229,25,13,1.0,8,12
22,1,1.0,dn3,1,pkg23,8.0,14.0,21,8.065044950046229,13.0,8.0,1.0,7,5.0
22,1,1.0,dn7,3,pkg15,7.0,16.0,22,8.065044950046229,15,8,1.0,6,7
22,1,1.0,dn9,3,pkg6,9.0,14.0,24,8.065044950046229,13.0,9.0,0.7855682414064981,10,4.0
22,1,1.0,dn8,3,pkg20,10.0,16.0,20,8.065044950046229,15.0,10.0,1.0,4,5.0
22,1,1.0,dn2,1,pkg13,9.0,17.0,22,8.065044950046229,12.0,9.0,1.0,5,3.0
22,11,11.0,dn14,5,pkg25,8.0,15.0,23,8.065044950046229,25,18,0.07235199930316516,8,7
22,11,11.0,dn15,5,pkg19,10.0,15.0,26,8.065044950046229,35,23,0.015255406290165807,11,12
22,12,12.0,dn2,1,pkg14,10.0,17.0,22,8.065044950046229,24,18,0.5,5,6
22,13,13.0,dn3,1,pkg2,10.0,18.0,24,8.065044950046229,23,18,0.3350899866593905,6,5
22,13,13.0,dn9,3,pkg22,10.0,16.0,24,8.065044950046229,33,23,0.018502940391891043,8,10
22,15,15.0,dn4,2,pkg30,18.0,23.0,26,8.065044950046229,20.0,18.0,1.0,3,2.0
22,15,15.0,dn7,3,pkg28,14.0,19.0,25,8.065044950046229,27,21,0.18695048315002943,6,6
22,15,15.0,dn8,3,pkg26,15.0,20.0,22,8.065044950046229,17,16,1.0,2,1
22,16,16.0,dn10,4,pkg32,25.0,32.0,37,8.065044950046229,32.0,25.0,1.0,5,7.0
22,16,16.0,dn11,4,pkg16,8.0,17.0,20,8.065044950046229,22,19,0.00806504495004623,3,3
22,16,16.0,dn12,4,pkg18,10.0,17.0,23,8.065044950046229,30,23,0.0,6,7
22,16,16.0,dn13,5,pkg21,10.0,17.0,26,8.065044950046229,32,24,0.0,9,8
22,17,17.0,dn8,3,pkg27,16.0,26.0,30,8.065044950046229,23,20,1.0,4,3
22,22,22.0,dn11,4,pkg33,26.0,31.0,39,8.065044950046229,34,28,0.6245996472618536,8,6
22,23,23.0,dn3,1,pkg31,22.0,30.0,35,8.065044950046229,37,30,0.8638529812987656,5,7
22,23,23.0,dn8,3,pkg29,20.0,25.0,32,8.065044950046229,39,31,0.001285130382700006,7,8
22,25,25.0,dn4,2,pkg35,30.0,39.0,48,8.065044950046229,35,30,0.9554953287499572,9,5
22,25,25.0,dn14,5,pkg34,29.0,39.0,45,8.065044950046229,32.0,29.0,1.0,6,3.0
22,28,28.0,dn5,2,pkg36,32.0,40.0,45,8.065044950046229,42,35,1.0,5,7
22,29,29.0,dn7,3,pkg37,35.0,41.0,44,8.065044950046229,39.0,35.0,1.0,3,4.0
22,30,30.0,dn1,1,pkg38,34.0,44.0,48,8.065044950046229,40,35,1.0,4,5
22,30,30.0,dn2,1,pkg39,37.0,44.0,52,8.065044950046229,56,43,1.0,8,13
22,32,32.0,dn13,5,pkg40,38.0,43.0,50,8.065044950046229,52,42,0.9623380203040381,7,10
22,33,33.0,dn9,3,pkg41,43.0,52.0,59,8.065044950046229,52.0,43.0,1.0,7,9.0
22,37,37.0,dn14,5,pkg42,43.0,51.0,57,8.065044950046229,47.0,43.0,1.0,6,4.0
22,39,39.0,dn7,3,pkg43,43.0,53.0,56,8.065044950046229,47,43,1.0,3,4
22,40,40.0,dn3,1,pkg44,48.0,53.0,59,8.065044950046229,58,49,1.0,6,9
22,42,42.0,dn15,5,pkg45,46.0,51.0,54,8.065044950046229,47.0,46.0,1.0,3,1.0
22,44,44.0,dn4,2,pkg47,49.0,56.0,60,8.065044950046229,51.0,49.0,1.0,4,2.0
22,44,44.0,dn5,2,pkg46,51.0,59.0,67,8.065044950046229,60,52,1.0,8,8
22,46,46.0,dn8,3,pkg48,52.0,58.0,64,8.065044950046229,60,53,1.0,6,7
22,47,47.0,dn1,1,pkg49,54.0,64.0,72,8.065044950046229,61,54,1.0,8,7
22,47,47.0,dn14,5,pkg50,56.0,66.0,72,8.065044950046229,60.0,56.0,1.0,6,4.0
22,48,48.0,dn7,3,pkg51,58.0,67.0,69,8.065044950046229,60.0,58.0,1.0,2,2.0
22,51,51.0,dn4,2,pkg52,60.0,70.0,77,8.065044950046229,66.0,60.0,1.0,7,6.0
22,52,52.0,dn9,3,pkg53,61.0,67.0,74,8.065044950046229,68.0,61.0,1.0,7,7.0
22,56,56.0,dn6,2,pkg54,61.0,67.0,77,8.065044950046229,68,62,0.6000193206335656,10,6
22,58,58.0,dn2,1,pkg55,62.0,67.0,73,8.065044950046229,76,67,0.9276480006968348,6,9
22,59,59.0,dn13,5,pkg56,66.0,74.0,84,8.065044950046229,89,74,0.9276480006968348,10,15
22,60,60.0,dn10,4,pkg57,64.0,74.0,78,8.065044950046229,67.0,64.0,1.0,4,3.0
22,63,63.0,dn1,1,pkg58,68.0,77.0,79,8.065044950046229,70.0,68.0,1.0,2,2.0
22,68,68.0,dn3,1,pkg59,76.0,81.0,87,8.065044950046229,83.0,76.0,1.0,6,7.0
22,70,70.0,dn4,2,pkg60,78.0,87.0,94,8.065044950046229,86,78,1.0,7,8
22,71,71.0,dn7,3,pkg61,78.0,83.0,90,8.065044950046229,83.0,78.0,0.9987148696173,7,5.0
22,73,73.0,dn8,3,pkg62,79.0,85.0,89,8.065044950046229,81.0,79.0,1.0,4,2.0
22,77,77.0,dn14,5,pkg63,82.0,87.0,90,8.065044950046229,84.0,82.0,1.0,3,2.0
22,80,80.0,dn15,5,pkg64,84.0,93.0,95,8.065044950046229,85.0,84.0,1.0,2,1.0
22,80,80.0,dn9,3,pkg65,86.0,94.0,105,8.065044950046229,110,95,0.7621793903595921,11,15
22,85,85.0,dn5,2,pkg66,91.0,101.0,106,8.065044950046229,97,91,1.0,5,6
22,89,89.0,dn7,3,pkg67,95.0,102.0,107,8.065044950046229,101,95,1.0,5,6
22,92,92.0,dn13,5,pkg68,96.0,101.0,104,8.065044950046229,99.0,96.0,1.0,3,3.0
22,96,96.0,dn10,4,pkg69,101.0,111.0,116,8.065044950046229,105.0,101.0,1.0,5,4.0
23,0,0.0,dn10,4,pkg21,5.0,10.0,18,8.065044950046229,9.0,5.0,0.742124235688649,8,4.0
23,0,0.0,dn11,4,pkg1,5.0,13.0,23,8.065044950046229,9.0,5.0,0.7855682414064981,10,4.0
23,1,1.0,dn1,1,pkg22,9.0,15.0,19,8.065044950046229,13.0,9.0,1.0,4,4.0
23,1,1.0,dn2,1,pkg9,8.0,17.0,20,8.065044950046229,11.0,8.0,1.0,3,3.0
23,1,1.0,dn3,1,pkg6,6.0,12.0,19,8.065044950046229,8.0,6.0,0.9623380203040381,7,2.0
23,1,1.0,dn4,2,pkg23,11.0,17.0,22,8.065044950046229,15.0,11.0,1.0,5,4.0
23,1,1.0,dn6,2,pkg11,7.0,12.0,22,8.065044950046229,25,13,0.6000193206335656,10,12
23,1,1.0,dn7,3,pkg18,6.0,13.0,15,8.065044950046229,7.0,6.0,1.0,2,1.0
23,1,1.0,dn8,3,pkg20,6.0,11.0,15,8.065044950046229,15,8,1.0,4,7
23,1,1.0,dn12,4,pkg12,7.0,14.0,16,8.065044950046229,10.0,7.0,1.0,2,3.0
23,1,1.0,dn13,5,pkg15,6.0,14.0,19,8.065044950046229,17,9,1.0,5,8
23,1,1.0,dn14,5,pkg10,10.0,19.0,24,8.065044950046229,17.0,10.0,1.0,5,7.0
23,1,1.0,dn5,2,pkg4,8.0,18.0,25,8.065044950046229,17,9,1.0,7,8
23,1,1.0,dn9,3,pkg7,7.0,13.0,17,8.065044950046229,12.0,7.0,1.0,4,5.0
23,1,1.0,dn15,5,pkg19,10.0,18.0,28,8.065044950046229,15.0,10.0,0.9972791575161781,10,5.0
23,7,7.0,dn7,3,pkg2,7.0,13.0,21,8.065044950046229,21,14,0.2578757643113509,8,7
23,8,8.0,dn3,1,pkg17,9.0,14.0,20,8.065044950046229,18,13,0.5,6,5
23,9,9.0,dn10,4,pkg16,10.0,18.0,23,8.065044950046229,25,17,1.0,5,8
23,9,9.0,dn11,4,pkg24,12.0,20.0,26,8.065044950046229,21,15,1.0,6,6
23,10,10.0,dn12,4,pkg27,15.0,25.0,33,8.065044950046229,26,18,1.0,8,8
23,11,11.0,dn2,1,pkg14,9.0,16.0,22,8.065044950046229,29,20,0.3350899866593905,6,9
23,12,12.0,dn9,3,pkg3,10.0,17.0,23,8.065044950046229,24,18,0.3350899866593905,6,6
23,13,13.0,dn1,1,pkg8,10.0,20.0,28,8.065044950046229,23,18,0.3754003527381465,8,5
23,15,15.0,dn4,2,pkg13,10.0,17.0,28,8.065044950046229,41,28,0.0,11,13
23,15,15.0,dn8,3,pkg26,12.0,21.0,23,8.065044950046229,17,16,1.0,2,1
23,15,15.0,dn15,5,pkg30,19.0,26.0,36,8.065044950046229,29,22,0.6000193206335656,10,7
23,17,17.0,dn5,2,pkg32,21.0,28.0,33,8.065044950046229,25,21,1.0,5,4
23,17,17.0,dn8,3,pkg31,21.0,27.0,33,8.065044950046229,33,25,0.9919349550499538,6,8
23,18,18.0,dn3,1,pkg25,12.0,19.0,30,8.065044950046229,38,28,0.0,11,10
23,20,20.0,dn13,5,pkg33,27.0,33.0,43,8.065044950046229,38,29,0.7855682414064981,10,9
23,21,21.0,dn11,4,pkg34,28.0,33.0,38,8.065044950046229,34.0,28.0,1.0,5,6.0
23,23,23.0,dn1,1,pkg36,32.0,39.0,44,8.065044950046229,38.0,32.0,1.0,5,6.0
23,23,23.0,dn14,5,pkg35,31.0,41.0,52,8.065044950046229,38.0,31.0,0.9847445937098342,11,7.0
23,25,25.0,dn10,4,pkg28,16.0,26.0,33,8.065044950046229,45,35,0.0,7,10
23,26,26.0,dn7,3,pkg37,31.0,39.0,48,8.065044950046229,44,35,0.8942105026999628,9,9
23,28,28.0,dn5,2,pkg38,37.0,45.0,52,8.065044950046229,46,37,1.0,7,9
23,28,28.0,dn9,3,pkg39,36.0,46.0,57,8.065044950046229,44,36,0.9847445937098342,11,8
23,29,29.0,dn2,1,pkg40,36.0,45.0,55,8.065044950046229,47,38,0.9733308694771554,10,9
23,30,30.0,dn12,4,pkg41,36.0,42.0,52,8.065044950046229,54,42,0.6964162111435814,10,12
23,31,31.0,dn6,2,pkg42,36.0,42.0,52,8.065044950046229,63,47,0.6000193206335656,10,16
23,33,33.0,dn15,5,pkg43,39.0,46.0,55,8.065044950046229,55,44,0.8942105026999628,9,11
23,37,37.0,dn8,3,pkg45,44.0,52.0,60,8.065044950046229,50.0,44.0,1.0,8,6.0
23,38,38.0,dn1,1,pkg44,42.0,52.0,58,8.065044950046229,54,46,1.0,6,8
23,39,39.0,dn11,4,pkg46,48.0,53.0,59,8.065044950046229,55.0,48.0,1.0,6,7.0
23,41,41.0,dn4,2,pkg47,49.0,58.0,68,8.065044950046229,53.0,49.0,0.9972791575161781,10,4.0
23,42,42.0,dn3,1,pkg48,48.0,54.0,58,8.065044950046229,52.0,48.0,1.0,4,4.0
23,44,44.0,dn7,3,pkg50,54.0,62.0,65,8.065044950046229,57.0,54.0,1.0,3,3.0
23,45,45.0,dn10,4,pkg49,51.0,60.0,68,8.065044950046229,67,56,1.0,8,11
23,45,45.0,dn13,5,pkg51,52.0,59.0,69,8.065044950046229,59,52,0.8638529812987656,10,7
23,47,47.0,dn5,2,pkg53,54.0,61.0,68,8.065044950046229,58.0,54.0,1.0,7,4.0
23,51,51.0,dn14,5,pkg54,55.0,63.0,69,8.065044950046229,71,61,1.0,6,10
23,53,53.0,dn2,1,pkg56,58.0,68.0,75,8.065044950046229,61.0,58.0,1.0,7,3.0
23,53,53.0,dn3,1,pkg57,62.0,69.0,74,8.065044950046229,67.0,62.0,1.0,5,5.0
23,53,53.0,dn4,2,pkg52,55.0,62.0,65,8.065044950046229,61,57,1.0,3,4
23,54,54.0,dn1,1,pkg58,63.0,73.0,83,8.065044950046229,68.0,63.0,1.0,10,5.0
23,54,54.0,dn12,4,pkg55,59.0,66.0,73,8.065044950046229,63.0,59.0,0.9987148696173,7,4.0
23,57,57.0,dn7,3,pkg59,64.0,69.0,73,8.065044950046229,71,64,1.0,4,7
23,58,58.0,dn15,5,pkg60,68.0,77.0,85,8.065044950046229,75.0,68.0,1.0,8,7.0
23,60,60.0,dn5,2,pkg61,67.0,72.0,77,8.065044950046229,74,67,1.0,5,7
23,60,60.0,dn11,4,pkg62,66.0,75.0,86,8.065044950046229,94,77,0.8368717887665349,11,17
23,61,61.0,dn8,3,pkg63,67.0,76.0,81,8.065044950046229,69.0,67.0,1.0,5,2.0
23,65,65.0,dn4,2,pkg64,71.0,81.0,82,8.065044950046229,72.0,71.0,1.0,1,1.0
23,66,66.0,dn2,1,pkg65,71.0,78.0,83,8.065044950046229,74.0,71.0,1.0,5,3.0
23,68,68.0,dn1,1,pkg66,73.0,81.0,87,8.065044950046229,77.0,73.0,1.0,6,4.0
23,70,70.0,dn3,1,pkg67,74.0,84.0,91,8.065044950046229,82,76,1.0,7,6
23,72,72.0,dn10,4,pkg69,77.0,86.0,91,8.065044950046229,81.0,77.0,1.0,5,4.0
23,72,72.0,dn12,4,pkg68,78.0,83.0,88,8.065044950046229,84,78,1.0,5,6
23,79,79.0,dn7,3,pkg70,86.0,92.0,96,8.065044950046229,90.0,86.0,1.0,4,4.0
23,82,82.0,dn1,1,pkg72,87.0,95.0,104,8.065044950046229,108,95,0.8942105026999628,9,13
23,82,82.0,dn2,1,pkg71,91.0,99.0,102,8.065044950046229,95.0,91.0,1.0,3,4.0
23,83,83.0,dn10,4,pkg73,88.0,96.0,107,8.065044950046229,101,92,0.6793222358514858,11,9
23,85,85.0,dn4,2,pkg74,94.0,101.0,104,8.065044950046229,96.0,94.0,1.0,3,2.0
23,88,88.0,dn3,1,pkg75,95.0,103.0,110,8.065044950046229,99.0,95.0,1.0,7,4.0
23,92,92.0,dn5,2,pkg76,101.0,106.0,116,8.065044950046229,114,103,0.8638529812987656,10,11
23,99,99.0,dn7,3,pkg77,103.0,110.0,112,8.065044950046229,105.0,103.0,1.0,2,2.0
23,99,99.0,dn8,3,pkg78,104.0,114.0,125,8.065044950046229,123,111,0.8368717887665349,11,12
24,0,0.0,dn4,2,pkg15,6.0,14.0,19,8.065044950046229,10.0,6.0,1.0,5,4.0
24,0,0.0,dn5,2,pkg2,8.0,18.0,25,8.065044950046229,22,11,1.0,7,11
24,0,0.0,dn6,2,pkg20,6.0,12.0,21,8.065044950046229,24,12,0.8130495168499705,9,12
24,0,0.0,dn7,3,pkg7,5.0,15.0,21,8.065044950046229,8.0,5.0,1.0,6,3.0
24,0,0.0,dn13,5,pkg13,5.0,10.0,17,8.065044950046229,18,9,0.8837170879173109,7,9
24,0,0.0,dn14,5,pkg21,6.0,14.0,16,8.065044950046229,8.0,6.0,1.0,2,2.0
24,1,1.0,dn1,1,pkg17,7.0,17.0,22,8.065044950046229,12.0,7.0,1.0,5,5.0
24,1,1.0,dn8,3,pkg11,6.0,12.0,17,8.065044950046229,9.0,6.0,1.0,5,3.0
24,1,1.0,dn9,3,pkg18,6.0,13.0,17,8.065044950046229,8.0,6.0,1.0,4,2.0
24,1,1.0,dn10,4,pkg4,6.0,14.0,17,8.065044950046229,10.0,6.0,1.0,3,4.0
24,1,1.0,dn11,4,pkg6,6.0,16.0,23,8.065044950046229,13,7,1.0,7,6
24,1,1.0,dn12,4,pkg14,8.0,16.0,19,8.065044950046229,12.0,8.0,1.0,3,4.0
24,1,1.0,dn15,5,pkg19,6.0,15.0,17,8.065044950046229,7.0,6.0,1.0,2,1.0
24,1,1.0,dn3,1,pkg10,8.0,16.0,20,8.065044950046229,11.0,8.0,1.0,4,3.0
24,1,1.0,dn2,1,pkg3,9.0,18.0,20,8.065044950046229,11.0,9.0,1.0,2,2.0
24,7,7.0,dn15,5,pkg1,7.0,17.0,23,8.065044950046229,17,12,0.9919349550499538,6,5
24,8,8.0,dn7,3,pkg5,10.0,16.0,21,8.065044950046229,20,14,0.9733308694771554,5,6
24,8,8.0,dn9,3,pkg12,7.0,14.0,18,8.065044950046229,16,12,0.9276480006968348,4,4
24,8,8.0,dn14,5,pkg8,8.0,15.0,25,8.065044950046229,26,17,0.21443175859350194,10,9
24,9,9.0,dn8,3,pkg26,14.0,19.0,24,8.065044950046229,16.0,14.0,1.0,5,2.0
24,10,10.0,dn4,2,pkg24,10.0,18.0,24,8.065044950046229,22,16,0.8130495168499705,6,6
24,10,10.0,dn10,4,pkg9,7.0,12.0,19,8.065044950046229,24,17,0.001285130382700006,7,7
24,11,11.0,dn2,1,pkg28,21.0,29.0,40,8.065044950046229,33,22,0.9847445937098342,11,11
24,11,11.0,dn3,1,pkg25,11.0,20.0,28,8.065044950046229,27,19,0.6245996472618536,8,8
24,12,12.0,dn1,1,pkg23,9.0,14.0,20,8.065044950046229,20,16,0.00806504495004623,6,4
24,12,12.0,dn12,4,pkg27,16.0,25.0,32,8.065044950046229,32,22,1.0,7,10
24,16,16.0,dn11,4,pkg30,23.0,33.0,38,8.065044950046229,30,23,1.0,5,7
24,20,20.0,dn1,1,pkg29,25.0,31.0,38,8.065044950046229,38,29,0.9623380203040381,7,9
24,22,22.0,dn4,2,pkg31,27.0,32.0,41,8.065044950046229,40,31,0.6109752255499895,9,9
24,24,24.0,dn5,2,pkg33,30.0,40.0,42,8.065044950046229,33.0,30.0,1.0,2,3.0
24,24,24.0,dn10,4,pkg32,29.0,37.0,46,8.065044950046229,44,34,0.8942105026999628,9,10
24,27,27.0,dn6,2,pkg34,32.0,40.0,44,8.065044950046229,35.0,32.0,1.0,4,3.0
24,30,30.0,dn3,1,pkg35,36.0,43.0,50,8.065044950046229,48,39,1.0,7,9
24,33,33.0,dn2,1,pkg37,42.0,47.0,49,8.065044950046229,45.0,42.0,1.0,2,3.0
24,33,33.0,dn5,2,pkg36,37.0,42.0,46,8.065044950046229,43,38,1.0,4,5
24,35,35.0,dn7,3,pkg38,42.0,52.0,59,8.065044950046229,53,44,1.0,7,9
24,36,36.0,dn6,2,pkg39,42.0,49.0,56,8.065044950046229,46.0,42.0,1.0,7,4.0
24,41,41.0,dn8,3,pkg40,47.0,56.0,64,8.065044950046229,55,48,1.0,8,7
24,43,43.0,dn4,2,pkg41,52.0,57.0,65,8.065044950046229,67,55,1.0,8,12
24,45,45.0,dn5,2,pkg42,54.0,60.0,69,8.065044950046229,58.0,54.0,0.9919349550499538,9,4.0
24,47,47.0,dn9,3,pkg43,51.0,57.0,61,8.065044950046229,55,51,1.0,4,4
24,50,50.0,dn13,5,pkg44,59.0,65.0,68,8.065044950046229,62.0,59.0,1.0,3,3.0
24,52,52.0,dn14,5,pkg45,57.0,65.0,73,8.065044950046229,66,59,0.981497059608109,8,7
24,52,52.0,dn15,5,pkg46,57.0,66.0,76,8.065044950046229,82,67,0.8638529812987656,10,15
24,55,55.0,dn1,1,pkg47,61.0,66.0,70,8.065044950046229,66.0,61.0,1.0,4,5.0
24,57,57.0,dn6,2,pkg48,61.0,69.0,76,8.065044950046229,69,63,0.9987148696173,7,6
24,62,62.0,dn7,3,pkg49,71.0,79.0,81,8.065044950046229,73.0,71.0,1.0,2,2.0
24,65,65.0,dn2,1,pkg50,70.0,80.0,82,8.065044950046229,72.0,70.0,1.0,2,2.0
24,65,65.0,dn13,5,pkg51,71.0,78.0,86,8.065044950046229,79,72,0.981497059608109,8,7
24,70,70.0,dn1,1,pkg52,76.0,82.0,88,8.065044950046229,80.0,76.0,1.0,6,4.0
24,73,73.0,dn2,1,pkg53,82.0,89.0,91,8.065044950046229,84.0,82.0,1.0,2,2.0
24,73,73.0,dn7,3,pkg54,81.0,89.0,98,8.065044950046229,88.0,81.0,1.0,9,7.0
24,77,77.0,dn3,1,pkg55,86.0,91.0,99,8.065044950046229,93.0,86.0,1.0,8,7.0
24,77,77.0,dn4,2,pkg56,86.0,92.0,98,8.065044950046229,95,86,1.0,6,9
24,79,79.0,dn5,2,pkg57,88.0,98.0,102,8.065044950046229,90.0,88.0,1.0,4,2.0
24,82,82.0,dn15,5,pkg58,87.0,93.0,102,8.065044950046229,102,92,0.7169814111499796,9,10
24,87,87.0,dn1,1,pkg59,95.0,102.0,110,8.065044950046229,103,95,1.0,8,8
24,88,88.0,dn7,3,pkg60,96.0,104.0,108,8.065044950046229,99.0,96.0,1.0,4,3.0
24,91,91.0,dn8,3,pkg62,97.0,107.0,118,8.065044950046229,121,106,0.9006778457052591,11,15
24,91,91.0,dn9,3,pkg61,98.0,106.0,112,8.065044950046229,101.0,98.0,1.0,6,3.0
24,94,94.0,dn2,1,pkg63,101.0,106.0,110,8.065044950046229,106.0,101.0,1.0,4,5.0
24,96,96.0,dn3,1,pkg64,102.0,110.0,113,8.065044950046229,106.0,102.0,1.0,3,4.0
24,96,96.0,dn11,4,pkg65,103.0,112.0,123,8.065044950046229,122,109,0.9006778457052591,11,13
25,0,0.0,dn1,1,pkg14,10.0,15.0,20,8.065044950046229,17.0,10.0,1.0,5,7.0
25,0,0.0,dn2,1,pkg18,8.0,15.0,20,8.065044950046229,12.0,8.0,1.0,5,4.0
25,0,0.0,dn3,1,pkg7,5.0,12.0,19,8.065044950046229,10,5,0.9987148696173,7,5
25,0,0.0,dn13,5,pkg12,5.0,15.0,24,8.065044950046229,16,8,0.9919349550499538,9,8
25,0,0.0,dn14,5,pkg11,6.0,15.0,18,8.065044950046229,8.0,6.0,1.0,3,2.0
25,0,0.0,dn15,5,pkg9,8.0,13.0,18,8.065044950046229,10.0,8.0,1.0,5,2.0
25,1,1.0,dn4,2,pkg17,5.0,12.0,16,8.065044950046229,8.0,5.0,1.0,4,3.0
25,1,1.0,dn5,2,pkg10,5.0,14.0,22,8.065044950046229,8.0,5.0,0.981497059608109,8,3.0
25,1,1.0,dn6,2,pkg20,7.0,15.0,18,8.065044950046229,11.0,7.0,1.0,3,4.0
25,1,1.0,dn7,3,pkg21,9.0,19.0,27,8.065044950046229,19,10,1.0,8,9
25,1,1.0,dn8,3,pkg3,7.0,16.0,27,8.065044950046229,15,8,0.8368717887665349,11,7
25,1,1.0,dn9,3,pkg2,9.0,19.0,24,8.065044950046229,12.0,9.0,1.0,5,3.0
25,1,1.0,dn10,4,pkg4,7.0,13.0,15,8.065044950046229,9.0,7.0,1.0,2,2.0
25,1,1.0,dn11,4,pkg16,7.0,13.0,18,8.065044950046229,15,8,1.0,5,7
25,1,1.0,dn12,4,pkg15,7.0,15.0,21,8.065044950046229,19,10,1.0,6,9
25,8,8.0,dn4,2,pkg1,8.0,14.0,21,8.065044950046229,18,13,0.35801294300307457,7,5
25,8,8.0,dn5,2,pkg25,16.0,22.0,25,8.065044950046229,21.0,16.0,1.0,3,5.0
25,8,8.0,dn14,5,pkg8,9.0,14.0,16,8.065044950046229,12,10,1.0,2,2
25,9,9.0,dn10,4,pkg13,9.0,16.0,19,8.065044950046229,15,12,1.0,3,3
25,10,10.0,dn3,1,pkg23,16.0,24.0,31,8.065044950046229,32,21,1.0,7,11
25,10,10.0,dn15,5,pkg19,10.0,18.0,26,8.065044950046229,20,15,0.5,8,5
25,11,11.0,dn6,2,pkg22,10.0,17.0,27,8.065044950046229,33,22,0.1361470187012343,10,11
25,12,12.0,dn2,1,pkg26,18.0,23.0,31,8.065044950046229,26,19,0.8454987064453288,8,7
25,12,12.0,dn14,5,pkg24,14.0,23.0,29,8.065044950046229,32,22,1.0,6,10
25,15,15.0,dn10,4,pkg27,23.0,29.0,38,8.065044950046229,27.0,23.0,0.9554953287499572,9,4.0
25,15,15.0,dn11,4,pkg5,10.0,16.0,20,8.065044950046229,27,21,0.0,4,6
25,16,16.0,dn13,5,pkg29,24.0,29.0,34,8.065044950046229,30.0,24.0,1.0,5,6.0
25,17,17.0,dn1,1,pkg30,22.0,31.0,36,8.065044950046229,24.0,22.0,1.0,5,2.0
25,19,19.0,dn7,3,pkg31,26.0,34.0,45,8.065044950046229,37,28,0.8368717887665349,11,9
25,20,20.0,dn15,5,pkg28,24.0,34.0,42,8.065044950046229,40,30,1.0,8,10
25,21,21.0,dn4,2,pkg32,29.0,39.0,49,8.065044950046229,45,33,1.0,10,12
25,22,22.0,dn8,3,pkg33,26.0,36.0,41,8.065044950046229,38,30,1.0,5,8
25,22,22.0,dn9,3,pkg34,32.0,40.0,48,8.065044950046229,42,32,1.0,8,10
25,27,27.0,dn10,4,pkg36,34.0,41.0,46,8.065044950046229,37.0,34.0,1.0,5,3.0
25,29,29.0,dn5,2,pkg37,34.0,44.0,55,8.065044950046229,63,46,0.8368717887665349,11,17
25,30,30.0,dn1,1,pkg38,35.0,45.0,50,8.065044950046229,39.0,35.0,1.0,5,4.0
25,30,30.0,dn13,5,pkg35,36.0,45.0,49,8.065044950046229,38.0,36.0,1.0,4,2.0
25,32,32.0,dn2,1,pkg39,40.0,50.0,57,8.065044950046229,47.0,40.0,1.0,7,7.0
25,33,33.0,dn6,2,pkg41,43.0,53.0,63,8.065044950046229,53,43,1.0,10,10
25,33,33.0,dn14,5,pkg40,37.0,46.0,54,8.065044950046229,49,41,0.981497059608109,8,8
25,41,41.0,dn10,4,pkg42,47.0,54.0,59,8.065044950046229,49.0,47.0,1.0,5,2.0
25,44,44.0,dn7,3,pkg43,52.0,61.0,65,8.065044950046229,53.0,52.0,1.0,4,1.0
25,46,46.0,dn1,1,pkg44,51.0,56.0,60,8.065044950046229,58,52,1.0,4,6
25,46,46.0,dn3,1,pkg45,56.0,62.0,68,8.065044950046229,64.0,56.0,1.0,6,8.0
25,48,48.0,dn4,2,pkg46,54.0,59.0,69,8.065044950046229,58.0,54.0,0.6000193206335656,10,4.0
25,49,49.0,dn10,4,pkg47,56.0,63.0,66,8.065044950046229,58.0,56.0,1.0,3,2.0
25,49,49.0,dn14,5,pkg48,58.0,66.0,71,8.065044950046229,64.0,58.0,1.0,5,6.0
25,52,52.0,dn11,4,pkg49,61.0,66.0,71,8.065044950046229,69.0,61.0,1.0,5,8.0
25,53,53.0,dn6,2,pkg50,58.0,68.0,74,8.065044950046229,67,60,1.0,6,7
25,54,54.0,dn12,4,pkg51,62.0,68.0,79,8.065044950046229,88,71,0.7621793903595921,11,17
25,55,55.0,dn7,3,pkg52,61.0,69.0,76,8.065044950046229,77,66,1.0,7,11
25,58,58.0,dn4,2,pkg54,68.0,77.0,79,8.065044950046229,69.0,68.0,1.0,2,1.0
25,58,58.0,dn8,3,pkg53,64.0,72.0,74,8.065044950046229,66.0,64.0,1.0,2,2.0
25,60,60.0,dn1,1,pkg55,64.0,72.0,77,8.065044950046229,72,66,1.0,5,6
25,62,62.0,dn13,5,pkg57,70.0,75.0,81,8.065044950046229,80,71,1.0,6,9
25,62,62.0,dn2,1,pkg58,72.0,79.0,87,8.065044950046229,79.0,72.0,1.0,8,7.0
25,63,63.0,dn5,2,pkg56,69.0,77.0,88,8.065044950046229,93,78,0.7621793903595921,11,15
25,63,63.0,dn10,4,pkg59,72.0,77.0,82,8.065044950046229,78.0,72.0,1.0,5,6.0
25,66,66.0,dn9,3,pkg60,71.0,79.0,86,8.065044950046229,84,75,1.0,7,9
25,67,67.0,dn6,2,pkg61,71.0,78.0,87,8.065044950046229,89,78,0.7169814111499796,9,11
25,72,72.0,dn8,3,pkg62,81.0,89.0,98,8.065044950046229,87.0,81.0,1.0,9,6.0
25,72,72.0,dn15,5,pkg63,82.0,92.0,103,8.065044950046229,102,87,1.0,11,15
25,75,75.0,dn11,4,pkg65,80.0,85.0,89,8.065044950046229,83.0,80.0,1.0,4,3.0
25,75,75.0,dn4,2,pkg64,83.0,90.0,97,8.065044950046229,91,83,1.0,7,8
25,76,76.0,dn1,1,pkg66,84.0,90.0,94,8.065044950046229,86.0,84.0,1.0,4,2.0
25,80,80.0,dn7,3,pkg67,86.0,93.0,99,8.065044950046229,88.0,86.0,1.0,6,2.0
25,83,83.0,dn11,4,pkg68,90.0,97.0,107,8.065044950046229,109,96,0.8638529812987656,10,13
25,86,86.0,dn9,3,pkg69,91.0,99.0,104,8.065044950046229,98,92,1.0,5,6
25,86,86.0,dn14,5,pkg70,94.0,103.0,112,8.065044950046229,99.0,94.0,1.0,9,5.0
25,90,90.0,dn6,2,pkg71,94.0,104.0,109,8.065044950046229,106,98,1.0,5,8
25,95,95.0,dn1,1,pkg72,104.0,111.0,116,8.065044950046229,110.0,104.0,1.0,5,6.0
25,96,96.0,dn4,2,pkg73,102.0,112.0,119,8.065044950046229,116,106,1.0,7,10
25,96,96.0,dn5,2,pkg74,104.0,113.0,115,8.065044950046229,106.0,104.0,1.0,2,2.0
25,99,99.0,dn7,3,pkg75,108.0,117.0,124,8.065044950046229,114.0,108.0,1.0,7,6.0
26,0,0.0,dn4,2,pkg17,9.0,18.0,23,8.065044950046229,12.0,9.0,1.0,5,3.0
26,0,0.0,dn5,2,pkg11,6.0,12.0,20,8.065044950046229,16,8,0.9276480006968348,8,8
26,0,0.0,dn6,2,pkg16,6.0,13.0,21,8.065044950046229,10.0,6.0,0.981497059608109,8,4.0
26,0,0.0,dn13,5,pkg20,5.0,13.0,20,8.065044950046229,9.0,5.0,1.0,7,4.0
26,0,0.0,dn14,5,pkg14,5.0,15.0,24,8.065044950046229,16,8,0.9919349550499538,9,8
26,0,0.0,dn15,5,pkg2,6.0,15.0,19,8.065044950046229,11.0,6.0,1.0,4,5.0
26,0,0.0,dn7,3,pkg3,6.0,14.0,18,8.065044950046229,10.0,6.0,1.0,4,4.0
26,0,0.0,dn10,4,pkg7,8.0,13.0,20,8.065044950046229,13.0,8.0,1.0,7,5.0
26,1,1.0,dn1,1,pkg6,6.0,16.0,26,8.065044950046229,15,8,0.9276480006968348,10,7
26,1,1.0,dn2,1,pkg13,8.0,14.0,18,8.065044950046229,12.0,8.0,1.0,4,4.0
26,1,1.0,dn3,1,pkg5,8.0,15.0,26,8.065044950046229,21,11,0.7621793903595921,11,10
26,1,1.0,dn8,3,pkg1,10.0,18.0,22,8.065044950046229,13.0,10.0,1.0,4,3.0
26,1,1.0,dn9,3,pkg22,6.0,13.0,20,8.065044950046229,21,11,0.9987148696173,7,10
26,1,1.0,dn11,4,pkg12,9.0,16.0,19,8.065044950046229,12.0,9.0,1.0,3,3.0
26,1,1.0,dn12,4,pkg21,9.0,15.0,23,8.065044950046229,16.0,9.0,1.0,8,7.0
26,9,9.0,dn13,5,pkg15,8.0,14.0,18,8.065044950046229,17,13,0.742124235688649,4,4
26,10,10.0,dn6,2,pkg18,8.0,17.0,24,8.065044950046229,24,17,0.5,7,7
26,10,10.0,dn7,3,pkg10,10.0,20.0,27,8.065044950046229,26,18,0.8837170879173109,7,8
26,11,11.0,dn15,5,pkg24,12.0,22.0,25,8.065044950046229,19,15,1.0,3,4
26,12,12.0,dn2,1,pkg4,10.0,20.0,24,8.065044950046229,26,19,1.0,4,7
26,12,12.0,dn4,2,pkg8,10.0,18.0,24,8.065044950046229,24,18,0.5,6,6
26,12,12.0,dn11,4,pkg9,10.0,15.0,26,8.065044950046229,34,23,0.00043788595842408906,11,11
26,13,13.0,dn8,3,pkg23,9.0,17.0,22,8.065044950046229,19,16,0.3035837888564185,5,3
26,13,13.0,dn10,4,pkg28,18.0,24.0,27,8.065044950046229,22.0,18.0,1.0,3,4.0
26,15,15.0,dn1,1,pkg19,10.0,16.0,24,8.065044950046229,31,23,0.0,8,8
26,16,16.0,dn5,2,pkg26,16.0,21.0,30,8.065044950046229,42,29,0.10578949730003717,9,13
26,16,16.0,dn14,5,pkg31,23.0,29.0,37,8.065044950046229,36,26,0.981497059608109,8,10
26,16,16.0,dn12,4,pkg25,12.0,19.0,23,8.065044950046229,22,19,0.2578757643113509,4,3
26,17,17.0,dn13,5,pkg30,24.0,32.0,41,8.065044950046229,35,26,0.9919349550499538,9,9
26,19,19.0,dn8,3,pkg29,16.0,24.0,26,8.065044950046229,21,20,1.0,2,1
26,19,19.0,dn15,5,pkg34,24.0,33.0,41,8.065044950046229,29,24,1.0,8,5
26,21,21.0,dn3,1,pkg35,29.0,37.0,42,8.065044950046229,32.0,29.0,1.0,5,3.0
26,21,21.0,dn8,3,pkg32,25.0,33.0,43,8.065044950046229,39,30,0.6964162111435814,10,9
26,23,23.0,dn9,3,pkg36,28.0,37.0,44,8.065044950046229,37,30,1.0,7,7
26,24,24.0,dn4,2,pkg37,31.0,40.0,43,8.065044950046229,33.0,31.0,1.0,3,2.0
26,24,24.0,dn6,2,pkg33,26.0,31.0,39,8.065044950046229,44,34,0.3754003527381465,8,10
26,26,26.0,dn2,1,pkg38,36.0,41.0,43,8.065044950046229,37.0,36.0,1.0,2,1.0
26,29,29.0,dn10,4,pkg39,33.0,39.0,44,8.065044950046229,36.0,33.0,1.0,5,3.0
26,34,34.0,dn1,1,pkg40,43.0,51.0,58,8.065044950046229,46.0,43.0,1.0,7,3.0
26,36,36.0,dn10,4,pkg41,41.0,51.0,61,8.065044950046229,62,49,0.9276480006968348,10,13
26,37,37.0,dn2,1,pkg42,42.0,50.0,56,8.065044950046229,45.0,42.0,1.0,6,3.0
26,39,39.0,dn8,3,pkg43,45.0,52.0,58,8.065044950046229,50.0,45.0,1.0,6,5.0
26,40,40.0,dn4,2,pkg44,45.0,50.0,54,8.065044950046229,52,46,1.0,4,6
26,42,42.0,dn5,2,pkg45,48.0,58.0,66,8.065044950046229,54,48,1.0,8,6
26,44,44.0,dn6,2,pkg46,54.0,59.0,70,8.065044950046229,62.0,54.0,0.8368717887665349,11,8.0
26,45,45.0,dn3,1,pkg47,55.0,61.0,71,8.065044950046229,62.0,55.0,0.9733308694771554,10,7.0
26,49,49.0,dn1,1,pkg50,55.0,63.0,68,8.065044950046229,65,57,1.0,5,8
26,49,49.0,dn2,1,pkg51,59.0,64.0,72,8.065044950046229,71,60,1.0,9,11
26,52,52.0,dn4,2,pkg48,52.0,60.0,63,8.065044950046229,54,53,1.0,3,1
26,53,53.0,dn11,4,pkg52,62.0,68.0,72,8.065044950046229,65.0,62.0,1.0,4,3.0
26,54,54.0,dn4,2,pkg49,57.0,63.0,67,8.065044950046229,62,58,1.0,4,4
26,54,54.0,dn5,2,pkg54,63.0,70.0,77,8.065044950046229,67.0,63.0,1.0,7,4.0
26,54,54.0,dn13,5,pkg53,58.0,63.0,68,8.065044950046229,62,58,1.0,5,4
26,55,55.0,dn7,3,pkg55,65.0,74.0,81,8.065044950046229,72.0,65.0,1.0,7,7.0
26,59,59.0,dn8,3,pkg56,66.0,76.0,86,8.065044950046229,69.0,66.0,0.9972791575161781,10,3.0
26,60,60.0,dn12,4,pkg57,64.0,74.0,80,8.065044950046229,68,64,1.0,6,4
26,61,61.0,dn9,3,pkg58,69.0,78.0,86,8.065044950046229,81,71,1.0,8,10
26,62,62.0,dn3,1,pkg59,71.0,78.0,80,8.065044950046229,73.0,71.0,1.0,2,2.0
26,63,63.0,dn10,4,pkg60,71.0,80.0,90,8.065044950046229,77.0,71.0,0.9972791575161781,10,6.0
26,64,64.0,dn13,5,pkg61,69.0,78.0,81,8.065044950046229,70.0,69.0,1.0,3,1.0
26,65,65.0,dn1,1,pkg62,70.0,79.0,82,8.065044950046229,75,70,1.0,3,5
26,66,66.0,dn14,5,pkg63,71.0,78.0,82,8.065044950046229,74.0,71.0,1.0,4,3.0
26,68,68.0,dn11,4,pkg64,76.0,84.0,85,8.065044950046229,77.0,76.0,1.0,1,1.0
26,69,69.0,dn8,3,pkg65,75.0,80.0,82,8.065044950046229,78.0,75.0,1.0,2,3.0
26,71,71.0,dn2,1,pkg67,76.0,83.0,88,8.065044950046229,79.0,76.0,1.0,5,3.0
26,71,71.0,dn4,2,pkg66,75.0,82.0,85,8.065044950046229,78.0,75.0,1.0,3,3.0
26,73,73.0,dn13,5,pkg68,82.0,87.0,96,8.065044950046229,90.0,82.0,0.9554953287499572,9,8.0
26,74,74.0,dn14,5,pkg69,81.0,90.0,96,8.065044950046229,86.0,81.0,1.0,6,5.0
26,75,75.0,dn1,1,pkg70,81.0,89.0,95,8.065044950046229,86.0,81.0,1.0,6,5.0
26,80,80.0,dn2,1,pkg71,89.0,97.0,98,8.065044950046229,90.0,89.0,1.0,1,1.0
26,81,81.0,dn4,2,pkg72,87.0,96.0,101,8.065044950046229,93,87,1.0,5,6
26,82,82.0,dn3,1,pkg73,91.0,100.0,105,8.065044950046229,96.0,91.0,1.0,5,5.0
26,84,84.0,dn5,2,pkg74,91.0,100.0,110,8.065044950046229,116,100,0.9733308694771554,10,16
26,86,86.0,dn6,2,pkg75,92.0,99.0,105,8.065044950046229,98,92,1.0,6,6
26,87,87.0,dn1,1,pkg76,96.0,104.0,108,8.065044950046229,100.0,96.0,1.0,4,4.0
26,92,92.0,dn7,3,pkg77,96.0,105.0,112,8.065044950046229,108,100,1.0,7,8
26,94,94.0,dn8,3,pkg79,99.0,107.0,114,8.065044950046229,106,100,1.0,7,6
26,94,94.0,dn9,3,pkg78,101.0,110.0,114,8.065044950046229,106.0,101.0,1.0,4,5.0
26,95,95.0,dn2,1,pkg80,105.0,111.0,118,8.065044950046229,111.0,105.0,1.0,7,6.0
26,98,98.0,dn4,2,pkg81,107.0,114.0,122,8.065044950046229,124,111,1.0,8,13
27,8,8.0,dn1,1,pkg15,8.0,14.0,17,8.065044950046229,12,10,1.0,3,2
27,8,8.0,dn2,1,pkg8,10.0,15.0,20,8.065044950046229,14,11,0.8638529812987656,5,3
27,8,8.0,dn3,1,pkg12,10.0,20.0,27,8.065044950046229,24,16,0.9987148696173,7,8
27,8,8.0,dn5,2,pkg23,10.0,17.0,22,8.065044950046229,18,13,1.0,5,5
27,8,8.0,dn6,2,pkg6,7.0,17.0,23,8.065044950046229,18,13,0.9276480006968348,6,5
27,8,8.0,dn7,3,pkg21,6.0,11.0,17,8.065044950046229,26,17,0.07235199930316516,6,9
27,8,8.0,dn9,3,pkg20,6.0,11.0,22,8.065044950046229,40,24,0.00043788595842408906,11,16
27,8,8.0,dn10,4,pkg10,10.0,16.0,22,8.065044950046229,20,14,0.8130495168499705,6,6
27,8,8.0,dn11,4,pkg3,7.0,15.0,22,8.065044950046229,26,17,0.5,7,9
27,8,8.0,dn12,4,pkg2,5.0,10.0,19,8.065044950046229,32,20,0.0,9,12
27,8,8.0,dn14,5,pkg14,6.0,12.0,18,8.065044950046229,14,11,0.18695048315002943,6,3
27,8,8.0,dn15,5,pkg1,6.0,14.0,20,8.065044950046229,20,14,0.5,6,6
27,8,8.0,dn13,5,pkg5,7.0,13.0,16,8.065044950046229,16,12,0.9919349550499538,3,4
27,8,8.0,dn4,2,pkg13,7.0,16.0,18,8.065044950046229,12,10,1.0,2,2
27,8,8.0,dn8,3,pkg22,7.0,14.0,18,8.065044950046229,16,12,0.9276480006968348,4,4
27,12,12.0,dn1,1,pkg4,8.0,13.0,21,8.065044950046229,28,20,0.0,8,8
27,12,12.0,dn4,2,pkg26,15.0,24.0,31,8.065044950046229,30,21,0.9987148696173,7,9
27,14,14.0,dn2,1,pkg27,21.0,30.0,34,8.065044950046229,26.0,21.0,1.0,4,5.0
27,14,14.0,dn14,5,pkg17,8.0,18.0,21,8.065044950046229,22,18,0.8130495168499705,3,4
27,16,16.0,dn8,3,pkg16,10.0,18.0,20,8.065044950046229,18,17,0.5,2,1
27,16,16.0,dn13,5,pkg25,18.0,27.0,32,8.065044950046229,22,19,1.0,5,3
27,18,18.0,dn5,2,pkg31,24.0,31.0,39,8.065044950046229,34,26,0.981497059608109,8,8
27,18,18.0,dn6,2,pkg29,26.0,34.0,41,8.065044950046229,34,26,1.0,7,8
27,18,18.0,dn8,3,pkg24,13.0,19.0,26,8.065044950046229,40,29,0.0,7,11
27,20,20.0,dn10,4,pkg28,24.0,30.0,38,8.065044950046229,28,24,0.742124235688649,8,4
27,20,20.0,dn15,5,pkg32,28.0,38.0,46,8.065044950046229,36,28,1.0,8,8
27,22,22.0,dn13,5,pkg33,28.0,37.0,40,8.065044950046229,30.0,28.0,1.0,3,2.0
27,24,24.0,dn3,1,pkg30,25.0,32.0,37,8.065044950046229,36,30,0.9733308694771554,5,6
27,24,24.0,dn14,5,pkg34,31.0,37.0,43,8.065044950046229,40,32,1.0,6,8
27,28,28.0,dn1,1,pkg35,36.0,42.0,50,8.065044950046229,46,37,1.0,8,9
27,30,30.0,dn13,5,pkg36,39.0,45.0,53,8.065044950046229,47.0,39.0,1.0,8,8.0
27,31,31.0,dn7,3,pkg37,36.0,41.0,48,8.065044950046229,47,39,0.8837170879173109,7,8
27,34,34.0,dn4,2,pkg38,43.0,48.0,53,8.065044950046229,46.0,43.0,1.0,5,3.0
27,36,36.0,dn3,1,pkg40,45.0,51.0,60,8.065044950046229,60,48,0.9919349550499538,9,12
27,36,36.0,dn15,5,pkg39,40.0,46.0,52,8.065044950046229,48,42,0.9919349550499538,6,6
27,38,38.0,dn2,1,pkg41,46.0,55.0,64,8.065044950046229,56,47,1.0,9,9
27,38,38.0,dn6,2,pkg42,48.0,56.0,59,8.065044950046229,53.0,48.0,1.0,3,5.0
27,40,40.0,dn8,3,pkg43,48.0,58.0,66,8.065044950046229,62,51,1.0,8,11
27,40,40.0,dn14,5,pkg44,46.0,51.0,59,8.065044950046229,54,47,0.8454987064453288,8,7
27,42,42.0,dn9,3,pkg45,49.0,58.0,65,8.065044950046229,52.0,49.0,1.0,7,3.0
27,45,45.0,dn5,2,pkg46,53.0,63.0,68,8.065044950046229,58.0,53.0,1.0,5,5.0
27,47,47.0,dn7,3,pkg47,53.0,62.0,68,8.065044950046229,56.0,53.0,1.0,6,3.0
27,49,49.0,dn4,2,pkg48,54.0,64.0,68,8.065044950046229,58.0,54.0,1.0,4,4.0
27,51,51.0,dn1,1,pkg49,57.0,62.0,67,8.065044950046229,63,57,1.0,5,6
27,53,53.0,dn9,3,pkg50,62.0,71.0,77,8.065044950046229,69.0,62.0,1.0,6,7.0
27,54,54.0,dn14,5,pkg51,61.0,67.0,73,8.065044950046229,68,61,1.0,6,7
27,58,58.0,dn4,2,pkg52,65.0,75.0,82,8.065044950046229,67.0,65.0,1.0,7,2.0
27,60,60.0,dn3,1,pkg53,68.0,75.0,83,8.065044950046229,73.0,68.0,1.0,8,5.0
27,61,61.0,dn2,1,pkg54,67.0,75.0,82,8.065044950046229,75,68,1.0,7,7
27,64,64.0,dn5,2,pkg55,70.0,78.0,83,8.065044950046229,76,70,1.0,5,6
27,65,65.0,dn1,1,pkg56,72.0,77.0,84,8.065044950046229,83,74,0.9987148696173,7,9
27,68,68.0,dn13,5,pkg57,72.0,80.0,90,8.065044950046229,88,78,0.6964162111435814,10,10
27,71,71.0,dn4,2,pkg58,75.0,85.0,89,8.065044950046229,76.0,75.0,1.0,4,1.0
27,71,71.0,dn6,2,pkg59,79.0,85.0,90,8.065044950046229,83.0,79.0,1.0,5,4.0
27,73,73.0,dn3,1,pkg60,80.0,90.0,98,8.065044950046229,95,84,1.0,8,11
27,77,77.0,dn10,4,pkg61,85.0,92.0,99,8.065044950046229,91.0,85.0,1.0,7,6.0
27,79,79.0,dn7,3,pkg62,86.0,93.0,97,8.065044950046229,88.0,86.0,1.0,4,2.0
27,81,81.0,dn14,5,pkg63,89.0,95.0,103,8.065044950046229,95.0,89.0,1.0,8,6.0
27,83,83.0,dn2,1,pkg64,92.0,102.0,106,8.065044950046229,96.0,92.0,1.0,4,4.0
27,83,83.0,dn4,2,pkg65,92.0,101.0,110,8.065044950046229,98.0,92.0,1.0,9,6.0
27,84,84.0,dn1,1,pkg66,93.0,98.0,102,8.065044950046229,99.0,93.0,1.0,4,6.0
27,88,88.0,dn8,3,pkg67,96.0,101.0,108,8.065044950046229,102.0,96.0,1.0,7,6.0
27,89,89.0,dn11,4,pkg68,97.0,104.0,108,8.065044950046229,102.0,97.0,1.0,4,5.0
27,93,93.0,dn5,2,pkg69,97.0,105.0,110,8.065044950046229,105,99,1.0,5,6
27,93,93.0,dn6,2,pkg70,103.0,113.0,122,8.065044950046229,110.0,103.0,1.0,9,7.0
27,95,95.0,dn9,3,pkg72,104.0,112.0,115,8.065044950046229,106.0,104.0,1.0,3,2.0
27,95,95.0,dn13,5,pkg71,102.0,110.0,118,8.065044950046229,121,108,1.0,8,13
28,0,0.0,dn1,1,pkg13,5.0,14.0,18,8.065044950046229,7.0,5.0,1.0,4,2.0
28,0,0.0,dn2,1,pkg21,5.0,13.0,19,8.065044950046229,10,5,1.0,6,5
28,0,0.0,dn3,1,pkg12,6.0,12.0,17,8.065044950046229,14,7,1.0,5,7
28,0,0.0,dn4,2,pkg6,5.0,11.0,19,8.065044950046229,20,10,0.8454987064453288,8,10
28,0,0.0,dn5,2,pkg3,5.0,11.0,22,8.065044950046229,24,12,0.5,11,12
28,0,0.0,dn13,5,pkg18,8.0,18.0,23,8.065044950046229,12.0,8.0,1.0,5,4.0
28,0,0.0,dn15,5,pkg22,8.0,14.0,20,8.065044950046229,12.0,8.0,1.0,6,4.0
28,0,0.0,dn6,2,pkg16,6.0,16.0,22,8.065044950046229,11.0,6.0,1.0,6,5.0
28,0,0.0,dn14,5,pkg5,7.0,12.0,18,8.065044950046229,11.0,7.0,1.0,6,4.0
28,1,1.0,dn7,3,pkg10,7.0,14.0,21,8.065044950046229,11.0,7.0,1.0,7,4.0
28,1,1.0,dn8,3,pkg20,8.0,16.0,27,8.065044950046229,17,9,0.8368717887665349,11,8
28,1,1.0,dn9,3,pkg17,10.0,18.0,28,8.065044950046229,29,15,0.9972791575161781,10,14
28,1,1.0,dn10,4,pkg19,6.0,16.0,20,8.065044950046229,11,6,1.0,4,5
28,1,1.0,dn11,4,pkg15,7.0,14.0,23,8.065044950046229,31,16,0.8942105026999628,9,15
28,1,1.0,dn12,4,pkg9,8.0,14.0,22,8.065044950046229,15,8,0.981497059608109,8,7
28,7,7.0,dn1,1,pkg8,7.0,15.0,20,8.065044950046229,23,15,0.9733308694771554,5,8
28,10,10.0,dn2,1,pkg28,15.0,20.0,23,8.065044950046229,18.0,15.0,1.0,3,3.0
28,11,11.0,dn7,3,pkg23,12.0,17.0,25,8.065044950046229,31,21,0.2578757643113509,8,10
28,11,11.0,dn10,4,pkg29,19.0,26.0,36,8.065044950046229,26.0,19.0,0.9276480006968348,10,7.0
28,11,11.0,dn14,5,pkg14,10.0,16.0,25,8.065044950046229,27,19,0.10578949730003717,9,8
28,11,11.0,dn6,2,pkg25,13.0,18.0,24,8.065044950046229,25,18,0.6649100133406095,6,7
28,12,12.0,dn13,5,pkg27,12.0,22.0,25,8.065044950046229,14,13,1.0,3,1
28,12,12.0,dn15,5,pkg30,18.0,27.0,34,8.065044950046229,24,18,1.0,7,6
28,14,14.0,dn3,1,pkg24,14.0,20.0,26,8.065044950046229,30,22,0.5,6,8
28,14,14.0,dn13,5,pkg26,13.0,18.0,24,8.065044950046229,34,24,0.18695048315002943,6,10
28,15,15.0,dn12,4,pkg2,8.0,18.0,27,8.065044950046229,37,26,0.00806504495004623,9,11
28,17,17.0,dn8,3,pkg31,23.0,31.0,37,8.065044950046229,28.0,23.0,1.0,6,5.0
28,18,18.0,dn2,1,pkg1,10.0,19.0,30,8.065044950046229,40,29,0.0,11,11
28,20,20.0,dn4,2,pkg32,26.0,36.0,44,8.065044950046229,42,31,1.0,8,11
28,23,23.0,dn1,1,pkg35,29.0,38.0,47,8.065044950046229,32.0,29.0,0.9919349550499538,9,3.0
28,24,24.0,dn5,2,pkg33,27.0,36.0,45,8.065044950046229,38,31,0.8130495168499705,9,7
28,24,24.0,dn15,5,pkg34,26.0,33.0,39,8.065044950046229,38,31,0.9276480006968348,6,7
28,25,25.0,dn6,2,pkg36,29.0,34.0,42,8.065044950046229,47,36,0.6245996472618536,8,11
28,26,26.0,dn10,4,pkg37,32.0,40.0,47,8.065044950046229,40,33,1.0,7,7
28,28,28.0,dn8,3,pkg39,33.0,43.0,48,8.065044950046229,40,34,1.0,5,6
28,29,29.0,dn9,3,pkg40,37.0,42.0,45,8.065044950046229,41.0,37.0,1.0,3,4.0
28,31,31.0,dn7,3,pkg41,36.0,45.0,48,8.065044950046229,39.0,36.0,1.0,3,3.0
28,31,31.0,dn14,5,pkg42,37.0,46.0,56,8.065044950046229,57,44,0.9276480006968348,10,13
28,32,32.0,dn1,1,pkg43,41.0,49.0,59,8.065044950046229,54,43,0.9972791575161781,10,11
28,34,34.0,dn3,1,pkg45,40.0,49.0,53,8.065044950046229,45.0,40.0,1.0,4,5.0
28,34,34.0,dn13,5,pkg44,42.0,51.0,56,8.065044950046229,45.0,42.0,1.0,5,3.0
28,38,38.0,dn5,2,pkg38,32.0,41.0,50,8.065044950046229,52,45,0.00806504495004623,9,7
28,38,38.0,dn15,5,pkg46,43.0,50.0,54,8.065044950046229,46.0,43.0,1.0,4,3.0
28,40,40.0,dn10,4,pkg47,44.0,52.0,57,8.065044950046229,47.0,44.0,1.0,5,3.0
28,42,42.0,dn7,3,pkg48,48.0,58.0,63,8.065044950046229,53.0,48.0,1.0,5,5.0
28,44,44.0,dn2,1,pkg50,50.0,57.0,60,8.065044950046229,54.0,50.0,1.0,3,4.0
28,44,44.0,dn8,3,pkg49,51.0,61.0,67,8.065044950046229,54.0,51.0,1.0,6,3.0
28,47,47.0,dn6,2,pkg51,56.0,64.0,73,8.065044950046229,65,56,1.0,9,9
28,48,48.0,dn4,2,pkg52,53.0,58.0,65,8.065044950046229,62,55,0.8837170879173109,7,7
28,51,51.0,dn3,1,pkg53,58.0,64.0,70,8.065044950046229,64.0,58.0,1.0,6,6.0
28,54,54.0,dn1,1,pkg54,62.0,68.0,75,8.065044950046229,72,63,1.0,7,9
28,55,55.0,dn13,5,pkg55,60.0,68.0,74,8.065044950046229,64.0,60.0,1.0,6,4.0
28,56,56.0,dn7,3,pkg56,62.0,68.0,70,8.065044950046229,63.0,62.0,1.0,2,1.0
28,61,61.0,dn2,1,pkg57,65.0,72.0,78,8.065044950046229,68.0,65.0,1.0,6,3.0
28,64,64.0,dn4,2,pkg58,68.0,78.0,85,8.065044950046229,80,72,1.0,7,8
28,66,66.0,dn10,4,pkg60,72.0,77.0,82,8.065044950046229,78,72,1.0,5,6
28,66,66.0,dn11,4,pkg59,74.0,80.0,89,8.065044950046229,90,78,0.9554953287499572,9,12
28,69,69.0,dn2,1,pkg61,76.0,84.0,87,8.065044950046229,81.0,76.0,1.0,3,5.0
28,74,74.0,dn5,2,pkg62,83.0,92.0,100,8.065044950046229,100,87,1.0,8,13
28,74,74.0,dn7,3,pkg63,82.0,88.0,98,8.065044950046229,104,89,0.8638529812987656,10,15
28,78,78.0,dn1,1,pkg64,87.0,97.0,103,8.065044950046229,92.0,87.0,1.0,6,5.0
28,78,78.0,dn3,1,pkg65,88.0,95.0,100,8.065044950046229,91.0,88.0,1.0,5,3.0
28,82,82.0,dn4,2,pkg67,87.0,95.0,102,8.065044950046229,89.0,87.0,1.0,7,2.0
28,82,82.0,dn6,2,pkg66,89.0,95.0,99,8.065044950046229,93.0,89.0,1.0,4,4.0
28,85,85.0,dn2,1,pkg68,91.0,100.0,105,8.065044950046229,94.0,91.0,1.0,5,3.0
28,89,89.0,dn10,4,pkg69,97.0,104.0,107,8.065044950046229,101.0,97.0,1.0,3,4.0
28,89,89.0,dn12,4,pkg70,99.0,106.0,117,8.065044950046229,107.0,99.0,0.9508759758087104,11,8.0
28,91,91.0,dn4,2,pkg71,96.0,105.0,111,8.065044950046229,99.0,96.0,1.0,6,3.0
28,93,93.0,dn1,1,pkg72,97.0,106.0,111,8.065044950046229,100.0,97.0,1.0,5,3.0
28,96,96.0,dn6,2,pkg73,103.0,110.0,116,8.065044950046229,108.0,103.0,1.0,6,5.0
28,97,97.0,dn8,3,pkg74,104.0,110.0,119,8.065044950046229,110.0,104.0,0.8942105026999628,9,6.0
28,97,97.0,dn9,3,pkg75,105.0,111.0,116,8.065044950046229,109.0,105.0,1.0,5,4.0
28,99,99.0,dn4,2,pkg76,104.0,110.0,119,8.065044950046229,119,109,0.7169814111499796,9,10
29,0,0.0,dn1,1,pkg22,6.0,12.0,18,8.065044950046229,16,8,1.0,6,8
29,0,0.0,dn2,1,pkg3,6.0,16.0,19,8.065044950046229,9.0,6.0,1.0,3,3.0
29,0,0.0,dn7,3,pkg19,7.0,17.0,19,8.065044950046229,9.0,7.0,1.0,2,2.0
29,0,0.0,dn10,4,pkg6,5.0,14.0,18,8.065044950046229,12,6,1.0,4,6
29,0,0.0,dn11,4,pkg21,5.0,13.0,18,8.065044950046229,14,7,1.0,5,7
29,0,0.0,dn12,4,pkg1,5.0,15.0,21,8.065044950046229,10,5,1.0,6,5
29,0,0.0,dn13,5,pkg14,6.0,13.0,20,8.065044950046229,16,8,1.0,7,8
29,0,0.0,dn15,5,pkg10,7.0,17.0,25,8.065044950046229,18,9,1.0,8,9
29,0,0.0,dn8,3,pkg17,8.0,16.0,19,8.065044950046229,9.0,8.0,1.0,3,1.0
29,0,0.0,dn3,1,pkg12,8.0,15.0,17,8.065044950046229,11.0,8.0,1.0,2,3.0
29,0,0.0,dn14,5,pkg5,8.0,14.0,21,8.065044950046229,18,9,1.0,7,9
29,1,1.0,dn4,2,pkg11,5.0,11.0,14,8.065044950046229,9,5,1.0,3,4
29,1,1.0,dn5,2,pkg15,8.0,16.0,19,8.065044950046229,13.0,8.0,1.0,3,5.0
29,1,1.0,dn9,3,pkg13,9.0,14.0,24,8.065044950046229,23,12,0.7855682414064981,10,11
29,1,1.0,dn6,2,pkg9,9.0,19.0,26,8.065044950046229,11.0,9.0,1.0,7,2.0
29,9,9.0,dn2,1,pkg25,15.0,20.0,25,8.065044950046229,20.0,15.0,1.0,5,5.0
29,9,9.0,dn4,2,pkg18,10.0,20.0,27,8.065044950046229,25,17,0.9623380203040381,7,8
29,9,9.0,dn7,3,pkg26,15.0,20.0,27,8.065044950046229,21,15,0.9623380203040381,7,6
29,9,9.0,dn8,3,pkg23,7.0,15.0,24,8.065044950046229,29,19,0.18695048315002943,9,10
29,10,10.0,dn12,4,pkg16,10.0,15.0,23,8.065044950046229,26,18,0.15450129355467118,8,8
29,11,11.0,dn3,1,pkg20,8.0,15.0,19,8.065044950046229,21,16,0.5,4,5
29,12,12.0,dn10,4,pkg29,22.0,30.0,36,8.065044950046229,31.0,22.0,1.0,6,9.0
29,16,16.0,dn1,1,pkg28,19.0,25.0,30,8.065044950046229,30,23,1.0,5,7
29,16,16.0,dn5,2,pkg31,22.0,32.0,39,8.065044950046229,36,26,1.0,7,10
29,16,16.0,dn6,2,pkg30,23.0,33.0,42,8.065044950046229,40,28,1.0,9,12
29,16,16.0,dn13,5,pkg27,15.0,25.0,32,8.065044950046229,38,27,0.7734130932254845,7,11
29,18,18.0,dn14,5,pkg32,25.0,32.0,39,8.065044950046229,28.0,25.0,1.0,7,3.0
29,20,20.0,dn2,1,pkg33,30.0,36.0,42,8.065044950046229,37.0,30.0,1.0,6,7.0
29,23,23.0,dn3,1,pkg34,30.0,35.0,40,8.065044950046229,35.0,30.0,1.0,5,5.0
29,26,26.0,dn7,3,pkg36,33.0,42.0,47,8.065044950046229,39.0,33.0,1.0,5,6.0
29,26,26.0,dn15,5,pkg35,31.0,38.0,41,8.065044950046229,33.0,31.0,1.0,3,2.0
29,30,30.0,dn1,1,pkg37,37.0,46.0,52,8.065044950046229,44,37,1.0,6,7
29,31,31.0,dn4,2,pkg38,36.0,43.0,52,8.065044950046229,47,39,0.8130495168499705,9,8
29,37,37.0,dn10,4,pkg40,43.0,51.0,59,8.065044950046229,51,44,1.0,8,7
29,37,37.0,dn5,2,pkg39,43.0,51.0,58,8.065044950046229,55,46,1.0,7,9
29,38,38.0,dn13,5,pkg41,45.0,55.0,64,8.065044950046229,56,47,1.0,9,9
29,39,39.0,dn7,3,pkg42,48.0,58.0,63,8.065044950046229,52.0,48.0,1.0,5,4.0
29,44,44.0,dn1,1,pkg44,51.0,60.0,69,8.065044950046229,74,59,1.0,9,15
29,44,44.0,dn2,1,pkg43,52.0,62.0,69,8.065044950046229,66,55,1.0,7,11
29,45,45.0,dn14,5,pkg45,54.0,61.0,71,8.065044950046229,61.0,54.0,0.9733308694771554,10,7.0
29,51,51.0,dn4,2,pkg46,55.0,65.0,73,8.065044950046229,69,60,1.0,8,9
29,54,54.0,dn6,2,pkg47,59.0,64.0,68,8.065044950046229,64,59,1.0,4,5
29,54,54.0,dn11,4,pkg48,63.0,72.0,82,8.065044950046229,78,66,1.0,10,12
29,59,59.0,dn7,3,pkg49,65.0,73.0,79,8.065044950046229,73,66,1.0,6,7
29,59,59.0,dn8,3,pkg50,67.0,77.0,86,8.065044950046229,73.0,67.0,1.0,9,6.0
29,61,61.0,dn14,5,pkg51,71.0,78.0,84,8.065044950046229,75.0,71.0,1.0,6,4.0
29,63,63.0,dn9,3,pkg53,69.0,76.0,83,8.065044950046229,83,73,1.0,7,10
29,63,63.0,dn5,2,pkg52,72.0,79.0,84,8.065044950046229,78.0,72.0,1.0,5,6.0
29,66,66.0,dn6,2,pkg54,71.0,78.0,85,8.065044950046229,76,71,0.9987148696173,7,5
29,70,70.0,dn2,1,pkg55,76.0,82.0,88,8.065044950046229,81.0,76.0,1.0,6,5.0
29,70,70.0,dn3,1,pkg56,77.0,86.0,93,8.065044950046229,81.0,77.0,1.0,7,4.0
29,76,76.0,dn7,3,pkg57,81.0,89.0,94,8.065044950046229,88,82,1.0,5,6
29,80,80.0,dn8,3,pkg59,85.0,90.0,93,8.065044950046229,87.0,85.0,1.0,3,2.0
29,80,80.0,dn13,5,pkg58,87.0,97.0,104,8.065044950046229,100,90,1.0,7,10
29,84,84.0,dn1,1,pkg60,93.0,98.0,101,8.065044950046229,96.0,93.0,1.0,3,3.0
29,86,86.0,dn2,1,pkg61,94.0,103.0,110,8.065044950046229,106,96,1.0,7,10
29,91,91.0,dn14,5,pkg62,95.0,100.0,105,8.065044950046229,97.0,95.0,1.0,5,2.0
29,93,93.0,dn3,1,pkg63,102.0,108.0,116,8.065044950046229,113,103,1.0,8,10
29,95,95.0,dn4,2,pkg64,100.0,107.0,113,8.065044950046229,105,100,1.0,6,5
29,95,95.0,dn7,3,pkg65,105.0,114.0,119,8.065044950046229,109.0,105.0,1.0,5,4.0
29,96,96.0,dn15,5,pkg66,101.0,107.0,117,8.065044950046229,114,105,0.6000193206335656,10,9
29,97,97.0,dn1,1,pkg67,104.0,113.0,122,8.065044950046229,111,104,1.0,9,7
30,0,0.0,dn4,2,pkg21,6.0,16.0,19,8.065044950046229,11.0,6.0,1.0,3,5.0
30,0,0.0,dn6,2,pkg16,6.0,15.0,25,8.065044950046229,28,14,0.9276480006968348,10,14
30,0,0.0,dn7,3,pkg18,5.0,14.0,22,8.065044950046229,24,12,1.0,8,12
30,0,0.0,dn8,3,pkg13,10.0,16.0,20,8.065044950046229,15.0,10.0,1.0,4,5.0
30,0,0.0,dn10,4,pkg11,9.0,18.0,26,8.065044950046229,22,11,1.0,8,11
30,0,0.0,dn12,4,pkg12,6.0,14.0,22,8.065044950046229,16,8,1.0,8,8
30,0,0.0,dn14,5,pkg9,5.0,11.0,21,8.065044950046229,14,7,0.6000193206335656,10,7
30,0,0.0,dn11,4,pkg22,7.0,12.0,13,8.065044950046229,8.0,7.0,1.0,1,1.0
30,0,0.0,dn5,2,pkg3,7.0,13.0,19,8.065044950046229,20,10,1.0,6,10
30,0,0.0,dn13,5,pkg4,6.0,11.0,14,8.065044950046229,10.0,6.0,1.0,3,4.0
30,0,0.0,dn9,3,pkg19,10.0,20.0,28,8.065044950046229,22,11,1.0,8,11
30,1,1.0,dn1,1,pkg15,6.0,13.0,18,8.065044950046229,8.0,6.0,1.0,5,2.0
30,1,1.0,dn2,1,pkg7,7.0,12.0,16,8.065044950046229,11.0,7.0,1.0,4,4.0
30,1,1.0,dn3,1,pkg20,7.0,17.0,21,8.065044950046229,11.0,7.0,1.0,4,4.0
30,1,1.0,dn15,5,pkg10,7.0,12.0,16,8.065044950046229,12.0,7.0,1.0,4,5.0
30,8,8.0,dn1,1,pkg1,7.0,17.0,23,8.065044950046229,20,14,0.9276480006968348,6,6
30,8,8.0,dn11,4,pkg2,9.0,14.0,18,8.065044950046229,16,12,0.9276480006968348,4,4
30,10,10.0,dn13,5,pkg14,7.0,16.0,20,8.065044950046229,20,15,0.9276480006968348,4,5
30,11,11.0,dn2,1,pkg25,19.0,28.0,33,8.065044950046229,22.0,19.0,1.0,5,3.0
30,11,11.0,dn3,1,pkg8,8.0,16.0,23,8.065044950046229,23,17,0.22658690677451554,7,6
30,11,11.0,dn4,2,pkg6,9.0,16.0,26,8.065044950046229,29,20,0.07235199930316516,10,9
30,12,12.0,dn15,5,pkg23,13.0,22.0,26,8.065044950046229,20,16,1.0,4,4
30,14,14.0,dn14,5,pkg24,18.0,23.0,31,8.065044950046229,28,21,0.6245996472618536,8,7
30,19,19.0,dn11,4,pkg27,23.0,33.0,38,8.065044950046229,33,26,1.0,5,7
30,20,20.0,dn1,1,pkg26,25.0,32.0,35,8.065044950046229,30,25,1.0,3,5
30,26,26.0,dn2,1,pkg28,32.0,42.0,43,8.065044950046229,34.0,32.0,1.0,1,2.0
30,28,28.0,dn14,5,pkg29,35.0,44.0,55,8.065044950046229,58,43,0.9006778457052591,11,15
30,29,29.0,dn4,2,pkg30,39.0,47.0,56,8.065044950046229,57,43,1.0,9,14
30,30,30.0,dn7,3,pkg31,40.0,45.0,53,8.065044950046229,47.0,40.0,1.0,8,7.0
30,31,31.0,dn5,2,pkg32,40.0,47.0,53,8.065044950046229,45.0,40.0,1.0,6,5.0
30,34,34.0,dn1,1,pkg33,43.0,49.0,52,8.065044950046229,46.0,43.0,1.0,3,3.0
30,40,40.0,dn2,1,pkg34,48.0,58.0,59,8.065044950046229,49.0,48.0,1.0,1,1.0
30,43,43.0,dn6,2,pkg36,51.0,61.0,68,8.065044950046229,65,54,1.0,7,11
30,43,43.0,dn8,3,pkg35,49.0,56.0,60,8.065044950046229,54.0,49.0,1.0,4,5.0
30,45,45.0,dn5,2,pkg37,52.0,57.0,61,8.065044950046229,55.0,52.0,1.0,4,3.0
30,48,48.0,dn10,4,pkg39,55.0,61.0,72,8.065044950046229,70,59,0.6793222358514858,11,11
30,48,48.0,dn11,4,pkg38,56.0,63.0,74,8.065044950046229,62.0,56.0,0.8368717887665349,11,6.0
30,50,50.0,dn1,1,pkg40,57.0,65.0,73,8.065044950046229,66,58,1.0,8,8
30,52,52.0,dn9,3,pkg42,61.0,69.0,78,8.065044950046229,72,62,1.0,9,10
30,52,52.0,dn13,5,pkg41,61.0,66.0,71,8.065044950046229,64.0,61.0,1.0,5,3.0
30,55,55.0,dn5,2,pkg43,65.0,71.0,81,8.065044950046229,70.0,65.0,0.9733308694771554,10,5.0
30,59,59.0,dn4,2,pkg44,66.0,72.0,83,8.065044950046229,81,70,0.6793222358514858,11,11
30,61,61.0,dn2,1,pkg45,69.0,77.0,80,8.065044950046229,72.0,69.0,1.0,3,3.0
30,62,62.0,dn11,4,pkg46,67.0,76.0,84,8.065044950046229,80,71,1.0,8,9
30,64,64.0,dn7,3,pkg47,72.0,81.0,87,8.065044950046229,77.0,72.0,1.0,6,5.0
30,65,65.0,dn6,2,pkg48,74.0,81.0,90,8.065044950046229,82.0,74.0,1.0,9,8.0
30,66,66.0,dn8,3,pkg49,73.0,79.0,87,8.065044950046229,86,76,0.981497059608109,8,10
30,70,70.0,dn5,2,pkg50,77.0,82.0,88,8.065044950046229,83.0,77.0,1.0,6,6.0
30,75,75.0,dn2,1,pkg52,83.0,90.0,101,8.065044950046229,88.0,83.0,0.8368717887665349,11,5.0
30,75,75.0,dn10,4,pkg51,82.0,88.0,94,8.065044950046229,89,82,1.0,6,7
30,77,77.0,dn1,1,pkg53,83.0,92.0,96,8.065044950046229,88.0,83.0,1.0,4,5.0
30,77,77.0,dn3,1,pkg54,84.0,93.0,99,8.065044950046229,88.0,84.0,1.0,6,4.0
30,79,79.0,dn7,3,pkg55,88.0,96.0,105,8.065044950046229,101,90,1.0,9,11
30,84,84.0,dn9,3,pkg56,88.0,94.0,96,8.065044950046229,89.0,88.0,1.0,2,1.0
30,86,86.0,dn11,4,pkg58,93.0,102.0,108,8.065044950046229,95.0,93.0,1.0,6,2.0
30,86,86.0,dn12,4,pkg57,90.0,98.0,106,8.065044950046229,104,95,0.9276480006968348,8,9
30,88,88.0,dn4,2,pkg59,97.0,106.0,107,8.065044950046229,98.0,97.0,1.0,1,1.0
30,91,91.0,dn8,3,pkg61,99.0,107.0,112,8.065044950046229,103.0,99.0,1.0,5,4.0
30,91,91.0,dn9,3,pkg60,99.0,107.0,114,8.065044950046229,106.0,99.0,1.0,7,7.0
30,93,93.0,dn1,1,pkg62,101.0,108.0,114,8.065044950046229,108.0,101.0,1.0,6,7.0
30,95,95.0,dn2,1,pkg63,104.0,111.0,116,8.065044950046229,107.0,104.0,1.0,5,3.0
30,98,98.0,dn3,1,pkg64,103.0,110.0,117,8.065044950046229,108,103,0.9987148696173,7,5
31,0,0.0,dn7,3,pkg10,5.0,14.0,17,8.065044950046229,6.0,5.0,1.0,3,1.0
31,0,0.0,dn8,3,pkg11,5.0,15.0,19,8.065044950046229,9.0,5.0,1.0,4,4.0
31,0,0.0,dn9,3,pkg5,9.0,19.0,24,8.065044950046229,14.0,9.0,1.0,5,5.0
31,1,1.0,dn1,1,pkg9,9.0,14.0,19,8.065044950046229,13.0,9.0,1.0,5,4.0
31,1,1.0,dn2,1,pkg2,10.0,15.0,20,8.065044950046229,14.0,10.0,1.0,5,4.0
31,1,1.0,dn4,2,pkg8,5.0,12.0,18,8.065044950046229,13,7,1.0,6,6
31,1,1.0,dn5,2,pkg3,9.0,17.0,21,8.065044950046229,12.0,9.0,1.0,4,3.0
31,1,1.0,dn10,4,pkg12,5.0,14.0,16,8.065044950046229,8.0,5.0,1.0,2,3.0
31,1,1.0,dn11,4,pkg19,5.0,11.0,17,8.065044950046229,17,9,0.9919349550499538,6,8
31,1,1.0,dn12,4,pkg21,10.0,17.0,20,8.065044950046229,13.0,10.0,1.0,3,3.0
31,1,1.0,dn13,5,pkg18,5.0,11.0,16,8.065044950046229,13,7,1.0,5,6
31,1,1.0,dn14,5,pkg13,6.0,16.0,19,8.065044950046229,10.0,6.0,1.0,3,4.0
31,1,1.0,dn15,5,pkg23,11.0,21.0,27,8.065044950046229,16.0,11.0,1.0,6,5.0
31,1,1.0,dn3,1,pkg16,6.0,12.0,19,8.065044950046229,17,9,0.9623380203040381,7,8
31,1,1.0,dn6,2,pkg1,7.0,13.0,20,8.065044950046229,19,10,0.9987148696173,7,9
31,6,6.0,dn7,3,pkg7,8.0,13.0,15,8.065044950046229,10,8,1.0,2,2
31,8,8.0,dn10,4,pkg25,10.0,18.0,25,8.065044950046229,18,13,0.8837170879173109,7,5
31,9,9.0,dn8,3,pkg22,10.0,20.0,25,8.065044950046229,23,16,1.0,5,7
31,10,10.0,dn7,3,pkg26,12.0,20.0,27,8.065044950046229,14,12,0.8837170879173109,7,2
31,10,10.0,dn14,5,pkg24,8.0,18.0,23,8.065044950046229,22,16,0.9733308694771554,5,6
31,12,12.0,dn5,2,pkg17,9.0,19.0,26,8.065044950046229,30,21,0.5,7,9
31,13,13.0,dn1,1,pkg15,8.0,14.0,20,8.065044950046229,25,19,0.0,6,6
31,13,13.0,dn4,2,pkg14,8.0,17.0,28,8.065044950046229,37,25,0.015255406290165807,11,12
31,13,13.0,dn13,5,pkg6,10.0,19.0,29,8.065044950046229,27,20,0.1361470187012343,10,7
31,14,14.0,dn7,3,pkg4,10.0,17.0,26,8.065044950046229,34,24,0.00806504495004623,9,10
31,16,16.0,dn15,5,pkg27,25.0,31.0,36,8.065044950046229,32.0,25.0,1.0,5,7.0
31,21,21.0,dn2,1,pkg28,26.0,34.0,41,8.065044950046229,35,28,1.0,7,7
31,27,27.0,dn1,1,pkg29,35.0,44.0,49,8.065044950046229,39.0,35.0,1.0,5,4.0
31,27,27.0,dn3,1,pkg30,36.0,42.0,47,8.065044950046229,42.0,36.0,1.0,5,6.0
31,28,28.0,dn8,3,pkg31,37.0,46.0,47,8.065044950046229,38.0,37.0,1.0,1,1.0
31,30,30.0,dn5,2,pkg32,36.0,46.0,49,8.065044950046229,41.0,36.0,1.0,3,5.0
31,32,32.0,dn9,3,pkg33,40.0,48.0,51,8.065044950046229,45.0,40.0,1.0,3,5.0
31,32,32.0,dn14,5,pkg34,41.0,50.0,57,8.065044950046229,48.0,41.0,1.0,7,7.0
31,34,34.0,dn13,5,pkg36,39.0,45.0,51,8.065044950046229,44,39,1.0,6,5
31,34,34.0,dn15,5,pkg35,41.0,46.0,52,8.065044950046229,54,44,1.0,6,10
31,41,41.0,dn7,3,pkg38,47.0,57.0,67,8.065044950046229,51.0,47.0,0.9733308694771554,10,4.0
31,41,41.0,dn8,3,pkg37,48.0,55.0,60,8.065044950046229,51.0,48.0,1.0,5,3.0
31,42,42.0,dn1,1,pkg39,48.0,54.0,64,8.065044950046229,56,49,0.6964162111435814,10,7
31,43,43.0,dn4,2,pkg40,48.0,56.0,65,8.065044950046229,65,54,0.8942105026999628,9,11
31,44,44.0,dn2,1,pkg41,50.0,60.0,63,8.065044950046229,54.0,50.0,1.0,3,4.0
31,46,46.0,dn5,2,pkg42,51.0,59.0,65,8.065044950046229,62,54,1.0,6,8
31,46,46.0,dn11,4,pkg43,53.0,62.0,63,8.065044950046229,54.0,53.0,1.0,1,1.0
31,50,50.0,dn3,1,pkg44,59.0,69.0,79,8.065044950046229,72,61,1.0,10,11
31,51,51.0,dn7,3,pkg45,59.0,69.0,75,8.065044950046229,66.0,59.0,1.0,6,7.0
31,54,54.0,dn15,5,pkg46,60.0,69.0,79,8.065044950046229,72,63,0.9276480006968348,10,9
31,55,55.0,dn8,3,pkg47,63.0,71.0,72,8.065044950046229,64.0,63.0,1.0,1,1.0
31,57,57.0,dn9,3,pkg48,61.0,68.0,70,8.065044950046229,63.0,61.0,1.0,2,2.0
31,62,62.0,dn6,2,pkg49,68.0,75.0,80,8.065044950046229,72.0,68.0,1.0,5,4.0
31,65,65.0,dn13,5,pkg50,72.0,77.0,81,8.065044950046229,76.0,72.0,1.0,4,4.0
31,66,66.0,dn10,4,pkg51,71.0,76.0,79,8.065044950046229,74.0,71.0,1.0,3,3.0
31,68,68.0,dn11,4,pkg52,75.0,83.0,86,8.065044950046229,77.0,75.0,1.0,3,2.0
31,69,69.0,dn7,3,pkg53,75.0,83.0,89,8.065044950046229,85,77,1.0,6,8
31,70,70.0,dn12,4,pkg54,74.0,81.0,86,8.065044950046229,77.0,74.0,1.0,5,3.0
31,73,73.0,dn1,1,pkg56,79.0,88.0,92,8.065044950046229,83.0,79.0,1.0,4,4.0
31,73,73.0,dn2,1,pkg55,82.0,88.0,92,8.065044950046229,86.0,82.0,1.0,4,4.0
31,76,76.0,dn14,5,pkg57,80.0,87.0,90,8.065044950046229,84,80,1.0,3,4
31,77,77.0,dn13,5,pkg58,84.0,89.0,100,8.065044950046229,89.0,84.0,0.5910219106092702,11,5.0
31,78,78.0,dn3,1,pkg59,88.0,97.0,101,8.065044950046229,92.0,88.0,1.0,4,4.0
31,81,81.0,dn4,2,pkg60,88.0,96.0,100,8.065044950046229,91.0,88.0,1.0,4,3.0
31,82,82.0,dn8,3,pkg61,87.0,96.0,102,8.065044950046229,100,91,1.0,6,9
31,82,82.0,dn9,3,pkg62,91.0,100.0,105,8.065044950046229,97.0,91.0,1.0,5,6.0
31,85,85.0,dn1,1,pkg63,93.0,102.0,109,8.065044950046229,105,95,1.0,7,10
31,85,85.0,dn15,5,pkg64,91.0,96.0,104,8.065044950046229,107,96,0.8454987064453288,8,11
31,87,87.0,dn5,2,pkg65,93.0,99.0,104,8.065044950046229,101,94,1.0,5,7
31,87,87.0,dn6,2,pkg66,94.0,104.0,111,8.065044950046229,107,97,1.0,7,10
31,88,88.0,dn2,1,pkg67,97.0,105.0,113,8.065044950046229,108,98,1.0,8,10
31,89,89.0,dn7,3,pkg68,99.0,109.0,120,8.065044950046229,107.0,99.0,1.0,11,8.0
31,91,91.0,dn10,4,pkg70,96.0,102.0,108,8.065044950046229,107,99,1.0,6,8
31,91,91.0,dn11,4,pkg69,97.0,104.0,114,8.065044950046229,103,97,0.7855682414064981,10,6
31,93,93.0,dn4,2,pkg71,102.0,107.0,116,8.065044950046229,119,106,0.9554953287499572,9,13
31,96,96.0,dn3,1,pkg72,100.0,105.0,107,8.065044950046229,101.0,100.0,1.0,2,1.0
31,99,99.0,dn12,4,pkg73,105.0,113.0,119,8.065044950046229,111,105,1.0,6,6
32,0,0.0,dn1,1,pkg3,5.0,14.0,21,8.065044950046229,16,8,1.0,7,8
32,0,0.0,dn2,1,pkg16,8.0,18.0,22,8.065044950046229,10.0,8.0,1.0,4,2.0
32,0,0.0,dn7,3,pkg2,9.0,17.0,22,8.065044950046229,16.0,9.0,1.0,5,7.0
32,0,0.0,dn8,3,pkg6,10.0,18.0,26,8.065044950046229,16.0,10.0,1.0,8,6.0
32,0,0.0,dn9,3,pkg22,10.0,19.0,27,8.065044950046229,20,10,1.0,8,10
32,0,0.0,dn3,1,pkg17,10.0,18.0,25,8.065044950046229,20,10,1.0,7,10
32,1,1.0,dn4,2,pkg1,5.0,10.0,13,8.065044950046229,9,5,1.0,3,4
32,1,1.0,dn5,2,pkg9,5.0,14.0,15,8.065044950046229,6.0,5.0,1.0,1,1.0
32,1,1.0,dn6,2,pkg8,5.0,14.0,17,8.065044950046229,8.0,5.0,1.0,3,3.0
32,1,1.0,dn10,4,pkg4,5.0,14.0,17,8.065044950046229,7.0,5.0,1.0,3,2.0
32,1,1.0,dn11,4,pkg12,5.0,12.0,18,8.065044950046229,19,10,1.0,6,9
32,1,1.0,dn12,4,pkg18,8.0,18.0,23,8.065044950046229,15,8,1.0,5,7
32,1,1.0,dn13,5,pkg11,6.0,14.0,23,8.065044950046229,17,9,0.8942105026999628,9,8
32,1,1.0,dn14,5,pkg19,8.0,18.0,28,8.065044950046229,23,12,0.9972791575161781,10,11
32,1,1.0,dn15,5,pkg14,6.0,13.0,24,8.065044950046229,33,17,0.5910219106092702,11,16
32,6,6.0,dn5,2,pkg7,9.0,19.0,24,8.065044950046229,16,11,1.0,5,5
32,7,7.0,dn10,4,pkg25,12.0,20.0,26,8.065044950046229,19,13,1.0,6,6
32,8,8.0,dn6,2,pkg24,14.0,20.0,27,8.065044950046229,16.0,14.0,0.9987148696173,7,2.0
32,9,9.0,dn4,2,pkg21,6.0,11.0,16,8.065044950046229,13,11,0.02666913052284453,5,2
32,10,10.0,dn2,1,pkg23,12.0,22.0,31,8.065044950046229,26,18,0.8130495168499705,9,8
32,13,13.0,dn4,2,pkg26,20.0,29.0,39,8.065044950046229,29,21,0.9733308694771554,10,8
32,16,16.0,dn5,2,pkg28,24.0,32.0,38,8.065044950046229,29.0,24.0,1.0,6,5.0
32,16,16.0,dn7,3,pkg27,20.0,30.0,37,8.065044950046229,34,25,1.0,7,9
32,17,17.0,dn13,5,pkg29,26.0,36.0,44,8.065044950046229,35,26,1.0,8,9
32,20,20.0,dn3,1,pkg31,27.0,36.0,42,8.065044950046229,34,27,1.0,6,7
32,20,20.0,dn8,3,pkg30,27.0,34.0,38,8.065044950046229,32.0,27.0,1.0,4,5.0
32,22,22.0,dn6,2,pkg32,28.0,37.0,42,8.065044950046229,38,30,1.0,5,8
32,25,25.0,dn10,4,pkg33,32.0,37.0,42,8.065044950046229,39,32,1.0,5,7
32,27,27.0,dn9,3,pkg34,34.0,44.0,48,8.065044950046229,39.0,34.0,1.0,4,5.0
32,29,29.0,dn1,1,pkg35,34.0,39.0,43,8.065044950046229,37.0,34.0,1.0,4,3.0
32,29,29.0,dn4,2,pkg36,35.0,40.0,48,8.065044950046229,43,36,0.8454987064453288,8,7
32,31,31.0,dn2,1,pkg37,39.0,46.0,47,8.065044950046229,40.0,39.0,1.0,1,1.0
32,34,34.0,dn5,2,pkg38,43.0,51.0,58,8.065044950046229,46.0,43.0,1.0,7,3.0
32,37,37.0,dn7,3,pkg39,43.0,48.0,57,8.065044950046229,55,46,0.7169814111499796,9,9
32,38,38.0,dn11,4,pkg40,42.0,50.0,58,8.065044950046229,58,48,0.9276480006968348,8,10
32,38,38.0,dn12,4,pkg41,44.0,53.0,55,8.065044950046229,46.0,44.0,1.0,2,2.0
32,39,39.0,dn9,3,pkg42,44.0,53.0,56,8.065044950046229,47.0,44.0,1.0,3,3.0
32,41,41.0,dn6,2,pkg43,46.0,51.0,56,8.065044950046229,51,46,1.0,5,5
32,42,42.0,dn8,3,pkg44,46.0,54.0,57,8.065044950046229,49.0,46.0,1.0,3,3.0
32,44,44.0,dn1,1,pkg45,51.0,61.0,67,8.065044950046229,57.0,51.0,1.0,6,6.0
32,45,45.0,dn4,2,pkg46,51.0,60.0,69,8.065044950046229,65,55,0.9919349550499538,9,10
32,47,47.0,dn9,3,pkg47,57.0,66.0,76,8.065044950046229,69,58,1.0,10,11
32,49,49.0,dn13,5,pkg48,58.0,63.0,71,8.065044950046229,63.0,58.0,1.0,8,5.0
32,51,51.0,dn2,1,pkg49,57.0,65.0,67,8.065044950046229,58.0,57.0,1.0,2,1.0
32,53,53.0,dn3,1,pkg50,62.0,70.0,76,8.065044950046229,66.0,62.0,1.0,6,4.0
32,55,55.0,dn10,4,pkg51,63.0,72.0,76,8.065044950046229,66.0,63.0,1.0,4,3.0
32,58,58.0,dn5,2,pkg52,63.0,73.0,80,8.065044950046229,70,64,1.0,7,6
32,59,59.0,dn1,1,pkg53,63.0,72.0,74,8.065044950046229,66.0,63.0,1.0,2,3.0
32,62,62.0,dn2,1,pkg54,70.0,75.0,83,8.065044950046229,80,71,0.981497059608109,8,9
32,63,63.0,dn11,4,pkg55,67.0,75.0,81,8.065044950046229,77,70,1.0,6,7
32,63,63.0,dn13,5,pkg56,69.0,78.0,86,8.065044950046229,72.0,69.0,1.0,8,3.0
32,67,67.0,dn1,1,pkg57,76.0,86.0,94,8.065044950046229,84.0,76.0,1.0,8,8.0
32,67,67.0,dn8,3,pkg58,72.0,81.0,91,8.065044950046229,83,75,0.8638529812987656,10,8
32,70,70.0,dn3,1,pkg59,75.0,84.0,91,8.065044950046229,84,77,1.0,7,7
32,70,70.0,dn5,2,pkg60,76.0,84.0,87,8.065044950046229,79.0,76.0,1.0,3,3.0
32,75,75.0,dn4,2,pkg61,81.0,89.0,91,8.065044950046229,83.0,81.0,1.0,2,2.0
32,75,75.0,dn6,2,pkg62,82.0,89.0,95,8.065044950046229,91,83,1.0,6,8
32,79,79.0,dn7,3,pkg63,84.0,94.0,97,8.065044950046229,87.0,84.0,1.0,3,3.0
32,83,83.0,dn5,2,pkg64,90.0,100.0,105,8.065044950046229,93.0,90.0,1.0,5,3.0
32,83,83.0,dn10,4,pkg65,89.0,98.0,100,8.065044950046229,90.0,89.0,1.0,2,1.0
32,84,84.0,dn2,1,pkg66,89.0,98.0,100,8.065044950046229,92.0,89.0,1.0,2,3.0
32,87,87.0,dn4,2,pkg67,94.0,104.0,110,8.065044950046229,105,96,1.0,6,9
32,88,88.0,dn1,1,pkg69,97.0,106.0,112,8.065044950046229,105.0,97.0,1.0,6,8.0
32,88,88.0,dn11,4,pkg68,92.0,97.0,100,8.065044950046229,95.0,92.0,1.0,3,3.0
32,90,90.0,dn7,3,pkg70,97.0,107.0,116,8.065044950046229,112,101,1.0,9,11
32,91,91.0,dn3,1,pkg72,96.0,106.0,112,8.065044950046229,105,98,1.0,6,7
32,91,91.0,dn10,4,pkg71,98.0,108.0,116,8.065044950046229,105,98,1.0,8,7
32,93,93.0,dn8,3,pkg73,99.0,106.0,110,8.065044950046229,105,99,1.0,4,6
32,94,94.0,dn6,2,pkg75,104.0,110.0,111,8.065044950046229,105.0,104.0,1.0,1,1.0
32,94,94.0,dn12,4,pkg74,98.0,105.0,109,8.065044950046229,104,99,1.0,4,5
32,96,96.0,dn5,2,pkg76,100.0,110.0,116,8.065044950046229,104,100,1.0,6,4
33,0,0.0,dn10,4,pkg20,5.0,15.0,21,8.065044950046229,20,10,1.0,6,10
33,0,0.0,dn11,4,pkg7,5.0,13.0,22,8.065044950046229,26,13,0.8942105026999628,9,13
33,1,1.0,dn1,1,pkg1,5.0,11.0,14,8.065044950046229,9,5,1.0,3,4
33,1,1.0,dn3,1,pkg8,6.0,12.0,16,8.065044950046229,11,6,1.0,4,5
33,1,1.0,dn4,2,pkg11,10.0,15.0,22,8.065044950046229,17.0,10.0,1.0,7,7.0
33,1,1.0,dn5,2,pkg2,9.0,16.0,23,8.065044950046229,23,12,1.0,7,11
33,1,1.0,dn6,2,pkg23,10.0,16.0,23,8.065044950046229,13.0,10.0,1.0,7,3.0
33,1,1.0,dn8,3,pkg5,5.0,13.0,18,8.065044950046229,15,8,1.0,5,7
33,1,1.0,dn9,3,pkg9,6.0,12.0,18,8.065044950046229,13,7,1.0,6,6
33,1,1.0,dn12,4,pkg13,6.0,13.0,18,8.065044950046229,10.0,6.0,1.0,5,4.0
33,1,1.0,dn13,5,pkg15,5.0,10.0,13,8.065044950046229,9,5,1.0,3,4
33,1,1.0,dn7,3,pkg16,6.0,16.0,19,8.065044950046229,9.0,6.0,1.0,3,3.0
33,1,1.0,dn2,1,pkg21,6.0,14.0,16,8.065044950046229,8.0,6.0,1.0,2,2.0
33,1,1.0,dn14,5,pkg22,8.0,17.0,26,8.065044950046229,17,9,1.0,9,8
33,1,1.0,dn15,5,pkg4,9.0,14.0,17,8.065044950046229,12.0,9.0,1.0,3,3.0
33,8,8.0,dn2,1,pkg12,10.0,17.0,21,8.065044950046229,20,14,1.0,4,6
33,9,9.0,dn1,1,pkg25,11.0,19.0,26,8.065044950046229,29,19,0.8837170879173109,7,10
33,9,9.0,dn7,3,pkg14,10.0,20.0,30,8.065044950046229,39,24,0.6000193206335656,10,15
33,9,9.0,dn13,5,pkg19,9.0,18.0,27,8.065044950046229,19,14,0.5,9,5
33,10,10.0,dn12,4,pkg3,8.0,18.0,26,8.065044950046229,18,14,0.5,8,4
33,11,11.0,dn3,1,pkg10,7.0,16.0,21,8.065044950046229,17,14,0.5,5,3
33,13,13.0,dn6,2,pkg24,8.0,18.0,21,8.065044950046229,21,17,0.9919349550499538,3,4
33,17,17.0,dn3,1,pkg28,23.0,30.0,33,8.065044950046229,27.0,23.0,1.0,3,4.0
33,17,17.0,dn4,2,pkg26,18.0,24.0,27,8.065044950046229,19,18,1.0,3,1
33,18,18.0,dn8,3,pkg29,22.0,32.0,39,8.065044950046229,42,30,1.0,7,12
33,19,19.0,dn4,2,pkg27,21.0,31.0,36,8.065044950046229,27,23,1.0,5,4
33,20,20.0,dn10,4,pkg31,29.0,39.0,45,8.065044950046229,33.0,29.0,1.0,6,4.0
33,21,21.0,dn6,2,pkg30,27.0,36.0,43,8.065044950046229,32.0,27.0,1.0,7,5.0
33,22,22.0,dn9,3,pkg33,27.0,33.0,38,8.065044950046229,31.0,27.0,1.0,5,4.0
33,22,22.0,dn13,5,pkg32,31.0,36.0,43,8.065044950046229,37.0,31.0,1.0,7,6.0
33,26,26.0,dn2,1,pkg34,33.0,39.0,45,8.065044950046229,44,35,1.0,6,9
33,26,26.0,dn11,4,pkg35,34.0,44.0,52,8.065044950046229,37.0,34.0,1.0,8,3.0
33,30,30.0,dn4,2,pkg36,38.0,44.0,46,8.065044950046229,40.0,38.0,1.0,2,2.0
33,30,30.0,dn5,2,pkg37,38.0,45.0,46,8.065044950046229,39.0,38.0,1.0,1,1.0
33,37,37.0,dn3,1,pkg39,43.0,51.0,57,8.065044950046229,49,43,1.0,6,6
33,37,37.0,dn9,3,pkg38,41.0,49.0,54,8.065044950046229,45,41,1.0,5,4
33,39,39.0,dn13,5,pkg40,43.0,48.0,54,8.065044950046229,49,44,0.9276480006968348,6,5
33,42,42.0,dn8,3,pkg41,52.0,61.0,67,8.065044950046229,55.0,52.0,1.0,6,3.0
33,45,45.0,dn1,1,pkg42,54.0,61.0,67,8.065044950046229,65,55,1.0,6,10
33,47,47.0,dn2,1,pkg43,51.0,61.0,62,8.065044950046229,52.0,51.0,1.0,1,1.0
33,47,47.0,dn15,5,pkg44,53.0,59.0,61,8.065044950046229,55.0,53.0,1.0,2,2.0
33,50,50.0,dn7,3,pkg45,58.0,66.0,70,8.065044950046229,59.0,58.0,1.0,4,1.0
33,51,51.0,dn3,1,pkg46,60.0,69.0,79,8.065044950046229,69,60,1.0,10,9
33,53,53.0,dn2,1,pkg47,60.0,65.0,71,8.065044950046229,65.0,60.0,1.0,6,5.0
33,53,53.0,dn11,4,pkg48,62.0,67.0,75,8.065044950046229,68.0,62.0,1.0,8,6.0
33,55,55.0,dn4,2,pkg49,61.0,71.0,77,8.065044950046229,66.0,61.0,1.0,6,5.0
33,59,59.0,dn7,3,pkg50,65.0,72.0,80,8.065044950046229,69.0,65.0,0.981497059608109,8,4.0
33,60,60.0,dn5,2,pkg51,67.0,76.0,80,8.065044950046229,72.0,67.0,1.0,4,5.0
33,61,61.0,dn10,4,pkg52,69.0,79.0,86,8.065044950046229,76.0,69.0,1.0,7,7.0
33,65,65.0,dn1,1,pkg53,72.0,77.0,85,8.065044950046229,76.0,72.0,0.9276480006968348,8,4.0
33,67,67.0,dn2,1,pkg54,74.0,79.0,84,8.065044950046229,79.0,74.0,1.0,5,5.0
33,73,73.0,dn3,1,pkg55,78.0,84.0,90,8.065044950046229,85,79,1.0,6,6
33,75,75.0,dn7,3,pkg56,82.0,89.0,95,8.065044950046229,86.0,82.0,1.0,6,4.0
33,80,80.0,dn1,1,pkg57,86.0,93.0,97,8.065044950046229,94,87,1.0,4,7
33,80,80.0,dn2,1,pkg58,88.0,98.0,109,8.065044950046229,102,91,0.9847445937098342,11,11
33,83,83.0,dn13,5,pkg59,92.0,100.0,109,8.065044950046229,96.0,92.0,1.0,9,4.0
33,86,86.0,dn3,1,pkg60,92.0,99.0,105,8.065044950046229,100,93,1.0,6,7
33,88,88.0,dn4,2,pkg61,93.0,103.0,108,8.065044950046229,102,95,1.0,5,7
33,88,88.0,dn5,2,pkg62,96.0,102.0,107,8.065044950046229,102.0,96.0,1.0,5,6.0
33,95,95.0,dn7,3,pkg63,100.0,108.0,112,8.065044950046229,104.0,100.0,1.0,4,4.0
33,98,98.0,dn6,2,pkg64,106.0,114.0,116,8.065044950046229,108.0,106.0,1.0,2,2.0
34,0,0.0,dn7,3,pkg12,5.0,13.0,19,8.065044950046229,10,5,1.0,6,5
34,0,0.0,dn8,3,pkg8,5.0,14.0,22,8.065044950046229,16,8,1.0,8,8
34,0,0.0,dn10,4,pkg11,5.0,11.0,17,8.065044950046229,9.0,5.0,1.0,6,4.0
34,0,0.0,dn11,4,pkg9,5.0,15.0,22,8.065044950046229,18,9,1.0,7,9
34,0,0.0,dn12,4,pkg21,10.0,19.0,27,8.065044950046229,20,10,1.0,8,10
34,1,1.0,dn1,1,pkg15,6.0,11.0,17,8.065044950046229,10.0,6.0,0.9919349550499538,6,4.0
34,1,1.0,dn3,1,pkg19,6.0,12.0,19,8.065044950046229,9.0,6.0,0.9623380203040381,7,3.0
34,1,1.0,dn4,2,pkg18,10.0,20.0,26,8.065044950046229,17.0,10.0,1.0,6,7.0
34,1,1.0,dn6,2,pkg5,6.0,13.0,23,8.065044950046229,13,7,0.6964162111435814,10,6
34,1,1.0,dn9,3,pkg6,6.0,11.0,16,8.065044950046229,17,9,1.0,5,8
34,1,1.0,dn14,5,pkg2,10.0,18.0,23,8.065044950046229,14.0,10.0,1.0,5,4.0
34,1,1.0,dn15,5,pkg22,9.0,19.0,24,8.065044950046229,16.0,9.0,1.0,5,7.0
34,1,1.0,dn5,2,pkg10,7.0,13.0,21,8.065044950046229,23,12,0.9276480006968348,8,11
34,1,1.0,dn2,1,pkg13,7.0,14.0,19,8.065044950046229,13,7,1.0,5,6
34,1,1.0,dn13,5,pkg7,8.0,17.0,20,8.065044950046229,10.0,8.0,1.0,3,2.0
34,9,9.0,dn3,1,pkg20,10.0,19.0,23,8.065044950046229,17,13,1.0,4,4
34,9,9.0,dn10,4,pkg1,8.0,15.0,23,8.065044950046229,19,14,0.2578757643113509,8,5
34,10,10.0,dn1,1,pkg17,7.0,16.0,21,8.065044950046229,16,13,0.6964162111435814,5,3
34,10,10.0,dn7,3,pkg3,7.0,12.0,22,8.065044950046229,26,18,0.0,10,8
34,10,10.0,dn13,5,pkg24,19.0,28.0,34,8.065044950046229,28,19,1.0,6,9
34,13,13.0,dn2,1,pkg25,21.0,29.0,40,8.065044950046229,41,27,0.9006778457052591,11,14
34,13,13.0,dn6,2,pkg14,9.0,18.0,28,8.065044950046229,37,25,0.07235199930316516,10,12
34,14,14.0,dn14,5,pkg16,8.0,15.0,26,8.065044950046229,24,19,0.0,11,5
34,16,16.0,dn8,3,pkg27,23.0,28.0,34,8.065044950046229,36,26,1.0,6,10
34,16,16.0,dn15,5,pkg4,10.0,18.0,20,8.065044950046229,20,18,0.5,2,2
34,16,16.0,dn1,1,pkg23,11.0,18.0,29,8.065044950046229,32,24,0.0,11,8
34,17,17.0,dn4,2,pkg26,21.0,30.0,39,8.065044950046229,29,23,0.8942105026999628,9,6
34,20,20.0,dn15,5,pkg28,29.0,34.0,39,8.065044950046229,35.0,29.0,1.0,5,6.0
34,21,21.0,dn9,3,pkg29,31.0,39.0,42,8.065044950046229,35.0,31.0,1.0,3,4.0
34,24,24.0,dn14,5,pkg30,29.0,36.0,46,8.065044950046229,54,39,0.6964162111435814,10,15
34,26,26.0,dn7,3,pkg31,35.0,41.0,47,8.065044950046229,41.0,35.0,1.0,6,6.0
34,30,30.0,dn3,1,pkg32,39.0,45.0,51,8.065044950046229,42.0,39.0,1.0,6,3.0
34,32,32.0,dn1,1,pkg33,38.0,43.0,50,8.065044950046229,46,39,0.9623380203040381,7,7
34,37,37.0,dn4,2,pkg34,41.0,46.0,51,8.065044950046229,47,42,1.0,5,5
34,40,40.0,dn9,3,pkg35,46.0,55.0,58,8.065044950046229,51.0,46.0,1.0,3,5.0
34,40,40.0,dn13,5,pkg36,45.0,52.0,53,8.065044950046229,46.0,45.0,1.0,1,1.0
34,43,43.0,dn2,1,pkg37,48.0,54.0,60,8.065044950046229,59,51,1.0,6,8
34,43,43.0,dn3,1,pkg38,53.0,63.0,68,8.065044950046229,59.0,53.0,1.0,5,6.0
34,46,46.0,dn5,2,pkg40,51.0,56.0,61,8.065044950046229,58,52,1.0,5,6
34,46,46.0,dn6,2,pkg39,52.0,60.0,70,8.065044950046229,58,52,0.8638529812987656,10,6
34,49,49.0,dn10,4,pkg41,54.0,62.0,70,8.065044950046229,69,59,0.981497059608109,8,10
34,49,49.0,dn4,2,pkg42,58.0,66.0,71,8.065044950046229,62.0,58.0,1.0,5,4.0
34,52,52.0,dn1,1,pkg43,59.0,65.0,70,8.065044950046229,65.0,59.0,1.0,5,6.0
34,52,52.0,dn15,5,pkg44,60.0,65.0,71,8.065044950046229,62.0,60.0,1.0,6,2.0
34,58,58.0,dn11,4,pkg45,66.0,72.0,80,8.065044950046229,78,68,1.0,8,10
34,62,62.0,dn4,2,pkg46,68.0,75.0,80,8.065044950046229,71.0,68.0,1.0,5,3.0
34,65,65.0,dn5,2,pkg47,72.0,81.0,88,8.065044950046229,77.0,72.0,1.0,7,5.0
34,68,68.0,dn6,2,pkg48,72.0,80.0,86,8.065044950046229,78,73,1.0,6,5
34,70,70.0,dn10,4,pkg49,76.0,83.0,86,8.065044950046229,81.0,76.0,1.0,3,5.0
34,71,71.0,dn7,3,pkg50,78.0,88.0,90,8.065044950046229,79.0,78.0,1.0,2,1.0
34,74,74.0,dn8,3,pkg51,81.0,87.0,92,8.065044950046229,85.0,81.0,1.0,5,4.0
34,78,78.0,dn1,1,pkg53,83.0,89.0,93,8.065044950046229,87.0,83.0,1.0,4,4.0
34,78,78.0,dn9,3,pkg52,84.0,89.0,94,8.065044950046229,88.0,84.0,1.0,5,4.0
34,80,80.0,dn4,2,pkg55,88.0,93.0,101,8.065044950046229,95.0,88.0,0.981497059608109,8,7.0
34,80,80.0,dn5,2,pkg54,84.0,91.0,101,8.065044950046229,106,93,0.6000193206335656,10,13
34,85,85.0,dn2,1,pkg56,92.0,99.0,107,8.065044950046229,98.0,92.0,1.0,8,6.0
34,87,87.0,dn6,2,pkg57,96.0,105.0,112,8.065044950046229,105,96,1.0,7,9
34,89,89.0,dn1,1,pkg58,96.0,102.0,107,8.065044950046229,100.0,96.0,1.0,5,4.0
34,94,94.0,dn10,4,pkg59,99.0,104.0,114,8.065044950046229,116,105,0.5,10,11
34,96,96.0,dn7,3,pkg60,103.0,108.0,113,8.065044950046229,107.0,103.0,1.0,5,4.0
35,0,0.0,dn2,1,pkg20,7.0,15.0,21,8.065044950046229,11.0,7.0,1.0,6,4.0
35,0,0.0,dn13,5,pkg14,5.0,15.0,20,8.065044950046229,8.0,5.0,1.0,5,3.0
35,0,0.0,dn14,5,pkg8,10.0,16.0,23,8.065044950046229,14.0,10.0,1.0,7,4.0
35,0,0.0,dn15,5,pkg11,7.0,17.0,24,8.065044950046229,14,7,1.0,7,7
35,0,0.0,dn1,1,pkg7,8.0,13.0,18,8.065044950046229,14.0,8.0,1.0,5,6.0
35,0,0.0,dn3,1,pkg18,10.0,19.0,23,8.065044950046229,14.0,10.0,1.0,4,4.0
35,1,1.0,dn4,2,pkg22,5.0,14.0,17,8.065044950046229,6.0,5.0,1.0,3,1.0
35,1,1.0,dn5,2,pkg5,5.0,11.0,19,8.065044950046229,13,7,0.742124235688649,8,6
35,1,1.0,dn6,2,pkg16,8.0,13.0,19,8.065044950046229,14.0,8.0,1.0,6,6.0
35,1,1.0,dn8,3,pkg2,8.0,16.0,22,8.065044950046229,13.0,8.0,1.0,6,5.0
35,1,1.0,dn9,3,pkg15,9.0,16.0,25,8.065044950046229,21,11,0.9919349550499538,9,10
35,1,1.0,dn10,4,pkg9,8.0,14.0,16,8.065044950046229,9.0,8.0,1.0,2,1.0
35,1,1.0,dn11,4,pkg1,8.0,18.0,19,8.065044950046229,9.0,8.0,1.0,1,1.0
35,1,1.0,dn12,4,pkg12,8.0,16.0,21,8.065044950046229,12.0,8.0,1.0,5,4.0
35,1,1.0,dn7,3,pkg21,9.0,19.0,26,8.065044950046229,17,9,1.0,7,8
35,6,6.0,dn4,2,pkg23,9.0,19.0,22,8.065044950046229,16,11,1.0,3,5
35,8,8.0,dn13,5,pkg13,10.0,19.0,21,8.065044950046229,12,10,1.0,2,2
35,9,9.0,dn10,4,pkg4,9.0,17.0,22,8.065044950046229,23,16,0.9733308694771554,5,7
35,9,9.0,dn11,4,pkg6,10.0,17.0,26,8.065044950046229,39,24,0.3890247744500105,9,15
35,11,11.0,dn2,1,pkg19,10.0,19.0,23,8.065044950046229,21,16,1.0,4,5
35,12,12.0,dn12,4,pkg17,10.0,20.0,27,8.065044950046229,30,21,0.6419870569969255,7,9
35,12,12.0,dn13,5,pkg26,16.0,23.0,32,8.065044950046229,20,16,0.7169814111499796,9,4
35,13,13.0,dn8,3,pkg28,21.0,26.0,34,8.065044950046229,25.0,21.0,0.981497059608109,8,4.0
35,13,13.0,dn5,2,pkg27,17.0,27.0,36,8.065044950046229,41,27,0.9554953287499572,9,14
35,14,14.0,dn6,2,pkg25,11.0,20.0,26,8.065044950046229,24,19,0.5,6,5
35,14,14.0,dn14,5,pkg29,21.0,30.0,35,8.065044950046229,24.0,21.0,1.0,5,3.0
35,16,16.0,dn1,1,pkg30,24.0,34.0,41,8.065044950046229,27.0,24.0,1.0,7,3.0
35,16,16.0,dn4,2,pkg24,12.0,19.0,29,8.065044950046229,34,25,0.002720842483821817,10,9
35,17,17.0,dn7,3,pkg31,25.0,31.0,42,8.065044950046229,35,26,0.7621793903595921,11,9
35,20,20.0,dn3,1,pkg32,27.0,33.0,39,8.065044950046229,31.0,27.0,1.0,6,4.0
35,23,23.0,dn2,1,pkg33,28.0,33.0,36,8.065044950046229,29.0,28.0,1.0,3,1.0
35,24,24.0,dn6,2,pkg34,33.0,41.0,49,8.065044950046229,36.0,33.0,1.0,8,3.0
35,26,26.0,dn10,4,pkg35,33.0,38.0,43,8.065044950046229,37.0,33.0,1.0,5,4.0
35,28,28.0,dn8,3,pkg36,34.0,43.0,48,8.065044950046229,44,36,1.0,5,8
35,30,30.0,dn1,1,pkg37,39.0,44.0,50,8.065044950046229,48,39,1.0,6,9
35,31,31.0,dn3,1,pkg39,39.0,46.0,56,8.065044950046229,46.0,39.0,0.9276480006968348,10,7.0
35,32,32.0,dn9,3,pkg40,38.0,45.0,53,8.065044950046229,58,45,0.981497059608109,8,13
35,34,34.0,dn4,2,pkg38,36.0,45.0,55,8.065044950046229,44,39,0.6000193206335656,10,5
35,34,34.0,dn12,4,pkg41,43.0,53.0,61,8.065044950046229,48.0,43.0,1.0,8,5.0
35,36,36.0,dn2,1,pkg42,41.0,49.0,56,8.065044950046229,50,43,1.0,7,7
35,37,37.0,dn10,4,pkg43,45.0,54.0,64,8.065044950046229,59,48,0.9972791575161781,10,11
35,41,41.0,dn5,2,pkg44,50.0,58.0,67,8.065044950046229,55.0,50.0,1.0,9,5.0
35,42,42.0,dn11,4,pkg45,52.0,61.0,72,8.065044950046229,68,55,0.9995621140415759,11,13
35,43,43.0,dn7,3,pkg46,49.0,54.0,59,8.065044950046229,55,49,1.0,5,6
35,44,44.0,dn4,2,pkg47,53.0,62.0,70,8.065044950046229,66,55,1.0,8,11
35,46,46.0,dn3,1,pkg48,50.0,58.0,61,8.065044950046229,54,50,1.0,3,4
35,48,48.0,dn1,1,pkg49,54.0,61.0,67,8.065044950046229,60,54,1.0,6,6
35,55,55.0,dn5,2,pkg50,64.0,73.0,79,8.065044950046229,71.0,64.0,1.0,6,7.0
35,56,56.0,dn12,4,pkg51,66.0,73.0,79,8.065044950046229,72.0,66.0,1.0,6,6.0
35,58,58.0,dn2,1,pkg52,64.0,69.0,74,8.065044950046229,68.0,64.0,1.0,5,4.0
35,60,60.0,dn7,3,pkg53,65.0,75.0,78,8.065044950046229,68.0,65.0,1.0,3,3.0
35,62,62.0,dn1,1,pkg54,70.0,76.0,80,8.065044950046229,77.0,70.0,1.0,4,7.0
35,64,64.0,dn3,1,pkg55,72.0,77.0,80,8.065044950046229,76.0,72.0,1.0,3,4.0
35,66,66.0,dn4,2,pkg57,74.0,83.0,90,8.065044950046229,82,74,1.0,7,8
35,66,66.0,dn13,5,pkg56,70.0,77.0,83,8.065044950046229,73.0,70.0,1.0,6,3.0
35,69,69.0,dn6,2,pkg58,75.0,85.0,88,8.065044950046229,80.0,75.0,1.0,3,5.0
35,71,71.0,dn5,2,pkg59,81.0,91.0,98,8.065044950046229,89.0,81.0,1.0,7,8.0
35,75,75.0,dn2,1,pkg61,80.0,89.0,97,8.065044950046229,95,85,1.0,8,10
35,75,75.0,dn10,4,pkg60,84.0,91.0,96,8.065044950046229,88.0,84.0,1.0,5,4.0
35,78,78.0,dn1,1,pkg62,85.0,94.0,102,8.065044950046229,90.0,85.0,1.0,8,5.0
35,80,80.0,dn6,2,pkg63,89.0,97.0,98,8.065044950046229,90.0,89.0,1.0,1,1.0
35,84,84.0,dn4,2,pkg64,91.0,100.0,107,8.065044950046229,98,91,1.0,7,7
35,86,86.0,dn11,4,pkg65,91.0,99.0,107,8.065044950046229,94.0,91.0,0.981497059608109,8,3.0
35,88,88.0,dn10,4,pkg66,94.0,100.0,101,8.065044950046229,95.0,94.0,1.0,1,1.0
35,89,89.0,dn3,1,pkg67,94.0,101.0,104,8.065044950046229,95.0,94.0,1.0,3,1.0
35,92,92.0,dn5,2,pkg69,99.0,104.0,108,8.065044950046229,104.0,99.0,1.0,4,5.0
35,92,92.0,dn6,2,pkg68,100.0,106.0,117,8.065044950046229,107.0,100.0,0.7621793903595921,11,7.0
35,97,97.0,dn1,1,pkg72,104.0,109.0,110,8.065044950046229,105.0,104.0,1.0,1,1.0
35,97,97.0,dn2,1,pkg71,104.0,114.0,120,8.065044950046229,115,106,1.0,6,9
35,98,98.0,dn10,4,pkg73,107.0,116.0,125,8.065044950046229,120,109,1.0,9,11
35,99,99.0,dn4,2,pkg70,103.0,108.0,111,8.065044950046229,104.0,103.0,1.0,3,1.0
36,0,0.0,dn10,4,pkg10,7.0,16.0,22,8.065044950046229,14,7,1.0,6,7
36,0,0.0,dn11,4,pkg7,5.0,11.0,22,8.065044950046229,16,8,0.5,11,8
36,0,0.0,dn12,4,pkg17,5.0,14.0,24,8.065044950046229,32,16,0.8638529812987656,10,16
36,0,0.0,dn13,5,pkg14,5.0,14.0,24,8.065044950046229,16,8,0.8638529812987656,10,8
36,0,0.0,dn14,5,pkg21,6.0,13.0,24,8.065044950046229,11.0,6.0,0.6793222358514858,11,5.0
36,0,0.0,dn15,5,pkg19,7.0,14.0,16,8.065044950046229,9.0,7.0,1.0,2,2.0
36,1,1.0,dn1,1,pkg15,6.0,13.0,16,8.065044950046229,9.0,6.0,1.0,3,3.0
36,1,1.0,dn2,1,pkg9,9.0,19.0,24,8.065044950046229,13.0,9.0,1.0,5,4.0
36,1,1.0,dn3,1,pkg5,8.0,13.0,20,8.065044950046229,17,9,0.9987148696173,7,8
36,1,1.0,dn4,2,pkg20,5.0,14.0,19,8.065044950046229,9,5,1.0,5,4
36,1,1.0,dn6,2,pkg22,6.0,13.0,21,8.065044950046229,23,12,0.9276480006968348,8,11
36,1,1.0,dn7,3,pkg16,5.0,13.0,18,8.065044950046229,11,6,1.0,5,5
36,1,1.0,dn9,3,pkg6,9.0,18.0,27,8.065044950046229,16.0,9.0,1.0,9,7.0
36,1,1.0,dn8,3,pkg1,8.0,16.0,24,8.065044950046229,13.0,8.0,1.0,8,5.0
36,1,1.0,dn5,2,pkg18,6.0,13.0,22,8.065044950046229,25,13,0.8130495168499705,9,12
36,9,9.0,dn4,2,pkg2,8.0,14.0,16,8.065044950046229,13,11,1.0,2,2
36,9,9.0,dn15,5,pkg24,14.0,19.0,24,8.065044950046229,23,16,1.0,5,7
36,9,9.0,dn1,1,pkg23,15.0,21.0,29,8.065044950046229,21,15,0.9276480006968348,8,6
36,11,11.0,dn7,3,pkg4,9.0,17.0,20,8.065044950046229,19,15,1.0,3,4
36,11,11.0,dn14,5,pkg13,9.0,16.0,22,8.065044950046229,19,15,0.3350899866593905,6,4
36,13,13.0,dn2,1,pkg26,17.0,24.0,31,8.065044950046229,27,20,0.9623380203040381,7,7
36,13,13.0,dn4,2,pkg25,15.0,24.0,35,8.065044950046229,27,20,0.5,11,7
36,13,13.0,dn8,3,pkg27,18.0,23.0,29,8.065044950046229,23,18,0.9919349550499538,6,5
36,14,14.0,dn10,4,pkg11,8.0,15.0,16,8.065044950046229,18,16,0.5,1,2
36,16,16.0,dn9,3,pkg28,24.0,31.0,36,8.065044950046229,28.0,24.0,1.0,5,4.0
36,16,16.0,dn11,4,pkg8,9.0,17.0,28,8.065044950046229,52,34,0.0,11,18
36,23,23.0,dn7,3,pkg29,29.0,35.0,41,8.065044950046229,41,32,1.0,6,9
36,27,27.0,dn4,2,pkg30,31.0,41.0,45,8.065044950046229,37,32,1.0,4,5
36,29,29.0,dn5,2,pkg31,37.0,45.0,46,8.065044950046229,38.0,37.0,1.0,1,1.0
36,29,29.0,dn6,2,pkg32,38.0,47.0,51,8.065044950046229,40.0,38.0,1.0,4,2.0
36,31,31.0,dn1,1,pkg33,37.0,44.0,51,8.065044950046229,53,42,1.0,7,11
36,31,31.0,dn2,1,pkg34,41.0,48.0,55,8.065044950046229,50.0,41.0,1.0,7,9.0
36,34,34.0,dn8,3,pkg36,39.0,48.0,59,8.065044950046229,60,47,0.7621793903595921,11,13
36,34,34.0,dn9,3,pkg35,43.0,48.0,53,8.065044950046229,46.0,43.0,1.0,5,3.0
36,36,36.0,dn10,4,pkg37,43.0,48.0,53,8.065044950046229,45.0,43.0,1.0,5,2.0
36,38,38.0,dn3,1,pkg38,47.0,57.0,62,8.065044950046229,49.0,47.0,1.0,5,2.0
36,42,42.0,dn4,2,pkg39,51.0,59.0,67,8.065044950046229,57.0,51.0,1.0,8,6.0
36,48,48.0,dn7,3,pkg41,54.0,61.0,68,8.065044950046229,64,56,1.0,7,8
36,48,48.0,dn9,3,pkg40,57.0,65.0,73,8.065044950046229,61.0,57.0,1.0,8,4.0
36,54,54.0,dn10,4,pkg42,61.0,69.0,71,8.065044950046229,63.0,61.0,1.0,2,2.0
36,56,56.0,dn5,2,pkg43,61.0,66.0,75,8.065044950046229,72,64,0.6109752255499895,9,8
36,58,58.0,dn6,2,pkg45,67.0,72.0,82,8.065044950046229,84,71,0.8638529812987656,10,13
36,58,58.0,dn13,5,pkg44,66.0,72.0,79,8.065044950046229,82,70,1.0,7,12
36,60,60.0,dn8,3,pkg46,68.0,75.0,78,8.065044950046229,73.0,68.0,1.0,3,5.0
36,61,61.0,dn4,2,pkg47,67.0,76.0,82,8.065044950046229,71.0,67.0,1.0,6,4.0
36,64,64.0,dn7,3,pkg48,72.0,80.0,87,8.065044950046229,75.0,72.0,1.0,7,3.0
36,67,67.0,dn1,1,pkg49,74.0,81.0,86,8.065044950046229,76.0,74.0,1.0,5,2.0
36,70,70.0,dn2,1,pkg50,74.0,84.0,89,8.065044950046229,80,75,1.0,5,5
36,72,72.0,dn9,3,pkg51,76.0,82.0,90,8.065044950046229,96,84,0.742124235688649,8,12
36,73,73.0,dn3,1,pkg52,82.0,88.0,93,8.065044950046229,88.0,82.0,1.0,5,6.0
36,75,75.0,dn4,2,pkg53,80.0,88.0,92,8.065044950046229,84.0,80.0,1.0,4,4.0
36,75,75.0,dn7,3,pkg54,84.0,92.0,95,8.065044950046229,86.0,84.0,1.0,3,2.0
36,77,77.0,dn5,2,pkg55,83.0,89.0,92,8.065044950046229,87.0,83.0,1.0,3,4.0
36,79,79.0,dn8,3,pkg56,88.0,98.0,104,8.065044950046229,97,88,1.0,6,9
36,79,79.0,dn15,5,pkg57,89.0,95.0,102,8.065044950046229,95.0,89.0,1.0,7,6.0
36,81,81.0,dn10,4,pkg58,85.0,90.0,93,8.065044950046229,89,85,1.0,3,4
36,83,83.0,dn1,1,pkg59,90.0,97.0,105,8.065044950046229,107,95,1.0,8,12
36,85,85.0,dn13,5,pkg61,92.0,98.0,102,8.065044950046229,95.0,92.0,1.0,4,3.0
36,85,85.0,dn14,5,pkg60,94.0,101.0,111,8.065044950046229,101.0,94.0,0.9733308694771554,10,7.0
36,86,86.0,dn2,1,pkg62,94.0,101.0,104,8.065044950046229,98.0,94.0,1.0,3,4.0
36,88,88.0,dn3,1,pkg63,93.0,99.0,105,8.065044950046229,106,97,1.0,6,9
36,94,94.0,dn7,3,pkg67,101.0,109.0,117,8.065044950046229,110,102,1.0,8,8
36,95,95.0,dn4,2,pkg68,101.0,111.0,119,8.065044950046229,117,106,1.0,8,11
36,95,95.0,dn5,2,pkg69,101.0,110.0,121,8.065044950046229,119,107,0.8368717887665349,11,12
36,95,95.0,dn13,5,pkg66,97.0,106.0,115,8.065044950046229,109,102,0.7169814111499796,9,7
36,95,95.0,dn15,5,pkg65,95.0,104.0,113,8.065044950046229,105,100,0.5,9,5
36,96,96.0,dn10,4,pkg70,101.0,108.0,112,8.065044950046229,110,103,1.0,4,7
36,98,98.0,dn2,1,pkg64,98.0,104.0,110,8.065044950046229,112,105,0.5,6,7
36,98,98.0,dn6,2,pkg71,107.0,115.0,125,8.065044950046229,115.0,107.0,0.9972791575161781,10,8.0
37,0,0.0,dn1,1,pkg2,6.0,16.0,21,8.065044950046229,12,6,1.0,5,6
37,0,0.0,dn2,1,pkg13,6.0,15.0,21,8.065044950046229,11.0,6.0,1.0,6,5.0
37,0,0.0,dn7,3,pkg16,6.0,15.0,20,8.065044950046229,10.0,6.0,1.0,5,4.0
37,0,0.0,dn8,3,pkg12,9.0,16.0,21,8.065044950046229,12.0,9.0,1.0,5,3.0
37,0,0.0,dn9,3,pkg6,9.0,17.0,23,8.065044950046229,15.0,9.0,1.0,6,6.0
37,0,0.0,dn10,4,pkg21,9.0,16.0,22,8.065044950046229,14.0,9.0,1.0,6,5.0
37,0,0.0,dn11,4,pkg9,6.0,13.0,21,8.065044950046229,12,6,0.981497059608109,8,6
37,0,0.0,dn14,5,pkg7,7.0,15.0,21,8.065044950046229,14,7,1.0,6,7
37,0,0.0,dn15,5,pkg15,10.0,18.0,22,8.065044950046229,14.0,10.0,1.0,4,4.0
37,0,0.0,dn12,4,pkg17,7.0,15.0,19,8.065044950046229,12.0,7.0,1.0,4,5.0
37,0,0.0,dn13,5,pkg10,9.0,19.0,24,8.065044950046229,17.0,9.0,1.0,5,8.0
37,1,1.0,dn3,1,pkg8,7.0,15.0,19,8.065044950046229,12.0,7.0,1.0,4,5.0
37,1,1.0,dn4,2,pkg19,8.0,17.0,22,8.065044950046229,12.0,8.0,1.0,5,4.0
37,1,1.0,dn5,2,pkg22,6.0,11.0,17,8.065044950046229,15,8,0.9919349550499538,6,7
37,1,1.0,dn6,2,pkg23,7.0,13.0,20,8.065044950046229,15,8,0.9987148696173,7,7
37,10,10.0,dn7,3,pkg24,14.0,21.0,26,8.065044950046229,20,15,1.0,5,5
37,11,11.0,dn2,1,pkg4,7.0,13.0,24,8.065044950046229,41,26,0.0,11,15
37,12,12.0,dn1,1,pkg5,8.0,16.0,23,8.065044950046229,20,16,0.11628291208268915,7,4
37,12,12.0,dn3,1,pkg25,16.0,22.0,25,8.065044950046229,20,16,1.0,3,4
37,12,12.0,dn4,2,pkg11,7.0,15.0,25,8.065044950046229,28,20,0.002720842483821817,10,8
37,12,12.0,dn8,3,pkg26,19.0,28.0,34,8.065044950046229,23.0,19.0,1.0,6,4.0
37,12,12.0,dn12,4,pkg1,9.0,19.0,27,8.065044950046229,26,19,0.3754003527381465,8,7
37,14,14.0,dn10,4,pkg27,20.0,27.0,34,8.065044950046229,28,21,1.0,7,7
37,14,14.0,dn14,5,pkg20,10.0,18.0,24,8.065044950046229,26,20,0.18695048315002943,6,6
37,14,14.0,dn15,5,pkg14,9.0,15.0,22,8.065044950046229,28,21,0.0,7,7
37,17,17.0,dn5,2,pkg28,25.0,30.0,37,8.065044950046229,28.0,25.0,1.0,7,3.0
37,20,20.0,dn1,1,pkg29,27.0,34.0,42,8.065044950046229,40,30,1.0,8,10
37,23,23.0,dn3,1,pkg30,32.0,39.0,41,8.065044950046229,35.0,32.0,1.0,2,3.0
37,25,25.0,dn6,2,pkg31,32.0,40.0,44,8.065044950046229,37.0,32.0,1.0,4,5.0
37,27,27.0,dn7,3,pkg32,32.0,42.0,51,8.065044950046229,55,41,0.9919349550499538,9,14
37,28,28.0,dn4,2,pkg33,35.0,45.0,50,8.065044950046229,38.0,35.0,1.0,5,3.0
37,32,32.0,dn13,5,pkg34,38.0,46.0,51,8.065044950046229,44,38,1.0,5,6
37,33,33.0,dn5,2,pkg35,38.0,48.0,56,8.065044950046229,49,41,1.0,8,8
37,33,33.0,dn11,4,pkg36,41.0,49.0,53,8.065044950046229,46.0,41.0,1.0,4,5.0
37,36,36.0,dn3,1,pkg37,44.0,51.0,55,8.065044950046229,48.0,44.0,1.0,4,4.0
37,38,38.0,dn6,2,pkg38,46.0,54.0,63,8.065044950046229,58,48,1.0,9,10
37,39,39.0,dn4,2,pkg40,49.0,57.0,62,8.065044950046229,55.0,49.0,1.0,5,6.0
37,39,39.0,dn8,3,pkg39,43.0,51.0,52,8.065044950046229,44.0,43.0,1.0,1,1.0
37,41,41.0,dn9,3,pkg41,48.0,55.0,63,8.065044950046229,54.0,48.0,1.0,8,6.0
37,44,44.0,dn13,5,pkg42,49.0,57.0,61,8.065044950046229,54,49,1.0,4,5
37,48,48.0,dn10,4,pkg43,52.0,60.0,70,8.065044950046229,62,55,0.6964162111435814,10,7
37,49,49.0,dn8,3,pkg44,57.0,63.0,67,8.065044950046229,62.0,57.0,1.0,4,5.0
37,49,49.0,dn14,5,pkg45,54.0,60.0,66,8.065044950046229,61,55,1.0,6,6
37,51,51.0,dn15,5,pkg47,57.0,62.0,68,8.065044950046229,61.0,57.0,1.0,6,4.0
37,54,54.0,dn1,1,pkg48,61.0,66.0,71,8.065044950046229,68,61,1.0,5,7
37,55,55.0,dn7,3,pkg46,59.0,66.0,68,8.065044950046229,62.0,59.0,1.0,2,3.0
37,55,55.0,dn9,3,pkg49,65.0,70.0,73,8.065044950046229,68.0,65.0,1.0,3,3.0
37,57,57.0,dn2,1,pkg50,65.0,70.0,74,8.065044950046229,69.0,65.0,1.0,4,4.0
37,59,59.0,dn4,2,pkg51,64.0,70.0,73,8.065044950046229,68.0,64.0,1.0,3,4.0
37,61,61.0,dn5,2,pkg52,66.0,72.0,78,8.065044950046229,70.0,66.0,1.0,6,4.0
37,61,61.0,dn6,2,pkg53,68.0,76.0,84,8.065044950046229,73.0,68.0,1.0,8,5.0
37,64,64.0,dn7,3,pkg54,71.0,79.0,81,8.065044950046229,73.0,71.0,1.0,2,2.0
37,67,67.0,dn8,3,pkg55,71.0,79.0,82,8.065044950046229,77,72,1.0,3,5
37,68,68.0,dn1,1,pkg56,76.0,81.0,91,8.065044950046229,94,81,0.7855682414064981,10,13
37,71,71.0,dn2,1,pkg57,79.0,87.0,92,8.065044950046229,87,79,1.0,5,8
37,74,74.0,dn7,3,pkg58,79.0,84.0,89,8.065044950046229,88,81,1.0,5,7
37,74,74.0,dn14,5,pkg59,83.0,88.0,95,8.065044950046229,91.0,83.0,1.0,7,8.0
37,76,76.0,dn4,2,pkg60,80.0,88.0,97,8.065044950046229,94,85,0.8130495168499705,9,9
37,78,78.0,dn5,2,pkg61,82.0,92.0,100,8.065044950046229,85.0,82.0,1.0,8,3.0
37,78,78.0,dn6,2,pkg62,88.0,97.0,102,8.065044950046229,92.0,88.0,1.0,5,4.0
37,79,79.0,dn10,4,pkg63,85.0,90.0,96,8.065044950046229,93,86,1.0,6,7
37,81,81.0,dn8,3,pkg64,89.0,99.0,105,8.065044950046229,96.0,89.0,1.0,6,7.0
37,84,84.0,dn11,4,pkg65,90.0,95.0,98,8.065044950046229,94.0,90.0,1.0,3,4.0
37,87,87.0,dn9,3,pkg66,91.0,97.0,101,8.065044950046229,97,92,1.0,4,5
37,90,90.0,dn5,2,pkg67,97.0,107.0,115,8.065044950046229,110,100,1.0,8,10
37,91,91.0,dn14,5,pkg68,100.0,105.0,108,8.065044950046229,102.0,100.0,1.0,3,2.0
37,94,94.0,dn7,3,pkg69,103.0,111.0,115,8.065044950046229,109.0,103.0,1.0,4,6.0
37,99,99.0,dn1,1,pkg70,107.0,114.0,119,8.065044950046229,113.0,107.0,1.0,5,6.0
38,0,0.0,dn1,1,pkg5,9.0,19.0,25,8.065044950046229,14.0,9.0,1.0,6,5.0
38,0,0.0,dn2,1,pkg18,10.0,20.0,26,8.065044950046229,19.0,10.0,1.0,6,9.0
38,0,0.0,dn4,2,pkg14,8.0,17.0,23,8.065044950046229,13.0,8.0,1.0,6,5.0
38,0,0.0,dn6,2,pkg1,5.0,13.0,23,8.065044950046229,14,7,0.7855682414064981,10,7
38,0,0.0,dn13,5,pkg13,5.0,12.0,18,8.065044950046229,16,8,1.0,6,8
38,0,0.0,dn14,5,pkg20,5.0,12.0,19,8.065044950046229,8.0,5.0,0.9987148696173,7,3.0
38,0,0.0,dn15,5,pkg11,10.0,20.0,26,8.065044950046229,16.0,10.0,1.0,6,6.0
38,0,0.0,dn3,1,pkg17,6.0,11.0,18,8.065044950046229,14,7,0.9623380203040381,7,7
38,0,0.0,dn5,2,pkg3,6.0,14.0,19,8.065044950046229,12,6,1.0,5,6
38,1,1.0,dn7,3,pkg8,7.0,15.0,19,8.065044950046229,12.0,7.0,1.0,4,5.0
38,1,1.0,dn8,3,pkg6,8.0,14.0,22,8.065044950046229,23,12,0.981497059608109,8,11
38,1,1.0,dn9,3,pkg7,8.0,13.0,23,8.065044950046229,25,13,0.6964162111435814,10,12
38,1,1.0,dn10,4,pkg15,7.0,15.0,17,8.065044950046229,8.0,7.0,1.0,2,1.0
38,1,1.0,dn11,4,pkg4,8.0,15.0,18,8.065044950046229,12.0,8.0,1.0,3,4.0
38,1,1.0,dn12,4,pkg10,9.0,17.0,21,8.065044950046229,13.0,9.0,1.0,4,4.0
38,8,8.0,dn10,4,pkg26,14.0,23.0,33,8.065044950046229,24,16,0.9276480006968348,10,8
38,8,8.0,dn14,5,pkg2,8.0,15.0,17,8.065044950046229,10,9,1.0,2,1
38,10,10.0,dn14,5,pkg24,9.0,15.0,22,8.065044950046229,20,15,0.22658690677451554,7,5
38,12,12.0,dn5,2,pkg12,7.0,13.0,18,8.065044950046229,26,19,0.0,5,7
38,12,12.0,dn7,3,pkg19,8.0,17.0,27,8.065044950046229,32,22,0.07235199930316516,10,10
38,12,12.0,dn11,4,pkg28,17.0,25.0,31,8.065044950046229,21.0,17.0,1.0,6,4.0
38,13,13.0,dn4,2,pkg16,8.0,15.0,20,8.065044950046229,21,17,0.02666913052284453,5,4
38,13,13.0,dn12,4,pkg22,10.0,16.0,25,8.065044950046229,23,18,0.00806504495004623,9,5
38,14,14.0,dn1,1,pkg25,13.0,19.0,28,8.065044950046229,36,25,0.10578949730003717,9,11
38,14,14.0,dn3,1,pkg21,10.0,15.0,25,8.065044950046229,38,26,0.0,10,12
38,14,14.0,dn6,2,pkg27,17.0,27.0,33,8.065044950046229,28,21,1.0,6,7
38,16,16.0,dn13,5,pkg29,25.0,30.0,36,8.065044950046229,31.0,25.0,1.0,6,6.0
38,18,18.0,dn15,5,pkg31,24.0,34.0,41,8.065044950046229,30,24,1.0,7,6
38,21,21.0,dn4,2,pkg30,26.0,31.0,32,8.065044950046229,27.0,26.0,1.0,1,1.0
38,23,23.0,dn12,4,pkg32,31.0,36.0,45,8.065044950046229,51,37,0.8942105026999628,9,14
38,24,24.0,dn2,1,pkg33,32.0,39.0,42,8.065044950046229,35.0,32.0,1.0,3,3.0
38,26,26.0,dn14,5,pkg34,35.0,43.0,51,8.065044950046229,40.0,35.0,1.0,8,5.0
38,28,28.0,dn4,2,pkg36,37.0,43.0,49,8.065044950046229,42.0,37.0,1.0,6,5.0
38,28,28.0,dn5,2,pkg35,32.0,37.0,46,8.065044950046229,48,38,0.5,9,10
38,29,29.0,dn10,4,pkg37,39.0,48.0,56,8.065044950046229,49,39,1.0,8,10
38,31,31.0,dn13,5,pkg38,39.0,44.0,50,8.065044950046229,45.0,39.0,1.0,6,6.0
38,32,32.0,dn7,3,pkg39,38.0,44.0,52,8.065044950046229,52,42,0.9276480006968348,8,10
38,36,36.0,dn1,1,pkg41,41.0,46.0,52,8.065044950046229,54,45,0.9919349550499538,6,9
38,36,36.0,dn2,1,pkg40,43.0,53.0,55,8.065044950046229,45.0,43.0,1.0,2,2.0
38,38,38.0,dn3,1,pkg43,46.0,52.0,55,8.065044950046229,49.0,46.0,1.0,3,3.0
38,38,38.0,dn6,2,pkg42,43.0,49.0,54,8.065044950046229,46.0,43.0,1.0,5,3.0
38,41,41.0,dn11,4,pkg44,46.0,51.0,53,8.065044950046229,47.0,46.0,1.0,2,1.0
38,42,42.0,dn8,3,pkg45,49.0,54.0,61,8.065044950046229,62,52,0.9987148696173,7,10
38,45,45.0,dn2,1,pkg46,52.0,61.0,68,8.065044950046229,56.0,52.0,1.0,7,4.0
38,46,46.0,dn4,2,pkg47,52.0,60.0,63,8.065044950046229,56.0,52.0,1.0,3,4.0
38,47,47.0,dn13,5,pkg48,55.0,60.0,63,8.065044950046229,56.0,55.0,1.0,3,1.0
38,48,48.0,dn5,2,pkg49,54.0,59.0,70,8.065044950046229,59.0,54.0,0.5,11,5.0
38,51,51.0,dn6,2,pkg50,57.0,63.0,67,8.065044950046229,62.0,57.0,1.0,4,5.0
38,54,54.0,dn7,3,pkg51,62.0,67.0,71,8.065044950046229,65.0,62.0,1.0,4,3.0
38,55,55.0,dn10,4,pkg52,63.0,69.0,77,8.065044950046229,73,64,1.0,8,9
38,58,58.0,dn9,3,pkg53,63.0,69.0,74,8.065044950046229,66.0,63.0,1.0,5,3.0
38,58,58.0,dn14,5,pkg54,67.0,74.0,82,8.065044950046229,84,71,1.0,8,13
38,59,59.0,dn5,2,pkg55,67.0,77.0,87,8.065044950046229,75,67,1.0,10,8
38,62,62.0,dn4,2,pkg56,71.0,77.0,82,8.065044950046229,77.0,71.0,1.0,5,6.0
38,65,65.0,dn7,3,pkg57,69.0,79.0,82,8.065044950046229,71.0,69.0,1.0,3,2.0
38,68,68.0,dn6,2,pkg58,76.0,86.0,89,8.065044950046229,79.0,76.0,1.0,3,3.0
38,71,71.0,dn8,3,pkg60,80.0,85.0,86,8.065044950046229,80.0,80.0,1.0,1,0.0
38,71,71.0,dn13,5,pkg61,76.0,83.0,89,8.065044950046229,83,77,1.0,6,6
38,72,72.0,dn7,3,pkg62,78.0,83.0,92,8.065044950046229,88,80,0.7169814111499796,9,8
38,75,75.0,dn5,2,pkg59,74.0,81.0,90,8.065044950046229,91,83,0.18695048315002943,9,8
38,75,75.0,dn10,4,pkg63,80.0,86.0,96,8.065044950046229,103,89,0.6000193206335656,10,14
38,83,83.0,dn4,2,pkg64,91.0,101.0,104,8.065044950046229,94.0,91.0,1.0,3,3.0
38,83,83.0,dn13,5,pkg65,90.0,96.0,105,8.065044950046229,109,96,0.8942105026999628,9,13
38,84,84.0,dn9,3,pkg66,92.0,99.0,107,8.065044950046229,102,93,1.0,8,9
38,88,88.0,dn2,1,pkg67,94.0,103.0,109,8.065044950046229,97.0,94.0,1.0,6,3.0
38,88,88.0,dn14,5,pkg68,93.0,101.0,103,8.065044950046229,95.0,93.0,1.0,2,2.0
38,93,93.0,dn5,2,pkg69,98.0,106.0,114,8.065044950046229,105,99,0.981497059608109,8,6
38,95,95.0,dn4,2,pkg70,100.0,109.0,116,8.065044950046229,117,106,1.0,7,11
38,96,96.0,dn7,3,pkg72,101.0,107.0,112,8.065044950046229,105.0,101.0,1.0,5,4.0
38,96,96.0,dn15,5,pkg71,105.0,111.0,119,8.065044950046229,112.0,105.0,1.0,8,7.0
39,0,0.0,dn5,2,pkg10,8.0,18.0,28,8.065044950046229,18,9,1.0,10,9
39,0,0.0,dn6,2,pkg14,5.0,12.0,23,8.065044950046229,24,12,0.5910219106092702,11,12
39,0,0.0,dn7,3,pkg12,6.0,15.0,21,8.065044950046229,12,6,1.0,6,6
39,0,0.0,dn8,3,pkg4,10.0,18.0,25,8.065044950046229,18.0,10.0,1.0,7,8.0
39,0,0.0,dn9,3,pkg9,5.0,10.0,19,8.065044950046229,26,13,0.6109752255499895,9,13
39,0,0.0,dn4,2,pkg8,6.0,12.0,16,8.065044950046229,9.0,6.0,1.0,4,3.0
39,1,1.0,dn1,1,pkg13,5.0,15.0,19,8.065044950046229,8.0,5.0,1.0,4,3.0
39,1,1.0,dn3,1,pkg19,7.0,16.0,19,8.065044950046229,8.0,7.0,1.0,3,1.0
39,1,1.0,dn10,4,pkg7,9.0,19.0,28,8.065044950046229,17,9,1.0,9,8
39,1,1.0,dn12,4,pkg16,6.0,13.0,15,8.065044950046229,7.0,6.0,1.0,2,1.0
39,1,1.0,dn13,5,pkg21,8.0,16.0,20,8.065044950046229,10.0,8.0,1.0,4,2.0
39,1,1.0,dn14,5,pkg15,6.0,12.0,20,8.065044950046229,21,11,0.8454987064453288,8,10
39,1,1.0,dn15,5,pkg18,6.0,15.0,23,8.065044950046229,23,12,1.0,8,11
39,1,1.0,dn2,1,pkg11,7.0,16.0,21,8.065044950046229,13,7,1.0,5,6
39,1,1.0,dn11,4,pkg2,7.0,14.0,23,8.065044950046229,23,12,0.8942105026999628,9,11
39,7,7.0,dn12,4,pkg25,17.0,27.0,30,8.065044950046229,21.0,17.0,1.0,3,4.0
39,8,8.0,dn1,1,pkg26,15.0,21.0,32,8.065044950046229,24,16,0.6793222358514858,11,8
39,8,8.0,dn3,1,pkg24,9.0,16.0,26,8.065044950046229,22,15,0.3035837888564185,10,7
39,9,9.0,dn4,2,pkg1,8.0,16.0,20,8.065044950046229,13,11,1.0,4,2
39,10,10.0,dn13,5,pkg27,17.0,24.0,34,8.065044950046229,34,22,0.8638529812987656,10,12
39,12,12.0,dn7,3,pkg23,8.0,16.0,19,8.065044950046229,16,14,0.8130495168499705,3,2
39,13,13.0,dn2,1,pkg17,9.0,15.0,19,8.065044950046229,19,16,0.07235199930316516,4,3
39,13,13.0,dn4,2,pkg3,7.0,15.0,19,8.065044950046229,23,18,0.07235199930316516,4,5
39,18,18.0,dn5,2,pkg28,21.0,27.0,32,8.065044950046229,34,26,1.0,5,8
39,18,18.0,dn8,3,pkg29,23.0,29.0,37,8.065044950046229,28,23,0.8454987064453288,8,5
39,21,21.0,dn12,4,pkg31,30.0,38.0,46,8.065044950046229,34.0,30.0,1.0,8,4.0
39,23,23.0,dn4,2,pkg30,26.0,33.0,37,8.065044950046229,29,26,1.0,4,3
39,26,26.0,dn1,1,pkg32,30.0,35.0,40,8.065044950046229,34,30,1.0,5,4
39,32,32.0,dn2,1,pkg33,41.0,47.0,54,8.065044950046229,45.0,41.0,1.0,7,4.0
39,34,34.0,dn4,2,pkg34,39.0,49.0,52,8.065044950046229,44,39,1.0,3,5
39,34,34.0,dn8,3,pkg35,44.0,53.0,58,8.065044950046229,51.0,44.0,1.0,5,7.0
39,36,36.0,dn5,2,pkg36,42.0,50.0,55,8.065044950046229,45.0,42.0,1.0,5,3.0
39,38,38.0,dn13,5,pkg37,42.0,49.0,53,8.065044950046229,44.0,42.0,1.0,4,2.0
39,39,39.0,dn1,1,pkg38,47.0,52.0,59,8.065044950046229,55,47,1.0,7,8
39,41,41.0,dn3,1,pkg39,50.0,59.0,66,8.065044950046229,53.0,50.0,1.0,7,3.0
39,45,45.0,dn13,5,pkg40,52.0,57.0,63,8.065044950046229,61,53,1.0,6,8
39,46,46.0,dn2,1,pkg41,55.0,64.0,69,8.065044950046229,61.0,55.0,1.0,5,6.0
39,49,49.0,dn7,3,pkg42,57.0,65.0,72,8.065044950046229,62.0,57.0,1.0,7,5.0
39,52,52.0,dn4,2,pkg44,56.0,63.0,69,8.065044950046229,64,58,1.0,6,6
39,52,52.0,dn5,2,pkg45,57.0,64.0,69,8.065044950046229,61.0,57.0,1.0,5,4.0
39,54,54.0,dn3,1,pkg46,60.0,65.0,70,8.065044950046229,62.0,60.0,1.0,5,2.0
39,56,56.0,dn1,1,pkg43,56.0,62.0,70,8.065044950046229,68,62,0.2578757643113509,8,6
39,58,58.0,dn6,2,pkg47,67.0,77.0,86,8.065044950046229,80,69,1.0,9,11
39,58,58.0,dn8,3,pkg48,66.0,73.0,74,8.065044950046229,67.0,66.0,1.0,1,1.0
39,61,61.0,dn10,4,pkg49,70.0,75.0,78,8.065044950046229,74.0,70.0,1.0,3,4.0
39,64,64.0,dn5,2,pkg51,72.0,82.0,88,8.065044950046229,76.0,72.0,1.0,6,4.0
39,65,65.0,dn4,2,pkg50,68.0,77.0,88,8.065044950046229,95,80,0.5910219106092702,11,15
39,65,65.0,dn11,4,pkg52,70.0,76.0,78,8.065044950046229,72.0,70.0,1.0,2,2.0
39,68,68.0,dn7,3,pkg53,74.0,81.0,89,8.065044950046229,84,76,0.981497059608109,8,8
39,70,70.0,dn12,4,pkg54,78.0,86.0,91,8.065044950046229,84.0,78.0,1.0,5,6.0
39,74,74.0,dn8,3,pkg56,80.0,86.0,95,8.065044950046229,92,83,0.8130495168499705,9,9
39,74,74.0,dn9,3,pkg55,81.0,89.0,99,8.065044950046229,102,88,0.9276480006968348,10,14
39,75,75.0,dn1,1,pkg57,82.0,92.0,99,8.065044950046229,99,87,1.0,7,12
39,81,81.0,dn5,2,pkg58,88.0,97.0,104,8.065044950046229,91.0,88.0,1.0,7,3.0
39,83,83.0,dn2,1,pkg59,89.0,98.0,102,8.065044950046229,93.0,89.0,1.0,4,4.0
39,83,83.0,dn3,1,pkg60,92.0,97.0,102,8.065044950046229,99.0,92.0,1.0,5,7.0
39,86,86.0,dn6,2,pkg61,95.0,100.0,106,8.065044950046229,100.0,95.0,1.0,6,5.0
39,89,89.0,dn7,3,pkg62,97.0,103.0,109,8.065044950046229,101.0,97.0,1.0,6,4.0
39,91,91.0,dn13,5,pkg63,100.0,105.0,111,8.065044950046229,108.0,100.0,1.0,6,8.0
39,92,92.0,dn5,2,pkg64,97.0,104.0,113,8.065044950046229,116,104,0.8130495168499705,9,12
39,98,98.0,dn2,1,pkg65,107.0,114.0,121,8.065044950046229,118,108,1.0,7,10
39,98,98.0,dn14,5,pkg66,106.0,113.0,120,8.065044950046229,116,107,1.0,7,9
40,3,3.0,dn1,1,pkg9,5.0,10.0,17,8.065044950046229,19,11,0.5,7,8
40,3,3.0,dn2,1,pkg8,5.0,15.0,21,8.065044950046229,13,8,1.0,6,5
40,3,3.0,dn3,1,pkg24,8.0,18.0,24,8.065044950046229,13,8,1.0,6,5
40,3,3.0,dn4,2,pkg14,5.0,13.0,17,8.065044950046229,9,6,1.0,4,3
40,3,3.0,dn6,2,pkg5,9.0,17.0,24,8.065044950046229,15,9,1.0,7,6
40,3,3.0,dn7,3,pkg19,5.0,13.0,15,8.065044950046229,9,6,1.0,2,3
40,3,3.0,dn9,3,pkg18,8.0,16.0,23,8.065044950046229,19,11,1.0,7,8
40,3,3.0,dn11,4,pkg12,5.0,15.0,18,8.065044950046229,9,6,1.0,3,3
40,3,3.0,dn12,4,pkg10,8.0,17.0,25,8.065044950046229,25,14,1.0,8,11
40,3,3.0,dn13,5,pkg13,5.0,13.0,17,8.065044950046229,9,6,1.0,4,3
40,3,3.0,dn14,5,pkg7,5.0,15.0,19,8.065044950046229,7,5,1.0,4,2
40,3,3.0,dn8,3,pkg3,6.0,11.0,13,8.065044950046229,8.0,6.0,1.0,2,2.0
40,3,3.0,dn5,2,pkg20,6.0,14.0,17,8.065044950046229,11,7,1.0,3,4
40,3,3.0,dn10,4,pkg4,6.0,15.0,18,8.065044950046229,9,6,1.0,3,3
40,3,3.0,dn15,5,pkg15,9.0,16.0,20,8.065044950046229,13.0,9.0,1.0,4,4.0
40,7,7.0,dn14,5,pkg26,13.0,20.0,24,8.065044950046229,17.0,13.0,1.0,4,4.0
40,8,8.0,dn8,3,pkg2,7.0,12.0,20,8.065044950046229,32,20,0.07235199930316516,8,12
40,9,9.0,dn7,3,pkg28,18.0,23.0,32,8.065044950046229,33,21,0.9554953287499572,9,12
40,9,9.0,dn10,4,pkg22,7.0,12.0,19,8.065044950046229,19,14,0.037661979695961856,7,5
40,9,9.0,dn11,4,pkg27,16.0,21.0,28,8.065044950046229,23,16,0.9987148696173,7,7
40,9,9.0,dn13,5,pkg17,10.0,20.0,29,8.065044950046229,21,15,0.7169814111499796,9,6
40,9,9.0,dn4,2,pkg25,13.0,23.0,31,8.065044950046229,29,19,1.0,8,10
40,11,11.0,dn5,2,pkg30,17.0,23.0,31,8.065044950046229,22.0,17.0,0.9276480006968348,8,5.0
40,13,13.0,dn2,1,pkg29,18.0,24.0,28,8.065044950046229,23,18,1.0,4,5
40,13,13.0,dn3,1,pkg31,17.0,23.0,30,8.065044950046229,21,17,0.8837170879173109,7,4
40,13,13.0,dn15,5,pkg1,8.0,14.0,17,8.065044950046229,21,17,0.00806504495004623,3,4
40,15,15.0,dn6,2,pkg6,7.0,17.0,22,8.065044950046229,25,20,0.02666913052284453,5,5
40,17,17.0,dn14,5,pkg33,24.0,29.0,35,8.065044950046229,30.0,24.0,1.0,6,6.0
40,19,19.0,dn1,1,pkg32,19.0,29.0,33,8.065044950046229,31,25,1.0,4,6
40,19,19.0,dn9,3,pkg34,25.0,35.0,45,8.065044950046229,35,27,0.9733308694771554,10,8
40,21,21.0,dn13,5,pkg35,26.0,34.0,40,8.065044950046229,33,27,1.0,6,6
40,22,22.0,dn5,2,pkg36,28.0,36.0,39,8.065044950046229,31.0,28.0,1.0,3,3.0
40,23,23.0,dn2,1,pkg37,28.0,35.0,36,8.065044950046229,29.0,28.0,1.0,1,1.0
40,24,24.0,dn15,5,pkg38,29.0,34.0,45,8.065044950046229,36,30,0.4089780893907298,11,6
40,27,27.0,dn6,2,pkg40,33.0,39.0,41,8.065044950046229,35.0,33.0,1.0,2,2.0
40,29,29.0,dn3,1,pkg41,33.0,43.0,50,8.065044950046229,41,35,1.0,7,6
40,30,30.0,dn14,5,pkg42,36.0,44.0,52,8.065044950046229,42,36,1.0,8,6
40,31,31.0,dn5,2,pkg43,36.0,44.0,46,8.065044950046229,37.0,36.0,1.0,2,1.0
40,32,32.0,dn8,3,pkg39,32.0,37.0,39,8.065044950046229,38,35,1.0,2,3
40,33,33.0,dn13,5,pkg44,40.0,45.0,50,8.065044950046229,47,40,1.0,5,7
40,34,34.0,dn1,1,pkg45,41.0,51.0,61,8.065044950046229,54,44,0.9972791575161781,10,10
40,37,37.0,dn2,1,pkg46,45.0,55.0,61,8.065044950046229,55,46,1.0,6,9
40,37,37.0,dn5,2,pkg47,46.0,52.0,55,8.065044950046229,51.0,46.0,1.0,3,5.0
40,41,41.0,dn10,4,pkg48,50.0,60.0,68,8.065044950046229,58.0,50.0,1.0,8,8.0
40,42,42.0,dn14,5,pkg49,46.0,52.0,58,8.065044950046229,58,50,0.9919349550499538,6,8
40,42,42.0,dn3,1,pkg50,50.0,60.0,68,8.065044950046229,55.0,50.0,1.0,8,5.0
40,44,44.0,dn7,3,pkg51,51.0,57.0,62,8.065044950046229,56.0,51.0,1.0,5,5.0
40,50,50.0,dn9,3,pkg52,58.0,66.0,70,8.065044950046229,63.0,58.0,1.0,4,5.0
40,50,50.0,dn13,5,pkg53,56.0,61.0,64,8.065044950046229,59.0,56.0,1.0,3,3.0
40,52,52.0,dn8,3,pkg54,60.0,66.0,74,8.065044950046229,65.0,60.0,1.0,8,5.0
40,54,54.0,dn11,4,pkg55,58.0,68.0,69,8.065044950046229,59.0,58.0,1.0,1,1.0
40,57,57.0,dn4,2,pkg56,66.0,72.0,78,8.065044950046229,71.0,66.0,1.0,6,5.0
40,58,58.0,dn10,4,pkg57,68.0,74.0,83,8.065044950046229,76.0,68.0,1.0,9,8.0
40,59,59.0,dn5,2,pkg58,65.0,73.0,78,8.065044950046229,70.0,65.0,1.0,5,5.0
40,62,62.0,dn7,3,pkg59,67.0,73.0,76,8.065044950046229,69.0,67.0,1.0,3,2.0
40,64,64.0,dn6,2,pkg61,70.0,79.0,89,8.065044950046229,88,76,0.9276480006968348,10,12
40,64,64.0,dn9,3,pkg60,71.0,80.0,91,8.065044950046229,76.0,71.0,0.9006778457052591,11,5.0
40,67,67.0,dn11,4,pkg62,74.0,81.0,84,8.065044950046229,76.0,74.0,1.0,3,2.0
40,69,69.0,dn1,1,pkg63,78.0,87.0,93,8.065044950046229,84.0,78.0,1.0,6,6.0
40,76,76.0,dn2,1,pkg64,84.0,92.0,95,8.065044950046229,88.0,84.0,1.0,3,4.0
40,80,80.0,dn7,3,pkg65,86.0,95.0,99,8.065044950046229,88.0,86.0,1.0,4,2.0
40,82,82.0,dn4,2,pkg66,91.0,98.0,106,8.065044950046229,104,93,1.0,8,11
40,88,88.0,dn5,2,pkg67,93.0,100.0,103,8.065044950046229,98,93,1.0,3,5
40,90,90.0,dn1,1,pkg69,98.0,107.0,110,8.065044950046229,102.0,98.0,1.0,3,4.0
40,90,90.0,dn10,4,pkg68,96.0,102.0,107,8.065044950046229,101.0,96.0,1.0,5,5.0
40,93,93.0,dn2,1,pkg70,97.0,105.0,109,8.065044950046229,101,97,1.0,4,4
40,94,94.0,dn7,3,pkg71,102.0,112.0,121,8.065044950046229,106.0,102.0,1.0,9,4.0
40,95,95.0,dn6,2,pkg72,104.0,112.0,119,8.065044950046229,112.0,104.0,1.0,7,8.0
40,96,96.0,dn3,1,pkg74,105.0,112.0,115,8.065044950046229,106.0,105.0,1.0,3,1.0
40,96,96.0,dn8,3,pkg73,105.0,111.0,119,8.065044950046229,118,107,1.0,8,11
40,98,98.0,dn9,3,pkg75,102.0,107.0,111,8.065044950046229,104.0,102.0,1.0,4,2.0
40,99,99.0,dn5,2,pkg76,105.0,113.0,117,8.065044950046229,109.0,105.0,1.0,4,4.0
41,0,0.0,dn4,2,pkg17,6.0,16.0,22,8.065044950046229,11.0,6.0,1.0,6,5.0
41,0,0.0,dn5,2,pkg12,10.0,17.0,24,8.065044950046229,20,10,1.0,7,10
41,0,0.0,dn6,2,pkg20,10.0,18.0,24,8.065044950046229,16.0,10.0,1.0,6,6.0
41,0,0.0,dn10,4,pkg5,9.0,18.0,22,8.065044950046229,13.0,9.0,1.0,4,4.0
41,0,0.0,dn12,4,pkg8,10.0,19.0,25,8.065044950046229,17.0,10.0,1.0,6,7.0
41,0,0.0,dn13,5,pkg21,5.0,14.0,19,8.065044950046229,9.0,5.0,1.0,5,4.0
41,0,0.0,dn14,5,pkg4,7.0,16.0,22,8.065044950046229,16,8,1.0,6,8
41,0,0.0,dn15,5,pkg22,6.0,15.0,21,8.065044950046229,11.0,6.0,1.0,6,5.0
41,0,0.0,dn11,4,pkg13,6.0,12.0,21,8.065044950046229,10.0,6.0,0.8130495168499705,9,4.0
41,1,1.0,dn3,1,pkg2,7.0,16.0,18,8.065044950046229,9.0,7.0,1.0,2,2.0
41,1,1.0,dn7,3,pkg9,5.0,11.0,13,8.065044950046229,7.0,5.0,1.0,2,2.0
41,1,1.0,dn8,3,pkg6,7.0,16.0,23,8.065044950046229,15,8,1.0,7,7
41,1,1.0,dn9,3,pkg3,6.0,12.0,21,8.065044950046229,15,8,0.7169814111499796,9,7
41,1,1.0,dn2,1,pkg11,10.0,18.0,22,8.065044950046229,15.0,10.0,1.0,4,5.0
41,1,1.0,dn1,1,pkg19,7.0,13.0,20,8.065044950046229,21,11,0.9987148696173,7,10
41,7,7.0,dn7,3,pkg24,11.0,17.0,26,8.065044950046229,31,19,0.6109752255499895,9,12
41,9,9.0,dn3,1,pkg16,8.0,13.0,22,8.065044950046229,31,20,0.044504671250042815,9,11
41,9,9.0,dn13,5,pkg27,12.0,20.0,26,8.065044950046229,21,15,1.0,6,6
41,10,10.0,dn11,4,pkg10,10.0,18.0,21,8.065044950046229,18,14,1.0,3,4
41,11,11.0,dn4,2,pkg14,7.0,14.0,16,8.065044950046229,13,12,0.9276480006968348,2,1
41,13,13.0,dn4,2,pkg28,17.0,22.0,25,8.065044950046229,19.0,17.0,1.0,3,2.0
41,13,13.0,dn10,4,pkg23,7.0,15.0,20,8.065044950046229,17,15,0.02666913052284453,5,2
41,13,13.0,dn15,5,pkg30,19.0,29.0,35,8.065044950046229,24.0,19.0,1.0,6,5.0
41,15,15.0,dn2,1,pkg31,20.0,25.0,30,8.065044950046229,25,20,1.0,5,5
41,16,16.0,dn6,2,pkg18,10.0,17.0,20,8.065044950046229,22,19,0.00806504495004623,3,3
41,16,16.0,dn14,5,pkg32,23.0,32.0,39,8.065044950046229,30,23,1.0,7,7
41,20,20.0,dn5,2,pkg33,25.0,30.0,38,8.065044950046229,42,31,0.742124235688649,8,11
41,21,21.0,dn1,1,pkg34,30.0,39.0,42,8.065044950046229,33.0,30.0,1.0,3,3.0
41,24,24.0,dn8,3,pkg35,30.0,39.0,46,8.065044950046229,34.0,30.0,1.0,7,4.0
41,25,25.0,dn2,1,pkg36,32.0,40.0,49,8.065044950046229,38.0,32.0,0.9919349550499538,9,6.0
41,28,28.0,dn13,5,pkg37,36.0,45.0,53,8.065044950046229,48,38,1.0,8,10
41,31,31.0,dn4,2,pkg38,38.0,45.0,51,8.065044950046229,51,41,1.0,6,10
41,33,33.0,dn7,3,pkg39,40.0,49.0,58,8.065044950046229,49,41,1.0,9,8
41,34,34.0,dn1,1,pkg40,41.0,48.0,52,8.065044950046229,46.0,41.0,1.0,4,5.0
41,36,36.0,dn3,1,pkg41,41.0,49.0,56,8.065044950046229,43.0,41.0,1.0,7,2.0
41,37,37.0,dn6,2,pkg42,45.0,52.0,54,8.065044950046229,47.0,45.0,1.0,2,2.0
41,38,38.0,dn2,1,pkg43,46.0,56.0,58,8.065044950046229,48.0,46.0,1.0,2,2.0
41,39,39.0,dn10,4,pkg44,47.0,57.0,63,8.065044950046229,52.0,47.0,1.0,6,5.0
41,43,43.0,dn3,1,pkg45,48.0,55.0,61,8.065044950046229,55,49,1.0,6,6
41,43,43.0,dn14,5,pkg47,50.0,55.0,58,8.065044950046229,53.0,50.0,1.0,3,3.0
41,47,47.0,dn1,1,pkg46,50.0,57.0,64,8.065044950046229,59,53,0.8837170879173109,7,6
41,48,48.0,dn2,1,pkg48,57.0,63.0,69,8.065044950046229,60.0,57.0,1.0,6,3.0
41,50,50.0,dn13,5,pkg49,57.0,64.0,72,8.065044950046229,72,61,1.0,8,11
41,51,51.0,dn11,4,pkg51,58.0,66.0,75,8.065044950046229,69,60,0.9919349550499538,9,9
41,51,51.0,dn12,4,pkg50,60.0,66.0,75,8.065044950046229,66.0,60.0,0.9919349550499538,9,6.0
41,57,57.0,dn10,4,pkg52,66.0,75.0,80,8.065044950046229,72.0,66.0,1.0,5,6.0
41,57,57.0,dn3,1,pkg53,67.0,73.0,80,8.065044950046229,76.0,67.0,1.0,7,9.0
41,59,59.0,dn4,2,pkg54,68.0,75.0,82,8.065044950046229,83,71,1.0,7,12
41,62,62.0,dn7,3,pkg56,70.0,76.0,82,8.065044950046229,77.0,70.0,1.0,6,7.0
41,62,62.0,dn8,3,pkg55,71.0,80.0,89,8.065044950046229,90,76,1.0,9,14
41,65,65.0,dn1,1,pkg57,71.0,81.0,86,8.065044950046229,79,72,1.0,5,7
41,66,66.0,dn12,4,pkg58,74.0,80.0,87,8.065044950046229,81.0,74.0,1.0,7,7.0
41,67,67.0,dn5,2,pkg59,76.0,83.0,93,8.065044950046229,91,79,0.9733308694771554,10,12
41,71,71.0,dn2,1,pkg60,79.0,88.0,97,8.065044950046229,86.0,79.0,1.0,9,7.0
41,71,71.0,dn15,5,pkg61,81.0,87.0,96,8.065044950046229,95,83,1.0,9,12
41,73,73.0,dn6,2,pkg62,77.0,84.0,86,8.065044950046229,79.0,77.0,1.0,2,2.0
41,73,73.0,dn10,4,pkg63,82.0,89.0,99,8.065044950046229,101,87,0.9733308694771554,10,14
41,75,75.0,dn9,3,pkg64,80.0,89.0,99,8.065044950046229,93,84,0.8638529812987656,10,9
41,78,78.0,dn3,1,pkg65,85.0,92.0,95,8.065044950046229,88.0,85.0,1.0,3,3.0
41,80,80.0,dn1,1,pkg66,85.0,95.0,100,8.065044950046229,90,85,1.0,5,5
41,80,80.0,dn11,4,pkg67,90.0,99.0,103,8.065044950046229,91.0,90.0,1.0,4,1.0
41,81,81.0,dn12,4,pkg68,87.0,95.0,104,8.065044950046229,105,93,0.9554953287499572,9,12
41,87,87.0,dn2,1,pkg69,92.0,97.0,103,8.065044950046229,96.0,92.0,0.9919349550499538,6,4.0
41,88,88.0,dn7,3,pkg71,93.0,99.0,104,8.065044950046229,96.0,93.0,1.0,5,3.0
41,88,88.0,dn13,5,pkg70,95.0,104.0,109,8.065044950046229,100.0,95.0,1.0,5,5.0
41,89,89.0,dn3,1,pkg72,96.0,102.0,109,8.065044950046229,103,96,1.0,7,7
41,94,94.0,dn11,4,pkg73,102.0,112.0,121,8.065044950046229,109.0,102.0,1.0,9,7.0
41,94,94.0,dn1,1,pkg74,103.0,109.0,120,8.065044950046229,120,107,0.8368717887665349,11,13
41,95,95.0,dn14,5,pkg75,105.0,110.0,120,8.065044950046229,114.0,105.0,0.9276480006968348,10,9.0
41,96,96.0,dn2,1,pkg76,103.0,112.0,117,8.065044950046229,108.0,103.0,1.0,5,5.0
41,98,98.0,dn4,2,pkg77,106.0,114.0,122,8.065044950046229,112.0,106.0,1.0,8,6.0
41,99,99.0,dn7,3,pkg78,104.0,114.0,117,8.065044950046229,106.0,104.0,1.0,3,2.0
42,0,0.0,dn10,4,pkg10,5.0,10.0,16,8.065044950046229,14,7,0.9919349550499538,6,7
42,0,0.0,dn11,4,pkg9,5.0,14.0,19,8.065044950046229,16,8,1.0,5,8
42,0,0.0,dn13,5,pkg12,5.0,11.0,21,8.065044950046229,30,15,0.6000193206335656,10,15
42,0,0.0,dn12,4,pkg17,6.0,14.0,23,8.065044950046229,22,11,0.9554953287499572,9,11
42,1,1.0,dn1,1,pkg13,6.0,12.0,18,8.065044950046229,11,6,1.0,6,5
42,1,1.0,dn2,1,pkg6,7.0,12.0,18,8.065044950046229,19,10,1.0,6,9
42,1,1.0,dn3,1,pkg19,7.0,15.0,22,8.065044950046229,12.0,7.0,1.0,7,5.0
42,1,1.0,dn4,2,pkg8,8.0,15.0,21,8.065044950046229,14.0,8.0,1.0,6,6.0
42,1,1.0,dn5,2,pkg21,10.0,20.0,26,8.065044950046229,18.0,10.0,1.0,6,8.0
42,1,1.0,dn6,2,pkg22,5.0,12.0,20,8.065044950046229,23,12,0.8454987064453288,8,11
42,1,1.0,dn7,3,pkg11,6.0,14.0,17,8.065044950046229,9.0,6.0,1.0,3,3.0
42,1,1.0,dn8,3,pkg18,6.0,15.0,21,8.065044950046229,15,8,1.0,6,7
42,1,1.0,dn9,3,pkg15,8.0,17.0,19,8.065044950046229,10.0,8.0,1.0,2,2.0
42,1,1.0,dn14,5,pkg16,8.0,14.0,18,8.065044950046229,12.0,8.0,1.0,4,4.0
42,1,1.0,dn15,5,pkg20,8.0,14.0,22,8.065044950046229,19,10,0.981497059608109,8,9
42,9,9.0,dn7,3,pkg25,13.0,21.0,26,8.065044950046229,17,13,1.0,5,4
42,10,10.0,dn9,3,pkg28,13.0,22.0,33,8.065044950046229,34,22,0.5910219106092702,11,12
42,11,11.0,dn1,1,pkg30,16.0,25.0,32,8.065044950046229,31,21,1.0,7,10
42,12,12.0,dn3,1,pkg24,8.0,17.0,21,8.065044950046229,18,15,0.742124235688649,4,3
42,12,12.0,dn14,5,pkg4,8.0,14.0,23,8.065044950046229,26,19,0.0,9,7
42,14,14.0,dn4,2,pkg29,15.0,25.0,32,8.065044950046229,20,17,0.9623380203040381,7,3
42,14,14.0,dn10,4,pkg32,19.0,26.0,32,8.065044950046229,23.0,19.0,1.0,6,4.0
42,15,15.0,dn8,3,pkg7,10.0,20.0,31,8.065044950046229,27,21,0.04912402419128953,11,6
42,16,16.0,dn11,4,pkg27,14.0,20.0,27,8.065044950046229,24,20,0.11628291208268915,7,4
42,17,17.0,dn7,3,pkg26,12.0,20.0,22,8.065044950046229,21,19,0.9276480006968348,2,2
42,18,18.0,dn3,1,pkg34,27.0,35.0,37,8.065044950046229,28.0,27.0,1.0,2,1.0
42,18,18.0,dn5,2,pkg33,23.0,30.0,34,8.065044950046229,25.0,23.0,1.0,4,2.0
42,19,19.0,dn15,5,pkg35,29.0,37.0,47,8.065044950046229,35.0,29.0,1.0,10,6.0
42,20,20.0,dn4,2,pkg36,29.0,38.0,47,8.065044950046229,36.0,29.0,1.0,9,7.0
42,21,21.0,dn7,3,pkg31,19.0,27.0,30,8.065044950046229,27,24,1.0,3,3
42,23,23.0,dn6,2,pkg37,31.0,39.0,48,8.065044950046229,41,32,1.0,9,9
42,28,28.0,dn3,1,pkg38,36.0,41.0,52,8.065044950046229,42.0,36.0,0.6793222358514858,11,6.0
42,31,31.0,dn1,1,pkg40,40.0,45.0,55,8.065044950046229,47.0,40.0,0.8638529812987656,10,7.0
42,31,31.0,dn5,2,pkg39,37.0,44.0,48,8.065044950046229,38.0,37.0,1.0,4,1.0
42,32,32.0,dn13,5,pkg41,41.0,51.0,61,8.065044950046229,64,48,1.0,10,16
42,36,36.0,dn4,2,pkg42,39.0,47.0,58,8.065044950046229,60,48,0.5,11,12
42,39,39.0,dn5,2,pkg44,44.0,51.0,56,8.065044950046229,48.0,44.0,1.0,5,4.0
42,42,42.0,dn6,2,pkg43,46.0,51.0,60,8.065044950046229,62,52,0.5,9,10
42,42,42.0,dn7,3,pkg45,49.0,58.0,65,8.065044950046229,56,49,1.0,7,7
42,42,42.0,dn8,3,pkg46,50.0,55.0,57,8.065044950046229,52.0,50.0,1.0,2,2.0
42,44,44.0,dn10,4,pkg47,48.0,57.0,59,8.065044950046229,51.0,48.0,1.0,2,3.0
42,47,47.0,dn9,3,pkg48,55.0,60.0,66,8.065044950046229,63,55,1.0,6,8
42,51,51.0,dn5,2,pkg49,57.0,67.0,71,8.065044950046229,60.0,57.0,1.0,4,3.0
42,52,52.0,dn1,1,pkg50,59.0,65.0,72,8.065044950046229,65.0,59.0,1.0,7,6.0
42,53,53.0,dn8,3,pkg51,61.0,67.0,76,8.065044950046229,71,62,0.9554953287499572,9,9
42,54,54.0,dn10,4,pkg52,60.0,66.0,70,8.065044950046229,64.0,60.0,1.0,4,4.0
42,56,56.0,dn14,5,pkg54,61.0,70.0,76,8.065044950046229,65.0,61.0,1.0,6,4.0
42,56,56.0,dn15,5,pkg53,61.0,71.0,80,8.065044950046229,74,65,0.9919349550499538,9,9
42,58,58.0,dn2,1,pkg55,63.0,72.0,78,8.065044950046229,67.0,63.0,1.0,6,4.0
42,59,59.0,dn7,3,pkg57,66.0,72.0,76,8.065044950046229,71.0,66.0,1.0,4,5.0
42,60,60.0,dn4,2,pkg58,67.0,76.0,83,8.065044950046229,70.0,67.0,1.0,7,3.0
42,62,62.0,dn3,1,pkg59,66.0,74.0,81,8.065044950046229,74,68,0.9987148696173,7,6
42,62,62.0,dn6,2,pkg60,70.0,76.0,87,8.065044950046229,76.0,70.0,0.7621793903595921,11,6.0
42,64,64.0,dn9,3,pkg56,66.0,76.0,77,8.065044950046229,68,66,1.0,1,2
42,64,64.0,dn10,4,pkg61,69.0,75.0,81,8.065044950046229,76,70,1.0,6,6
42,64,64.0,dn11,4,pkg62,74.0,81.0,86,8.065044950046229,78.0,74.0,1.0,5,4.0
42,65,65.0,dn14,5,pkg63,70.0,77.0,83,8.065044950046229,77,71,1.0,6,6
42,66,66.0,dn13,5,pkg64,71.0,76.0,87,8.065044950046229,86,76,0.4089780893907298,11,10
42,67,67.0,dn5,2,pkg65,72.0,82.0,85,8.065044950046229,75.0,72.0,1.0,3,3.0
42,70,70.0,dn12,4,pkg66,76.0,81.0,86,8.065044950046229,84,77,1.0,5,7
42,72,72.0,dn4,2,pkg67,80.0,86.0,97,8.065044950046229,100,86,0.7621793903595921,11,14
42,79,79.0,dn5,2,pkg68,85.0,92.0,99,8.065044950046229,91,85,1.0,7,6
42,79,79.0,dn6,2,pkg69,88.0,97.0,105,8.065044950046229,105,92,1.0,8,13
42,84,84.0,dn1,1,pkg70,89.0,98.0,101,8.065044950046229,92.0,89.0,1.0,3,3.0
42,86,86.0,dn10,4,pkg71,91.0,98.0,103,8.065044950046229,96,91,1.0,5,5
42,88,88.0,dn2,1,pkg73,93.0,100.0,103,8.065044950046229,96.0,93.0,1.0,3,3.0
42,88,88.0,dn11,4,pkg72,93.0,100.0,102,8.065044950046229,95.0,93.0,1.0,2,2.0
42,89,89.0,dn13,5,pkg74,99.0,105.0,110,8.065044950046229,104.0,99.0,1.0,5,5.0
42,92,92.0,dn3,1,pkg75,97.0,107.0,114,8.065044950046229,106,99,1.0,7,7
42,93,93.0,dn1,1,pkg76,99.0,105.0,111,8.065044950046229,105,99,1.0,6,6
42,94,94.0,dn14,5,pkg77,99.0,107.0,113,8.065044950046229,106,100,1.0,6,6
42,96,96.0,dn2,1,pkg79,106.0,111.0,121,8.065044950046229,118,107,0.9276480006968348,10,11
42,96,96.0,dn5,2,pkg78,101.0,107.0,112,8.065044950046229,108,102,1.0,5,6
42,98,98.0,dn10,4,pkg80,103.0,109.0,117,8.065044950046229,122,110,0.8454987064453288,8,12
43,0,0.0,dn4,2,pkg5,10.0,17.0,22,8.065044950046229,14.0,10.0,1.0,5,4.0
43,0,0.0,dn5,2,pkg1,5.0,11.0,18,8.065044950046229,14,7,0.9623380203040381,7,7
43,0,0.0,dn6,2,pkg20,5.0,12.0,19,8.065044950046229,12,6,0.9987148696173,7,6
43,0,0.0,dn7,3,pkg17,5.0,10.0,15,8.065044950046229,12,6,1.0,5,6
43,0,0.0,dn8,3,pkg9,5.0,14.0,19,8.065044950046229,10,5,1.0,5,5
43,0,0.0,dn9,3,pkg13,5.0,10.0,19,8.065044950046229,24,12,0.6109752255499895,9,12
43,2,2.0,dn2,1,pkg7,5.0,11.0,19,8.065044950046229,28,15,0.6245996472618536,8,13
43,2,2.0,dn3,1,pkg21,5.0,14.0,19,8.065044950046229,10,6,1.0,5,4
43,2,2.0,dn10,4,pkg19,5.0,11.0,14,8.065044950046229,8,5,1.0,3,3
43,2,2.0,dn12,4,pkg11,7.0,15.0,23,8.065044950046229,18,10,0.981497059608109,8,8
43,2,2.0,dn14,5,pkg15,9.0,19.0,26,8.065044950046229,12.0,9.0,1.0,7,3.0
43,2,2.0,dn15,5,pkg8,5.0,15.0,23,8.065044950046229,16,9,0.981497059608109,8,7
43,2,2.0,dn1,1,pkg2,7.0,15.0,17,8.065044950046229,9.0,7.0,1.0,2,2.0
43,2,2.0,dn11,4,pkg22,8.0,14.0,20,8.065044950046229,20,11,1.0,6,9
43,2,2.0,dn13,5,pkg12,8.0,17.0,21,8.065044950046229,13.0,8.0,1.0,4,5.0
43,8,8.0,dn10,4,pkg27,18.0,26.0,32,8.065044950046229,27.0,18.0,1.0,6,9.0
43,9,9.0,dn1,1,pkg4,10.0,15.0,26,8.065044950046229,31,20,0.0993221542947409,11,11
43,10,10.0,dn3,1,pkg28,19.0,29.0,37,8.065044950046229,27.0,19.0,1.0,8,8.0
43,10,10.0,dn8,3,pkg10,6.0,12.0,13,8.065044950046229,12,11,1.0,1,1
43,12,12.0,dn6,2,pkg18,10.0,15.0,17,8.065044950046229,14,13,0.9276480006968348,2,1
43,12,12.0,dn7,3,pkg26,12.0,21.0,30,8.065044950046229,36,24,0.5,9,12
43,12,12.0,dn8,3,pkg23,10.0,19.0,28,8.065044950046229,32,22,0.2830185888500204,9,10
43,12,12.0,dn14,5,pkg6,7.0,16.0,22,8.065044950046229,30,21,0.18695048315002943,6,9
43,13,13.0,dn13,5,pkg16,8.0,18.0,29,8.065044950046229,29,21,0.04912402419128953,11,8
43,14,14.0,dn4,2,pkg29,18.0,26.0,27,8.065044950046229,19.0,18.0,1.0,1,1.0
43,14,14.0,dn5,2,pkg30,20.0,30.0,35,8.065044950046229,26,20,1.0,5,6
43,14,14.0,dn6,2,pkg31,22.0,29.0,38,8.065044950046229,38,26,0.9919349550499538,9,12
43,18,18.0,dn12,4,pkg32,20.0,30.0,37,8.065044950046229,38,28,0.9987148696173,7,10
43,19,19.0,dn4,2,pkg33,28.0,33.0,38,8.065044950046229,33.0,28.0,1.0,5,5.0
43,20,20.0,dn11,4,pkg35,25.0,33.0,44,8.065044950046229,48,34,0.6793222358514858,11,14
43,26,26.0,dn5,2,pkg36,32.0,42.0,51,8.065044950046229,36.0,32.0,1.0,9,4.0
43,27,27.0,dn3,1,pkg34,28.0,34.0,40,8.065044950046229,35,31,0.6649100133406095,6,4
43,28,28.0,dn2,1,pkg38,35.0,43.0,50,8.065044950046229,41.0,35.0,1.0,7,6.0
43,28,28.0,dn9,3,pkg37,36.0,44.0,51,8.065044950046229,41.0,36.0,1.0,7,5.0
43,32,32.0,dn8,3,pkg40,39.0,44.0,48,8.065044950046229,42.0,39.0,1.0,4,3.0
43,33,33.0,dn4,2,pkg39,39.0,46.0,56,8.065044950046229,63,48,0.7855682414064981,10,15
43,36,36.0,dn7,3,pkg41,42.0,50.0,58,8.065044950046229,52,44,1.0,8,8
43,38,38.0,dn1,1,pkg42,47.0,57.0,63,8.065044950046229,55.0,47.0,1.0,6,8.0
43,42,42.0,dn8,3,pkg43,47.0,56.0,67,8.065044950046229,74,58,0.7621793903595921,11,16
43,44,44.0,dn9,3,pkg45,50.0,55.0,61,8.065044950046229,60,52,1.0,6,8
43,44,44.0,dn14,5,pkg44,51.0,57.0,60,8.065044950046229,53.0,51.0,1.0,3,2.0
43,46,46.0,dn2,1,pkg46,50.0,60.0,64,8.065044950046229,53.0,50.0,1.0,4,3.0
43,46,46.0,dn6,2,pkg47,53.0,60.0,64,8.065044950046229,58.0,53.0,1.0,4,5.0
43,48,48.0,dn10,4,pkg48,57.0,63.0,69,8.065044950046229,65.0,57.0,1.0,6,8.0
43,49,49.0,dn13,5,pkg49,54.0,61.0,65,8.065044950046229,56.0,54.0,1.0,4,2.0
43,51,51.0,dn5,2,pkg50,55.0,61.0,65,8.065044950046229,61,56,1.0,4,5
43,54,54.0,dn14,5,pkg51,63.0,68.0,70,8.065044950046229,65.0,63.0,1.0,2,2.0
43,54,54.0,dn7,3,pkg52,63.0,73.0,84,8.065044950046229,88,71,0.9995621140415759,11,17
43,56,56.0,dn13,5,pkg53,63.0,68.0,76,8.065044950046229,68.0,63.0,0.9276480006968348,8,5.0
43,60,60.0,dn1,1,pkg54,68.0,74.0,79,8.065044950046229,71.0,68.0,1.0,5,3.0
43,60,60.0,dn2,1,pkg55,70.0,80.0,86,8.065044950046229,72.0,70.0,1.0,6,2.0
43,63,63.0,dn4,2,pkg56,69.0,76.0,86,8.065044950046229,87,75,0.7855682414064981,10,12
43,64,64.0,dn3,1,pkg57,74.0,79.0,82,8.065044950046229,76.0,74.0,1.0,3,2.0
43,68,68.0,dn5,2,pkg58,73.0,78.0,84,8.065044950046229,80,74,0.9919349550499538,6,6
43,72,72.0,dn2,1,pkg59,79.0,86.0,93,8.065044950046229,84.0,79.0,1.0,7,5.0
43,73,73.0,dn1,1,pkg60,82.0,91.0,93,8.065044950046229,85.0,82.0,1.0,2,3.0
43,74,74.0,dn8,3,pkg61,82.0,89.0,91,8.065044950046229,83.0,82.0,1.0,2,1.0
43,77,77.0,dn13,5,pkg62,85.0,91.0,97,8.065044950046229,95,86,1.0,6,9
43,83,83.0,dn3,1,pkg63,91.0,98.0,106,8.065044950046229,109,96,1.0,8,13
43,83,83.0,dn5,2,pkg64,93.0,103.0,110,8.065044950046229,103,93,1.0,7,10
43,88,88.0,dn1,1,pkg65,92.0,102.0,106,8.065044950046229,98,93,1.0,4,5
43,92,92.0,dn2,1,pkg66,97.0,107.0,110,8.065044950046229,100.0,97.0,1.0,3,3.0
43,96,96.0,dn13,5,pkg67,102.0,108.0,117,8.065044950046229,110,103,0.8130495168499705,9,7
44,0,0.0,dn1,1,pkg6,5.0,12.0,18,8.065044950046229,14,7,1.0,6,7
44,0,0.0,dn2,1,pkg17,5.0,10.0,19,8.065044950046229,22,11,0.6109752255499895,9,11
44,0,0.0,dn4,2,pkg7,5.0,14.0,19,8.065044950046229,9.0,5.0,1.0,5,4.0
44,0,0.0,dn5,2,pkg16,5.0,15.0,19,8.065044950046229,10,5,1.0,4,5
44,0,0.0,dn6,2,pkg14,9.0,19.0,26,8.065044950046229,14.0,9.0,1.0,7,5.0
44,0,0.0,dn14,5,pkg20,6.0,11.0,13,8.065044950046229,9.0,6.0,1.0,2,3.0
44,0,0.0,dn13,5,pkg5,7.0,13.0,18,8.065044950046229,11.0,7.0,1.0,5,4.0
44,1,1.0,dn3,1,pkg1,10.0,17.0,21,8.065044950046229,12.0,10.0,1.0,4,2.0
44,1,1.0,dn7,3,pkg22,5.0,15.0,23,8.065044950046229,15,8,1.0,8,7
44,1,1.0,dn8,3,pkg13,8.0,16.0,23,8.065044950046229,19,10,1.0,7,9
44,1,1.0,dn9,3,pkg18,10.0,16.0,24,8.065044950046229,18.0,10.0,1.0,8,8.0
44,1,1.0,dn10,4,pkg3,6.0,16.0,22,8.065044950046229,13,7,1.0,6,6
44,1,1.0,dn11,4,pkg21,8.0,15.0,23,8.065044950046229,15,8,1.0,8,7
44,1,1.0,dn12,4,pkg2,8.0,18.0,24,8.065044950046229,17,9,1.0,6,8
44,1,1.0,dn15,5,pkg9,7.0,14.0,23,8.065044950046229,19,10,0.8942105026999628,9,9
44,9,9.0,dn4,2,pkg12,6.0,11.0,18,8.065044950046229,27,18,0.001285130382700006,7,9
44,9,9.0,dn14,5,pkg15,9.0,16.0,27,8.065044950046229,23,16,0.16312821123346516,11,7
44,10,10.0,dn5,2,pkg8,7.0,13.0,17,8.065044950046229,18,14,0.2578757643113509,4,4
44,11,11.0,dn13,5,pkg24,12.0,20.0,23,8.065044950046229,17,14,1.0,3,3
44,12,12.0,dn3,1,pkg29,19.0,29.0,36,8.065044950046229,30,21,1.0,7,9
44,13,13.0,dn10,4,pkg26,15.0,24.0,31,8.065044950046229,29,21,0.9623380203040381,7,8
44,14,14.0,dn1,1,pkg25,14.0,20.0,31,8.065044950046229,38,26,0.0993221542947409,11,12
44,14,14.0,dn6,2,pkg23,7.0,17.0,27,8.065044950046229,40,27,0.002720842483821817,10,13
44,15,15.0,dn7,3,pkg28,15.0,22.0,26,8.065044950046229,25,20,1.0,4,5
44,15,15.0,dn11,4,pkg31,24.0,29.0,37,8.065044950046229,31.0,24.0,1.0,8,7.0
44,17,17.0,dn12,4,pkg11,10.0,20.0,26,8.065044950046229,35,26,0.07235199930316516,6,9
44,17,17.0,dn13,5,pkg27,15.0,20.0,24,8.065044950046229,25,21,0.2578757643113509,4,4
44,18,18.0,dn5,2,pkg30,20.0,26.0,36,8.065044950046229,46,32,0.3035837888564185,10,14
44,22,22.0,dn2,1,pkg32,25.0,33.0,39,8.065044950046229,38,30,1.0,6,8
44,23,23.0,dn14,5,pkg33,31.0,39.0,47,8.065044950046229,45,34,1.0,8,11
44,25,25.0,dn7,3,pkg34,30.0,39.0,47,8.065044950046229,39,32,1.0,8,7
44,25,25.0,dn8,3,pkg35,33.0,38.0,45,8.065044950046229,43,34,1.0,7,9
44,27,27.0,dn9,3,pkg36,35.0,45.0,52,8.065044950046229,47,37,1.0,7,10
44,29,29.0,dn4,2,pkg37,33.0,41.0,43,8.065044950046229,34.0,33.0,1.0,2,1.0
44,33,33.0,dn3,1,pkg38,42.0,52.0,57,8.065044950046229,45.0,42.0,1.0,5,3.0
44,35,35.0,dn4,2,pkg39,41.0,46.0,49,8.065044950046229,42.0,41.0,1.0,3,1.0
44,37,37.0,dn13,5,pkg40,43.0,51.0,57,8.065044950046229,47.0,43.0,1.0,6,4.0
44,38,38.0,dn1,1,pkg41,45.0,54.0,63,8.065044950046229,52,45,1.0,9,7
44,42,42.0,dn7,3,pkg42,47.0,55.0,57,8.065044950046229,49.0,47.0,1.0,2,2.0
44,42,42.0,dn15,5,pkg43,52.0,57.0,65,8.065044950046229,58.0,52.0,1.0,8,6.0
44,43,43.0,dn8,3,pkg44,49.0,55.0,59,8.065044950046229,52.0,49.0,1.0,4,3.0
44,44,44.0,dn4,2,pkg45,54.0,61.0,67,8.065044950046229,60.0,54.0,1.0,6,6.0
44,45,45.0,dn14,5,pkg46,53.0,61.0,63,8.065044950046229,55.0,53.0,1.0,2,2.0
44,49,49.0,dn7,3,pkg47,53.0,61.0,64,8.065044950046229,55.0,53.0,1.0,3,2.0
44,49,49.0,dn9,3,pkg48,58.0,66.0,76,8.065044950046229,64.0,58.0,0.9972791575161781,10,6.0
44,51,51.0,dn2,1,pkg49,59.0,66.0,71,8.065044950046229,67,59,1.0,5,8
44,52,52.0,dn1,1,pkg50,60.0,66.0,75,8.065044950046229,80,66,0.9554953287499572,9,14
44,53,53.0,dn5,2,pkg51,62.0,67.0,76,8.065044950046229,66.0,62.0,0.9554953287499572,9,4.0
44,55,55.0,dn10,4,pkg52,59.0,65.0,69,8.065044950046229,62.0,59.0,1.0,4,3.0
44,58,58.0,dn6,2,pkg53,66.0,71.0,75,8.065044950046229,71.0,66.0,1.0,4,5.0
44,58,58.0,dn15,5,pkg54,66.0,72.0,78,8.065044950046229,71.0,66.0,1.0,6,5.0
44,60,60.0,dn11,4,pkg55,67.0,72.0,76,8.065044950046229,73.0,67.0,1.0,4,6.0
44,62,62.0,dn3,1,pkg56,70.0,79.0,86,8.065044950046229,76.0,70.0,1.0,7,6.0
44,64,64.0,dn4,2,pkg57,69.0,76.0,87,8.065044950046229,82,73,0.5910219106092702,11,9
44,68,68.0,dn8,3,pkg59,75.0,80.0,84,8.065044950046229,81.0,75.0,1.0,4,6.0
44,68,68.0,dn13,5,pkg58,73.0,78.0,79,8.065044950046229,74.0,73.0,1.0,1,1.0
44,70,70.0,dn5,2,pkg60,75.0,84.0,90,8.065044950046229,88,79,1.0,6,9
44,71,71.0,dn6,2,pkg61,78.0,83.0,92,8.065044950046229,97,84,0.8130495168499705,9,13
44,74,74.0,dn2,1,pkg62,79.0,84.0,86,8.065044950046229,80.0,79.0,1.0,2,1.0
44,74,74.0,dn14,5,pkg63,83.0,89.0,91,8.065044950046229,86.0,83.0,1.0,2,3.0
44,75,75.0,dn7,3,pkg64,85.0,92.0,102,8.065044950046229,97,86,0.9972791575161781,10,11
44,78,78.0,dn9,3,pkg66,83.0,93.0,102,8.065044950046229,88,83,0.9919349550499538,9,5
44,81,81.0,dn1,1,pkg67,87.0,92.0,97,8.065044950046229,95,88,1.0,5,7
44,82,82.0,dn8,3,pkg65,85.0,91.0,96,8.065044950046229,92,87,1.0,5,5
44,85,85.0,dn10,4,pkg68,92.0,98.0,103,8.065044950046229,96.0,92.0,1.0,5,4.0
44,89,89.0,dn4,2,pkg70,95.0,100.0,104,8.065044950046229,101,95,1.0,4,6
44,89,89.0,dn5,2,pkg69,95.0,100.0,111,8.065044950046229,121,105,0.5,11,16
44,95,95.0,dn8,3,pkg71,101.0,107.0,113,8.065044950046229,106.0,101.0,1.0,6,5.0
44,97,97.0,dn7,3,pkg72,102.0,110.0,117,8.065044950046229,113,105,1.0,7,8
44,97,97.0,dn9,3,pkg73,106.0,113.0,117,8.065044950046229,112.0,106.0,1.0,4,6.0
44,98,98.0,dn6,2,pkg74,104.0,111.0,121,8.065044950046229,122,110,0.7855682414064981,10,12
45,0,0.0,dn1,1,pkg1,5.0,14.0,22,8.065044950046229,24,12,1.0,8,12
45,0,0.0,dn2,1,pkg8,10.0,19.0,24,8.065044950046229,16.0,10.0,1.0,5,6.0
45,0,0.0,dn3,1,pkg19,8.0,18.0,24,8.065044950046229,13.0,8.0,1.0,6,5.0
45,0,0.0,dn4,2,pkg9,5.0,13.0,22,8.065044950046229,22,11,0.8942105026999628,9,11
45,0,0.0,dn5,2,pkg22,10.0,20.0,27,8.065044950046229,22,11,1.0,7,11
45,0,0.0,dn6,2,pkg21,5.0,12.0,22,8.065044950046229,20,10,0.6964162111435814,10,10
45,0,0.0,dn13,5,pkg12,6.0,11.0,21,8.065044950046229,16,8,0.6000193206335656,10,8
45,0,0.0,dn14,5,pkg17,6.0,15.0,25,8.065044950046229,18,9,0.9276480006968348,10,9
45,1,1.0,dn7,3,pkg16,7.0,13.0,16,8.065044950046229,9.0,7.0,1.0,3,2.0
45,1,1.0,dn8,3,pkg6,7.0,17.0,21,8.065044950046229,15,8,1.0,4,7
45,1,1.0,dn9,3,pkg10,8.0,18.0,24,8.065044950046229,12.0,8.0,1.0,6,4.0
45,1,1.0,dn10,4,pkg11,6.0,15.0,24,8.065044950046229,17,9,0.9554953287499572,9,8
45,1,1.0,dn11,4,pkg5,7.0,12.0,15,8.065044950046229,9.0,7.0,1.0,3,2.0
45,1,1.0,dn12,4,pkg7,9.0,15.0,21,8.065044950046229,14.0,9.0,1.0,6,5.0
45,1,1.0,dn15,5,pkg4,7.0,14.0,18,8.065044950046229,9.0,7.0,1.0,4,2.0
45,9,9.0,dn7,3,pkg3,8.0,18.0,25,8.065044950046229,15,12,0.7734130932254845,7,3
45,9,9.0,dn11,4,pkg13,9.0,16.0,22,8.065044950046229,15,12,0.6649100133406095,6,3
45,9,9.0,dn15,5,pkg15,7.0,16.0,20,8.065044950046229,17,13,1.0,4,4
45,12,12.0,dn9,3,pkg24,11.0,18.0,26,8.065044950046229,24,18,0.2578757643113509,8,6
45,13,13.0,dn3,1,pkg23,11.0,20.0,27,8.065044950046229,31,22,0.5,7,9
45,15,15.0,dn7,3,pkg25,17.0,27.0,31,8.065044950046229,19,17,1.0,4,2
45,15,15.0,dn8,3,pkg28,22.0,31.0,37,8.065044950046229,31,23,1.0,6,8
45,16,16.0,dn13,5,pkg27,20.0,26.0,30,8.065044950046229,21.0,20.0,1.0,4,1.0
45,16,16.0,dn2,1,pkg29,21.0,31.0,38,8.065044950046229,36,26,1.0,7,10
45,17,17.0,dn10,4,pkg30,25.0,30.0,40,8.065044950046229,35,26,0.7855682414064981,10,9
45,17,17.0,dn15,5,pkg18,8.0,18.0,26,8.065044950046229,23,20,0.0,8,3
45,19,19.0,dn7,3,pkg26,18.0,25.0,35,8.065044950046229,45,32,0.1361470187012343,10,13
45,20,20.0,dn11,4,pkg31,29.0,34.0,39,8.065044950046229,34.0,29.0,1.0,5,5.0
45,21,21.0,dn13,5,pkg32,26.0,32.0,39,8.065044950046229,43,32,0.9623380203040381,7,11
45,22,22.0,dn4,2,pkg33,27.0,32.0,42,8.065044950046229,46,34,0.5,10,12
45,23,23.0,dn12,4,pkg34,28.0,33.0,37,8.065044950046229,29.0,28.0,1.0,4,1.0
45,28,28.0,dn5,2,pkg36,35.0,45.0,49,8.065044950046229,40.0,35.0,1.0,4,5.0
45,28,28.0,dn9,3,pkg35,35.0,41.0,45,8.065044950046229,39.0,35.0,1.0,4,4.0
45,30,30.0,dn14,5,pkg37,34.0,43.0,48,8.065044950046229,37.0,34.0,1.0,5,3.0
45,30,30.0,dn1,1,pkg38,35.0,43.0,49,8.065044950046229,46,38,1.0,6,8
45,33,33.0,dn15,5,pkg39,40.0,48.0,53,8.065044950046229,46.0,40.0,1.0,5,6.0
45,33,33.0,dn3,1,pkg40,41.0,51.0,61,8.065044950046229,59,46,1.0,10,13
45,36,36.0,dn2,1,pkg41,43.0,48.0,51,8.065044950046229,47.0,43.0,1.0,3,4.0
45,39,39.0,dn10,4,pkg42,43.0,48.0,55,8.065044950046229,59,49,0.7734130932254845,7,10
45,39,39.0,dn6,2,pkg43,44.0,50.0,60,8.065044950046229,61,50,0.6000193206335656,10,11
45,42,42.0,dn11,4,pkg45,47.0,53.0,54,8.065044950046229,48.0,47.0,1.0,1,1.0
45,42,42.0,dn12,4,pkg44,48.0,57.0,59,8.065044950046229,50.0,48.0,1.0,2,2.0
45,46,46.0,dn1,1,pkg46,52.0,60.0,70,8.065044950046229,70,58,0.8638529812987656,10,12
45,49,49.0,dn2,1,pkg47,53.0,63.0,64,8.065044950046229,55.0,53.0,1.0,1,2.0
45,50,50.0,dn4,2,pkg48,56.0,61.0,68,8.065044950046229,70,60,0.9623380203040381,7,10
45,50,50.0,dn7,3,pkg49,58.0,66.0,70,8.065044950046229,61.0,58.0,1.0,4,3.0
45,51,51.0,dn13,5,pkg50,56.0,64.0,73,8.065044950046229,75,63,0.8942105026999628,9,12
45,59,59.0,dn3,1,pkg51,65.0,74.0,82,8.065044950046229,73,66,1.0,8,7
45,64,64.0,dn2,1,pkg52,73.0,81.0,86,8.065044950046229,80.0,73.0,1.0,5,7.0
45,67,67.0,dn10,4,pkg53,71.0,81.0,86,8.065044950046229,75,71,1.0,5,4
45,67,67.0,dn11,4,pkg54,77.0,84.0,91,8.065044950046229,84.0,77.0,1.0,7,7.0
45,68,68.0,dn5,2,pkg55,77.0,85.0,96,8.065044950046229,94,81,0.9508759758087104,11,13
45,69,69.0,dn7,3,pkg56,76.0,81.0,86,8.065044950046229,85,77,1.0,5,8
45,72,72.0,dn8,3,pkg57,77.0,86.0,94,8.065044950046229,100,86,1.0,8,14
45,73,73.0,dn1,1,pkg58,77.0,82.0,88,8.065044950046229,89,81,0.9276480006968348,6,8
45,75,75.0,dn13,5,pkg59,85.0,91.0,97,8.065044950046229,93.0,85.0,1.0,6,8.0
45,76,76.0,dn3,1,pkg60,84.0,93.0,102,8.065044950046229,89.0,84.0,1.0,9,5.0
45,79,79.0,dn4,2,pkg61,84.0,89.0,98,8.065044950046229,93,86,0.6109752255499895,9,7
45,81,81.0,dn9,3,pkg62,90.0,100.0,108,8.065044950046229,103,92,1.0,8,11
45,83,83.0,dn2,1,pkg63,92.0,102.0,108,8.065044950046229,99.0,92.0,1.0,6,7.0
45,84,84.0,dn11,4,pkg65,91.0,100.0,103,8.065044950046229,93.0,91.0,1.0,3,2.0
45,84,84.0,dn14,5,pkg64,89.0,97.0,104,8.065044950046229,96,90,1.0,7,6
45,86,86.0,dn15,5,pkg66,90.0,96.0,106,8.065044950046229,114,100,0.5,10,14
45,87,87.0,dn10,4,pkg67,92.0,102.0,108,8.065044950046229,95.0,92.0,1.0,6,3.0
45,87,87.0,dn6,2,pkg68,96.0,105.0,111,8.065044950046229,98.0,96.0,1.0,6,2.0
45,91,91.0,dn1,1,pkg69,99.0,109.0,115,8.065044950046229,104.0,99.0,1.0,6,5.0
45,95,95.0,dn7,3,pkg70,104.0,111.0,116,8.065044950046229,110.0,104.0,1.0,5,6.0
45,95,95.0,dn13,5,pkg71,104.0,113.0,119,8.065044950046229,109.0,104.0,1.0,6,5.0
45,98,98.0,dn3,1,pkg72,107.0,112.0,118,8.065044950046229,112.0,107.0,1.0,6,5.0
46,0,0.0,dn2,1,pkg15,5.0,12.0,21,8.065044950046229,20,10,0.8130495168499705,9,10
46,0,0.0,dn3,1,pkg16,5.0,11.0,21,8.065044950046229,24,12,0.6000193206335656,10,12
46,0,0.0,dn7,3,pkg6,5.0,11.0,22,8.065044950046229,14,7,0.5,11,7
46,0,0.0,dn8,3,pkg19,10.0,18.0,22,8.065044950046229,12.0,10.0,1.0,4,2.0
46,0,0.0,dn1,1,pkg22,6.0,12.0,17,8.065044950046229,10.0,6.0,1.0,5,4.0
46,0,0.0,dn9,3,pkg10,7.0,13.0,16,8.065044950046229,10.0,7.0,1.0,3,3.0
46,1,1.0,dn4,2,pkg2,8.0,16.0,26,8.065044950046229,29,15,0.9276480006968348,10,14
46,1,1.0,dn6,2,pkg4,9.0,19.0,30,8.065044950046229,31,16,0.9847445937098342,11,15
46,1,1.0,dn10,4,pkg11,7.0,16.0,19,8.065044950046229,10.0,7.0,1.0,3,3.0
46,1,1.0,dn11,4,pkg23,7.0,17.0,24,8.065044950046229,23,12,1.0,7,11
46,1,1.0,dn12,4,pkg1,7.0,16.0,26,8.065044950046229,23,12,0.9276480006968348,10,11
46,1,1.0,dn13,5,pkg9,6.0,16.0,20,8.065044950046229,9.0,6.0,1.0,4,3.0
46,1,1.0,dn14,5,pkg12,6.0,15.0,25,8.065044950046229,25,13,0.8638529812987656,10,12
46,1,1.0,dn15,5,pkg21,7.0,12.0,15,8.065044950046229,10.0,7.0,1.0,3,3.0
46,1,1.0,dn5,2,pkg14,5.0,12.0,23,8.065044950046229,19,10,0.5,11,9
46,9,9.0,dn13,5,pkg27,16.0,24.0,31,8.065044950046229,29,19,1.0,7,10
46,10,10.0,dn1,1,pkg25,11.0,18.0,22,8.065044950046229,20,15,1.0,4,5
46,10,10.0,dn9,3,pkg26,13.0,19.0,26,8.065044950046229,26,18,0.7734130932254845,7,8
46,10,10.0,dn15,5,pkg5,8.0,16.0,23,8.065044950046229,20,15,0.35801294300307457,7,5
46,10,10.0,dn10,4,pkg24,12.0,21.0,25,8.065044950046229,22,16,1.0,4,6
46,12,12.0,dn8,3,pkg20,8.0,14.0,22,8.065044950046229,30,21,0.0,8,9
46,14,14.0,dn7,3,pkg7,9.0,16.0,24,8.065044950046229,28,21,0.0,8,7
46,19,19.0,dn5,2,pkg28,19.0,28.0,31,8.065044950046229,23,21,1.0,3,2
46,20,20.0,dn2,1,pkg31,27.0,32.0,38,8.065044950046229,33.0,27.0,1.0,6,6.0
46,20,20.0,dn15,5,pkg30,24.0,30.0,37,8.065044950046229,27.0,24.0,0.8837170879173109,7,3.0
46,24,24.0,dn3,1,pkg33,33.0,43.0,44,8.065044950046229,34.0,33.0,1.0,1,1.0
46,25,25.0,dn14,5,pkg32,30.0,36.0,47,8.065044950046229,43,34,0.5,11,9
46,27,27.0,dn1,1,pkg34,33.0,42.0,50,8.065044950046229,38.0,33.0,1.0,8,5.0
46,29,29.0,dn4,2,pkg35,37.0,47.0,53,8.065044950046229,44.0,37.0,1.0,6,7.0
46,30,30.0,dn10,4,pkg36,39.0,46.0,49,8.065044950046229,41.0,39.0,1.0,3,2.0
46,32,32.0,dn13,5,pkg37,36.0,41.0,43,8.065044950046229,38.0,36.0,1.0,2,2.0
46,33,33.0,dn11,4,pkg38,40.0,45.0,50,8.065044950046229,47,40,1.0,5,7
46,35,35.0,dn5,2,pkg39,41.0,47.0,49,8.065044950046229,43.0,41.0,1.0,2,2.0
46,39,39.0,dn8,3,pkg40,48.0,53.0,57,8.065044950046229,51.0,48.0,1.0,4,3.0
46,39,39.0,dn13,5,pkg41,44.0,50.0,53,8.065044950046229,46.0,44.0,1.0,3,2.0
46,43,43.0,dn14,5,pkg42,51.0,58.0,69,8.065044950046229,67,55,0.8368717887665349,11,12
46,44,44.0,dn1,1,pkg43,54.0,61.0,70,8.065044950046229,60.0,54.0,1.0,9,6.0
46,46,46.0,dn4,2,pkg44,50.0,55.0,60,8.065044950046229,54,50,1.0,5,4
46,47,47.0,dn7,3,pkg45,55.0,63.0,70,8.065044950046229,62.0,55.0,1.0,7,7.0
46,47,47.0,dn15,5,pkg46,55.0,60.0,71,8.065044950046229,79,63,0.6793222358514858,11,16
46,50,50.0,dn2,1,pkg47,56.0,63.0,64,8.065044950046229,57.0,56.0,1.0,1,1.0
46,50,50.0,dn3,1,pkg48,59.0,67.0,77,8.065044950046229,67.0,59.0,0.9972791575161781,10,8.0
46,58,58.0,dn4,2,pkg49,64.0,73.0,77,8.065044950046229,66.0,64.0,1.0,4,2.0
46,58,58.0,dn5,2,pkg50,66.0,74.0,85,8.065044950046229,76,67,0.9006778457052591,11,9
46,60,60.0,dn2,1,pkg51,65.0,72.0,76,8.065044950046229,70,65,1.0,4,5
46,61,61.0,dn1,1,pkg52,68.0,77.0,82,8.065044950046229,72.0,68.0,1.0,5,4.0
46,62,62.0,dn6,2,pkg53,67.0,75.0,77,8.065044950046229,69.0,67.0,1.0,2,2.0
46,65,65.0,dn10,4,pkg55,70.0,79.0,83,8.065044950046229,72.0,70.0,1.0,4,2.0
46,65,65.0,dn11,4,pkg54,73.0,80.0,89,8.065044950046229,93,79,0.9919349550499538,9,14
46,67,67.0,dn7,3,pkg56,72.0,82.0,89,8.065044950046229,89,78,1.0,7,11
46,67,67.0,dn4,2,pkg57,74.0,79.0,83,8.065044950046229,75.0,74.0,1.0,4,1.0
46,72,72.0,dn6,2,pkg58,77.0,85.0,92,8.065044950046229,81.0,77.0,1.0,7,4.0
46,72,72.0,dn9,3,pkg59,82.0,87.0,90,8.065044950046229,86.0,82.0,1.0,3,4.0
46,75,75.0,dn4,2,pkg60,82.0,87.0,93,8.065044950046229,85.0,82.0,1.0,6,3.0
46,76,76.0,dn1,1,pkg61,85.0,94.0,101,8.065044950046229,92.0,85.0,1.0,7,7.0
46,78,78.0,dn2,1,pkg62,85.0,93.0,101,8.065044950046229,92,85,1.0,8,7
46,78,78.0,dn8,3,pkg63,83.0,89.0,92,8.065044950046229,87.0,83.0,1.0,3,4.0
46,81,81.0,dn5,2,pkg65,87.0,95.0,103,8.065044950046229,95,88,1.0,8,7
46,81,81.0,dn13,5,pkg66,90.0,99.0,106,8.065044950046229,98.0,90.0,1.0,7,8.0
46,84,84.0,dn10,4,pkg67,93.0,100.0,104,8.065044950046229,99.0,93.0,1.0,4,6.0
46,87,87.0,dn3,1,pkg68,94.0,103.0,110,8.065044950046229,99.0,94.0,1.0,7,5.0
46,87,87.0,dn4,2,pkg69,92.0,99.0,101,8.065044950046229,93.0,92.0,1.0,2,1.0
46,87,87.0,dn9,3,pkg64,84.0,91.0,97,8.065044950046229,99,93,0.18695048315002943,6,6
46,91,91.0,dn7,3,pkg70,99.0,105.0,112,8.065044950046229,103.0,99.0,1.0,7,4.0
46,93,93.0,dn6,2,pkg71,102.0,110.0,113,8.065044950046229,107.0,102.0,1.0,3,5.0
46,94,94.0,dn4,2,pkg72,102.0,112.0,118,8.065044950046229,109.0,102.0,1.0,6,7.0
46,95,95.0,dn11,4,pkg73,100.0,110.0,117,8.065044950046229,109,102,1.0,7,7
46,98,98.0,dn1,1,pkg74,105.0,113.0,117,8.065044950046229,111.0,105.0,1.0,4,6.0
46,99,99.0,dn9,3,pkg75,104.0,111.0,120,8.065044950046229,119,109,0.8130495168499705,9,10
47,0,0.0,dn1,1,pkg10,5.0,15.0,19,8.065044950046229,8.0,5.0,1.0,4,3.0
47,0,0.0,dn10,4,pkg16,5.0,11.0,17,8.065044950046229,16,8,1.0,6,8
47,0,0.0,dn11,4,pkg4,5.0,10.0,18,8.065044950046229,20,10,0.742124235688649,8,10
47,0,0.0,dn12,4,pkg21,6.0,14.0,19,8.065044950046229,11.0,6.0,1.0,5,5.0
47,0,0.0,dn13,5,pkg17,5.0,13.0,23,8.065044950046229,18,9,0.7855682414064981,10,9
47,0,0.0,dn15,5,pkg6,6.0,15.0,20,8.065044950046229,12,6,1.0,5,6
47,0,0.0,dn14,5,pkg12,6.0,15.0,21,8.065044950046229,8.0,6.0,1.0,6,2.0
47,1,1.0,dn2,1,pkg19,6.0,11.0,16,8.065044950046229,15,8,1.0,5,7
47,1,1.0,dn5,2,pkg23,7.0,15.0,19,8.065044950046229,12.0,7.0,1.0,4,5.0
47,1,1.0,dn6,2,pkg3,7.0,17.0,26,8.065044950046229,25,13,1.0,9,12
47,1,1.0,dn7,3,pkg2,7.0,16.0,22,8.065044950046229,17,9,1.0,6,8
47,1,1.0,dn8,3,pkg1,6.0,14.0,22,8.065044950046229,23,12,0.981497059608109,8,11
47,1,1.0,dn9,3,pkg13,7.0,12.0,19,8.065044950046229,15,8,0.9623380203040381,7,7
47,1,1.0,dn3,1,pkg9,9.0,18.0,24,8.065044950046229,12.0,9.0,1.0,6,3.0
47,1,1.0,dn4,2,pkg20,7.0,17.0,28,8.065044950046229,11.0,7.0,0.9006778457052591,11,4.0
47,8,8.0,dn1,1,pkg18,7.0,13.0,21,8.065044950046229,18,13,0.15450129355467118,8,5
47,8,8.0,dn14,5,pkg15,10.0,17.0,21,8.065044950046229,16,12,1.0,4,4
47,11,11.0,dn4,2,pkg11,8.0,14.0,23,8.065044950046229,23,17,0.00806504495004623,9,6
47,11,11.0,dn12,4,pkg5,10.0,18.0,22,8.065044950046229,23,17,1.0,4,6
47,12,12.0,dn5,2,pkg22,8.0,14.0,24,8.065044950046229,34,23,0.0,10,11
47,12,12.0,dn15,5,pkg27,15.0,24.0,32,8.065044950046229,26,19,0.9276480006968348,8,7
47,12,12.0,dn3,1,pkg26,13.0,18.0,22,8.065044950046229,24,18,0.9276480006968348,4,6
47,15,15.0,dn2,1,pkg7,10.0,16.0,21,8.065044950046229,23,19,0.0,5,4
47,15,15.0,dn9,3,pkg30,24.0,32.0,39,8.065044950046229,30.0,24.0,1.0,7,6.0
47,16,16.0,dn10,4,pkg29,23.0,32.0,40,8.065044950046229,36,26,1.0,8,10
47,16,16.0,dn14,5,pkg31,26.0,31.0,39,8.065044950046229,36,26,1.0,8,10
47,17,17.0,dn7,3,pkg32,24.0,30.0,37,8.065044950046229,31,24,1.0,7,7
47,18,18.0,dn1,1,pkg28,12.0,21.0,32,8.065044950046229,30,24,0.00043788595842408906,11,6
47,20,20.0,dn11,4,pkg34,28.0,33.0,44,8.065044950046229,48,34,0.6793222358514858,11,14
47,21,21.0,dn13,5,pkg35,26.0,32.0,36,8.065044950046229,30.0,26.0,1.0,4,4.0
47,23,23.0,dn8,3,pkg33,27.0,34.0,40,8.065044950046229,31,27,1.0,6,4
47,24,24.0,dn3,1,pkg36,31.0,39.0,45,8.065044950046229,37.0,31.0,1.0,6,6.0
47,25,25.0,dn2,1,pkg37,31.0,36.0,46,8.065044950046229,39,32,0.6000193206335656,10,7
47,32,32.0,dn4,2,pkg39,42.0,50.0,56,8.065044950046229,47.0,42.0,1.0,6,5.0
47,32,32.0,dn12,4,pkg38,37.0,42.0,45,8.065044950046229,41.0,37.0,1.0,3,4.0
47,33,33.0,dn7,3,pkg40,41.0,47.0,55,8.065044950046229,53,43,1.0,8,10
47,34,34.0,dn5,2,pkg41,39.0,45.0,52,8.065044950046229,52,43,0.9623380203040381,7,9
47,36,36.0,dn6,2,pkg42,42.0,48.0,53,8.065044950046229,47.0,42.0,1.0,5,5.0
47,37,37.0,dn3,1,pkg43,46.0,52.0,60,8.065044950046229,57,47,1.0,8,10
47,44,44.0,dn8,3,pkg44,52.0,60.0,66,8.065044950046229,60,52,1.0,6,8
47,45,45.0,dn10,4,pkg45,54.0,60.0,65,8.065044950046229,57.0,54.0,1.0,5,3.0
47,52,52.0,dn9,3,pkg46,61.0,66.0,69,8.065044950046229,65.0,61.0,1.0,3,4.0
47,55,55.0,dn1,1,pkg47,62.0,72.0,77,8.065044950046229,64.0,62.0,1.0,5,2.0
47,57,57.0,dn3,1,pkg48,66.0,71.0,76,8.065044950046229,73.0,66.0,1.0,5,7.0
47,58,58.0,dn2,1,pkg49,63.0,71.0,78,8.065044950046229,66.0,63.0,1.0,7,3.0
47,60,60.0,dn7,3,pkg50,66.0,72.0,79,8.065044950046229,69.0,66.0,0.9987148696173,7,3.0
47,65,65.0,dn1,1,pkg52,72.0,79.0,85,8.065044950046229,75.0,72.0,1.0,6,3.0
47,65,65.0,dn4,2,pkg51,73.0,82.0,91,8.065044950046229,80.0,73.0,1.0,9,7.0
47,68,68.0,dn5,2,pkg54,74.0,81.0,86,8.065044950046229,82,75,1.0,5,7
47,68,68.0,dn6,2,pkg53,77.0,85.0,91,8.065044950046229,82.0,77.0,1.0,6,5.0
47,72,72.0,dn10,4,pkg55,79.0,86.0,89,8.065044950046229,83.0,79.0,1.0,3,4.0
47,72,72.0,dn2,1,pkg56,81.0,88.0,98,8.065044950046229,100,86,0.9733308694771554,10,14
47,75,75.0,dn3,1,pkg57,81.0,86.0,91,8.065044950046229,85.0,81.0,1.0,5,4.0
47,78,78.0,dn1,1,pkg59,84.0,92.0,98,8.065044950046229,87.0,84.0,1.0,6,3.0
47,79,79.0,dn7,3,pkg60,85.0,91.0,94,8.065044950046229,89.0,85.0,1.0,3,4.0
47,81,81.0,dn4,2,pkg58,80.0,86.0,89,8.065044950046229,87,84,0.9919349550499538,3,3
47,82,82.0,dn11,4,pkg61,88.0,93.0,103,8.065044950046229,106,94,0.6000193206335656,10,12
47,82,82.0,dn12,4,pkg62,89.0,95.0,106,8.065044950046229,104,93,0.6793222358514858,11,11
47,87,87.0,dn1,1,pkg63,94.0,101.0,112,8.065044950046229,119,103,0.7621793903595921,11,16
47,88,88.0,dn8,3,pkg64,97.0,104.0,105,8.065044950046229,98.0,97.0,1.0,1,1.0
47,91,91.0,dn10,4,pkg65,96.0,101.0,104,8.065044950046229,98.0,96.0,1.0,3,2.0
47,92,92.0,dn13,5,pkg66,100.0,110.0,114,8.065044950046229,105.0,100.0,1.0,4,5.0
47,92,92.0,dn3,1,pkg67,101.0,111.0,117,8.065044950046229,106.0,101.0,1.0,6,5.0
47,94,94.0,dn7,3,pkg68,103.0,109.0,111,8.065044950046229,105.0,103.0,1.0,2,2.0
47,96,96.0,dn14,5,pkg69,101.0,107.0,110,8.065044950046229,106,101,1.0,3,5
47,97,97.0,dn4,2,pkg70,106.0,112.0,119,8.065044950046229,109.0,106.0,1.0,7,3.0
47,97,97.0,dn5,2,pkg71,106.0,116.0,120,8.065044950046229,111.0,106.0,1.0,4,5.0
48,1,1.0,dn1,1,pkg6,5.0,11.0,15,8.065044950046229,7.0,5.0,1.0,4,2.0
48,1,1.0,dn3,1,pkg17,6.0,13.0,15,8.065044950046229,8.0,6.0,1.0,2,2.0
48,1,1.0,dn4,2,pkg12,5.0,13.0,17,8.065044950046229,6.0,5.0,1.0,4,1.0
48,1,1.0,dn5,2,pkg9,9.0,15.0,18,8.065044950046229,11.0,9.0,1.0,3,2.0
48,1,1.0,dn6,2,pkg1,5.0,10.0,18,8.065044950046229,21,11,0.6245996472618536,8,10
48,1,1.0,dn7,3,pkg16,5.0,10.0,13,8.065044950046229,9,5,1.0,3,4
48,1,1.0,dn8,3,pkg3,9.0,15.0,22,8.065044950046229,15.0,9.0,1.0,7,6.0
48,1,1.0,dn9,3,pkg19,6.0,15.0,23,8.065044950046229,15,8,1.0,8,7
48,1,1.0,dn12,4,pkg15,10.0,20.0,26,8.065044950046229,17.0,10.0,1.0,6,7.0
48,1,1.0,dn13,5,pkg21,5.0,11.0,14,8.065044950046229,8.0,5.0,1.0,3,3.0
48,1,1.0,dn2,1,pkg11,7.0,12.0,16,8.065044950046229,9.0,7.0,1.0,4,2.0
48,1,1.0,dn10,4,pkg14,7.0,17.0,27,8.065044950046229,25,13,0.9733308694771554,10,12
48,1,1.0,dn15,5,pkg8,8.0,17.0,21,8.065044950046229,10.0,8.0,1.0,4,2.0
48,1,1.0,dn11,4,pkg2,8.0,18.0,23,8.065044950046229,15,8,1.0,5,7
48,1,1.0,dn14,5,pkg4,8.0,14.0,17,8.065044950046229,11.0,8.0,1.0,3,3.0
48,6,6.0,dn4,2,pkg13,9.0,18.0,27,8.065044950046229,24,15,0.8130495168499705,9,9
48,7,7.0,dn1,1,pkg18,9.0,18.0,23,8.065044950046229,17,12,1.0,5,5
48,8,8.0,dn3,1,pkg7,10.0,15.0,19,8.065044950046229,18,13,1.0,4,5
48,8,8.0,dn13,5,pkg24,15.0,21.0,28,8.065044950046229,30,19,1.0,7,11
48,9,9.0,dn2,1,pkg26,17.0,26.0,30,8.065044950046229,23.0,17.0,1.0,4,6.0
48,9,9.0,dn7,3,pkg10,8.0,14.0,15,8.065044950046229,11,10,1.0,1,1
48,10,10.0,dn15,5,pkg27,17.0,24.0,35,8.065044950046229,28,19,0.7621793903595921,11,9
48,11,11.0,dn5,2,pkg20,10.0,15.0,22,8.065044950046229,31,21,0.11628291208268915,7,10
48,11,11.0,dn7,3,pkg22,8.0,16.0,18,8.065044950046229,15,13,1.0,2,2
48,15,15.0,dn7,3,pkg25,16.0,22.0,31,8.065044950046229,35,25,0.2830185888500204,9,10
48,15,15.0,dn8,3,pkg5,10.0,19.0,29,8.065044950046229,23,19,0.02666913052284453,10,4
48,15,15.0,dn9,3,pkg23,11.0,17.0,26,8.065044950046229,29,22,0.0,9,7
48,15,15.0,dn11,4,pkg28,21.0,31.0,34,8.065044950046229,24.0,21.0,1.0,3,3.0
48,17,17.0,dn12,4,pkg29,23.0,30.0,33,8.065044950046229,25.0,23.0,1.0,3,2.0
48,20,20.0,dn1,1,pkg32,27.0,37.0,39,8.065044950046229,29.0,27.0,1.0,2,2.0
48,21,21.0,dn6,2,pkg31,23.0,31.0,37,8.065044950046229,35,28,0.9919349550499538,6,7
48,23,23.0,dn8,3,pkg34,31.0,41.0,48,8.065044950046229,38.0,31.0,1.0,7,7.0
48,23,23.0,dn14,5,pkg33,27.0,34.0,37,8.065044950046229,29.0,27.0,1.0,3,2.0
48,24,24.0,dn4,2,pkg30,24.0,33.0,37,8.065044950046229,28,26,1.0,4,2
48,28,28.0,dn4,2,pkg36,33.0,41.0,52,8.065044950046229,54,41,0.6793222358514858,11,13
48,28,28.0,dn15,5,pkg37,33.0,42.0,53,8.065044950046229,42,35,0.7621793903595921,11,7
48,29,29.0,dn9,3,pkg35,34.0,39.0,43,8.065044950046229,36.0,34.0,1.0,4,2.0
48,31,31.0,dn5,2,pkg38,38.0,45.0,54,8.065044950046229,43.0,38.0,0.9554953287499572,9,5.0
48,33,33.0,dn1,1,pkg39,38.0,47.0,52,8.065044950046229,42.0,38.0,1.0,5,4.0
48,35,35.0,dn6,2,pkg41,42.0,52.0,62,8.065044950046229,65,50,0.9972791575161781,10,15
48,35,35.0,dn7,3,pkg40,38.0,44.0,50,8.065044950046229,53,44,0.9276480006968348,6,9
48,40,40.0,dn10,4,pkg43,49.0,59.0,69,8.065044950046229,68,54,1.0,10,14
48,41,41.0,dn2,1,pkg44,47.0,57.0,66,8.065044950046229,61,51,1.0,9,10
48,42,42.0,dn15,5,pkg45,48.0,57.0,60,8.065044950046229,52.0,48.0,1.0,3,4.0
48,43,43.0,dn5,2,pkg42,47.0,54.0,62,8.065044950046229,50.0,47.0,0.8454987064453288,8,3.0
48,44,44.0,dn11,4,pkg46,52.0,58.0,61,8.065044950046229,55.0,52.0,1.0,3,3.0
48,47,47.0,dn1,1,pkg48,53.0,60.0,67,8.065044950046229,65,56,1.0,7,9
48,47,47.0,dn3,1,pkg47,53.0,61.0,69,8.065044950046229,69,58,1.0,8,11
48,52,52.0,dn13,5,pkg49,61.0,71.0,80,8.065044950046229,68.0,61.0,1.0,9,7.0
48,53,53.0,dn5,2,pkg50,60.0,69.0,75,8.065044950046229,73,63,1.0,6,10
48,55,55.0,dn12,4,pkg51,60.0,68.0,79,8.065044950046229,85,70,0.6793222358514858,11,15
48,55,55.0,dn15,5,pkg52,64.0,70.0,79,8.065044950046229,68.0,64.0,0.9919349550499538,9,4.0
48,56,56.0,dn11,4,pkg53,65.0,74.0,82,8.065044950046229,74,65,1.0,8,9
48,63,63.0,dn7,3,pkg55,68.0,75.0,83,8.065044950046229,83,73,0.9276480006968348,8,10
48,63,63.0,dn8,3,pkg54,69.0,79.0,87,8.065044950046229,74.0,69.0,1.0,8,5.0
48,67,67.0,dn9,3,pkg56,76.0,84.0,90,8.065044950046229,80.0,76.0,1.0,6,4.0
48,70,70.0,dn1,1,pkg57,79.0,87.0,91,8.065044950046229,83.0,79.0,1.0,4,4.0
48,73,73.0,dn2,1,pkg58,78.0,88.0,96,8.065044950046229,91,82,1.0,8,9
48,73,73.0,dn3,1,pkg59,80.0,86.0,88,8.065044950046229,82.0,80.0,1.0,2,2.0
48,75,75.0,dn8,3,pkg60,83.0,91.0,101,8.065044950046229,89.0,83.0,0.9733308694771554,10,6.0
48,76,76.0,dn13,5,pkg61,82.0,89.0,96,8.065044950046229,85.0,82.0,1.0,7,3.0
48,81,81.0,dn9,3,pkg62,85.0,90.0,93,8.065044950046229,88.0,85.0,1.0,3,3.0
48,82,82.0,dn10,4,pkg63,88.0,94.0,97,8.065044950046229,92.0,88.0,1.0,3,4.0
48,83,83.0,dn3,1,pkg64,90.0,99.0,104,8.065044950046229,97,90,1.0,5,7
48,86,86.0,dn4,2,pkg65,93.0,102.0,109,8.065044950046229,100,93,1.0,7,7
48,88,88.0,dn1,1,pkg66,97.0,105.0,111,8.065044950046229,104.0,97.0,1.0,6,7.0
48,89,89.0,dn5,2,pkg67,94.0,103.0,111,8.065044950046229,111,100,1.0,8,11
48,92,92.0,dn7,3,pkg68,99.0,105.0,106,8.065044950046229,100.0,99.0,1.0,1,1.0
48,95,95.0,dn8,3,pkg69,103.0,113.0,115,8.065044950046229,106.0,103.0,1.0,2,3.0
49,0,0.0,dn4,2,pkg1,10.0,18.0,23,8.065044950046229,13.0,10.0,1.0,5,3.0
49,0,0.0,dn5,2,pkg2,10.0,20.0,25,8.065044950046229,17.0,10.0,1.0,5,7.0
49,0,0.0,dn6,2,pkg10,5.0,13.0,21,8.065044950046229,10,5,0.981497059608109,8,5
49,0,0.0,dn7,3,pkg14,5.0,12.0,15,8.065044950046229,10,5,1.0,3,5
49,0,0.0,dn8,3,pkg21,5.0,13.0,20,8.065044950046229,14,7,1.0,7,7
49,0,0.0,dn9,3,pkg13,5.0,14.0,22,8.065044950046229,12,6,1.0,8,6
49,0,0.0,dn10,4,pkg17,5.0,15.0,23,8.065044950046229,9.0,5.0,1.0,8,4.0
49,0,0.0,dn11,4,pkg12,6.0,13.0,17,8.065044950046229,9.0,6.0,1.0,4,3.0
49,0,0.0,dn12,4,pkg19,6.0,12.0,17,8.065044950046229,14,7,1.0,5,7
49,1,1.0,dn1,1,pkg6,6.0,14.0,22,8.065044950046229,17,9,0.981497059608109,8,8
49,1,1.0,dn2,1,pkg22,10.0,17.0,20,8.065044950046229,13.0,10.0,1.0,3,3.0
49,1,1.0,dn13,5,pkg20,7.0,12.0,17,8.065044950046229,9.0,7.0,1.0,5,2.0
49,1,1.0,dn14,5,pkg9,7.0,17.0,18,8.065044950046229,9.0,7.0,1.0,1,2.0
49,1,1.0,dn15,5,pkg11,10.0,15.0,20,8.065044950046229,17.0,10.0,1.0,5,7.0
49,1,1.0,dn3,1,pkg18,7.0,17.0,24,8.065044950046229,17,9,1.0,7,8
49,9,9.0,dn10,4,pkg8,9.0,19.0,24,8.065044950046229,23,16,1.0,5,7
49,9,9.0,dn11,4,pkg23,9.0,15.0,24,8.065044950046229,27,18,0.18695048315002943,9,9
49,9,9.0,dn13,5,pkg25,14.0,24.0,31,8.065044950046229,18.0,14.0,1.0,7,4.0
49,9,9.0,dn14,5,pkg4,9.0,15.0,22,8.065044950046229,21,15,0.35801294300307457,7,6
49,10,10.0,dn6,2,pkg7,8.0,14.0,17,8.065044950046229,18,14,0.8130495168499705,3,4
49,10,10.0,dn7,3,pkg16,7.0,12.0,13,8.065044950046229,12,11,1.0,1,1
49,12,12.0,dn7,3,pkg3,8.0,13.0,23,8.065044950046229,36,24,0.0,10,12
49,13,13.0,dn2,1,pkg26,19.0,24.0,30,8.065044950046229,31,22,1.0,6,9
49,13,13.0,dn4,2,pkg15,9.0,15.0,22,8.065044950046229,31,22,0.001285130382700006,7,9
49,14,14.0,dn8,3,pkg27,19.0,29.0,31,8.065044950046229,21.0,19.0,1.0,2,2.0
49,14,14.0,dn12,4,pkg5,10.0,15.0,17,8.065044950046229,18,16,0.07235199930316516,2,2
49,17,17.0,dn1,1,pkg28,24.0,31.0,36,8.065044950046229,28.0,24.0,1.0,5,4.0
49,17,17.0,dn3,1,pkg24,15.0,20.0,26,8.065044950046229,25,21,0.07235199930316516,6,4
49,17,17.0,dn5,2,pkg29,23.0,32.0,35,8.065044950046229,26.0,23.0,1.0,3,3.0
49,24,24.0,dn6,2,pkg30,31.0,40.0,45,8.065044950046229,38,31,1.0,5,7
49,25,25.0,dn10,4,pkg31,30.0,37.0,41,8.065044950046229,37,31,1.0,4,6
49,26,26.0,dn8,3,pkg32,35.0,45.0,48,8.065044950046229,38.0,35.0,1.0,3,3.0
49,30,30.0,dn5,2,pkg33,35.0,44.0,54,8.065044950046229,54,42,0.8638529812987656,10,12
49,30,30.0,dn9,3,pkg34,36.0,43.0,50,8.065044950046229,42,36,1.0,7,6
49,31,31.0,dn2,1,pkg35,40.0,48.0,57,8.065044950046229,49,40,1.0,9,9
49,32,32.0,dn1,1,pkg36,39.0,49.0,56,8.065044950046229,43.0,39.0,1.0,7,4.0
49,36,36.0,dn13,5,pkg37,43.0,49.0,51,8.065044950046229,45.0,43.0,1.0,2,2.0
49,38,38.0,dn3,1,pkg38,43.0,52.0,55,8.065044950046229,47.0,43.0,1.0,3,4.0
49,41,41.0,dn4,2,pkg39,47.0,54.0,57,8.065044950046229,50.0,47.0,1.0,3,3.0
49,43,43.0,dn6,2,pkg40,49.0,54.0,60,8.065044950046229,59,51,1.0,6,8
49,44,44.0,dn7,3,pkg41,51.0,58.0,66,8.065044950046229,56.0,51.0,1.0,8,5.0
49,49,49.0,dn1,1,pkg42,56.0,61.0,64,8.065044950046229,61.0,56.0,1.0,3,5.0
49,51,51.0,dn8,3,pkg43,60.0,65.0,67,8.065044950046229,62.0,60.0,1.0,2,2.0
49,53,53.0,dn4,2,pkg44,62.0,68.0,75,8.065044950046229,67.0,62.0,1.0,7,5.0
49,54,54.0,dn2,1,pkg45,58.0,66.0,71,8.065044950046229,68,61,1.0,5,7
49,54,54.0,dn11,4,pkg46,60.0,66.0,73,8.065044950046229,65.0,60.0,0.9987148696173,7,5.0
49,56,56.0,dn3,1,pkg47,65.0,74.0,81,8.065044950046229,80,68,1.0,7,12
49,60,60.0,dn13,5,pkg48,67.0,74.0,79,8.065044950046229,74,67,1.0,5,7
49,61,61.0,dn6,2,pkg50,68.0,74.0,82,8.065044950046229,85,73,0.981497059608109,8,12
49,61,61.0,dn10,4,pkg49,66.0,73.0,76,8.065044950046229,67.0,66.0,1.0,3,1.0
49,62,62.0,dn7,3,pkg51,72.0,80.0,88,8.065044950046229,81.0,72.0,1.0,8,9.0
49,65,65.0,dn5,2,pkg52,71.0,81.0,85,8.065044950046229,74.0,71.0,1.0,4,3.0
49,67,67.0,dn4,2,pkg53,77.0,87.0,94,8.065044950046229,81.0,77.0,1.0,7,4.0
49,69,69.0,dn1,1,pkg55,76.0,86.0,90,8.065044950046229,78.0,76.0,1.0,4,2.0
49,69,69.0,dn2,1,pkg54,78.0,85.0,93,8.065044950046229,93,81,1.0,8,12
49,70,70.0,dn10,4,pkg56,75.0,84.0,95,8.065044950046229,94,82,0.7621793903595921,11,12
49,74,74.0,dn8,3,pkg57,82.0,91.0,99,8.065044950046229,92,83,1.0,8,9
49,77,77.0,dn13,5,pkg58,85.0,90.0,96,8.065044950046229,95,86,1.0,6,9
49,77,77.0,dn14,5,pkg59,86.0,96.0,102,8.065044950046229,95,86,1.0,6,9
49,78,78.0,dn1,1,pkg60,84.0,92.0,100,8.065044950046229,92,85,1.0,8,7
49,83,83.0,dn3,1,pkg61,87.0,92.0,97,8.065044950046229,93,88,1.0,5,5
49,87,87.0,dn11,4,pkg62,94.0,104.0,106,8.065044950046229,96.0,94.0,1.0,2,2.0
49,89,89.0,dn7,3,pkg63,93.0,99.0,104,8.065044950046229,101,95,1.0,5,6
49,91,91.0,dn9,3,pkg64,99.0,106.0,109,8.065044950046229,103.0,99.0,1.0,3,4.0
49,92,92.0,dn1,1,pkg65,102.0,109.0,118,8.065044950046229,112,102,1.0,9,10
49,98,98.0,dn4,2,pkg66,103.0,113.0,117,8.065044950046229,106.0,103.0,1.0,4,3.0
50,0,0.0,dn1,1,pkg2,9.0,15.0,21,8.065044950046229,16.0,9.0,1.0,6,7.0
50,0,0.0,dn3,1,pkg6,6.0,14.0,22,8.065044950046229,14,7,1.0,8,7
50,0,0.0,dn10,4,pkg19,5.0,11.0,18,8.065044950046229,16,8,0.9623380203040381,7,8
50,0,0.0,dn11,4,pkg5,5.0,13.0,19,8.065044950046229,10,5,1.0,6,5
50,0,0.0,dn13,5,pkg4,5.0,13.0,18,8.065044950046229,14,7,1.0,5,7
50,0,0.0,dn14,5,pkg1,5.0,10.0,20,8.065044950046229,10,5,0.5,10,5
50,0,0.0,dn15,5,pkg12,5.0,13.0,23,8.065044950046229,24,12,0.7855682414064981,10,12
50,0,0.0,dn2,1,pkg20,7.0,12.0,17,8.065044950046229,13.0,7.0,1.0,5,6.0
50,1,1.0,dn4,2,pkg21,7.0,14.0,20,8.065044950046229,10.0,7.0,1.0,6,3.0
50,1,1.0,dn6,2,pkg18,7.0,17.0,27,8.065044950046229,21,11,0.9733308694771554,10,10
50,1,1.0,dn7,3,pkg14,5.0,11.0,18,8.065044950046229,9,5,0.8837170879173109,7,4
50,1,1.0,dn8,3,pkg3,7.0,12.0,15,8.065044950046229,11.0,7.0,1.0,3,4.0
50,1,1.0,dn12,4,pkg11,7.0,14.0,18,8.065044950046229,12.0,7.0,1.0,4,5.0
50,1,1.0,dn9,3,pkg8,9.0,14.0,16,8.065044950046229,10.0,9.0,1.0,2,1.0
50,1,1.0,dn5,2,pkg17,9.0,14.0,22,8.065044950046229,13.0,9.0,0.981497059608109,8,4.0
50,9,9.0,dn7,3,pkg13,10.0,19.0,27,8.065044950046229,35,22,0.742124235688649,8,13
50,10,10.0,dn4,2,pkg16,10.0,16.0,23,8.065044950046229,16,13,0.35801294300307457,7,3
50,10,10.0,dn9,3,pkg22,9.0,17.0,26,8.065044950046229,16,13,0.2830185888500204,9,3
50,10,10.0,dn11,4,pkg15,10.0,18.0,20,8.065044950046229,16,13,1.0,2,3
50,10,10.0,dn14,5,pkg26,12.0,21.0,27,8.065044950046229,20,15,1.0,6,5
50,12,12.0,dn12,4,pkg28,18.0,24.0,29,8.065044950046229,23.0,18.0,1.0,5,5.0
50,13,13.0,dn2,1,pkg7,7.0,14.0,20,8.065044950046229,23,18,0.0,6,5
50,13,13.0,dn5,2,pkg30,21.0,26.0,36,8.065044950046229,47,30,0.7855682414064981,10,17
50,13,13.0,dn8,3,pkg29,21.0,28.0,35,8.065044950046229,31,22,1.0,7,9
50,14,14.0,dn3,1,pkg9,9.0,16.0,23,8.065044950046229,32,23,0.001285130382700006,7,9
50,14,14.0,dn13,5,pkg27,14.0,19.0,29,8.065044950046229,36,25,0.07235199930316516,10,11
50,16,16.0,dn1,1,pkg31,19.0,29.0,35,8.065044950046229,32,24,1.0,6,8
50,16,16.0,dn9,3,pkg32,25.0,32.0,41,8.065044950046229,42,29,1.0,9,13
50,16,16.0,dn10,4,pkg23,11.0,17.0,28,8.065044950046229,26,21,0.0,11,5
50,16,16.0,dn11,4,pkg25,12.0,17.0,22,8.065044950046229,26,21,0.0,5,5
50,16,16.0,dn4,2,pkg24,14.0,21.0,23,8.065044950046229,20,18,1.0,2,2
50,20,20.0,dn4,2,pkg33,22.0,27.0,31,8.065044950046229,34,27,1.0,4,7
50,21,21.0,dn6,2,pkg35,29.0,39.0,48,8.065044950046229,45,33,1.0,9,12
50,22,22.0,dn14,5,pkg36,29.0,38.0,41,8.065044950046229,31.0,29.0,1.0,3,2.0
50,23,23.0,dn12,4,pkg37,27.0,33.0,35,8.065044950046229,28.0,27.0,1.0,2,1.0
50,26,26.0,dn10,4,pkg38,35.0,44.0,47,8.065044950046229,40.0,35.0,1.0,3,5.0
50,28,28.0,dn2,1,pkg39,32.0,39.0,45,8.065044950046229,36,32,1.0,6,4
50,28,28.0,dn12,4,pkg40,37.0,42.0,45,8.065044950046229,38.0,37.0,1.0,3,1.0
50,30,30.0,dn15,5,pkg41,34.0,42.0,48,8.065044950046229,40,35,1.0,6,5
50,31,31.0,dn14,5,pkg42,35.0,42.0,45,8.065044950046229,39,35,1.0,3,4
50,34,34.0,dn1,1,pkg43,43.0,48.0,54,8.065044950046229,49.0,43.0,1.0,6,6.0
50,36,36.0,dn13,5,pkg44,42.0,48.0,58,8.065044950046229,54,45,0.6964162111435814,10,9
50,37,37.0,dn4,2,pkg45,42.0,47.0,53,8.065044950046229,49,43,0.9919349550499538,6,6
50,38,38.0,dn2,1,pkg46,45.0,54.0,60,8.065044950046229,48.0,45.0,1.0,6,3.0
50,42,42.0,dn7,3,pkg47,51.0,56.0,64,8.065044950046229,62,52,1.0,8,10
50,43,43.0,dn3,1,pkg48,50.0,58.0,60,8.065044950046229,52.0,50.0,1.0,2,2.0
50,45,45.0,dn10,4,pkg49,52.0,57.0,63,8.065044950046229,63,54,1.0,6,9
50,47,47.0,dn5,2,pkg50,53.0,62.0,69,8.065044950046229,63,55,1.0,7,8
50,50,50.0,dn1,1,pkg51,59.0,65.0,72,8.065044950046229,64.0,59.0,1.0,7,5.0
50,50,50.0,dn2,1,pkg52,60.0,69.0,74,8.065044950046229,65.0,60.0,1.0,5,5.0
50,55,55.0,dn8,3,pkg53,63.0,72.0,77,8.065044950046229,71,63,1.0,5,8
50,57,57.0,dn3,1,pkg54,63.0,73.0,78,8.065044950046229,67.0,63.0,1.0,5,4.0
50,59,59.0,dn4,2,pkg55,66.0,72.0,75,8.065044950046229,70.0,66.0,1.0,3,4.0
50,59,59.0,dn6,2,pkg56,67.0,74.0,82,8.065044950046229,77,68,1.0,8,9
50,66,66.0,dn1,1,pkg57,72.0,78.0,82,8.065044950046229,75.0,72.0,1.0,4,3.0
50,66,66.0,dn2,1,pkg58,73.0,79.0,86,8.065044950046229,76.0,73.0,1.0,7,3.0
50,69,69.0,dn3,1,pkg59,76.0,86.0,92,8.065044950046229,85,77,1.0,6,8
50,69,69.0,dn11,4,pkg60,78.0,85.0,91,8.065044950046229,89,79,1.0,6,10
50,73,73.0,dn10,4,pkg62,78.0,85.0,96,8.065044950046229,95,84,0.5910219106092702,11,11
50,73,73.0,dn12,4,pkg61,80.0,89.0,95,8.065044950046229,85.0,80.0,1.0,6,5.0
50,79,79.0,dn1,1,pkg63,83.0,89.0,94,8.065044950046229,87,83,1.0,5,4
50,79,79.0,dn2,1,pkg64,84.0,91.0,99,8.065044950046229,89,84,0.9276480006968348,8,5
50,81,81.0,dn13,5,pkg65,89.0,98.0,107,8.065044950046229,107,94,1.0,9,13
50,86,86.0,dn3,1,pkg66,93.0,100.0,108,8.065044950046229,110,98,1.0,8,12
50,90,90.0,dn1,1,pkg67,97.0,106.0,113,8.065044950046229,108,99,1.0,7,9
50,92,92.0,dn2,1,pkg68,101.0,106.0,110,8.065044950046229,103.0,101.0,1.0,4,2.0
50,95,95.0,dn4,2,pkg69,99.0,109.0,117,8.065044950046229,111,103,1.0,8,8
50,98,98.0,dn7,3,pkg70,103.0,113.0,122,8.065044950046229,112,105,0.9919349550499538,9,7
51,0,0.0,dn1,1,pkg9,8.0,18.0,27,8.065044950046229,26,13,1.0,9,13
51,0,0.0,dn3,1,pkg20,5.0,14.0,24,8.065044950046229,14,7,0.8638529812987656,10,7
51,0,0.0,dn13,5,pkg2,5.0,13.0,18,8.065044950046229,12,6,1.0,5,6
51,0,0.0,dn14,5,pkg4,5.0,14.0,18,8.065044950046229,14,7,1.0,4,7
51,0,0.0,dn15,5,pkg3,5.0,15.0,19,8.065044950046229,8.0,5.0,1.0,4,3.0
51,0,0.0,dn2,1,pkg17,6.0,16.0,21,8.065044950046229,10.0,6.0,1.0,5,4.0
51,1,1.0,dn4,2,pkg8,6.0,14.0,19,8.065044950046229,10.0,6.0,1.0,5,4.0
51,1,1.0,dn7,3,pkg21,5.0,10.0,21,8.065044950046229,25,13,0.32067776414851423,11,12
51,1,1.0,dn8,3,pkg11,6.0,15.0,21,8.065044950046229,9.0,6.0,1.0,6,3.0
51,1,1.0,dn9,3,pkg23,6.0,14.0,21,8.065044950046229,17,9,1.0,7,8
51,1,1.0,dn10,4,pkg10,6.0,16.0,17,8.065044950046229,7.0,6.0,1.0,1,1.0
51,1,1.0,dn11,4,pkg18,6.0,12.0,17,8.065044950046229,9.0,6.0,1.0,5,3.0
51,1,1.0,dn12,4,pkg19,8.0,18.0,24,8.065044950046229,13.0,8.0,1.0,6,5.0
51,1,1.0,dn6,2,pkg7,6.0,16.0,26,8.065044950046229,10.0,6.0,0.9276480006968348,10,4.0
51,1,1.0,dn5,2,pkg15,7.0,17.0,24,8.065044950046229,10.0,7.0,1.0,7,3.0
51,7,7.0,dn10,4,pkg12,10.0,17.0,28,8.065044950046229,35,21,0.4089780893907298,11,14
51,8,8.0,dn15,5,pkg27,15.0,24.0,32,8.065044950046229,19.0,15.0,1.0,8,4.0
51,9,9.0,dn8,3,pkg22,8.0,14.0,20,8.065044950046229,25,17,0.3350899866593905,6,8
51,9,9.0,dn11,4,pkg1,7.0,14.0,25,8.065044950046229,23,16,0.04912402419128953,11,7
51,10,10.0,dn2,1,pkg28,14.0,19.0,30,8.065044950046229,20,15,0.32067776414851423,11,5
51,10,10.0,dn4,2,pkg13,10.0,17.0,28,8.065044950046229,40,25,0.16312821123346516,11,15
51,10,10.0,dn5,2,pkg25,11.0,18.0,25,8.065044950046229,26,18,0.6419870569969255,7,8
51,12,12.0,dn6,2,pkg29,17.0,23.0,31,8.065044950046229,26,19,0.8454987064453288,8,7
51,12,12.0,dn13,5,pkg6,8.0,13.0,17,8.065044950046229,20,16,0.0,4,4
51,13,13.0,dn12,4,pkg30,22.0,28.0,39,8.065044950046229,30.0,22.0,0.8368717887665349,11,8.0
51,14,14.0,dn14,5,pkg14,9.0,18.0,23,8.065044950046229,20,17,0.3035837888564185,5,3
51,14,14.0,dn3,1,pkg24,8.0,16.0,26,8.065044950046229,30,22,0.0,10,8
51,17,17.0,dn9,3,pkg26,12.0,20.0,22,8.065044950046229,19,18,0.9276480006968348,2,1
51,19,19.0,dn9,3,pkg33,27.0,33.0,40,8.065044950046229,35,27,1.0,7,8
51,19,19.0,dn15,5,pkg31,23.0,30.0,41,8.065044950046229,33,26,0.5,11,7
51,20,20.0,dn2,1,pkg32,22.0,31.0,37,8.065044950046229,34,27,1.0,6,7
51,23,23.0,dn11,4,pkg35,26.0,31.0,39,8.065044950046229,35,29,0.5,8,6
51,23,23.0,dn13,5,pkg36,27.0,36.0,46,8.065044950046229,49,36,0.7855682414064981,10,13
51,25,25.0,dn7,3,pkg37,33.0,39.0,49,8.065044950046229,43,34,0.8638529812987656,10,9
51,25,25.0,dn14,5,pkg38,32.0,38.0,46,8.065044950046229,47,36,0.981497059608109,8,11
51,26,26.0,dn1,1,pkg39,31.0,37.0,45,8.065044950046229,48,37,0.8454987064453288,8,11
51,26,26.0,dn5,2,pkg34,29.0,34.0,35,8.065044950046229,30.0,29.0,1.0,1,1.0
51,34,34.0,dn5,2,pkg40,40.0,47.0,51,8.065044950046229,45.0,40.0,1.0,4,5.0
51,40,40.0,dn4,2,pkg41,47.0,54.0,60,8.065044950046229,52.0,47.0,1.0,6,5.0
51,43,43.0,dn2,1,pkg42,51.0,56.0,62,8.065044950046229,59,51,1.0,6,8
51,45,45.0,dn3,1,pkg43,51.0,58.0,65,8.065044950046229,63,54,1.0,7,9
51,45,45.0,dn15,5,pkg44,51.0,58.0,63,8.065044950046229,54.0,51.0,1.0,5,3.0
51,48,48.0,dn5,2,pkg45,57.0,65.0,70,8.065044950046229,63.0,57.0,1.0,5,6.0
51,52,52.0,dn4,2,pkg46,59.0,66.0,71,8.065044950046229,63.0,59.0,1.0,5,4.0
51,54,54.0,dn1,1,pkg47,60.0,65.0,69,8.065044950046229,62.0,60.0,1.0,4,2.0
51,54,54.0,dn11,4,pkg48,60.0,70.0,79,8.065044950046229,70,62,1.0,9,8
51,55,55.0,dn6,2,pkg49,61.0,70.0,73,8.065044950046229,65.0,61.0,1.0,3,4.0
51,57,57.0,dn7,3,pkg51,63.0,72.0,80,8.065044950046229,83,70,1.0,8,13
51,57,57.0,dn14,5,pkg50,64.0,70.0,76,8.065044950046229,71,64,1.0,6,7
51,59,59.0,dn8,3,pkg52,63.0,69.0,76,8.065044950046229,77,68,0.8837170879173109,7,9
51,61,61.0,dn10,4,pkg53,65.0,71.0,76,8.065044950046229,75,68,1.0,5,7
51,65,65.0,dn1,1,pkg54,73.0,81.0,86,8.065044950046229,77.0,73.0,1.0,5,4.0
51,65,65.0,dn6,2,pkg55,74.0,79.0,85,8.065044950046229,80.0,74.0,1.0,6,6.0
51,66,66.0,dn4,2,pkg56,74.0,84.0,92,8.065044950046229,84,75,1.0,8,9
51,69,69.0,dn3,1,pkg58,79.0,85.0,87,8.065044950046229,80.0,79.0,1.0,2,1.0
51,69,69.0,dn5,2,pkg57,75.0,80.0,86,8.065044950046229,80.0,75.0,1.0,6,5.0
51,74,74.0,dn2,1,pkg60,81.0,89.0,96,8.065044950046229,88,81,1.0,7,7
51,80,80.0,dn8,3,pkg61,89.0,95.0,102,8.065044950046229,102,91,1.0,7,11
51,81,81.0,dn5,2,pkg59,79.0,88.0,94,8.065044950046229,93,87,0.6649100133406095,6,6
51,91,91.0,dn1,1,pkg62,96.0,105.0,113,8.065044950046229,113,102,1.0,8,11
51,92,92.0,dn4,2,pkg63,96.0,105.0,114,8.065044950046229,108,100,0.8942105026999628,9,8
51,94,94.0,dn2,1,pkg65,101.0,109.0,114,8.065044950046229,105.0,101.0,1.0,5,4.0
51,94,94.0,dn3,1,pkg64,101.0,110.0,117,8.065044950046229,112,103,1.0,7,9
51,99,99.0,dn5,2,pkg66,106.0,115.0,118,8.065044950046229,108.0,106.0,1.0,3,2.0
51,99,99.0,dn6,2,pkg67,107.0,113.0,118,8.065044950046229,113.0,107.0,1.0,5,6.0
52,0,0.0,dn7,3,pkg6,5.0,10.0,16,8.065044950046229,9.0,5.0,0.9919349550499538,6,4.0
52,0,0.0,dn8,3,pkg16,5.0,10.0,20,8.065044950046229,28,14,0.5,10,14
52,0,0.0,dn9,3,pkg15,5.0,13.0,22,8.065044950046229,16,8,0.8942105026999628,9,8
52,1,1.0,dn1,1,pkg20,5.0,11.0,15,8.065044950046229,7.0,5.0,1.0,4,2.0
52,1,1.0,dn2,1,pkg11,5.0,12.0,16,8.065044950046229,9,5,1.0,4,4
52,1,1.0,dn4,2,pkg5,5.0,10.0,14,8.065044950046229,9,5,1.0,4,4
52,1,1.0,dn10,4,pkg3,9.0,14.0,19,8.065044950046229,13.0,9.0,1.0,5,4.0
52,1,1.0,dn11,4,pkg19,8.0,15.0,19,8.065044950046229,12.0,8.0,1.0,4,4.0
52,1,1.0,dn12,4,pkg2,10.0,20.0,27,8.065044950046229,15.0,10.0,1.0,7,5.0
52,1,1.0,dn15,5,pkg13,6.0,13.0,16,8.065044950046229,9.0,6.0,1.0,3,3.0
52,1,1.0,dn5,2,pkg18,6.0,11.0,19,8.065044950046229,25,13,0.742124235688649,8,12
52,1,1.0,dn14,5,pkg14,7.0,13.0,17,8.065044950046229,12.0,7.0,1.0,4,5.0
52,1,1.0,dn13,5,pkg22,7.0,13.0,17,8.065044950046229,9.0,7.0,1.0,4,2.0
52,1,1.0,dn6,2,pkg1,9.0,19.0,25,8.065044950046229,15.0,9.0,1.0,6,6.0
52,1,1.0,dn3,1,pkg12,7.0,16.0,23,8.065044950046229,19,10,1.0,7,9
52,7,7.0,dn1,1,pkg9,10.0,19.0,26,8.065044950046229,23,15,0.9987148696173,7,8
52,9,9.0,dn2,1,pkg27,16.0,23.0,32,8.065044950046229,27,18,0.9554953287499572,9,9
52,9,9.0,dn4,2,pkg25,14.0,19.0,25,8.065044950046229,17.0,14.0,0.9919349550499538,6,3.0
52,9,9.0,dn7,3,pkg26,16.0,21.0,28,8.065044950046229,23,16,0.9987148696173,7,7
52,9,9.0,dn13,5,pkg23,9.0,15.0,25,8.065044950046229,33,21,0.1361470187012343,10,12
52,9,9.0,dn15,5,pkg4,8.0,13.0,21,8.065044950046229,27,18,0.07235199930316516,8,9
52,12,12.0,dn11,4,pkg24,10.0,15.0,17,8.065044950046229,18,15,0.9276480006968348,2,3
52,15,15.0,dn6,2,pkg28,20.0,29.0,36,8.065044950046229,29,22,1.0,7,7
52,15,15.0,dn14,5,pkg29,19.0,24.0,26,8.065044950046229,21.0,19.0,1.0,2,2.0
52,16,16.0,dn9,3,pkg17,9.0,19.0,30,8.065044950046229,36,26,0.00043788595842408906,11,10
52,29,29.0,dn6,2,pkg30,35.0,41.0,51,8.065044950046229,47,38,0.6964162111435814,10,9
52,30,30.0,dn1,1,pkg31,40.0,49.0,56,8.065044950046229,49.0,40.0,1.0,7,9.0
52,34,34.0,dn2,1,pkg33,40.0,49.0,55,8.065044950046229,48,41,1.0,6,7
52,34,34.0,dn11,4,pkg32,42.0,47.0,49,8.065044950046229,44.0,42.0,1.0,2,2.0
52,37,37.0,dn3,1,pkg34,46.0,53.0,60,8.065044950046229,53.0,46.0,1.0,7,7.0
52,37,37.0,dn4,2,pkg35,42.0,51.0,62,8.065044950046229,53,45,0.7621793903595921,11,8
52,39,39.0,dn13,5,pkg36,46.0,51.0,59,8.065044950046229,52.0,46.0,0.9276480006968348,8,6.0
52,40,40.0,dn5,2,pkg37,47.0,53.0,56,8.065044950046229,49.0,47.0,1.0,3,2.0
52,46,46.0,dn14,5,pkg38,50.0,56.0,66,8.065044950046229,54,50,0.5,10,4
52,48,48.0,dn10,4,pkg39,55.0,63.0,72,8.065044950046229,74,61,0.9919349550499538,9,13
52,48,48.0,dn11,4,pkg40,58.0,65.0,75,8.065044950046229,68,58,0.9972791575161781,10,10
52,49,49.0,dn6,2,pkg41,56.0,64.0,70,8.065044950046229,62.0,56.0,1.0,6,6.0
52,52,52.0,dn1,1,pkg42,60.0,69.0,76,8.065044950046229,66.0,60.0,1.0,7,6.0
52,54,54.0,dn2,1,pkg43,62.0,72.0,79,8.065044950046229,76,65,1.0,7,11
52,56,56.0,dn4,2,pkg44,63.0,68.0,73,8.065044950046229,69.0,63.0,1.0,5,6.0
52,56,56.0,dn12,4,pkg45,61.0,69.0,78,8.065044950046229,86,71,0.8942105026999628,9,15
52,61,61.0,dn5,2,pkg46,66.0,75.0,81,8.065044950046229,69.0,66.0,1.0,6,3.0
52,62,62.0,dn6,2,pkg48,70.0,78.0,87,8.065044950046229,80,71,1.0,9,9
52,62,62.0,dn7,3,pkg47,69.0,77.0,83,8.065044950046229,72.0,69.0,1.0,6,3.0
52,64,64.0,dn3,1,pkg50,72.0,82.0,88,8.065044950046229,76.0,72.0,1.0,6,4.0
52,67,67.0,dn1,1,pkg49,68.0,75.0,86,8.065044950046229,77,72,0.2378206096404078,11,5
52,68,68.0,dn11,4,pkg52,74.0,82.0,88,8.065044950046229,78.0,74.0,1.0,6,4.0
52,69,69.0,dn4,2,pkg51,71.0,79.0,83,8.065044950046229,83,76,1.0,4,7
52,72,72.0,dn13,5,pkg53,79.0,84.0,91,8.065044950046229,84.0,79.0,0.9987148696173,7,5.0
52,73,73.0,dn7,3,pkg54,81.0,89.0,99,8.065044950046229,95,84,0.9733308694771554,10,11
52,74,74.0,dn5,2,pkg55,81.0,91.0,96,8.065044950046229,84.0,81.0,1.0,5,3.0
52,76,76.0,dn14,5,pkg56,81.0,86.0,88,8.065044950046229,82.0,81.0,1.0,2,1.0
52,80,80.0,dn15,5,pkg57,85.0,93.0,94,8.065044950046229,86.0,85.0,1.0,1,1.0
52,82,82.0,dn6,2,pkg58,88.0,95.0,98,8.065044950046229,91.0,88.0,1.0,3,3.0
52,83,83.0,dn4,2,pkg59,92.0,97.0,100,8.065044950046229,96.0,92.0,1.0,3,4.0
52,85,85.0,dn1,1,pkg60,90.0,97.0,102,8.065044950046229,94.0,90.0,1.0,5,4.0
52,88,88.0,dn2,1,pkg61,96.0,104.0,108,8.065044950046229,101.0,96.0,1.0,4,5.0
52,91,91.0,dn5,2,pkg62,95.0,103.0,108,8.065044950046229,99,95,1.0,5,4
52,93,93.0,dn8,3,pkg63,101.0,108.0,112,8.065044950046229,106.0,101.0,1.0,4,5.0
52,94,94.0,dn1,1,pkg64,100.0,109.0,119,8.065044950046229,124,109,0.9276480006968348,10,15
52,96,96.0,dn3,1,pkg65,101.0,107.0,112,8.065044950046229,104.0,101.0,1.0,5,3.0
52,97,97.0,dn4,2,pkg66,104.0,112.0,118,8.065044950046229,110.0,104.0,1.0,6,6.0
53,0,0.0,dn4,2,pkg18,5.0,14.0,17,8.065044950046229,8.0,5.0,1.0,3,3.0
53,0,0.0,dn5,2,pkg3,5.0,13.0,23,8.065044950046229,28,14,0.7855682414064981,10,14
53,0,0.0,dn7,3,pkg15,6.0,14.0,19,8.065044950046229,12,6,1.0,5,6
53,0,0.0,dn8,3,pkg5,10.0,17.0,24,8.065044950046229,18.0,10.0,1.0,7,8.0
53,0,0.0,dn9,3,pkg6,5.0,11.0,19,8.065044950046229,8.0,5.0,0.8454987064453288,8,3.0
53,0,0.0,dn10,4,pkg7,6.0,16.0,25,8.065044950046229,24,12,1.0,9,12
53,0,0.0,dn12,4,pkg19,6.0,16.0,21,8.065044950046229,10.0,6.0,1.0,5,4.0
53,0,0.0,dn11,4,pkg2,6.0,16.0,26,8.065044950046229,11.0,6.0,0.9733308694771554,10,5.0
53,1,1.0,dn1,1,pkg21,7.0,12.0,18,8.065044950046229,12.0,7.0,1.0,6,5.0
53,1,1.0,dn2,1,pkg12,8.0,13.0,19,8.065044950046229,14.0,8.0,1.0,6,6.0
53,1,1.0,dn3,1,pkg1,8.0,17.0,24,8.065044950046229,14.0,8.0,1.0,7,6.0
53,1,1.0,dn6,2,pkg4,7.0,16.0,19,8.065044950046229,11.0,7.0,1.0,3,4.0
53,1,1.0,dn13,5,pkg8,10.0,18.0,23,8.065044950046229,15.0,10.0,1.0,5,5.0
53,1,1.0,dn14,5,pkg20,6.0,11.0,19,8.065044950046229,25,13,0.742124235688649,8,12
53,1,1.0,dn15,5,pkg16,8.0,13.0,20,8.065044950046229,21,11,0.9987148696173,7,10
53,8,8.0,dn4,2,pkg14,7.0,15.0,19,8.065044950046229,20,14,1.0,4,6
53,8,8.0,dn9,3,pkg26,17.0,26.0,36,8.065044950046229,24.0,17.0,1.0,10,7.0
53,10,10.0,dn12,4,pkg9,9.0,15.0,22,8.065044950046229,20,15,0.22658690677451554,7,5
53,11,11.0,dn6,2,pkg13,8.0,18.0,22,8.065044950046229,23,17,1.0,4,6
53,11,11.0,dn11,4,pkg25,15.0,23.0,32,8.065044950046229,37,24,0.8130495168499705,9,13
53,12,12.0,dn1,1,pkg23,12.0,21.0,28,8.065044950046229,28,20,0.7734130932254845,7,8
53,12,12.0,dn7,3,pkg29,21.0,26.0,31,8.065044950046229,24.0,21.0,1.0,5,3.0
53,14,14.0,dn2,1,pkg10,9.0,19.0,26,8.065044950046229,30,22,0.22658690677451554,7,8
53,14,14.0,dn3,1,pkg17,10.0,16.0,21,8.065044950046229,24,19,0.02666913052284453,5,5
53,18,18.0,dn8,3,pkg33,27.0,34.0,40,8.065044950046229,32.0,27.0,1.0,6,5.0
53,20,20.0,dn12,4,pkg27,13.0,21.0,24,8.065044950046229,28,24,0.00806504495004623,3,4
53,20,20.0,dn4,2,pkg30,18.0,23.0,29,8.065044950046229,34,27,0.07235199930316516,6,7
53,23,23.0,dn6,2,pkg34,26.0,32.0,37,8.065044950046229,35,29,1.0,5,6
53,24,24.0,dn3,1,pkg32,21.0,29.0,33,8.065044950046229,32,28,0.742124235688649,4,4
53,24,24.0,dn7,3,pkg28,19.0,27.0,37,8.065044950046229,34,29,0.002720842483821817,10,5
53,24,24.0,dn10,4,pkg31,22.0,29.0,35,8.065044950046229,30,27,0.3350899866593905,6,3
53,28,28.0,dn9,3,pkg35,35.0,41.0,48,8.065044950046229,38.0,35.0,1.0,7,3.0
53,28,28.0,dn12,4,pkg36,36.0,42.0,48,8.065044950046229,48,38,1.0,6,10
53,30,30.0,dn10,4,pkg37,40.0,48.0,58,8.065044950046229,50,40,1.0,10,10
53,31,31.0,dn5,2,pkg38,37.0,45.0,51,8.065044950046229,47,39,1.0,6,8
53,34,34.0,dn1,1,pkg39,43.0,49.0,55,8.065044950046229,48.0,43.0,1.0,6,5.0
53,37,37.0,dn2,1,pkg41,43.0,48.0,55,8.065044950046229,47.0,43.0,0.9623380203040381,7,4.0
53,37,37.0,dn3,1,pkg40,46.0,54.0,63,8.065044950046229,57,47,1.0,9,10
53,38,38.0,dn7,3,pkg42,44.0,49.0,51,8.065044950046229,46.0,44.0,1.0,2,2.0
53,41,41.0,dn4,2,pkg43,46.0,52.0,59,8.065044950046229,57,49,0.9623380203040381,7,8
53,41,41.0,dn8,3,pkg44,47.0,55.0,60,8.065044950046229,51.0,47.0,1.0,5,4.0
53,42,42.0,dn13,5,pkg45,48.0,55.0,63,8.065044950046229,52.0,48.0,0.981497059608109,8,4.0
53,43,43.0,dn6,2,pkg46,48.0,55.0,62,8.065044950046229,55,49,0.9987148696173,7,6
53,46,46.0,dn9,3,pkg47,52.0,62.0,72,8.065044950046229,62,54,0.9733308694771554,10,8
53,47,47.0,dn2,1,pkg48,53.0,62.0,65,8.065044950046229,57.0,53.0,1.0,3,4.0
53,48,48.0,dn1,1,pkg49,57.0,66.0,70,8.065044950046229,62.0,57.0,1.0,4,5.0
53,51,51.0,dn5,2,pkg50,60.0,65.0,71,8.065044950046229,63.0,60.0,1.0,6,3.0
53,52,52.0,dn11,4,pkg52,62.0,69.0,71,8.065044950046229,64.0,62.0,1.0,2,2.0
53,52,52.0,dn13,5,pkg51,60.0,65.0,73,8.065044950046229,67.0,60.0,0.981497059608109,8,7.0
53,55,55.0,dn10,4,pkg53,61.0,69.0,71,8.065044950046229,63.0,61.0,1.0,2,2.0
53,56,56.0,dn7,3,pkg54,61.0,71.0,73,8.065044950046229,63.0,61.0,1.0,2,2.0
53,58,58.0,dn2,1,pkg55,67.0,76.0,78,8.065044950046229,69.0,67.0,1.0,2,2.0
53,60,60.0,dn4,2,pkg56,68.0,78.0,86,8.065044950046229,86,73,1.0,8,13
53,60,60.0,dn3,1,pkg57,70.0,75.0,82,8.065044950046229,78.0,70.0,1.0,7,8.0
53,62,62.0,dn14,5,pkg58,69.0,74.0,80,8.065044950046229,75.0,69.0,1.0,6,6.0
53,64,64.0,dn7,3,pkg59,70.0,79.0,87,8.065044950046229,75.0,70.0,1.0,8,5.0
53,66,66.0,dn5,2,pkg61,71.0,78.0,80,8.065044950046229,74.0,71.0,1.0,2,3.0
53,66,66.0,dn6,2,pkg60,75.0,85.0,95,8.065044950046229,84,75,1.0,10,9
53,70,70.0,dn1,1,pkg62,79.0,89.0,96,8.065044950046229,87.0,79.0,1.0,7,8.0
53,72,72.0,dn10,4,pkg65,77.0,87.0,91,8.065044950046229,79.0,77.0,1.0,4,2.0
53,72,72.0,dn11,4,pkg64,76.0,81.0,90,8.065044950046229,90,81,0.5,9,9
53,75,75.0,dn12,4,pkg66,81.0,90.0,99,8.065044950046229,97,86,0.9919349550499538,9,11
53,75,75.0,dn5,2,pkg67,80.0,87.0,97,8.065044950046229,91,83,0.6964162111435814,10,8
53,76,76.0,dn2,1,pkg68,85.0,95.0,98,8.065044950046229,89.0,85.0,1.0,3,4.0
53,83,83.0,dn7,3,pkg69,92.0,98.0,101,8.065044950046229,95.0,92.0,1.0,3,3.0
53,85,85.0,dn8,3,pkg70,91.0,97.0,104,8.065044950046229,97,91,0.9987148696173,7,6
53,86,86.0,dn10,4,pkg71,93.0,99.0,103,8.065044950046229,96.0,93.0,1.0,4,3.0
53,87,87.0,dn9,3,pkg72,92.0,97.0,100,8.065044950046229,95.0,92.0,1.0,3,3.0
53,90,90.0,dn4,2,pkg73,96.0,105.0,107,8.065044950046229,97.0,96.0,1.0,2,1.0
53,91,91.0,dn5,2,pkg74,99.0,108.0,117,8.065044950046229,105.0,99.0,1.0,9,6.0
53,96,96.0,dn1,1,pkg75,104.0,113.0,116,8.065044950046229,107.0,104.0,1.0,3,3.0
53,97,97.0,dn6,2,pkg76,103.0,111.0,118,8.065044950046229,115,106,1.0,7,9
54,0,0.0,dn4,2,pkg21,6.0,16.0,20,8.065044950046229,8.0,6.0,1.0,4,2.0
54,0,0.0,dn5,2,pkg4,6.0,15.0,21,8.065044950046229,16,8,1.0,6,8
54,0,0.0,dn6,2,pkg20,6.0,16.0,23,8.065044950046229,12,6,1.0,7,6
54,0,0.0,dn7,3,pkg19,9.0,16.0,23,8.065044950046229,16.0,9.0,1.0,7,7.0
54,0,0.0,dn8,3,pkg18,10.0,17.0,24,8.065044950046229,15.0,10.0,1.0,7,5.0
54,0,0.0,dn9,3,pkg5,5.0,14.0,23,8.065044950046229,18,9,0.9554953287499572,9,9
54,0,0.0,dn10,4,pkg15,10.0,18.0,22,8.065044950046229,16.0,10.0,1.0,4,6.0
54,0,0.0,dn11,4,pkg8,10.0,18.0,23,8.065044950046229,17.0,10.0,1.0,5,7.0
54,0,0.0,dn12,4,pkg22,10.0,17.0,23,8.065044950046229,13.0,10.0,1.0,6,3.0
54,1,1.0,dn1,1,pkg10,5.0,13.0,16,8.065044950046229,8.0,5.0,1.0,3,3.0
54,1,1.0,dn2,1,pkg3,6.0,15.0,22,8.065044950046229,15,8,1.0,7,7
54,1,1.0,dn3,1,pkg2,8.0,17.0,21,8.065044950046229,11.0,8.0,1.0,4,3.0
54,1,1.0,dn13,5,pkg12,10.0,19.0,24,8.065044950046229,12.0,10.0,1.0,5,2.0
54,1,1.0,dn15,5,pkg14,7.0,14.0,20,8.065044950046229,19,10,1.0,6,9
54,1,1.0,dn14,5,pkg13,8.0,17.0,18,8.065044950046229,9.0,8.0,1.0,1,1.0
54,8,8.0,dn1,1,pkg6,8.0,15.0,26,8.065044950046229,22,15,0.16312821123346516,11,7
54,8,8.0,dn4,2,pkg17,8.0,14.0,15,8.065044950046229,10,9,1.0,1,1
54,9,9.0,dn14,5,pkg23,8.0,16.0,20,8.065044950046229,19,14,1.0,4,5
54,10,10.0,dn4,2,pkg11,8.0,18.0,21,8.065044950046229,18,14,1.0,3,4
54,11,11.0,dn3,1,pkg26,18.0,26.0,32,8.065044950046229,25,18,1.0,6,7
54,12,12.0,dn6,2,pkg9,8.0,15.0,25,8.065044950046229,26,19,0.002720842483821817,10,7
54,12,12.0,dn13,5,pkg27,19.0,24.0,32,8.065044950046229,30,21,0.9276480006968348,8,9
54,13,13.0,dn12,4,pkg25,16.0,26.0,32,8.065044950046229,25,19,1.0,6,6
54,15,15.0,dn2,1,pkg29,22.0,31.0,37,8.065044950046229,31,23,1.0,6,8
54,15,15.0,dn8,3,pkg28,18.0,28.0,35,8.065044950046229,27,21,1.0,7,6
54,16,16.0,dn7,3,pkg24,11.0,17.0,28,8.065044950046229,38,27,0.0,11,11
54,16,16.0,dn10,4,pkg1,10.0,18.0,22,8.065044950046229,20,18,0.07235199930316516,4,2
54,19,19.0,dn11,4,pkg30,24.0,34.0,42,8.065044950046229,35,27,1.0,8,8
54,20,20.0,dn4,2,pkg31,27.0,35.0,42,8.065044950046229,33.0,27.0,1.0,7,6.0
54,22,22.0,dn9,3,pkg32,29.0,35.0,42,8.065044950046229,46,34,1.0,7,12
54,26,26.0,dn6,2,pkg34,33.0,38.0,41,8.065044950046229,37.0,33.0,1.0,3,4.0
54,26,26.0,dn14,5,pkg33,35.0,45.0,52,8.065044950046229,39.0,35.0,1.0,7,4.0
54,27,27.0,dn5,2,pkg35,37.0,47.0,58,8.065044950046229,63,45,1.0,11,18
54,32,32.0,dn10,4,pkg36,38.0,44.0,49,8.065044950046229,40.0,38.0,1.0,5,2.0
54,33,33.0,dn1,1,pkg37,41.0,50.0,56,8.065044950046229,44.0,41.0,1.0,6,3.0
54,37,37.0,dn6,2,pkg38,45.0,52.0,63,8.065044950046229,59,48,0.8368717887665349,11,11
54,39,39.0,dn2,1,pkg39,47.0,54.0,57,8.065044950046229,51.0,47.0,1.0,3,4.0
54,39,39.0,dn14,5,pkg40,49.0,56.0,58,8.065044950046229,51.0,49.0,1.0,2,2.0
54,40,40.0,dn10,4,pkg41,50.0,58.0,64,8.065044950046229,57.0,50.0,1.0,6,7.0
54,42,42.0,dn7,3,pkg42,48.0,57.0,59,8.065044950046229,50.0,48.0,1.0,2,2.0
54,44,44.0,dn1,1,pkg43,52.0,58.0,63,8.065044950046229,57.0,52.0,1.0,5,5.0
54,46,46.0,dn11,4,pkg44,55.0,65.0,74,8.065044950046229,59.0,55.0,1.0,9,4.0
54,46,46.0,dn13,5,pkg45,54.0,62.0,69,8.065044950046229,60.0,54.0,1.0,7,6.0
54,49,49.0,dn9,3,pkg46,56.0,66.0,73,8.065044950046229,63,56,1.0,7,7
54,49,49.0,dn15,5,pkg47,56.0,63.0,65,8.065044950046229,57.0,56.0,1.0,2,1.0
54,53,53.0,dn2,1,pkg48,61.0,66.0,68,8.065044950046229,63.0,61.0,1.0,2,2.0
54,53,53.0,dn14,5,pkg49,61.0,66.0,69,8.065044950046229,64.0,61.0,1.0,3,3.0
54,59,59.0,dn1,1,pkg50,66.0,75.0,82,8.065044950046229,72.0,66.0,1.0,7,6.0
54,59,59.0,dn6,2,pkg51,65.0,70.0,72,8.065044950046229,67.0,65.0,1.0,2,2.0
54,60,60.0,dn7,3,pkg52,69.0,74.0,80,8.065044950046229,75.0,69.0,1.0,6,6.0
54,63,63.0,dn4,2,pkg54,68.0,73.0,76,8.065044950046229,72.0,68.0,1.0,3,4.0
54,63,63.0,dn11,4,pkg53,69.0,74.0,80,8.065044950046229,73.0,69.0,1.0,6,4.0
54,64,64.0,dn2,1,pkg55,70.0,75.0,78,8.065044950046229,72.0,70.0,1.0,3,2.0
54,65,65.0,dn13,5,pkg56,74.0,81.0,92,8.065044950046229,93,79,0.9006778457052591,11,14
54,66,66.0,dn3,1,pkg57,71.0,80.0,84,8.065044950046229,74.0,71.0,1.0,4,3.0
54,68,68.0,dn8,3,pkg58,77.0,84.0,88,8.065044950046229,82.0,77.0,1.0,4,5.0
54,70,70.0,dn10,4,pkg59,74.0,79.0,84,8.065044950046229,82,76,1.0,5,6
54,73,73.0,dn4,2,pkg60,79.0,84.0,86,8.065044950046229,80.0,79.0,1.0,2,1.0
54,73,73.0,dn5,2,pkg61,79.0,87.0,96,8.065044950046229,101,87,0.9554953287499572,9,14
54,74,74.0,dn9,3,pkg62,84.0,92.0,97,8.065044950046229,92.0,84.0,1.0,5,8.0
54,77,77.0,dn7,3,pkg63,81.0,90.0,96,8.065044950046229,85,81,1.0,6,4
54,81,81.0,dn1,1,pkg64,87.0,93.0,98,8.065044950046229,92.0,87.0,1.0,5,5.0
54,84,84.0,dn4,2,pkg65,89.0,99.0,103,8.065044950046229,92.0,89.0,1.0,4,3.0
54,85,85.0,dn2,1,pkg66,93.0,98.0,102,8.065044950046229,97.0,93.0,1.0,4,4.0
54,87,87.0,dn3,1,pkg67,91.0,100.0,103,8.065044950046229,94.0,91.0,1.0,3,3.0
54,90,90.0,dn6,2,pkg68,96.0,105.0,110,8.065044950046229,100.0,96.0,1.0,5,4.0
54,93,93.0,dn1,1,pkg69,96.0,104.0,110,8.065044950046229,101,97,1.0,6,4
54,93,93.0,dn4,2,pkg70,100.0,106.0,113,8.065044950046229,107,100,1.0,7,7
54,93,93.0,dn13,5,pkg71,100.0,105.0,112,8.065044950046229,104.0,100.0,0.9987148696173,7,4.0
54,95,95.0,dn7,3,pkg72,101.0,109.0,119,8.065044950046229,107,101,0.8638529812987656,10,6
54,95,95.0,dn8,3,pkg73,102.0,107.0,113,8.065044950046229,105.0,102.0,1.0,6,3.0
54,99,99.0,dn9,3,pkg74,107.0,116.0,123,8.065044950046229,111.0,107.0,1.0,7,4.0
55,0,0.0,dn1,1,pkg14,10.0,17.0,23,8.065044950046229,18.0,10.0,1.0,6,8.0
55,0,0.0,dn2,1,pkg20,10.0,16.0,23,8.065044950046229,18.0,10.0,1.0,7,8.0
55,0,0.0,dn7,3,pkg10,5.0,14.0,22,8.065044950046229,18,9,1.0,8,9
55,0,0.0,dn8,3,pkg8,5.0,14.0,25,8.065044950046229,30,15,0.7621793903595921,11,15
55,0,0.0,dn10,4,pkg1,5.0,13.0,19,8.065044950046229,14,7,1.0,6,7
55,0,0.0,dn11,4,pkg15,6.0,16.0,20,8.065044950046229,9.0,6.0,1.0,4,3.0
55,0,0.0,dn12,4,pkg7,6.0,16.0,26,8.065044950046229,22,11,0.9733308694771554,10,11
55,0,0.0,dn3,1,pkg2,6.0,13.0,18,8.065044950046229,11.0,6.0,1.0,5,5.0
55,1,1.0,dn4,2,pkg9,6.0,15.0,22,8.065044950046229,17,9,1.0,7,8
55,1,1.0,dn5,2,pkg11,7.0,15.0,25,8.065044950046229,25,13,0.8638529812987656,9,12
55,1,1.0,dn6,2,pkg21,8.0,14.0,22,8.065044950046229,13.0,8.0,0.981497059608109,8,5.0
55,1,1.0,dn9,3,pkg18,6.0,11.0,14,8.065044950046229,8.0,6.0,1.0,3,2.0
55,1,1.0,dn13,5,pkg13,6.0,12.0,17,8.065044950046229,11,6,1.0,5,5
55,1,1.0,dn14,5,pkg23,9.0,16.0,21,8.065044950046229,12.0,9.0,1.0,5,3.0
55,1,1.0,dn15,5,pkg19,6.0,16.0,22,8.065044950046229,13,7,1.0,6,6
55,8,8.0,dn9,3,pkg26,14.0,23.0,28,8.065044950046229,22,15,1.0,5,7
55,9,9.0,dn11,4,pkg12,7.0,16.0,25,8.065044950046229,29,19,0.2830185888500204,9,10
55,11,11.0,dn3,1,pkg22,8.0,13.0,19,8.065044950046229,21,16,0.00806504495004623,6,5
55,11,11.0,dn13,5,pkg6,9.0,18.0,24,8.065044950046229,27,19,0.6649100133406095,6,8
55,12,12.0,dn14,5,pkg4,9.0,18.0,27,8.065044950046229,30,21,0.18695048315002943,9,9
55,13,13.0,dn6,2,pkg24,12.0,21.0,27,8.065044950046229,29,21,0.8130495168499705,6,8
55,13,13.0,dn15,5,pkg28,22.0,32.0,39,8.065044950046229,31,22,1.0,7,9
55,14,14.0,dn10,4,pkg5,9.0,19.0,22,8.065044950046229,22,18,0.9919349550499538,3,4
55,18,18.0,dn1,1,pkg27,16.0,24.0,28,8.065044950046229,28,23,0.9276480006968348,4,5
55,18,18.0,dn2,1,pkg3,10.0,20.0,23,8.065044950046229,24,21,0.18695048315002943,3,3
55,18,18.0,dn7,3,pkg25,14.0,24.0,30,8.065044950046229,22,20,0.5,6,2
55,21,21.0,dn4,2,pkg32,26.0,32.0,40,8.065044950046229,33,27,0.8454987064453288,8,6
55,21,21.0,dn3,1,pkg31,27.0,35.0,39,8.065044950046229,31.0,27.0,1.0,4,4.0
55,22,22.0,dn7,3,pkg29,18.0,23.0,29,8.065044950046229,32,27,0.0,6,5
55,22,22.0,dn10,4,pkg33,29.0,38.0,44,8.065044950046229,32.0,29.0,1.0,6,3.0
55,22,22.0,dn12,4,pkg30,29.0,39.0,48,8.065044950046229,40,31,1.0,9,9
55,24,24.0,dn2,1,pkg34,32.0,40.0,43,8.065044950046229,33.0,32.0,1.0,3,1.0
55,29,29.0,dn6,2,pkg35,34.0,43.0,53,8.065044950046229,41,35,0.8638529812987656,10,6
55,31,31.0,dn15,5,pkg36,38.0,46.0,49,8.065044950046229,41.0,38.0,1.0,3,3.0
55,33,33.0,dn4,2,pkg37,40.0,45.0,52,8.065044950046229,49,41,0.9987148696173,7,8
55,35,35.0,dn5,2,pkg38,41.0,48.0,59,8.065044950046229,65,50,0.6793222358514858,11,15
55,37,37.0,dn1,1,pkg39,43.0,51.0,58,8.065044950046229,59,48,1.0,7,11
55,40,40.0,dn2,1,pkg41,45.0,50.0,55,8.065044950046229,49.0,45.0,1.0,5,4.0
55,40,40.0,dn3,1,pkg42,49.0,56.0,60,8.065044950046229,53.0,49.0,1.0,4,4.0
55,41,41.0,dn6,2,pkg40,44.0,50.0,53,8.065044950046229,49,45,1.0,3,4
55,44,44.0,dn10,4,pkg44,53.0,58.0,60,8.065044950046229,55.0,53.0,1.0,2,2.0
55,45,45.0,dn7,3,pkg45,50.0,58.0,67,8.065044950046229,55,50,0.8942105026999628,9,5
55,46,46.0,dn11,4,pkg46,51.0,61.0,68,8.065044950046229,68,57,1.0,7,11
55,49,49.0,dn6,2,pkg48,58.0,67.0,69,8.065044950046229,61.0,58.0,1.0,2,3.0
55,49,49.0,dn12,4,pkg47,55.0,65.0,71,8.065044950046229,60.0,55.0,1.0,6,5.0
55,50,50.0,dn4,2,pkg43,50.0,55.0,66,8.065044950046229,66,58,0.04912402419128953,11,8
55,55,55.0,dn2,1,pkg51,59.0,66.0,70,8.065044950046229,62.0,59.0,1.0,4,3.0
55,55,55.0,dn10,4,pkg50,62.0,70.0,79,8.065044950046229,81,68,0.9919349550499538,9,13
55,60,60.0,dn1,1,pkg52,65.0,70.0,78,8.065044950046229,70,65,0.742124235688649,8,5
55,60,60.0,dn12,4,pkg49,58.0,66.0,75,8.065044950046229,74,67,0.18695048315002943,9,7
55,65,65.0,dn6,2,pkg53,69.0,77.0,82,8.065044950046229,79,72,1.0,5,7
55,66,66.0,dn4,2,pkg55,73.0,82.0,90,8.065044950046229,94,80,1.0,8,14
55,66,66.0,dn7,3,pkg54,71.0,77.0,81,8.065044950046229,78,72,1.0,4,6
55,70,70.0,dn5,2,pkg56,74.0,82.0,89,8.065044950046229,82,76,0.9987148696173,7,6
55,74,74.0,dn1,1,pkg57,78.0,86.0,91,8.065044950046229,84,79,1.0,5,5
55,77,77.0,dn2,1,pkg59,86.0,91.0,95,8.065044950046229,92.0,86.0,1.0,4,6.0
55,77,77.0,dn11,4,pkg60,83.0,90.0,99,8.065044950046229,103,90,0.8942105026999628,9,13
55,79,79.0,dn6,2,pkg58,85.0,95.0,98,8.065044950046229,88.0,85.0,1.0,3,3.0
55,79,79.0,dn12,4,pkg61,87.0,94.0,103,8.065044950046229,99,89,0.9919349550499538,9,10
55,80,80.0,dn3,1,pkg62,88.0,98.0,101,8.065044950046229,92.0,88.0,1.0,3,4.0
55,82,82.0,dn7,3,pkg63,90.0,96.0,107,8.065044950046229,114,98,0.7621793903595921,11,16
55,83,83.0,dn5,2,pkg64,88.0,97.0,101,8.065044950046229,92.0,88.0,1.0,4,4.0
55,84,84.0,dn13,5,pkg65,88.0,96.0,107,8.065044950046229,106,95,0.5910219106092702,11,11
55,88,88.0,dn8,3,pkg66,96.0,103.0,107,8.065044950046229,98.0,96.0,1.0,4,2.0
55,90,90.0,dn1,1,pkg67,96.0,104.0,108,8.065044950046229,100.0,96.0,1.0,4,4.0
55,90,90.0,dn9,3,pkg68,95.0,101.0,103,8.065044950046229,97.0,95.0,1.0,2,2.0
55,92,92.0,dn14,5,pkg69,100.0,106.0,111,8.065044950046229,105.0,100.0,1.0,5,5.0
55,92,92.0,dn15,5,pkg70,101.0,110.0,112,8.065044950046229,102.0,101.0,1.0,2,1.0
55,93,93.0,dn2,1,pkg71,101.0,107.0,114,8.065044950046229,111,102,1.0,7,9
55,95,95.0,dn3,1,pkg72,103.0,111.0,118,8.065044950046229,113,104,1.0,7,9
55,97,97.0,dn10,4,pkg73,102.0,112.0,118,8.065044950046229,111,104,1.0,6,7
55,99,99.0,dn4,2,pkg74,105.0,115.0,124,8.065044950046229,113,106,1.0,9,7
56,0,0.0,dn1,1,pkg6,5.0,12.0,17,8.065044950046229,12,6,1.0,5,6
56,0,0.0,dn2,1,pkg9,5.0,12.0,21,8.065044950046229,14,7,0.8130495168499705,9,7
56,0,0.0,dn3,1,pkg17,5.0,11.0,21,8.065044950046229,24,12,0.6000193206335656,10,12
56,0,0.0,dn11,4,pkg1,5.0,10.0,16,8.065044950046229,8.0,5.0,0.9919349550499538,6,3.0
56,0,0.0,dn12,4,pkg18,6.0,11.0,17,8.065044950046229,9.0,6.0,1.0,6,3.0
56,0,0.0,dn7,3,pkg5,6.0,11.0,14,8.065044950046229,8.0,6.0,1.0,3,2.0
56,0,0.0,dn10,4,pkg2,6.0,11.0,18,8.065044950046229,11.0,6.0,0.9623380203040381,7,5.0
56,1,1.0,dn4,2,pkg10,6.0,14.0,18,8.065044950046229,10.0,6.0,1.0,4,4.0
56,1,1.0,dn5,2,pkg14,10.0,18.0,25,8.065044950046229,17.0,10.0,1.0,7,7.0
56,1,1.0,dn6,2,pkg16,10.0,20.0,28,8.065044950046229,18.0,10.0,1.0,8,8.0
56,1,1.0,dn9,3,pkg4,8.0,13.0,18,8.065044950046229,15,8,1.0,5,7
56,1,1.0,dn13,5,pkg15,6.0,13.0,20,8.065044950046229,13,7,0.9987148696173,7,6
56,1,1.0,dn14,5,pkg22,10.0,19.0,26,8.065044950046229,15.0,10.0,1.0,7,5.0
56,1,1.0,dn15,5,pkg11,7.0,15.0,26,8.065044950046229,15,8,0.7621793903595921,11,7
56,1,1.0,dn8,3,pkg13,8.0,14.0,18,8.065044950046229,10.0,8.0,1.0,4,2.0
56,8,8.0,dn7,3,pkg25,13.0,20.0,28,8.065044950046229,22,15,0.9276480006968348,8,7
56,8,8.0,dn11,4,pkg12,7.0,12.0,13,8.065044950046229,10,9,1.0,1,1
56,9,9.0,dn12,4,pkg20,10.0,17.0,23,8.065044950046229,19,14,0.8130495168499705,6,5
56,10,10.0,dn4,2,pkg8,10.0,17.0,22,8.065044950046229,18,14,0.8638529812987656,5,4
56,10,10.0,dn8,3,pkg26,13.0,23.0,32,8.065044950046229,24,17,0.8942105026999628,9,7
56,10,10.0,dn11,4,pkg28,14.0,23.0,26,8.065044950046229,18,14,1.0,3,4
56,11,11.0,dn10,4,pkg27,18.0,27.0,38,8.065044950046229,37,24,0.9006778457052591,11,13
56,12,12.0,dn1,1,pkg24,7.0,17.0,25,8.065044950046229,20,16,0.15450129355467118,8,4
56,13,13.0,dn13,5,pkg21,8.0,18.0,25,8.065044950046229,31,22,0.22658690677451554,7,9
56,14,14.0,dn2,1,pkg7,10.0,19.0,23,8.065044950046229,20,17,0.742124235688649,4,3
56,15,15.0,dn9,3,pkg3,10.0,18.0,21,8.065044950046229,21,18,0.5,3,3
56,15,15.0,dn14,5,pkg29,24.0,31.0,42,8.065044950046229,30.0,24.0,0.9006778457052591,11,6.0
56,15,15.0,dn15,5,pkg23,11.0,18.0,29,8.065044950046229,47,31,0.00043788595842408906,11,16
56,17,17.0,dn5,2,pkg30,24.0,29.0,36,8.065044950046229,27.0,24.0,0.9987148696173,7,3.0
56,18,18.0,dn11,4,pkg31,27.0,33.0,40,8.065044950046229,30.0,27.0,1.0,7,3.0
56,19,19.0,dn12,4,pkg33,26.0,33.0,41,8.065044950046229,37,28,1.0,8,9
56,20,20.0,dn1,1,pkg32,27.0,33.0,43,8.065044950046229,42,31,0.7855682414064981,10,11
56,22,22.0,dn7,3,pkg34,27.0,33.0,41,8.065044950046229,32,27,0.8454987064453288,8,5
56,23,23.0,dn4,2,pkg35,28.0,33.0,35,8.065044950046229,30.0,28.0,1.0,2,2.0
56,23,23.0,dn6,2,pkg36,32.0,42.0,46,8.065044950046229,37.0,32.0,1.0,4,5.0
56,27,27.0,dn5,2,pkg37,33.0,39.0,49,8.065044950046229,37.0,33.0,0.6964162111435814,10,4.0
56,28,28.0,dn8,3,pkg38,36.0,42.0,44,8.065044950046229,37.0,36.0,1.0,2,1.0
56,31,31.0,dn13,5,pkg39,41.0,48.0,54,8.065044950046229,46.0,41.0,1.0,6,5.0
56,35,35.0,dn2,1,pkg41,43.0,48.0,56,8.065044950046229,51,43,0.981497059608109,8,8
56,35,35.0,dn11,4,pkg40,39.0,44.0,45,8.065044950046229,41.0,39.0,1.0,1,2.0
56,39,39.0,dn3,1,pkg42,45.0,53.0,54,8.065044950046229,46.0,45.0,1.0,1,1.0
56,39,39.0,dn12,4,pkg43,46.0,54.0,64,8.065044950046229,65,52,0.9276480006968348,10,13
56,41,41.0,dn4,2,pkg44,47.0,56.0,62,8.065044950046229,53,47,1.0,6,6
56,45,45.0,dn1,1,pkg45,54.0,60.0,63,8.065044950046229,57.0,54.0,1.0,3,3.0
56,45,45.0,dn14,5,pkg46,52.0,58.0,64,8.065044950046229,61,53,1.0,6,8
56,51,51.0,dn2,1,pkg47,57.0,67.0,72,8.065044950046229,60.0,57.0,1.0,5,3.0
56,55,55.0,dn3,1,pkg48,62.0,72.0,80,8.065044950046229,68.0,62.0,1.0,8,6.0
56,56,56.0,dn7,3,pkg49,60.0,67.0,70,8.065044950046229,64,60,1.0,3,4
56,57,57.0,dn1,1,pkg50,61.0,69.0,76,8.065044950046229,64.0,61.0,0.9987148696173,7,3.0
56,59,59.0,dn8,3,pkg51,67.0,76.0,83,8.065044950046229,77,68,1.0,7,9
56,59,59.0,dn9,3,pkg52,69.0,78.0,83,8.065044950046229,74.0,69.0,1.0,5,5.0
56,61,61.0,dn14,5,pkg53,66.0,73.0,82,8.065044950046229,83,72,0.8130495168499705,9,11
56,66,66.0,dn4,2,pkg54,70.0,79.0,82,8.065044950046229,74,70,1.0,3,4
56,66,66.0,dn5,2,pkg55,73.0,80.0,91,8.065044950046229,79.0,73.0,0.7621793903595921,11,6.0
56,71,71.0,dn1,1,pkg56,79.0,87.0,91,8.065044950046229,83.0,79.0,1.0,4,4.0
56,76,76.0,dn3,1,pkg58,85.0,95.0,103,8.065044950046229,98,87,1.0,8,11
56,76,76.0,dn4,2,pkg57,85.0,92.0,97,8.065044950046229,92.0,85.0,1.0,5,7.0
56,78,78.0,dn7,3,pkg59,82.0,92.0,99,8.065044950046229,90,84,1.0,7,6
56,80,80.0,dn2,1,pkg60,89.0,96.0,100,8.065044950046229,92.0,89.0,1.0,4,3.0
56,83,83.0,dn13,5,pkg61,89.0,95.0,102,8.065044950046229,103,93,0.9987148696173,7,10
56,86,86.0,dn8,3,pkg62,94.0,100.0,103,8.065044950046229,99.0,94.0,1.0,3,5.0
56,90,90.0,dn1,1,pkg63,95.0,101.0,105,8.065044950046229,100,95,1.0,4,5
56,90,90.0,dn15,5,pkg64,99.0,109.0,113,8.065044950046229,105.0,99.0,1.0,4,6.0
56,92,92.0,dn5,2,pkg65,99.0,104.0,105,8.065044950046229,100.0,99.0,1.0,1,1.0
56,95,95.0,dn7,3,pkg67,101.0,110.0,120,8.065044950046229,119,107,0.9276480006968348,10,12
56,95,95.0,dn9,3,pkg66,102.0,107.0,110,8.065044950046229,104.0,102.0,1.0,3,2.0
56,96,96.0,dn4,2,pkg68,102.0,112.0,122,8.065044950046229,116,106,0.9733308694771554,10,10
57,0,0.0,dn4,2,pkg15,8.0,17.0,24,8.065044950046229,13.0,8.0,1.0,7,5.0
57,0,0.0,dn5,2,pkg18,5.0,13.0,23,8.065044950046229,16,8,0.7855682414064981,10,8
57,0,0.0,dn7,3,pkg13,5.0,14.0,19,8.065044950046229,12,6,1.0,5,6
57,0,0.0,dn8,3,pkg5,8.0,17.0,22,8.065044950046229,15.0,8.0,1.0,5,7.0
57,0,0.0,dn9,3,pkg8,5.0,12.0,21,8.065044950046229,12,6,0.8130495168499705,9,6
57,0,0.0,dn11,4,pkg14,6.0,16.0,20,8.065044950046229,10.0,6.0,1.0,4,4.0
57,0,0.0,dn6,2,pkg9,7.0,15.0,18,8.065044950046229,9.0,7.0,1.0,3,2.0
57,0,0.0,dn10,4,pkg19,7.0,12.0,19,8.065044950046229,20,10,0.9987148696173,7,10
57,1,1.0,dn1,1,pkg22,5.0,11.0,14,8.065044950046229,8.0,5.0,1.0,3,3.0
57,1,1.0,dn2,1,pkg1,6.0,13.0,17,8.065044950046229,9.0,6.0,1.0,4,3.0
57,1,1.0,dn3,1,pkg20,6.0,13.0,18,8.065044950046229,11,6,1.0,5,5
57,1,1.0,dn12,4,pkg12,7.0,17.0,28,8.065044950046229,31,16,0.9006778457052591,11,15
57,1,1.0,dn13,5,pkg11,9.0,15.0,19,8.065044950046229,12.0,9.0,1.0,4,3.0
57,1,1.0,dn14,5,pkg6,9.0,17.0,22,8.065044950046229,15.0,9.0,1.0,5,6.0
57,1,1.0,dn15,5,pkg17,8.0,14.0,15,8.065044950046229,9.0,8.0,1.0,1,1.0
57,8,8.0,dn1,1,pkg7,9.0,14.0,17,8.065044950046229,14,11,1.0,3,3
57,9,9.0,dn2,1,pkg24,9.0,19.0,26,8.065044950046229,17,13,0.8837170879173109,7,4
57,9,9.0,dn6,2,pkg2,8.0,16.0,20,8.065044950046229,17,13,1.0,4,4
57,9,9.0,dn15,5,pkg3,8.0,15.0,23,8.065044950046229,35,22,0.2578757643113509,8,13
57,10,10.0,dn11,4,pkg23,12.0,20.0,25,8.065044950046229,22,16,1.0,5,6
57,11,11.0,dn3,1,pkg25,14.0,21.0,24,8.065044950046229,17,14,1.0,3,3
57,12,12.0,dn7,3,pkg16,9.0,14.0,18,8.065044950046229,20,16,0.07235199930316516,4,4
57,12,12.0,dn9,3,pkg28,20.0,25.0,31,8.065044950046229,24.0,20.0,1.0,6,4.0
57,12,12.0,dn13,5,pkg27,17.0,27.0,34,8.065044950046229,26,19,1.0,7,7
57,13,13.0,dn4,2,pkg29,17.0,23.0,32,8.065044950046229,31,22,0.6109752255499895,9,9
57,14,14.0,dn1,1,pkg26,14.0,23.0,31,8.065044950046229,38,26,0.6245996472618536,8,12
57,15,15.0,dn8,3,pkg10,9.0,19.0,30,8.065044950046229,41,28,0.015255406290165807,11,13
57,15,15.0,dn14,5,pkg4,10.0,16.0,26,8.065044950046229,43,29,0.0,10,14
57,16,16.0,dn5,2,pkg21,9.0,19.0,29,8.065044950046229,40,28,0.002720842483821817,10,12
57,17,17.0,dn6,2,pkg30,23.0,29.0,34,8.065044950046229,28.0,23.0,1.0,5,5.0
57,19,19.0,dn2,1,pkg31,27.0,34.0,42,8.065044950046229,30.0,27.0,1.0,8,3.0
57,22,22.0,dn3,1,pkg32,26.0,32.0,36,8.065044950046229,28.0,26.0,1.0,4,2.0
57,26,26.0,dn13,5,pkg33,31.0,40.0,49,8.065044950046229,42,34,0.9554953287499572,9,8
57,30,30.0,dn2,1,pkg35,35.0,44.0,48,8.065044950046229,42,36,1.0,4,6
57,30,30.0,dn9,3,pkg34,37.0,44.0,51,8.065044950046229,44,37,1.0,7,7
57,33,33.0,dn7,3,pkg36,38.0,44.0,50,8.065044950046229,42.0,38.0,1.0,6,4.0
57,34,34.0,dn3,1,pkg38,41.0,50.0,56,8.065044950046229,46.0,41.0,1.0,6,5.0
57,34,34.0,dn10,4,pkg37,38.0,44.0,52,8.065044950046229,54,44,0.742124235688649,8,10
57,38,38.0,dn4,2,pkg39,44.0,50.0,52,8.065044950046229,46.0,44.0,1.0,2,2.0
57,38,38.0,dn6,2,pkg40,48.0,55.0,63,8.065044950046229,54.0,48.0,1.0,8,6.0
57,40,40.0,dn1,1,pkg41,49.0,58.0,63,8.065044950046229,53.0,49.0,1.0,5,4.0
57,40,40.0,dn5,2,pkg42,45.0,51.0,61,8.065044950046229,62,51,0.6000193206335656,10,11
57,41,41.0,dn15,5,pkg43,49.0,54.0,63,8.065044950046229,57,49,0.8942105026999628,9,8
57,48,48.0,dn2,1,pkg44,54.0,59.0,61,8.065044950046229,56.0,54.0,1.0,2,2.0
57,53,53.0,dn7,3,pkg45,62.0,72.0,80,8.065044950046229,64.0,62.0,1.0,8,2.0
57,57,57.0,dn10,4,pkg46,63.0,68.0,73,8.065044950046229,67.0,63.0,1.0,5,4.0
57,59,59.0,dn1,1,pkg47,64.0,72.0,77,8.065044950046229,75,67,1.0,5,8
57,59,59.0,dn14,5,pkg48,66.0,73.0,78,8.065044950046229,69.0,66.0,1.0,5,3.0
57,63,63.0,dn8,3,pkg49,69.0,78.0,82,8.065044950046229,72.0,69.0,1.0,4,3.0
57,63,63.0,dn9,3,pkg50,72.0,78.0,84,8.065044950046229,76.0,72.0,1.0,6,4.0
57,69,69.0,dn13,5,pkg51,75.0,80.0,87,8.065044950046229,91,80,0.9623380203040381,7,11
57,71,71.0,dn4,2,pkg52,76.0,85.0,93,8.065044950046229,93,82,1.0,8,11
57,73,73.0,dn2,1,pkg53,82.0,91.0,98,8.065044950046229,89.0,82.0,1.0,7,7.0
57,74,74.0,dn7,3,pkg55,80.0,88.0,95,8.065044950046229,83.0,80.0,1.0,7,3.0
57,74,74.0,dn8,3,pkg54,81.0,91.0,98,8.065044950046229,88,81,1.0,7,7
57,78,78.0,dn9,3,pkg56,85.0,93.0,99,8.065044950046229,88.0,85.0,1.0,6,3.0
57,82,82.0,dn14,5,pkg57,90.0,95.0,100,8.065044950046229,94.0,90.0,1.0,5,4.0
57,87,87.0,dn7,3,pkg58,93.0,103.0,110,8.065044950046229,105,96,1.0,7,9
57,87,87.0,dn15,5,pkg59,94.0,101.0,107,8.065044950046229,101,94,1.0,6,7
57,92,92.0,dn1,1,pkg60,98.0,105.0,112,8.065044950046229,103.0,98.0,1.0,7,5.0
57,92,92.0,dn2,1,pkg61,100.0,109.0,112,8.065044950046229,105.0,100.0,1.0,3,5.0
57,95,95.0,dn8,3,pkg62,101.0,107.0,113,8.065044950046229,104.0,101.0,1.0,6,3.0
57,95,95.0,dn9,3,pkg63,102.0,110.0,120,8.065044950046229,113,104,0.9276480006968348,10,9
57,98,98.0,dn4,2,pkg64,104.0,109.0,115,8.065044950046229,109.0,104.0,1.0,6,5.0
58,0,0.0,dn10,4,pkg9,5.0,14.0,19,8.065044950046229,14,7,1.0,5,7
58,0,0.0,dn11,4,pkg22,5.0,15.0,19,8.065044950046229,12,6,1.0,4,6
58,0,0.0,dn12,4,pkg8,6.0,14.0,21,8.065044950046229,22,11,1.0,7,11
58,0,0.0,dn13,5,pkg17,5.0,13.0,20,8.065044950046229,8.0,5.0,1.0,7,3.0
58,0,0.0,dn14,5,pkg13,10.0,18.0,24,8.065044950046229,18.0,10.0,1.0,6,8.0
58,0,0.0,dn15,5,pkg11,5.0,11.0,22,8.065044950046229,30,15,0.5,11,15
58,1,1.0,dn1,1,pkg23,6.0,13.0,19,8.065044950046229,15,8,1.0,6,7
58,1,1.0,dn2,1,pkg21,9.0,16.0,24,8.065044950046229,23,12,1.0,8,11
58,1,1.0,dn3,1,pkg15,6.0,13.0,24,8.065044950046229,15,8,0.5910219106092702,11,7
58,1,1.0,dn4,2,pkg2,5.0,10.0,13,8.065044950046229,7.0,5.0,1.0,3,2.0
58,1,1.0,dn5,2,pkg4,7.0,15.0,18,8.065044950046229,11.0,7.0,1.0,3,4.0
58,1,1.0,dn6,2,pkg3,7.0,15.0,20,8.065044950046229,9.0,7.0,1.0,5,2.0
58,1,1.0,dn7,3,pkg6,7.0,15.0,21,8.065044950046229,11.0,7.0,1.0,6,4.0
58,1,1.0,dn8,3,pkg12,8.0,16.0,22,8.065044950046229,13.0,8.0,1.0,6,5.0
58,1,1.0,dn9,3,pkg16,9.0,14.0,22,8.065044950046229,14.0,9.0,0.981497059608109,8,5.0
58,7,7.0,dn4,2,pkg19,10.0,19.0,24,8.065044950046229,21,14,1.0,5,7
58,8,8.0,dn13,5,pkg27,15.0,25.0,35,8.065044950046229,19.0,15.0,0.9972791575161781,10,4.0
58,9,9.0,dn6,2,pkg28,18.0,24.0,31,8.065044950046229,26.0,18.0,1.0,7,8.0
58,11,11.0,dn5,2,pkg7,7.0,16.0,24,8.065044950046229,39,25,0.15450129355467118,8,14
58,11,11.0,dn7,3,pkg26,11.0,17.0,26,8.065044950046229,29,20,0.18695048315002943,9,9
58,12,12.0,dn11,4,pkg1,9.0,19.0,23,8.065044950046229,20,16,1.0,4,4
58,13,13.0,dn8,3,pkg31,23.0,31.0,38,8.065044950046229,31.0,23.0,1.0,7,8.0
58,14,14.0,dn9,3,pkg32,24.0,32.0,40,8.065044950046229,33.0,24.0,1.0,8,9.0
58,14,14.0,dn10,4,pkg29,19.0,25.0,33,8.065044950046229,42,28,0.8454987064453288,8,14
58,15,15.0,dn1,1,pkg24,9.0,19.0,21,8.065044950046229,19,17,1.0,2,2
58,15,15.0,dn3,1,pkg33,20.0,26.0,34,8.065044950046229,39,27,0.8454987064453288,8,12
58,18,18.0,dn14,5,pkg30,21.0,29.0,34,8.065044950046229,30,24,1.0,5,6
58,19,19.0,dn13,5,pkg34,22.0,29.0,35,8.065044950046229,25,22,0.9919349550499538,6,3
58,19,19.0,dn1,1,pkg35,24.0,31.0,40,8.065044950046229,43,31,0.8130495168499705,9,12
58,23,23.0,dn2,1,pkg37,30.0,36.0,45,8.065044950046229,45,34,0.8942105026999628,9,11
58,25,25.0,dn4,2,pkg39,31.0,36.0,39,8.065044950046229,33.0,31.0,1.0,3,2.0
58,26,26.0,dn13,5,pkg38,33.0,40.0,48,8.065044950046229,39.0,33.0,1.0,8,6.0
58,29,29.0,dn7,3,pkg36,28.0,36.0,39,8.065044950046229,37,33,1.0,3,4
58,33,33.0,dn6,2,pkg41,38.0,44.0,49,8.065044950046229,40.0,38.0,1.0,5,2.0
58,33,33.0,dn9,3,pkg42,40.0,50.0,52,8.065044950046229,43.0,40.0,1.0,2,3.0
58,36,36.0,dn4,2,pkg44,44.0,49.0,55,8.065044950046229,47.0,44.0,1.0,6,3.0
58,36,36.0,dn12,4,pkg43,45.0,50.0,57,8.065044950046229,48.0,45.0,1.0,7,3.0
58,37,37.0,dn7,3,pkg45,46.0,52.0,55,8.065044950046229,48.0,46.0,1.0,3,2.0
58,39,39.0,dn13,5,pkg46,44.0,51.0,55,8.065044950046229,47.0,44.0,1.0,4,3.0
58,39,39.0,dn3,1,pkg40,37.0,47.0,54,8.065044950046229,57,48,0.6419870569969255,7,9
58,45,45.0,dn10,4,pkg47,50.0,55.0,58,8.065044950046229,54.0,50.0,1.0,3,4.0
58,48,48.0,dn12,4,pkg48,58.0,64.0,68,8.065044950046229,61.0,58.0,1.0,4,3.0
58,49,49.0,dn4,2,pkg49,56.0,61.0,66,8.065044950046229,60.0,56.0,1.0,5,4.0
58,55,55.0,dn5,2,pkg51,63.0,68.0,72,8.065044950046229,69.0,63.0,1.0,4,6.0
58,55,55.0,dn7,3,pkg50,64.0,74.0,77,8.065044950046229,69.0,64.0,1.0,3,5.0
58,57,57.0,dn1,1,pkg52,66.0,74.0,80,8.065044950046229,71.0,66.0,1.0,6,5.0
58,57,57.0,dn2,1,pkg53,67.0,73.0,81,8.065044950046229,83,70,1.0,8,13
58,59,59.0,dn10,4,pkg54,66.0,71.0,74,8.065044950046229,69.0,66.0,1.0,3,3.0
58,63,63.0,dn3,1,pkg55,70.0,77.0,83,8.065044950046229,83,73,1.0,6,10
58,66,66.0,dn8,3,pkg57,70.0,76.0,80,8.065044950046229,73.0,70.0,1.0,4,3.0
58,72,72.0,dn1,1,pkg56,70.0,80.0,87,8.065044950046229,84,78,0.6419870569969255,7,6
58,72,72.0,dn4,2,pkg58,81.0,90.0,93,8.065044950046229,84.0,81.0,1.0,3,3.0
58,76,76.0,dn6,2,pkg60,85.0,94.0,104,8.065044950046229,98,87,1.0,10,11
58,76,76.0,dn7,3,pkg59,85.0,93.0,100,8.065044950046229,92.0,85.0,1.0,7,7.0
58,78,78.0,dn5,2,pkg61,85.0,92.0,101,8.065044950046229,98,88,0.9554953287499572,9,10
58,79,79.0,dn10,4,pkg62,87.0,94.0,97,8.065044950046229,92.0,87.0,1.0,3,5.0
58,81,81.0,dn8,3,pkg63,90.0,98.0,106,8.065044950046229,101,91,1.0,8,10
58,82,82.0,dn11,4,pkg64,87.0,97.0,104,8.065044950046229,90.0,87.0,1.0,7,3.0
58,82,82.0,dn12,4,pkg65,92.0,98.0,107,8.065044950046229,102,92,1.0,9,10
58,84,84.0,dn4,2,pkg66,91.0,97.0,105,8.065044950046229,110,97,0.981497059608109,8,13
58,86,86.0,dn9,3,pkg67,90.0,100.0,104,8.065044950046229,98,92,1.0,4,6
58,87,87.0,dn13,5,pkg68,91.0,101.0,104,8.065044950046229,94.0,91.0,1.0,3,3.0
58,92,92.0,dn10,4,pkg70,97.0,105.0,116,8.065044950046229,108,100,0.6793222358514858,11,8
58,92,92.0,dn11,4,pkg69,101.0,110.0,113,8.065044950046229,104.0,101.0,1.0,3,3.0
58,93,93.0,dn1,1,pkg71,99.0,107.0,113,8.065044950046229,107,100,1.0,6,7
58,98,98.0,dn5,2,pkg72,105.0,111.0,116,8.065044950046229,109.0,105.0,1.0,5,4.0
58,98,98.0,dn7,3,pkg73,106.0,111.0,119,8.065044950046229,118,108,0.981497059608109,8,10
59,0,0.0,dn1,1,pkg9,5.0,15.0,23,8.065044950046229,16,8,1.0,8,8
59,0,0.0,dn2,1,pkg20,7.0,17.0,24,8.065044950046229,12.0,7.0,1.0,7,5.0
59,0,0.0,dn3,1,pkg16,8.0,17.0,25,8.065044950046229,13.0,8.0,1.0,8,5.0
59,0,0.0,dn5,2,pkg18,7.0,16.0,24,8.065044950046229,16,8,1.0,8,8
59,0,0.0,dn6,2,pkg21,7.0,16.0,24,8.065044950046229,16,8,1.0,8,8
59,0,0.0,dn7,3,pkg14,5.0,14.0,19,8.065044950046229,8.0,5.0,1.0,5,3.0
59,0,0.0,dn8,3,pkg4,5.0,14.0,22,8.065044950046229,12,6,1.0,8,6
59,0,0.0,dn10,4,pkg5,5.0,13.0,18,8.065044950046229,14,7,1.0,5,7
59,0,0.0,dn4,2,pkg17,6.0,12.0,15,8.065044950046229,9.0,6.0,1.0,3,3.0
59,0,0.0,dn14,5,pkg11,6.0,14.0,19,8.065044950046229,16,8,1.0,5,8
59,0,0.0,dn9,3,pkg22,6.0,13.0,18,8.065044950046229,10.0,6.0,1.0,5,4.0
59,0,0.0,dn13,5,pkg13,8.0,14.0,22,8.065044950046229,18,9,1.0,8,9
59,1,1.0,dn11,4,pkg7,6.0,11.0,14,8.065044950046229,9.0,6.0,1.0,3,3.0
59,1,1.0,dn12,4,pkg12,6.0,13.0,19,8.065044950046229,15,8,1.0,6,7
59,1,1.0,dn15,5,pkg2,9.0,14.0,22,8.065044950046229,17,9,0.981497059608109,8,8
59,8,8.0,dn7,3,pkg1,6.0,14.0,24,8.065044950046229,30,19,0.1361470187012343,10,11
59,9,9.0,dn4,2,pkg10,6.0,16.0,19,8.065044950046229,19,14,1.0,3,5
59,9,9.0,dn11,4,pkg19,8.0,17.0,19,8.065044950046229,11,10,1.0,2,1
59,10,10.0,dn9,3,pkg27,14.0,21.0,25,8.065044950046229,22,16,1.0,4,6
59,11,11.0,dn11,4,pkg8,10.0,18.0,22,8.065044950046229,23,17,1.0,4,6
59,12,12.0,dn2,1,pkg28,15.0,22.0,25,8.065044950046229,17.0,15.0,1.0,3,2.0
59,12,12.0,dn8,3,pkg29,22.0,28.0,36,8.065044950046229,34,23,1.0,8,11
59,13,13.0,dn3,1,pkg15,6.0,15.0,22,8.065044950046229,25,19,0.001285130382700006,7,6
59,14,14.0,dn10,4,pkg6,7.0,16.0,18,8.065044950046229,18,16,0.5,2,2
59,16,16.0,dn5,2,pkg25,13.0,19.0,23,8.065044950046229,18,17,0.2578757643113509,4,1
59,16,16.0,dn6,2,pkg26,12.0,18.0,22,8.065044950046229,24,20,0.07235199930316516,4,4
59,18,18.0,dn13,5,pkg30,27.0,36.0,40,8.065044950046229,28.0,27.0,1.0,4,1.0
59,22,22.0,dn1,1,pkg32,27.0,37.0,42,8.065044950046229,34,28,1.0,5,6
59,22,22.0,dn14,5,pkg31,26.0,31.0,34,8.065044950046229,32,27,1.0,3,5
59,23,23.0,dn11,4,pkg33,29.0,36.0,44,8.065044950046229,39,31,0.981497059608109,8,8
59,28,28.0,dn4,2,pkg34,32.0,37.0,42,8.065044950046229,42,35,1.0,5,7
59,28,28.0,dn5,2,pkg35,38.0,44.0,50,8.065044950046229,42.0,38.0,1.0,6,4.0
59,31,31.0,dn2,1,pkg36,37.0,43.0,46,8.065044950046229,40.0,37.0,1.0,3,3.0
59,33,33.0,dn6,2,pkg37,40.0,45.0,50,8.065044950046229,45.0,40.0,1.0,5,5.0
59,35,35.0,dn1,1,pkg38,42.0,52.0,59,8.065044950046229,51,43,1.0,7,8
59,36,36.0,dn7,3,pkg39,41.0,51.0,58,8.065044950046229,52,44,1.0,7,8
59,41,41.0,dn2,1,pkg40,46.0,55.0,60,8.065044950046229,55,48,1.0,5,7
59,42,42.0,dn10,4,pkg41,51.0,57.0,68,8.065044950046229,70,56,0.8368717887665349,11,14
59,42,42.0,dn11,4,pkg42,52.0,58.0,65,8.065044950046229,62,52,1.0,7,10
59,43,43.0,dn3,1,pkg43,48.0,53.0,63,8.065044950046229,51.0,48.0,0.5,10,3.0
59,47,47.0,dn4,2,pkg44,56.0,65.0,72,8.065044950046229,65,56,1.0,7,9
59,47,47.0,dn5,2,pkg45,57.0,66.0,74,8.065044950046229,63.0,57.0,1.0,8,6.0
59,49,49.0,dn6,2,pkg46,56.0,61.0,65,8.065044950046229,58.0,56.0,1.0,4,2.0
59,51,51.0,dn13,5,pkg47,55.0,62.0,66,8.065044950046229,63,57,1.0,4,6
59,52,52.0,dn7,3,pkg48,58.0,67.0,74,8.065044950046229,64,58,1.0,7,6
59,59,59.0,dn8,3,pkg49,68.0,73.0,77,8.065044950046229,74.0,68.0,1.0,4,6.0
59,61,61.0,dn1,1,pkg50,66.0,72.0,77,8.065044950046229,70.0,66.0,1.0,5,4.0
59,62,62.0,dn6,2,pkg51,68.0,78.0,85,8.065044950046229,80,71,1.0,7,9
59,63,63.0,dn2,1,pkg52,68.0,77.0,81,8.065044950046229,69.0,68.0,1.0,4,1.0
59,63,63.0,dn5,2,pkg53,72.0,79.0,88,8.065044950046229,91,77,1.0,9,14
59,65,65.0,dn3,1,pkg54,74.0,83.0,91,8.065044950046229,85,75,1.0,8,10
59,69,69.0,dn7,3,pkg55,73.0,78.0,83,8.065044950046229,83,76,1.0,5,7
59,72,72.0,dn4,2,pkg56,80.0,88.0,93,8.065044950046229,86.0,80.0,1.0,5,6.0
59,75,75.0,dn10,4,pkg57,81.0,89.0,99,8.065044950046229,105,90,0.8638529812987656,10,15
59,78,78.0,dn8,3,pkg58,82.0,92.0,95,8.065044950046229,85.0,82.0,1.0,3,3.0
59,78,78.0,dn14,5,pkg59,87.0,96.0,106,8.065044950046229,94.0,87.0,1.0,10,7.0
59,79,79.0,dn1,1,pkg60,85.0,90.0,100,8.065044950046229,107,93,0.6000193206335656,10,14
59,81,81.0,dn11,4,pkg61,88.0,95.0,97,8.065044950046229,90.0,88.0,1.0,2,2.0
59,84,84.0,dn7,3,pkg62,93.0,99.0,102,8.065044950046229,95.0,93.0,1.0,3,2.0
59,85,85.0,dn2,1,pkg63,93.0,101.0,105,8.065044950046229,97.0,93.0,1.0,4,4.0
59,86,86.0,dn4,2,pkg64,94.0,104.0,109,8.065044950046229,97.0,94.0,1.0,5,3.0
59,88,88.0,dn6,2,pkg65,93.0,101.0,107,8.065044950046229,98,93,1.0,6,5
59,88,88.0,dn9,3,pkg66,96.0,101.0,106,8.065044950046229,102.0,96.0,1.0,5,6.0
59,90,90.0,dn3,1,pkg67,95.0,103.0,110,8.065044950046229,99.0,95.0,1.0,7,4.0
59,92,92.0,dn5,2,pkg68,99.0,106.0,110,8.065044950046229,101.0,99.0,1.0,4,2.0
59,92,92.0,dn12,4,pkg69,101.0,110.0,118,8.065044950046229,112,102,1.0,8,10
59,97,97.0,dn4,2,pkg70,106.0,113.0,123,8.065044950046229,114.0,106.0,0.9733308694771554,10,8.0
59,98,98.0,dn7,3,pkg71,102.0,110.0,115,8.065044950046229,105.0,102.0,1.0,5,3.0
60,0,0.0,dn1,1,pkg19,5.0,15.0,19,8.065044950046229,9.0,5.0,1.0,4,4.0
60,0,0.0,dn4,2,pkg4,5.0,14.0,18,8.065044950046229,10,5,1.0,4,5
60,0,0.0,dn6,2,pkg21,6.0,14.0,22,8.065044950046229,12,6,1.0,8,6
60,0,0.0,dn11,4,pkg1,7.0,12.0,18,8.065044950046229,12.0,7.0,1.0,6,5.0
60,0,0.0,dn12,4,pkg20,7.0,16.0,19,8.065044950046229,10.0,7.0,1.0,3,3.0
60,0,0.0,dn13,5,pkg16,5.0,10.0,18,8.065044950046229,12,6,0.742124235688649,8,6
60,0,0.0,dn14,5,pkg10,5.0,15.0,21,8.065044950046229,10,5,1.0,6,5
60,0,0.0,dn15,5,pkg11,6.0,13.0,18,8.065044950046229,12,6,1.0,5,6
60,0,0.0,dn5,2,pkg7,7.0,12.0,17,8.065044950046229,10.0,7.0,1.0,5,3.0
60,0,0.0,dn2,1,pkg8,8.0,18.0,22,8.065044950046229,14.0,8.0,1.0,4,6.0
60,0,0.0,dn3,1,pkg12,7.0,13.0,21,8.065044950046229,12.0,7.0,0.981497059608109,8,5.0
60,0,0.0,dn10,4,pkg3,8.0,15.0,22,8.065044950046229,20,10,1.0,7,10
60,1,1.0,dn7,3,pkg22,7.0,13.0,18,8.065044950046229,15,8,1.0,5,7
60,1,1.0,dn8,3,pkg5,7.0,16.0,21,8.065044950046229,12.0,7.0,1.0,5,5.0
60,1,1.0,dn9,3,pkg17,8.0,14.0,23,8.065044950046229,21,11,0.8942105026999628,9,10
60,9,9.0,dn1,1,pkg24,10.0,16.0,21,8.065044950046229,17,13,0.8638529812987656,5,4
60,10,10.0,dn4,2,pkg15,9.0,15.0,21,8.065044950046229,24,17,0.3350899866593905,6,7
60,10,10.0,dn5,2,pkg18,9.0,14.0,21,8.065044950046229,28,19,0.11628291208268915,7,9
60,10,10.0,dn12,4,pkg30,17.0,27.0,36,8.065044950046229,30,20,1.0,9,10
60,10,10.0,dn14,5,pkg14,9.0,16.0,19,8.065044950046229,16,13,1.0,3,3
60,12,12.0,dn3,1,pkg31,21.0,31.0,33,8.065044950046229,23.0,21.0,1.0,2,2.0
60,12,12.0,dn6,2,pkg29,15.0,24.0,35,8.065044950046229,36,24,0.5910219106092702,11,12
60,12,12.0,dn8,3,pkg2,9.0,18.0,23,8.065044950046229,22,17,0.6964162111435814,5,5
60,12,12.0,dn13,5,pkg28,14.0,24.0,29,8.065044950046229,18,15,1.0,5,3
60,12,12.0,dn11,4,pkg25,11.0,19.0,27,8.065044950046229,38,25,0.3754003527381465,8,13
60,12,12.0,dn15,5,pkg23,10.0,16.0,24,8.065044950046229,36,24,0.07235199930316516,8,12
60,18,18.0,dn13,5,pkg32,25.0,34.0,37,8.065044950046229,28.0,25.0,1.0,3,3.0
60,20,20.0,dn10,4,pkg34,27.0,36.0,40,8.065044950046229,31.0,27.0,1.0,4,4.0
60,23,23.0,dn3,1,pkg35,30.0,38.0,45,8.065044950046229,43,33,1.0,7,10
60,24,24.0,dn4,2,pkg33,25.0,32.0,35,8.065044950046229,32,28,1.0,3,4
60,24,24.0,dn7,3,pkg36,31.0,38.0,44,8.065044950046229,35.0,31.0,1.0,6,4.0
60,28,28.0,dn5,2,pkg37,36.0,42.0,50,8.065044950046229,43.0,36.0,1.0,8,7.0
60,30,30.0,dn12,4,pkg38,35.0,41.0,47,8.065044950046229,39.0,35.0,1.0,6,4.0
60,32,32.0,dn4,2,pkg40,39.0,47.0,50,8.065044950046229,41.0,39.0,1.0,3,2.0
60,32,32.0,dn8,3,pkg39,38.0,44.0,47,8.065044950046229,41.0,38.0,1.0,3,3.0
60,35,35.0,dn10,4,pkg41,43.0,52.0,57,8.065044950046229,47.0,43.0,1.0,5,4.0
60,36,36.0,dn6,2,pkg42,41.0,48.0,55,8.065044950046229,60,48,0.9987148696173,7,12
60,39,39.0,dn12,4,pkg43,49.0,57.0,63,8.065044950046229,53.0,49.0,1.0,6,4.0
60,41,41.0,dn7,3,pkg44,46.0,55.0,56,8.065044950046229,47.0,46.0,1.0,1,1.0
60,41,41.0,dn14,5,pkg45,50.0,56.0,66,8.065044950046229,61,51,0.9276480006968348,10,10
60,42,42.0,dn11,4,pkg46,50.0,55.0,62,8.065044950046229,58,50,1.0,7,8
60,45,45.0,dn8,3,pkg48,51.0,57.0,68,8.065044950046229,61,53,0.5910219106092702,11,8
60,45,45.0,dn9,3,pkg47,54.0,59.0,63,8.065044950046229,57.0,54.0,1.0,4,3.0
60,49,49.0,dn4,2,pkg49,55.0,60.0,63,8.065044950046229,59.0,55.0,1.0,3,4.0
60,50,50.0,dn1,1,pkg50,58.0,68.0,74,8.065044950046229,66,58,1.0,6,8
60,52,52.0,dn5,2,pkg51,58.0,63.0,65,8.065044950046229,59.0,58.0,1.0,2,1.0
60,53,53.0,dn3,1,pkg53,62.0,71.0,81,8.065044950046229,69.0,62.0,1.0,10,7.0
60,53,53.0,dn13,5,pkg52,60.0,68.0,70,8.065044950046229,62.0,60.0,1.0,2,2.0
60,56,56.0,dn2,1,pkg54,65.0,73.0,78,8.065044950046229,72.0,65.0,1.0,5,7.0
60,58,58.0,dn10,4,pkg56,62.0,70.0,76,8.065044950046229,74,66,1.0,6,8
60,59,59.0,dn4,2,pkg55,63.0,69.0,73,8.065044950046229,69,64,1.0,4,5
60,60,60.0,dn6,2,pkg57,66.0,72.0,82,8.065044950046229,86,73,0.6964162111435814,10,13
60,61,61.0,dn11,4,pkg58,71.0,76.0,78,8.065044950046229,73.0,71.0,1.0,2,2.0
60,64,64.0,dn7,3,pkg59,71.0,77.0,81,8.065044950046229,77.0,71.0,1.0,4,6.0
60,64,64.0,dn8,3,pkg60,72.0,81.0,84,8.065044950046229,74.0,72.0,1.0,3,2.0
60,69,69.0,dn4,2,pkg61,78.0,85.0,96,8.065044950046229,91,80,0.9006778457052591,11,11
60,73,73.0,dn1,1,pkg62,81.0,91.0,94,8.065044950046229,82.0,81.0,1.0,3,1.0
60,75,75.0,dn8,3,pkg63,80.0,85.0,89,8.065044950046229,83.0,80.0,1.0,4,3.0
60,78,78.0,dn5,2,pkg64,86.0,95.0,102,8.065044950046229,98,88,1.0,7,10
60,79,79.0,dn7,3,pkg65,87.0,94.0,101,8.065044950046229,99,89,1.0,7,10
60,79,79.0,dn9,3,pkg66,89.0,98.0,109,8.065044950046229,107,93,0.9995621140415759,11,14
60,83,83.0,dn1,1,pkg68,89.0,96.0,99,8.065044950046229,91.0,89.0,1.0,3,2.0
60,83,83.0,dn2,1,pkg69,91.0,98.0,106,8.065044950046229,95.0,91.0,1.0,8,4.0
60,84,84.0,dn8,3,pkg67,86.0,94.0,105,8.065044950046229,100,92,0.4089780893907298,11,8
60,88,88.0,dn3,1,pkg70,95.0,100.0,106,8.065044950046229,102,95,1.0,6,7
60,88,88.0,dn11,4,pkg71,97.0,104.0,114,8.065044950046229,104.0,97.0,0.9733308694771554,10,7.0
60,91,91.0,dn4,2,pkg72,99.0,105.0,112,8.065044950046229,104.0,99.0,1.0,7,5.0
60,94,94.0,dn13,5,pkg73,99.0,108.0,116,8.065044950046229,112,103,1.0,8,9
60,94,94.0,dn6,2,pkg74,104.0,109.0,119,8.065044950046229,110.0,104.0,0.9276480006968348,10,6.0
60,97,97.0,dn14,5,pkg75,103.0,111.0,122,8.065044950046229,117,107,0.7621793903595921,11,10
61,1,1.0,dn1,1,pkg9,5.0,11.0,17,8.065044950046229,15,8,0.9919349550499538,6,7
61,1,1.0,dn2,1,pkg23,6.0,15.0,21,8.065044950046229,17,9,1.0,6,8
61,1,1.0,dn3,1,pkg19,7.0,17.0,20,8.065044950046229,10.0,7.0,1.0,3,3.0
61,1,1.0,dn4,2,pkg18,5.0,11.0,15,8.065044950046229,11,6,1.0,4,5
61,1,1.0,dn5,2,pkg12,5.0,11.0,18,8.065044950046229,8.0,5.0,0.8837170879173109,7,3.0
61,1,1.0,dn6,2,pkg6,8.0,18.0,24,8.065044950046229,12.0,8.0,1.0,6,4.0
61,1,1.0,dn7,3,pkg13,5.0,10.0,12,8.065044950046229,8.0,5.0,1.0,2,3.0
61,1,1.0,dn8,3,pkg1,5.0,10.0,15,8.065044950046229,9,5,1.0,5,4
61,1,1.0,dn9,3,pkg16,5.0,13.0,17,8.065044950046229,6.0,5.0,1.0,4,1.0
61,1,1.0,dn10,4,pkg14,9.0,19.0,24,8.065044950046229,12.0,9.0,1.0,5,3.0
61,1,1.0,dn11,4,pkg11,7.0,15.0,23,8.065044950046229,21,11,1.0,8,10
61,1,1.0,dn12,4,pkg2,9.0,16.0,24,8.065044950046229,25,13,1.0,8,12
61,1,1.0,dn14,5,pkg7,10.0,20.0,21,8.065044950046229,11.0,10.0,1.0,1,1.0
61,1,1.0,dn15,5,pkg22,8.0,16.0,23,8.065044950046229,19,10,1.0,7,9
61,1,1.0,dn13,5,pkg15,8.0,16.0,19,8.065044950046229,11.0,8.0,1.0,3,3.0
61,6,6.0,dn9,3,pkg25,11.0,18.0,22,8.065044950046229,13.0,11.0,1.0,4,2.0
61,8,8.0,dn5,2,pkg20,9.0,17.0,24,8.065044950046229,22,15,0.7734130932254845,7,7
61,8,8.0,dn7,3,pkg8,10.0,19.0,23,8.065044950046229,12,10,1.0,4,2
61,9,9.0,dn8,3,pkg28,13.0,19.0,26,8.065044950046229,17,13,0.8837170879173109,7,4
61,10,10.0,dn3,1,pkg24,11.0,21.0,27,8.065044950046229,26,18,1.0,6,8
61,11,11.0,dn4,2,pkg27,17.0,22.0,31,8.065044950046229,31,21,0.7169814111499796,9,10
61,11,11.0,dn13,5,pkg26,14.0,19.0,29,8.065044950046229,29,20,0.3035837888564185,10,9
61,11,11.0,dn14,5,pkg29,18.0,23.0,26,8.065044950046229,21.0,18.0,1.0,3,3.0
61,12,12.0,dn6,2,pkg10,5.0,14.0,24,8.065044950046229,42,27,0.0,10,15
61,12,12.0,dn7,3,pkg4,9.0,15.0,25,8.065044950046229,42,27,0.002720842483821817,10,15
61,12,12.0,dn10,4,pkg30,15.0,20.0,30,8.065044950046229,34,23,0.3035837888564185,10,11
61,13,13.0,dn9,3,pkg31,20.0,29.0,31,8.065044950046229,23.0,20.0,1.0,2,3.0
61,17,17.0,dn8,3,pkg32,24.0,33.0,42,8.065044950046229,35,26,1.0,9,9
61,19,19.0,dn1,1,pkg33,27.0,34.0,40,8.065044950046229,31.0,27.0,1.0,6,4.0
61,19,19.0,dn2,1,pkg34,28.0,35.0,45,8.065044950046229,47,33,0.9733308694771554,10,14
61,21,21.0,dn11,4,pkg35,27.0,32.0,42,8.065044950046229,41,31,0.6000193206335656,10,10
61,21,21.0,dn14,5,pkg36,30.0,36.0,45,8.065044950046229,49,35,0.9919349550499538,9,14
61,23,23.0,dn15,5,pkg37,27.0,34.0,39,8.065044950046229,33,28,1.0,5,5
61,27,27.0,dn9,3,pkg39,34.0,41.0,45,8.065044950046229,40.0,34.0,1.0,4,6.0
61,29,29.0,dn13,5,pkg38,33.0,38.0,41,8.065044950046229,36.0,33.0,1.0,3,3.0
61,31,31.0,dn3,1,pkg40,40.0,46.0,57,8.065044950046229,46.0,40.0,0.8368717887665349,11,6.0
61,34,34.0,dn4,2,pkg41,42.0,50.0,52,8.065044950046229,43.0,42.0,1.0,2,1.0
61,34,34.0,dn5,2,pkg42,42.0,47.0,52,8.065044950046229,50,42,1.0,5,8
61,40,40.0,dn1,1,pkg43,47.0,57.0,61,8.065044950046229,50.0,47.0,1.0,4,3.0
61,41,41.0,dn11,4,pkg44,48.0,55.0,64,8.065044950046229,63,52,0.9554953287499572,9,11
61,42,42.0,dn6,2,pkg45,47.0,56.0,63,8.065044950046229,52,47,1.0,7,5
61,44,44.0,dn4,2,pkg46,49.0,58.0,64,8.065044950046229,51.0,49.0,1.0,6,2.0
61,44,44.0,dn8,3,pkg47,53.0,60.0,63,8.065044950046229,57.0,53.0,1.0,3,4.0
61,46,46.0,dn3,1,pkg48,55.0,61.0,69,8.065044950046229,64,55,1.0,8,9
61,47,47.0,dn2,1,pkg50,54.0,63.0,69,8.065044950046229,65,56,1.0,6,9
61,51,51.0,dn5,2,pkg49,55.0,63.0,65,8.065044950046229,57.0,55.0,1.0,2,2.0
61,51,51.0,dn7,3,pkg52,61.0,68.0,74,8.065044950046229,64.0,61.0,1.0,6,3.0
61,51,51.0,dn9,3,pkg51,55.0,64.0,72,8.065044950046229,59,55,0.981497059608109,8,4
61,52,52.0,dn13,5,pkg53,61.0,70.0,78,8.065044950046229,69.0,61.0,1.0,8,8.0
61,57,57.0,dn5,2,pkg54,65.0,73.0,84,8.065044950046229,89,73,0.9006778457052591,11,16
61,59,59.0,dn9,3,pkg55,64.0,73.0,80,8.065044950046229,75,67,1.0,7,8
61,63,63.0,dn1,1,pkg56,68.0,77.0,80,8.065044950046229,72.0,68.0,1.0,3,4.0
61,65,65.0,dn2,1,pkg57,72.0,79.0,81,8.065044950046229,74.0,72.0,1.0,2,2.0
61,66,66.0,dn4,2,pkg58,74.0,79.0,85,8.065044950046229,79.0,74.0,1.0,6,5.0
61,66,66.0,dn7,3,pkg59,71.0,81.0,89,8.065044950046229,86,76,1.0,8,10
61,67,67.0,dn14,5,pkg60,76.0,82.0,88,8.065044950046229,84.0,76.0,1.0,6,8.0
61,75,75.0,dn13,5,pkg61,79.0,85.0,89,8.065044950046229,83,79,1.0,4,4
61,75,75.0,dn15,5,pkg62,82.0,92.0,94,8.065044950046229,84.0,82.0,1.0,2,2.0
61,77,77.0,dn1,1,pkg63,83.0,90.0,92,8.065044950046229,86.0,83.0,1.0,2,3.0
61,77,77.0,dn11,4,pkg64,84.0,89.0,99,8.065044950046229,91,84,0.6964162111435814,10,7
61,82,82.0,dn8,3,pkg65,91.0,97.0,100,8.065044950046229,93.0,91.0,1.0,3,2.0
61,82,82.0,dn9,3,pkg66,91.0,100.0,111,8.065044950046229,110,96,0.9847445937098342,11,14
61,84,84.0,dn14,5,pkg67,91.0,101.0,105,8.065044950046229,94.0,91.0,1.0,4,3.0
61,86,86.0,dn4,2,pkg68,90.0,98.0,100,8.065044950046229,92.0,90.0,1.0,2,2.0
61,88,88.0,dn6,2,pkg69,94.0,104.0,107,8.065044950046229,97.0,94.0,1.0,3,3.0
61,88,88.0,dn7,3,pkg70,98.0,104.0,107,8.065044950046229,103.0,98.0,1.0,3,5.0
61,89,89.0,dn5,2,pkg71,98.0,107.0,115,8.065044950046229,105.0,98.0,1.0,8,7.0
61,93,93.0,dn10,4,pkg72,97.0,103.0,109,8.065044950046229,107,100,0.9919349550499538,6,7
61,94,94.0,dn14,5,pkg73,101.0,106.0,116,8.065044950046229,106.0,101.0,0.6964162111435814,10,5.0
61,95,95.0,dn1,1,pkg74,102.0,110.0,113,8.065044950046229,105.0,102.0,1.0,3,3.0
61,97,97.0,dn2,1,pkg75,103.0,111.0,117,8.065044950046229,115,106,1.0,6,9
61,97,97.0,dn15,5,pkg76,105.0,113.0,118,8.065044950046229,111.0,105.0,1.0,5,6.0
61,99,99.0,dn3,1,pkg77,108.0,115.0,122,8.065044950046229,115.0,108.0,1.0,7,7.0
62,0,0.0,dn4,2,pkg22,8.0,15.0,22,8.065044950046229,14.0,8.0,1.0,7,6.0
62,0,0.0,dn5,2,pkg6,9.0,16.0,24,8.065044950046229,12.0,9.0,1.0,8,3.0
62,0,0.0,dn6,2,pkg19,5.0,10.0,20,8.065044950046229,28,14,0.5,10,14
62,0,0.0,dn13,5,pkg13,5.0,15.0,22,8.065044950046229,9.0,5.0,1.0,7,4.0
62,0,0.0,dn14,5,pkg15,9.0,18.0,25,8.065044950046229,20,10,1.0,7,10
62,0,0.0,dn15,5,pkg12,10.0,19.0,26,8.065044950046229,20,10,1.0,7,10
62,1,1.0,dn1,1,pkg5,5.0,14.0,15,8.065044950046229,6.0,5.0,1.0,1,1.0
62,1,1.0,dn2,1,pkg8,5.0,13.0,19,8.065044950046229,7.0,5.0,1.0,6,2.0
62,1,1.0,dn7,3,pkg18,6.0,14.0,16,8.065044950046229,8.0,6.0,1.0,2,2.0
62,1,1.0,dn8,3,pkg4,6.0,12.0,19,8.065044950046229,9.0,6.0,0.9623380203040381,7,3.0
62,1,1.0,dn9,3,pkg2,10.0,17.0,24,8.065044950046229,16.0,10.0,1.0,7,6.0
62,1,1.0,dn11,4,pkg23,11.0,21.0,31,8.065044950046229,19.0,11.0,1.0,10,8.0
62,1,1.0,dn12,4,pkg17,8.0,17.0,19,8.065044950046229,9.0,8.0,1.0,2,1.0
62,1,1.0,dn3,1,pkg21,7.0,16.0,24,8.065044950046229,17,9,1.0,8,8
62,1,1.0,dn10,4,pkg20,9.0,14.0,18,8.065044950046229,15.0,9.0,1.0,4,6.0
62,6,6.0,dn1,1,pkg26,11.0,17.0,21,8.065044950046229,13.0,11.0,1.0,4,2.0
62,7,7.0,dn2,1,pkg27,15.0,22.0,27,8.065044950046229,20.0,15.0,1.0,5,5.0
62,8,8.0,dn7,3,pkg25,14.0,22.0,32,8.065044950046229,28,18,0.8638529812987656,10,10
62,9,9.0,dn12,4,pkg1,9.0,14.0,24,8.065044950046229,27,18,0.07235199930316516,10,9
62,9,9.0,dn13,5,pkg11,9.0,15.0,18,8.065044950046229,19,14,1.0,3,5
62,9,9.0,dn8,3,pkg7,6.0,13.0,23,8.065044950046229,19,14,0.02666913052284453,10,5
62,12,12.0,dn5,2,pkg24,13.0,22.0,25,8.065044950046229,18,15,1.0,3,3
62,13,13.0,dn1,1,pkg29,18.0,27.0,32,8.065044950046229,21.0,18.0,1.0,5,3.0
62,14,14.0,dn4,2,pkg31,17.0,26.0,32,8.065044950046229,20,17,1.0,6,3
62,15,15.0,dn10,4,pkg28,18.0,27.0,34,8.065044950046229,27,21,0.9987148696173,7,6
62,16,16.0,dn9,3,pkg32,19.0,25.0,28,8.065044950046229,22,19,1.0,3,3
62,17,17.0,dn3,1,pkg33,24.0,29.0,35,8.065044950046229,29.0,24.0,1.0,6,5.0
62,18,18.0,dn5,2,pkg34,23.0,31.0,41,8.065044950046229,30,24,0.7855682414064981,10,6
62,19,19.0,dn11,4,pkg35,24.0,32.0,40,8.065044950046229,33,26,0.981497059608109,8,7
62,20,20.0,dn4,2,pkg30,15.0,24.0,34,8.065044950046229,44,32,0.02666913052284453,10,12
62,25,25.0,dn8,3,pkg36,33.0,43.0,50,8.065044950046229,41,33,1.0,7,8
62,27,27.0,dn10,4,pkg37,33.0,42.0,51,8.065044950046229,45,36,0.9919349550499538,9,9
62,27,27.0,dn12,4,pkg38,35.0,41.0,50,8.065044950046229,49,38,0.9554953287499572,9,11
62,28,28.0,dn1,1,pkg39,33.0,41.0,44,8.065044950046229,35.0,33.0,1.0,3,2.0
62,30,30.0,dn5,2,pkg40,37.0,47.0,51,8.065044950046229,43.0,37.0,1.0,4,6.0
62,34,34.0,dn7,3,pkg41,41.0,46.0,49,8.065044950046229,44.0,41.0,1.0,3,3.0
62,36,36.0,dn6,2,pkg42,44.0,50.0,53,8.065044950046229,46.0,44.0,1.0,3,2.0
62,40,40.0,dn1,1,pkg43,44.0,50.0,59,8.065044950046229,66,53,0.6109752255499895,9,13
62,40,40.0,dn9,3,pkg44,50.0,59.0,63,8.065044950046229,53.0,50.0,1.0,4,3.0
62,43,43.0,dn8,3,pkg45,49.0,55.0,59,8.065044950046229,54.0,49.0,1.0,4,5.0
62,44,44.0,dn4,2,pkg46,54.0,63.0,74,8.065044950046229,63.0,54.0,0.9995621140415759,11,9.0
62,47,47.0,dn5,2,pkg47,55.0,62.0,70,8.065044950046229,59.0,55.0,1.0,8,4.0
62,51,51.0,dn2,1,pkg48,56.0,65.0,73,8.065044950046229,67,59,1.0,8,8
62,51,51.0,dn3,1,pkg49,57.0,62.0,65,8.065044950046229,61.0,57.0,1.0,3,4.0
62,52,52.0,dn10,4,pkg50,57.0,62.0,67,8.065044950046229,60.0,57.0,1.0,5,3.0
62,53,53.0,dn6,2,pkg51,59.0,65.0,74,8.065044950046229,69,61,0.8130495168499705,9,8
62,56,56.0,dn13,5,pkg52,63.0,71.0,76,8.065044950046229,66.0,63.0,1.0,5,3.0
62,57,57.0,dn11,4,pkg53,61.0,67.0,72,8.065044950046229,64.0,61.0,1.0,5,3.0
62,58,58.0,dn7,3,pkg54,65.0,75.0,79,8.065044950046229,71.0,65.0,1.0,4,6.0
62,58,58.0,dn8,3,pkg55,65.0,75.0,83,8.065044950046229,76,67,1.0,8,9
62,61,61.0,dn9,3,pkg56,68.0,75.0,77,8.065044950046229,71.0,68.0,1.0,2,3.0
62,62,62.0,dn10,4,pkg57,67.0,73.0,76,8.065044950046229,69.0,67.0,1.0,3,2.0
62,65,65.0,dn14,5,pkg58,69.0,74.0,75,8.065044950046229,70.0,69.0,1.0,1,1.0
62,65,65.0,dn15,5,pkg59,75.0,82.0,89,8.065044950046229,83.0,75.0,1.0,7,8.0
62,69,69.0,dn4,2,pkg60,74.0,82.0,87,8.065044950046229,77.0,74.0,1.0,5,3.0
62,71,71.0,dn1,1,pkg61,75.0,82.0,88,8.065044950046229,87,79,1.0,6,8
62,71,71.0,dn14,5,pkg62,76.0,83.0,86,8.065044950046229,80.0,76.0,1.0,3,4.0
62,72,72.0,dn7,3,pkg63,79.0,86.0,95,8.065044950046229,90,81,0.9554953287499572,9,9
62,75,75.0,dn10,4,pkg64,79.0,85.0,90,8.065044950046229,83,79,1.0,5,4
62,77,77.0,dn4,2,pkg65,81.0,90.0,91,8.065044950046229,82.0,81.0,1.0,1,1.0
62,79,79.0,dn2,1,pkg66,88.0,93.0,99,8.065044950046229,97,88,1.0,6,9
62,81,81.0,dn3,1,pkg67,89.0,99.0,107,8.065044950046229,103,92,1.0,8,11
62,86,86.0,dn13,5,pkg68,91.0,97.0,100,8.065044950046229,94.0,91.0,1.0,3,3.0
62,87,87.0,dn10,4,pkg69,94.0,99.0,102,8.065044950046229,97.0,94.0,1.0,3,3.0
62,89,89.0,dn1,1,pkg70,98.0,108.0,116,8.065044950046229,113,101,1.0,8,12
62,90,90.0,dn7,3,pkg71,96.0,104.0,109,8.065044950046229,98.0,96.0,1.0,5,2.0
62,96,96.0,dn11,4,pkg72,102.0,110.0,112,8.065044950046229,104.0,102.0,1.0,2,2.0
62,96,96.0,dn12,4,pkg73,104.0,113.0,117,8.065044950046229,107.0,104.0,1.0,4,3.0
62,98,98.0,dn4,2,pkg74,104.0,114.0,118,8.065044950046229,106.0,104.0,1.0,4,2.0
62,98,98.0,dn5,2,pkg75,108.0,113.0,119,8.065044950046229,110.0,108.0,1.0,6,2.0
63,3,3.0,dn1,1,pkg5,5.0,13.0,17,8.065044950046229,9,6,1.0,4,3
63,3,3.0,dn3,1,pkg23,11.0,21.0,27,8.065044950046229,17.0,11.0,1.0,6,6.0
63,3,3.0,dn4,2,pkg7,5.0,14.0,18,8.065044950046229,11,7,1.0,4,4
63,3,3.0,dn5,2,pkg13,5.0,13.0,22,8.065044950046229,15,9,0.6109752255499895,9,6
63,3,3.0,dn6,2,pkg1,6.0,13.0,22,8.065044950046229,15,9,0.6109752255499895,9,6
63,3,3.0,dn9,3,pkg16,7.0,14.0,24,8.065044950046229,27,15,0.6000193206335656,10,12
63,3,3.0,dn11,4,pkg12,6.0,15.0,21,8.065044950046229,21,12,1.0,6,9
63,3,3.0,dn13,5,pkg3,6.0,12.0,16,8.065044950046229,15,9,1.0,4,6
63,3,3.0,dn14,5,pkg15,6.0,14.0,17,8.065044950046229,13,8,1.0,3,5
63,3,3.0,dn15,5,pkg22,10.0,19.0,25,8.065044950046229,14.0,10.0,1.0,6,4.0
63,3,3.0,dn8,3,pkg4,8.0,13.0,21,8.065044950046229,25,14,0.742124235688649,8,11
63,3,3.0,dn10,4,pkg9,6.0,14.0,20,8.065044950046229,9,6,1.0,6,3
63,3,3.0,dn2,1,pkg20,6.0,12.0,14,8.065044950046229,9,6,1.0,2,3
63,3,3.0,dn7,3,pkg21,8.0,13.0,22,8.065044950046229,15,9,0.6109752255499895,9,6
63,3,3.0,dn12,4,pkg17,7.0,16.0,20,8.065044950046229,10.0,7.0,1.0,4,3.0
63,9,9.0,dn1,1,pkg14,7.0,13.0,18,8.065044950046229,19,14,0.3035837888564185,5,5
63,9,9.0,dn2,1,pkg11,7.0,12.0,22,8.065044950046229,23,16,0.002720842483821817,10,7
63,9,9.0,dn10,4,pkg25,12.0,19.0,28,8.065044950046229,35,22,0.6109752255499895,9,13
63,10,10.0,dn12,4,pkg6,9.0,19.0,30,8.065044950046229,36,23,0.32067776414851423,11,13
63,11,11.0,dn4,2,pkg2,8.0,15.0,17,8.065044950046229,17,14,1.0,2,3
63,13,13.0,dn14,5,pkg26,19.0,24.0,30,8.065044950046229,23.0,19.0,1.0,6,4.0
63,14,14.0,dn15,5,pkg27,20.0,27.0,34,8.065044950046229,30,22,1.0,7,8
63,15,15.0,dn5,2,pkg30,21.0,29.0,37,8.065044950046229,24.0,21.0,1.0,8,3.0
63,15,15.0,dn6,2,pkg10,10.0,19.0,30,8.065044950046229,39,27,0.015255406290165807,11,12
63,15,15.0,dn7,3,pkg28,16.0,26.0,28,8.065044950046229,19,17,1.0,2,2
63,15,15.0,dn13,5,pkg29,20.0,30.0,41,8.065044950046229,43,29,0.8368717887665349,11,14
63,17,17.0,dn3,1,pkg24,12.0,20.0,25,8.065044950046229,33,25,0.1361470187012343,5,8
63,20,20.0,dn7,3,pkg31,24.0,33.0,35,8.065044950046229,27.0,24.0,1.0,2,3.0
63,21,21.0,dn1,1,pkg32,26.0,35.0,36,8.065044950046229,27.0,26.0,1.0,1,1.0
63,21,21.0,dn11,4,pkg33,28.0,34.0,39,8.065044950046229,33.0,28.0,1.0,5,5.0
63,25,25.0,dn2,1,pkg34,34.0,40.0,48,8.065044950046229,42.0,34.0,1.0,8,8.0
63,27,27.0,dn1,1,pkg35,36.0,46.0,56,8.065044950046229,42.0,36.0,1.0,10,6.0
63,29,29.0,dn4,2,pkg37,37.0,46.0,55,8.065044950046229,43.0,37.0,1.0,9,6.0
63,29,29.0,dn5,2,pkg36,33.0,40.0,50,8.065044950046229,41,35,0.6000193206335656,10,6
63,33,33.0,dn3,1,pkg38,39.0,44.0,50,8.065044950046229,42.0,39.0,1.0,6,3.0
63,34,34.0,dn7,3,pkg39,39.0,49.0,51,8.065044950046229,41.0,39.0,1.0,2,2.0
63,37,37.0,dn8,3,pkg40,45.0,52.0,62,8.065044950046229,55,46,0.9276480006968348,10,9
63,38,38.0,dn10,4,pkg41,46.0,55.0,57,8.065044950046229,49.0,46.0,1.0,2,3.0
63,39,39.0,dn9,3,pkg42,46.0,53.0,61,8.065044950046229,59,49,1.0,8,10
63,46,46.0,dn11,4,pkg43,53.0,59.0,62,8.065044950046229,56.0,53.0,1.0,3,3.0
63,49,49.0,dn1,1,pkg44,53.0,63.0,71,8.065044950046229,65,57,1.0,8,8
63,50,50.0,dn13,5,pkg45,55.0,62.0,69,8.065044950046229,57.0,55.0,0.9987148696173,7,2.0
63,54,54.0,dn2,1,pkg46,63.0,72.0,80,8.065044950046229,68.0,63.0,1.0,8,5.0
63,58,58.0,dn3,1,pkg47,66.0,73.0,78,8.065044950046229,71.0,66.0,1.0,5,5.0
63,61,61.0,dn10,4,pkg48,67.0,77.0,82,8.065044950046229,72.0,67.0,1.0,5,5.0
63,61,61.0,dn11,4,pkg49,69.0,75.0,83,8.065044950046229,75.0,69.0,1.0,8,6.0
63,63,63.0,dn12,4,pkg50,72.0,80.0,88,8.065044950046229,87,75,1.0,8,12
63,64,64.0,dn13,5,pkg51,68.0,73.0,79,8.065044950046229,76,70,0.9276480006968348,6,6
63,66,66.0,dn1,1,pkg52,74.0,81.0,87,8.065044950046229,79.0,74.0,1.0,6,5.0
63,66,66.0,dn15,5,pkg53,75.0,81.0,87,8.065044950046229,84,75,1.0,6,9
63,70,70.0,dn7,3,pkg54,75.0,83.0,88,8.065044950046229,82,76,1.0,5,6
63,72,72.0,dn2,1,pkg55,80.0,88.0,94,8.065044950046229,90,81,1.0,6,9
63,74,74.0,dn5,2,pkg56,81.0,90.0,100,8.065044950046229,104,89,0.9733308694771554,10,15
63,74,74.0,dn10,4,pkg57,79.0,87.0,93,8.065044950046229,84,79,1.0,6,5
63,78,78.0,dn4,2,pkg59,83.0,91.0,97,8.065044950046229,87.0,83.0,1.0,6,4.0
63,78,78.0,dn6,2,pkg58,86.0,95.0,97,8.065044950046229,89.0,86.0,1.0,2,3.0
63,81,81.0,dn8,3,pkg60,87.0,97.0,104,8.065044950046229,93,87,1.0,7,6
63,84,84.0,dn15,5,pkg61,93.0,102.0,113,8.065044950046229,112,98,0.9847445937098342,11,14
63,85,85.0,dn1,1,pkg62,90.0,95.0,99,8.065044950046229,94.0,90.0,1.0,4,4.0
63,88,88.0,dn4,2,pkg63,96.0,104.0,108,8.065044950046229,102.0,96.0,1.0,4,6.0
63,89,89.0,dn6,2,pkg64,99.0,106.0,115,8.065044950046229,111,100,1.0,9,11
63,90,90.0,dn3,1,pkg65,100.0,109.0,114,8.065044950046229,107.0,100.0,1.0,5,7.0
63,93,93.0,dn2,1,pkg66,102.0,112.0,119,8.065044950046229,108.0,102.0,1.0,7,6.0
63,95,95.0,dn10,4,pkg67,103.0,113.0,123,8.065044950046229,111,103,1.0,10,8
63,96,96.0,dn7,3,pkg69,101.0,109.0,116,8.065044950046229,110,103,1.0,7,7
63,96,96.0,dn8,3,pkg68,105.0,114.0,121,8.065044950046229,116,106,1.0,7,10
64,0,0.0,dn1,1,pkg16,5.0,12.0,16,8.065044950046229,7.0,5.0,1.0,4,2.0
64,0,0.0,dn3,1,pkg5,6.0,14.0,20,8.065044950046229,10.0,6.0,1.0,6,4.0
64,0,0.0,dn4,2,pkg22,5.0,11.0,17,8.065044950046229,12,6,1.0,6,6
64,0,0.0,dn5,2,pkg15,5.0,11.0,18,8.065044950046229,16,8,0.9623380203040381,7,8
64,0,0.0,dn6,2,pkg1,9.0,17.0,22,8.065044950046229,13.0,9.0,1.0,5,4.0
64,0,0.0,dn7,3,pkg10,9.0,14.0,19,8.065044950046229,13.0,9.0,1.0,5,4.0
64,0,0.0,dn13,5,pkg17,10.0,15.0,23,8.065044950046229,17.0,10.0,1.0,8,7.0
64,0,0.0,dn14,5,pkg19,6.0,11.0,13,8.065044950046229,8.0,6.0,1.0,2,2.0
64,0,0.0,dn2,1,pkg8,7.0,14.0,16,8.065044950046229,9.0,7.0,1.0,2,2.0
64,0,0.0,dn8,3,pkg11,6.0,11.0,14,8.065044950046229,9.0,6.0,1.0,3,3.0
64,1,1.0,dn9,3,pkg13,8.0,15.0,24,8.065044950046229,23,12,0.9554953287499572,9,11
64,1,1.0,dn10,4,pkg6,7.0,16.0,21,8.065044950046229,12.0,7.0,1.0,5,5.0
64,1,1.0,dn11,4,pkg18,8.0,14.0,16,8.065044950046229,10.0,8.0,1.0,2,2.0
64,1,1.0,dn12,4,pkg21,8.0,13.0,20,8.065044950046229,23,12,0.9987148696173,7,11
64,1,1.0,dn15,5,pkg3,8.0,14.0,22,8.065044950046229,13.0,8.0,0.981497059608109,8,5.0
64,7,7.0,dn1,1,pkg12,10.0,16.0,20,8.065044950046229,21,14,1.0,4,7
64,8,8.0,dn14,5,pkg2,8.0,18.0,27,8.065044950046229,34,21,0.6109752255499895,9,13
64,9,9.0,dn2,1,pkg25,14.0,22.0,32,8.065044950046229,33,21,0.7855682414064981,10,12
64,9,9.0,dn8,3,pkg24,15.0,25.0,35,8.065044950046229,35,22,0.9733308694771554,10,13
64,10,10.0,dn3,1,pkg14,9.0,19.0,28,8.065044950046229,26,18,0.5,9,8
64,10,10.0,dn11,4,pkg23,13.0,22.0,28,8.065044950046229,18,14,1.0,6,4
64,12,12.0,dn4,2,pkg9,10.0,17.0,19,8.065044950046229,16,14,1.0,2,2
64,12,12.0,dn10,4,pkg4,10.0,15.0,18,8.065044950046229,16,14,0.5,3,2
64,13,13.0,dn6,2,pkg27,21.0,30.0,37,8.065044950046229,35,24,1.0,7,11
64,13,13.0,dn7,3,pkg26,20.0,29.0,37,8.065044950046229,29,21,1.0,8,8
64,13,13.0,dn15,5,pkg20,10.0,15.0,26,8.065044950046229,35,24,0.0,11,11
64,16,16.0,dn5,2,pkg29,21.0,27.0,34,8.065044950046229,30,23,0.9623380203040381,7,7
64,16,16.0,dn10,4,pkg28,19.0,27.0,33,8.065044950046229,30,23,1.0,6,7
64,19,19.0,dn13,5,pkg30,25.0,35.0,44,8.065044950046229,29.0,25.0,1.0,9,4.0
64,21,21.0,dn4,2,pkg32,25.0,34.0,41,8.065044950046229,31,26,1.0,7,5
64,21,21.0,dn1,1,pkg33,27.0,33.0,38,8.065044950046229,32.0,27.0,1.0,5,5.0
64,23,23.0,dn9,3,pkg31,27.0,37.0,46,8.065044950046229,35,29,0.9554953287499572,9,6
64,23,23.0,dn11,4,pkg34,28.0,36.0,46,8.065044950046229,41,32,0.7855682414064981,10,9
64,29,29.0,dn13,5,pkg36,30.0,37.0,43,8.065044950046229,37,33,0.8130495168499705,6,4
64,30,30.0,dn7,3,pkg35,32.0,42.0,51,8.065044950046229,52,41,0.8130495168499705,9,11
64,30,30.0,dn5,2,pkg37,35.0,41.0,47,8.065044950046229,48,39,1.0,6,9
64,31,31.0,dn10,4,pkg38,37.0,45.0,50,8.065044950046229,41.0,37.0,1.0,5,4.0
64,34,34.0,dn4,2,pkg40,40.0,47.0,57,8.065044950046229,48,41,0.7855682414064981,10,7
64,35,35.0,dn6,2,pkg39,41.0,46.0,50,8.065044950046229,44.0,41.0,1.0,4,3.0
64,35,35.0,dn15,5,pkg41,45.0,51.0,54,8.065044950046229,46.0,45.0,1.0,3,1.0
64,36,36.0,dn1,1,pkg42,44.0,51.0,54,8.065044950046229,45.0,44.0,1.0,3,1.0
64,37,37.0,dn12,4,pkg43,43.0,50.0,55,8.065044950046229,48.0,43.0,1.0,5,5.0
64,38,38.0,dn2,1,pkg44,45.0,55.0,62,8.065044950046229,54,46,1.0,7,8
64,41,41.0,dn11,4,pkg45,45.0,54.0,63,8.065044950046229,51,46,0.8942105026999628,9,5
64,42,42.0,dn10,4,pkg46,49.0,55.0,62,8.065044950046229,55.0,49.0,1.0,7,6.0
64,51,51.0,dn1,1,pkg47,56.0,66.0,73,8.065044950046229,61,56,1.0,7,5
64,51,51.0,dn3,1,pkg48,59.0,65.0,69,8.065044950046229,63.0,59.0,1.0,4,4.0
64,52,52.0,dn7,3,pkg49,59.0,65.0,71,8.065044950046229,68,60,1.0,6,8
64,56,56.0,dn8,3,pkg50,62.0,68.0,72,8.065044950046229,67.0,62.0,1.0,4,5.0
64,57,57.0,dn4,2,pkg51,65.0,75.0,79,8.065044950046229,68.0,65.0,1.0,4,3.0
64,61,61.0,dn1,1,pkg53,67.0,77.0,87,8.065044950046229,83,72,0.9733308694771554,10,11
64,61,61.0,dn2,1,pkg52,68.0,78.0,81,8.065044950046229,70.0,68.0,1.0,3,2.0
64,65,65.0,dn10,4,pkg54,71.0,76.0,77,8.065044950046229,72.0,71.0,1.0,1,1.0
64,68,68.0,dn7,3,pkg55,74.0,82.0,84,8.065044950046229,76.0,74.0,1.0,2,2.0
64,71,71.0,dn2,1,pkg57,76.0,84.0,88,8.065044950046229,81,76,1.0,4,5
64,71,71.0,dn4,2,pkg56,78.0,86.0,92,8.065044950046229,80.0,78.0,1.0,6,2.0
64,79,79.0,dn5,2,pkg58,87.0,96.0,102,8.065044950046229,93.0,87.0,1.0,6,6.0
64,81,81.0,dn2,1,pkg59,90.0,95.0,106,8.065044950046229,109,95,0.7621793903595921,11,14
64,83,83.0,dn1,1,pkg61,91.0,100.0,109,8.065044950046229,97.0,91.0,1.0,9,6.0
64,83,83.0,dn6,2,pkg60,92.0,99.0,108,8.065044950046229,105,94,1.0,9,11
64,84,84.0,dn10,4,pkg62,92.0,99.0,108,8.065044950046229,99.0,92.0,0.9919349550499538,9,7.0
64,85,85.0,dn4,2,pkg63,93.0,101.0,111,8.065044950046229,113,99,0.9733308694771554,10,14
64,87,87.0,dn11,4,pkg64,94.0,104.0,113,8.065044950046229,101,94,1.0,9,7
64,88,88.0,dn7,3,pkg65,97.0,105.0,109,8.065044950046229,100.0,97.0,1.0,4,3.0
64,93,93.0,dn12,4,pkg66,98.0,106.0,115,8.065044950046229,103,98,0.8942105026999628,9,5
64,94,94.0,dn5,2,pkg67,101.0,111.0,113,8.065044950046229,103.0,101.0,1.0,2,2.0
64,96,96.0,dn3,1,pkg68,103.0,108.0,114,8.065044950046229,107.0,103.0,1.0,6,4.0
64,98,98.0,dn1,1,pkg71,103.0,113.0,117,8.065044950046229,110,104,1.0,4,6
64,99,99.0,dn10,4,pkg69,104.0,111.0,113,8.065044950046229,106.0,104.0,1.0,2,2.0
65,0,0.0,dn1,1,pkg8,5.0,10.0,16,8.065044950046229,14,7,0.9919349550499538,6,7
65,0,0.0,dn2,1,pkg6,5.0,14.0,19,8.065044950046229,10,5,1.0,5,5
65,0,0.0,dn3,1,pkg10,9.0,19.0,24,8.065044950046229,11.0,9.0,1.0,5,2.0
65,0,0.0,dn8,3,pkg15,8.0,15.0,23,8.065044950046229,12.0,8.0,1.0,8,4.0
65,0,0.0,dn9,3,pkg9,5.0,11.0,22,8.065044950046229,32,16,0.5,11,16
65,0,0.0,dn7,3,pkg4,6.0,15.0,18,8.065044950046229,9.0,6.0,1.0,3,3.0
65,1,1.0,dn4,2,pkg19,7.0,13.0,18,8.065044950046229,13,7,1.0,5,6
65,1,1.0,dn5,2,pkg16,9.0,15.0,21,8.065044950046229,15.0,9.0,1.0,6,6.0
65,1,1.0,dn6,2,pkg22,9.0,14.0,21,8.065044950046229,16.0,9.0,1.0,7,7.0
65,1,1.0,dn10,4,pkg3,10.0,16.0,18,8.065044950046229,13.0,10.0,1.0,2,3.0
65,1,1.0,dn11,4,pkg21,10.0,15.0,19,8.065044950046229,15.0,10.0,1.0,4,5.0
65,1,1.0,dn12,4,pkg17,5.0,10.0,16,8.065044950046229,15,8,0.9276480006968348,6,7
65,1,1.0,dn13,5,pkg7,6.0,13.0,23,8.065044950046229,27,14,0.6964162111435814,10,13
65,1,1.0,dn14,5,pkg12,6.0,13.0,23,8.065044950046229,21,11,0.6964162111435814,10,10
65,1,1.0,dn15,5,pkg5,7.0,15.0,22,8.065044950046229,21,11,1.0,7,10
65,9,9.0,dn7,3,pkg14,7.0,17.0,19,8.065044950046229,11,10,1.0,2,1
65,10,10.0,dn2,1,pkg1,10.0,17.0,22,8.065044950046229,20,15,0.8638529812987656,5,5
65,11,11.0,dn3,1,pkg13,8.0,13.0,17,8.065044950046229,19,15,0.07235199930316516,4,4
65,11,11.0,dn7,3,pkg25,13.0,19.0,25,8.065044950046229,23,17,0.8130495168499705,6,6
65,12,12.0,dn8,3,pkg27,19.0,27.0,38,8.065044950046229,26,19,0.8368717887665349,11,7
65,13,13.0,dn4,2,pkg29,17.0,26.0,35,8.065044950046229,25,19,0.8942105026999628,9,6
65,13,13.0,dn10,4,pkg26,16.0,26.0,27,8.065044950046229,17.0,16.0,1.0,1,1.0
65,14,14.0,dn1,1,pkg20,8.0,15.0,22,8.065044950046229,26,20,0.0,7,6
65,15,15.0,dn5,2,pkg31,22.0,29.0,32,8.065044950046229,24.0,22.0,1.0,3,2.0
65,15,15.0,dn11,4,pkg28,16.0,26.0,36,8.065044950046229,49,32,0.6000193206335656,10,17
65,16,16.0,dn6,2,pkg30,23.0,30.0,41,8.065044950046229,44,30,0.7621793903595921,11,14
65,17,17.0,dn10,4,pkg32,23.0,28.0,34,8.065044950046229,26.0,23.0,1.0,6,3.0
65,20,20.0,dn2,1,pkg34,25.0,35.0,44,8.065044950046229,42,31,0.9919349550499538,9,11
65,21,21.0,dn14,5,pkg33,26.0,32.0,43,8.065044950046229,55,38,0.5,11,17
65,30,30.0,dn7,3,pkg35,36.0,42.0,48,8.065044950046229,46,38,1.0,6,8
65,38,38.0,dn4,2,pkg36,42.0,47.0,52,8.065044950046229,46,42,1.0,5,4
65,40,40.0,dn3,1,pkg38,50.0,57.0,67,8.065044950046229,54.0,50.0,0.9972791575161781,10,4.0
65,40,40.0,dn8,3,pkg37,48.0,55.0,58,8.065044950046229,51.0,48.0,1.0,3,3.0
65,42,42.0,dn2,1,pkg39,50.0,57.0,67,8.065044950046229,76,59,0.9276480006968348,10,17
65,45,45.0,dn1,1,pkg40,53.0,58.0,62,8.065044950046229,57.0,53.0,1.0,4,4.0
65,46,46.0,dn9,3,pkg41,52.0,61.0,67,8.065044950046229,56.0,52.0,1.0,6,4.0
65,48,48.0,dn4,2,pkg42,53.0,61.0,67,8.065044950046229,58,53,1.0,6,5
65,50,50.0,dn7,3,pkg43,56.0,63.0,72,8.065044950046229,70,60,0.8942105026999628,9,10
65,52,52.0,dn5,2,pkg45,57.0,64.0,69,8.065044950046229,66,59,1.0,5,7
65,52,52.0,dn10,4,pkg44,59.0,66.0,75,8.065044950046229,63.0,59.0,0.9554953287499572,9,4.0
65,53,53.0,dn8,3,pkg46,63.0,68.0,79,8.065044950046229,67.0,63.0,0.8368717887665349,11,4.0
65,54,54.0,dn3,1,pkg47,59.0,68.0,78,8.065044950046229,66,60,0.8638529812987656,10,6
65,56,56.0,dn6,2,pkg48,65.0,75.0,84,8.065044950046229,70.0,65.0,1.0,9,5.0
65,60,60.0,dn1,1,pkg49,66.0,76.0,80,8.065044950046229,70.0,66.0,1.0,4,4.0
65,60,60.0,dn13,5,pkg50,66.0,75.0,81,8.065044950046229,74,67,1.0,6,7
65,62,62.0,dn9,3,pkg51,69.0,76.0,87,8.065044950046229,90,76,0.7621793903595921,11,14
65,62,62.0,dn4,2,pkg52,71.0,79.0,89,8.065044950046229,86,74,0.9972791575161781,10,12
65,66,66.0,dn3,1,pkg54,71.0,78.0,88,8.065044950046229,94,80,0.6964162111435814,10,14
65,66,66.0,dn5,2,pkg53,71.0,77.0,80,8.065044950046229,74.0,71.0,1.0,3,3.0
65,67,67.0,dn14,5,pkg55,74.0,84.0,89,8.065044950046229,80.0,74.0,1.0,5,6.0
65,69,69.0,dn10,4,pkg56,73.0,80.0,87,8.065044950046229,87,78,0.9623380203040381,7,9
65,73,73.0,dn1,1,pkg58,79.0,86.0,87,8.065044950046229,80.0,79.0,1.0,1,1.0
65,73,73.0,dn12,4,pkg57,81.0,86.0,94,8.065044950046229,89,81,0.981497059608109,8,8
65,76,76.0,dn5,2,pkg59,83.0,92.0,99,8.065044950046229,94,85,1.0,7,9
65,81,81.0,dn1,1,pkg60,88.0,95.0,103,8.065044950046229,103,92,1.0,8,11
65,81,81.0,dn6,2,pkg61,88.0,93.0,98,8.065044950046229,94.0,88.0,1.0,5,6.0
65,84,84.0,dn7,3,pkg62,93.0,102.0,105,8.065044950046229,95.0,93.0,1.0,3,2.0
65,85,85.0,dn11,4,pkg64,94.0,102.0,106,8.065044950046229,100.0,94.0,1.0,4,6.0
65,86,86.0,dn4,2,pkg63,94.0,104.0,109,8.065044950046229,102,94,1.0,5,8
65,91,91.0,dn2,1,pkg66,96.0,103.0,107,8.065044950046229,100.0,96.0,1.0,4,4.0
65,91,91.0,dn12,4,pkg65,100.0,106.0,110,8.065044950046229,105.0,100.0,1.0,4,5.0
65,94,94.0,dn3,1,pkg67,100.0,110.0,116,8.065044950046229,106,100,1.0,6,6
65,97,97.0,dn10,4,pkg68,102.0,109.0,112,8.065044950046229,104.0,102.0,1.0,3,2.0
65,99,99.0,dn5,2,pkg69,106.0,111.0,116,8.065044950046229,110.0,106.0,1.0,5,4.0
66,0,0.0,dn1,1,pkg9,5.0,14.0,20,8.065044950046229,9.0,5.0,1.0,6,4.0
66,0,0.0,dn2,1,pkg14,7.0,17.0,22,8.065044950046229,10.0,7.0,1.0,5,3.0
66,0,0.0,dn3,1,pkg3,10.0,17.0,23,8.065044950046229,16.0,10.0,1.0,6,6.0
66,0,0.0,dn7,3,pkg20,5.0,15.0,20,8.065044950046229,12,6,1.0,5,6
66,0,0.0,dn8,3,pkg11,7.0,16.0,21,8.065044950046229,12.0,7.0,1.0,5,5.0
66,0,0.0,dn9,3,pkg16,8.0,17.0,21,8.065044950046229,14.0,8.0,1.0,4,6.0
66,0,0.0,dn15,5,pkg6,6.0,14.0,24,8.065044950046229,16,8,0.8638529812987656,10,8
66,0,0.0,dn14,5,pkg7,7.0,12.0,15,8.065044950046229,9.0,7.0,1.0,3,2.0
66,0,0.0,dn13,5,pkg2,7.0,16.0,22,8.065044950046229,9.0,7.0,1.0,6,2.0
66,1,1.0,dn5,2,pkg22,6.0,13.0,18,8.065044950046229,9.0,6.0,1.0,5,3.0
66,1,1.0,dn10,4,pkg18,5.0,10.0,13,8.065044950046229,7.0,5.0,1.0,3,2.0
66,1,1.0,dn11,4,pkg5,7.0,12.0,16,8.065044950046229,12.0,7.0,1.0,4,5.0
66,1,1.0,dn12,4,pkg12,9.0,18.0,29,8.065044950046229,15.0,9.0,0.9508759758087104,11,6.0
66,1,1.0,dn4,2,pkg23,7.0,16.0,24,8.065044950046229,12.0,7.0,1.0,8,5.0
66,1,1.0,dn6,2,pkg13,9.0,18.0,26,8.065044950046229,16.0,9.0,1.0,8,7.0
66,8,8.0,dn10,4,pkg27,13.0,21.0,23,8.065044950046229,16.0,13.0,1.0,2,3.0
66,9,9.0,dn1,1,pkg17,8.0,13.0,19,8.065044950046229,21,15,0.18695048315002943,6,6
66,9,9.0,dn5,2,pkg10,10.0,18.0,22,8.065044950046229,17,13,1.0,4,4
66,9,9.0,dn13,5,pkg25,11.0,21.0,32,8.065044950046229,21,15,0.5910219106092702,11,6
66,9,9.0,dn14,5,pkg24,7.0,17.0,25,8.065044950046229,17,13,0.5,8,4
66,10,10.0,dn2,1,pkg15,9.0,15.0,19,8.065044950046229,14,12,0.742124235688649,4,2
66,12,12.0,dn4,2,pkg26,13.0,19.0,26,8.065044950046229,34,23,0.5,7,11
66,12,12.0,dn7,3,pkg19,10.0,18.0,23,8.065044950046229,20,16,0.6964162111435814,5,4
66,12,12.0,dn8,3,pkg8,10.0,16.0,23,8.065044950046229,34,23,0.11628291208268915,7,11
66,14,14.0,dn9,3,pkg21,9.0,16.0,25,8.065044950046229,40,27,0.0,9,13
66,16,16.0,dn2,1,pkg28,20.0,30.0,36,8.065044950046229,28,22,1.0,6,6
66,16,16.0,dn15,5,pkg4,10.0,17.0,25,8.065044950046229,32,24,0.0,8,8
66,20,20.0,dn5,2,pkg29,29.0,39.0,49,8.065044950046229,46,33,1.0,10,13
66,21,21.0,dn1,1,pkg30,25.0,34.0,39,8.065044950046229,35,28,1.0,5,7
66,21,21.0,dn3,1,pkg31,27.0,35.0,46,8.065044950046229,41,31,0.7621793903595921,11,10
66,25,25.0,dn6,2,pkg33,30.0,36.0,39,8.065044950046229,34.0,30.0,1.0,3,4.0
66,25,25.0,dn11,4,pkg32,33.0,43.0,46,8.065044950046229,37.0,33.0,1.0,3,4.0
66,28,28.0,dn7,3,pkg34,37.0,44.0,50,8.065044950046229,42.0,37.0,1.0,6,5.0
66,30,30.0,dn2,1,pkg36,36.0,43.0,49,8.065044950046229,41.0,36.0,1.0,6,5.0
66,34,34.0,dn4,2,pkg35,36.0,44.0,46,8.065044950046229,38,36,1.0,2,2
66,39,39.0,dn1,1,pkg38,46.0,54.0,59,8.065044950046229,53,46,1.0,5,7
66,39,39.0,dn10,4,pkg37,48.0,55.0,59,8.065044950046229,52.0,48.0,1.0,4,4.0
66,46,46.0,dn8,3,pkg40,53.0,58.0,61,8.065044950046229,57.0,53.0,1.0,3,4.0
66,46,46.0,dn13,5,pkg39,50.0,55.0,60,8.065044950046229,62,54,1.0,5,8
66,48,48.0,dn14,5,pkg41,52.0,57.0,62,8.065044950046229,55.0,52.0,1.0,5,3.0
66,50,50.0,dn2,1,pkg43,59.0,66.0,72,8.065044950046229,67.0,59.0,1.0,6,8.0
66,50,50.0,dn7,3,pkg42,54.0,61.0,66,8.065044950046229,57.0,54.0,1.0,5,3.0
66,53,53.0,dn1,1,pkg44,59.0,68.0,73,8.065044950046229,67,60,1.0,5,7
66,58,58.0,dn7,3,pkg45,64.0,70.0,72,8.065044950046229,66.0,64.0,1.0,2,2.0
66,60,60.0,dn8,3,pkg46,64.0,70.0,74,8.065044950046229,68,64,1.0,4,4
66,60,60.0,dn3,1,pkg47,69.0,75.0,86,8.065044950046229,90,75,0.8368717887665349,11,15
66,63,63.0,dn13,5,pkg48,70.0,80.0,87,8.065044950046229,76.0,70.0,1.0,7,6.0
66,65,65.0,dn4,2,pkg49,74.0,80.0,84,8.065044950046229,80.0,74.0,1.0,4,6.0
66,65,65.0,dn11,4,pkg50,75.0,84.0,88,8.065044950046229,78.0,75.0,1.0,4,3.0
66,70,70.0,dn1,1,pkg51,79.0,85.0,90,8.065044950046229,85.0,79.0,1.0,5,6.0
66,74,74.0,dn10,4,pkg52,79.0,86.0,87,8.065044950046229,80.0,79.0,1.0,1,1.0
66,78,78.0,dn5,2,pkg53,85.0,92.0,96,8.065044950046229,92,85,1.0,4,7
66,79,79.0,dn13,5,pkg54,83.0,88.0,91,8.065044950046229,86.0,83.0,1.0,3,3.0
66,80,80.0,dn2,1,pkg55,89.0,98.0,106,8.065044950046229,98,89,1.0,8,9
66,87,87.0,dn1,1,pkg56,96.0,103.0,112,8.065044950046229,109,98,1.0,9,11
66,89,89.0,dn13,5,pkg57,94.0,102.0,110,8.065044950046229,109,99,0.981497059608109,8,10
66,90,90.0,dn3,1,pkg59,100.0,107.0,112,8.065044950046229,103.0,100.0,1.0,5,3.0
66,90,90.0,dn4,2,pkg58,96.0,101.0,105,8.065044950046229,101.0,96.0,1.0,4,5.0
66,92,92.0,dn14,5,pkg60,96.0,106.0,111,8.065044950046229,100,96,1.0,5,4
66,92,92.0,dn15,5,pkg61,98.0,104.0,110,8.065044950046229,104,98,1.0,6,6
66,94,94.0,dn7,3,pkg62,99.0,106.0,115,8.065044950046229,114,104,0.8130495168499705,9,10
66,97,97.0,dn8,3,pkg63,103.0,113.0,120,8.065044950046229,111,104,1.0,7,7
66,99,99.0,dn9,3,pkg64,104.0,112.0,117,8.065044950046229,109,104,1.0,5,5
67,0,0.0,dn4,2,pkg4,5.0,15.0,24,8.065044950046229,10,5,0.9919349550499538,9,5
67,0,0.0,dn5,2,pkg10,6.0,13.0,21,8.065044950046229,12,6,0.981497059608109,8,6
67,0,0.0,dn6,2,pkg2,7.0,17.0,21,8.065044950046229,11.0,7.0,1.0,4,4.0
67,0,0.0,dn7,3,pkg21,8.0,18.0,22,8.065044950046229,11.0,8.0,1.0,4,3.0
67,0,0.0,dn8,3,pkg14,10.0,19.0,24,8.065044950046229,16.0,10.0,1.0,5,6.0
67,0,0.0,dn9,3,pkg15,7.0,17.0,22,8.065044950046229,9.0,7.0,1.0,5,2.0
67,0,0.0,dn10,4,pkg6,9.0,16.0,20,8.065044950046229,15.0,9.0,1.0,4,6.0
67,0,0.0,dn11,4,pkg5,5.0,12.0,19,8.065044950046229,9.0,5.0,0.9987148696173,7,4.0
67,1,1.0,dn1,1,pkg7,5.0,12.0,18,8.065044950046229,9,5,1.0,6,4
67,1,1.0,dn2,1,pkg18,7.0,14.0,19,8.065044950046229,13,7,1.0,5,6
67,1,1.0,dn3,1,pkg19,7.0,16.0,21,8.065044950046229,12.0,7.0,1.0,5,5.0
67,1,1.0,dn14,5,pkg8,8.0,15.0,18,8.065044950046229,10.0,8.0,1.0,3,2.0
67,1,1.0,dn12,4,pkg22,8.0,14.0,20,8.065044950046229,17,9,1.0,6,8
67,1,1.0,dn13,5,pkg3,9.0,17.0,21,8.065044950046229,14.0,9.0,1.0,4,5.0
67,1,1.0,dn15,5,pkg12,9.0,14.0,21,8.065044950046229,21,11,1.0,7,10
67,9,9.0,dn1,1,pkg16,10.0,16.0,20,8.065044950046229,19,14,1.0,4,5
67,9,9.0,dn9,3,pkg24,10.0,19.0,27,8.065044950046229,15,12,0.742124235688649,8,3
67,9,9.0,dn11,4,pkg11,9.0,17.0,28,8.065044950046229,23,16,0.2378206096404078,11,7
67,10,10.0,dn4,2,pkg23,7.0,17.0,28,8.065044950046229,30,20,0.16312821123346516,11,10
67,10,10.0,dn14,5,pkg29,20.0,29.0,33,8.065044950046229,26.0,20.0,1.0,4,6.0
67,11,11.0,dn6,2,pkg9,8.0,15.0,18,8.065044950046229,17,14,0.8130495168499705,3,3
67,11,11.0,dn7,3,pkg27,12.0,19.0,27,8.065044950046229,33,22,0.5,8,11
67,12,12.0,dn3,1,pkg28,18.0,26.0,31,8.065044950046229,26,19,1.0,5,7
67,12,12.0,dn5,2,pkg30,17.0,22.0,31,8.065044950046229,34,23,0.6109752255499895,9,11
67,13,13.0,dn2,1,pkg25,13.0,20.0,29,8.065044950046229,31,22,0.2830185888500204,9,9
67,14,14.0,dn13,5,pkg1,10.0,16.0,26,8.065044950046229,36,25,0.0,10,11
67,15,15.0,dn9,3,pkg26,14.0,19.0,24,8.065044950046229,25,20,0.3035837888564185,5,5
67,15,15.0,dn10,4,pkg31,20.0,29.0,34,8.065044950046229,25,20,1.0,5,5
67,16,16.0,dn8,3,pkg33,25.0,32.0,36,8.065044950046229,32.0,25.0,1.0,4,7.0
67,17,17.0,dn6,2,pkg17,9.0,18.0,26,8.065044950046229,41,29,0.0,8,12
67,17,17.0,dn12,4,pkg32,25.0,31.0,35,8.065044950046229,31.0,25.0,1.0,4,6.0
67,21,21.0,dn15,5,pkg35,25.0,32.0,40,8.065044950046229,45,33,0.8454987064453288,8,12
67,25,25.0,dn10,4,pkg36,34.0,42.0,50,8.065044950046229,39.0,34.0,1.0,8,5.0
67,26,26.0,dn1,1,pkg37,35.0,40.0,45,8.065044950046229,42.0,35.0,1.0,5,7.0
67,28,28.0,dn3,1,pkg38,35.0,43.0,49,8.065044950046229,41.0,35.0,1.0,6,6.0
67,30,30.0,dn4,2,pkg34,28.0,38.0,43,8.065044950046229,42,36,0.9733308694771554,5,6
67,30,30.0,dn11,4,pkg39,35.0,41.0,44,8.065044950046229,37.0,35.0,1.0,3,2.0
67,31,31.0,dn12,4,pkg40,37.0,46.0,48,8.065044950046229,39.0,37.0,1.0,2,2.0
67,31,31.0,dn2,1,pkg41,41.0,49.0,54,8.065044950046229,44.0,41.0,1.0,5,3.0
67,34,34.0,dn14,5,pkg42,39.0,45.0,53,8.065044950046229,58,46,0.8454987064453288,8,12
67,36,36.0,dn5,2,pkg43,40.0,46.0,54,8.065044950046229,54,45,0.742124235688649,8,9
67,37,37.0,dn11,4,pkg44,42.0,47.0,56,8.065044950046229,46.0,42.0,0.6109752255499895,9,4.0
67,39,39.0,dn7,3,pkg45,44.0,53.0,60,8.065044950046229,53,46,1.0,7,7
67,41,41.0,dn6,2,pkg46,50.0,59.0,70,8.065044950046229,59,50,0.9847445937098342,11,9
67,45,45.0,dn4,2,pkg47,51.0,58.0,61,8.065044950046229,54.0,51.0,1.0,3,3.0
67,46,46.0,dn2,1,pkg48,52.0,61.0,67,8.065044950046229,64,55,1.0,6,9
67,46,46.0,dn13,5,pkg49,51.0,60.0,62,8.065044950046229,54.0,51.0,1.0,2,3.0
67,50,50.0,dn8,3,pkg51,56.0,61.0,72,8.065044950046229,74,62,0.5,11,12
67,50,50.0,dn9,3,pkg50,58.0,64.0,68,8.065044950046229,63.0,58.0,1.0,4,5.0
67,55,55.0,dn3,1,pkg53,62.0,70.0,81,8.065044950046229,69,62,0.8368717887665349,11,7
67,55,55.0,dn13,5,pkg52,61.0,69.0,72,8.065044950046229,63.0,61.0,1.0,3,2.0
67,56,56.0,dn4,2,pkg54,66.0,75.0,86,8.065044950046229,82,69,0.9995621140415759,11,13
67,59,59.0,dn5,2,pkg55,67.0,75.0,79,8.065044950046229,71.0,67.0,1.0,4,4.0
67,60,60.0,dn14,5,pkg56,64.0,69.0,74,8.065044950046229,74,67,1.0,5,7
67,62,62.0,dn1,1,pkg57,66.0,76.0,84,8.065044950046229,72,67,1.0,8,5
67,63,63.0,dn6,2,pkg58,68.0,78.0,83,8.065044950046229,70.0,68.0,1.0,5,2.0
67,64,64.0,dn13,5,pkg59,68.0,75.0,85,8.065044950046229,76,70,0.6000193206335656,10,6
67,64,64.0,dn15,5,pkg60,69.0,76.0,85,8.065044950046229,78,71,0.8130495168499705,9,7
67,67,67.0,dn7,3,pkg61,73.0,82.0,91,8.065044950046229,97,82,0.9919349550499538,9,15
67,67,67.0,dn9,3,pkg62,74.0,80.0,85,8.065044950046229,78.0,74.0,1.0,5,4.0
67,69,69.0,dn3,1,pkg63,77.0,82.0,88,8.065044950046229,85,77,1.0,6,8
67,74,74.0,dn1,1,pkg65,80.0,89.0,96,8.065044950046229,82.0,80.0,1.0,7,2.0
67,74,74.0,dn8,3,pkg64,76.0,86.0,88,8.065044950046229,78,76,1.0,2,2
67,76,76.0,dn5,2,pkg66,84.0,94.0,98,8.065044950046229,89.0,84.0,1.0,4,5.0
67,82,82.0,dn4,2,pkg68,91.0,101.0,109,8.065044950046229,95.0,91.0,1.0,8,4.0
67,82,82.0,dn13,5,pkg67,88.0,97.0,100,8.065044950046229,91.0,88.0,1.0,3,3.0
67,85,85.0,dn6,2,pkg69,93.0,99.0,100,8.065044950046229,94.0,93.0,1.0,1,1.0
67,87,87.0,dn1,1,pkg71,96.0,106.0,111,8.065044950046229,100.0,96.0,1.0,5,4.0
67,87,87.0,dn8,3,pkg70,93.0,99.0,105,8.065044950046229,101,94,1.0,6,7
67,90,90.0,dn9,3,pkg72,97.0,102.0,104,8.065044950046229,99.0,97.0,1.0,2,2.0
67,92,92.0,dn2,1,pkg73,98.0,106.0,114,8.065044950046229,102.0,98.0,1.0,8,4.0
67,95,95.0,dn4,2,pkg74,105.0,110.0,115,8.065044950046229,110.0,105.0,1.0,5,5.0
67,97,97.0,dn3,1,pkg75,106.0,115.0,125,8.065044950046229,117,107,1.0,10,10
67,97,97.0,dn14,5,pkg76,107.0,113.0,122,8.065044950046229,123,110,1.0,9,13
68,0,0.0,dn10,4,pkg17,5.0,13.0,23,8.065044950046229,26,13,0.7855682414064981,10,13
68,0,0.0,dn11,4,pkg2,5.0,14.0,24,8.065044950046229,9.0,5.0,0.8638529812987656,10,4.0
68,2,2.0,dn2,1,pkg16,5.0,12.0,16,8.065044950046229,8,5,1.0,4,3
68,2,2.0,dn3,1,pkg19,6.0,12.0,21,8.065044950046229,28,15,0.6109752255499895,9,13
68,2,2.0,dn4,2,pkg7,9.0,15.0,21,8.065044950046229,13.0,9.0,1.0,6,4.0
68,2,2.0,dn5,2,pkg1,8.0,16.0,22,8.065044950046229,16,9,1.0,6,7
68,2,2.0,dn6,2,pkg15,8.0,17.0,22,8.065044950046229,16,9,1.0,5,7
68,2,2.0,dn7,3,pkg6,5.0,10.0,19,8.065044950046229,28,15,0.3890247744500105,9,13
68,2,2.0,dn8,3,pkg23,12.0,20.0,29,8.065044950046229,19.0,12.0,1.0,9,7.0
68,2,2.0,dn14,5,pkg20,7.0,14.0,18,8.065044950046229,14,8,1.0,4,6
68,2,2.0,dn15,5,pkg4,9.0,17.0,21,8.065044950046229,14.0,9.0,1.0,4,5.0
68,2,2.0,dn9,3,pkg8,5.0,15.0,24,8.065044950046229,16,9,0.8942105026999628,9,7
68,2,2.0,dn1,1,pkg11,6.0,15.0,22,8.065044950046229,18,10,1.0,7,8
68,2,2.0,dn13,5,pkg18,6.0,14.0,17,8.065044950046229,8.0,6.0,1.0,3,2.0
68,2,2.0,dn12,4,pkg5,7.0,16.0,22,8.065044950046229,18,10,1.0,6,8
68,8,8.0,dn2,1,pkg9,7.0,16.0,19,8.065044950046229,12,10,1.0,3,2
68,8,8.0,dn13,5,pkg24,9.0,18.0,25,8.065044950046229,22,15,0.8837170879173109,7,7
68,9,9.0,dn11,4,pkg22,9.0,17.0,22,8.065044950046229,17,13,0.9733308694771554,5,4
68,12,12.0,dn2,1,pkg3,10.0,19.0,23,8.065044950046229,22,17,1.0,4,5
68,13,13.0,dn4,2,pkg28,19.0,25.0,27,8.065044950046229,22.0,19.0,1.0,2,3.0
68,14,14.0,dn14,5,pkg13,8.0,15.0,26,8.065044950046229,34,24,0.0,11,10
68,14,14.0,dn15,5,pkg29,21.0,28.0,32,8.065044950046229,25.0,21.0,1.0,4,4.0
68,16,16.0,dn5,2,pkg26,19.0,29.0,34,8.065044950046229,21.0,19.0,1.0,5,2.0
68,16,16.0,dn6,2,pkg27,18.0,26.0,32,8.065044950046229,28,22,0.9919349550499538,6,6
68,16,16.0,dn9,3,pkg12,8.0,18.0,28,8.065044950046229,34,25,0.0,10,9
68,19,19.0,dn8,3,pkg31,27.0,37.0,44,8.065044950046229,31.0,27.0,1.0,7,4.0
68,21,21.0,dn1,1,pkg32,30.0,40.0,43,8.065044950046229,32.0,30.0,1.0,3,2.0
68,21,21.0,dn5,2,pkg30,26.0,32.0,38,8.065044950046229,39,30,1.0,6,9
68,24,24.0,dn4,2,pkg33,32.0,40.0,48,8.065044950046229,39.0,32.0,1.0,8,7.0
68,25,25.0,dn15,5,pkg34,31.0,41.0,50,8.065044950046229,36.0,31.0,1.0,9,5.0
68,28,28.0,dn6,2,pkg35,37.0,45.0,49,8.065044950046229,41.0,37.0,1.0,4,4.0
68,31,31.0,dn13,5,pkg36,37.0,42.0,44,8.065044950046229,39.0,37.0,1.0,2,2.0
68,33,33.0,dn1,1,pkg37,41.0,50.0,58,8.065044950046229,49,41,1.0,8,8
68,36,36.0,dn2,1,pkg38,40.0,49.0,52,8.065044950046229,44,40,1.0,3,4
68,36,36.0,dn11,4,pkg39,41.0,46.0,56,8.065044950046229,66,51,0.5,10,15
68,38,38.0,dn3,1,pkg40,45.0,54.0,63,8.065044950046229,58,48,1.0,9,10
68,39,39.0,dn5,2,pkg41,45.0,50.0,54,8.065044950046229,49.0,45.0,1.0,4,4.0
68,44,44.0,dn6,2,pkg43,50.0,55.0,59,8.065044950046229,55.0,50.0,1.0,4,5.0
68,44,44.0,dn10,4,pkg42,48.0,57.0,61,8.065044950046229,52,48,1.0,4,4
68,46,46.0,dn7,3,pkg44,55.0,63.0,66,8.065044950046229,57.0,55.0,1.0,3,2.0
68,46,46.0,dn8,3,pkg45,55.0,65.0,74,8.065044950046229,58.0,55.0,1.0,9,3.0
68,49,49.0,dn2,1,pkg46,57.0,63.0,71,8.065044950046229,60.0,57.0,1.0,8,3.0
68,51,51.0,dn9,3,pkg47,58.0,66.0,69,8.065044950046229,62.0,58.0,1.0,3,4.0
68,57,57.0,dn4,2,pkg48,66.0,74.0,80,8.065044950046229,73.0,66.0,1.0,6,7.0
68,57,57.0,dn5,2,pkg49,66.0,72.0,81,8.065044950046229,83,70,0.9919349550499538,9,13
68,58,58.0,dn7,3,pkg50,64.0,70.0,78,8.065044950046229,78,68,0.9276480006968348,8,10
68,59,59.0,dn6,2,pkg51,67.0,75.0,84,8.065044950046229,74.0,67.0,1.0,9,7.0
68,61,61.0,dn2,1,pkg53,68.0,75.0,79,8.065044950046229,72.0,68.0,1.0,4,4.0
68,61,61.0,dn10,4,pkg52,66.0,74.0,79,8.065044950046229,77,69,1.0,5,8
68,64,64.0,dn8,3,pkg54,71.0,76.0,81,8.065044950046229,74.0,71.0,1.0,5,3.0
68,73,73.0,dn4,2,pkg55,74.0,83.0,91,8.065044950046229,85,79,0.742124235688649,8,6
68,75,75.0,dn1,1,pkg56,81.0,87.0,92,8.065044950046229,86.0,81.0,1.0,5,5.0
68,78,78.0,dn7,3,pkg57,84.0,94.0,98,8.065044950046229,88.0,84.0,1.0,4,4.0
68,78,78.0,dn8,3,pkg58,85.0,95.0,100,8.065044950046229,89.0,85.0,1.0,5,4.0
68,81,81.0,dn9,3,pkg59,85.0,95.0,98,8.065044950046229,89,85,1.0,3,4
68,82,82.0,dn6,2,pkg60,88.0,93.0,101,8.065044950046229,102,92,0.8454987064453288,8,10
68,85,85.0,dn4,2,pkg61,91.0,97.0,100,8.065044950046229,95.0,91.0,1.0,3,4.0
68,88,88.0,dn7,3,pkg62,96.0,104.0,109,8.065044950046229,103.0,96.0,1.0,5,7.0
68,92,92.0,dn1,1,pkg63,101.0,108.0,116,8.065044950046229,114,103,1.0,8,11
68,93,93.0,dn8,3,pkg64,101.0,106.0,108,8.065044950046229,104.0,101.0,1.0,2,3.0
68,94,94.0,dn10,4,pkg65,98.0,107.0,118,8.065044950046229,106,100,0.6793222358514858,11,6
68,94,94.0,dn5,2,pkg66,100.0,109.0,113,8.065044950046229,105.0,100.0,1.0,4,5.0
68,98,98.0,dn4,2,pkg67,102.0,108.0,114,8.065044950046229,104.0,102.0,0.9919349550499538,6,2.0
69,0,0.0,dn1,1,pkg15,5.0,14.0,24,8.065044950046229,20,10,0.8638529812987656,10,10
69,0,0.0,dn2,1,pkg9,7.0,13.0,22,8.065044950046229,20,10,0.8942105026999628,9,10
69,0,0.0,dn3,1,pkg12,7.0,16.0,24,8.065044950046229,16,8,1.0,8,8
69,0,0.0,dn4,2,pkg2,9.0,19.0,25,8.065044950046229,13.0,9.0,1.0,6,4.0
69,0,0.0,dn5,2,pkg19,8.0,16.0,24,8.065044950046229,14.0,8.0,1.0,8,6.0
69,0,0.0,dn6,2,pkg4,7.0,17.0,25,8.065044950046229,22,11,1.0,8,11
69,0,0.0,dn10,4,pkg21,5.0,13.0,19,8.065044950046229,10,5,1.0,6,5
69,1,1.0,dn8,3,pkg17,8.0,13.0,18,8.065044950046229,12.0,8.0,1.0,5,4.0
69,1,1.0,dn11,4,pkg3,7.0,16.0,17,8.065044950046229,8.0,7.0,1.0,1,1.0
69,1,1.0,dn12,4,pkg11,8.0,14.0,17,8.065044950046229,11.0,8.0,1.0,3,3.0
69,1,1.0,dn13,5,pkg20,5.0,11.0,17,8.065044950046229,13,7,0.9919349550499538,6,6
69,1,1.0,dn14,5,pkg8,8.0,15.0,21,8.065044950046229,15,8,1.0,6,7
69,1,1.0,dn15,5,pkg22,10.0,20.0,26,8.065044950046229,17.0,10.0,1.0,6,7.0
69,1,1.0,dn7,3,pkg7,9.0,15.0,21,8.065044950046229,15.0,9.0,1.0,6,6.0
69,1,1.0,dn9,3,pkg5,9.0,17.0,23,8.065044950046229,19,10,1.0,6,9
69,8,8.0,dn11,4,pkg24,7.0,15.0,16,8.065044950046229,10,9,1.0,1,1
69,10,10.0,dn10,4,pkg13,8.0,16.0,17,8.065044950046229,12,11,1.0,1,1
69,10,10.0,dn11,4,pkg10,8.0,15.0,25,8.065044950046229,38,24,0.07235199930316516,10,14
69,11,11.0,dn12,4,pkg28,18.0,28.0,35,8.065044950046229,24.0,18.0,1.0,7,6.0
69,12,12.0,dn8,3,pkg27,15.0,22.0,32,8.065044950046229,26,19,0.5,10,7
69,12,12.0,dn10,4,pkg6,10.0,17.0,28,8.065044950046229,46,29,0.04912402419128953,11,17
69,13,13.0,dn4,2,pkg23,9.0,17.0,28,8.065044950046229,39,26,0.015255406290165807,11,13
69,13,13.0,dn13,5,pkg25,12.0,20.0,29,8.065044950046229,21,17,0.2830185888500204,9,4
69,14,14.0,dn5,2,pkg1,9.0,15.0,22,8.065044950046229,32,23,0.0,7,9
69,15,15.0,dn14,5,pkg29,20.0,27.0,33,8.065044950046229,29,22,1.0,6,7
69,16,16.0,dn3,1,pkg14,9.0,18.0,20,8.065044950046229,20,18,0.5,2,2
69,17,17.0,dn15,5,pkg30,21.0,31.0,38,8.065044950046229,31,24,1.0,7,7
69,19,19.0,dn7,3,pkg32,25.0,32.0,42,8.065044950046229,37,28,0.7855682414064981,10,9
69,20,20.0,dn1,1,pkg26,17.0,23.0,31,8.065044950046229,32,26,0.018502940391891043,8,6
69,22,22.0,dn6,2,pkg31,23.0,31.0,41,8.065044950046229,32,27,0.39998067936643444,10,5
69,24,24.0,dn2,1,pkg33,29.0,37.0,42,8.065044950046229,38,31,1.0,5,7
69,24,24.0,dn3,1,pkg34,31.0,38.0,44,8.065044950046229,37.0,31.0,1.0,6,6.0
69,32,32.0,dn1,1,pkg35,41.0,48.0,53,8.065044950046229,45.0,41.0,1.0,5,4.0
69,34,34.0,dn5,2,pkg36,39.0,47.0,51,8.065044950046229,46,40,1.0,4,6
69,34,34.0,dn6,2,pkg37,41.0,46.0,51,8.065044950046229,45.0,41.0,1.0,5,4.0
69,36,36.0,dn12,4,pkg38,41.0,50.0,54,8.065044950046229,44.0,41.0,1.0,4,3.0
69,37,37.0,dn3,1,pkg39,45.0,54.0,64,8.065044950046229,67,52,0.9972791575161781,10,15
69,39,39.0,dn4,2,pkg40,44.0,54.0,58,8.065044950046229,48.0,44.0,1.0,4,4.0
69,40,40.0,dn2,1,pkg41,46.0,53.0,56,8.065044950046229,50.0,46.0,1.0,3,4.0
69,43,43.0,dn11,4,pkg42,47.0,55.0,60,8.065044950046229,49.0,47.0,1.0,5,2.0
69,45,45.0,dn7,3,pkg43,54.0,64.0,72,8.065044950046229,57.0,54.0,1.0,8,3.0
69,47,47.0,dn1,1,pkg44,54.0,60.0,63,8.065044950046229,58.0,54.0,1.0,3,4.0
69,49,49.0,dn11,4,pkg45,56.0,66.0,77,8.065044950046229,77,63,0.9508759758087104,11,14
69,58,58.0,dn4,2,pkg46,66.0,76.0,81,8.065044950046229,69.0,66.0,1.0,5,3.0
69,60,60.0,dn1,1,pkg47,68.0,77.0,86,8.065044950046229,80,70,1.0,9,10
69,61,61.0,dn5,2,pkg48,65.0,72.0,79,8.065044950046229,71,66,0.9623380203040381,7,5
69,66,66.0,dn2,1,pkg49,75.0,81.0,86,8.065044950046229,79.0,75.0,1.0,5,4.0
69,67,67.0,dn3,1,pkg50,73.0,79.0,89,8.065044950046229,85,76,0.6964162111435814,10,9
69,70,70.0,dn13,5,pkg51,76.0,81.0,86,8.065044950046229,78.0,76.0,1.0,5,2.0
69,72,72.0,dn4,2,pkg52,76.0,86.0,89,8.065044950046229,78.0,76.0,1.0,3,2.0
69,76,76.0,dn10,4,pkg53,85.0,92.0,96,8.065044950046229,87.0,85.0,1.0,4,2.0
69,77,77.0,dn7,3,pkg54,84.0,91.0,93,8.065044950046229,86.0,84.0,1.0,2,2.0
69,79,79.0,dn8,3,pkg55,88.0,94.0,100,8.065044950046229,96.0,88.0,1.0,6,8.0
69,79,79.0,dn9,3,pkg56,89.0,99.0,104,8.065044950046229,95.0,89.0,1.0,5,6.0
69,82,82.0,dn1,1,pkg57,91.0,97.0,103,8.065044950046229,97.0,91.0,1.0,6,6.0
69,82,82.0,dn2,1,pkg58,91.0,99.0,105,8.065044950046229,98.0,91.0,1.0,6,7.0
69,85,85.0,dn3,1,pkg60,93.0,102.0,109,8.065044950046229,100.0,93.0,1.0,7,7.0
69,85,85.0,dn4,2,pkg59,94.0,101.0,110,8.065044950046229,102.0,94.0,1.0,9,8.0
69,89,89.0,dn10,4,pkg61,96.0,101.0,104,8.065044950046229,98.0,96.0,1.0,3,2.0
69,90,90.0,dn7,3,pkg63,99.0,106.0,107,8.065044950046229,100.0,99.0,1.0,1,1.0
69,90,90.0,dn13,5,pkg62,99.0,105.0,107,8.065044950046229,102.0,99.0,1.0,2,3.0
69,92,92.0,dn14,5,pkg64,98.0,106.0,116,8.065044950046229,116,104,0.8638529812987656,10,12
69,92,92.0,dn15,5,pkg65,100.0,109.0,113,8.065044950046229,102.0,100.0,1.0,4,2.0
69,96,96.0,dn5,2,pkg67,105.0,114.0,117,8.065044950046229,108.0,105.0,1.0,3,3.0
69,96,96.0,dn9,3,pkg66,99.0,105.0,109,8.065044950046229,101.0,99.0,1.0,4,2.0
69,98,98.0,dn6,2,pkg68,102.0,108.0,112,8.065044950046229,104.0,102.0,1.0,4,2.0
69,98,98.0,dn11,4,pkg69,104.0,109.0,114,8.065044950046229,107.0,104.0,1.0,5,3.0
70,0,0.0,dn7,3,pkg3,5.0,10.0,19,8.065044950046229,18,9,0.6109752255499895,9,9
70,0,0.0,dn10,4,pkg15,5.0,12.0,22,8.065044950046229,12,6,0.6964162111435814,10,6
70,2,2.0,dn1,1,pkg13,6.0,13.0,17,8.065044950046229,8.0,6.0,1.0,4,2.0
70,2,2.0,dn4,2,pkg18,9.0,19.0,24,8.065044950046229,13.0,9.0,1.0,5,4.0
70,2,2.0,dn5,2,pkg1,10.0,20.0,26,8.065044950046229,14.0,10.0,1.0,6,4.0
70,2,2.0,dn6,2,pkg19,6.0,14.0,21,8.065044950046229,18,10,0.9987148696173,7,8
70,2,2.0,dn8,3,pkg5,7.0,16.0,20,8.065044950046229,11.0,7.0,1.0,4,4.0
70,2,2.0,dn9,3,pkg7,10.0,17.0,21,8.065044950046229,16.0,10.0,1.0,4,6.0
70,2,2.0,dn11,4,pkg14,6.0,13.0,16,8.065044950046229,9.0,6.0,1.0,3,3.0
70,2,2.0,dn13,5,pkg20,6.0,16.0,22,8.065044950046229,12,7,1.0,6,5
70,2,2.0,dn14,5,pkg4,7.0,16.0,23,8.065044950046229,20,11,1.0,7,9
70,2,2.0,dn15,5,pkg2,6.0,14.0,23,8.065044950046229,14,8,0.8130495168499705,9,6
70,2,2.0,dn2,1,pkg16,7.0,17.0,25,8.065044950046229,12,7,1.0,8,5
70,2,2.0,dn12,4,pkg21,7.0,16.0,19,8.065044950046229,11.0,7.0,1.0,3,4.0
70,2,2.0,dn3,1,pkg23,8.0,13.0,15,8.065044950046229,10.0,8.0,1.0,2,2.0
70,8,8.0,dn1,1,pkg12,8.0,14.0,21,8.065044950046229,24,16,0.35801294300307457,7,8
70,9,9.0,dn11,4,pkg26,15.0,24.0,31,8.065044950046229,20.0,15.0,1.0,7,5.0
70,10,10.0,dn3,1,pkg10,9.0,19.0,23,8.065044950046229,20,15,1.0,4,5
70,11,11.0,dn8,3,pkg24,13.0,22.0,28,8.065044950046229,23,17,1.0,6,6
70,11,11.0,dn12,4,pkg28,17.0,26.0,35,8.065044950046229,39,25,0.9919349550499538,9,14
70,12,12.0,dn2,1,pkg11,10.0,20.0,23,8.065044950046229,18,15,1.0,3,3
70,12,12.0,dn10,4,pkg27,17.0,26.0,36,8.065044950046229,22,17,0.8638529812987656,10,5
70,12,12.0,dn13,5,pkg8,10.0,18.0,22,8.065044950046229,22,17,0.9276480006968348,4,5
70,13,13.0,dn4,2,pkg22,10.0,15.0,24,8.065044950046229,33,23,0.0,9,10
70,14,14.0,dn5,2,pkg29,20.0,27.0,31,8.065044950046229,23.0,20.0,1.0,4,3.0
70,14,14.0,dn15,5,pkg6,10.0,17.0,28,8.065044950046229,34,24,0.00043788595842408906,11,10
70,16,16.0,dn9,3,pkg31,20.0,27.0,31,8.065044950046229,26,21,1.0,4,5
70,18,18.0,dn2,1,pkg32,21.0,30.0,35,8.065044950046229,26,22,1.0,5,4
70,18,18.0,dn6,2,pkg33,22.0,29.0,31,8.065044950046229,25.0,22.0,1.0,2,3.0
70,18,18.0,dn7,3,pkg30,21.0,31.0,41,8.065044950046229,42,30,0.7855682414064981,10,12
70,20,20.0,dn11,4,pkg35,29.0,38.0,44,8.065044950046229,40,30,1.0,6,10
70,20,20.0,dn14,5,pkg36,29.0,35.0,43,8.065044950046229,37.0,29.0,1.0,8,8.0
70,22,22.0,dn10,4,pkg34,23.0,31.0,40,8.065044950046229,38,30,0.5,9,8
70,22,22.0,dn13,5,pkg37,29.0,36.0,40,8.065044950046229,33.0,29.0,1.0,4,4.0
70,23,23.0,dn5,2,pkg38,33.0,43.0,52,8.065044950046229,49,36,1.0,9,13
70,26,26.0,dn8,3,pkg39,31.0,36.0,40,8.065044950046229,35.0,31.0,1.0,4,4.0
70,28,28.0,dn6,2,pkg40,36.0,46.0,50,8.065044950046229,41.0,36.0,1.0,4,5.0
70,33,33.0,dn4,2,pkg41,38.0,47.0,51,8.065044950046229,39.0,38.0,1.0,4,1.0
70,34,34.0,dn15,5,pkg44,43.0,50.0,56,8.065044950046229,48.0,43.0,1.0,6,5.0
70,37,37.0,dn14,5,pkg45,42.0,48.0,51,8.065044950046229,46.0,42.0,1.0,3,4.0
70,38,38.0,dn10,4,pkg43,39.0,48.0,53,8.065044950046229,50,44,1.0,5,6
70,39,39.0,dn4,2,pkg42,40.0,45.0,46,8.065044950046229,43,41,1.0,1,2
70,42,42.0,dn7,3,pkg46,49.0,57.0,65,8.065044950046229,64,53,1.0,8,11
70,43,43.0,dn6,2,pkg47,51.0,56.0,63,8.065044950046229,59,51,1.0,7,8
70,44,44.0,dn8,3,pkg48,54.0,61.0,67,8.065044950046229,60.0,54.0,1.0,6,6.0
70,46,46.0,dn14,5,pkg49,56.0,64.0,72,8.065044950046229,65.0,56.0,1.0,8,9.0
70,47,47.0,dn9,3,pkg50,52.0,61.0,66,8.065044950046229,59,53,1.0,5,6
70,51,51.0,dn4,2,pkg51,57.0,64.0,72,8.065044950046229,77,64,0.981497059608109,8,13
70,57,57.0,dn5,2,pkg52,64.0,74.0,78,8.065044950046229,68.0,64.0,1.0,4,4.0
70,57,57.0,dn11,4,pkg53,65.0,72.0,73,8.065044950046229,66.0,65.0,1.0,1,1.0
70,60,60.0,dn1,1,pkg55,65.0,71.0,82,8.065044950046229,72,66,0.5,11,6
70,60,60.0,dn13,5,pkg54,68.0,74.0,78,8.065044950046229,74.0,68.0,1.0,4,6.0
70,61,61.0,dn8,3,pkg56,69.0,74.0,78,8.065044950046229,75.0,69.0,1.0,4,6.0
70,63,63.0,dn2,1,pkg57,71.0,80.0,85,8.065044950046229,76.0,71.0,1.0,5,5.0
70,68,68.0,dn6,2,pkg58,74.0,84.0,91,8.065044950046229,88,78,1.0,7,10
70,70,70.0,dn3,1,pkg59,76.0,82.0,87,8.065044950046229,84,77,1.0,5,7
70,71,71.0,dn5,2,pkg60,78.0,84.0,90,8.065044950046229,83.0,78.0,1.0,6,5.0
70,71,71.0,dn11,4,pkg61,81.0,91.0,99,8.065044950046229,86.0,81.0,1.0,8,5.0
70,72,72.0,dn14,5,pkg62,79.0,86.0,92,8.065044950046229,90,81,1.0,6,9
70,75,75.0,dn1,1,pkg64,80.0,86.0,88,8.065044950046229,82.0,80.0,1.0,2,2.0
70,75,75.0,dn7,3,pkg63,84.0,94.0,101,8.065044950046229,90.0,84.0,1.0,7,6.0
70,77,77.0,dn2,1,pkg65,84.0,94.0,100,8.065044950046229,93,85,1.0,6,8
70,77,77.0,dn9,3,pkg66,87.0,92.0,96,8.065044950046229,93.0,87.0,1.0,4,6.0
70,79,79.0,dn8,3,pkg67,83.0,90.0,93,8.065044950046229,87,83,1.0,3,4
70,80,80.0,dn10,4,pkg68,85.0,93.0,95,8.065044950046229,87.0,85.0,1.0,2,2.0
70,82,82.0,dn13,5,pkg69,87.0,92.0,98,8.065044950046229,96,89,0.9919349550499538,6,7
70,85,85.0,dn15,5,pkg70,91.0,100.0,103,8.065044950046229,94.0,91.0,1.0,3,3.0
70,88,88.0,dn4,2,pkg72,95.0,101.0,104,8.065044950046229,99.0,95.0,1.0,3,4.0
70,88,88.0,dn8,3,pkg71,93.0,98.0,104,8.065044950046229,98,93,0.9919349550499538,6,5
70,90,90.0,dn14,5,pkg73,99.0,104.0,112,8.065044950046229,116,103,1.0,8,13
70,93,93.0,dn5,2,pkg74,101.0,107.0,114,8.065044950046229,115,104,1.0,7,11
70,94,94.0,dn7,3,pkg76,99.0,107.0,113,8.065044950046229,104,99,1.0,6,5
70,94,94.0,dn9,3,pkg75,100.0,110.0,112,8.065044950046229,101.0,100.0,1.0,2,1.0
70,95,95.0,dn6,2,pkg77,100.0,110.0,111,8.065044950046229,101.0,100.0,1.0,1,1.0
70,98,98.0,dn8,3,pkg78,101.0,107.0,116,8.065044950046229,116,107,0.5,9,9
70,98,98.0,dn10,4,pkg79,102.0,109.0,118,8.065044950046229,116,107,0.7169814111499796,9,9
70,98,98.0,dn11,4,pkg80,104.0,112.0,122,8.065044950046229,116,107,0.8638529812987656,10,9
70,99,99.0,dn4,2,pkg81,109.0,117.0,120,8.065044950046229,111.0,109.0,1.0,3,2.0
71,0,0.0,dn4,2,pkg9,5.0,14.0,17,8.065044950046229,9.0,5.0,1.0,3,4.0
71,0,0.0,dn5,2,pkg11,5.0,14.0,20,8.065044950046229,8.0,5.0,1.0,6,3.0
71,0,0.0,dn6,2,pkg15,5.0,12.0,22,8.065044950046229,10,5,0.6964162111435814,10,5
71,0,0.0,dn13,5,pkg16,5.0,13.0,18,8.065044950046229,10,5,1.0,5,5
71,0,0.0,dn14,5,pkg3,9.0,17.0,22,8.065044950046229,12.0,9.0,1.0,5,3.0
71,0,0.0,dn15,5,pkg12,10.0,19.0,24,8.065044950046229,15.0,10.0,1.0,5,5.0
71,0,0.0,dn7,3,pkg4,7.0,13.0,18,8.065044950046229,11.0,7.0,1.0,5,4.0
71,1,1.0,dn1,1,pkg14,5.0,11.0,13,8.065044950046229,8.0,5.0,1.0,2,3.0
71,1,1.0,dn2,1,pkg6,10.0,18.0,24,8.065044950046229,21,11,1.0,6,10
71,1,1.0,dn3,1,pkg21,5.0,11.0,18,8.065044950046229,15,8,0.8837170879173109,7,7
71,1,1.0,dn8,3,pkg7,7.0,13.0,23,8.065044950046229,23,12,0.6964162111435814,10,11
71,1,1.0,dn9,3,pkg17,7.0,14.0,23,8.065044950046229,15,8,0.8942105026999628,9,7
71,1,1.0,dn10,4,pkg18,7.0,14.0,22,8.065044950046229,11.0,7.0,0.981497059608109,8,4.0
71,1,1.0,dn12,4,pkg2,6.0,11.0,19,8.065044950046229,9.0,6.0,0.742124235688649,8,3.0
71,1,1.0,dn11,4,pkg19,8.0,14.0,17,8.065044950046229,10.0,8.0,1.0,3,2.0
71,8,8.0,dn1,1,pkg23,10.0,16.0,23,8.065044950046229,16,12,0.6419870569969255,7,4
71,8,8.0,dn5,2,pkg20,10.0,19.0,29,8.065044950046229,36,22,0.6000193206335656,10,14
71,9,9.0,dn12,4,pkg13,9.0,18.0,21,8.065044950046229,13,11,1.0,3,2
71,10,10.0,dn13,5,pkg1,5.0,13.0,21,8.065044950046229,26,18,0.018502940391891043,8,8
71,11,11.0,dn7,3,pkg25,19.0,26.0,36,8.065044950046229,41,26,0.9276480006968348,10,15
71,12,12.0,dn14,5,pkg8,8.0,17.0,20,8.065044950046229,16,14,0.9919349550499538,3,2
71,15,15.0,dn3,1,pkg22,8.0,18.0,25,8.065044950046229,31,23,0.037661979695961856,7,8
71,15,15.0,dn9,3,pkg5,9.0,19.0,22,8.065044950046229,21,18,0.8130495168499705,3,3
71,15,15.0,dn15,5,pkg24,11.0,17.0,26,8.065044950046229,27,21,0.0,9,6
71,16,16.0,dn1,1,pkg26,21.0,31.0,37,8.065044950046229,28,22,1.0,6,6
71,21,21.0,dn4,2,pkg27,27.0,35.0,42,8.065044950046229,37,29,1.0,7,8
71,21,21.0,dn2,1,pkg28,29.0,35.0,37,8.065044950046229,31.0,29.0,1.0,2,2.0
71,23,23.0,dn6,2,pkg29,30.0,35.0,40,8.065044950046229,32.0,30.0,1.0,5,2.0
71,24,24.0,dn10,4,pkg30,31.0,38.0,46,8.065044950046229,35.0,31.0,1.0,8,4.0
71,24,24.0,dn11,4,pkg31,32.0,38.0,45,8.065044950046229,40,32,1.0,7,8
71,26,26.0,dn13,5,pkg33,31.0,38.0,46,8.065044950046229,40,33,0.9276480006968348,8,7
71,28,28.0,dn1,1,pkg34,33.0,38.0,45,8.065044950046229,36.0,33.0,0.8837170879173109,7,3.0
71,29,29.0,dn12,4,pkg35,34.0,42.0,47,8.065044950046229,41,35,1.0,5,6
71,31,31.0,dn8,3,pkg37,40.0,45.0,49,8.065044950046229,43.0,40.0,1.0,4,3.0
71,31,31.0,dn9,3,pkg36,40.0,49.0,60,8.065044950046229,46.0,40.0,0.9847445937098342,11,6.0
71,32,32.0,dn6,2,pkg38,37.0,47.0,51,8.065044950046229,40.0,37.0,1.0,4,3.0
71,34,34.0,dn14,5,pkg39,38.0,45.0,56,8.065044950046229,56,45,0.5,11,11
71,36,36.0,dn1,1,pkg40,42.0,48.0,54,8.065044950046229,46.0,42.0,1.0,6,4.0
71,36,36.0,dn5,2,pkg32,35.0,43.0,51,8.065044950046229,54,45,0.3754003527381465,8,9
71,40,40.0,dn10,4,pkg41,44.0,49.0,52,8.065044950046229,48,44,1.0,3,4
71,41,41.0,dn7,3,pkg42,49.0,57.0,63,8.065044950046229,56.0,49.0,1.0,6,7.0
71,41,41.0,dn12,4,pkg43,50.0,57.0,62,8.065044950046229,56.0,50.0,1.0,5,6.0
71,43,43.0,dn13,5,pkg44,48.0,55.0,58,8.065044950046229,51.0,48.0,1.0,3,3.0
71,44,44.0,dn4,2,pkg45,50.0,59.0,65,8.065044950046229,60,52,1.0,6,8
71,46,46.0,dn8,3,pkg46,55.0,63.0,65,8.065044950046229,57.0,55.0,1.0,2,2.0
71,48,48.0,dn9,3,pkg47,52.0,60.0,62,8.065044950046229,54.0,52.0,1.0,2,2.0
71,52,52.0,dn1,1,pkg48,61.0,67.0,71,8.065044950046229,65.0,61.0,1.0,4,4.0
71,54,54.0,dn5,2,pkg49,63.0,71.0,76,8.065044950046229,68.0,63.0,1.0,5,5.0
71,56,56.0,dn12,4,pkg50,66.0,72.0,75,8.065044950046229,70.0,66.0,1.0,3,4.0
71,57,57.0,dn6,2,pkg51,63.0,68.0,75,8.065044950046229,69,63,0.9623380203040381,7,6
71,60,60.0,dn3,1,pkg52,67.0,72.0,74,8.065044950046229,69.0,67.0,1.0,2,2.0
71,60,60.0,dn13,5,pkg53,65.0,72.0,78,8.065044950046229,68.0,65.0,1.0,6,3.0
71,65,65.0,dn7,3,pkg54,71.0,76.0,80,8.065044950046229,73.0,71.0,1.0,4,2.0
71,65,65.0,dn8,3,pkg55,75.0,85.0,88,8.065044950046229,80.0,75.0,1.0,3,5.0
71,68,68.0,dn5,2,pkg57,73.0,79.0,84,8.065044950046229,76.0,73.0,1.0,5,3.0
71,68,68.0,dn14,5,pkg56,75.0,84.0,89,8.065044950046229,84,76,1.0,5,8
71,69,69.0,dn4,2,pkg58,78.0,88.0,93,8.065044950046229,82.0,78.0,1.0,5,4.0
71,76,76.0,dn7,3,pkg59,82.0,92.0,98,8.065044950046229,84.0,82.0,1.0,6,2.0
71,76,76.0,dn9,3,pkg60,85.0,91.0,96,8.065044950046229,92.0,85.0,1.0,5,7.0
71,78,78.0,dn1,1,pkg61,84.0,94.0,102,8.065044950046229,92,85,1.0,8,7
71,78,78.0,dn2,1,pkg62,85.0,92.0,102,8.065044950046229,102,90,0.8638529812987656,10,12
71,81,81.0,dn3,1,pkg63,90.0,99.0,109,8.065044950046229,98.0,90.0,1.0,10,8.0
71,84,84.0,dn8,3,pkg65,89.0,96.0,99,8.065044950046229,90.0,89.0,1.0,3,1.0
71,84,84.0,dn13,5,pkg64,93.0,100.0,106,8.065044950046229,96.0,93.0,1.0,6,3.0
71,87,87.0,dn10,4,pkg66,95.0,102.0,104,8.065044950046229,96.0,95.0,1.0,2,1.0
71,88,88.0,dn14,5,pkg67,95.0,101.0,103,8.065044950046229,97.0,95.0,1.0,2,2.0
71,88,88.0,dn15,5,pkg68,96.0,106.0,115,8.065044950046229,108,98,1.0,9,10
71,90,90.0,dn7,3,pkg69,96.0,104.0,108,8.065044950046229,101.0,96.0,1.0,4,5.0
71,93,93.0,dn8,3,pkg70,97.0,102.0,108,8.065044950046229,107,100,0.9276480006968348,6,7
71,95,95.0,dn9,3,pkg71,99.0,107.0,111,8.065044950046229,101.0,99.0,1.0,4,2.0
71,97,97.0,dn4,2,pkg72,106.0,116.0,125,8.065044950046229,119,108,1.0,9,11
72,0,0.0,dn2,1,pkg22,7.0,16.0,24,8.065044950046229,13.0,7.0,1.0,8,6.0
72,0,0.0,dn5,2,pkg13,6.0,13.0,19,8.065044950046229,20,10,1.0,6,10
72,0,0.0,dn6,2,pkg4,6.0,14.0,23,8.065044950046229,18,9,0.9554953287499572,9,9
72,0,0.0,dn7,3,pkg18,5.0,11.0,16,8.065044950046229,8.0,5.0,1.0,5,3.0
72,0,0.0,dn8,3,pkg2,5.0,12.0,17,8.065044950046229,10,5,1.0,5,5
72,0,0.0,dn15,5,pkg21,6.0,16.0,18,8.065044950046229,8.0,6.0,1.0,2,2.0
72,0,0.0,dn3,1,pkg14,6.0,14.0,21,8.065044950046229,18,9,1.0,7,9
72,0,0.0,dn13,5,pkg10,6.0,16.0,19,8.065044950046229,8.0,6.0,1.0,3,2.0
72,0,0.0,dn1,1,pkg3,7.0,13.0,20,8.065044950046229,14,7,1.0,7,7
72,0,0.0,dn14,5,pkg9,6.0,14.0,21,8.065044950046229,22,11,1.0,7,11
72,0,0.0,dn4,2,pkg16,8.0,13.0,22,8.065044950046229,20,10,0.8942105026999628,9,10
72,0,0.0,dn10,4,pkg1,9.0,15.0,18,8.065044950046229,13.0,9.0,1.0,3,4.0
72,1,1.0,dn9,3,pkg11,7.0,13.0,20,8.065044950046229,9.0,7.0,0.9987148696173,7,2.0
72,1,1.0,dn11,4,pkg19,9.0,16.0,18,8.065044950046229,12.0,9.0,1.0,2,3.0
72,1,1.0,dn12,4,pkg20,10.0,15.0,20,8.065044950046229,17.0,10.0,1.0,5,7.0
72,8,8.0,dn7,3,pkg28,13.0,22.0,30,8.065044950046229,24,16,1.0,8,8
72,8,8.0,dn13,5,pkg12,8.0,18.0,22,8.065044950046229,12,10,1.0,4,2
72,8,8.0,dn15,5,pkg23,8.0,17.0,22,8.065044950046229,20,14,1.0,5,6
72,9,9.0,dn9,3,pkg8,8.0,18.0,26,8.065044950046229,27,18,0.6245996472618536,8,9
72,10,10.0,dn8,3,pkg15,10.0,19.0,29,8.065044950046229,26,18,0.39998067936643444,10,8
72,12,12.0,dn11,4,pkg31,17.0,26.0,34,8.065044950046229,30,21,1.0,8,9
72,12,12.0,dn13,5,pkg29,17.0,26.0,33,8.065044950046229,30,21,1.0,7,9
72,13,13.0,dn2,1,pkg30,19.0,24.0,30,8.065044950046229,31,22,1.0,6,9
72,13,13.0,dn10,4,pkg24,9.0,16.0,20,8.065044950046229,21,17,0.2578757643113509,4,4
72,14,14.0,dn1,1,pkg32,22.0,28.0,39,8.065044950046229,40,27,0.7621793903595921,11,13
72,17,17.0,dn12,4,pkg27,13.0,20.0,30,8.065044950046229,43,30,0.002720842483821817,10,13
72,18,18.0,dn3,1,pkg33,24.0,29.0,38,8.065044950046229,34,26,0.7169814111499796,9,8
72,18,18.0,dn6,2,pkg26,12.0,20.0,29,8.065044950046229,32,25,0.0,9,7
72,20,20.0,dn4,2,pkg35,25.0,34.0,37,8.065044950046229,29.0,25.0,1.0,3,4.0
72,20,20.0,dn15,5,pkg34,27.0,36.0,42,8.065044950046229,36,28,1.0,6,8
72,26,26.0,dn7,3,pkg36,33.0,42.0,47,8.065044950046229,38.0,33.0,1.0,5,5.0
72,30,30.0,dn13,5,pkg37,40.0,49.0,53,8.065044950046229,45.0,40.0,1.0,4,5.0
72,32,32.0,dn6,2,pkg38,37.0,44.0,49,8.065044950046229,48,40,1.0,5,8
72,34,34.0,dn2,1,pkg39,42.0,49.0,53,8.065044950046229,46.0,42.0,1.0,4,4.0
72,34,34.0,dn3,1,pkg40,44.0,54.0,61,8.065044950046229,54,44,1.0,7,10
72,35,35.0,dn14,5,pkg41,40.0,45.0,55,8.065044950046229,47,41,0.5,10,6
72,36,36.0,dn10,4,pkg42,42.0,49.0,59,8.065044950046229,50,43,0.7855682414064981,10,7
72,39,39.0,dn7,3,pkg43,46.0,52.0,58,8.065044950046229,52.0,46.0,1.0,6,6.0
72,39,39.0,dn15,5,pkg44,45.0,53.0,59,8.065044950046229,50.0,45.0,1.0,6,5.0
72,43,43.0,dn4,2,pkg45,49.0,54.0,58,8.065044950046229,52.0,49.0,1.0,4,3.0
72,43,43.0,dn5,2,pkg46,50.0,58.0,68,8.065044950046229,61,52,0.9276480006968348,10,9
72,45,45.0,dn11,4,pkg47,49.0,58.0,62,8.065044950046229,51.0,49.0,1.0,4,2.0
72,48,48.0,dn6,2,pkg48,54.0,64.0,69,8.065044950046229,56.0,54.0,1.0,5,2.0
72,48,48.0,dn12,4,pkg49,55.0,64.0,74,8.065044950046229,72,60,0.9733308694771554,10,12
72,49,49.0,dn1,1,pkg50,53.0,61.0,64,8.065044950046229,56.0,53.0,1.0,3,3.0
72,54,54.0,dn4,2,pkg51,61.0,66.0,74,8.065044950046229,70,62,0.9276480006968348,8,8
72,54,54.0,dn8,3,pkg52,62.0,67.0,77,8.065044950046229,69.0,62.0,0.7855682414064981,10,7.0
72,56,56.0,dn6,2,pkg53,60.0,69.0,72,8.065044950046229,61.0,60.0,1.0,3,1.0
72,57,57.0,dn7,3,pkg54,64.0,70.0,76,8.065044950046229,73,65,1.0,6,8
72,59,59.0,dn1,1,pkg55,64.0,72.0,79,8.065044950046229,81,70,1.0,7,11
72,61,61.0,dn2,1,pkg56,69.0,77.0,82,8.065044950046229,76.0,69.0,1.0,5,7.0
72,63,63.0,dn9,3,pkg57,71.0,78.0,85,8.065044950046229,78.0,71.0,1.0,7,7.0
72,65,65.0,dn3,1,pkg58,71.0,80.0,85,8.065044950046229,74.0,71.0,1.0,5,3.0
72,67,67.0,dn13,5,pkg59,72.0,80.0,81,8.065044950046229,73.0,72.0,1.0,1,1.0
72,69,69.0,dn14,5,pkg60,78.0,85.0,90,8.065044950046229,84.0,78.0,1.0,5,6.0
72,71,71.0,dn8,3,pkg62,76.0,81.0,90,8.065044950046229,87,79,0.6109752255499895,9,8
72,72,72.0,dn15,5,pkg63,79.0,89.0,96,8.065044950046229,90,81,1.0,7,9
72,74,74.0,dn7,3,pkg61,80.0,86.0,90,8.065044950046229,84.0,80.0,1.0,4,4.0
72,74,74.0,dn10,4,pkg65,81.0,91.0,93,8.065044950046229,83.0,81.0,1.0,2,2.0
72,74,74.0,dn11,4,pkg64,82.0,91.0,96,8.065044950046229,86.0,82.0,1.0,5,4.0
72,78,78.0,dn4,2,pkg67,88.0,97.0,102,8.065044950046229,93.0,88.0,1.0,5,5.0
72,78,78.0,dn5,2,pkg66,83.0,91.0,99,8.065044950046229,88,83,0.981497059608109,8,5
72,81,81.0,dn9,3,pkg68,89.0,97.0,106,8.065044950046229,105,93,1.0,9,12
72,83,83.0,dn13,5,pkg69,87.0,97.0,103,8.065044950046229,97,90,1.0,6,7
72,84,84.0,dn1,1,pkg70,92.0,97.0,103,8.065044950046229,96.0,92.0,1.0,6,4.0
72,85,85.0,dn14,5,pkg71,91.0,98.0,102,8.065044950046229,95.0,91.0,1.0,4,4.0
72,87,87.0,dn6,2,pkg73,95.0,103.0,114,8.065044950046229,105,96,0.9006778457052591,11,9
72,87,87.0,dn7,3,pkg72,96.0,101.0,111,8.065044950046229,104.0,96.0,0.8638529812987656,10,8.0
72,88,88.0,dn5,2,pkg74,97.0,103.0,111,8.065044950046229,103.0,97.0,1.0,8,6.0
72,90,90.0,dn2,1,pkg75,96.0,106.0,113,8.065044950046229,106,98,1.0,7,8
72,90,90.0,dn15,5,pkg76,96.0,101.0,112,8.065044950046229,114,102,0.5,11,12
72,92,92.0,dn3,1,pkg77,99.0,108.0,111,8.065044950046229,103.0,99.0,1.0,3,4.0
72,93,93.0,dn8,3,pkg78,97.0,107.0,108,8.065044950046229,98.0,97.0,1.0,1,1.0
72,95,95.0,dn10,4,pkg79,101.0,109.0,115,8.065044950046229,105.0,101.0,1.0,6,4.0
72,96,96.0,dn1,1,pkg80,104.0,114.0,120,8.065044950046229,112,104,1.0,6,8
73,0,0.0,dn4,2,pkg14,10.0,17.0,23,8.065044950046229,17.0,10.0,1.0,6,7.0
73,0,0.0,dn5,2,pkg12,6.0,14.0,20,8.065044950046229,10.0,6.0,1.0,6,4.0
73,0,0.0,dn6,2,pkg6,6.0,15.0,21,8.065044950046229,12,6,1.0,6,6
73,0,0.0,dn13,5,pkg3,5.0,13.0,21,8.065044950046229,16,8,0.981497059608109,8,8
73,0,0.0,dn14,5,pkg8,5.0,14.0,25,8.065044950046229,38,19,0.7621793903595921,11,19
73,1,1.0,dn1,1,pkg16,6.0,12.0,18,8.065044950046229,13,7,1.0,6,6
73,1,1.0,dn2,1,pkg19,6.0,12.0,18,8.065044950046229,11,6,1.0,6,5
73,1,1.0,dn3,1,pkg5,6.0,13.0,19,8.065044950046229,13,7,1.0,6,6
73,1,1.0,dn7,3,pkg4,5.0,15.0,26,8.065044950046229,31,16,0.7621793903595921,11,15
73,1,1.0,dn8,3,pkg20,9.0,16.0,24,8.065044950046229,17,9,1.0,8,8
73,1,1.0,dn9,3,pkg21,10.0,17.0,24,8.065044950046229,19,10,1.0,7,9
73,1,1.0,dn10,4,pkg10,5.0,10.0,12,8.065044950046229,6.0,5.0,1.0,2,1.0
73,1,1.0,dn11,4,pkg18,6.0,11.0,17,8.065044950046229,19,10,0.9919349550499538,6,9
73,1,1.0,dn12,4,pkg7,7.0,14.0,19,8.065044950046229,13,7,1.0,5,6
73,1,1.0,dn15,5,pkg2,6.0,15.0,20,8.065044950046229,11,6,1.0,5,5
73,6,6.0,dn10,4,pkg25,15.0,24.0,33,8.065044950046229,21.0,15.0,1.0,9,6.0
73,10,10.0,dn5,2,pkg1,7.0,16.0,19,8.065044950046229,18,14,1.0,3,4
73,11,11.0,dn2,1,pkg15,7.0,17.0,21,8.065044950046229,21,16,0.9276480006968348,4,5
73,11,11.0,dn15,5,pkg26,17.0,23.0,29,8.065044950046229,22.0,17.0,1.0,6,5.0
73,12,12.0,dn6,2,pkg28,21.0,26.0,32,8.065044950046229,25.0,21.0,1.0,6,4.0
73,13,13.0,dn1,1,pkg27,19.0,29.0,39,8.065044950046229,43,28,0.9733308694771554,10,15
73,13,13.0,dn3,1,pkg13,9.0,16.0,22,8.065044950046229,33,23,0.07235199930316516,6,10
73,13,13.0,dn12,4,pkg17,10.0,16.0,23,8.065044950046229,27,20,0.037661979695961856,7,7
73,16,16.0,dn13,5,pkg23,10.0,17.0,25,8.065044950046229,30,23,0.0,8,7
73,17,17.0,dn4,2,pkg29,19.0,29.0,37,8.065044950046229,33,25,0.9276480006968348,8,8
73,17,17.0,dn8,3,pkg31,25.0,35.0,39,8.065044950046229,29.0,25.0,1.0,4,4.0
73,18,18.0,dn5,2,pkg30,23.0,31.0,42,8.065044950046229,46,32,0.6793222358514858,11,14
73,21,21.0,dn2,1,pkg32,28.0,36.0,41,8.065044950046229,32.0,28.0,1.0,5,4.0
73,24,24.0,dn10,4,pkg33,29.0,36.0,42,8.065044950046229,34,29,1.0,6,5
73,25,25.0,dn9,3,pkg34,30.0,35.0,41,8.065044950046229,34.0,30.0,0.9919349550499538,6,4.0
73,28,28.0,dn15,5,pkg35,34.0,41.0,47,8.065044950046229,37.0,34.0,1.0,6,3.0
73,29,29.0,dn6,2,pkg36,38.0,45.0,48,8.065044950046229,42.0,38.0,1.0,3,4.0
73,31,31.0,dn7,3,pkg37,37.0,43.0,50,8.065044950046229,43,37,0.9987148696173,7,6
73,36,36.0,dn4,2,pkg39,46.0,55.0,63,8.065044950046229,54.0,46.0,1.0,8,8.0
73,36,36.0,dn10,4,pkg38,43.0,50.0,54,8.065044950046229,45.0,43.0,1.0,4,2.0
73,38,38.0,dn14,5,pkg40,43.0,48.0,52,8.065044950046229,46.0,43.0,1.0,4,3.0
73,42,42.0,dn13,5,pkg41,49.0,55.0,57,8.065044950046229,52.0,49.0,1.0,2,3.0
73,43,43.0,dn7,3,pkg42,51.0,57.0,66,8.065044950046229,58.0,51.0,0.9554953287499572,9,7.0
73,44,44.0,dn6,2,pkg43,51.0,61.0,67,8.065044950046229,58,51,1.0,6,7
73,49,49.0,dn8,3,pkg44,54.0,62.0,63,8.065044950046229,55.0,54.0,1.0,1,1.0
73,49,49.0,dn15,5,pkg45,54.0,62.0,72,8.065044950046229,79,64,0.7855682414064981,10,15
73,50,50.0,dn1,1,pkg46,55.0,65.0,71,8.065044950046229,64,57,1.0,6,7
73,51,51.0,dn14,5,pkg47,57.0,65.0,76,8.065044950046229,77,64,0.7621793903595921,11,13
73,54,54.0,dn4,2,pkg48,64.0,73.0,83,8.065044950046229,82,68,1.0,10,14
73,57,57.0,dn2,1,pkg50,64.0,73.0,80,8.065044950046229,75,66,1.0,7,9
73,57,57.0,dn5,2,pkg49,62.0,70.0,77,8.065044950046229,65.0,62.0,1.0,7,3.0
73,58,58.0,dn6,2,pkg51,64.0,69.0,73,8.065044950046229,68.0,64.0,1.0,4,4.0
73,60,60.0,dn13,5,pkg52,66.0,71.0,74,8.065044950046229,71.0,66.0,1.0,3,5.0
73,62,62.0,dn7,3,pkg53,67.0,75.0,78,8.065044950046229,68.0,67.0,1.0,3,1.0
73,62,62.0,dn8,3,pkg54,67.0,76.0,79,8.065044950046229,71.0,67.0,1.0,3,4.0
73,66,66.0,dn9,3,pkg55,74.0,80.0,84,8.065044950046229,78.0,74.0,1.0,4,4.0
73,68,68.0,dn5,2,pkg56,76.0,85.0,94,8.065044950046229,86,77,1.0,9,9
73,68,68.0,dn6,2,pkg57,78.0,84.0,90,8.065044950046229,83.0,78.0,1.0,6,5.0
73,71,71.0,dn8,3,pkg58,79.0,88.0,99,8.065044950046229,105,88,0.9508759758087104,11,17
73,73,73.0,dn1,1,pkg59,78.0,84.0,89,8.065044950046229,89,81,1.0,5,8
73,74,74.0,dn10,4,pkg60,83.0,92.0,97,8.065044950046229,85.0,83.0,1.0,5,2.0
73,75,75.0,dn2,1,pkg61,85.0,90.0,99,8.065044950046229,93.0,85.0,0.9919349550499538,9,8.0
73,77,77.0,dn11,4,pkg62,83.0,91.0,93,8.065044950046229,85.0,83.0,1.0,2,2.0
73,77,77.0,dn12,4,pkg63,86.0,96.0,105,8.065044950046229,95,86,1.0,9,9
73,82,82.0,dn3,1,pkg64,86.0,96.0,101,8.065044950046229,89.0,86.0,1.0,5,3.0
73,82,82.0,dn4,2,pkg65,90.0,96.0,105,8.065044950046229,98,90,0.9554953287499572,9,8
73,87,87.0,dn5,2,pkg66,93.0,103.0,111,8.065044950046229,99,93,1.0,8,6
73,90,90.0,dn7,3,pkg67,98.0,106.0,112,8.065044950046229,102.0,98.0,1.0,6,4.0
73,92,92.0,dn6,2,pkg68,101.0,110.0,118,8.065044950046229,116,104,1.0,8,12
73,92,92.0,dn9,3,pkg69,101.0,107.0,117,8.065044950046229,110,101,0.9276480006968348,10,9
73,95,95.0,dn13,5,pkg70,100.0,107.0,114,8.065044950046229,115,105,0.9987148696173,7,10
73,95,95.0,dn14,5,pkg71,100.0,109.0,117,8.065044950046229,111,103,1.0,8,8
73,97,97.0,dn10,4,pkg72,102.0,111.0,113,8.065044950046229,104.0,102.0,1.0,2,2.0
73,98,98.0,dn4,2,pkg73,104.0,113.0,120,8.065044950046229,110,104,1.0,7,6
74,0,0.0,dn1,1,pkg2,9.0,19.0,24,8.065044950046229,13.0,9.0,1.0,5,4.0
74,0,0.0,dn2,1,pkg16,5.0,13.0,22,8.065044950046229,26,13,0.8942105026999628,9,13
74,0,0.0,dn3,1,pkg1,6.0,13.0,19,8.065044950046229,10.0,6.0,1.0,6,4.0
74,0,0.0,dn7,3,pkg10,5.0,12.0,23,8.065044950046229,20,10,0.5910219106092702,11,10
74,0,0.0,dn9,3,pkg15,8.0,17.0,24,8.065044950046229,22,11,1.0,7,11
74,0,0.0,dn10,4,pkg21,7.0,16.0,21,8.065044950046229,16,8,1.0,5,8
74,0,0.0,dn11,4,pkg7,7.0,17.0,25,8.065044950046229,12.0,7.0,1.0,8,5.0
74,0,0.0,dn12,4,pkg13,5.0,11.0,21,8.065044950046229,24,12,0.6000193206335656,10,12
74,0,0.0,dn13,5,pkg22,10.0,19.0,25,8.065044950046229,15.0,10.0,1.0,6,5.0
74,0,0.0,dn14,5,pkg14,6.0,13.0,22,8.065044950046229,11.0,6.0,0.8942105026999628,9,5.0
74,0,0.0,dn8,3,pkg6,6.0,16.0,27,8.065044950046229,11.0,6.0,0.9006778457052591,11,5.0
74,1,1.0,dn4,2,pkg5,6.0,11.0,21,8.065044950046229,31,16,0.5,10,15
74,1,1.0,dn5,2,pkg3,10.0,17.0,25,8.065044950046229,17.0,10.0,1.0,8,7.0
74,1,1.0,dn6,2,pkg19,7.0,17.0,26,8.065044950046229,23,12,1.0,9,11
74,1,1.0,dn15,5,pkg8,8.0,16.0,23,8.065044950046229,23,12,1.0,7,11
74,10,10.0,dn3,1,pkg17,10.0,15.0,18,8.065044950046229,18,14,0.9919349550499538,3,4
74,11,11.0,dn8,3,pkg4,7.0,12.0,16,8.065044950046229,15,13,0.0,4,2
74,11,11.0,dn14,5,pkg24,12.0,21.0,24,8.065044950046229,15,13,1.0,3,2
74,12,12.0,dn11,4,pkg9,10.0,18.0,29,8.065044950046229,36,24,0.0993221542947409,11,12
74,13,13.0,dn1,1,pkg11,7.0,16.0,20,8.065044950046229,25,19,0.2578757643113509,4,6
74,15,15.0,dn8,3,pkg26,15.0,24.0,30,8.065044950046229,27,21,0.9276480006968348,6,6
74,15,15.0,dn13,5,pkg27,21.0,27.0,33,8.065044950046229,35,25,1.0,6,10
74,15,15.0,dn14,5,pkg25,12.0,17.0,22,8.065044950046229,23,19,0.02666913052284453,5,4
74,16,16.0,dn10,4,pkg28,24.0,31.0,32,8.065044950046229,25.0,24.0,1.0,1,1.0
74,18,18.0,dn3,1,pkg30,27.0,35.0,45,8.065044950046229,32.0,27.0,0.9972791575161781,10,5.0
74,20,20.0,dn7,3,pkg29,22.0,28.0,31,8.065044950046229,26,23,1.0,3,3
74,22,22.0,dn9,3,pkg32,31.0,41.0,49,8.065044950046229,39.0,31.0,1.0,8,8.0
74,23,23.0,dn14,5,pkg31,29.0,34.0,43,8.065044950046229,39,31,0.7169814111499796,9,8
74,25,25.0,dn5,2,pkg33,29.0,36.0,43,8.065044950046229,39,32,0.9623380203040381,7,7
74,25,25.0,dn10,4,pkg34,30.0,38.0,43,8.065044950046229,32.0,30.0,1.0,5,2.0
74,35,35.0,dn7,3,pkg35,43.0,51.0,54,8.065044950046229,48.0,43.0,1.0,3,5.0
74,35,35.0,dn8,3,pkg36,44.0,51.0,60,8.065044950046229,51.0,44.0,1.0,9,7.0
74,36,36.0,dn4,2,pkg37,41.0,48.0,54,8.065044950046229,45.0,41.0,1.0,6,4.0
74,38,38.0,dn6,2,pkg38,47.0,54.0,63,8.065044950046229,56,47,1.0,9,9
74,39,39.0,dn1,1,pkg40,47.0,54.0,62,8.065044950046229,54.0,47.0,1.0,8,7.0
74,39,39.0,dn9,3,pkg39,47.0,56.0,65,8.065044950046229,67,53,1.0,9,14
74,45,45.0,dn2,1,pkg42,53.0,58.0,63,8.065044950046229,61,53,1.0,5,8
74,45,45.0,dn3,1,pkg41,54.0,62.0,70,8.065044950046229,61.0,54.0,1.0,8,7.0
74,47,47.0,dn13,5,pkg43,53.0,58.0,64,8.065044950046229,59,53,1.0,6,6
74,53,53.0,dn14,5,pkg44,61.0,70.0,77,8.065044950046229,67.0,61.0,1.0,7,6.0
74,53,53.0,dn15,5,pkg45,63.0,70.0,81,8.065044950046229,77,65,0.9508759758087104,11,12
74,54,54.0,dn4,2,pkg46,62.0,68.0,73,8.065044950046229,69.0,62.0,1.0,5,7.0
74,56,56.0,dn6,2,pkg47,65.0,75.0,85,8.065044950046229,80,68,1.0,10,12
74,57,57.0,dn5,2,pkg48,64.0,71.0,77,8.065044950046229,70.0,64.0,1.0,6,6.0
74,64,64.0,dn7,3,pkg49,68.0,78.0,85,8.065044950046229,84,74,1.0,7,10
74,67,67.0,dn14,5,pkg50,72.0,77.0,80,8.065044950046229,74.0,72.0,1.0,3,2.0
74,69,69.0,dn1,1,pkg51,78.0,83.0,90,8.065044950046229,89,79,1.0,7,10
74,71,71.0,dn2,1,pkg52,80.0,88.0,92,8.065044950046229,85.0,80.0,1.0,4,5.0
74,71,71.0,dn13,5,pkg53,81.0,88.0,92,8.065044950046229,86.0,81.0,1.0,4,5.0
74,73,73.0,dn3,1,pkg54,79.0,85.0,88,8.065044950046229,83.0,79.0,1.0,3,4.0
74,74,74.0,dn14,5,pkg55,82.0,90.0,99,8.065044950046229,96,85,1.0,9,11
74,79,79.0,dn8,3,pkg56,86.0,93.0,97,8.065044950046229,92.0,86.0,1.0,4,6.0
74,84,84.0,dn3,1,pkg57,89.0,96.0,102,8.065044950046229,94,89,1.0,6,5
74,84,84.0,dn10,4,pkg58,89.0,97.0,99,8.065044950046229,91.0,89.0,1.0,2,2.0
74,86,86.0,dn11,4,pkg59,91.0,97.0,103,8.065044950046229,95.0,91.0,1.0,6,4.0
74,87,87.0,dn2,1,pkg61,96.0,105.0,108,8.065044950046229,100.0,96.0,1.0,3,4.0
74,88,88.0,dn13,5,pkg62,97.0,104.0,111,8.065044950046229,101.0,97.0,1.0,7,4.0
74,89,89.0,dn1,1,pkg60,96.0,103.0,109,8.065044950046229,101.0,96.0,1.0,6,5.0
74,89,89.0,dn4,2,pkg63,99.0,108.0,113,8.065044950046229,104.0,99.0,1.0,5,5.0
74,91,91.0,dn5,2,pkg64,96.0,103.0,111,8.065044950046229,105,98,0.9276480006968348,8,7
74,93,93.0,dn7,3,pkg65,101.0,109.0,117,8.065044950046229,106.0,101.0,1.0,8,5.0
74,95,95.0,dn3,1,pkg67,101.0,108.0,113,8.065044950046229,111,103,1.0,5,8
74,95,95.0,dn10,4,pkg66,101.0,110.0,118,8.065044950046229,109,102,1.0,8,7
74,96,96.0,dn8,3,pkg68,105.0,112.0,122,8.065044950046229,113.0,105.0,0.9733308694771554,10,8.0
75,0,0.0,dn4,2,pkg9,5.0,15.0,22,8.065044950046229,12,6,1.0,7,6
75,0,0.0,dn5,2,pkg17,6.0,15.0,21,8.065044950046229,10.0,6.0,1.0,6,4.0
75,0,0.0,dn6,2,pkg16,6.0,16.0,25,8.065044950046229,20,10,1.0,9,10
75,0,0.0,dn7,3,pkg13,8.0,18.0,25,8.065044950046229,15.0,8.0,1.0,7,7.0
75,0,0.0,dn13,5,pkg21,6.0,11.0,17,8.065044950046229,11.0,6.0,1.0,6,5.0
75,0,0.0,dn15,5,pkg5,7.0,17.0,19,8.065044950046229,9.0,7.0,1.0,2,2.0
75,0,0.0,dn8,3,pkg4,7.0,17.0,20,8.065044950046229,9.0,7.0,1.0,3,2.0
75,0,0.0,dn14,5,pkg15,7.0,13.0,19,8.065044950046229,18,9,1.0,6,9
75,1,1.0,dn3,1,pkg7,7.0,15.0,18,8.065044950046229,10.0,7.0,1.0,3,3.0
75,1,1.0,dn9,3,pkg22,7.0,13.0,20,8.065044950046229,17,9,0.9987148696173,7,8
75,1,1.0,dn10,4,pkg12,5.0,11.0,17,8.065044950046229,11,6,0.9919349550499538,6,5
75,1,1.0,dn11,4,pkg20,7.0,12.0,22,8.065044950046229,25,13,0.6000193206335656,10,12
75,1,1.0,dn12,4,pkg1,7.0,14.0,24,8.065044950046229,19,10,0.7855682414064981,10,9
75,1,1.0,dn1,1,pkg3,7.0,14.0,19,8.065044950046229,13,7,1.0,5,6
75,1,1.0,dn2,1,pkg10,8.0,15.0,26,8.065044950046229,13.0,8.0,0.7621793903595921,11,5.0
75,9,9.0,dn8,3,pkg6,8.0,13.0,21,8.065044950046229,27,18,0.07235199930316516,8,9
75,9,9.0,dn15,5,pkg2,8.0,18.0,20,8.065044950046229,13,11,1.0,2,2
75,10,10.0,dn3,1,pkg11,9.0,15.0,20,8.065044950046229,22,16,0.5,5,6
75,10,10.0,dn5,2,pkg25,14.0,22.0,32,8.065044950046229,30,20,0.6964162111435814,10,10
75,11,11.0,dn13,5,pkg8,9.0,16.0,26,8.065044950046229,25,18,0.07235199930316516,10,7
75,12,12.0,dn4,2,pkg30,17.0,27.0,34,8.065044950046229,26,19,1.0,7,7
75,12,12.0,dn10,4,pkg27,18.0,25.0,34,8.065044950046229,24,18,0.8942105026999628,9,6
75,13,13.0,dn1,1,pkg28,20.0,25.0,31,8.065044950046229,31,22,1.0,6,9
75,13,13.0,dn2,1,pkg26,16.0,26.0,32,8.065044950046229,31,22,1.0,6,9
75,13,13.0,dn15,5,pkg18,10.0,20.0,28,8.065044950046229,27,20,0.3754003527381465,8,7
75,15,15.0,dn7,3,pkg31,21.0,26.0,34,8.065044950046229,35,25,0.8454987064453288,8,10
75,17,17.0,dn9,3,pkg32,27.0,34.0,41,8.065044950046229,30.0,27.0,1.0,7,3.0
75,18,18.0,dn14,5,pkg29,17.0,27.0,31,8.065044950046229,24,21,1.0,4,3
75,22,22.0,dn3,1,pkg33,27.0,33.0,41,8.065044950046229,38,30,0.8454987064453288,8,8
75,26,26.0,dn4,2,pkg34,31.0,41.0,47,8.065044950046229,36,31,1.0,6,5
75,29,29.0,dn13,5,pkg35,38.0,45.0,50,8.065044950046229,40.0,38.0,1.0,5,2.0
75,30,30.0,dn5,2,pkg36,36.0,42.0,44,8.065044950046229,38.0,36.0,1.0,2,2.0
75,30,30.0,dn9,3,pkg37,39.0,48.0,54,8.065044950046229,47.0,39.0,1.0,6,8.0
75,31,31.0,dn1,1,pkg38,41.0,47.0,50,8.065044950046229,43.0,41.0,1.0,3,2.0
75,35,35.0,dn7,3,pkg40,44.0,53.0,60,8.065044950046229,49.0,44.0,1.0,7,5.0
75,35,35.0,dn10,4,pkg39,39.0,48.0,50,8.065044950046229,41.0,39.0,1.0,2,2.0
75,38,38.0,dn2,1,pkg41,47.0,55.0,64,8.065044950046229,53.0,47.0,1.0,9,6.0
75,38,38.0,dn8,3,pkg42,45.0,55.0,56,8.065044950046229,46.0,45.0,1.0,1,1.0
75,40,40.0,dn4,2,pkg43,46.0,53.0,63,8.065044950046229,60,50,0.7855682414064981,10,10
75,40,40.0,dn5,2,pkg44,49.0,54.0,59,8.065044950046229,54.0,49.0,1.0,5,5.0
75,42,42.0,dn3,1,pkg45,51.0,56.0,61,8.065044950046229,56.0,51.0,1.0,5,5.0
75,43,43.0,dn13,5,pkg46,52.0,59.0,67,8.065044950046229,65,54,1.0,8,11
75,45,45.0,dn6,2,pkg47,51.0,58.0,66,8.065044950046229,61,53,0.981497059608109,8,8
75,46,46.0,dn8,3,pkg48,54.0,62.0,66,8.065044950046229,59.0,54.0,1.0,4,5.0
75,47,47.0,dn9,3,pkg49,57.0,62.0,70,8.065044950046229,69,58,1.0,8,11
75,49,49.0,dn7,3,pkg50,57.0,65.0,75,8.065044950046229,62.0,57.0,0.9733308694771554,10,5.0
75,49,49.0,dn10,4,pkg51,54.0,61.0,68,8.065044950046229,61,55,0.9987148696173,7,6
75,52,52.0,dn14,5,pkg53,57.0,62.0,70,8.065044950046229,72,62,0.742124235688649,8,10
75,54,54.0,dn1,1,pkg54,58.0,67.0,74,8.065044950046229,68,61,1.0,7,7
75,54,54.0,dn5,2,pkg52,59.0,67.0,75,8.065044950046229,66,60,0.981497059608109,8,6
75,56,56.0,dn2,1,pkg55,60.0,67.0,73,8.065044950046229,63.0,60.0,1.0,6,3.0
75,58,58.0,dn15,5,pkg56,63.0,68.0,74,8.065044950046229,76,67,0.9919349550499538,6,9
75,60,60.0,dn8,3,pkg57,65.0,75.0,84,8.065044950046229,80,70,0.9919349550499538,9,10
75,60,60.0,dn4,2,pkg58,69.0,77.0,83,8.065044950046229,77.0,69.0,1.0,6,8.0
75,63,63.0,dn6,2,pkg60,68.0,78.0,84,8.065044950046229,77,70,1.0,6,7
75,63,63.0,dn10,4,pkg59,72.0,80.0,84,8.065044950046229,74.0,72.0,1.0,4,2.0
75,65,65.0,dn13,5,pkg61,75.0,85.0,89,8.065044950046229,78.0,75.0,1.0,4,3.0
75,68,68.0,dn2,1,pkg62,75.0,84.0,90,8.065044950046229,84,76,1.0,6,8
75,72,72.0,dn1,1,pkg63,76.0,83.0,87,8.065044950046229,84,78,1.0,4,6
75,76,76.0,dn5,2,pkg64,85.0,92.0,101,8.065044950046229,94,85,1.0,9,9
75,77,77.0,dn3,1,pkg66,83.0,90.0,97,8.065044950046229,101,89,1.0,7,12
75,77,77.0,dn11,4,pkg65,85.0,92.0,98,8.065044950046229,89.0,85.0,1.0,6,4.0
75,79,79.0,dn4,2,pkg67,87.0,97.0,100,8.065044950046229,91.0,87.0,1.0,3,4.0
75,79,79.0,dn10,4,pkg68,86.0,92.0,101,8.065044950046229,97,88,0.8942105026999628,9,9
75,80,80.0,dn8,3,pkg69,88.0,94.0,101,8.065044950046229,92.0,88.0,1.0,7,4.0
75,82,82.0,dn12,4,pkg70,90.0,95.0,102,8.065044950046229,104,93,1.0,7,11
75,83,83.0,dn13,5,pkg71,89.0,94.0,102,8.065044950046229,101,92,0.8454987064453288,8,9
75,85,85.0,dn1,1,pkg72,91.0,96.0,103,8.065044950046229,99,92,0.9623380203040381,7,7
75,89,89.0,dn7,3,pkg73,94.0,104.0,108,8.065044950046229,101,95,1.0,4,6
75,89,89.0,dn11,4,pkg74,99.0,109.0,115,8.065044950046229,104.0,99.0,1.0,6,5.0
75,94,94.0,dn4,2,pkg75,101.0,109.0,120,8.065044950046229,120,107,0.8368717887665349,11,13
76,0,0.0,dn7,3,pkg5,5.0,14.0,22,8.065044950046229,24,12,1.0,8,12
76,0,0.0,dn8,3,pkg14,8.0,16.0,21,8.065044950046229,14.0,8.0,1.0,5,6.0
76,0,0.0,dn13,5,pkg20,7.0,12.0,23,8.065044950046229,24,12,0.5910219106092702,11,12
76,0,0.0,dn14,5,pkg15,10.0,20.0,24,8.065044950046229,15.0,10.0,1.0,4,5.0
76,0,0.0,dn15,5,pkg3,9.0,19.0,25,8.065044950046229,13.0,9.0,1.0,6,4.0
76,0,0.0,dn9,3,pkg18,7.0,15.0,20,8.065044950046229,10.0,7.0,1.0,5,3.0
76,1,1.0,dn1,1,pkg21,5.0,14.0,16,8.065044950046229,6.0,5.0,1.0,2,1.0
76,1,1.0,dn2,1,pkg4,7.0,14.0,17,8.065044950046229,10.0,7.0,1.0,3,3.0
76,1,1.0,dn3,1,pkg13,7.0,13.0,18,8.065044950046229,8.0,7.0,1.0,5,1.0
76,1,1.0,dn4,2,pkg8,5.0,12.0,15,8.065044950046229,11,6,1.0,3,5
76,1,1.0,dn5,2,pkg17,10.0,20.0,28,8.065044950046229,14.0,10.0,1.0,8,4.0
76,1,1.0,dn10,4,pkg19,5.0,14.0,19,8.065044950046229,13,7,1.0,5,6
76,1,1.0,dn11,4,pkg11,8.0,16.0,21,8.065044950046229,17,9,1.0,5,8
76,1,1.0,dn6,2,pkg22,6.0,14.0,19,8.065044950046229,11,6,1.0,5,5
76,1,1.0,dn12,4,pkg2,7.0,15.0,23,8.065044950046229,21,11,1.0,8,10
76,6,6.0,dn1,1,pkg10,7.0,17.0,20,8.065044950046229,10,8,1.0,3,2
76,8,8.0,dn3,1,pkg7,7.0,16.0,21,8.065044950046229,14,11,0.9733308694771554,5,3
76,10,10.0,dn1,1,pkg24,8.0,16.0,21,8.065044950046229,18,14,0.6964162111435814,5,4
76,10,10.0,dn9,3,pkg23,11.0,21.0,28,8.065044950046229,16,13,0.9623380203040381,7,3
76,10,10.0,dn2,1,pkg9,8.0,18.0,27,8.065044950046229,26,18,0.3890247744500105,9,8
76,11,11.0,dn4,2,pkg27,16.0,22.0,25,8.065044950046229,20.0,16.0,1.0,3,4.0
76,11,11.0,dn6,2,pkg26,18.0,25.0,33,8.065044950046229,23.0,18.0,1.0,8,5.0
76,13,13.0,dn10,4,pkg6,10.0,18.0,28,8.065044950046229,45,29,0.07235199930316516,10,16
76,13,13.0,dn15,5,pkg1,9.0,17.0,23,8.065044950046229,29,21,0.18695048315002943,6,8
76,14,14.0,dn3,1,pkg16,9.0,17.0,23,8.065044950046229,20,17,0.07235199930316516,6,3
76,14,14.0,dn8,3,pkg12,10.0,15.0,19,8.065044950046229,26,20,0.0,4,6
76,14,14.0,dn5,2,pkg25,12.0,18.0,23,8.065044950046229,26,20,0.3035837888564185,5,6
76,16,16.0,dn9,3,pkg29,22.0,31.0,38,8.065044950046229,25.0,22.0,1.0,7,3.0
76,17,17.0,dn11,4,pkg28,22.0,31.0,37,8.065044950046229,33,25,1.0,6,8
76,17,17.0,dn14,5,pkg30,23.0,29.0,38,8.065044950046229,27.0,23.0,0.8130495168499705,9,4.0
76,20,20.0,dn3,1,pkg32,26.0,33.0,38,8.065044950046229,28.0,26.0,1.0,5,2.0
76,22,22.0,dn4,2,pkg33,28.0,36.0,47,8.065044950046229,50,36,0.7621793903595921,11,14
76,23,23.0,dn6,2,pkg34,32.0,41.0,52,8.065044950046229,53,38,0.9847445937098342,11,15
76,24,24.0,dn13,5,pkg31,24.0,33.0,38,8.065044950046229,28,26,1.0,5,2
76,26,26.0,dn2,1,pkg35,33.0,41.0,48,8.065044950046229,42,34,1.0,7,8
76,29,29.0,dn15,5,pkg36,38.0,45.0,55,8.065044950046229,45.0,38.0,0.9733308694771554,10,7.0
76,38,38.0,dn11,4,pkg37,43.0,50.0,54,8.065044950046229,47.0,43.0,1.0,4,4.0
76,41,41.0,dn7,3,pkg38,45.0,50.0,56,8.065044950046229,59,50,0.9276480006968348,6,9
76,41,41.0,dn8,3,pkg39,50.0,58.0,67,8.065044950046229,57.0,50.0,1.0,9,7.0
76,43,43.0,dn12,4,pkg40,51.0,61.0,64,8.065044950046229,54.0,51.0,1.0,3,3.0
76,45,45.0,dn5,2,pkg41,49.0,59.0,62,8.065044950046229,51.0,49.0,1.0,3,2.0
76,47,47.0,dn13,5,pkg42,51.0,61.0,65,8.065044950046229,54.0,51.0,1.0,4,3.0
76,47,47.0,dn9,3,pkg43,53.0,60.0,69,8.065044950046229,61,54,0.8942105026999628,9,7
76,50,50.0,dn1,1,pkg44,56.0,66.0,69,8.065044950046229,58.0,56.0,1.0,3,2.0
76,50,50.0,dn4,2,pkg45,58.0,68.0,78,8.065044950046229,68,59,1.0,10,9
76,54,54.0,dn2,1,pkg46,60.0,67.0,72,8.065044950046229,64.0,60.0,1.0,5,4.0
76,54,54.0,dn3,1,pkg47,62.0,70.0,75,8.065044950046229,67.0,62.0,1.0,5,5.0
76,59,59.0,dn1,1,pkg48,67.0,77.0,81,8.065044950046229,71.0,67.0,1.0,4,4.0
76,64,64.0,dn7,3,pkg49,73.0,81.0,89,8.065044950046229,76.0,73.0,1.0,8,3.0
76,68,68.0,dn2,1,pkg50,75.0,82.0,83,8.065044950046229,76.0,75.0,1.0,1,1.0
76,70,70.0,dn13,5,pkg51,75.0,81.0,86,8.065044950046229,79.0,75.0,1.0,5,4.0
76,71,71.0,dn4,2,pkg52,75.0,85.0,90,8.065044950046229,79,75,1.0,5,4
76,71,71.0,dn5,2,pkg53,80.0,86.0,90,8.065044950046229,84.0,80.0,1.0,4,4.0
76,73,73.0,dn6,2,pkg54,79.0,88.0,93,8.065044950046229,84.0,79.0,1.0,5,5.0
76,77,77.0,dn2,1,pkg56,87.0,97.0,108,8.065044950046229,107,92,1.0,11,15
76,77,77.0,dn7,3,pkg55,86.0,91.0,98,8.065044950046229,97,87,1.0,7,10
76,81,81.0,dn4,2,pkg58,88.0,96.0,106,8.065044950046229,101,91,0.9276480006968348,10,10
76,85,85.0,dn5,2,pkg57,90.0,96.0,101,8.065044950046229,97,91,1.0,5,6
76,85,85.0,dn6,2,pkg59,91.0,98.0,104,8.065044950046229,96.0,91.0,1.0,6,5.0
76,88,88.0,dn9,3,pkg61,97.0,103.0,107,8.065044950046229,103.0,97.0,1.0,4,6.0
76,88,88.0,dn13,5,pkg60,95.0,101.0,104,8.065044950046229,98.0,95.0,1.0,3,3.0
76,95,95.0,dn10,4,pkg62,99.0,106.0,116,8.065044950046229,113,104,0.6000193206335656,10,9
76,96,96.0,dn8,3,pkg64,103.0,110.0,117,8.065044950046229,114,105,1.0,7,9
76,96,96.0,dn14,5,pkg63,104.0,111.0,115,8.065044950046229,109.0,104.0,1.0,4,5.0
77,7,7.0,dn2,1,pkg6,10.0,19.0,23,8.065044950046229,12.0,10.0,1.0,4,2.0
77,7,7.0,dn4,2,pkg21,5.0,10.0,15,8.065044950046229,19,13,0.1361470187012343,5,6
77,7,7.0,dn6,2,pkg9,6.0,12.0,23,8.065044950046229,19,13,0.04912402419128953,11,6
77,7,7.0,dn7,3,pkg4,5.0,13.0,18,8.065044950046229,19,13,0.6964162111435814,5,6
77,7,7.0,dn11,4,pkg12,6.0,16.0,21,8.065044950046229,23,15,1.0,5,8
77,7,7.0,dn12,4,pkg16,6.0,16.0,21,8.065044950046229,15,11,1.0,5,4
77,7,7.0,dn14,5,pkg22,5.0,15.0,20,8.065044950046229,19,13,0.9733308694771554,5,6
77,7,7.0,dn15,5,pkg1,6.0,13.0,15,8.065044950046229,11,9,1.0,2,2
77,7,7.0,dn3,1,pkg5,6.0,15.0,16,8.065044950046229,9,8,1.0,1,1
77,7,7.0,dn9,3,pkg3,6.0,14.0,16,8.065044950046229,9,8,1.0,2,1
77,7,7.0,dn1,1,pkg24,7.0,15.0,17,8.065044950046229,11,9,1.0,2,2
77,7,7.0,dn10,4,pkg25,14.0,24.0,30,8.065044950046229,25,16,1.0,6,9
77,7,7.0,dn8,3,pkg20,6.0,15.0,23,8.065044950046229,21,14,0.5,8,7
77,7,7.0,dn5,2,pkg8,7.0,15.0,19,8.065044950046229,11,9,1.0,4,2
77,7,7.0,dn13,5,pkg23,7.0,13.0,20,8.065044950046229,27,17,0.35801294300307457,7,10
77,9,9.0,dn3,1,pkg28,17.0,23.0,34,8.065044950046229,27,18,0.7621793903595921,11,9
77,9,9.0,dn9,3,pkg17,7.0,15.0,20,8.065044950046229,21,15,0.6964162111435814,5,6
77,11,11.0,dn1,1,pkg11,8.0,14.0,20,8.065044950046229,21,16,0.07235199930316516,6,5
77,11,11.0,dn5,2,pkg14,9.0,19.0,23,8.065044950046229,19,15,1.0,4,4
77,11,11.0,dn15,5,pkg26,15.0,24.0,33,8.065044950046229,35,23,0.8942105026999628,9,12
77,12,12.0,dn2,1,pkg7,10.0,15.0,26,8.065044950046229,32,22,0.00043788595842408906,11,10
77,15,15.0,dn12,4,pkg29,18.0,25.0,32,8.065044950046229,33,24,0.8837170879173109,7,9
77,19,19.0,dn4,2,pkg31,25.0,33.0,36,8.065044950046229,29.0,25.0,1.0,3,4.0
77,19,19.0,dn5,2,pkg30,26.0,35.0,43,8.065044950046229,41,30,1.0,8,11
77,19,19.0,dn6,2,pkg27,12.0,22.0,29,8.065044950046229,37,28,0.037661979695961856,7,9
77,19,19.0,dn7,3,pkg32,28.0,38.0,42,8.065044950046229,33.0,28.0,1.0,4,5.0
77,21,21.0,dn8,3,pkg34,28.0,38.0,46,8.065044950046229,39,30,1.0,8,9
77,21,21.0,dn14,5,pkg33,25.0,30.0,35,8.065044950046229,33,27,1.0,5,6
77,24,24.0,dn9,3,pkg35,33.0,43.0,47,8.065044950046229,34.0,33.0,1.0,4,1.0
77,25,25.0,dn1,1,pkg36,33.0,43.0,49,8.065044950046229,36.0,33.0,1.0,6,3.0
77,27,27.0,dn3,1,pkg38,36.0,44.0,49,8.065044950046229,43.0,36.0,1.0,5,7.0
77,29,29.0,dn4,2,pkg37,35.0,45.0,55,8.065044950046229,41,35,0.9733308694771554,10,6
77,34,34.0,dn7,3,pkg39,40.0,47.0,51,8.065044950046229,44.0,40.0,1.0,4,4.0
77,34,34.0,dn13,5,pkg40,39.0,44.0,47,8.065044950046229,43.0,39.0,1.0,3,4.0
77,36,36.0,dn2,1,pkg41,44.0,54.0,59,8.065044950046229,51.0,44.0,1.0,5,7.0
77,37,37.0,dn9,3,pkg42,43.0,49.0,56,8.065044950046229,51,44,0.9987148696173,7,7
77,40,40.0,dn8,3,pkg43,46.0,51.0,54,8.065044950046229,50.0,46.0,1.0,3,4.0
77,40,40.0,dn15,5,pkg44,48.0,54.0,61,8.065044950046229,56,48,1.0,7,8
77,41,41.0,dn4,2,pkg45,46.0,55.0,60,8.065044950046229,51,46,1.0,5,5
77,43,43.0,dn14,5,pkg46,52.0,60.0,66,8.065044950046229,59.0,52.0,1.0,6,7.0
77,44,44.0,dn1,1,pkg47,48.0,55.0,59,8.065044950046229,51.0,48.0,1.0,4,3.0
77,46,46.0,dn7,3,pkg48,51.0,59.0,64,8.065044950046229,58,52,1.0,5,6
77,48,48.0,dn5,2,pkg49,57.0,62.0,69,8.065044950046229,62.0,57.0,1.0,7,5.0
77,50,50.0,dn13,5,pkg50,58.0,64.0,75,8.065044950046229,82,66,0.7621793903595921,11,16
77,51,51.0,dn3,1,pkg51,58.0,65.0,73,8.065044950046229,71,61,1.0,8,10
77,51,51.0,dn4,2,pkg52,58.0,63.0,66,8.065044950046229,60.0,58.0,1.0,3,2.0
77,54,54.0,dn6,2,pkg53,61.0,70.0,79,8.065044950046229,80,67,1.0,9,13
77,56,56.0,dn10,4,pkg54,61.0,69.0,77,8.065044950046229,66,61,0.981497059608109,8,5
77,60,60.0,dn1,1,pkg55,65.0,74.0,80,8.065044950046229,70,65,1.0,6,5
77,60,60.0,dn4,2,pkg56,66.0,72.0,80,8.065044950046229,78,69,0.9276480006968348,8,9
77,61,61.0,dn7,3,pkg57,69.0,78.0,87,8.065044950046229,77,69,1.0,9,8
77,64,64.0,dn8,3,pkg59,71.0,76.0,86,8.065044950046229,82,73,0.6964162111435814,10,9
77,64,64.0,dn9,3,pkg58,72.0,81.0,83,8.065044950046229,73.0,72.0,1.0,2,1.0
77,70,70.0,dn2,1,pkg60,79.0,88.0,93,8.065044950046229,83.0,79.0,1.0,5,4.0
77,71,71.0,dn1,1,pkg61,80.0,87.0,94,8.065044950046229,85.0,80.0,1.0,7,5.0
77,73,73.0,dn3,1,pkg62,81.0,89.0,95,8.065044950046229,89,81,1.0,6,8
77,74,74.0,dn5,2,pkg63,81.0,86.0,89,8.065044950046229,84.0,81.0,1.0,3,3.0
77,76,76.0,dn9,3,pkg64,85.0,90.0,97,8.065044950046229,96,86,1.0,7,10
77,77,77.0,dn14,5,pkg65,84.0,90.0,98,8.065044950046229,91,84,0.981497059608109,8,7
77,79,79.0,dn7,3,pkg66,88.0,98.0,103,8.065044950046229,94.0,88.0,1.0,5,6.0
77,80,80.0,dn4,2,pkg67,88.0,95.0,103,8.065044950046229,95.0,88.0,1.0,8,7.0
77,80,80.0,dn11,4,pkg68,89.0,94.0,102,8.065044950046229,102,91,1.0,8,11
77,84,84.0,dn2,1,pkg69,89.0,97.0,101,8.065044950046229,93.0,89.0,1.0,4,4.0
77,88,88.0,dn13,5,pkg70,92.0,101.0,105,8.065044950046229,96,92,1.0,4,4
77,89,89.0,dn5,2,pkg71,97.0,104.0,112,8.065044950046229,101.0,97.0,1.0,8,4.0
77,90,90.0,dn8,3,pkg72,95.0,105.0,107,8.065044950046229,97.0,95.0,1.0,2,2.0
77,92,92.0,dn6,2,pkg74,99.0,106.0,116,8.065044950046229,103.0,99.0,0.8638529812987656,10,4.0
77,95,95.0,dn7,3,pkg73,100.0,109.0,116,8.065044950046229,104.0,100.0,1.0,7,4.0
77,96,96.0,dn9,3,pkg75,103.0,112.0,119,8.065044950046229,110,103,1.0,7,7
77,96,96.0,dn10,4,pkg76,100.0,109.0,112,8.065044950046229,103.0,100.0,1.0,3,3.0
77,98,98.0,dn1,1,pkg77,106.0,116.0,125,8.065044950046229,122,110,1.0,9,12
78,0,0.0,dn7,3,pkg7,5.0,12.0,18,8.065044950046229,9.0,5.0,1.0,6,4.0
78,0,0.0,dn8,3,pkg19,10.0,17.0,23,8.065044950046229,20,10,1.0,6,10
78,0,0.0,dn9,3,pkg12,10.0,20.0,25,8.065044950046229,15.0,10.0,1.0,5,5.0
78,0,0.0,dn10,4,pkg21,5.0,10.0,17,8.065044950046229,12,6,0.8837170879173109,7,6
78,0,0.0,dn11,4,pkg5,5.0,14.0,23,8.065044950046229,16,8,0.9554953287499572,9,8
78,1,1.0,dn1,1,pkg17,7.0,13.0,20,8.065044950046229,11.0,7.0,0.9987148696173,7,4.0
78,1,1.0,dn2,1,pkg16,8.0,17.0,24,8.065044950046229,17,9,1.0,7,8
78,1,1.0,dn3,1,pkg20,9.0,15.0,19,8.065044950046229,11.0,9.0,1.0,4,2.0
78,1,1.0,dn4,2,pkg15,5.0,12.0,15,8.065044950046229,9,5,1.0,3,4
78,1,1.0,dn5,2,pkg14,5.0,13.0,17,8.065044950046229,8.0,5.0,1.0,4,3.0
78,1,1.0,dn6,2,pkg9,9.0,19.0,25,8.065044950046229,17,9,1.0,6,8
78,1,1.0,dn12,4,pkg13,9.0,14.0,17,8.065044950046229,12.0,9.0,1.0,3,3.0
78,1,1.0,dn13,5,pkg22,6.0,15.0,22,8.065044950046229,17,9,1.0,7,8
78,1,1.0,dn14,5,pkg1,10.0,18.0,23,8.065044950046229,13.0,10.0,1.0,5,3.0
78,1,1.0,dn15,5,pkg11,10.0,19.0,25,8.065044950046229,16.0,10.0,1.0,6,6.0
78,8,8.0,dn5,2,pkg3,8.0,13.0,23,8.065044950046229,28,18,0.07235199930316516,10,10
78,9,9.0,dn4,2,pkg26,18.0,27.0,35,8.065044950046229,27,18,1.0,8,9
78,9,9.0,dn7,3,pkg2,7.0,13.0,14,8.065044950046229,9,9,1.0,1,0
78,11,11.0,dn1,1,pkg8,9.0,14.0,22,8.065044950046229,31,21,0.018502940391891043,8,10
78,11,11.0,dn3,1,pkg23,11.0,21.0,25,8.065044950046229,15,13,1.0,4,2
78,12,12.0,dn10,4,pkg25,15.0,20.0,31,8.065044950046229,26,19,0.2378206096404078,11,7
78,12,12.0,dn12,4,pkg6,10.0,17.0,26,8.065044950046229,38,25,0.10578949730003717,9,13
78,13,13.0,dn14,5,pkg27,17.0,22.0,27,8.065044950046229,25,19,1.0,5,6
78,15,15.0,dn3,1,pkg29,22.0,29.0,35,8.065044950046229,27.0,22.0,1.0,6,5.0
78,15,15.0,dn9,3,pkg18,8.0,17.0,22,8.065044950046229,23,19,0.02666913052284453,5,4
78,16,16.0,dn15,5,pkg28,20.0,27.0,33,8.065044950046229,32,24,1.0,6,8
78,17,17.0,dn6,2,pkg10,9.0,19.0,23,8.065044950046229,31,24,0.07235199930316516,4,7
78,17,17.0,dn13,5,pkg30,25.0,30.0,33,8.065044950046229,27.0,25.0,1.0,3,2.0
78,20,20.0,dn8,3,pkg33,28.0,34.0,41,8.065044950046229,34.0,28.0,1.0,7,6.0
78,20,20.0,dn11,4,pkg32,25.0,34.0,42,8.065044950046229,40,30,1.0,8,10
78,24,24.0,dn2,1,pkg35,33.0,38.0,39,8.065044950046229,35.0,33.0,1.0,1,2.0
78,26,26.0,dn10,4,pkg34,28.0,37.0,45,8.065044950046229,46,36,0.8454987064453288,8,10
78,27,27.0,dn3,1,pkg36,33.0,38.0,44,8.065044950046229,37.0,33.0,1.0,6,4.0
78,27,27.0,dn4,2,pkg31,28.0,37.0,43,8.065044950046229,33,30,0.9919349550499538,6,3
78,27,27.0,dn9,3,pkg37,36.0,41.0,46,8.065044950046229,39.0,36.0,1.0,5,3.0
78,28,28.0,dn13,5,pkg38,37.0,47.0,48,8.065044950046229,38.0,37.0,1.0,1,1.0
78,30,30.0,dn14,5,pkg39,34.0,40.0,45,8.065044950046229,44,37,1.0,5,7
78,33,33.0,dn4,2,pkg40,39.0,48.0,59,8.065044950046229,55,44,0.8368717887665349,11,11
78,34,34.0,dn8,3,pkg41,40.0,49.0,53,8.065044950046229,41.0,40.0,1.0,4,1.0
78,35,35.0,dn5,2,pkg42,41.0,49.0,59,8.065044950046229,47,41,0.8638529812987656,10,6
78,35,35.0,dn6,2,pkg43,44.0,52.0,54,8.065044950046229,46.0,44.0,1.0,2,2.0
78,37,37.0,dn1,1,pkg44,41.0,51.0,58,8.065044950046229,47,42,1.0,7,5
78,38,38.0,dn12,4,pkg45,45.0,50.0,55,8.065044950046229,51.0,45.0,1.0,5,6.0
78,40,40.0,dn2,1,pkg46,48.0,58.0,65,8.065044950046229,54.0,48.0,1.0,7,6.0
78,42,42.0,dn8,3,pkg47,47.0,57.0,61,8.065044950046229,49.0,47.0,1.0,4,2.0
78,44,44.0,dn9,3,pkg48,50.0,58.0,61,8.065044950046229,54.0,50.0,1.0,3,4.0
78,45,45.0,dn11,4,pkg49,50.0,56.0,67,8.065044950046229,65,55,0.5,11,10
78,46,46.0,dn10,4,pkg50,56.0,61.0,68,8.065044950046229,63.0,56.0,1.0,7,7.0
78,49,49.0,dn1,1,pkg51,55.0,63.0,68,8.065044950046229,61,55,1.0,5,6
78,49,49.0,dn3,1,pkg52,56.0,64.0,72,8.065044950046229,62.0,56.0,1.0,8,6.0
78,51,51.0,dn12,4,pkg53,60.0,67.0,72,8.065044950046229,66.0,60.0,1.0,5,6.0
78,54,54.0,dn2,1,pkg54,61.0,67.0,70,8.065044950046229,65.0,61.0,1.0,3,4.0
78,54,54.0,dn8,3,pkg55,63.0,73.0,81,8.065044950046229,68.0,63.0,1.0,8,5.0
78,55,55.0,dn4,2,pkg57,60.0,70.0,80,8.065044950046229,69,62,0.9276480006968348,10,7
78,57,57.0,dn5,2,pkg58,64.0,73.0,82,8.065044950046229,73,65,1.0,9,8
78,61,61.0,dn13,5,pkg61,67.0,74.0,82,8.065044950046229,71.0,67.0,0.981497059608109,8,4.0
78,61,61.0,dn14,5,pkg60,69.0,77.0,87,8.065044950046229,79,70,0.9733308694771554,10,9
78,62,62.0,dn1,1,pkg56,63.0,70.0,74,8.065044950046229,74,68,1.0,4,6
78,62,62.0,dn3,1,pkg59,69.0,77.0,81,8.065044950046229,73.0,69.0,1.0,4,4.0
78,63,63.0,dn6,2,pkg63,69.0,75.0,79,8.065044950046229,72.0,69.0,1.0,4,3.0
78,63,63.0,dn9,3,pkg62,72.0,79.0,90,8.065044950046229,83,73,0.9006778457052591,11,10
78,65,65.0,dn2,1,pkg64,73.0,80.0,87,8.065044950046229,79.0,73.0,1.0,7,6.0
78,65,65.0,dn11,4,pkg65,74.0,81.0,90,8.065044950046229,87,76,1.0,9,11
78,69,69.0,dn4,2,pkg66,73.0,80.0,89,8.065044950046229,83,76,0.7169814111499796,9,7
78,69,69.0,dn8,3,pkg67,74.0,84.0,93,8.065044950046229,99,84,0.9919349550499538,9,15
78,72,72.0,dn6,2,pkg68,78.0,84.0,90,8.065044950046229,81.0,78.0,1.0,6,3.0
78,76,76.0,dn5,2,pkg70,85.0,93.0,104,8.065044950046229,89.0,85.0,0.9508759758087104,11,4.0
78,78,78.0,dn1,1,pkg72,84.0,89.0,100,8.065044950046229,116,97,0.5,11,19
78,78,78.0,dn13,5,pkg71,84.0,91.0,101,8.065044950046229,106,92,0.7855682414064981,10,14
78,79,79.0,dn10,4,pkg73,87.0,96.0,104,8.065044950046229,97,88,1.0,8,9
78,80,80.0,dn2,1,pkg74,88.0,94.0,100,8.065044950046229,100,90,1.0,6,10
78,81,81.0,dn6,2,pkg75,90.0,95.0,100,8.065044950046229,96.0,90.0,1.0,5,6.0
78,83,83.0,dn4,2,pkg76,89.0,99.0,105,8.065044950046229,93.0,89.0,1.0,6,4.0
78,83,83.0,dn9,3,pkg69,83.0,89.0,93,8.065044950046229,89,86,0.9276480006968348,4,3
78,84,84.0,dn12,4,pkg77,90.0,99.0,110,8.065044950046229,114,99,0.8368717887665349,11,15
78,85,85.0,dn3,1,pkg78,92.0,99.0,106,8.065044950046229,107,96,1.0,7,11
78,89,89.0,dn9,3,pkg79,93.0,101.0,108,8.065044950046229,113,101,0.9987148696173,7,12
78,91,91.0,dn5,2,pkg80,97.0,107.0,116,8.065044950046229,109,100,1.0,9,9
78,96,96.0,dn6,2,pkg81,103.0,111.0,121,8.065044950046229,112,104,0.9276480006968348,10,8
78,97,97.0,dn4,2,pkg82,102.0,111.0,119,8.065044950046229,117,107,1.0,8,10
78,99,99.0,dn8,3,pkg83,108.0,114.0,123,8.065044950046229,112.0,108.0,0.9919349550499538,9,4.0
79,0,0.0,dn1,1,pkg9,5.0,10.0,17,8.065044950046229,14,7,0.8837170879173109,7,7
79,0,0.0,dn2,1,pkg8,5.0,14.0,22,8.065044950046229,10,5,1.0,8,5
79,0,0.0,dn7,3,pkg13,5.0,14.0,18,8.065044950046229,7.0,5.0,1.0,4,2.0
79,0,0.0,dn15,5,pkg12,6.0,15.0,24,8.065044950046229,26,13,0.9919349550499538,9,13
79,0,0.0,dn3,1,pkg17,7.0,13.0,18,8.065044950046229,14,7,1.0,5,7
79,0,0.0,dn14,5,pkg7,9.0,14.0,16,8.065044950046229,11.0,9.0,1.0,2,2.0
79,0,0.0,dn8,3,pkg10,9.0,14.0,19,8.065044950046229,12.0,9.0,1.0,5,3.0
79,0,0.0,dn13,5,pkg18,9.0,16.0,19,8.065044950046229,11.0,9.0,1.0,3,2.0
79,1,1.0,dn4,2,pkg11,7.0,13.0,20,8.065044950046229,19,10,0.9987148696173,7,9
79,1,1.0,dn6,2,pkg15,8.0,17.0,22,8.065044950046229,13.0,8.0,1.0,5,5.0
79,1,1.0,dn9,3,pkg16,9.0,19.0,22,8.065044950046229,10.0,9.0,1.0,3,1.0
79,1,1.0,dn10,4,pkg21,5.0,14.0,16,8.065044950046229,7.0,5.0,1.0,2,2.0
79,1,1.0,dn12,4,pkg5,7.0,13.0,19,8.065044950046229,12.0,7.0,1.0,6,5.0
79,1,1.0,dn5,2,pkg1,9.0,15.0,23,8.065044950046229,23,12,1.0,8,11
79,1,1.0,dn11,4,pkg4,8.0,17.0,26,8.065044950046229,21,11,1.0,9,10
79,7,7.0,dn7,3,pkg2,10.0,16.0,20,8.065044950046229,19,13,1.0,4,6
79,7,7.0,dn10,4,pkg6,10.0,15.0,25,8.065044950046229,25,16,0.3035837888564185,10,9
79,10,10.0,dn2,1,pkg25,15.0,22.0,26,8.065044950046229,17.0,15.0,1.0,4,2.0
79,10,10.0,dn9,3,pkg20,10.0,17.0,21,8.065044950046229,14,12,1.0,4,2
79,11,11.0,dn13,5,pkg23,9.0,14.0,19,8.065044950046229,25,18,0.1361470187012343,5,7
79,11,11.0,dn14,5,pkg14,10.0,18.0,22,8.065044950046229,23,17,1.0,4,6
79,12,12.0,dn8,3,pkg19,10.0,19.0,22,8.065044950046229,16,14,1.0,3,2
79,12,12.0,dn12,4,pkg26,18.0,23.0,26,8.065044950046229,21.0,18.0,1.0,3,3.0
79,13,13.0,dn6,2,pkg3,10.0,19.0,22,8.065044950046229,17,15,1.0,3,2
79,14,14.0,dn1,1,pkg24,13.0,22.0,30,8.065044950046229,34,24,0.5,8,10
79,14,14.0,dn9,3,pkg27,20.0,26.0,32,8.065044950046229,30,22,1.0,6,8
79,16,16.0,dn3,1,pkg29,24.0,32.0,35,8.065044950046229,26.0,24.0,1.0,3,2.0
79,16,16.0,dn8,3,pkg28,25.0,30.0,36,8.065044950046229,33.0,25.0,1.0,6,8.0
79,17,17.0,dn2,1,pkg30,22.0,29.0,34,8.065044950046229,24.0,22.0,1.0,5,2.0
79,21,21.0,dn6,2,pkg33,27.0,32.0,43,8.065044950046229,35,28,0.5,11,7
79,21,21.0,dn11,4,pkg32,29.0,37.0,40,8.065044950046229,32.0,29.0,1.0,3,3.0
79,23,23.0,dn5,2,pkg35,29.0,39.0,50,8.065044950046229,37,30,0.9006778457052591,11,7
79,23,23.0,dn14,5,pkg34,27.0,37.0,46,8.065044950046229,51,37,0.9554953287499572,9,14
79,24,24.0,dn2,1,pkg31,24.0,29.0,34,8.065044950046229,40,32,0.5,5,8
79,29,29.0,dn3,1,pkg36,35.0,42.0,47,8.065044950046229,40.0,35.0,1.0,5,5.0
79,33,33.0,dn4,2,pkg38,38.0,43.0,46,8.065044950046229,40.0,38.0,1.0,3,2.0
79,33,33.0,dn11,4,pkg37,39.0,48.0,57,8.065044950046229,42.0,39.0,0.9919349550499538,9,3.0
79,37,37.0,dn7,3,pkg39,42.0,51.0,54,8.065044950046229,45.0,42.0,1.0,3,3.0
79,37,37.0,dn15,5,pkg40,43.0,51.0,59,8.065044950046229,51,44,1.0,8,7
79,40,40.0,dn1,1,pkg41,48.0,56.0,57,8.065044950046229,49.0,48.0,1.0,1,1.0
79,44,44.0,dn2,1,pkg43,54.0,62.0,67,8.065044950046229,57.0,54.0,1.0,5,3.0
79,44,44.0,dn4,2,pkg42,50.0,55.0,61,8.065044950046229,62,53,1.0,6,9
79,46,46.0,dn10,4,pkg44,51.0,57.0,61,8.065044950046229,56,51,1.0,4,5
79,49,49.0,dn7,3,pkg45,53.0,61.0,64,8.065044950046229,55.0,53.0,1.0,3,2.0
79,51,51.0,dn5,2,pkg46,57.0,64.0,69,8.065044950046229,59.0,57.0,1.0,5,2.0
79,53,53.0,dn8,3,pkg48,58.0,68.0,76,8.065044950046229,67,60,1.0,8,7
79,53,53.0,dn9,3,pkg47,60.0,66.0,68,8.065044950046229,63.0,60.0,1.0,2,3.0
79,57,57.0,dn7,3,pkg49,66.0,72.0,78,8.065044950046229,73.0,66.0,1.0,6,7.0
79,59,59.0,dn2,1,pkg50,65.0,71.0,75,8.065044950046229,71,65,1.0,4,6
79,59,59.0,dn13,5,pkg51,64.0,69.0,72,8.065044950046229,68.0,64.0,1.0,3,4.0
79,61,61.0,dn14,5,pkg52,66.0,75.0,77,8.065044950046229,69.0,66.0,1.0,2,3.0
79,63,63.0,dn4,2,pkg53,69.0,76.0,81,8.065044950046229,74.0,69.0,1.0,5,5.0
79,63,63.0,dn5,2,pkg54,73.0,82.0,91,8.065044950046229,83,73,1.0,9,10
79,65,65.0,dn6,2,pkg55,73.0,78.0,88,8.065044950046229,83,74,0.7855682414064981,10,9
79,66,66.0,dn3,1,pkg57,74.0,81.0,88,8.065044950046229,80.0,74.0,1.0,7,6.0
79,66,66.0,dn9,3,pkg56,74.0,79.0,87,8.065044950046229,92,79,0.981497059608109,8,13
79,69,69.0,dn8,3,pkg58,76.0,83.0,88,8.065044950046229,82.0,76.0,1.0,5,6.0
79,69,69.0,dn15,5,pkg59,79.0,85.0,87,8.065044950046229,80.0,79.0,1.0,2,1.0
79,73,73.0,dn10,4,pkg60,77.0,85.0,90,8.065044950046229,81,77,1.0,5,4
79,74,74.0,dn2,1,pkg62,83.0,88.0,95,8.065044950046229,94,84,1.0,7,10
79,74,74.0,dn7,3,pkg61,81.0,91.0,97,8.065044950046229,94,84,1.0,6,10
79,77,77.0,dn13,5,pkg63,86.0,96.0,99,8.065044950046229,88.0,86.0,1.0,3,2.0
79,78,78.0,dn4,2,pkg64,84.0,92.0,96,8.065044950046229,88.0,84.0,1.0,4,4.0
79,80,80.0,dn3,1,pkg66,90.0,99.0,104,8.065044950046229,95.0,90.0,1.0,5,5.0
79,80,80.0,dn14,5,pkg65,89.0,94.0,105,8.065044950046229,108,94,0.7621793903595921,11,14
79,86,86.0,dn5,2,pkg67,91.0,100.0,109,8.065044950046229,114,100,0.9554953287499572,9,14
79,88,88.0,dn13,5,pkg68,95.0,105.0,111,8.065044950046229,104,96,1.0,6,8
79,91,91.0,dn4,2,pkg69,95.0,100.0,101,8.065044950046229,97.0,95.0,1.0,1,2.0
79,91,91.0,dn10,4,pkg70,97.0,103.0,110,8.065044950046229,100.0,97.0,0.9987148696173,7,3.0
79,94,94.0,dn6,2,pkg71,101.0,106.0,109,8.065044950046229,104.0,101.0,1.0,3,3.0
79,96,96.0,dn1,1,pkg72,103.0,113.0,115,8.065044950046229,105.0,103.0,1.0,2,2.0
79,96,96.0,dn11,4,pkg73,103.0,108.0,117,8.065044950046229,108.0,103.0,0.8130495168499705,9,5.0
79,99,99.0,dn4,2,pkg74,108.0,113.0,119,8.065044950046229,115.0,108.0,1.0,6,7.0
80,0,0.0,dn1,1,pkg15,6.0,13.0,20,8.065044950046229,14,7,1.0,7,7
80,0,0.0,dn2,1,pkg21,9.0,17.0,23,8.065044950046229,13.0,9.0,1.0,6,4.0
80,0,0.0,dn4,2,pkg1,7.0,16.0,22,8.065044950046229,13.0,7.0,1.0,6,6.0
80,0,0.0,dn5,2,pkg2,10.0,17.0,23,8.065044950046229,20,10,1.0,6,10
80,0,0.0,dn6,2,pkg9,10.0,17.0,23,8.065044950046229,17.0,10.0,1.0,6,7.0
80,0,0.0,dn13,5,pkg5,6.0,12.0,17,8.065044950046229,10.0,6.0,1.0,5,4.0
80,0,0.0,dn3,1,pkg7,7.0,15.0,19,8.065044950046229,10.0,7.0,1.0,4,3.0
80,0,0.0,dn14,5,pkg13,7.0,13.0,16,8.065044950046229,9.0,7.0,1.0,3,2.0
80,1,1.0,dn7,3,pkg10,6.0,16.0,27,8.065044950046229,9.0,6.0,0.8368717887665349,11,3.0
80,1,1.0,dn8,3,pkg6,7.0,14.0,19,8.065044950046229,12.0,7.0,1.0,5,5.0
80,1,1.0,dn9,3,pkg3,8.0,13.0,22,8.065044950046229,11.0,8.0,0.8130495168499705,9,3.0
80,1,1.0,dn10,4,pkg19,5.0,11.0,14,8.065044950046229,9,5,1.0,3,4
80,1,1.0,dn11,4,pkg16,7.0,17.0,19,8.065044950046229,10.0,7.0,1.0,2,3.0
80,1,1.0,dn12,4,pkg17,8.0,14.0,25,8.065044950046229,17,9,0.6793222358514858,11,8
80,1,1.0,dn15,5,pkg4,10.0,16.0,22,8.065044950046229,16.0,10.0,1.0,6,6.0
80,9,9.0,dn7,3,pkg8,10.0,18.0,27,8.065044950046229,33,21,0.5,9,12
80,9,9.0,dn10,4,pkg14,9.0,16.0,20,8.065044950046229,19,14,1.0,4,5
80,10,10.0,dn3,1,pkg11,8.0,15.0,20,8.065044950046229,20,15,0.5,5,5
80,10,10.0,dn11,4,pkg24,15.0,21.0,22,8.065044950046229,16.0,15.0,1.0,1,1.0
80,12,12.0,dn8,3,pkg30,21.0,26.0,36,8.065044950046229,29.0,21.0,0.8638529812987656,10,8.0
80,13,13.0,dn2,1,pkg22,9.0,15.0,21,8.065044950046229,23,18,0.00806504495004623,6,5
80,13,13.0,dn4,2,pkg29,16.0,23.0,28,8.065044950046229,21,17,1.0,5,4
80,14,14.0,dn1,1,pkg25,13.0,22.0,27,8.065044950046229,22,18,0.9733308694771554,5,4
80,16,16.0,dn11,4,pkg26,15.0,20.0,22,8.065044950046229,20,18,1.0,2,2
80,17,17.0,dn6,2,pkg32,22.0,28.0,37,8.065044950046229,29,23,0.7169814111499796,9,6
80,17,17.0,dn12,4,pkg31,23.0,29.0,36,8.065044950046229,35,26,0.9987148696173,7,9
80,19,19.0,dn10,4,pkg27,16.0,26.0,32,8.065044950046229,25,22,0.6649100133406095,6,3
80,20,20.0,dn3,1,pkg33,29.0,35.0,41,8.065044950046229,33.0,29.0,1.0,6,4.0
80,20,20.0,dn11,4,pkg28,18.0,28.0,31,8.065044950046229,26,23,1.0,3,3
80,21,21.0,dn4,2,pkg34,26.0,35.0,39,8.065044950046229,30.0,26.0,1.0,4,4.0
80,24,24.0,dn9,3,pkg35,29.0,34.0,40,8.065044950046229,34,29,0.9919349550499538,6,5
80,27,27.0,dn5,2,pkg36,33.0,39.0,45,8.065044950046229,39,33,1.0,6,6
80,30,30.0,dn4,2,pkg37,40.0,49.0,56,8.065044950046229,49.0,40.0,1.0,7,9.0
80,33,33.0,dn6,2,pkg38,40.0,49.0,54,8.065044950046229,45.0,40.0,1.0,5,5.0
80,35,35.0,dn10,4,pkg39,43.0,49.0,52,8.065044950046229,45.0,43.0,1.0,3,2.0
80,37,37.0,dn7,3,pkg40,46.0,53.0,60,8.065044950046229,59,48,1.0,7,11
80,38,38.0,dn11,4,pkg41,42.0,52.0,58,8.065044950046229,56,47,1.0,6,9
80,39,39.0,dn9,3,pkg42,46.0,51.0,57,8.065044950046229,52.0,46.0,1.0,6,6.0
80,39,39.0,dn13,5,pkg43,45.0,52.0,56,8.065044950046229,51,45,1.0,4,6
80,41,41.0,dn8,3,pkg44,49.0,59.0,68,8.065044950046229,61,51,1.0,9,10
80,42,42.0,dn5,2,pkg45,51.0,56.0,62,8.065044950046229,57.0,51.0,1.0,6,6.0
80,43,43.0,dn14,5,pkg46,48.0,53.0,60,8.065044950046229,67,55,0.8837170879173109,7,12
80,44,44.0,dn1,1,pkg47,53.0,59.0,65,8.065044950046229,58.0,53.0,1.0,6,5.0
80,44,44.0,dn12,4,pkg48,50.0,60.0,71,8.065044950046229,55.0,50.0,0.9006778457052591,11,5.0
80,49,49.0,dn4,2,pkg49,58.0,64.0,70,8.065044950046229,65.0,58.0,1.0,6,7.0
80,51,51.0,dn6,2,pkg50,57.0,66.0,72,8.065044950046229,67,59,1.0,6,8
80,53,53.0,dn2,1,pkg51,57.0,66.0,70,8.065044950046229,59.0,57.0,1.0,4,2.0
80,53,53.0,dn10,4,pkg52,61.0,67.0,73,8.065044950046229,67.0,61.0,1.0,6,6.0
80,61,61.0,dn7,3,pkg53,70.0,75.0,81,8.065044950046229,76.0,70.0,1.0,6,6.0
80,61,61.0,dn9,3,pkg54,71.0,76.0,83,8.065044950046229,75.0,71.0,1.0,7,4.0
80,68,68.0,dn1,1,pkg55,72.0,80.0,87,8.065044950046229,80,74,0.9987148696173,7,6
80,68,68.0,dn2,1,pkg56,73.0,78.0,80,8.065044950046229,74.0,73.0,1.0,2,1.0
80,72,72.0,dn3,1,pkg57,79.0,88.0,97,8.065044950046229,85.0,79.0,1.0,9,6.0
80,77,77.0,dn4,2,pkg58,81.0,86.0,89,8.065044950046229,83.0,81.0,1.0,3,2.0
80,80,80.0,dn7,3,pkg59,84.0,94.0,97,8.065044950046229,86.0,84.0,1.0,3,2.0
80,84,84.0,dn4,2,pkg60,92.0,101.0,103,8.065044950046229,94.0,92.0,1.0,2,2.0
80,85,85.0,dn8,3,pkg61,89.0,97.0,102,8.065044950046229,97,91,1.0,5,6
80,85,85.0,dn9,3,pkg62,93.0,102.0,106,8.065044950046229,98.0,93.0,1.0,4,5.0
80,86,86.0,dn5,2,pkg63,95.0,105.0,111,8.065044950046229,104,95,1.0,6,9
80,89,89.0,dn1,1,pkg65,94.0,103.0,112,8.065044950046229,103,96,0.9554953287499572,9,7
80,89,89.0,dn10,4,pkg64,95.0,100.0,102,8.065044950046229,97.0,95.0,1.0,2,2.0
80,90,90.0,dn7,3,pkg66,99.0,107.0,113,8.065044950046229,104.0,99.0,1.0,6,5.0
80,91,91.0,dn6,2,pkg67,98.0,107.0,116,8.065044950046229,115,103,1.0,9,12
80,94,94.0,dn2,1,pkg68,100.0,107.0,110,8.065044950046229,102.0,100.0,1.0,3,2.0
80,95,95.0,dn4,2,pkg69,103.0,113.0,118,8.065044950046229,111,103,1.0,5,8
80,96,96.0,dn11,4,pkg70,104.0,110.0,120,8.065044950046229,107.0,104.0,0.8638529812987656,10,3.0
80,96,96.0,dn12,4,pkg71,104.0,110.0,120,8.065044950046229,116,106,0.8638529812987656,10,10
81,0,0.0,dn1,1,pkg16,5.0,15.0,23,8.065044950046229,14,7,1.0,8,7
81,0,0.0,dn2,1,pkg17,10.0,15.0,21,8.065044950046229,15.0,10.0,1.0,6,5.0
81,0,0.0,dn3,1,pkg14,6.0,12.0,21,8.065044950046229,9.0,6.0,0.8130495168499705,9,3.0
81,0,0.0,dn10,4,pkg2,6.0,12.0,18,8.065044950046229,14,7,1.0,6,7
81,1,1.0,dn4,2,pkg15,5.0,10.0,14,8.065044950046229,13,7,1.0,4,6
81,1,1.0,dn5,2,pkg3,8.0,14.0,18,8.065044950046229,14.0,8.0,1.0,4,6.0
81,1,1.0,dn6,2,pkg18,6.0,15.0,19,8.065044950046229,7.0,6.0,1.0,4,1.0
81,1,1.0,dn7,3,pkg11,5.0,11.0,14,8.065044950046229,7.0,5.0,1.0,3,2.0
81,1,1.0,dn8,3,pkg8,5.0,15.0,20,8.065044950046229,9,5,1.0,5,4
81,1,1.0,dn9,3,pkg23,10.0,16.0,21,8.065044950046229,12.0,10.0,1.0,5,2.0
81,1,1.0,dn11,4,pkg1,7.0,15.0,20,8.065044950046229,13,7,1.0,5,6
81,1,1.0,dn12,4,pkg12,8.0,16.0,22,8.065044950046229,12.0,8.0,1.0,6,4.0
81,1,1.0,dn14,5,pkg10,9.0,19.0,24,8.065044950046229,10.0,9.0,1.0,5,1.0
81,1,1.0,dn15,5,pkg6,10.0,19.0,27,8.065044950046229,23,12,1.0,8,11
81,1,1.0,dn13,5,pkg4,6.0,11.0,22,8.065044950046229,37,19,0.4089780893907298,11,18
81,7,7.0,dn6,2,pkg21,5.0,10.0,17,8.065044950046229,13,10,0.037661979695961856,7,3
81,7,7.0,dn7,3,pkg25,8.0,16.0,21,8.065044950046229,19,13,1.0,5,6
81,9,9.0,dn3,1,pkg22,8.0,16.0,19,8.065044950046229,13,11,1.0,3,2
81,9,9.0,dn8,3,pkg28,11.0,18.0,28,8.065044950046229,19,14,0.39998067936643444,10,5
81,10,10.0,dn14,5,pkg30,16.0,24.0,30,8.065044950046229,26,18,1.0,6,8
81,12,12.0,dn9,3,pkg31,19.0,24.0,31,8.065044950046229,23.0,19.0,0.9987148696173,7,4.0
81,12,12.0,dn12,4,pkg19,9.0,16.0,21,8.065044950046229,24,18,0.3035837888564185,5,6
81,13,13.0,dn3,1,pkg5,8.0,14.0,22,8.065044950046229,25,19,0.0,8,6
81,13,13.0,dn4,2,pkg26,14.0,21.0,25,8.065044950046229,17,15,1.0,4,2
81,13,13.0,dn6,2,pkg27,15.0,22.0,25,8.065044950046229,21,17,1.0,3,4
81,13,13.0,dn11,4,pkg20,10.0,16.0,20,8.065044950046229,21,17,0.2578757643113509,4,4
81,14,14.0,dn1,1,pkg9,10.0,18.0,21,8.065044950046229,22,18,0.8130495168499705,3,4
81,14,14.0,dn5,2,pkg33,19.0,24.0,32,8.065044950046229,40,27,0.742124235688649,8,13
81,14,14.0,dn10,4,pkg29,18.0,28.0,34,8.065044950046229,22,18,1.0,6,4
81,15,15.0,dn2,1,pkg13,10.0,20.0,21,8.065044950046229,17,16,1.0,1,1
81,17,17.0,dn2,1,pkg24,11.0,18.0,23,8.065044950046229,25,21,0.0,5,4
81,19,19.0,dn4,2,pkg35,26.0,31.0,41,8.065044950046229,37,28,0.6964162111435814,10,9
81,19,19.0,dn7,3,pkg34,26.0,35.0,43,8.065044950046229,30.0,26.0,1.0,8,4.0
81,19,19.0,dn8,3,pkg32,18.0,24.0,31,8.065044950046229,23,21,0.22658690677451554,7,2
81,25,25.0,dn3,1,pkg36,31.0,36.0,38,8.065044950046229,34.0,31.0,1.0,2,3.0
81,26,26.0,dn10,4,pkg37,34.0,44.0,53,8.065044950046229,48,37,1.0,9,11
81,28,28.0,dn8,3,pkg38,36.0,45.0,52,8.065044950046229,48,38,1.0,7,10
81,28,28.0,dn9,3,pkg39,33.0,42.0,51,8.065044950046229,37.0,33.0,0.9554953287499572,9,4.0
81,29,29.0,dn1,1,pkg40,39.0,49.0,54,8.065044950046229,44.0,39.0,1.0,5,5.0
81,31,31.0,dn2,1,pkg41,35.0,40.0,46,8.065044950046229,41,36,0.9276480006968348,6,5
81,34,34.0,dn3,1,pkg42,39.0,48.0,55,8.065044950046229,52,43,1.0,7,9
81,34,34.0,dn15,5,pkg43,40.0,46.0,52,8.065044950046229,46,40,1.0,6,6
81,36,36.0,dn14,5,pkg44,43.0,48.0,50,8.065044950046229,46.0,43.0,1.0,2,3.0
81,43,43.0,dn2,1,pkg45,51.0,58.0,63,8.065044950046229,54.0,51.0,1.0,5,3.0
81,46,46.0,dn1,1,pkg46,53.0,63.0,67,8.065044950046229,58.0,53.0,1.0,4,5.0
81,48,48.0,dn7,3,pkg47,54.0,59.0,63,8.065044950046229,59.0,54.0,1.0,4,5.0
81,50,50.0,dn4,2,pkg48,56.0,66.0,70,8.065044950046229,59.0,56.0,1.0,4,3.0
81,52,52.0,dn3,1,pkg50,57.0,67.0,76,8.065044950046229,76,64,0.9919349550499538,9,12
81,53,53.0,dn5,2,pkg51,59.0,66.0,75,8.065044950046229,75,64,0.8942105026999628,9,11
81,55,55.0,dn2,1,pkg49,61.0,69.0,74,8.065044950046229,64.0,61.0,1.0,5,3.0
81,55,55.0,dn13,5,pkg52,64.0,69.0,74,8.065044950046229,68.0,64.0,1.0,5,4.0
81,57,57.0,dn10,4,pkg53,64.0,70.0,73,8.065044950046229,66.0,64.0,1.0,3,2.0
81,57,57.0,dn11,4,pkg54,65.0,72.0,77,8.065044950046229,69.0,65.0,1.0,5,4.0
81,59,59.0,dn1,1,pkg55,68.0,73.0,77,8.065044950046229,75.0,68.0,1.0,4,7.0
81,61,61.0,dn4,2,pkg56,70.0,75.0,85,8.065044950046229,77.0,70.0,0.8638529812987656,10,7.0
81,63,63.0,dn12,4,pkg57,68.0,76.0,80,8.065044950046229,71.0,68.0,1.0,4,3.0
81,63,63.0,dn6,2,pkg58,69.0,79.0,87,8.065044950046229,75,69,1.0,8,6
81,68,68.0,dn13,5,pkg60,74.0,80.0,88,8.065044950046229,94,81,0.9276480006968348,8,13
81,71,71.0,dn2,1,pkg61,77.0,84.0,90,8.065044950046229,83,77,1.0,6,6
81,75,75.0,dn5,2,pkg62,81.0,90.0,96,8.065044950046229,87,81,1.0,6,6
81,75,75.0,dn6,2,pkg59,71.0,79.0,85,8.065044950046229,85,80,0.18695048315002943,6,5
81,78,78.0,dn7,3,pkg63,86.0,94.0,99,8.065044950046229,92.0,86.0,1.0,5,6.0
81,79,79.0,dn4,2,pkg64,85.0,91.0,96,8.065044950046229,93,86,1.0,5,7
81,82,82.0,dn1,1,pkg65,88.0,97.0,104,8.065044950046229,94,88,1.0,7,6
81,84,84.0,dn14,5,pkg66,88.0,93.0,99,8.065044950046229,91.0,88.0,0.9276480006968348,6,3.0
81,88,88.0,dn5,2,pkg67,92.0,99.0,103,8.065044950046229,96,92,1.0,4,4
81,90,90.0,dn2,1,pkg68,98.0,107.0,110,8.065044950046229,100.0,98.0,1.0,3,2.0
81,94,94.0,dn13,5,pkg69,100.0,105.0,115,8.065044950046229,112,103,0.6000193206335656,10,9
81,97,97.0,dn4,2,pkg70,102.0,112.0,118,8.065044950046229,106.0,102.0,1.0,6,4.0
81,98,98.0,dn1,1,pkg71,102.0,109.0,114,8.065044950046229,106,102,1.0,5,4
81,98,98.0,dn3,1,pkg72,107.0,117.0,122,8.065044950046229,112.0,107.0,1.0,5,5.0
82,0,0.0,dn7,3,pkg19,5.0,10.0,18,8.065044950046229,14,7,0.742124235688649,8,7
82,0,0.0,dn8,3,pkg2,5.0,10.0,20,8.065044950046229,30,15,0.5,10,15
82,0,0.0,dn9,3,pkg6,9.0,18.0,26,8.065044950046229,16.0,9.0,1.0,8,7.0
82,1,1.0,dn1,1,pkg17,5.0,10.0,15,8.065044950046229,9,5,1.0,5,4
82,1,1.0,dn2,1,pkg12,5.0,11.0,16,8.065044950046229,13,7,1.0,5,6
82,1,1.0,dn3,1,pkg18,5.0,12.0,17,8.065044950046229,8.0,5.0,1.0,5,3.0
82,1,1.0,dn4,2,pkg22,5.0,12.0,17,8.065044950046229,13,7,1.0,5,6
82,1,1.0,dn5,2,pkg3,5.0,14.0,19,8.065044950046229,7.0,5.0,1.0,5,2.0
82,1,1.0,dn6,2,pkg23,8.0,16.0,21,8.065044950046229,12.0,8.0,1.0,5,4.0
82,1,1.0,dn11,4,pkg9,8.0,16.0,23,8.065044950046229,14.0,8.0,1.0,7,6.0
82,1,1.0,dn14,5,pkg8,9.0,18.0,24,8.065044950046229,17,9,1.0,6,8
82,1,1.0,dn15,5,pkg21,8.0,18.0,24,8.065044950046229,17,9,1.0,6,8
82,1,1.0,dn12,4,pkg5,8.0,17.0,27,8.065044950046229,17,9,0.9733308694771554,10,8
82,1,1.0,dn13,5,pkg7,10.0,20.0,25,8.065044950046229,13.0,10.0,1.0,5,3.0
82,1,1.0,dn10,4,pkg14,9.0,16.0,19,8.065044950046229,12.0,9.0,1.0,3,3.0
82,7,7.0,dn5,2,pkg25,13.0,18.0,25,8.065044950046229,23,15,0.9623380203040381,7,8
82,8,8.0,dn3,1,pkg15,10.0,18.0,24,8.065044950046229,24,16,0.9919349550499538,6,8
82,9,9.0,dn1,1,pkg1,10.0,18.0,27,8.065044950046229,25,17,0.5,9,8
82,12,12.0,dn6,2,pkg27,14.0,22.0,26,8.065044950046229,16,14,1.0,4,2
82,12,12.0,dn10,4,pkg16,9.0,14.0,23,8.065044950046229,26,19,0.0,9,7
82,13,13.0,dn2,1,pkg26,12.0,21.0,32,8.065044950046229,31,22,0.2378206096404078,11,9
82,13,13.0,dn4,2,pkg10,10.0,15.0,18,8.065044950046229,21,17,0.18695048315002943,3,4
82,13,13.0,dn13,5,pkg24,10.0,20.0,28,8.065044950046229,29,21,0.3754003527381465,8,8
82,16,16.0,dn6,2,pkg28,25.0,33.0,37,8.065044950046229,27.0,25.0,1.0,4,2.0
82,17,17.0,dn12,4,pkg29,27.0,35.0,37,8.065044950046229,28.0,27.0,1.0,2,1.0
82,19,19.0,dn7,3,pkg30,27.0,35.0,42,8.065044950046229,37,28,1.0,7,9
82,21,21.0,dn4,2,pkg32,28.0,36.0,42,8.065044950046229,34.0,28.0,1.0,6,6.0
82,21,21.0,dn9,3,pkg31,25.0,30.0,37,8.065044950046229,41,31,0.7734130932254845,7,10
82,22,22.0,dn11,4,pkg33,32.0,40.0,48,8.065044950046229,38.0,32.0,1.0,8,6.0
82,23,23.0,dn5,2,pkg34,29.0,39.0,47,8.065044950046229,37,30,1.0,8,7
82,26,26.0,dn10,4,pkg35,36.0,42.0,51,8.065044950046229,45.0,36.0,1.0,9,9.0
82,28,28.0,dn6,2,pkg36,37.0,47.0,51,8.065044950046229,40.0,37.0,1.0,4,3.0
82,31,31.0,dn1,1,pkg37,38.0,47.0,50,8.065044950046229,42.0,38.0,1.0,3,4.0
82,31,31.0,dn14,5,pkg38,40.0,48.0,52,8.065044950046229,46.0,40.0,1.0,4,6.0
82,34,34.0,dn2,1,pkg39,39.0,46.0,48,8.065044950046229,41.0,39.0,1.0,2,2.0
82,37,37.0,dn5,2,pkg40,44.0,54.0,59,8.065044950046229,48.0,44.0,1.0,5,4.0
82,38,38.0,dn4,2,pkg41,45.0,55.0,59,8.065044950046229,48.0,45.0,1.0,4,3.0
82,45,45.0,dn1,1,pkg42,51.0,59.0,64,8.065044950046229,56.0,51.0,1.0,5,5.0
82,46,46.0,dn6,2,pkg43,50.0,55.0,61,8.065044950046229,62,54,0.9276480006968348,6,8
82,46,46.0,dn14,5,pkg44,53.0,61.0,63,8.065044950046229,55.0,53.0,1.0,2,2.0
82,47,47.0,dn2,1,pkg45,52.0,57.0,60,8.065044950046229,56.0,52.0,1.0,3,4.0
82,48,48.0,dn4,2,pkg46,57.0,64.0,69,8.065044950046229,64.0,57.0,1.0,5,7.0
82,51,51.0,dn7,3,pkg47,56.0,64.0,70,8.065044950046229,63,57,1.0,6,6
82,51,51.0,dn15,5,pkg48,58.0,65.0,72,8.065044950046229,65,58,1.0,7,7
82,56,56.0,dn3,1,pkg49,65.0,70.0,74,8.065044950046229,70.0,65.0,1.0,4,5.0
82,57,57.0,dn8,3,pkg50,61.0,71.0,77,8.065044950046229,67,62,1.0,6,5
82,57,57.0,dn9,3,pkg51,64.0,72.0,81,8.065044950046229,81,69,0.9919349550499538,9,12
82,60,60.0,dn13,5,pkg52,64.0,71.0,77,8.065044950046229,76,68,1.0,6,8
82,61,61.0,dn5,2,pkg53,68.0,74.0,79,8.065044950046229,71.0,68.0,1.0,5,3.0
82,61,61.0,dn11,4,pkg54,70.0,76.0,80,8.065044950046229,74.0,70.0,1.0,4,4.0
82,63,63.0,dn1,1,pkg55,71.0,78.0,86,8.065044950046229,74.0,71.0,1.0,8,3.0
82,63,63.0,dn6,2,pkg56,72.0,77.0,86,8.065044950046229,76.0,72.0,0.9554953287499572,9,4.0
82,65,65.0,dn15,5,pkg57,72.0,78.0,86,8.065044950046229,91,78,0.981497059608109,8,13
82,66,66.0,dn7,3,pkg58,72.0,78.0,81,8.065044950046229,75.0,72.0,1.0,3,3.0
82,68,68.0,dn2,1,pkg59,76.0,85.0,94,8.065044950046229,82.0,76.0,1.0,9,6.0
82,70,70.0,dn4,2,pkg60,74.0,83.0,85,8.065044950046229,75.0,74.0,1.0,2,1.0
82,71,71.0,dn3,1,pkg61,76.0,81.0,86,8.065044950046229,85,78,1.0,5,7
82,73,73.0,dn8,3,pkg62,80.0,89.0,95,8.065044950046229,83.0,80.0,1.0,6,3.0
82,75,75.0,dn14,5,pkg63,79.0,86.0,90,8.065044950046229,81.0,79.0,1.0,4,2.0
82,76,76.0,dn6,2,pkg64,82.0,88.0,91,8.065044950046229,85.0,82.0,1.0,3,3.0
82,77,77.0,dn4,2,pkg65,82.0,91.0,97,8.065044950046229,85.0,82.0,1.0,6,3.0
82,80,80.0,dn10,4,pkg66,84.0,93.0,97,8.065044950046229,88,84,1.0,4,4
82,80,80.0,dn5,2,pkg67,86.0,95.0,106,8.065044950046229,110,95,0.8368717887665349,11,15
82,81,81.0,dn7,3,pkg68,86.0,92.0,103,8.065044950046229,111,96,0.5,11,15
82,85,85.0,dn6,2,pkg69,90.0,96.0,104,8.065044950046229,94.0,90.0,0.8454987064453288,8,4.0
82,85,85.0,dn11,4,pkg70,90.0,95.0,101,8.065044950046229,103,94,0.9919349550499538,6,9
82,85,85.0,dn4,2,pkg71,91.0,97.0,102,8.065044950046229,97,91,1.0,5,6
82,88,88.0,dn2,1,pkg73,95.0,100.0,101,8.065044950046229,96.0,95.0,1.0,1,1.0
82,88,88.0,dn13,5,pkg72,93.0,99.0,101,8.065044950046229,95.0,93.0,1.0,2,2.0
82,90,90.0,dn8,3,pkg74,98.0,105.0,113,8.065044950046229,112,101,1.0,8,11
82,91,91.0,dn10,4,pkg75,98.0,105.0,111,8.065044950046229,105,98,1.0,6,7
82,94,94.0,dn12,4,pkg76,99.0,106.0,109,8.065044950046229,103.0,99.0,1.0,3,4.0
82,96,96.0,dn1,1,pkg77,105.0,114.0,125,8.065044950046229,116,106,0.9847445937098342,11,10
82,96,96.0,dn6,2,pkg78,103.0,113.0,118,8.065044950046229,106.0,103.0,1.0,5,3.0
83,0,0.0,dn4,2,pkg19,9.0,19.0,26,8.065044950046229,20,10,1.0,7,10
83,0,0.0,dn5,2,pkg14,8.0,15.0,22,8.065044950046229,18,9,1.0,7,9
83,0,0.0,dn7,3,pkg8,5.0,11.0,16,8.065044950046229,12,6,1.0,5,6
83,0,0.0,dn8,3,pkg12,5.0,14.0,17,8.065044950046229,9.0,5.0,1.0,3,4.0
83,0,0.0,dn9,3,pkg13,5.0,12.0,17,8.065044950046229,12,6,1.0,5,6
83,0,0.0,dn10,4,pkg9,5.0,14.0,24,8.065044950046229,28,14,0.8638529812987656,10,14
83,0,0.0,dn6,2,pkg17,8.0,13.0,16,8.065044950046229,13.0,8.0,1.0,3,5.0
83,1,1.0,dn1,1,pkg1,5.0,10.0,12,8.065044950046229,7.0,5.0,1.0,2,2.0
83,1,1.0,dn2,1,pkg2,6.0,13.0,18,8.065044950046229,15,8,1.0,5,7
83,1,1.0,dn3,1,pkg16,6.0,15.0,20,8.065044950046229,17,9,1.0,5,8
83,1,1.0,dn11,4,pkg4,8.0,16.0,17,8.065044950046229,9.0,8.0,1.0,1,1.0
83,1,1.0,dn12,4,pkg23,11.0,21.0,28,8.065044950046229,18.0,11.0,1.0,7,7.0
83,1,1.0,dn13,5,pkg6,7.0,16.0,20,8.065044950046229,9.0,7.0,1.0,4,2.0
83,1,1.0,dn14,5,pkg11,6.0,14.0,20,8.065044950046229,15,8,1.0,6,7
83,1,1.0,dn15,5,pkg5,6.0,11.0,18,8.065044950046229,13,7,0.8837170879173109,7,6
83,7,7.0,dn1,1,pkg25,11.0,18.0,27,8.065044950046229,19,13,0.7169814111499796,9,6
83,9,9.0,dn8,3,pkg10,7.0,16.0,18,8.065044950046229,15,12,1.0,2,3
83,9,9.0,dn11,4,pkg20,8.0,18.0,26,8.065044950046229,19,14,0.6245996472618536,8,5
83,9,9.0,dn13,5,pkg15,7.0,15.0,17,8.065044950046229,13,11,1.0,2,2
83,12,12.0,dn7,3,pkg27,19.0,24.0,30,8.065044950046229,23.0,19.0,1.0,6,4.0
83,12,12.0,dn9,3,pkg3,9.0,16.0,25,8.065044950046229,30,21,0.044504671250042815,9,9
83,13,13.0,dn6,2,pkg24,11.0,17.0,27,8.065044950046229,31,22,0.02666913052284453,10,9
83,13,13.0,dn13,5,pkg26,14.0,20.0,28,8.065044950046229,31,22,0.3754003527381465,8,9
83,13,13.0,dn15,5,pkg18,8.0,14.0,22,8.065044950046229,29,21,0.0,8,8
83,15,15.0,dn2,1,pkg28,16.0,24.0,29,8.065044950046229,19,17,1.0,5,2
83,15,15.0,dn14,5,pkg29,24.0,33.0,43,8.065044950046229,37,26,1.0,10,11
83,17,17.0,dn3,1,pkg31,26.0,33.0,36,8.065044950046229,29.0,26.0,1.0,3,3.0
83,18,18.0,dn12,4,pkg30,21.0,28.0,32,8.065044950046229,28,23,1.0,4,5
83,18,18.0,dn5,2,pkg32,27.0,35.0,38,8.065044950046229,30.0,27.0,1.0,3,3.0
83,23,23.0,dn7,3,pkg33,31.0,40.0,44,8.065044950046229,33.0,31.0,1.0,4,2.0
83,24,24.0,dn11,4,pkg34,33.0,40.0,45,8.065044950046229,41.0,33.0,1.0,5,8.0
83,24,24.0,dn4,2,pkg35,34.0,39.0,50,8.065044950046229,54,39,0.8368717887665349,11,15
83,25,25.0,dn8,3,pkg36,34.0,39.0,42,8.065044950046229,35.0,34.0,1.0,3,1.0
83,28,28.0,dn10,4,pkg37,37.0,45.0,55,8.065044950046229,56,42,0.9972791575161781,10,14
83,30,30.0,dn9,3,pkg38,36.0,43.0,49,8.065044950046229,38.0,36.0,1.0,6,2.0
83,31,31.0,dn13,5,pkg39,36.0,41.0,50,8.065044950046229,41,36,0.6109752255499895,9,5
83,33,33.0,dn6,2,pkg41,40.0,46.0,56,8.065044950046229,53,43,0.7855682414064981,10,10
83,33,33.0,dn12,4,pkg40,37.0,44.0,50,8.065044950046229,47,40,1.0,6,7
83,35,35.0,dn8,3,pkg42,43.0,52.0,58,8.065044950046229,47.0,43.0,1.0,6,4.0
83,37,37.0,dn14,5,pkg43,45.0,52.0,61,8.065044950046229,55,46,0.9919349550499538,9,9
83,38,38.0,dn9,3,pkg44,46.0,55.0,63,8.065044950046229,54,46,1.0,8,8
83,39,39.0,dn5,2,pkg45,48.0,53.0,60,8.065044950046229,53.0,48.0,1.0,7,5.0
83,47,47.0,dn1,1,pkg47,57.0,64.0,71,8.065044950046229,65.0,57.0,1.0,7,8.0
83,47,47.0,dn13,5,pkg46,51.0,57.0,61,8.065044950046229,55,51,1.0,4,4
83,49,49.0,dn11,4,pkg48,56.0,64.0,71,8.065044950046229,62.0,56.0,1.0,7,6.0
83,52,52.0,dn7,3,pkg49,56.0,66.0,68,8.065044950046229,58.0,56.0,1.0,2,2.0
83,54,54.0,dn2,1,pkg50,61.0,69.0,77,8.065044950046229,72,63,1.0,8,9
83,56,56.0,dn8,3,pkg51,63.0,68.0,75,8.065044950046229,69.0,63.0,0.9987148696173,7,6.0
83,60,60.0,dn4,2,pkg52,67.0,75.0,84,8.065044950046229,71.0,67.0,0.9919349550499538,9,4.0
83,61,61.0,dn7,3,pkg53,67.0,74.0,78,8.065044950046229,72.0,67.0,1.0,4,5.0
83,61,61.0,dn3,1,pkg54,68.0,78.0,88,8.065044950046229,83,72,0.9972791575161781,10,11
83,63,63.0,dn13,5,pkg55,67.0,75.0,76,8.065044950046229,68.0,67.0,1.0,1,1.0
83,63,63.0,dn14,5,pkg56,69.0,76.0,79,8.065044950046229,73.0,69.0,1.0,3,4.0
83,65,65.0,dn9,3,pkg57,71.0,79.0,81,8.065044950046229,73.0,71.0,1.0,2,2.0
83,65,65.0,dn15,5,pkg58,73.0,82.0,86,8.065044950046229,78.0,73.0,1.0,4,5.0
83,68,68.0,dn1,1,pkg59,73.0,83.0,92,8.065044950046229,84,76,0.9919349550499538,9,8
83,68,68.0,dn5,2,pkg60,73.0,81.0,90,8.065044950046229,86,77,0.8942105026999628,9,9
83,71,71.0,dn4,2,pkg61,75.0,81.0,86,8.065044950046229,87,79,1.0,5,8
83,71,71.0,dn6,2,pkg62,77.0,85.0,93,8.065044950046229,95,83,1.0,8,12
83,77,77.0,dn2,1,pkg63,86.0,96.0,98,8.065044950046229,88.0,86.0,1.0,2,2.0
83,83,83.0,dn7,3,pkg64,88.0,94.0,97,8.065044950046229,91.0,88.0,1.0,3,3.0
83,83,83.0,dn8,3,pkg65,90.0,96.0,103,8.065044950046229,96.0,90.0,1.0,7,6.0
83,85,85.0,dn1,1,pkg66,91.0,97.0,100,8.065044950046229,94.0,91.0,1.0,3,3.0
83,85,85.0,dn3,1,pkg67,93.0,98.0,109,8.065044950046229,99.0,93.0,0.6793222358514858,11,6.0
83,92,92.0,dn4,2,pkg68,97.0,107.0,110,8.065044950046229,100.0,97.0,1.0,3,3.0
83,94,94.0,dn2,1,pkg69,99.0,109.0,116,8.065044950046229,104,99,1.0,7,5
83,95,95.0,dn6,2,pkg70,103.0,113.0,115,8.065044950046229,104.0,103.0,1.0,2,1.0
83,98,98.0,dn7,3,pkg71,107.0,113.0,120,8.065044950046229,115.0,107.0,1.0,7,8.0
83,99,99.0,dn5,2,pkg72,104.0,110.0,114,8.065044950046229,107.0,104.0,1.0,4,3.0
84,0,0.0,dn1,1,pkg4,5.0,11.0,17,8.065044950046229,12,6,1.0,6,6
84,0,0.0,dn3,1,pkg22,6.0,16.0,22,8.065044950046229,10.0,6.0,1.0,6,4.0
84,0,0.0,dn10,4,pkg1,6.0,16.0,22,8.065044950046229,16,8,1.0,6,8
84,0,0.0,dn11,4,pkg19,6.0,12.0,23,8.065044950046229,18,9,0.5910219106092702,11,9
84,0,0.0,dn12,4,pkg20,9.0,17.0,21,8.065044950046229,14.0,9.0,1.0,4,5.0
84,0,0.0,dn14,5,pkg14,5.0,15.0,21,8.065044950046229,14,7,1.0,6,7
84,0,0.0,dn15,5,pkg16,6.0,13.0,17,8.065044950046229,9.0,6.0,1.0,4,3.0
84,0,0.0,dn13,5,pkg3,7.0,13.0,15,8.065044950046229,9.0,7.0,1.0,2,2.0
84,0,0.0,dn2,1,pkg12,7.0,14.0,16,8.065044950046229,9.0,7.0,1.0,2,2.0
84,1,1.0,dn4,2,pkg18,5.0,10.0,13,8.065044950046229,7.0,5.0,1.0,3,2.0
84,1,1.0,dn5,2,pkg17,9.0,16.0,25,8.065044950046229,19,10,0.9919349550499538,9,9
84,1,1.0,dn6,2,pkg11,5.0,14.0,25,8.065044950046229,11,6,0.6793222358514858,11,5
84,1,1.0,dn7,3,pkg9,10.0,20.0,25,8.065044950046229,14.0,10.0,1.0,5,4.0
84,1,1.0,dn8,3,pkg5,9.0,19.0,26,8.065044950046229,13.0,9.0,1.0,7,4.0
84,1,1.0,dn9,3,pkg13,9.0,17.0,26,8.065044950046229,16.0,9.0,1.0,9,7.0
84,7,7.0,dn4,2,pkg8,7.0,13.0,16,8.065044950046229,15,11,1.0,3,4
84,9,9.0,dn2,1,pkg6,7.0,13.0,17,8.065044950046229,13,11,0.5,4,2
84,9,9.0,dn13,5,pkg10,9.0,18.0,24,8.065044950046229,19,14,0.9276480006968348,6,5
84,9,9.0,dn15,5,pkg26,12.0,18.0,24,8.065044950046229,23,16,0.9276480006968348,6,7
84,10,10.0,dn3,1,pkg21,7.0,13.0,19,8.065044950046229,22,16,0.07235199930316516,6,6
84,11,11.0,dn6,2,pkg23,7.0,17.0,26,8.065044950046229,23,17,0.18695048315002943,9,6
84,12,12.0,dn1,1,pkg27,22.0,31.0,37,8.065044950046229,29.0,22.0,1.0,6,7.0
84,13,13.0,dn2,1,pkg28,18.0,25.0,29,8.065044950046229,27,20,1.0,4,7
84,13,13.0,dn8,3,pkg24,9.0,18.0,20,8.065044950046229,17,15,1.0,2,2
84,14,14.0,dn7,3,pkg25,11.0,16.0,21,8.065044950046229,28,21,0.02666913052284453,5,7
84,14,14.0,dn12,4,pkg7,8.0,16.0,19,8.065044950046229,22,18,0.18695048315002943,3,4
84,14,14.0,dn14,5,pkg2,10.0,20.0,26,8.065044950046229,20,17,0.5,6,3
84,16,16.0,dn10,4,pkg29,25.0,31.0,42,8.065044950046229,29.0,25.0,0.8368717887665349,11,4.0
84,19,19.0,dn8,3,pkg30,23.0,31.0,36,8.065044950046229,29,24,1.0,5,5
84,22,22.0,dn4,2,pkg31,27.0,34.0,44,8.065044950046229,48,35,0.6964162111435814,10,13
84,22,22.0,dn9,3,pkg32,28.0,35.0,45,8.065044950046229,36,29,0.7855682414064981,10,7
84,23,23.0,dn6,2,pkg33,29.0,34.0,43,8.065044950046229,41,32,0.7169814111499796,9,9
84,28,28.0,dn7,3,pkg34,34.0,39.0,49,8.065044950046229,52,40,0.6000193206335656,10,12
84,28,28.0,dn5,2,pkg35,38.0,47.0,49,8.065044950046229,40.0,38.0,1.0,2,2.0
84,31,31.0,dn8,3,pkg36,36.0,45.0,49,8.065044950046229,41,36,1.0,4,5
84,33,33.0,dn13,5,pkg37,41.0,49.0,57,8.065044950046229,53,43,1.0,8,10
84,36,36.0,dn10,4,pkg38,41.0,46.0,51,8.065044950046229,46,41,1.0,5,5
84,38,38.0,dn9,3,pkg39,46.0,51.0,60,8.065044950046229,56,47,0.8942105026999628,9,9
84,40,40.0,dn14,5,pkg40,44.0,52.0,59,8.065044950046229,48,44,0.9987148696173,7,4
84,43,43.0,dn2,1,pkg42,53.0,59.0,66,8.065044950046229,62.0,53.0,1.0,7,9.0
84,43,43.0,dn5,2,pkg41,52.0,57.0,62,8.065044950046229,58.0,52.0,1.0,5,6.0
84,45,45.0,dn6,2,pkg44,50.0,58.0,60,8.065044950046229,52.0,50.0,1.0,2,2.0
84,45,45.0,dn12,4,pkg43,53.0,60.0,64,8.065044950046229,58.0,53.0,1.0,4,5.0
84,46,46.0,dn8,3,pkg45,52.0,61.0,67,8.065044950046229,57.0,52.0,1.0,6,5.0
84,49,49.0,dn1,1,pkg47,57.0,62.0,68,8.065044950046229,69,59,1.0,6,10
84,49,49.0,dn3,1,pkg48,59.0,67.0,75,8.065044950046229,68.0,59.0,1.0,8,9.0
84,49,49.0,dn4,2,pkg46,53.0,58.0,66,8.065044950046229,57,53,0.6245996472618536,8,4
84,55,55.0,dn13,5,pkg50,60.0,70.0,76,8.065044950046229,67,61,1.0,6,6
84,62,62.0,dn2,1,pkg51,72.0,81.0,85,8.065044950046229,78.0,72.0,1.0,4,6.0
84,65,65.0,dn10,4,pkg52,74.0,82.0,90,8.065044950046229,87,76,1.0,8,11
84,68,68.0,dn3,1,pkg53,78.0,87.0,88,8.065044950046229,79.0,78.0,1.0,1,1.0
84,71,71.0,dn4,2,pkg54,79.0,86.0,90,8.065044950046229,83.0,79.0,1.0,4,4.0
84,73,73.0,dn1,1,pkg55,77.0,83.0,89,8.065044950046229,85,79,0.9919349550499538,6,6
84,77,77.0,dn11,4,pkg56,83.0,89.0,96,8.065044950046229,95,86,0.9987148696173,7,9
84,79,79.0,dn5,2,pkg57,88.0,95.0,104,8.065044950046229,96.0,88.0,1.0,9,8.0
84,80,80.0,dn7,3,pkg58,89.0,97.0,100,8.065044950046229,92.0,89.0,1.0,3,3.0
84,82,82.0,dn12,4,pkg59,88.0,96.0,101,8.065044950046229,98,90,1.0,5,8
84,86,86.0,dn1,1,pkg60,94.0,104.0,111,8.065044950046229,100.0,94.0,1.0,7,6.0
84,91,91.0,dn4,2,pkg61,97.0,106.0,113,8.065044950046229,111,101,1.0,7,10
84,92,92.0,dn2,1,pkg63,98.0,104.0,110,8.065044950046229,102.0,98.0,1.0,6,4.0
84,92,92.0,dn3,1,pkg62,100.0,106.0,112,8.065044950046229,105.0,100.0,1.0,6,5.0
84,98,98.0,dn13,5,pkg64,106.0,111.0,121,8.065044950046229,118,108,0.7855682414064981,10,10
84,98,98.0,dn14,5,pkg65,108.0,114.0,124,8.065044950046229,112.0,108.0,0.9733308694771554,10,4.0
85,0,0.0,dn13,5,pkg19,5.0,11.0,20,8.065044950046229,16,8,0.7169814111499796,9,8
85,0,0.0,dn14,5,pkg20,5.0,11.0,21,8.065044950046229,9.0,5.0,0.6000193206335656,10,4.0
85,2,2.0,dn3,1,pkg18,10.0,15.0,24,8.065044950046229,20,11,0.8942105026999628,9,9
85,2,2.0,dn4,2,pkg3,5.0,12.0,17,8.065044950046229,10,6,1.0,5,4
85,2,2.0,dn5,2,pkg2,5.0,14.0,22,8.065044950046229,20,11,0.9276480006968348,8,9
85,2,2.0,dn6,2,pkg9,9.0,16.0,26,8.065044950046229,28,15,0.8638529812987656,10,13
85,2,2.0,dn7,3,pkg17,5.0,13.0,19,8.065044950046229,12,7,1.0,6,5
85,2,2.0,dn8,3,pkg7,8.0,18.0,25,8.065044950046229,26,14,1.0,7,12
85,2,2.0,dn10,4,pkg5,5.0,14.0,16,8.065044950046229,7.0,5.0,1.0,2,2.0
85,2,2.0,dn11,4,pkg8,6.0,16.0,19,8.065044950046229,8.0,6.0,1.0,3,2.0
85,2,2.0,dn12,4,pkg4,7.0,16.0,20,8.065044950046229,11.0,7.0,1.0,4,4.0
85,2,2.0,dn15,5,pkg22,6.0,11.0,15,8.065044950046229,12,7,1.0,4,5
85,2,2.0,dn9,3,pkg1,7.0,16.0,18,8.065044950046229,8.0,7.0,1.0,2,1.0
85,2,2.0,dn2,1,pkg10,6.0,14.0,21,8.065044950046229,24,13,0.9987148696173,7,11
85,2,2.0,dn1,1,pkg12,7.0,13.0,19,8.065044950046229,18,10,1.0,6,8
85,7,7.0,dn10,4,pkg15,8.0,17.0,25,8.065044950046229,31,19,0.742124235688649,8,12
85,8,8.0,dn9,3,pkg13,8.0,18.0,20,8.065044950046229,10,9,1.0,2,1
85,8,8.0,dn11,4,pkg23,9.0,17.0,27,8.065044950046229,38,23,0.39998067936643444,10,15
85,9,9.0,dn14,5,pkg24,15.0,21.0,31,8.065044950046229,41,25,0.6964162111435814,10,16
85,10,10.0,dn9,3,pkg25,19.0,24.0,32,8.065044950046229,24.0,19.0,1.0,8,5.0
85,10,10.0,dn4,2,pkg14,7.0,15.0,23,8.065044950046229,34,22,0.15450129355467118,8,12
85,11,11.0,dn12,4,pkg26,18.0,26.0,33,8.065044950046229,21.0,18.0,1.0,7,3.0
85,12,12.0,dn7,3,pkg27,19.0,27.0,34,8.065044950046229,28,20,1.0,7,8
85,12,12.0,dn15,5,pkg11,10.0,16.0,25,8.065044950046229,26,19,0.044504671250042815,9,7
85,16,16.0,dn13,5,pkg28,24.0,31.0,39,8.065044950046229,34,25,1.0,8,9
85,18,18.0,dn1,1,pkg30,22.0,29.0,38,8.065044950046229,36,27,0.7169814111499796,9,9
85,20,20.0,dn5,2,pkg29,24.0,29.0,40,8.065044950046229,44,32,0.32067776414851423,11,12
85,24,24.0,dn2,1,pkg31,32.0,40.0,45,8.065044950046229,36.0,32.0,1.0,5,4.0
85,26,26.0,dn12,4,pkg32,34.0,41.0,43,8.065044950046229,36.0,34.0,1.0,2,2.0
85,28,28.0,dn6,2,pkg33,36.0,44.0,53,8.065044950046229,42.0,36.0,1.0,9,6.0
85,30,30.0,dn7,3,pkg34,34.0,42.0,52,8.065044950046229,48,39,0.6964162111435814,10,9
85,31,31.0,dn3,1,pkg36,37.0,45.0,49,8.065044950046229,42.0,37.0,1.0,4,5.0
85,31,31.0,dn15,5,pkg35,40.0,49.0,59,8.065044950046229,49,40,1.0,10,9
85,32,32.0,dn8,3,pkg37,39.0,49.0,57,8.065044950046229,46,39,1.0,8,7
85,34,34.0,dn4,2,pkg38,43.0,53.0,62,8.065044950046229,52,43,1.0,9,9
85,36,36.0,dn1,1,pkg39,42.0,51.0,56,8.065044950046229,45.0,42.0,1.0,5,3.0
85,42,42.0,dn10,4,pkg41,46.0,55.0,63,8.065044950046229,60,51,0.981497059608109,8,9
85,43,43.0,dn6,2,pkg42,51.0,58.0,63,8.065044950046229,55.0,51.0,1.0,5,4.0
85,44,44.0,dn5,2,pkg40,47.0,55.0,63,8.065044950046229,60,52,0.8454987064453288,8,8
85,45,45.0,dn11,4,pkg43,49.0,56.0,61,8.065044950046229,52.0,49.0,1.0,5,3.0
85,46,46.0,dn1,1,pkg44,55.0,60.0,65,8.065044950046229,60.0,55.0,1.0,5,5.0
85,47,47.0,dn12,4,pkg45,53.0,62.0,68,8.065044950046229,61,54,1.0,6,7
85,48,48.0,dn7,3,pkg46,57.0,65.0,74,8.065044950046229,76,62,1.0,9,14
85,49,49.0,dn2,1,pkg47,57.0,62.0,67,8.065044950046229,63.0,57.0,1.0,5,6.0
85,52,52.0,dn3,1,pkg48,61.0,66.0,73,8.065044950046229,64.0,61.0,1.0,7,3.0
85,55,55.0,dn8,3,pkg49,61.0,67.0,68,8.065044950046229,62.0,61.0,1.0,1,1.0
85,56,56.0,dn11,4,pkg50,60.0,69.0,79,8.065044950046229,64,60,0.7855682414064981,10,4
85,60,60.0,dn5,2,pkg52,70.0,79.0,89,8.065044950046229,76.0,70.0,1.0,10,6.0
85,60,60.0,dn13,5,pkg51,67.0,72.0,81,8.065044950046229,74,67,0.8130495168499705,9,7
85,63,63.0,dn8,3,pkg53,68.0,77.0,79,8.065044950046229,69.0,68.0,1.0,2,1.0
85,64,64.0,dn3,1,pkg54,71.0,76.0,87,8.065044950046229,92,78,0.5910219106092702,11,14
85,68,68.0,dn1,1,pkg55,75.0,83.0,89,8.065044950046229,84,76,1.0,6,8
85,69,69.0,dn4,2,pkg56,76.0,81.0,89,8.065044950046229,82.0,76.0,0.9276480006968348,8,6.0
85,69,69.0,dn6,2,pkg57,78.0,83.0,87,8.065044950046229,81.0,78.0,1.0,4,3.0
85,73,73.0,dn10,4,pkg58,82.0,92.0,99,8.065044950046229,89.0,82.0,1.0,7,7.0
85,75,75.0,dn11,4,pkg59,80.0,89.0,95,8.065044950046229,85,80,1.0,6,5
85,75,75.0,dn2,1,pkg60,84.0,90.0,96,8.065044950046229,89.0,84.0,1.0,6,5.0
85,78,78.0,dn12,4,pkg61,85.0,90.0,93,8.065044950046229,87.0,85.0,1.0,3,2.0
85,78,78.0,dn5,2,pkg62,88.0,93.0,101,8.065044950046229,94.0,88.0,1.0,8,6.0
85,81,81.0,dn6,2,pkg63,88.0,98.0,104,8.065044950046229,95,88,1.0,6,7
85,84,84.0,dn1,1,pkg65,93.0,98.0,109,8.065044950046229,106,95,0.7621793903595921,11,11
85,84,84.0,dn4,2,pkg64,92.0,100.0,109,8.065044950046229,97.0,92.0,1.0,9,5.0
85,93,93.0,dn7,3,pkg67,97.0,107.0,111,8.065044950046229,101,97,1.0,4,4
85,94,94.0,dn5,2,pkg66,96.0,102.0,106,8.065044950046229,104,99,1.0,4,5
85,95,95.0,dn6,2,pkg69,100.0,110.0,115,8.065044950046229,105,100,1.0,5,5
85,95,95.0,dn8,3,pkg68,99.0,107.0,109,8.065044950046229,102.0,99.0,1.0,2,3.0
86,0,0.0,dn10,4,pkg9,5.0,12.0,22,8.065044950046229,32,16,0.6964162111435814,10,16
86,0,0.0,dn11,4,pkg6,7.0,16.0,24,8.065044950046229,18,9,1.0,8,9
86,0,0.0,dn12,4,pkg20,8.0,13.0,23,8.065044950046229,16,8,0.7855682414064981,10,8
86,1,1.0,dn1,1,pkg22,7.0,17.0,22,8.065044950046229,12.0,7.0,1.0,5,5.0
86,1,1.0,dn2,1,pkg12,6.0,16.0,23,8.065044950046229,21,11,1.0,7,10
86,1,1.0,dn3,1,pkg10,9.0,18.0,26,8.065044950046229,15.0,9.0,1.0,8,6.0
86,1,1.0,dn4,2,pkg5,5.0,11.0,18,8.065044950046229,11,6,0.8837170879173109,7,5
86,1,1.0,dn5,2,pkg4,9.0,14.0,21,8.065044950046229,11.0,9.0,1.0,7,2.0
86,1,1.0,dn6,2,pkg21,7.0,15.0,21,8.065044950046229,21,11,1.0,6,10
86,1,1.0,dn8,3,pkg7,5.0,12.0,18,8.065044950046229,13,7,1.0,6,6
86,1,1.0,dn9,3,pkg14,5.0,12.0,18,8.065044950046229,17,9,1.0,6,8
86,1,1.0,dn13,5,pkg17,5.0,11.0,14,8.065044950046229,6.0,5.0,1.0,3,1.0
86,1,1.0,dn15,5,pkg1,5.0,10.0,20,8.065044950046229,29,15,0.39998067936643444,10,14
86,1,1.0,dn7,3,pkg2,10.0,16.0,20,8.065044950046229,16.0,10.0,1.0,4,6.0
86,1,1.0,dn14,5,pkg13,6.0,11.0,16,8.065044950046229,15,8,1.0,5,7
86,6,6.0,dn13,5,pkg23,12.0,22.0,28,8.065044950046229,20,13,1.0,6,7
86,11,11.0,dn4,2,pkg30,16.0,22.0,29,8.065044950046229,27,19,0.9623380203040381,7,8
86,11,11.0,dn5,2,pkg27,17.0,27.0,35,8.065044950046229,29,20,1.0,8,9
86,12,12.0,dn1,1,pkg19,6.0,13.0,15,8.065044950046229,14,13,0.07235199930316516,2,1
86,13,13.0,dn8,3,pkg32,23.0,30.0,32,8.065044950046229,26.0,23.0,1.0,2,3.0
86,14,14.0,dn1,1,pkg25,15.0,23.0,28,8.065044950046229,24,19,1.0,5,5
86,15,15.0,dn3,1,pkg26,16.0,23.0,28,8.065044950046229,23,19,0.9733308694771554,5,4
86,15,15.0,dn14,5,pkg28,18.0,23.0,33,8.065044950046229,37,26,0.3035837888564185,10,11
86,16,16.0,dn7,3,pkg31,22.0,27.0,36,8.065044950046229,34,25,0.7169814111499796,9,9
86,16,16.0,dn12,4,pkg15,9.0,19.0,22,8.065044950046229,24,20,0.5,3,4
86,17,17.0,dn9,3,pkg33,26.0,33.0,41,8.065044950046229,29.0,26.0,1.0,8,3.0
86,18,18.0,dn11,4,pkg29,16.0,25.0,28,8.065044950046229,26,22,1.0,3,4
86,21,21.0,dn2,1,pkg34,29.0,36.0,47,8.065044950046229,47,34,0.8368717887665349,11,13
86,23,23.0,dn6,2,pkg35,28.0,33.0,41,8.065044950046229,41,32,0.742124235688649,8,9
86,24,24.0,dn13,5,pkg36,33.0,38.0,44,8.065044950046229,39.0,33.0,1.0,6,6.0
86,26,26.0,dn1,1,pkg37,34.0,44.0,55,8.065044950046229,48,37,0.9847445937098342,11,11
86,26,26.0,dn8,3,pkg38,32.0,42.0,50,8.065044950046229,50,38,1.0,8,12
86,31,31.0,dn4,2,pkg40,36.0,42.0,50,8.065044950046229,51,41,0.8454987064453288,8,10
86,31,31.0,dn5,2,pkg39,39.0,45.0,50,8.065044950046229,42.0,39.0,1.0,5,3.0
86,33,33.0,dn9,3,pkg41,38.0,44.0,48,8.065044950046229,42.0,38.0,1.0,4,4.0
86,34,34.0,dn7,3,pkg43,41.0,46.0,57,8.065044950046229,62,48,0.5910219106092702,11,14
86,34,34.0,dn10,4,pkg42,38.0,43.0,47,8.065044950046229,44,39,1.0,4,5
86,36,36.0,dn3,1,pkg44,44.0,53.0,59,8.065044950046229,50.0,44.0,1.0,6,6.0
86,39,39.0,dn13,5,pkg46,46.0,55.0,66,8.065044950046229,61,50,0.9006778457052591,11,11
86,41,41.0,dn6,2,pkg45,46.0,51.0,53,8.065044950046229,47.0,46.0,1.0,2,1.0
86,42,42.0,dn5,2,pkg47,49.0,59.0,65,8.065044950046229,55.0,49.0,1.0,6,6.0
86,44,44.0,dn14,5,pkg48,51.0,61.0,70,8.065044950046229,58,51,1.0,9,7
86,47,47.0,dn2,1,pkg49,53.0,63.0,67,8.065044950046229,57.0,53.0,1.0,4,4.0
86,48,48.0,dn10,4,pkg50,58.0,63.0,67,8.065044950046229,60.0,58.0,1.0,4,2.0
86,51,51.0,dn4,2,pkg51,58.0,67.0,76,8.065044950046229,75,63,1.0,9,12
86,58,58.0,dn9,3,pkg53,64.0,73.0,84,8.065044950046229,94,76,0.8368717887665349,11,18
86,58,58.0,dn14,5,pkg52,62.0,71.0,75,8.065044950046229,65.0,62.0,1.0,4,3.0
86,60,60.0,dn10,4,pkg54,67.0,74.0,80,8.065044950046229,74,67,1.0,6,7
86,61,61.0,dn5,2,pkg55,71.0,81.0,92,8.065044950046229,80.0,71.0,1.0,11,9.0
86,62,62.0,dn11,4,pkg56,67.0,77.0,83,8.065044950046229,78,70,1.0,6,8
86,67,67.0,dn1,1,pkg57,72.0,78.0,86,8.065044950046229,91,79,0.8454987064453288,8,12
86,72,72.0,dn7,3,pkg58,78.0,84.0,89,8.065044950046229,83.0,78.0,1.0,5,5.0
86,77,77.0,dn2,1,pkg59,86.0,92.0,99,8.065044950046229,95,86,1.0,7,9
86,77,77.0,dn6,2,pkg60,87.0,96.0,101,8.065044950046229,94.0,87.0,1.0,5,7.0
86,82,82.0,dn4,2,pkg61,90.0,96.0,98,8.065044950046229,93.0,90.0,1.0,2,3.0
86,84,84.0,dn7,3,pkg62,88.0,96.0,102,8.065044950046229,98,91,1.0,6,7
86,87,87.0,dn3,1,pkg63,95.0,103.0,109,8.065044950046229,103,95,1.0,6,8
86,88,88.0,dn8,3,pkg64,95.0,102.0,113,8.065044950046229,106,97,0.7621793903595921,11,9
86,88,88.0,dn5,2,pkg65,98.0,105.0,112,8.065044950046229,110,99,1.0,7,11
86,89,89.0,dn10,4,pkg66,99.0,105.0,111,8.065044950046229,105.0,99.0,1.0,6,6.0
86,98,98.0,dn4,2,pkg67,104.0,112.0,115,8.065044950046229,108.0,104.0,1.0,3,4.0
86,98,98.0,dn6,2,pkg68,105.0,110.0,119,8.065044950046229,109.0,105.0,0.8130495168499705,9,4.0
87,0,0.0,dn7,3,pkg18,5.0,10.0,19,8.065044950046229,20,10,0.6109752255499895,9,10
87,0,0.0,dn8,3,pkg3,5.0,10.0,21,8.065044950046229,28,14,0.4089780893907298,11,14
87,0,0.0,dn15,5,pkg22,6.0,12.0,16,8.065044950046229,12,6,1.0,4,6
87,0,0.0,dn13,5,pkg8,6.0,14.0,18,8.065044950046229,11.0,6.0,1.0,4,5.0
87,0,0.0,dn14,5,pkg19,6.0,11.0,18,8.065044950046229,22,11,0.9623380203040381,7,11
87,2,2.0,dn1,1,pkg1,5.0,10.0,19,8.065044950046229,16,9,0.3890247744500105,9,7
87,2,2.0,dn2,1,pkg12,8.0,13.0,16,8.065044950046229,10.0,8.0,1.0,3,2.0
87,2,2.0,dn3,1,pkg7,9.0,17.0,21,8.065044950046229,13.0,9.0,1.0,4,4.0
87,2,2.0,dn9,3,pkg21,6.0,12.0,15,8.065044950046229,10,6,1.0,3,4
87,2,2.0,dn11,4,pkg20,7.0,16.0,24,8.065044950046229,18,10,1.0,8,8
87,2,2.0,dn10,4,pkg5,10.0,17.0,25,8.065044950046229,17.0,10.0,1.0,8,7.0
87,2,2.0,dn5,2,pkg2,8.0,18.0,23,8.065044950046229,14,8,1.0,5,6
87,6,6.0,dn4,2,pkg23,12.0,19.0,28,8.065044950046229,22,14,0.8942105026999628,9,8
87,6,6.0,dn6,2,pkg24,16.0,25.0,36,8.065044950046229,36,21,0.9995621140415759,11,15
87,10,10.0,dn2,1,pkg14,10.0,20.0,26,8.065044950046229,24,17,0.9919349550499538,6,7
87,10,10.0,dn9,3,pkg15,10.0,20.0,24,8.065044950046229,18,14,1.0,4,4
87,11,11.0,dn13,5,pkg25,13.0,20.0,24,8.065044950046229,19,15,1.0,4,4
87,12,12.0,dn12,4,pkg27,19.0,24.0,28,8.065044950046229,21.0,19.0,1.0,4,2.0
87,12,12.0,dn15,5,pkg16,6.0,16.0,21,8.065044950046229,22,17,0.3035837888564185,5,5
87,13,13.0,dn3,1,pkg26,19.0,26.0,35,8.065044950046229,22.0,19.0,0.8942105026999628,9,3.0
87,16,16.0,dn1,1,pkg9,8.0,17.0,27,8.065044950046229,40,28,0.0,10,12
87,16,16.0,dn5,2,pkg28,25.0,32.0,41,8.065044950046229,31.0,25.0,1.0,9,6.0
87,18,18.0,dn9,3,pkg29,26.0,34.0,39,8.065044950046229,33.0,26.0,1.0,5,7.0
87,20,20.0,dn10,4,pkg30,27.0,36.0,41,8.065044950046229,34,27,1.0,5,7
87,22,22.0,dn7,3,pkg31,27.0,32.0,34,8.065044950046229,28.0,27.0,1.0,2,1.0
87,28,28.0,dn8,3,pkg32,36.0,41.0,48,8.065044950046229,46,37,1.0,7,9
87,33,33.0,dn7,3,pkg33,39.0,44.0,48,8.065044950046229,43.0,39.0,1.0,4,4.0
87,33,33.0,dn9,3,pkg34,42.0,51.0,56,8.065044950046229,48.0,42.0,1.0,5,6.0
87,36,36.0,dn2,1,pkg35,45.0,55.0,56,8.065044950046229,46.0,45.0,1.0,1,1.0
87,36,36.0,dn6,2,pkg36,42.0,52.0,61,8.065044950046229,52,44,1.0,9,8
87,37,37.0,dn4,2,pkg37,45.0,54.0,65,8.065044950046229,51.0,45.0,0.9508759758087104,11,6.0
87,45,45.0,dn3,1,pkg39,50.0,59.0,67,8.065044950046229,63,54,1.0,8,9
87,45,45.0,dn13,5,pkg38,50.0,55.0,59,8.065044950046229,53.0,50.0,1.0,4,3.0
87,47,47.0,dn7,3,pkg40,52.0,61.0,65,8.065044950046229,56.0,52.0,1.0,4,4.0
87,49,49.0,dn8,3,pkg41,53.0,63.0,71,8.065044950046229,65,57,1.0,8,8
87,49,49.0,dn9,3,pkg42,58.0,67.0,78,8.065044950046229,67,58,0.9847445937098342,11,9
87,53,53.0,dn4,2,pkg44,59.0,65.0,72,8.065044950046229,71,62,0.9987148696173,7,9
87,53,53.0,dn5,2,pkg43,60.0,68.0,70,8.065044950046229,62.0,60.0,1.0,2,2.0
87,56,56.0,dn1,1,pkg45,62.0,72.0,78,8.065044950046229,74,65,1.0,6,9
87,56,56.0,dn11,4,pkg46,64.0,69.0,76,8.065044950046229,71.0,64.0,1.0,7,7.0
87,60,60.0,dn2,1,pkg47,67.0,75.0,78,8.065044950046229,70.0,67.0,1.0,3,3.0
87,64,64.0,dn7,3,pkg48,69.0,75.0,80,8.065044950046229,71.0,69.0,1.0,5,2.0
87,66,66.0,dn3,1,pkg49,74.0,80.0,87,8.065044950046229,80.0,74.0,1.0,7,6.0
87,68,68.0,dn10,4,pkg50,77.0,86.0,92,8.065044950046229,86,77,1.0,6,9
87,73,73.0,dn7,3,pkg51,81.0,86.0,90,8.065044950046229,83.0,81.0,1.0,4,2.0
87,75,75.0,dn1,1,pkg52,79.0,88.0,94,8.065044950046229,87,81,1.0,6,6
87,75,75.0,dn2,1,pkg53,81.0,88.0,94,8.065044950046229,91,83,1.0,6,8
87,78,78.0,dn11,4,pkg54,85.0,92.0,99,8.065044950046229,89.0,85.0,1.0,7,4.0
87,78,78.0,dn12,4,pkg55,88.0,96.0,102,8.065044950046229,93.0,88.0,1.0,6,5.0
87,80,80.0,dn3,1,pkg56,87.0,92.0,99,8.065044950046229,102,91,0.9987148696173,7,11
87,82,82.0,dn4,2,pkg57,91.0,100.0,110,8.065044950046229,98.0,91.0,1.0,10,7.0
87,83,83.0,dn13,5,pkg58,90.0,96.0,98,8.065044950046229,91.0,90.0,1.0,2,1.0
87,84,84.0,dn7,3,pkg60,93.0,101.0,110,8.065044950046229,102,93,1.0,9,9
87,87,87.0,dn10,4,pkg59,91.0,98.0,101,8.065044950046229,93.0,91.0,1.0,3,2.0
87,88,88.0,dn5,2,pkg61,92.0,101.0,111,8.065044950046229,106,97,0.7855682414064981,10,9
87,91,91.0,dn6,2,pkg62,96.0,104.0,110,8.065044950046229,103,97,1.0,6,6
87,93,93.0,dn8,3,pkg63,97.0,104.0,107,8.065044950046229,101,97,1.0,3,4
87,93,93.0,dn13,5,pkg64,100.0,107.0,114,8.065044950046229,106.0,100.0,1.0,7,6.0
87,94,94.0,dn1,1,pkg65,103.0,108.0,111,8.065044950046229,105.0,103.0,1.0,3,2.0
87,96,96.0,dn2,1,pkg66,102.0,111.0,119,8.065044950046229,114,105,1.0,8,9
87,99,99.0,dn10,4,pkg67,106.0,115.0,122,8.065044950046229,112.0,106.0,1.0,7,6.0
88,4,4.0,dn1,1,pkg7,8.0,18.0,25,8.065044950046229,22,13,1.0,7,9
88,4,4.0,dn2,1,pkg6,5.0,14.0,20,8.065044950046229,16,10,0.9919349550499538,6,6
88,4,4.0,dn3,1,pkg20,10.0,19.0,25,8.065044950046229,20,12,1.0,6,8
88,4,4.0,dn4,2,pkg22,7.0,17.0,21,8.065044950046229,9.0,7.0,1.0,4,2.0
88,4,4.0,dn5,2,pkg24,8.0,16.0,21,8.065044950046229,14,9,1.0,5,5
88,4,4.0,dn6,2,pkg13,8.0,18.0,23,8.065044950046229,12,8,1.0,5,4
88,4,4.0,dn7,3,pkg16,9.0,16.0,20,8.065044950046229,12.0,9.0,1.0,4,3.0
88,4,4.0,dn8,3,pkg12,7.0,17.0,22,8.065044950046229,20,12,1.0,5,8
88,4,4.0,dn11,4,pkg21,6.0,13.0,17,8.065044950046229,12,8,1.0,4,4
88,4,4.0,dn12,4,pkg10,6.0,16.0,21,8.065044950046229,12,8,1.0,5,4
88,4,4.0,dn13,5,pkg18,8.0,15.0,18,8.065044950046229,9.0,8.0,1.0,3,1.0
88,4,4.0,dn14,5,pkg1,8.0,18.0,24,8.065044950046229,14,9,1.0,6,5
88,4,4.0,dn15,5,pkg25,11.0,18.0,25,8.065044950046229,20,12,1.0,7,8
88,4,4.0,dn9,3,pkg14,9.0,18.0,24,8.065044950046229,12.0,9.0,1.0,6,3.0
88,4,4.0,dn10,4,pkg3,7.0,17.0,22,8.065044950046229,10,7,1.0,5,3
88,9,9.0,dn4,2,pkg17,8.0,18.0,25,8.065044950046229,19,14,0.7734130932254845,7,5
88,9,9.0,dn13,5,pkg11,5.0,11.0,18,8.065044950046229,19,14,0.001285130382700006,7,5
88,10,10.0,dn10,4,pkg28,16.0,26.0,33,8.065044950046229,28,19,1.0,7,9
88,12,12.0,dn6,2,pkg30,21.0,31.0,37,8.065044950046229,26.0,21.0,1.0,6,5.0
88,12,12.0,dn9,3,pkg26,15.0,24.0,35,8.065044950046229,34,23,0.5910219106092702,11,11
88,12,12.0,dn11,4,pkg23,11.0,18.0,23,8.065044950046229,24,18,0.6964162111435814,5,6
88,12,12.0,dn12,4,pkg2,7.0,15.0,23,8.065044950046229,36,24,0.018502940391891043,8,12
88,12,12.0,dn7,3,pkg27,16.0,22.0,27,8.065044950046229,26,19,1.0,5,7
88,14,14.0,dn5,2,pkg4,8.0,16.0,18,8.065044950046229,18,16,0.5,2,2
88,14,14.0,dn14,5,pkg31,20.0,25.0,33,8.065044950046229,30,22,0.8454987064453288,8,8
88,16,16.0,dn2,1,pkg33,22.0,31.0,42,8.065044950046229,30,23,0.8368717887665349,11,7
88,18,18.0,dn5,2,pkg32,24.0,29.0,39,8.065044950046229,38,28,0.6000193206335656,10,10
88,19,19.0,dn4,2,pkg29,13.0,20.0,22,8.065044950046229,23,21,0.07235199930316516,2,2
88,19,19.0,dn13,5,pkg34,23.0,30.0,35,8.065044950046229,26.0,23.0,1.0,5,3.0
88,20,20.0,dn3,1,pkg35,28.0,37.0,41,8.065044950046229,32.0,28.0,1.0,4,4.0
88,20,20.0,dn8,3,pkg36,29.0,39.0,47,8.065044950046229,38,29,1.0,8,9
88,22,22.0,dn15,5,pkg37,26.0,34.0,42,8.065044950046229,40,31,0.9276480006968348,8,9
88,23,23.0,dn4,2,pkg38,32.0,40.0,47,8.065044950046229,35.0,32.0,1.0,7,3.0
88,30,30.0,dn14,5,pkg39,35.0,42.0,50,8.065044950046229,48,39,0.9276480006968348,8,9
88,35,35.0,dn4,2,pkg40,44.0,51.0,62,8.065044950046229,55,45,0.9006778457052591,11,10
88,36,36.0,dn1,1,pkg41,42.0,51.0,57,8.065044950046229,48,42,1.0,6,6
88,38,38.0,dn5,2,pkg42,46.0,52.0,58,8.065044950046229,53.0,46.0,1.0,6,7.0
88,39,39.0,dn7,3,pkg43,47.0,53.0,62,8.065044950046229,63,51,0.9554953287499572,9,12
88,42,42.0,dn2,1,pkg44,48.0,56.0,58,8.065044950046229,49.0,48.0,1.0,2,1.0
88,42,42.0,dn13,5,pkg45,48.0,53.0,59,8.065044950046229,51.0,48.0,1.0,6,3.0
88,45,45.0,dn3,1,pkg46,53.0,63.0,72,8.065044950046229,65,55,1.0,9,10
88,47,47.0,dn6,2,pkg47,54.0,64.0,68,8.065044950046229,59.0,54.0,1.0,4,5.0
88,49,49.0,dn10,4,pkg48,57.0,65.0,68,8.065044950046229,59.0,57.0,1.0,3,2.0
88,55,55.0,dn8,3,pkg49,59.0,67.0,73,8.065044950046229,61.0,59.0,1.0,6,2.0
88,58,58.0,dn9,3,pkg50,62.0,70.0,74,8.065044950046229,64.0,62.0,1.0,4,2.0
88,62,62.0,dn4,2,pkg51,70.0,78.0,87,8.065044950046229,77.0,70.0,1.0,9,7.0
88,66,66.0,dn5,2,pkg52,74.0,84.0,91,8.065044950046229,79.0,74.0,1.0,7,5.0
88,66,66.0,dn7,3,pkg53,73.0,80.0,88,8.065044950046229,78.0,73.0,1.0,8,5.0
88,71,71.0,dn8,3,pkg54,78.0,87.0,89,8.065044950046229,79.0,78.0,1.0,2,1.0
88,78,78.0,dn7,3,pkg55,83.0,93.0,98,8.065044950046229,87.0,83.0,1.0,5,4.0
88,81,81.0,dn1,1,pkg56,90.0,99.0,109,8.065044950046229,109,95,1.0,10,14
88,83,83.0,dn4,2,pkg57,89.0,99.0,105,8.065044950046229,94.0,89.0,1.0,6,5.0
88,83,83.0,dn5,2,pkg58,92.0,101.0,110,8.065044950046229,109,96,1.0,9,13
88,89,89.0,dn7,3,pkg59,95.0,102.0,108,8.065044950046229,100.0,95.0,1.0,6,5.0
88,90,90.0,dn6,2,pkg60,95.0,104.0,111,8.065044950046229,106,98,1.0,7,8
88,94,94.0,dn2,1,pkg61,98.0,105.0,110,8.065044950046229,102,98,1.0,5,4
88,96,96.0,dn3,1,pkg62,101.0,111.0,118,8.065044950046229,120,108,1.0,7,12
89,0,0.0,dn1,1,pkg19,10.0,16.0,22,8.065044950046229,15.0,10.0,1.0,6,5.0
89,0,0.0,dn2,1,pkg21,8.0,16.0,22,8.065044950046229,12.0,8.0,1.0,6,4.0
89,0,0.0,dn10,4,pkg13,5.0,12.0,20,8.065044950046229,18,9,0.9276480006968348,8,9
89,0,0.0,dn11,4,pkg8,10.0,20.0,25,8.065044950046229,18.0,10.0,1.0,5,8.0
89,0,0.0,dn12,4,pkg16,5.0,12.0,23,8.065044950046229,26,13,0.5910219106092702,11,13
89,0,0.0,dn13,5,pkg3,9.0,17.0,26,8.065044950046229,16.0,9.0,1.0,9,7.0
89,0,0.0,dn15,5,pkg6,6.0,15.0,23,8.065044950046229,22,11,1.0,8,11
89,0,0.0,dn14,5,pkg12,8.0,17.0,20,8.065044950046229,10.0,8.0,1.0,3,2.0
89,0,0.0,dn3,1,pkg17,5.0,14.0,23,8.065044950046229,16,8,0.9554953287499572,9,8
89,1,1.0,dn4,2,pkg2,5.0,12.0,19,8.065044950046229,11,6,0.9623380203040381,7,5
89,1,1.0,dn5,2,pkg15,6.0,16.0,20,8.065044950046229,11,6,1.0,4,5
89,1,1.0,dn6,2,pkg5,6.0,15.0,22,8.065044950046229,9.0,6.0,1.0,7,3.0
89,1,1.0,dn7,3,pkg22,8.0,13.0,24,8.065044950046229,25,13,0.5910219106092702,11,12
89,3,3.0,dn8,3,pkg24,12.0,17.0,22,8.065044950046229,16.0,12.0,1.0,5,4.0
89,8,8.0,dn9,3,pkg27,13.0,20.0,28,8.065044950046229,20,14,0.9276480006968348,8,6
89,9,9.0,dn6,2,pkg7,6.0,12.0,22,8.065044950046229,25,17,0.002720842483821817,10,8
89,11,11.0,dn4,2,pkg10,8.0,14.0,18,8.065044950046229,19,15,0.2578757643113509,4,4
89,11,11.0,dn5,2,pkg18,9.0,15.0,21,8.065044950046229,21,16,0.18695048315002943,6,5
89,12,12.0,dn14,5,pkg29,19.0,25.0,31,8.065044950046229,25.0,19.0,1.0,6,6.0
89,12,12.0,dn2,1,pkg4,9.0,16.0,21,8.065044950046229,22,17,0.3035837888564185,5,5
89,15,15.0,dn1,1,pkg11,9.0,16.0,27,8.065044950046229,41,28,0.0,11,13
89,16,16.0,dn3,1,pkg31,21.0,29.0,34,8.065044950046229,25.0,21.0,1.0,5,4.0
89,16,16.0,dn8,3,pkg32,23.0,31.0,41,8.065044950046229,30,23,0.9276480006968348,10,7
89,18,18.0,dn10,4,pkg33,27.0,35.0,46,8.065044950046229,50,34,0.9508759758087104,11,16
89,18,18.0,dn11,4,pkg26,13.0,22.0,26,8.065044950046229,26,22,0.5,4,4
89,19,19.0,dn4,2,pkg34,28.0,34.0,43,8.065044950046229,39,29,0.9919349550499538,9,10
89,20,20.0,dn9,3,pkg28,18.0,27.0,37,8.065044950046229,34,27,0.21443175859350194,10,7
89,21,21.0,dn5,2,pkg36,26.0,35.0,45,8.065044950046229,39,30,0.8638529812987656,10,9
89,22,22.0,dn15,5,pkg37,32.0,38.0,41,8.065044950046229,34.0,32.0,1.0,3,2.0
89,22,22.0,dn2,1,pkg30,22.0,29.0,36,8.065044950046229,30,26,0.5,7,4
89,25,25.0,dn3,1,pkg38,29.0,34.0,43,8.065044950046229,51,38,0.5,9,13
89,25,25.0,dn6,2,pkg35,28.0,34.0,37,8.065044950046229,33,29,1.0,3,4
89,28,28.0,dn11,4,pkg39,35.0,42.0,53,8.065044950046229,40.0,35.0,0.7621793903595921,11,5.0
89,30,30.0,dn2,1,pkg40,38.0,46.0,52,8.065044950046229,43.0,38.0,1.0,6,5.0
89,36,36.0,dn7,3,pkg41,42.0,52.0,61,8.065044950046229,50,43,1.0,9,7
89,39,39.0,dn4,2,pkg42,44.0,53.0,64,8.065044950046229,67,53,0.7621793903595921,11,14
89,43,43.0,dn1,1,pkg43,49.0,54.0,58,8.065044950046229,52.0,49.0,1.0,4,3.0
89,45,45.0,dn5,2,pkg44,53.0,60.0,69,8.065044950046229,75,60,0.9919349550499538,9,15
89,47,47.0,dn8,3,pkg45,55.0,65.0,73,8.065044950046229,67,57,1.0,8,10
89,47,47.0,dn9,3,pkg46,57.0,66.0,75,8.065044950046229,62.0,57.0,1.0,9,5.0
89,51,51.0,dn3,1,pkg47,58.0,68.0,75,8.065044950046229,67,59,1.0,7,8
89,52,52.0,dn2,1,pkg48,62.0,68.0,74,8.065044950046229,69.0,62.0,1.0,6,7.0
89,53,53.0,dn7,3,pkg49,62.0,68.0,71,8.065044950046229,65.0,62.0,1.0,3,3.0
89,54,54.0,dn13,5,pkg50,61.0,71.0,73,8.065044950046229,62.0,61.0,1.0,2,1.0
89,55,55.0,dn1,1,pkg51,63.0,71.0,77,8.065044950046229,70.0,63.0,1.0,6,7.0
89,58,58.0,dn6,2,pkg53,66.0,76.0,79,8.065044950046229,71.0,66.0,1.0,3,5.0
89,58,58.0,dn10,4,pkg52,66.0,75.0,81,8.065044950046229,76,67,1.0,6,9
89,61,61.0,dn14,5,pkg55,67.0,76.0,82,8.065044950046229,75,68,1.0,6,7
89,62,62.0,dn9,3,pkg54,64.0,73.0,80,8.065044950046229,78,70,0.9623380203040381,7,8
89,62,62.0,dn11,4,pkg56,68.0,74.0,82,8.065044950046229,82,72,0.9276480006968348,8,10
89,65,65.0,dn12,4,pkg57,72.0,81.0,89,8.065044950046229,87,76,1.0,8,11
89,67,67.0,dn3,1,pkg59,74.0,80.0,89,8.065044950046229,93,80,0.8942105026999628,9,13
89,67,67.0,dn4,2,pkg58,72.0,82.0,85,8.065044950046229,74.0,72.0,1.0,3,2.0
89,68,68.0,dn7,3,pkg60,73.0,79.0,88,8.065044950046229,90,79,0.7169814111499796,9,11
89,70,70.0,dn1,1,pkg62,79.0,84.0,90,8.065044950046229,85.0,79.0,1.0,6,6.0
89,72,72.0,dn6,2,pkg61,78.0,84.0,87,8.065044950046229,80.0,78.0,1.0,3,2.0
89,74,74.0,dn4,2,pkg63,78.0,87.0,94,8.065044950046229,84,79,1.0,7,5
89,74,74.0,dn8,3,pkg64,80.0,90.0,98,8.065044950046229,86,80,1.0,8,6
89,74,74.0,dn15,5,pkg65,83.0,90.0,98,8.065044950046229,92,83,1.0,8,9
89,75,75.0,dn14,5,pkg66,85.0,93.0,100,8.065044950046229,92.0,85.0,1.0,7,7.0
89,76,76.0,dn10,4,pkg67,84.0,90.0,98,8.065044950046229,98,87,1.0,8,11
89,78,78.0,dn9,3,pkg68,84.0,90.0,99,8.065044950046229,90,84,0.8130495168499705,9,6
89,81,81.0,dn13,5,pkg69,85.0,92.0,93,8.065044950046229,86.0,85.0,1.0,1,1.0
89,82,82.0,dn11,4,pkg70,92.0,97.0,106,8.065044950046229,99.0,92.0,0.9919349550499538,9,7.0
89,84,84.0,dn4,2,pkg71,89.0,99.0,104,8.065044950046229,100,92,1.0,5,8
89,87,87.0,dn8,3,pkg72,90.0,99.0,100,8.065044950046229,90.0,90.0,1.0,1,0.0
89,87,87.0,dn13,5,pkg73,94.0,102.0,111,8.065044950046229,107,97,0.9919349550499538,9,10
89,89,89.0,dn5,2,pkg74,96.0,102.0,107,8.065044950046229,99.0,96.0,1.0,5,3.0
89,93,93.0,dn1,1,pkg76,98.0,104.0,110,8.065044950046229,107,100,1.0,6,7
89,93,93.0,dn2,1,pkg75,102.0,107.0,111,8.065044950046229,107.0,102.0,1.0,4,5.0
89,94,94.0,dn14,5,pkg77,100.0,110.0,116,8.065044950046229,112,103,1.0,6,9
89,98,98.0,dn10,4,pkg78,103.0,109.0,119,8.065044950046229,116,107,0.6000193206335656,10,9
90,0,0.0,dn10,4,pkg1,6.0,13.0,17,8.065044950046229,11.0,6.0,1.0,4,5.0
90,0,0.0,dn11,4,pkg4,6.0,16.0,21,8.065044950046229,12,6,1.0,5,6
90,0,0.0,dn13,5,pkg19,10.0,18.0,24,8.065044950046229,18.0,10.0,1.0,6,8.0
90,0,0.0,dn14,5,pkg3,5.0,12.0,21,8.065044950046229,12,6,0.8130495168499705,9,6
90,1,1.0,dn1,1,pkg9,8.0,15.0,20,8.065044950046229,13.0,8.0,1.0,5,5.0
90,1,1.0,dn2,1,pkg7,9.0,16.0,21,8.065044950046229,14.0,9.0,1.0,5,5.0
90,1,1.0,dn3,1,pkg2,10.0,18.0,23,8.065044950046229,17.0,10.0,1.0,5,7.0
90,1,1.0,dn4,2,pkg20,6.0,15.0,19,8.065044950046229,15,8,1.0,4,7
90,1,1.0,dn5,2,pkg22,6.0,15.0,19,8.065044950046229,13,7,1.0,4,6
90,1,1.0,dn7,3,pkg6,7.0,14.0,19,8.065044950046229,12.0,7.0,1.0,5,5.0
90,1,1.0,dn8,3,pkg16,5.0,11.0,18,8.065044950046229,15,8,0.8837170879173109,7,7
90,1,1.0,dn12,4,pkg15,7.0,12.0,16,8.065044950046229,11.0,7.0,1.0,4,4.0
90,1,1.0,dn15,5,pkg17,6.0,11.0,14,8.065044950046229,7.0,6.0,1.0,3,1.0
90,1,1.0,dn6,2,pkg11,9.0,19.0,27,8.065044950046229,17,9,1.0,8,8
90,1,1.0,dn9,3,pkg8,8.0,15.0,24,8.065044950046229,25,13,0.9554953287499572,9,12
90,7,7.0,dn15,5,pkg5,7.0,13.0,20,8.065044950046229,15,11,0.35801294300307457,7,4
90,11,11.0,dn10,4,pkg26,18.0,24.0,31,8.065044950046229,35,23,1.0,7,12
90,11,11.0,dn12,4,pkg14,10.0,18.0,25,8.065044950046229,25,18,0.5,7,7
90,12,12.0,dn7,3,pkg21,10.0,15.0,21,8.065044950046229,24,18,0.07235199930316516,6,6
90,12,12.0,dn11,4,pkg25,13.0,19.0,29,8.065044950046229,34,23,0.21443175859350194,10,11
90,12,12.0,dn14,5,pkg10,9.0,14.0,25,8.065044950046229,26,19,0.0,11,7
90,13,13.0,dn1,1,pkg13,9.0,16.0,22,8.065044950046229,27,20,0.07235199930316516,6,7
90,13,13.0,dn5,2,pkg27,17.0,27.0,37,8.065044950046229,23,18,0.8638529812987656,10,5
90,14,14.0,dn2,1,pkg18,10.0,15.0,21,8.065044950046229,22,18,0.0,6,4
90,15,15.0,dn4,2,pkg24,10.0,19.0,29,8.065044950046229,41,28,0.02666913052284453,10,13
90,15,15.0,dn8,3,pkg28,20.0,27.0,38,8.065044950046229,25,20,0.5910219106092702,11,5
90,15,15.0,dn15,5,pkg12,10.0,18.0,20,8.065044950046229,19,17,0.9276480006968348,2,2
90,17,17.0,dn3,1,pkg29,17.0,24.0,28,8.065044950046229,23,20,1.0,4,3
90,19,19.0,dn6,2,pkg30,23.0,32.0,33,8.065044950046229,24.0,23.0,1.0,1,1.0
90,22,22.0,dn2,1,pkg31,27.0,35.0,44,8.065044950046229,38,30,0.8942105026999628,9,8
90,23,23.0,dn5,2,pkg32,29.0,35.0,41,8.065044950046229,33.0,29.0,1.0,6,4.0
90,25,25.0,dn8,3,pkg33,32.0,39.0,47,8.065044950046229,45,35,1.0,8,10
90,29,29.0,dn6,2,pkg35,34.0,41.0,50,8.065044950046229,47,38,0.8130495168499705,9,9
90,29,29.0,dn7,3,pkg34,35.0,42.0,53,8.065044950046229,59,44,0.6793222358514858,11,15
90,32,32.0,dn1,1,pkg36,40.0,49.0,57,8.065044950046229,47.0,40.0,1.0,8,7.0
90,37,37.0,dn13,5,pkg37,46.0,52.0,55,8.065044950046229,49.0,46.0,1.0,3,3.0
90,40,40.0,dn2,1,pkg39,47.0,55.0,60,8.065044950046229,50.0,47.0,1.0,5,3.0
90,40,40.0,dn3,1,pkg38,48.0,54.0,59,8.065044950046229,55.0,48.0,1.0,5,7.0
90,41,41.0,dn4,2,pkg40,49.0,55.0,66,8.065044950046229,56.0,49.0,0.7621793903595921,11,7.0
90,43,43.0,dn9,3,pkg41,52.0,59.0,64,8.065044950046229,58.0,52.0,1.0,5,6.0
90,45,45.0,dn14,5,pkg42,49.0,57.0,63,8.065044950046229,61,53,1.0,6,8
90,49,49.0,dn5,2,pkg43,55.0,62.0,69,8.065044950046229,57.0,55.0,1.0,7,2.0
90,54,54.0,dn6,2,pkg45,60.0,65.0,71,8.065044950046229,70,62,1.0,6,8
90,54,54.0,dn13,5,pkg44,61.0,70.0,80,8.065044950046229,76,65,0.9733308694771554,10,11
90,56,56.0,dn4,2,pkg46,61.0,69.0,75,8.065044950046229,68,62,1.0,6,6
90,56,56.0,dn11,4,pkg47,62.0,69.0,73,8.065044950046229,67.0,62.0,1.0,4,5.0
90,59,59.0,dn5,2,pkg48,63.0,68.0,73,8.065044950046229,71,65,1.0,5,6
90,59,59.0,dn7,3,pkg49,68.0,75.0,78,8.065044950046229,72.0,68.0,1.0,3,4.0
90,61,61.0,dn10,4,pkg50,66.0,72.0,82,8.065044950046229,71,66,0.6000193206335656,10,5
90,65,65.0,dn1,1,pkg53,70.0,77.0,80,8.065044950046229,71.0,70.0,1.0,3,1.0
90,65,65.0,dn2,1,pkg52,73.0,80.0,87,8.065044950046229,76.0,73.0,1.0,7,3.0
90,69,69.0,dn4,2,pkg51,70.0,75.0,79,8.065044950046229,71,70,0.9276480006968348,4,1
90,74,74.0,dn10,4,pkg54,78.0,83.0,88,8.065044950046229,79.0,78.0,1.0,5,1.0
90,76,76.0,dn8,3,pkg56,84.0,89.0,97,8.065044950046229,98,87,0.981497059608109,8,11
90,76,76.0,dn14,5,pkg55,81.0,90.0,93,8.065044950046229,84.0,81.0,1.0,3,3.0
90,79,79.0,dn1,1,pkg57,88.0,93.0,98,8.065044950046229,96.0,88.0,1.0,5,8.0
90,80,80.0,dn10,4,pkg58,88.0,98.0,106,8.065044950046229,94.0,88.0,1.0,8,6.0
90,81,81.0,dn4,2,pkg59,86.0,93.0,98,8.065044950046229,93,87,1.0,5,6
90,83,83.0,dn7,3,pkg60,90.0,96.0,100,8.065044950046229,95.0,90.0,1.0,4,5.0
90,87,87.0,dn5,2,pkg61,91.0,99.0,110,8.065044950046229,113,100,0.5910219106092702,11,13
90,90,90.0,dn6,2,pkg62,99.0,106.0,112,8.065044950046229,106.0,99.0,1.0,6,7.0
90,93,93.0,dn4,2,pkg63,102.0,112.0,116,8.065044950046229,107.0,102.0,1.0,4,5.0
90,96,96.0,dn2,1,pkg64,104.0,113.0,121,8.065044950046229,111.0,104.0,1.0,8,7.0
90,97,97.0,dn10,4,pkg65,103.0,113.0,122,8.065044950046229,113,105,1.0,9,8
90,98,98.0,dn7,3,pkg66,105.0,115.0,118,8.065044950046229,108.0,105.0,1.0,3,3.0
91,0,0.0,dn1,1,pkg21,5.0,14.0,18,8.065044950046229,8.0,5.0,1.0,4,3.0
91,0,0.0,dn2,1,pkg5,5.0,11.0,20,8.065044950046229,10,5,0.7169814111499796,9,5
91,0,0.0,dn3,1,pkg20,5.0,15.0,21,8.065044950046229,12,6,1.0,6,6
91,0,0.0,dn4,2,pkg17,5.0,10.0,19,8.065044950046229,18,9,0.6109752255499895,9,9
91,0,0.0,dn10,4,pkg22,6.0,14.0,18,8.065044950046229,12,6,1.0,4,6
91,0,0.0,dn11,4,pkg8,10.0,18.0,25,8.065044950046229,19.0,10.0,1.0,7,9.0
91,0,0.0,dn12,4,pkg6,6.0,12.0,22,8.065044950046229,26,13,0.6964162111435814,10,13
91,1,1.0,dn5,2,pkg13,6.0,16.0,23,8.065044950046229,11,6,1.0,7,5
91,1,1.0,dn6,2,pkg14,7.0,17.0,20,8.065044950046229,11.0,7.0,1.0,3,4.0
91,1,1.0,dn8,3,pkg10,8.0,16.0,23,8.065044950046229,14.0,8.0,1.0,7,6.0
91,1,1.0,dn9,3,pkg18,8.0,17.0,25,8.065044950046229,12.0,8.0,1.0,8,4.0
91,1,1.0,dn13,5,pkg16,9.0,16.0,22,8.065044950046229,14.0,9.0,1.0,6,5.0
91,1,1.0,dn14,5,pkg12,6.0,16.0,23,8.065044950046229,21,11,1.0,7,10
91,1,1.0,dn15,5,pkg4,6.0,11.0,19,8.065044950046229,15,8,0.742124235688649,8,7
91,1,1.0,dn7,3,pkg15,9.0,15.0,22,8.065044950046229,21,11,1.0,7,10
91,8,8.0,dn1,1,pkg11,10.0,19.0,23,8.065044950046229,16,12,1.0,4,4
91,10,10.0,dn2,1,pkg25,12.0,22.0,28,8.065044950046229,18,14,1.0,6,4
91,11,11.0,dn5,2,pkg2,7.0,12.0,21,8.065044950046229,19,15,0.0,9,4
91,11,11.0,dn6,2,pkg28,15.0,20.0,23,8.065044950046229,18.0,15.0,1.0,3,3.0
91,12,12.0,dn9,3,pkg27,17.0,26.0,34,8.065044950046229,34,23,1.0,8,11
91,12,12.0,dn10,4,pkg3,9.0,18.0,21,8.065044950046229,16,14,1.0,3,2
91,12,12.0,dn3,1,pkg26,13.0,19.0,26,8.065044950046229,24,18,0.5,7,6
91,14,14.0,dn8,3,pkg30,20.0,28.0,38,8.065044950046229,25.0,20.0,0.8638529812987656,10,5.0
91,14,14.0,dn13,5,pkg31,20.0,27.0,33,8.065044950046229,25.0,20.0,1.0,6,5.0
91,15,15.0,dn15,5,pkg32,25.0,35.0,40,8.065044950046229,28.0,25.0,1.0,5,3.0
91,16,16.0,dn1,1,pkg33,22.0,32.0,37,8.065044950046229,28,22,1.0,5,6
91,16,16.0,dn10,4,pkg7,8.0,18.0,19,8.065044950046229,18,17,1.0,1,1
91,18,18.0,dn2,1,pkg34,23.0,30.0,36,8.065044950046229,36,27,1.0,6,9
91,18,18.0,dn4,2,pkg29,17.0,25.0,36,8.065044950046229,32,25,0.16312821123346516,11,7
91,19,19.0,dn5,2,pkg35,27.0,32.0,37,8.065044950046229,33.0,27.0,1.0,5,6.0
91,25,25.0,dn8,3,pkg36,32.0,40.0,44,8.065044950046229,36.0,32.0,1.0,4,4.0
91,28,28.0,dn1,1,pkg37,37.0,47.0,48,8.065044950046229,38.0,37.0,1.0,1,1.0
91,29,29.0,dn13,5,pkg38,37.0,47.0,50,8.065044950046229,39.0,37.0,1.0,3,2.0
91,30,30.0,dn7,3,pkg39,37.0,47.0,54,8.065044950046229,41.0,37.0,1.0,7,4.0
91,35,35.0,dn3,1,pkg41,45.0,55.0,62,8.065044950046229,49.0,45.0,1.0,7,4.0
91,35,35.0,dn10,4,pkg40,40.0,48.0,50,8.065044950046229,42.0,40.0,1.0,2,2.0
91,38,38.0,dn2,1,pkg43,46.0,52.0,58,8.065044950046229,52.0,46.0,1.0,6,6.0
91,38,38.0,dn4,2,pkg42,46.0,54.0,61,8.065044950046229,52.0,46.0,1.0,7,6.0
91,39,39.0,dn1,1,pkg44,44.0,49.0,53,8.065044950046229,47.0,44.0,1.0,4,3.0
91,43,43.0,dn5,2,pkg45,49.0,58.0,65,8.065044950046229,55,49,1.0,7,6
91,45,45.0,dn7,3,pkg46,51.0,57.0,60,8.065044950046229,54.0,51.0,1.0,3,3.0
91,50,50.0,dn6,2,pkg47,55.0,65.0,69,8.065044950046229,60,55,1.0,4,5
91,50,50.0,dn11,4,pkg48,58.0,66.0,77,8.065044950046229,64.0,58.0,0.9006778457052591,11,6.0
91,51,51.0,dn13,5,pkg49,58.0,63.0,71,8.065044950046229,65,58,0.9276480006968348,8,7
91,53,53.0,dn1,1,pkg50,60.0,68.0,73,8.065044950046229,66.0,60.0,1.0,5,6.0
91,53,53.0,dn12,4,pkg51,61.0,66.0,72,8.065044950046229,67.0,61.0,1.0,6,6.0
91,58,58.0,dn14,5,pkg52,62.0,72.0,75,8.065044950046229,66,62,1.0,3,4
91,64,64.0,dn11,4,pkg53,70.0,75.0,81,8.065044950046229,74.0,70.0,1.0,6,4.0
91,65,65.0,dn13,5,pkg54,72.0,78.0,83,8.065044950046229,81,73,1.0,5,8
91,67,67.0,dn4,2,pkg55,72.0,82.0,91,8.065044950046229,87,77,0.9919349550499538,9,10
91,68,68.0,dn7,3,pkg56,77.0,86.0,88,8.065044950046229,80.0,77.0,1.0,2,3.0
91,69,69.0,dn1,1,pkg57,75.0,84.0,88,8.065044950046229,80.0,75.0,1.0,4,5.0
91,72,72.0,dn5,2,pkg58,77.0,87.0,96,8.065044950046229,84,78,0.9919349550499538,9,6
91,74,74.0,dn2,1,pkg59,82.0,92.0,98,8.065044950046229,92,83,1.0,6,9
91,75,75.0,dn6,2,pkg60,82.0,92.0,95,8.065044950046229,87.0,82.0,1.0,3,5.0
91,77,77.0,dn3,1,pkg61,81.0,86.0,91,8.065044950046229,85,81,1.0,5,4
91,77,77.0,dn10,4,pkg62,85.0,92.0,99,8.065044950046229,88.0,85.0,1.0,7,3.0
91,79,79.0,dn8,3,pkg63,86.0,94.0,99,8.065044950046229,93,86,1.0,5,7
91,80,80.0,dn11,4,pkg64,87.0,94.0,98,8.065044950046229,93.0,87.0,1.0,4,6.0
91,81,81.0,dn1,1,pkg65,90.0,100.0,107,8.065044950046229,101,91,1.0,7,10
91,83,83.0,dn12,4,pkg66,88.0,98.0,107,8.065044950046229,105,94,0.9919349550499538,9,11
91,85,85.0,dn5,2,pkg67,92.0,100.0,103,8.065044950046229,95.0,92.0,1.0,3,3.0
91,86,86.0,dn7,3,pkg68,95.0,100.0,105,8.065044950046229,101.0,95.0,1.0,5,6.0
91,89,89.0,dn13,5,pkg69,95.0,101.0,104,8.065044950046229,99.0,95.0,1.0,3,4.0
91,91,91.0,dn3,1,pkg70,99.0,105.0,113,8.065044950046229,107,99,1.0,8,8
91,95,95.0,dn5,2,pkg71,103.0,111.0,117,8.065044950046229,109.0,103.0,1.0,6,6.0
91,98,98.0,dn4,2,pkg72,104.0,110.0,114,8.065044950046229,109.0,104.0,1.0,4,5.0
91,98,98.0,dn6,2,pkg73,105.0,112.0,117,8.065044950046229,112,105,1.0,5,7
92,0,0.0,dn1,1,pkg11,5.0,14.0,22,8.065044950046229,24,12,1.0,8,12
92,0,0.0,dn10,4,pkg15,6.0,15.0,26,8.065044950046229,30,15,0.8368717887665349,11,15
92,0,0.0,dn13,5,pkg18,6.0,13.0,21,8.065044950046229,12,6,0.981497059608109,8,6
92,0,0.0,dn14,5,pkg19,10.0,20.0,26,8.065044950046229,14.0,10.0,1.0,6,4.0
92,0,0.0,dn15,5,pkg8,6.0,12.0,22,8.065044950046229,28,14,0.6964162111435814,10,14
92,1,1.0,dn3,1,pkg22,7.0,17.0,18,8.065044950046229,8.0,7.0,1.0,1,1.0
92,1,1.0,dn4,2,pkg3,6.0,11.0,20,8.065044950046229,25,13,0.6109752255499895,9,12
92,1,1.0,dn5,2,pkg17,7.0,14.0,18,8.065044950046229,9.0,7.0,1.0,4,2.0
92,1,1.0,dn6,2,pkg20,8.0,17.0,20,8.065044950046229,11.0,8.0,1.0,3,3.0
92,1,1.0,dn8,3,pkg7,7.0,15.0,21,8.065044950046229,17,9,1.0,6,8
92,1,1.0,dn9,3,pkg9,7.0,16.0,21,8.065044950046229,10.0,7.0,1.0,5,3.0
92,1,1.0,dn11,4,pkg13,7.0,12.0,18,8.065044950046229,15,8,1.0,6,7
92,1,1.0,dn12,4,pkg4,9.0,17.0,21,8.065044950046229,14.0,9.0,1.0,4,5.0
92,1,1.0,dn2,1,pkg5,10.0,15.0,21,8.065044950046229,17.0,10.0,1.0,6,7.0
92,1,1.0,dn7,3,pkg21,8.0,13.0,16,8.065044950046229,11.0,8.0,1.0,3,3.0
92,8,8.0,dn3,1,pkg23,9.0,16.0,18,8.065044950046229,14,11,1.0,2,3
92,9,9.0,dn5,2,pkg26,17.0,25.0,35,8.065044950046229,25,17,0.9733308694771554,10,8
92,10,10.0,dn9,3,pkg10,8.0,17.0,20,8.065044950046229,16,13,1.0,3,3
92,11,11.0,dn6,2,pkg16,10.0,20.0,28,8.065044950046229,19,15,0.6245996472618536,8,4
92,11,11.0,dn7,3,pkg12,9.0,18.0,20,8.065044950046229,13,12,1.0,2,1
92,12,12.0,dn13,5,pkg27,21.0,27.0,34,8.065044950046229,28.0,21.0,1.0,7,7.0
92,13,13.0,dn7,3,pkg14,10.0,17.0,27,8.065044950046229,29,21,0.02666913052284453,10,8
92,14,14.0,dn3,1,pkg25,12.0,18.0,25,8.065044950046229,26,20,0.11628291208268915,7,6
92,14,14.0,dn12,4,pkg24,13.0,20.0,29,8.065044950046229,28,21,0.18695048315002943,9,7
92,14,14.0,dn14,5,pkg2,10.0,19.0,28,8.065044950046229,32,23,0.10578949730003717,9,9
92,15,15.0,dn11,4,pkg28,23.0,30.0,32,8.065044950046229,25.0,23.0,1.0,2,2.0
92,17,17.0,dn2,1,pkg29,21.0,30.0,36,8.065044950046229,29,23,1.0,6,6
92,17,17.0,dn8,3,pkg30,24.0,31.0,34,8.065044950046229,26.0,24.0,1.0,3,2.0
92,19,19.0,dn6,2,pkg31,24.0,29.0,39,8.065044950046229,39,29,0.5,10,10
92,23,23.0,dn9,3,pkg34,28.0,38.0,43,8.065044950046229,32.0,28.0,1.0,5,4.0
92,24,24.0,dn1,1,pkg32,25.0,32.0,38,8.065044950046229,36,30,0.8130495168499705,6,6
92,26,26.0,dn3,1,pkg35,34.0,39.0,49,8.065044950046229,48,37,0.7855682414064981,10,11
92,26,26.0,dn8,3,pkg33,27.0,34.0,41,8.065044950046229,42,34,0.6419870569969255,7,8
92,31,31.0,dn7,3,pkg36,35.0,43.0,49,8.065044950046229,45,38,1.0,6,7
92,32,32.0,dn2,1,pkg38,38.0,46.0,52,8.065044950046229,48,40,1.0,6,8
92,32,32.0,dn13,5,pkg37,39.0,44.0,53,8.065044950046229,52,42,0.8130495168499705,9,10
92,33,33.0,dn4,2,pkg39,39.0,49.0,50,8.065044950046229,40.0,39.0,1.0,1,1.0
92,36,36.0,dn1,1,pkg41,42.0,50.0,59,8.065044950046229,64,50,0.9554953287499572,9,14
92,36,36.0,dn5,2,pkg40,45.0,52.0,53,8.065044950046229,46.0,45.0,1.0,1,1.0
92,37,37.0,dn14,5,pkg42,45.0,51.0,54,8.065044950046229,48.0,45.0,1.0,3,3.0
92,46,46.0,dn15,5,pkg43,55.0,62.0,64,8.065044950046229,57.0,55.0,1.0,2,2.0
92,47,47.0,dn10,4,pkg44,51.0,60.0,67,8.065044950046229,55,51,1.0,7,4
92,48,48.0,dn2,1,pkg45,56.0,64.0,70,8.065044950046229,59.0,56.0,1.0,6,3.0
92,49,49.0,dn7,3,pkg46,54.0,64.0,72,8.065044950046229,73,61,1.0,8,12
92,52,52.0,dn3,1,pkg47,60.0,68.0,77,8.065044950046229,68,60,1.0,9,8
92,55,55.0,dn13,5,pkg48,62.0,70.0,79,8.065044950046229,68.0,62.0,0.9919349550499538,9,6.0
92,55,55.0,dn14,5,pkg49,64.0,73.0,78,8.065044950046229,70.0,64.0,1.0,5,6.0
92,56,56.0,dn8,3,pkg50,66.0,72.0,80,8.065044950046229,76,66,1.0,8,10
92,60,60.0,dn2,1,pkg51,68.0,73.0,75,8.065044950046229,70.0,68.0,1.0,2,2.0
92,65,65.0,dn4,2,pkg52,74.0,81.0,89,8.065044950046229,79.0,74.0,1.0,8,5.0
92,65,65.0,dn9,3,pkg53,74.0,83.0,91,8.065044950046229,89,77,1.0,8,12
92,68,68.0,dn5,2,pkg54,77.0,84.0,92,8.065044950046229,81.0,77.0,1.0,8,4.0
92,71,71.0,dn6,2,pkg55,80.0,87.0,91,8.065044950046229,83.0,80.0,1.0,4,3.0
92,74,74.0,dn1,1,pkg56,78.0,88.0,94,8.065044950046229,84,79,1.0,6,5
92,74,74.0,dn11,4,pkg57,82.0,91.0,99,8.065044950046229,86.0,82.0,1.0,8,4.0
92,76,76.0,dn2,1,pkg58,80.0,88.0,94,8.065044950046229,88,82,1.0,6,6
92,76,76.0,dn8,3,pkg59,82.0,90.0,95,8.065044950046229,86.0,82.0,1.0,5,4.0
92,80,80.0,dn4,2,pkg61,86.0,96.0,103,8.065044950046229,102,91,1.0,7,11
92,80,80.0,dn7,3,pkg60,87.0,97.0,102,8.065044950046229,91.0,87.0,1.0,5,4.0
92,81,81.0,dn5,2,pkg62,86.0,91.0,98,8.065044950046229,89.0,86.0,0.8837170879173109,7,3.0
92,86,86.0,dn6,2,pkg63,94.0,101.0,109,8.065044950046229,110,98,1.0,8,12
92,87,87.0,dn8,3,pkg64,96.0,103.0,110,8.065044950046229,109,98,1.0,7,11
92,88,88.0,dn1,1,pkg65,97.0,105.0,109,8.065044950046229,98.0,97.0,1.0,4,1.0
92,91,91.0,dn5,2,pkg66,98.0,108.0,116,8.065044950046229,109,100,1.0,8,9
92,93,93.0,dn7,3,pkg67,102.0,109.0,117,8.065044950046229,110.0,102.0,1.0,8,8.0
92,95,95.0,dn10,4,pkg68,103.0,109.0,110,8.065044950046229,104.0,103.0,1.0,1,1.0
92,99,99.0,dn11,4,pkg69,103.0,113.0,120,8.065044950046229,113,106,1.0,7,7
93,0,0.0,dn4,2,pkg14,5.0,12.0,15,8.065044950046229,8.0,5.0,1.0,3,3.0
93,0,0.0,dn13,5,pkg16,5.0,14.0,18,8.065044950046229,8.0,5.0,1.0,4,3.0
93,0,0.0,dn14,5,pkg10,5.0,10.0,19,8.065044950046229,16,8,0.6109752255499895,9,8
93,0,0.0,dn15,5,pkg12,5.0,11.0,22,8.065044950046229,24,12,0.5,11,12
93,0,0.0,dn6,2,pkg22,6.0,12.0,14,8.065044950046229,7.0,6.0,1.0,2,1.0
93,0,0.0,dn5,2,pkg21,7.0,16.0,26,8.065044950046229,26,13,0.9733308694771554,10,13
93,1,1.0,dn1,1,pkg7,8.0,14.0,16,8.065044950046229,10.0,8.0,1.0,2,2.0
93,1,1.0,dn3,1,pkg11,8.0,15.0,23,8.065044950046229,14.0,8.0,1.0,8,6.0
93,1,1.0,dn7,3,pkg19,6.0,13.0,22,8.065044950046229,21,11,0.8130495168499705,9,10
93,1,1.0,dn8,3,pkg9,8.0,13.0,21,8.065044950046229,19,10,0.9276480006968348,8,9
93,1,1.0,dn12,4,pkg3,9.0,19.0,21,8.065044950046229,10.0,9.0,1.0,2,1.0
93,1,1.0,dn11,4,pkg2,9.0,18.0,23,8.065044950046229,13.0,9.0,1.0,5,4.0
93,1,1.0,dn2,1,pkg6,8.0,15.0,24,8.065044950046229,17,9,0.9554953287499572,9,8
93,1,1.0,dn10,4,pkg15,9.0,14.0,23,8.065044950046229,23,12,0.8942105026999628,9,11
93,1,1.0,dn9,3,pkg20,8.0,18.0,26,8.065044950046229,15,8,1.0,8,7
93,7,7.0,dn6,2,pkg27,17.0,26.0,37,8.065044950046229,27,17,0.9995621140415759,11,10
93,8,8.0,dn13,5,pkg28,18.0,27.0,35,8.065044950046229,27.0,18.0,1.0,8,9.0
93,8,8.0,dn4,2,pkg8,8.0,14.0,20,8.065044950046229,16,12,0.5,6,4
93,10,10.0,dn1,1,pkg24,10.0,16.0,19,8.065044950046229,16,13,1.0,3,3
93,10,10.0,dn12,4,pkg26,13.0,21.0,24,8.065044950046229,15.0,13.0,1.0,3,2.0
93,13,13.0,dn11,4,pkg25,9.0,16.0,23,8.065044950046229,29,21,0.037661979695961856,7,8
93,14,14.0,dn3,1,pkg18,10.0,17.0,25,8.065044950046229,28,21,0.018502940391891043,8,7
93,15,15.0,dn9,3,pkg17,9.0,16.0,18,8.065044950046229,21,18,0.07235199930316516,2,3
93,15,15.0,dn12,4,pkg13,10.0,16.0,24,8.065044950046229,27,21,0.0,8,6
93,16,16.0,dn4,2,pkg31,21.0,31.0,41,8.065044950046229,40,28,0.9276480006968348,10,12
93,16,16.0,dn14,5,pkg29,17.0,24.0,28,8.065044950046229,24,20,1.0,4,4
93,19,19.0,dn1,1,pkg32,27.0,36.0,43,8.065044950046229,35,27,1.0,7,8
93,19,19.0,dn8,3,pkg5,10.0,20.0,28,8.065044950046229,43,31,0.0,8,12
93,21,21.0,dn7,3,pkg30,18.0,26.0,33,8.065044950046229,35,28,0.22658690677451554,7,7
93,23,23.0,dn9,3,pkg33,28.0,33.0,41,8.065044950046229,32.0,28.0,0.742124235688649,8,4.0
93,23,23.0,dn10,4,pkg34,29.0,39.0,44,8.065044950046229,32.0,29.0,1.0,5,3.0
93,26,26.0,dn5,2,pkg35,32.0,41.0,48,8.065044950046229,48,37,1.0,7,11
93,30,30.0,dn13,5,pkg36,35.0,41.0,47,8.065044950046229,42,36,1.0,6,6
93,32,32.0,dn10,4,pkg37,40.0,50.0,52,8.065044950046229,42.0,40.0,1.0,2,2.0
93,35,35.0,dn1,1,pkg38,40.0,45.0,49,8.065044950046229,45,40,1.0,4,5
93,35,35.0,dn7,3,pkg39,43.0,52.0,59,8.065044950046229,55,45,1.0,7,10
93,40,40.0,dn2,1,pkg40,46.0,51.0,56,8.065044950046229,50.0,46.0,1.0,5,4.0
93,40,40.0,dn3,1,pkg41,50.0,57.0,66,8.065044950046229,57.0,50.0,1.0,9,7.0
93,45,45.0,dn4,2,pkg42,49.0,56.0,63,8.065044950046229,55,50,0.9623380203040381,7,5
93,52,52.0,dn1,1,pkg44,59.0,69.0,75,8.065044950046229,61.0,59.0,1.0,6,2.0
93,52,52.0,dn8,3,pkg43,59.0,68.0,73,8.065044950046229,63.0,59.0,1.0,5,4.0
93,54,54.0,dn2,1,pkg45,59.0,69.0,77,8.065044950046229,78,66,1.0,8,12
93,58,58.0,dn3,1,pkg46,65.0,75.0,84,8.065044950046229,82,70,1.0,9,12
93,60,60.0,dn4,2,pkg48,65.0,70.0,74,8.065044950046229,67.0,65.0,1.0,4,2.0
93,60,60.0,dn5,2,pkg47,67.0,75.0,80,8.065044950046229,70.0,67.0,1.0,5,3.0
93,64,64.0,dn6,2,pkg49,72.0,81.0,86,8.065044950046229,78.0,72.0,1.0,5,6.0
93,66,66.0,dn1,1,pkg50,75.0,80.0,85,8.065044950046229,79.0,75.0,1.0,5,4.0
93,67,67.0,dn4,2,pkg51,75.0,83.0,93,8.065044950046229,83,75,0.9733308694771554,10,8
93,70,70.0,dn7,3,pkg52,74.0,83.0,87,8.065044950046229,80,75,1.0,4,5
93,70,70.0,dn14,5,pkg53,77.0,82.0,91,8.065044950046229,94,82,0.8130495168499705,9,12
93,71,71.0,dn5,2,pkg54,81.0,88.0,90,8.065044950046229,84.0,81.0,1.0,2,3.0
93,73,73.0,dn13,5,pkg55,77.0,82.0,85,8.065044950046229,81,77,1.0,3,4
93,79,79.0,dn10,4,pkg57,83.0,90.0,99,8.065044950046229,97,88,0.7169814111499796,9,9
93,79,79.0,dn6,2,pkg58,84.0,92.0,96,8.065044950046229,87.0,84.0,1.0,4,3.0
93,79,79.0,dn2,1,pkg56,83.0,92.0,97,8.065044950046229,89,84,1.0,5,5
93,80,80.0,dn1,1,pkg59,87.0,96.0,107,8.065044950046229,102,91,0.9006778457052591,11,11
93,82,82.0,dn11,4,pkg60,87.0,92.0,103,8.065044950046229,92,87,0.4089780893907298,11,5
93,86,86.0,dn4,2,pkg61,95.0,104.0,113,8.065044950046229,103.0,95.0,1.0,9,8.0
93,89,89.0,dn12,4,pkg62,94.0,99.0,103,8.065044950046229,98.0,94.0,1.0,4,4.0
93,91,91.0,dn7,3,pkg63,96.0,103.0,106,8.065044950046229,99.0,96.0,1.0,3,3.0
93,92,92.0,dn5,2,pkg64,97.0,104.0,109,8.065044950046229,100.0,97.0,1.0,5,3.0
93,94,94.0,dn8,3,pkg65,98.0,108.0,110,8.065044950046229,100.0,98.0,1.0,2,2.0
93,98,98.0,dn9,3,pkg66,105.0,111.0,116,8.065044950046229,110.0,105.0,1.0,5,5.0
94,0,0.0,dn1,1,pkg10,10.0,17.0,22,8.065044950046229,12.0,10.0,1.0,5,2.0
94,0,0.0,dn2,1,pkg18,9.0,15.0,21,8.065044950046229,18,9,1.0,6,9
94,0,0.0,dn3,1,pkg3,9.0,15.0,22,8.065044950046229,11.0,9.0,1.0,7,2.0
94,0,0.0,dn10,4,pkg8,5.0,14.0,23,8.065044950046229,28,14,0.9554953287499572,9,14
94,0,0.0,dn13,5,pkg5,5.0,11.0,15,8.065044950046229,12,6,1.0,4,6
94,0,0.0,dn14,5,pkg11,5.0,12.0,16,8.065044950046229,8.0,5.0,1.0,4,3.0
94,0,0.0,dn15,5,pkg1,6.0,13.0,23,8.065044950046229,24,12,0.7855682414064981,10,12
94,1,1.0,dn4,2,pkg12,5.0,10.0,14,8.065044950046229,9,5,1.0,4,4
94,1,1.0,dn5,2,pkg22,6.0,13.0,20,8.065044950046229,10.0,6.0,0.9987148696173,7,4.0
94,1,1.0,dn6,2,pkg20,9.0,15.0,24,8.065044950046229,17,9,0.9554953287499572,9,8
94,1,1.0,dn8,3,pkg2,8.0,17.0,21,8.065044950046229,14.0,8.0,1.0,4,6.0
94,1,1.0,dn9,3,pkg6,8.0,15.0,21,8.065044950046229,19,10,1.0,6,9
94,1,1.0,dn11,4,pkg16,6.0,13.0,19,8.065044950046229,17,9,1.0,6,8
94,1,1.0,dn12,4,pkg4,9.0,17.0,23,8.065044950046229,14.0,9.0,1.0,6,5.0
94,1,1.0,dn7,3,pkg17,6.0,11.0,18,8.065044950046229,13,7,0.8837170879173109,7,6
94,8,8.0,dn14,5,pkg7,7.0,12.0,14,8.065044950046229,14,11,1.0,2,3
94,9,9.0,dn4,2,pkg25,16.0,23.0,28,8.065044950046229,19.0,16.0,1.0,5,3.0
94,10,10.0,dn5,2,pkg26,14.0,24.0,28,8.065044950046229,20,15,1.0,4,5
94,11,11.0,dn3,1,pkg27,19.0,25.0,33,8.065044950046229,31,21,1.0,8,10
94,12,12.0,dn1,1,pkg28,21.0,27.0,37,8.065044950046229,44,28,0.9276480006968348,10,16
94,12,12.0,dn13,5,pkg23,8.0,15.0,25,8.065044950046229,28,20,0.002720842483821817,9,8
94,13,13.0,dn7,3,pkg13,10.0,17.0,26,8.065044950046229,27,20,0.044504671250042815,9,7
94,14,14.0,dn8,3,pkg29,24.0,31.0,36,8.065044950046229,29.0,24.0,1.0,5,5.0
94,14,14.0,dn14,5,pkg21,9.0,16.0,18,8.065044950046229,16,15,0.5,2,1
94,17,17.0,dn6,2,pkg30,23.0,30.0,37,8.065044950046229,39,28,1.0,7,11
94,18,18.0,dn2,1,pkg24,10.0,19.0,26,8.065044950046229,34,26,0.0,7,8
94,19,19.0,dn9,3,pkg31,26.0,31.0,41,8.065044950046229,49,34,0.6964162111435814,10,15
94,28,28.0,dn13,5,pkg32,35.0,44.0,55,8.065044950046229,44,36,0.9006778457052591,11,8
94,31,31.0,dn4,2,pkg33,38.0,48.0,57,8.065044950046229,45,38,1.0,9,7
94,37,37.0,dn2,1,pkg34,45.0,54.0,58,8.065044950046229,50.0,45.0,1.0,4,5.0
94,37,37.0,dn5,2,pkg35,45.0,50.0,53,8.065044950046229,47.0,45.0,1.0,3,2.0
94,40,40.0,dn3,1,pkg36,47.0,53.0,57,8.065044950046229,52.0,47.0,1.0,4,5.0
94,40,40.0,dn15,5,pkg37,49.0,59.0,62,8.065044950046229,54.0,49.0,1.0,3,5.0
94,43,43.0,dn7,3,pkg38,50.0,55.0,60,8.065044950046229,55.0,50.0,1.0,5,5.0
94,43,43.0,dn14,5,pkg39,48.0,55.0,66,8.065044950046229,63,53,0.5910219106092702,11,10
94,48,48.0,dn4,2,pkg40,53.0,58.0,61,8.065044950046229,56.0,53.0,1.0,3,3.0
94,50,50.0,dn5,2,pkg42,55.0,62.0,72,8.065044950046229,66,58,0.6964162111435814,10,8
94,50,50.0,dn6,2,pkg41,57.0,62.0,68,8.065044950046229,63.0,57.0,1.0,6,6.0
94,51,51.0,dn1,1,pkg43,59.0,66.0,75,8.065044950046229,71,61,0.9919349550499538,9,10
94,56,56.0,dn2,1,pkg44,63.0,73.0,78,8.065044950046229,67.0,63.0,1.0,5,4.0
94,57,57.0,dn13,5,pkg45,62.0,70.0,76,8.065044950046229,66.0,62.0,1.0,6,4.0
94,63,63.0,dn3,1,pkg46,67.0,73.0,77,8.065044950046229,73,68,1.0,4,5
94,68,68.0,dn4,2,pkg47,72.0,82.0,85,8.065044950046229,75.0,72.0,1.0,3,3.0
94,70,70.0,dn2,1,pkg48,79.0,87.0,95,8.065044950046229,88,79,1.0,8,9
94,70,70.0,dn7,3,pkg49,77.0,84.0,91,8.065044950046229,83.0,77.0,1.0,7,6.0
94,71,71.0,dn1,1,pkg50,79.0,89.0,95,8.065044950046229,91,81,1.0,6,10
94,72,72.0,dn5,2,pkg51,80.0,88.0,95,8.065044950046229,90,81,1.0,7,9
94,75,75.0,dn6,2,pkg52,83.0,90.0,98,8.065044950046229,93,84,1.0,8,9
94,76,76.0,dn3,1,pkg53,83.0,91.0,97,8.065044950046229,87.0,83.0,1.0,6,4.0
94,77,77.0,dn8,3,pkg54,81.0,89.0,92,8.065044950046229,83.0,81.0,1.0,3,2.0
94,77,77.0,dn9,3,pkg55,87.0,95.0,103,8.065044950046229,97,87,1.0,8,10
94,79,79.0,dn13,5,pkg56,86.0,96.0,101,8.065044950046229,90.0,86.0,1.0,5,4.0
94,80,80.0,dn10,4,pkg57,89.0,96.0,102,8.065044950046229,97.0,89.0,1.0,6,8.0
94,80,80.0,dn4,2,pkg58,90.0,97.0,102,8.065044950046229,96.0,90.0,1.0,5,6.0
94,82,82.0,dn14,5,pkg59,87.0,95.0,103,8.065044950046229,96,89,0.981497059608109,8,7
94,85,85.0,dn7,3,pkg60,89.0,96.0,100,8.065044950046229,95,90,1.0,4,5
94,85,85.0,dn8,3,pkg61,90.0,98.0,101,8.065044950046229,91.0,90.0,1.0,3,1.0
94,90,90.0,dn5,2,pkg62,99.0,105.0,112,8.065044950046229,104.0,99.0,1.0,7,5.0
95,0,0.0,dn1,1,pkg15,5.0,12.0,16,8.065044950046229,7.0,5.0,1.0,4,2.0
95,0,0.0,dn2,1,pkg21,5.0,13.0,18,8.065044950046229,12,6,1.0,5,6
95,0,0.0,dn3,1,pkg2,5.0,13.0,22,8.065044950046229,14,7,0.8942105026999628,9,7
95,0,0.0,dn4,2,pkg13,5.0,14.0,21,8.065044950046229,10,5,1.0,7,5
95,0,0.0,dn5,2,pkg12,6.0,14.0,20,8.065044950046229,18,9,1.0,6,9
95,0,0.0,dn6,2,pkg6,6.0,11.0,22,8.065044950046229,11.0,6.0,0.5,11,5.0
95,0,0.0,dn11,4,pkg1,10.0,18.0,25,8.065044950046229,18.0,10.0,1.0,7,8.0
95,0,0.0,dn12,4,pkg20,10.0,20.0,29,8.065044950046229,13.0,10.0,1.0,9,3.0
95,0,0.0,dn10,4,pkg9,9.0,14.0,16,8.065044950046229,11.0,9.0,1.0,2,2.0
95,1,1.0,dn7,3,pkg7,7.0,15.0,23,8.065044950046229,12.0,7.0,1.0,8,5.0
95,1,1.0,dn13,5,pkg17,7.0,13.0,17,8.065044950046229,10.0,7.0,1.0,4,3.0
95,1,1.0,dn15,5,pkg8,8.0,16.0,18,8.065044950046229,10.0,8.0,1.0,2,2.0
95,1,1.0,dn8,3,pkg22,8.0,15.0,25,8.065044950046229,27,14,0.8638529812987656,10,13
95,1,1.0,dn9,3,pkg10,10.0,20.0,22,8.065044950046229,13.0,10.0,1.0,2,3.0
95,1,1.0,dn14,5,pkg18,9.0,19.0,28,8.065044950046229,17,9,1.0,9,8
95,7,7.0,dn1,1,pkg25,10.0,17.0,22,8.065044950046229,19,13,1.0,5,6
95,10,10.0,dn4,2,pkg24,7.0,12.0,21,8.065044950046229,30,20,0.0,9,10
95,10,10.0,dn13,5,pkg4,10.0,16.0,18,8.065044950046229,16,13,1.0,2,3
95,10,10.0,dn15,5,pkg26,14.0,23.0,28,8.065044950046229,18,14,1.0,5,4
95,11,11.0,dn6,2,pkg28,14.0,23.0,29,8.065044950046229,23,17,1.0,6,6
95,11,11.0,dn10,4,pkg23,7.0,16.0,22,8.065044950046229,23,17,0.3350899866593905,6,6
95,12,12.0,dn2,1,pkg5,10.0,18.0,28,8.065044950046229,28,20,0.1361470187012343,10,8
95,12,12.0,dn7,3,pkg19,10.0,15.0,23,8.065044950046229,20,16,0.018502940391891043,8,4
95,13,13.0,dn9,3,pkg27,15.0,24.0,26,8.065044950046229,16.0,15.0,1.0,2,1.0
95,13,13.0,dn12,4,pkg30,18.0,23.0,29,8.065044950046229,29,21,0.9919349550499538,6,8
95,14,14.0,dn3,1,pkg16,9.0,15.0,26,8.065044950046229,46,30,0.0,11,16
95,16,16.0,dn9,3,pkg31,18.0,26.0,28,8.065044950046229,20,18,1.0,2,2
95,18,18.0,dn11,4,pkg32,22.0,29.0,33,8.065044950046229,30,24,1.0,4,6
95,18,18.0,dn15,5,pkg33,24.0,31.0,38,8.065044950046229,38,28,1.0,7,10
95,18,18.0,dn5,2,pkg29,16.0,24.0,34,8.065044950046229,40,29,0.1361470187012343,10,11
95,19,19.0,dn13,5,pkg34,24.0,33.0,39,8.065044950046229,33,26,1.0,6,7
95,22,22.0,dn7,3,pkg35,29.0,34.0,37,8.065044950046229,31.0,29.0,1.0,3,2.0
95,24,24.0,dn1,1,pkg36,31.0,37.0,41,8.065044950046229,34.0,31.0,1.0,4,3.0
95,24,24.0,dn9,3,pkg37,31.0,39.0,50,8.065044950046229,50,37,0.8368717887665349,11,13
95,25,25.0,dn6,2,pkg38,34.0,44.0,49,8.065044950046229,38.0,34.0,1.0,5,4.0
95,26,26.0,dn10,4,pkg39,33.0,38.0,40,8.065044950046229,35.0,33.0,1.0,2,2.0
95,30,30.0,dn8,3,pkg42,36.0,42.0,48,8.065044950046229,40.0,36.0,1.0,6,4.0
95,30,30.0,dn4,2,pkg41,37.0,43.0,49,8.065044950046229,46,38,1.0,6,8
95,32,32.0,dn7,3,pkg43,36.0,46.0,53,8.065044950046229,52,42,1.0,7,10
95,38,38.0,dn6,2,pkg40,37.0,44.0,50,8.065044950046229,54,46,0.5,6,8
95,40,40.0,dn1,1,pkg44,45.0,52.0,58,8.065044950046229,49.0,45.0,1.0,6,4.0
95,44,44.0,dn13,5,pkg45,51.0,56.0,61,8.065044950046229,55.0,51.0,1.0,5,4.0
95,49,49.0,dn2,1,pkg47,59.0,64.0,68,8.065044950046229,63.0,59.0,1.0,4,4.0
95,49,49.0,dn8,3,pkg46,56.0,63.0,69,8.065044950046229,62.0,56.0,1.0,6,6.0
95,52,52.0,dn3,1,pkg48,59.0,69.0,75,8.065044950046229,62.0,59.0,1.0,6,3.0
95,52,52.0,dn7,3,pkg49,57.0,64.0,73,8.065044950046229,70,61,0.8130495168499705,9,9
95,54,54.0,dn6,2,pkg50,63.0,70.0,79,8.065044950046229,76,65,1.0,9,11
95,57,57.0,dn4,2,pkg51,66.0,74.0,78,8.065044950046229,67.0,66.0,1.0,4,1.0
95,59,59.0,dn9,3,pkg52,64.0,74.0,80,8.065044950046229,69,64,1.0,6,5
95,59,59.0,dn5,2,pkg53,67.0,76.0,81,8.065044950046229,72.0,67.0,1.0,5,5.0
95,64,64.0,dn8,3,pkg54,70.0,75.0,84,8.065044950046229,80,72,0.7169814111499796,9,8
95,65,65.0,dn10,4,pkg55,69.0,76.0,82,8.065044950046229,75,70,1.0,6,5
95,68,68.0,dn13,5,pkg56,75.0,81.0,89,8.065044950046229,90,79,0.981497059608109,8,11
95,70,70.0,dn1,1,pkg57,76.0,86.0,91,8.065044950046229,79.0,76.0,1.0,5,3.0
95,71,71.0,dn7,3,pkg58,75.0,81.0,87,8.065044950046229,78.0,75.0,0.9919349550499538,6,3.0
95,71,71.0,dn9,3,pkg59,78.0,88.0,92,8.065044950046229,84.0,78.0,1.0,4,6.0
95,75,75.0,dn14,5,pkg61,83.0,89.0,91,8.065044950046229,84.0,83.0,1.0,2,1.0
95,75,75.0,dn15,5,pkg60,83.0,93.0,102,8.065044950046229,86.0,83.0,1.0,9,3.0
95,84,84.0,dn7,3,pkg62,91.0,100.0,105,8.065044950046229,95.0,91.0,1.0,5,4.0
95,85,85.0,dn4,2,pkg64,92.0,99.0,101,8.065044950046229,94.0,92.0,1.0,2,2.0
95,85,85.0,dn11,4,pkg63,94.0,100.0,102,8.065044950046229,95.0,94.0,1.0,2,1.0
95,90,90.0,dn5,2,pkg65,95.0,101.0,111,8.065044950046229,106,98,0.6000193206335656,10,8
95,90,90.0,dn6,2,pkg66,96.0,104.0,107,8.065044950046229,101.0,96.0,1.0,3,5.0
95,91,91.0,dn10,4,pkg67,100.0,106.0,109,8.065044950046229,103.0,100.0,1.0,3,3.0
95,92,92.0,dn1,1,pkg68,97.0,107.0,116,8.065044950046229,100.0,97.0,0.9919349550499538,9,3.0
95,95,95.0,dn12,4,pkg69,101.0,111.0,115,8.065044950046229,106.0,101.0,1.0,4,5.0
95,95,95.0,dn4,2,pkg70,105.0,110.0,114,8.065044950046229,108.0,105.0,1.0,4,3.0
95,96,96.0,dn11,4,pkg71,102.0,108.0,114,8.065044950046229,110,103,1.0,6,7
95,97,97.0,dn2,1,pkg72,103.0,110.0,116,8.065044950046229,113,105,1.0,6,8
96,0,0.0,dn10,4,pkg2,5.0,15.0,24,8.065044950046229,24,12,0.9919349550499538,9,12
96,0,0.0,dn11,4,pkg20,8.0,18.0,23,8.065044950046229,15.0,8.0,1.0,5,7.0
96,0,0.0,dn12,4,pkg12,6.0,12.0,22,8.065044950046229,22,11,0.6964162111435814,10,11
96,2,2.0,dn2,1,pkg18,6.0,15.0,19,8.065044950046229,9.0,6.0,1.0,4,3.0
96,2,2.0,dn3,1,pkg17,9.0,16.0,21,8.065044950046229,14.0,9.0,1.0,5,5.0
96,2,2.0,dn4,2,pkg8,7.0,16.0,21,8.065044950046229,10.0,7.0,1.0,5,3.0
96,2,2.0,dn5,2,pkg13,7.0,14.0,21,8.065044950046229,16,9,0.9987148696173,7,7
96,2,2.0,dn7,3,pkg10,5.0,10.0,17,8.065044950046229,16,9,0.6419870569969255,7,7
96,2,2.0,dn9,3,pkg23,11.0,19.0,23,8.065044950046229,17.0,11.0,1.0,4,6.0
96,2,2.0,dn13,5,pkg3,5.0,10.0,12,8.065044950046229,8,5,1.0,2,3
96,2,2.0,dn14,5,pkg14,5.0,13.0,16,8.065044950046229,10,6,1.0,3,4
96,2,2.0,dn15,5,pkg22,5.0,10.0,16,8.065044950046229,12,7,0.8130495168499705,6,5
96,2,2.0,dn6,2,pkg5,6.0,13.0,21,8.065044950046229,26,14,0.8454987064453288,8,12
96,2,2.0,dn1,1,pkg6,6.0,14.0,18,8.065044950046229,10,6,1.0,4,4
96,2,2.0,dn8,3,pkg15,10.0,17.0,22,8.065044950046229,15.0,10.0,1.0,5,5.0
96,8,8.0,dn13,5,pkg16,6.0,11.0,18,8.065044950046229,16,12,0.037661979695961856,7,4
96,9,9.0,dn2,1,pkg4,7.0,13.0,17,8.065044950046229,19,14,0.5,4,5
96,10,10.0,dn1,1,pkg11,7.0,13.0,17,8.065044950046229,22,16,0.2578757643113509,4,6
96,10,10.0,dn4,2,pkg25,15.0,20.0,29,8.065044950046229,34,22,0.6109752255499895,9,12
96,10,10.0,dn14,5,pkg1,7.0,17.0,21,8.065044950046229,20,15,1.0,4,5
96,12,12.0,dn15,5,pkg19,7.0,14.0,21,8.065044950046229,22,17,0.001285130382700006,7,5
96,14,14.0,dn3,1,pkg26,17.0,22.0,27,8.065044950046229,19.0,17.0,0.9733308694771554,5,2.0
96,15,15.0,dn8,3,pkg28,22.0,27.0,30,8.065044950046229,23.0,22.0,1.0,3,1.0
96,15,15.0,dn11,4,pkg27,20.0,27.0,33,8.065044950046229,27,21,1.0,6,6
96,16,16.0,dn5,2,pkg29,22.0,30.0,32,8.065044950046229,24.0,22.0,1.0,2,2.0
96,16,16.0,dn7,3,pkg9,8.0,18.0,26,8.065044950046229,32,24,0.0,8,8
96,16,16.0,dn13,5,pkg30,23.0,32.0,40,8.065044950046229,30,23,1.0,8,7
96,17,17.0,dn9,3,pkg21,8.0,18.0,26,8.065044950046229,41,29,0.0,8,12
96,19,19.0,dn2,1,pkg31,27.0,36.0,39,8.065044950046229,29.0,27.0,1.0,3,2.0
96,20,20.0,dn14,5,pkg32,27.0,32.0,38,8.065044950046229,33.0,27.0,1.0,6,6.0
96,24,24.0,dn10,4,pkg33,30.0,35.0,43,8.065044950046229,50,37,0.8454987064453288,8,13
96,25,25.0,dn1,1,pkg34,30.0,36.0,42,8.065044950046229,35,30,1.0,6,5
96,27,27.0,dn8,3,pkg35,36.0,43.0,50,8.065044950046229,47,37,1.0,7,10
96,30,30.0,dn13,5,pkg36,40.0,48.0,59,8.065044950046229,58,44,0.9847445937098342,11,14
96,31,31.0,dn5,2,pkg37,38.0,47.0,53,8.065044950046229,49,40,1.0,6,9
96,38,38.0,dn11,4,pkg38,45.0,53.0,60,8.065044950046229,50.0,45.0,1.0,7,5.0
96,38,38.0,dn12,4,pkg39,46.0,56.0,65,8.065044950046229,52.0,46.0,1.0,9,6.0
96,40,40.0,dn4,2,pkg40,48.0,58.0,68,8.065044950046229,55.0,48.0,1.0,10,7.0
96,41,41.0,dn9,3,pkg41,51.0,59.0,66,8.065044950046229,61,51,1.0,7,10
96,42,42.0,dn7,3,pkg42,50.0,58.0,64,8.065044950046229,57.0,50.0,1.0,6,7.0
96,45,45.0,dn6,2,pkg43,50.0,56.0,62,8.065044950046229,53.0,50.0,1.0,6,3.0
96,46,46.0,dn1,1,pkg44,51.0,57.0,62,8.065044950046229,60,53,1.0,5,7
96,46,46.0,dn2,1,pkg45,53.0,63.0,72,8.065044950046229,72,59,1.0,9,13
96,47,47.0,dn8,3,pkg46,53.0,61.0,71,8.065044950046229,77,62,0.8638529812987656,10,15
96,49,49.0,dn5,2,pkg47,57.0,63.0,68,8.065044950046229,62.0,57.0,1.0,5,5.0
96,51,51.0,dn10,4,pkg48,60.0,66.0,76,8.065044950046229,69,60,0.9276480006968348,10,9
96,53,53.0,dn6,2,pkg49,56.0,65.0,73,8.065044950046229,61,57,0.9276480006968348,8,4
96,53,53.0,dn14,5,pkg50,61.0,71.0,80,8.065044950046229,67.0,61.0,1.0,9,6.0
96,54,54.0,dn3,1,pkg51,63.0,68.0,72,8.065044950046229,68.0,63.0,1.0,4,5.0
96,56,56.0,dn11,4,pkg52,60.0,66.0,71,8.065044950046229,72,64,1.0,5,8
96,58,58.0,dn7,3,pkg53,67.0,74.0,77,8.065044950046229,70.0,67.0,1.0,3,3.0
96,60,60.0,dn1,1,pkg54,68.0,78.0,88,8.065044950046229,84,72,1.0,10,12
96,64,64.0,dn4,2,pkg56,73.0,83.0,86,8.065044950046229,76.0,73.0,1.0,3,3.0
96,64,64.0,dn5,2,pkg55,73.0,83.0,90,8.065044950046229,76.0,73.0,1.0,7,3.0
96,66,66.0,dn12,4,pkg57,71.0,76.0,78,8.065044950046229,73.0,71.0,1.0,2,2.0
96,67,67.0,dn14,5,pkg58,72.0,78.0,81,8.065044950046229,76.0,72.0,1.0,3,4.0
96,68,68.0,dn13,5,pkg59,74.0,83.0,91,8.065044950046229,82,75,1.0,8,7
96,69,69.0,dn3,1,pkg60,76.0,83.0,90,8.065044950046229,83,76,1.0,7,7
96,72,72.0,dn2,1,pkg62,81.0,91.0,99,8.065044950046229,94,83,1.0,8,11
96,72,72.0,dn10,4,pkg61,80.0,86.0,91,8.065044950046229,85.0,80.0,1.0,5,5.0
96,73,73.0,dn7,3,pkg63,83.0,90.0,95,8.065044950046229,89.0,83.0,1.0,5,6.0
96,74,74.0,dn6,2,pkg64,84.0,93.0,101,8.065044950046229,92.0,84.0,1.0,8,8.0
96,78,78.0,dn4,2,pkg65,86.0,92.0,96,8.065044950046229,89.0,86.0,1.0,4,3.0
96,85,85.0,dn3,1,pkg67,90.0,95.0,102,8.065044950046229,105,95,0.8837170879173109,7,10
96,85,85.0,dn13,5,pkg66,90.0,100.0,108,8.065044950046229,99,92,1.0,8,7
96,89,89.0,dn8,3,pkg68,96.0,104.0,106,8.065044950046229,98.0,96.0,1.0,2,2.0
96,90,90.0,dn4,2,pkg69,99.0,105.0,110,8.065044950046229,104.0,99.0,1.0,5,5.0
96,93,93.0,dn9,3,pkg70,102.0,111.0,121,8.065044950046229,123,108,1.0,10,15
96,93,93.0,dn14,5,pkg71,98.0,106.0,109,8.065044950046229,100.0,98.0,1.0,3,2.0
96,96,96.0,dn5,2,pkg72,105.0,111.0,115,8.065044950046229,110.0,105.0,1.0,4,5.0
96,99,99.0,dn2,1,pkg74,108.0,113.0,118,8.065044950046229,112.0,108.0,1.0,5,4.0
96,99,99.0,dn15,5,pkg73,104.0,113.0,116,8.065044950046229,109,104,1.0,3,5
97,0,0.0,dn1,1,pkg10,5.0,13.0,17,8.065044950046229,12,6,1.0,4,6
97,0,0.0,dn2,1,pkg3,5.0,11.0,20,8.065044950046229,28,14,0.7169814111499796,9,14
97,0,0.0,dn3,1,pkg21,5.0,12.0,22,8.065044950046229,18,9,0.6964162111435814,10,9
97,0,0.0,dn4,2,pkg22,9.0,17.0,22,8.065044950046229,12.0,9.0,1.0,5,3.0
97,0,0.0,dn5,2,pkg11,10.0,16.0,24,8.065044950046229,28,14,1.0,8,14
97,0,0.0,dn7,3,pkg13,6.0,14.0,20,8.065044950046229,16,8,1.0,6,8
97,0,0.0,dn9,3,pkg6,6.0,15.0,23,8.065044950046229,20,10,1.0,8,10
97,0,0.0,dn13,5,pkg14,6.0,15.0,18,8.065044950046229,10.0,6.0,1.0,3,4.0
97,0,0.0,dn14,5,pkg16,6.0,16.0,19,8.065044950046229,9.0,6.0,1.0,3,3.0
97,0,0.0,dn15,5,pkg9,10.0,20.0,26,8.065044950046229,19.0,10.0,1.0,6,9.0
97,0,0.0,dn6,2,pkg4,6.0,14.0,21,8.065044950046229,16,8,1.0,7,8
97,0,0.0,dn8,3,pkg1,7.0,13.0,19,8.065044950046229,10.0,7.0,1.0,6,3.0
97,1,1.0,dn10,4,pkg5,6.0,14.0,23,8.065044950046229,21,11,0.8942105026999628,9,10
97,1,1.0,dn11,4,pkg18,7.0,14.0,18,8.065044950046229,11.0,7.0,1.0,4,4.0
97,1,1.0,dn12,4,pkg8,7.0,14.0,25,8.065044950046229,21,11,0.6793222358514858,11,10
97,9,9.0,dn14,5,pkg20,8.0,18.0,21,8.065044950046229,11,10,1.0,3,1
97,10,10.0,dn8,3,pkg27,18.0,23.0,33,8.065044950046229,30,20,0.7855682414064981,10,10
97,10,10.0,dn13,5,pkg25,14.0,23.0,32,8.065044950046229,26,18,0.8942105026999628,9,8
97,11,11.0,dn11,4,pkg28,17.0,24.0,30,8.065044950046229,22.0,17.0,1.0,6,5.0
97,11,11.0,dn14,5,pkg2,9.0,18.0,26,8.065044950046229,23,17,0.3754003527381465,8,6
97,12,12.0,dn1,1,pkg23,8.0,18.0,20,8.065044950046229,16,14,1.0,2,2
97,12,12.0,dn4,2,pkg29,22.0,28.0,35,8.065044950046229,26.0,22.0,1.0,7,4.0
97,16,16.0,dn1,1,pkg30,24.0,34.0,43,8.065044950046229,29.0,24.0,1.0,9,5.0
97,16,16.0,dn6,2,pkg31,24.0,30.0,38,8.065044950046229,30.0,24.0,1.0,8,6.0
97,18,18.0,dn3,1,pkg32,24.0,34.0,41,8.065044950046229,36,27,1.0,7,9
97,21,21.0,dn10,4,pkg33,28.0,38.0,48,8.065044950046229,49,35,0.9972791575161781,10,14
97,21,21.0,dn12,4,pkg34,29.0,36.0,43,8.065044950046229,37,29,1.0,7,8
97,22,22.0,dn11,4,pkg35,30.0,38.0,49,8.065044950046229,37.0,30.0,0.9006778457052591,11,7.0
97,25,25.0,dn7,3,pkg36,31.0,38.0,46,8.065044950046229,37,31,0.981497059608109,8,6
97,25,25.0,dn9,3,pkg37,32.0,37.0,41,8.065044950046229,36.0,32.0,1.0,4,4.0
97,28,28.0,dn4,2,pkg38,37.0,44.0,55,8.065044950046229,43.0,37.0,0.9006778457052591,11,6.0
97,29,29.0,dn1,1,pkg39,34.0,44.0,53,8.065044950046229,45,37,0.9919349550499538,9,8
97,34,34.0,dn5,2,pkg40,39.0,48.0,49,8.065044950046229,40.0,39.0,1.0,1,1.0
97,36,36.0,dn3,1,pkg41,42.0,49.0,55,8.065044950046229,52,44,1.0,6,8
97,39,39.0,dn6,2,pkg42,47.0,57.0,67,8.065044950046229,67,53,1.0,10,14
97,40,40.0,dn5,2,pkg43,48.0,53.0,56,8.065044950046229,52.0,48.0,1.0,3,4.0
97,41,41.0,dn7,3,pkg44,47.0,56.0,60,8.065044950046229,52.0,47.0,1.0,4,5.0
97,43,43.0,dn8,3,pkg45,47.0,56.0,61,8.065044950046229,57,50,1.0,5,7
97,43,43.0,dn9,3,pkg46,50.0,55.0,60,8.065044950046229,55.0,50.0,1.0,5,5.0
97,46,46.0,dn4,2,pkg47,55.0,61.0,67,8.065044950046229,63.0,55.0,1.0,6,8.0
97,49,49.0,dn1,1,pkg48,55.0,63.0,64,8.065044950046229,57.0,55.0,1.0,1,2.0
97,52,52.0,dn2,1,pkg49,61.0,71.0,75,8.065044950046229,65.0,61.0,1.0,4,4.0
97,54,54.0,dn3,1,pkg50,60.0,68.0,70,8.065044950046229,62.0,60.0,1.0,2,2.0
97,59,59.0,dn7,3,pkg51,68.0,76.0,84,8.065044950046229,79,69,1.0,8,10
97,65,65.0,dn8,3,pkg53,72.0,78.0,83,8.065044950046229,75.0,72.0,1.0,5,3.0
97,65,65.0,dn9,3,pkg52,73.0,82.0,84,8.065044950046229,75.0,73.0,1.0,2,2.0
97,66,66.0,dn4,2,pkg54,73.0,80.0,83,8.065044950046229,78.0,73.0,1.0,3,5.0
97,67,67.0,dn10,4,pkg55,72.0,79.0,84,8.065044950046229,83,75,1.0,5,8
97,70,70.0,dn5,2,pkg56,79.0,88.0,91,8.065044950046229,83.0,79.0,1.0,3,4.0
97,71,71.0,dn11,4,pkg57,75.0,83.0,87,8.065044950046229,81,76,1.0,4,5
97,77,77.0,dn1,1,pkg58,86.0,96.0,102,8.065044950046229,91.0,86.0,1.0,6,5.0
97,78,78.0,dn4,2,pkg59,86.0,95.0,98,8.065044950046229,88.0,86.0,1.0,3,2.0
97,81,81.0,dn6,2,pkg60,85.0,94.0,98,8.065044950046229,89,85,1.0,4,4
97,82,82.0,dn13,5,pkg61,87.0,94.0,98,8.065044950046229,92,87,1.0,4,5
97,85,85.0,dn2,1,pkg62,94.0,103.0,108,8.065044950046229,99.0,94.0,1.0,5,5.0
97,88,88.0,dn4,2,pkg63,93.0,98.0,103,8.065044950046229,95.0,93.0,1.0,5,2.0
97,91,91.0,dn3,1,pkg64,98.0,107.0,112,8.065044950046229,104.0,98.0,1.0,5,6.0
97,96,96.0,dn1,1,pkg65,101.0,111.0,117,8.065044950046229,106,101,1.0,6,5
97,96,96.0,dn14,5,pkg66,106.0,114.0,125,8.065044950046229,116,106,0.9847445937098342,11,10
97,99,99.0,dn7,3,pkg67,103.0,112.0,115,8.065044950046229,105.0,103.0,1.0,3,2.0
97,99,99.0,dn8,3,pkg68,109.0,117.0,121,8.065044950046229,113.0,109.0,1.0,4,4.0
98,0,0.0,dn1,1,pkg7,8.0,16.0,21,8.065044950046229,15.0,8.0,1.0,5,7.0
98,0,0.0,dn2,1,pkg18,5.0,10.0,17,8.065044950046229,10,5,0.8837170879173109,7,5
98,0,0.0,dn3,1,pkg19,9.0,15.0,23,8.065044950046229,14.0,9.0,1.0,8,5.0
98,0,0.0,dn7,3,pkg22,5.0,10.0,18,8.065044950046229,24,12,0.742124235688649,8,12
98,0,0.0,dn8,3,pkg4,5.0,13.0,21,8.065044950046229,9.0,5.0,0.981497059608109,8,4.0
98,0,0.0,dn9,3,pkg16,6.0,11.0,20,8.065044950046229,24,12,0.7169814111499796,9,12
98,0,0.0,dn11,4,pkg10,7.0,16.0,24,8.065044950046229,16,8,1.0,8,8
98,0,0.0,dn12,4,pkg3,8.0,14.0,23,8.065044950046229,15.0,8.0,0.9554953287499572,9,7.0
98,0,0.0,dn10,4,pkg12,9.0,15.0,16,8.065044950046229,10.0,9.0,1.0,1,1.0
98,0,0.0,dn13,5,pkg5,6.0,13.0,18,8.065044950046229,10.0,6.0,1.0,5,4.0
98,1,1.0,dn4,2,pkg21,6.0,12.0,18,8.065044950046229,10.0,6.0,1.0,6,4.0
98,1,1.0,dn5,2,pkg20,6.0,15.0,19,8.065044950046229,15,8,1.0,4,7
98,1,1.0,dn6,2,pkg14,7.0,16.0,21,8.065044950046229,10.0,7.0,1.0,5,3.0
98,1,1.0,dn14,5,pkg11,7.0,12.0,18,8.065044950046229,13,7,1.0,6,6
98,1,1.0,dn15,5,pkg23,7.0,13.0,22,8.065044950046229,17,9,0.8130495168499705,9,8
98,9,9.0,dn8,3,pkg17,7.0,16.0,19,8.065044950046229,17,13,1.0,3,4
98,10,10.0,dn2,1,pkg26,14.0,20.0,27,8.065044950046229,18,14,0.8837170879173109,7,4
98,10,10.0,dn4,2,pkg2,7.0,15.0,22,8.065044950046229,22,16,0.22658690677451554,7,6
98,10,10.0,dn6,2,pkg15,9.0,14.0,18,8.065044950046229,20,15,0.5,4,5
98,10,10.0,dn10,4,pkg28,20.0,29.0,34,8.065044950046229,27.0,20.0,1.0,5,7.0
98,10,10.0,dn13,5,pkg25,10.0,18.0,26,8.065044950046229,28,19,0.5,8,9
98,13,13.0,dn14,5,pkg1,9.0,19.0,28,8.065044950046229,31,22,0.18695048315002943,9,9
98,14,14.0,dn3,1,pkg8,9.0,16.0,25,8.065044950046229,38,26,0.0,9,12
98,15,15.0,dn5,2,pkg29,21.0,31.0,37,8.065044950046229,23.0,21.0,1.0,6,2.0
98,17,17.0,dn15,5,pkg13,8.0,18.0,29,8.065044950046229,39,28,0.0,11,11
98,17,17.0,dn8,3,pkg6,9.0,19.0,22,8.065044950046229,27,22,0.18695048315002943,3,5
98,18,18.0,dn1,1,pkg30,24.0,34.0,41,8.065044950046229,32,25,1.0,7,7
98,20,20.0,dn6,2,pkg31,29.0,35.0,39,8.065044950046229,33.0,29.0,1.0,4,4.0
98,22,22.0,dn4,2,pkg33,30.0,39.0,47,8.065044950046229,37.0,30.0,1.0,8,7.0
98,23,23.0,dn5,2,pkg34,28.0,36.0,45,8.065044950046229,35,29,0.8942105026999628,9,6
98,24,24.0,dn7,3,pkg32,26.0,34.0,43,8.065044950046229,46,35,0.6109752255499895,9,11
98,25,25.0,dn2,1,pkg35,32.0,39.0,43,8.065044950046229,37.0,32.0,1.0,4,5.0
98,27,27.0,dn8,3,pkg36,37.0,47.0,57,8.065044950046229,44.0,37.0,1.0,10,7.0
98,29,29.0,dn10,4,pkg37,37.0,43.0,44,8.065044950046229,38.0,37.0,1.0,1,1.0
98,31,31.0,dn11,4,pkg38,36.0,42.0,46,8.065044950046229,40.0,36.0,1.0,4,4.0
98,31,31.0,dn12,4,pkg39,38.0,45.0,53,8.065044950046229,47,39,1.0,8,8
98,32,32.0,dn1,1,pkg40,41.0,48.0,54,8.065044950046229,48.0,41.0,1.0,6,7.0
98,34,34.0,dn6,2,pkg41,38.0,48.0,55,8.065044950046229,48,41,1.0,7,7
98,35,35.0,dn5,2,pkg42,40.0,48.0,55,8.065044950046229,51,43,1.0,7,8
98,45,45.0,dn2,1,pkg43,54.0,62.0,63,8.065044950046229,55.0,54.0,1.0,1,1.0
98,47,47.0,dn3,1,pkg44,54.0,63.0,70,8.065044950046229,60.0,54.0,1.0,7,6.0
98,48,48.0,dn1,1,pkg46,57.0,66.0,73,8.065044950046229,65.0,57.0,1.0,7,8.0
98,48,48.0,dn4,2,pkg45,55.0,63.0,66,8.065044950046229,59.0,55.0,1.0,3,4.0
98,49,49.0,dn13,5,pkg47,55.0,61.0,72,8.065044950046229,65,57,0.5910219106092702,11,8
98,50,50.0,dn6,2,pkg48,55.0,61.0,67,8.065044950046229,66,58,1.0,6,8
98,51,51.0,dn7,3,pkg49,59.0,66.0,72,8.065044950046229,63.0,59.0,1.0,6,4.0
98,54,54.0,dn8,3,pkg50,63.0,69.0,71,8.065044950046229,64.0,63.0,1.0,2,1.0
98,56,56.0,dn14,5,pkg51,61.0,71.0,78,8.065044950046229,66,61,1.0,7,5
98,56,56.0,dn9,3,pkg52,65.0,75.0,82,8.065044950046229,70.0,65.0,1.0,7,5.0
98,59,59.0,dn2,1,pkg53,68.0,75.0,84,8.065044950046229,73.0,68.0,1.0,9,5.0
98,59,59.0,dn15,5,pkg54,64.0,72.0,79,8.065044950046229,69,64,1.0,7,5
98,60,60.0,dn3,1,pkg55,66.0,74.0,81,8.065044950046229,80,70,1.0,7,10
98,62,62.0,dn10,4,pkg56,68.0,74.0,82,8.065044950046229,80,71,0.9276480006968348,8,9
98,64,64.0,dn4,2,pkg57,73.0,80.0,88,8.065044950046229,88,76,1.0,8,12
98,66,66.0,dn1,1,pkg58,74.0,84.0,87,8.065044950046229,78.0,74.0,1.0,3,4.0
98,68,68.0,dn7,3,pkg59,73.0,79.0,81,8.065044950046229,74.0,73.0,1.0,2,1.0
98,68,68.0,dn8,3,pkg60,78.0,84.0,93,8.065044950046229,86.0,78.0,1.0,9,8.0
98,70,70.0,dn9,3,pkg61,78.0,87.0,90,8.065044950046229,80.0,78.0,1.0,3,2.0
98,71,71.0,dn13,5,pkg62,81.0,86.0,90,8.065044950046229,85.0,81.0,1.0,4,4.0
98,73,73.0,dn6,2,pkg64,81.0,86.0,90,8.065044950046229,84.0,81.0,1.0,4,3.0
98,73,73.0,dn11,4,pkg63,80.0,85.0,90,8.065044950046229,84.0,80.0,1.0,5,4.0
98,75,75.0,dn5,2,pkg65,82.0,87.0,92,8.065044950046229,83.0,82.0,1.0,5,1.0
98,78,78.0,dn7,3,pkg66,84.0,90.0,96,8.065044950046229,89.0,84.0,1.0,6,5.0
98,79,79.0,dn12,4,pkg67,85.0,90.0,95,8.065044950046229,93,86,1.0,5,7
98,80,80.0,dn9,3,pkg68,88.0,94.0,97,8.065044950046229,92.0,88.0,1.0,3,4.0
98,84,84.0,dn5,2,pkg69,89.0,95.0,103,8.065044950046229,96,90,0.8454987064453288,8,6
98,84,84.0,dn14,5,pkg70,92.0,98.0,105,8.065044950046229,106,95,1.0,7,11
98,85,85.0,dn1,1,pkg71,95.0,101.0,105,8.065044950046229,97.0,95.0,1.0,4,2.0
98,86,86.0,dn10,4,pkg72,96.0,102.0,109,8.065044950046229,105.0,96.0,1.0,7,9.0
98,89,89.0,dn2,1,pkg73,96.0,101.0,104,8.065044950046229,99.0,96.0,1.0,3,3.0
98,90,90.0,dn13,5,pkg74,97.0,102.0,107,8.065044950046229,104,97,1.0,5,7
98,92,92.0,dn9,3,pkg75,101.0,106.0,114,8.065044950046229,110,101,1.0,8,9
98,93,93.0,dn7,3,pkg76,102.0,108.0,113,8.065044950046229,104.0,102.0,1.0,5,2.0
98,95,95.0,dn3,1,pkg77,104.0,109.0,117,8.065044950046229,108.0,104.0,1.0,8,4.0
98,97,97.0,dn8,3,pkg78,104.0,114.0,123,8.065044950046229,115,106,1.0,9,9
98,99,99.0,dn4,2,pkg80,106.0,112.0,117,8.065044950046229,108.0,106.0,1.0,5,2.0
98,99,99.0,dn12,4,pkg79,107.0,115.0,121,8.065044950046229,115,107,1.0,6,8
99,0,0.0,dn1,1,pkg4,5.0,15.0,17,8.065044950046229,8.0,5.0,1.0,2,3.0
99,0,0.0,dn2,1,pkg6,5.0,11.0,18,8.065044950046229,12,6,0.9623380203040381,7,6
99,0,0.0,dn4,2,pkg18,10.0,15.0,20,8.065044950046229,13.0,10.0,1.0,5,3.0
99,0,0.0,dn5,2,pkg7,8.0,16.0,21,8.065044950046229,11.0,8.0,1.0,5,3.0
99,0,0.0,dn6,2,pkg16,9.0,17.0,23,8.065044950046229,15.0,9.0,1.0,6,6.0
99,0,0.0,dn10,4,pkg8,6.0,11.0,17,8.065044950046229,11.0,6.0,1.0,6,5.0
99,1,1.0,dn3,1,pkg14,6.0,14.0,17,8.065044950046229,10.0,6.0,1.0,3,4.0
99,1,1.0,dn7,3,pkg11,8.0,14.0,25,8.065044950046229,14.0,8.0,0.6793222358514858,11,6.0
99,1,1.0,dn8,3,pkg12,9.0,17.0,22,8.065044950046229,15.0,9.0,1.0,5,6.0
99,1,1.0,dn9,3,pkg20,9.0,18.0,23,8.065044950046229,13.0,9.0,1.0,5,4.0
99,1,1.0,dn11,4,pkg21,6.0,16.0,19,8.065044950046229,8.0,6.0,1.0,3,2.0
99,1,1.0,dn13,5,pkg10,10.0,19.0,27,8.065044950046229,18.0,10.0,1.0,8,8.0
99,1,1.0,dn15,5,pkg19,6.0,15.0,26,8.065044950046229,29,15,0.7621793903595921,11,14
99,1,1.0,dn14,5,pkg13,7.0,15.0,23,8.065044950046229,12.0,7.0,1.0,8,5.0
99,1,1.0,dn12,4,pkg15,7.0,14.0,20,8.065044950046229,21,11,1.0,6,10
99,8,8.0,dn1,1,pkg3,10.0,18.0,22,8.065044950046229,18,13,1.0,4,5
99,8,8.0,dn11,4,pkg17,8.0,17.0,24,8.065044950046229,20,14,0.7734130932254845,7,6
99,10,10.0,dn3,1,pkg22,7.0,17.0,22,8.065044950046229,24,17,0.8638529812987656,5,7
99,11,11.0,dn5,2,pkg25,19.0,28.0,38,8.065044950046229,29,20,0.9972791575161781,10,9
99,11,11.0,dn10,4,pkg27,16.0,21.0,31,8.065044950046229,21,16,0.5,10,5
99,12,12.0,dn2,1,pkg28,21.0,26.0,36,8.065044950046229,38,25,0.8638529812987656,10,13
99,12,12.0,dn14,5,pkg23,10.0,19.0,28,8.065044950046229,32,22,0.2830185888500204,9,10
99,13,13.0,dn4,2,pkg2,7.0,15.0,24,8.065044950046229,25,19,0.0,9,6
99,14,14.0,dn7,3,pkg26,15.0,25.0,29,8.065044950046229,22,18,1.0,4,4
99,15,15.0,dn6,2,pkg30,19.0,27.0,33,8.065044950046229,29,22,1.0,6,7
99,18,18.0,dn1,1,pkg33,26.0,31.0,35,8.065044950046229,32.0,26.0,1.0,4,6.0
99,18,18.0,dn13,5,pkg31,25.0,34.0,45,8.065044950046229,32,25,0.9006778457052591,11,7
99,21,21.0,dn8,3,pkg34,30.0,39.0,43,8.065044950046229,34.0,30.0,1.0,4,4.0
99,22,22.0,dn7,3,pkg35,29.0,38.0,41,8.065044950046229,31.0,29.0,1.0,3,2.0
99,24,24.0,dn3,1,pkg36,33.0,40.0,43,8.065044950046229,35.0,33.0,1.0,3,2.0
99,25,25.0,dn9,3,pkg37,32.0,39.0,48,8.065044950046229,49,37,0.9554953287499572,9,12
99,25,25.0,dn4,2,pkg32,24.0,30.0,35,8.065044950046229,33,29,0.5,5,4
99,28,28.0,dn10,4,pkg39,36.0,41.0,47,8.065044950046229,44,36,1.0,6,8
99,29,29.0,dn5,2,pkg40,36.0,44.0,51,8.065044950046229,45,37,1.0,7,8
99,29,29.0,dn15,5,pkg38,31.0,36.0,39,8.065044950046229,35,32,1.0,3,3
99,32,32.0,dn1,1,pkg41,41.0,50.0,59,8.065044950046229,46.0,41.0,1.0,9,5.0
99,35,35.0,dn15,5,pkg42,40.0,50.0,59,8.065044950046229,43.0,40.0,0.9919349550499538,9,3.0
99,38,38.0,dn2,1,pkg43,46.0,56.0,64,8.065044950046229,52.0,46.0,1.0,8,6.0
99,38,38.0,dn3,1,pkg44,47.0,54.0,59,8.065044950046229,52.0,47.0,1.0,5,5.0
99,46,46.0,dn1,1,pkg46,51.0,61.0,68,8.065044950046229,58,52,1.0,7,6
99,46,46.0,dn14,5,pkg45,50.0,56.0,63,8.065044950046229,64,55,0.8837170879173109,7,9
99,48,48.0,dn13,5,pkg47,54.0,59.0,70,8.065044950046229,74,61,0.5,11,13
99,51,51.0,dn15,5,pkg48,55.0,62.0,70,8.065044950046229,69,60,0.8454987064453288,8,9
99,58,58.0,dn10,4,pkg49,66.0,74.0,77,8.065044950046229,68.0,66.0,1.0,3,2.0
99,62,62.0,dn11,4,pkg50,68.0,73.0,77,8.065044950046229,71.0,68.0,1.0,4,3.0
99,62,62.0,dn12,4,pkg51,68.0,78.0,86,8.065044950046229,73.0,68.0,1.0,8,5.0
99,63,63.0,dn1,1,pkg52,72.0,79.0,89,8.065044950046229,80.0,72.0,0.9733308694771554,10,8.0
99,65,65.0,dn3,1,pkg53,74.0,81.0,88,8.065044950046229,82.0,74.0,1.0,7,8.0
99,65,65.0,dn4,2,pkg54,70.0,80.0,85,8.065044950046229,77,71,1.0,5,6
99,71,71.0,dn7,3,pkg55,79.0,87.0,90,8.065044950046229,83.0,79.0,1.0,3,4.0
99,74,74.0,dn13,5,pkg56,83.0,93.0,96,8.065044950046229,85.0,83.0,1.0,3,2.0
99,75,75.0,dn2,1,pkg57,80.0,90.0,97,8.065044950046229,87,81,1.0,7,6
99,76,76.0,dn10,4,pkg58,83.0,90.0,100,8.065044950046229,106,91,0.8638529812987656,10,15
99,80,80.0,dn1,1,pkg59,86.0,96.0,105,8.065044950046229,92,86,1.0,9,6
99,81,81.0,dn4,2,pkg60,90.0,95.0,101,8.065044950046229,98.0,90.0,1.0,6,8.0
99,84,84.0,dn5,2,pkg61,90.0,95.0,101,8.065044950046229,98,91,1.0,6,7
99,85,85.0,dn13,5,pkg62,91.0,101.0,110,8.065044950046229,103,94,1.0,9,9
99,86,86.0,dn7,3,pkg63,96.0,105.0,107,8.065044950046229,97.0,96.0,1.0,2,1.0
99,92,92.0,dn14,5,pkg64,99.0,104.0,107,8.065044950046229,100.0,99.0,1.0,3,1.0
99,96,96.0,dn11,4,pkg65,100.0,106.0,109,8.065044950046229,106,101,1.0,3,5
99,96,96.0,dn12,4,pkg66,105.0,113.0,123,8.065044950046229,114,105,0.9972791575161781,10,9
99,99,99.0,dn7,3,pkg67,105.0,115.0,119,8.065044950046229,107.0,105.0,1.0,4,2.0
