trial,timestep,drone_id,pkg_id,actual_delivery_time,on_time,deadline,depot_lat,depot_lon,delivery_lat,delivery_lon
,6.0,dn5,pkg17,6.0,True,13.0,37.751751,-122.410654,37.74717182902261,-122.39749383060699
,6.0,dn14,pkg19,6.0,True,15.0,37.739611,-122.492203,37.75403656546103,-122.48264850982625
,7.0,dn13,pkg9,7,True,12.0,37.739611,-122.492203,37.724593591822114,-122.46880296639262
,7.0,dn15,pkg15,7.0,True,16.0,37.739611,-122.492203,37.751031283628706,-122.50660667426612
,8.0,dn1,pkg2,8.0,True,17.0,37.774524,-122.473656,37.76397890927038,-122.47551909649188
,8.0,dn10,pkg11,8,True,15.0,37.78929,-122.426797,37.78617584084239,-122.39642928745718
,8.0,dn11,pkg8,8,True,14.0,37.78929,-122.426797,37.77310115152999,-122.46926442558446
,8.0,dn8,pkg3,8.0,True,15.0,37.718779,-122.462401,37.72838348341742,-122.45628574200043
,8.0,dn7,pkg1,8.0,True,18.0,37.718779,-122.462401,37.72261678304087,-122.44873008423035
,9.0,dn2,pkg6,9.0,True,18.0,37.774524,-122.473656,37.779804506686716,-122.49454760697658
,9.0,dn3,pkg16,9,True,12.0,37.774524,-122.473656,37.748076849603585,-122.46812429027767
,9.0,dn6,pkg21,9,True,12.0,37.751751,-122.410654,37.72078662313689,-122.43770134140281
,10.0,dn9,pkg5,10.0,True,19.0,37.718779,-122.462401,37.72110224515376,-122.5012583440802
,11.0,dn12,pkg4,11,True,16.0,37.78929,-122.426797,37.74793880573911,-122.41549362388074
,12.0,dn1,pkg7,12,True,15.0,37.774524,-122.473656,37.77297376531437,-122.48100030583758
,14.0,dn4,pkg13,14,True,14.0,37.751751,-122.410654,37.71509764880479,-122.44272573307225
,14.0,dn7,pkg18,14,True,18.0,37.718779,-122.462401,37.74436939171663,-122.45791993991776
,19.0,dn14,pkg20,19,True,19.0,37.739611,-122.492203,37.71406446408974,-122.48649463311172
,20.0,dn5,pkg10,20,False,17.0,37.751751,-122.410654,37.71560464297584,-122.4048093933317
,20.0,dn15,pkg24,20,False,18.0,37.739611,-122.492203,37.77012252174613,-122.48260155414405
,20.0,dn1,pkg29,20,True,24.0,37.774524,-122.473656,37.79013418922843,-122.48597883037037
,21.0,dn10,pkg23,21,False,16.0,37.78929,-122.426797,37.76760178929665,-122.40478135630521
,22.0,dn8,pkg22,22,False,19.0,37.718779,-122.462401,37.74331731172092,-122.42259864779801
,22.0,dn7,pkg31,22,True,25.0,37.718779,-122.462401,37.73311182627455,-122.44237192548196
,24.0,dn2,pkg26,24,False,22.0,37.774524,-122.473656,37.78779183173866,-122.49740629959383
,26.0,dn9,pkg32,26.0,True,33.0,37.718779,-122.462401,37.712766442989945,-122.46476600160845
,27.0,dn13,pkg28,27,True,27.0,37.739611,-122.492203,37.767506323964994,-122.45350035456525
,28.0,dn6,pkg30,28,True,28.0,37.751751,-122.410654,37.71092895033288,-122.41720150451029
,28.0,dn3,pkg33,28.0,True,36.0,37.774524,-122.473656,37.79132358504207,-122.50534036743737
,29.0,dn11,pkg12,29,False,17.0,37.78929,-122.426797,37.746419003082046,-122.40830060980026
,30.0,dn7,pkg35,30,True,37.0,37.718779,-122.462401,37.719682351661746,-122.47178138734303
,31.0,dn12,pkg34,31,True,38.0,37.78929,-122.426797,37.766155323153434,-122.39893000521056
,35.0,dn4,pkg36,35,True,41.0,37.751751,-122.410654,37.734875269836024,-122.43070386345627
,36.0,dn14,pkg38,36.0,True,41.0,37.739611,-122.492203,37.737097136518194,-122.478357880537
,36.0,dn10,pkg39,36.0,True,45.0,37.78929,-122.426797,37.78378830472371,-122.41214893228266
,38.0,dn15,pkg37,38.0,True,46.0,37.739611,-122.492203,37.75104478533977,-122.4992617947086
,38.0,dn7,pkg40,38.0,True,43.0,37.718779,-122.462401,37.7317923829472,-122.44252255608808
,40.0,dn1,pkg41,40,True,45.0,37.774524,-122.473656,37.75569030334844,-122.50391607786989
,43.0,dn2,pkg42,43.0,True,53.0,37.774524,-122.473656,37.775421711448374,-122.5037250457096
,48.0,dn6,pkg43,48.0,True,53.0,37.751751,-122.410654,37.75032821994479,-122.43161343679205
,49.0,dn3,pkg44,49.0,True,58.0,37.774524,-122.473656,37.78112364947348,-122.44380818273119
,53.0,dn13,pkg45,53,True,61.0,37.739611,-122.492203,37.75978904236926,-122.48698809190846
,56.0,dn7,pkg48,56.0,True,65.0,37.718779,-122.462401,37.73006619425571,-122.48316566693336
,58.0,dn4,pkg46,58,True,60.0,37.751751,-122.410654,37.74430022738946,-122.45162146410243
,59.0,dn6,pkg51,59.0,True,69.0,37.751751,-122.410654,37.7530325373381,-122.4105151980614
,60.0,dn5,pkg49,60.0,True,66.0,37.751751,-122.410654,37.72956783001306,-122.39694223412886
,62.0,dn8,pkg50,62.0,True,68.0,37.718779,-122.462401,37.73668931995107,-122.47915585510064
,65.0,dn2,pkg47,65,True,67.0,37.774524,-122.473656,37.764025935267746,-122.41833198540691
,65.0,dn9,pkg53,65.0,True,75.0,37.718779,-122.462401,37.72093916037311,-122.43539568760424
,68.0,dn10,pkg56,68,True,73.0,37.78929,-122.426797,37.775287358299856,-122.47106509881318
,68.0,dn13,pkg57,68.0,True,75.0,37.739611,-122.492203,37.74211794435576,-122.4820159765975
,70.0,dn14,pkg52,70,False,68.0,37.739611,-122.492203,37.71566842688528,-122.4481294252824
,71.0,dn7,pkg54,71,False,70.0,37.718779,-122.462401,37.72258277035883,-122.41829824918135
,71.0,dn5,pkg59,71.0,True,78.0,37.751751,-122.410654,37.741017184612126,-122.41508258380884
,72.0,dn11,pkg55,72,True,77.0,37.78929,-122.426797,37.7588284976213,-122.40444468814366
,75.0,dn1,pkg58,75,True,78.0,37.774524,-122.473656,37.749759786484454,-122.44784022419489
,77.0,dn9,pkg61,77,True,85.0,37.718779,-122.462401,37.71438580748872,-122.4114475172631
,78.0,dn6,pkg60,78,True,80.0,37.751751,-122.410654,37.7226288615066,-122.43949185697713
,82.0,dn8,pkg62,82.0,True,91.0,37.718779,-122.462401,37.709134468252984,-122.41740109473652
,83.0,dn4,pkg63,83,True,91.0,37.751751,-122.410654,37.711642151256385,-122.4112253665577
,88.0,dn7,pkg64,88.0,True,94.0,37.718779,-122.462401,37.720020827655,-122.49008983597177
,97.0,dn5,pkg66,97,True,101.0,37.751751,-122.410654,37.79328473711511,-122.40358835857548
,99.0,dn9,pkg65,99,True,100.0,37.718779,-122.462401,37.73554886171999,-122.41290884531966
,5.0,dn13,pkg10,5,True,11.0,37.739611,-122.492203,37.76396584314322,-122.46609402743299
,6.0,dn11,pkg18,6.0,True,15.0,37.78929,-122.426797,37.77852759195831,-122.43892549601718
,6.0,dn12,pkg7,6,True,12.0,37.78929,-122.426797,37.789564945019855,-122.46207256559617
,6.0,dn15,pkg9,6,True,14.0,37.739611,-122.492203,37.72734328741693,-122.50702235899556
,6.0,dn5,pkg15,6.0,True,12.0,37.751751,-122.410654,37.749613405421314,-122.402961944709
,6.0,dn6,pkg6,6.0,True,16.0,37.751751,-122.410654,37.74891174659689,-122.39945674527176
,7.0,dn1,pkg21,7.0,True,13.0,37.774524,-122.473656,37.766154380021256,-122.4641951782916
,7.0,dn2,pkg3,7,True,12.0,37.774524,-122.473656,37.75583673663461,-122.45932318018976
,8.0,dn9,pkg19,8.0,True,15.0,37.718779,-122.462401,37.70745402836607,-122.45568901581314
,9.0,dn10,pkg13,9.0,True,15.0,37.78929,-122.426797,37.77375384726836,-122.4304849166491
,9.0,dn7,pkg17,9.0,True,18.0,37.718779,-122.462401,37.74547980182459,-122.43773729001954
,9.0,dn8,pkg2,9.0,True,17.0,37.718779,-122.462401,37.711427689841884,-122.46313121449592
,9.0,dn5,pkg22,9,True,16.0,37.751751,-122.410654,37.740953847644064,-122.4054733311117
,10.0,dn3,pkg14,10.0,True,18.0,37.774524,-122.473656,37.76979268859311,-122.49846239321845
,12.0,dn4,pkg11,12,True,15.0,37.751751,-122.410654,37.71978010435263,-122.41166286868085
,13.0,dn11,pkg8,13,True,15.0,37.78929,-122.426797,37.782718247210845,-122.418254050641
,14.0,dn14,pkg16,14,False,13.0,37.739611,-122.492203,37.7086916125414,-122.47295296661916
,14.0,dn9,pkg5,14,True,16.0,37.718779,-122.462401,37.71671973364279,-122.47490609484815
,18.0,dn6,pkg25,18.0,True,26.0,37.751751,-122.410654,37.71688984322046,-122.42320848423843
,18.0,dn13,pkg1,18,False,14.0,37.739611,-122.492203,37.75802349091719,-122.49289608224912
,18.0,dn1,pkg4,18,False,13.0,37.774524,-122.473656,37.79040508665306,-122.44176657966544
,19.0,dn2,pkg26,19,True,28.0,37.774524,-122.473656,37.79097427987298,-122.49405766273273
,21.0,dn5,pkg23,21,True,22.0,37.751751,-122.410654,37.723779866859566,-122.44329736040174
,22.0,dn7,pkg27,22.0,True,30.0,37.718779,-122.462401,37.72079701700069,-122.47081446906725
,24.0,dn15,pkg20,24,False,17.0,37.739611,-122.492203,37.7548185124528,-122.45243594511535
,25.0,dn8,pkg24,25,False,21.0,37.718779,-122.462401,37.738293417981,-122.50103612561132
,25.0,dn3,pkg28,25.0,True,31.0,37.774524,-122.473656,37.7797652832351,-122.50341470698137
,27.0,dn9,pkg29,27.0,True,34.0,37.718779,-122.462401,37.73277533722936,-122.50572858727521
,27.0,dn7,pkg30,27.0,True,32.0,37.718779,-122.462401,37.72626344823268,-122.46586151490543
,28.0,dn12,pkg12,28,False,14.0,37.78929,-122.426797,37.786816854048176,-122.47725911222182
,30.0,dn4,pkg31,30.0,True,39.0,37.751751,-122.410654,37.74874983577915,-122.43999617815476
,35.0,dn1,pkg32,35,True,38.0,37.774524,-122.473656,37.732987413478,-122.48680651096302
,39.0,dn7,pkg33,39,True,46.0,37.718779,-122.462401,37.70902497629307,-122.40700252679234
,42.0,dn5,pkg35,42.0,True,50.0,37.751751,-122.410654,37.75297405599168,-122.41430586110276
,42.0,dn6,pkg34,42.0,True,49.0,37.751751,-122.410654,37.76437681609236,-122.40722028384552
,45.0,dn9,pkg36,45,True,52.0,37.718779,-122.462401,37.71797349695922,-122.4942335040327
,46.0,dn2,pkg37,46.0,True,56.0,37.774524,-122.473656,37.78039218699631,-122.49509932377809
,46.0,dn4,pkg38,46.0,True,55.0,37.751751,-122.410654,37.76048797934707,-122.40526964386686
,51.0,dn8,pkg40,51,True,58.0,37.718779,-122.462401,37.711884982729664,-122.48433029858565
,51.0,dn5,pkg43,51.0,True,59.0,37.751751,-122.410654,37.746876491702075,-122.40588374314417
,54.0,dn1,pkg42,54,True,62.0,37.774524,-122.473656,37.73298637313596,-122.47295402760295
,55.0,dn12,pkg41,55,True,57.0,37.78929,-122.426797,37.79210823342042,-122.48112947354527
,56.0,dn13,pkg44,56.0,True,64.0,37.739611,-122.492203,37.72345718503293,-122.46696016014303
,59.0,dn7,pkg46,59,True,63.0,37.718779,-122.462401,37.737062173798954,-122.46434869906271
,60.0,dn10,pkg39,60,True,62.0,37.78929,-122.426797,37.748280508379466,-122.41023242436496
,60.0,dn2,pkg45,60,True,60.0,37.774524,-122.473656,37.753101567878545,-122.46507417655187
,63.0,dn3,pkg47,63.0,True,71.0,37.774524,-122.473656,37.760378209457265,-122.48539728191594
,65.0,dn15,pkg48,65.0,True,75.0,37.739611,-122.492203,37.77734878082111,-122.48131855808609
,69.0,dn5,pkg49,69,True,72.0,37.751751,-122.410654,37.71591981116377,-122.39917068953457
,70.0,dn4,pkg50,70.0,True,78.0,37.751751,-122.410654,37.77443632394533,-122.42435062636555
,72.0,dn6,pkg52,72.0,True,82.0,37.751751,-122.410654,37.733726178034985,-122.44415579500885
,73.0,dn12,pkg54,73.0,True,80.0,37.78929,-122.426797,37.78295624023835,-122.43341663804992
,74.0,dn13,pkg55,74.0,True,80.0,37.739611,-122.492203,37.723076980995394,-122.48863720589866
,75.0,dn11,pkg51,75,True,79.0,37.78929,-122.426797,37.75232479838059,-122.4201429101515
,77.0,dn7,pkg53,77,True,78.0,37.718779,-122.462401,37.709567102911656,-122.40886038274488
,80.0,dn14,pkg58,80.0,True,86.0,37.739611,-122.492203,37.746637075741,-122.49677475920637
,84.0,dn10,pkg59,84,True,92.0,37.78929,-122.426797,37.77122975115086,-122.46181107364143
,86.0,dn4,pkg57,86,True,89.0,37.751751,-122.410654,37.728462189209665,-122.4036728757088
,90.0,dn12,pkg56,90,False,82.0,37.78929,-122.426797,37.76507954159114,-122.40029489688422
,90.0,dn5,pkg60,90.0,True,98.0,37.751751,-122.410654,37.76320165380109,-122.417037455563
,92.0,dn1,pkg61,92,True,101.0,37.774524,-122.473656,37.74481665262623,-122.47641060639963
,93.0,dn2,pkg62,93.0,True,100.0,37.774524,-122.473656,37.77511628588752,-122.4659393812703
,94.0,dn14,pkg63,94.0,True,99.0,37.739611,-122.492203,37.71364435525653,-122.45903950149436
,94.0,dn3,pkg64,94.0,True,104.0,37.774524,-122.473656,37.77920217517867,-122.48588081011668
,97.0,dn7,pkg67,97.0,True,104.0,37.718779,-122.462401,37.71528745749254,-122.44085305853518
,100.0,dn13,pkg65,100.0,True,107.0,37.739611,-122.492203,37.71392731287178,-122.48683302095937
,5.0,dn13,pkg18,5.0,True,13.0,37.739611,-122.492203,37.75121832758545,-122.47853994081507
,5.0,dn14,pkg13,5.0,True,12.0,37.739611,-122.492203,37.76368446964274,-122.4832458735427
,6.0,dn7,pkg10,6.0,True,11.0,37.718779,-122.462401,37.724594815142794,-122.44357197513791
,6.0,dn3,pkg6,6.0,True,12.0,37.774524,-122.473656,37.75541639516789,-122.48324834592665
,7.0,dn11,pkg20,7.0,True,16.0,37.78929,-122.426797,37.7920425403849,-122.41276705373608
,7.0,dn12,pkg21,7.0,True,16.0,37.78929,-122.426797,37.78302290235924,-122.44150887091676
,9.0,dn4,pkg19,9.0,True,18.0,37.751751,-122.410654,37.73388238740322,-122.40513510154638
,9.0,dn6,pkg9,9,True,15.0,37.751751,-122.410654,37.775820237078904,-122.40215198021181
,9.0,dn10,pkg2,9,True,11.0,37.78929,-122.426797,37.788388436727004,-122.45254127020614
,10.0,dn15,pkg12,10,True,10.0,37.739611,-122.492203,37.717130727950206,-122.45446625346658
,10.0,dn1,pkg8,10.0,True,15.0,37.774524,-122.473656,37.78369131760152,-122.47307725344646
,10.0,dn2,pkg17,10.0,True,17.0,37.774524,-122.473656,37.77654648432146,-122.49455759585936
,10.0,dn8,pkg11,10.0,True,19.0,37.718779,-122.462401,37.73862621078192,-122.46350065866118
,10.0,dn9,pkg3,10.0,True,19.0,37.718779,-122.462401,37.72667017527206,-122.4895139347794
,12.0,dn13,pkg16,12,True,18.0,37.739611,-122.492203,37.715960114687014,-122.47262713454117
,13.0,dn14,pkg22,13,True,15.0,37.739611,-122.492203,37.73860275598593,-122.4703456409186
,14.0,dn5,pkg14,14,True,14.0,37.751751,-122.410654,37.78789963259269,-122.39623223182899
,14.0,dn1,pkg23,14,True,15.0,37.774524,-122.473656,37.77554871415214,-122.47718369096921
,15.0,dn11,pkg24,15,True,22.0,37.78929,-122.426797,37.78393203383659,-122.47295934333789
,16.0,dn3,pkg7,16,False,15.0,37.774524,-122.473656,37.778201393102506,-122.44690143310719
,16.0,dn7,pkg27,16,True,20.0,37.718779,-122.462401,37.73589401889916,-122.42463911961494
,18.0,dn4,pkg15,18,False,15.0,37.751751,-122.410654,37.71550101227433,-122.42750464777849
,18.0,dn2,pkg25,18,True,25.0,37.774524,-122.473656,37.7869438768449,-122.48722752220255
,23.0,dn1,pkg29,23.0,True,31.0,37.774524,-122.473656,37.78916976067667,-122.46543605935491
,24.0,dn12,pkg28,24,False,23.0,37.78929,-122.426797,37.77763910300944,-122.4553782947611
,24.0,dn6,pkg30,24,True,29.0,37.751751,-122.410654,37.769363764786355,-122.43039504205447
,25.0,dn8,pkg26,25,False,23.0,37.718779,-122.462401,37.752935700786296,-122.42532230494542
,25.0,dn10,pkg31,25.0,True,32.0,37.78929,-122.426797,37.76921173467998,-122.42999434094827
,26.0,dn15,pkg32,26.0,True,35.0,37.739611,-122.492203,37.7360113576398,-122.48217415187914
,31.0,dn7,pkg33,31.0,True,36.0,37.718779,-122.462401,37.72499889062993,-122.49790039278736
,32.0,dn11,pkg34,32.0,True,39.0,37.78929,-122.426797,37.79496598035244,-122.41951240111312
,34.0,dn5,pkg36,34,True,41.0,37.751751,-122.410654,37.7692682089294,-122.41817687145118
,35.0,dn4,pkg35,35,True,41.0,37.751751,-122.410654,37.77083623544465,-122.44871323733612
,39.0,dn3,pkg40,39,True,49.0,37.774524,-122.473656,37.77968600999449,-122.50331593547074
,41.0,dn11,pkg41,41,True,46.0,37.78929,-122.426797,37.765110026133016,-122.43992778465534
,42.0,dn2,pkg37,42,True,47.0,37.774524,-122.473656,37.74118342757039,-122.44592495292036
,42.0,dn9,pkg38,42,True,44.0,37.718779,-122.462401,37.743040943883365,-122.4170872479857
,44.0,dn6,pkg39,44,True,47.0,37.751751,-122.410654,37.792709079642705,-122.42127615090048
,47.0,dn1,pkg43,47.0,True,53.0,37.774524,-122.473656,37.781111523727034,-122.45183876339163
,47.0,dn13,pkg42,47,True,54.0,37.739611,-122.492203,37.754282908749325,-122.46789912199722
,49.0,dn14,pkg44,49,True,57.0,37.739611,-122.492203,37.76604861437525,-122.48620746305355
,52.0,dn7,pkg46,52,True,59.0,37.718779,-122.462401,37.70707471752439,-122.45389575798029
,54.0,dn11,pkg48,54.0,True,62.0,37.78929,-122.426797,37.79571300584014,-122.43472493074704
,55.0,dn10,pkg45,55.0,True,64.0,37.78929,-122.426797,37.79279060688993,-122.43982629043353
,56.0,dn8,pkg47,56.0,True,65.0,37.718779,-122.462401,37.711646906591774,-122.40940319217668
,61.0,dn1,pkg49,61.0,True,69.0,37.774524,-122.473656,37.75764536826716,-122.45048964225825
,62.0,dn2,pkg50,62.0,True,71.0,37.774524,-122.473656,37.764671744802655,-122.46210275475744
,70.0,dn7,pkg51,70.0,True,78.0,37.718779,-122.462401,37.73184218620475,-122.48904506651716
,80.0,dn13,pkg52,80,True,84.0,37.739611,-122.492203,37.74156263401135,-122.470540677982
,84.0,dn1,pkg53,84.0,True,90.0,37.774524,-122.473656,37.79472175530551,-122.48703556911491
,85.0,dn2,pkg54,85.0,True,90.0,37.774524,-122.473656,37.777455487256745,-122.49224654079038
,85.0,dn7,pkg55,85.0,True,92.0,37.718779,-122.462401,37.737830686752076,-122.47129331306357
,94.0,dn14,pkg56,94.0,True,99.0,37.739611,-122.492203,37.73452746365627,-122.50399289509662
,94.0,dn15,pkg57,94.0,True,104.0,37.739611,-122.492203,37.77459937928835,-122.46565685244582
,94.0,dn2,pkg59,94,True,99.0,37.774524,-122.473656,37.79383845250479,-122.44737128044419
,99.0,dn7,pkg58,99,True,106.0,37.718779,-122.462401,37.74478347107244,-122.46616452304461
,6.0,dn6,pkg10,6.0,True,16.0,37.751751,-122.410654,37.76505877091386,-122.40192985879438
,6.0,dn14,pkg11,6,True,12.0,37.739611,-122.492203,37.782695949129,-122.48635915821478
,6.0,dn1,pkg2,6,True,14.0,37.774524,-122.473656,37.7877282240052,-122.45259122153503
,6.0,dn10,pkg19,6.0,True,13.0,37.78929,-122.426797,37.79042024156559,-122.43657943748646
,7.0,dn12,pkg3,7.0,True,12.0,37.78929,-122.426797,37.77657077465778,-122.43005014469053
,7.0,dn15,pkg4,7,True,14.0,37.739611,-122.492203,37.758926328522705,-122.48667793414067
,8.0,dn8,pkg7,8,True,15.0,37.718779,-122.462401,37.7248071582717,-122.43502211006583
,8.0,dn2,pkg23,8.0,True,17.0,37.774524,-122.473656,37.77327451838973,-122.49555486895788
,8.0,dn11,pkg16,8,True,17.0,37.78929,-122.426797,37.791218359246244,-122.40890675748244
,9.0,dn4,pkg20,9.0,True,19.0,37.751751,-122.410654,37.73828081910835,-122.43829357143005
,9.0,dn7,pkg17,9.0,True,19.0,37.718779,-122.462401,37.70792007046602,-122.49183001109884
,9.0,dn9,pkg6,9.0,True,16.0,37.718779,-122.462401,37.75189764559823,-122.46840845761074
,9.0,dn3,pkg15,9,True,18.0,37.774524,-122.473656,37.750643309507815,-122.48133547611474
,11.0,dn5,pkg22,11,True,13.0,37.751751,-122.410654,37.7165024559121,-122.41196889238756
,12.0,dn12,pkg9,12,True,17.0,37.78929,-122.426797,37.796252416522854,-122.43100758154591
,13.0,dn13,pkg5,13,True,17.0,37.739611,-122.492203,37.76825694905871,-122.46961231612636
,16.0,dn14,pkg21,16,True,18.0,37.739611,-122.492203,37.73224553181342,-122.50300620506229
,16.0,dn9,pkg1,16,True,18.0,37.718779,-122.462401,37.73139653800782,-122.44925008633123
,19.0,dn2,pkg26,19,True,20.0,37.774524,-122.473656,37.78540582383669,-122.42354366511968
,20.0,dn6,pkg8,20,False,15.0,37.751751,-122.410654,37.72067958770652,-122.40768177912389
,20.0,dn1,pkg13,20,False,19.0,37.774524,-122.473656,37.78616213555246,-122.50107405045236
,20.0,dn4,pkg29,20,True,27.0,37.751751,-122.410654,37.738538255305905,-122.41005112758916
,21.0,dn7,pkg25,21,True,22.0,37.718779,-122.462401,37.73239130293199,-122.44418472708611
,21.0,dn11,pkg27,21,True,27.0,37.78929,-122.426797,37.78405289975047,-122.39888865852708
,22.0,dn10,pkg24,22,False,17.0,37.78929,-122.426797,37.770015559797635,-122.4725806102061
,22.0,dn15,pkg28,22,True,25.0,37.739611,-122.492203,37.76749733332338,-122.49230826769782
,25.0,dn12,pkg14,25,False,15.0,37.78929,-122.426797,37.775845332935035,-122.47610768849907
,25.0,dn8,pkg31,25.0,True,32.0,37.718779,-122.462401,37.71950389873682,-122.49978100490581
,25.0,dn3,pkg30,25.0,True,31.0,37.774524,-122.473656,37.77122082911274,-122.5032724631764
,30.0,dn14,pkg33,30.0,True,37.0,37.739611,-122.492203,37.74049433983892,-122.4503633007614
,30.0,dn2,pkg36,30,True,40.0,37.774524,-122.473656,37.78722935924753,-122.4837938781217
,31.0,dn11,pkg34,31.0,True,39.0,37.78929,-122.426797,37.7812981125437,-122.41521603298149
,32.0,dn5,pkg32,32,True,37.0,37.751751,-122.410654,37.779539452928695,-122.41569479445704
,34.0,dn4,pkg35,34,True,37.0,37.751751,-122.410654,37.77829748553904,-122.45676349545637
,35.0,dn6,pkg39,35.0,True,44.0,37.751751,-122.410654,37.740314586778965,-122.40620507295043
,37.0,dn1,pkg40,37,True,47.0,37.774524,-122.473656,37.772155581426844,-122.50142183596508
,38.0,dn13,pkg37,38,True,39.0,37.739611,-122.492203,37.778041600704384,-122.49898359148456
,38.0,dn7,pkg38,38,True,41.0,37.718779,-122.462401,37.74507858261452,-122.41979477751003
,47.0,dn9,pkg42,47.0,True,57.0,37.718779,-122.462401,37.71102707442555,-122.46500585877844
,47.0,dn3,pkg44,47,True,56.0,37.774524,-122.473656,37.739244732856285,-122.48263654576957
,50.0,dn2,pkg41,50,True,52.0,37.774524,-122.473656,37.76690890827498,-122.42660024442003
,52.0,dn8,pkg43,52,False,51.0,37.718779,-122.462401,37.75951224116876,-122.4453073782951
,53.0,dn15,pkg46,53.0,True,61.0,37.739611,-122.492203,37.70852387261939,-122.48626201905105
,55.0,dn1,pkg45,55,True,61.0,37.774524,-122.473656,37.7415377020775,-122.46921883074735
,56.0,dn5,pkg48,56.0,True,66.0,37.751751,-122.410654,37.75388996852184,-122.43053173426003
,57.0,dn4,pkg47,57,True,60.0,37.751751,-122.410654,37.72778189317142,-122.41744474001679
,59.0,dn6,pkg49,59,True,64.0,37.751751,-122.410654,37.78409797080757,-122.41178466137981
,59.0,dn10,pkg50,59.0,True,69.0,37.78929,-122.426797,37.79308471214306,-122.42394173245829
,62.0,dn7,pkg51,62.0,True,71.0,37.718779,-122.462401,37.71947197125931,-122.49624883987288
,67.0,dn3,pkg52,67,True,71.0,37.774524,-122.473656,37.75156677556967,-122.44560883334711
,68.0,dn9,pkg53,68.0,True,77.0,37.718779,-122.462401,37.73695094961636,-122.44917270196547
,71.0,dn10,pkg54,71,True,78.0,37.78929,-122.426797,37.77227302392152,-122.46139259022108
,73.0,dn4,pkg55,73.0,True,82.0,37.751751,-122.410654,37.76792503616746,-122.39624199719194
,74.0,dn7,pkg56,74,True,80.0,37.718779,-122.462401,37.72568462518432,-122.47649862735935
,78.0,dn1,pkg58,78.0,True,87.0,37.774524,-122.473656,37.77546786803996,-122.48744136905663
,79.0,dn5,pkg57,79,True,87.0,37.751751,-122.410654,37.73215618128259,-122.4044094635314
,81.0,dn14,pkg59,81,True,87.0,37.739611,-122.492203,37.72179710793459,-122.45657663381459
,84.0,dn10,pkg61,84.0,True,92.0,37.78929,-122.426797,37.78454512827773,-122.4315047928307
,86.0,dn8,pkg60,86.0,True,91.0,37.718779,-122.462401,37.71426779551289,-122.46401872632428
,86.0,dn11,pkg62,86.0,True,92.0,37.78929,-122.426797,37.7899594895109,-122.42663757722624
,91.0,dn1,pkg63,91.0,True,100.0,37.774524,-122.473656,37.796287737741196,-122.4780121026546
,91.0,dn12,pkg64,91,True,97.0,37.78929,-122.426797,37.773722763755636,-122.39755844969372
,92.0,dn7,pkg66,92,True,96.0,37.718779,-122.462401,37.73326662434974,-122.47278226678769
,98.0,dn4,pkg65,98,True,103.0,37.751751,-122.410654,37.71463911185045,-122.40477111424227
,100.0,dn14,pkg67,100.0,True,105.0,37.739611,-122.492203,37.72384553959739,-122.45455925109741
,6.0,dn7,pkg15,6,True,15.0,37.718779,-122.462401,37.72213548070758,-122.48254899552683
,7.0,dn3,pkg2,7.0,True,14.0,37.774524,-122.473656,37.76374269861512,-122.45550893192012
,7.0,dn10,pkg17,7.0,True,12.0,37.78929,-122.426797,37.77125125269121,-122.42278706885924
,7.0,dn14,pkg7,7,True,16.0,37.739611,-122.492203,37.753951632223796,-122.46335019313733
,8.0,dn8,pkg1,8,True,15.0,37.718779,-122.462401,37.71857550489382,-122.42660522080303
,9.0,dn1,pkg16,9,True,12.0,37.774524,-122.473656,37.73589644116699,-122.48982623237713
,9.0,dn12,pkg4,9.0,True,18.0,37.78929,-122.426797,37.79336810177754,-122.4256547291962
,9.0,dn4,pkg11,9,True,14.0,37.751751,-122.410654,37.72961393854099,-122.41737961296475
,9.0,dn6,pkg19,9.0,True,14.0,37.751751,-122.410654,37.7237558121869,-122.4004055620867
,9.0,dn13,pkg21,9.0,True,14.0,37.739611,-122.492203,37.7438246435275,-122.48533929785538
,10.0,dn15,pkg13,10,True,20.0,37.739611,-122.492203,37.724490156307574,-122.46069480966561
,11.0,dn3,pkg6,11,True,15.0,37.774524,-122.473656,37.76571372724769,-122.46338572864732
,12.0,dn5,pkg20,12,True,14.0,37.751751,-122.410654,37.722155868952775,-122.40947117082275
,14.0,dn2,pkg14,14,False,13.0,37.774524,-122.473656,37.73632388372265,-122.44843685555588
,14.0,dn7,pkg24,14,True,18.0,37.718779,-122.462401,37.72964283158387,-122.45255364061234
,15.0,dn12,pkg23,15,True,23.0,37.78929,-122.426797,37.77629306733192,-122.39545881913011
,15.0,dn10,pkg8,15,True,15.0,37.78929,-122.426797,37.77097477288064,-122.46208315895043
,15.0,dn13,pkg18,15,False,14.0,37.739611,-122.492203,37.73161492730455,-122.49661625593629
,16.0,dn9,pkg10,16,False,12.0,37.718779,-122.462401,37.72653073558682,-122.4125714219292
,16.0,dn14,pkg25,16,True,21.0,37.739611,-122.492203,37.73284629582223,-122.47593508488113
,17.0,dn11,pkg9,17,False,14.0,37.78929,-122.426797,37.75013561748317,-122.45110197109872
,18.0,dn3,pkg5,18,False,16.0,37.774524,-122.473656,37.73483625213567,-122.44891711684213
,20.0,dn7,pkg28,20,True,28.0,37.718779,-122.462401,37.70749922844952,-122.46613980210292
,23.0,dn1,pkg30,23.0,True,28.0,37.774524,-122.473656,37.77689219258021,-122.45468674633312
,24.0,dn8,pkg12,24,False,15.0,37.718779,-122.462401,37.74664050558193,-122.45674083377571
,25.0,dn6,pkg22,25,False,19.0,37.751751,-122.410654,37.707819877936245,-122.41237955513559
,26.0,dn4,pkg29,26,True,28.0,37.751751,-122.410654,37.74417857479971,-122.44591219358111
,28.0,dn7,pkg32,28.0,True,34.0,37.718779,-122.462401,37.7175200463574,-122.46643299035472
,30.0,dn10,pkg27,30,False,27.0,37.78929,-122.426797,37.79455221820103,-122.39506893090883
,30.0,dn5,pkg31,30.0,True,39.0,37.751751,-122.410654,37.767935440204965,-122.39906046186756
,30.0,dn14,pkg33,30.0,True,36.0,37.739611,-122.492203,37.74930019397776,-122.5009352688993
,30.0,dn3,pkg34,30.0,True,35.0,37.774524,-122.473656,37.77621931834349,-122.47208428867415
,35.0,dn12,pkg35,35,True,41.0,37.78929,-122.426797,37.793661631342836,-122.4695867192191
,38.0,dn3,pkg36,38.0,True,47.0,37.774524,-122.473656,37.774053345995604,-122.47929852033296
,40.0,dn11,pkg37,40,True,45.0,37.78929,-122.426797,37.76489463909513,-122.41155634383564
,43.0,dn8,pkg38,43.0,True,53.0,37.718779,-122.462401,37.71456495583906,-122.46893730778766
,45.0,dn4,pkg39,45.0,True,52.0,37.751751,-122.410654,37.73078378092297,-122.43560285672221
,45.0,dn7,pkg40,45,True,54.0,37.718779,-122.462401,37.723191810197314,-122.48576226398794
,48.0,dn9,pkg41,48.0,True,54.0,37.718779,-122.462401,37.72260682685681,-122.47235131399715
,48.0,dn3,pkg42,48.0,True,57.0,37.774524,-122.473656,37.76616125537059,-122.47803031281691
,51.0,dn1,pkg43,51.0,True,61.0,37.774524,-122.473656,37.7802091272374,-122.46038576978628
,52.0,dn2,pkg44,52.0,True,62.0,37.774524,-122.473656,37.78158326858213,-122.48913279312941
,54.0,dn8,pkg45,54.0,True,63.0,37.718779,-122.462401,37.71548912972624,-122.47162347092315
,57.0,dn5,pkg47,57.0,True,64.0,37.751751,-122.410654,37.759377730941296,-122.41937144707265
,58.0,dn13,pkg46,58,True,64.0,37.739611,-122.492203,37.72068491054279,-122.50763061061879
,59.0,dn14,pkg48,59.0,True,67.0,37.739611,-122.492203,37.739843748914815,-122.50353212228083
,62.0,dn3,pkg49,62.0,True,67.0,37.774524,-122.473656,37.7915231158618,-122.48271612822472
,64.0,dn11,pkg50,64.0,True,70.0,37.78929,-122.426797,37.77628834621578,-122.40121581210492
,64.0,dn7,pkg51,64.0,True,73.0,37.718779,-122.462401,37.73337033461462,-122.48411557764958
,64.0,dn8,pkg52,64,True,73.0,37.718779,-122.462401,37.72060957989298,-122.48633563638761
,72.0,dn4,pkg53,72.0,True,79.0,37.751751,-122.410654,37.72928562554515,-122.40980319464066
,74.0,dn5,pkg55,74.0,True,82.0,37.751751,-122.410654,37.71661879733838,-122.41680173921665
,74.0,dn1,pkg56,74.0,True,82.0,37.774524,-122.473656,37.79196241590332,-122.49042488775198
,74.0,dn6,pkg57,74.0,True,81.0,37.751751,-122.410654,37.742106760059535,-122.42025840743544
,78.0,dn9,pkg54,78,False,76.0,37.718779,-122.462401,37.754196355667794,-122.49358718655131
,78.0,dn7,pkg58,78,True,88.0,37.718779,-122.462401,37.73494673871462,-122.49226326749002
,82.0,dn2,pkg59,82.0,True,91.0,37.774524,-122.473656,37.7930355102891,-122.49135474068385
,85.0,dn8,pkg60,85.0,True,93.0,37.718779,-122.462401,37.72153059642965,-122.47837250635115
,89.0,dn4,pkg61,89,True,96.0,37.751751,-122.410654,37.772383298414766,-122.4255339373549
,89.0,dn5,pkg63,89,True,97.0,37.751751,-122.410654,37.71406763014336,-122.42029798394798
,90.0,dn3,pkg62,90.0,True,99.0,37.774524,-122.473656,37.76307390076334,-122.47358415705735
,90.0,dn1,pkg64,90.0,True,100.0,37.774524,-122.473656,37.778198277314196,-122.48201728626886
,92.0,dn10,pkg67,92.0,True,100.0,37.78929,-122.426797,37.785505182669425,-122.4295386742158
,93.0,dn13,pkg65,93.0,True,99.0,37.739611,-122.492203,37.7385550057834,-122.47843336507037
,94.0,dn14,pkg66,94.0,True,99.0,37.739611,-122.492203,37.75023765063786,-122.50056990760835
,96.0,dn15,pkg70,96.0,True,101.0,37.739611,-122.492203,37.74596490133795,-122.48772828503449
,97.0,dn7,pkg69,97.0,True,102.0,37.718779,-122.462401,37.724461032807795,-122.50186798833651
,98.0,dn6,pkg68,98.0,True,108.0,37.751751,-122.410654,37.72399215367648,-122.42643398949112
,5.0,dn9,pkg11,5,True,12.0,37.718779,-122.462401,37.72190791291201,-122.41038023234817
,5.0,dn4,pkg13,5,True,13.0,37.751751,-122.410654,37.76471089528164,-122.4151446522377
,5.0,dn10,pkg15,5,True,12.0,37.78929,-122.426797,37.78963721316202,-122.44489778568416
,6.0,dn7,pkg3,6,True,15.0,37.718779,-122.462401,37.726560481008164,-122.44288865379194
,6.0,dn3,pkg5,6,True,16.0,37.774524,-122.473656,37.782024561989715,-122.45051103305418
,7.0,dn8,pkg7,7,True,10.0,37.718779,-122.462401,37.746288734593215,-122.49392506317568
,7.0,dn12,pkg16,7.0,True,17.0,37.78929,-122.426797,37.78140162219067,-122.39907312362647
,8.0,dn11,pkg6,8.0,True,16.0,37.78929,-122.426797,37.77943385475602,-122.41523898963496
,8.0,dn6,pkg14,8,True,16.0,37.751751,-122.410654,37.7319031720155,-122.42584478839873
,9.0,dn1,pkg21,9.0,True,16.0,37.774524,-122.473656,37.783005993981426,-122.47055970343025
,9.0,dn2,pkg2,9.0,True,17.0,37.774524,-122.473656,37.78024761094127,-122.4858835705544
,10.0,dn5,pkg18,10,True,14.0,37.751751,-122.410654,37.710764527114016,-122.43043363316029
,11.0,dn13,pkg17,11,True,11.0,37.739611,-122.492203,37.721356819017615,-122.46298712609575
,11.0,dn14,pkg1,11,True,16.0,37.739611,-122.492203,37.71258080114899,-122.4581094536386
,11.0,dn15,pkg9,11,True,16.0,37.739611,-122.492203,37.76859143813592,-122.50149297306176
,11.0,dn4,pkg20,11,True,16.0,37.751751,-122.410654,37.757360104594106,-122.41086767293419
,15.0,dn3,pkg19,15,True,15.0,37.774524,-122.473656,37.781933549431976,-122.50062508209804
,15.0,dn2,pkg23,15,True,16.0,37.774524,-122.473656,37.78312552590349,-122.48086068945653
,16.0,dn1,pkg24,16,True,18.0,37.774524,-122.473656,37.75771250318607,-122.48423224646605
,17.0,dn10,pkg25,17.0,True,26.0,37.78929,-122.426797,37.76413406867464,-122.40443068787008
,18.0,dn12,pkg8,18,True,19.0,37.78929,-122.426797,37.76466876627609,-122.4239666323664
,19.0,dn9,pkg22,19,False,18.0,37.718779,-122.462401,37.745701140798715,-122.47283849241775
,19.0,dn11,pkg26,19,True,23.0,37.78929,-122.426797,37.748594384791375,-122.40533647290918
,20.0,dn4,pkg12,20,False,15.0,37.751751,-122.410654,37.70817016744596,-122.39866414737146
,21.0,dn6,pkg28,21,True,31.0,37.751751,-122.410654,37.74853297694607,-122.44251739550973
,22.0,dn7,pkg10,22,False,15.0,37.718779,-122.462401,37.7219330897901,-122.50357221356916
,24.0,dn5,pkg29,24.0,True,33.0,37.751751,-122.410654,37.75584448395438,-122.39875514091986
,26.0,dn2,pkg27,26,True,34.0,37.774524,-122.473656,37.76409319737283,-122.50234780247185
,27.0,dn8,pkg31,27.0,True,35.0,37.718779,-122.462401,37.73399896074389,-122.45747761541676
,28.0,dn3,pkg30,28.0,True,34.0,37.774524,-122.473656,37.78544887372966,-122.4419339090773
,35.0,dn9,pkg33,35.0,True,40.0,37.718779,-122.462401,37.72108168999823,-122.47652981602417
,36.0,dn5,pkg32,36.0,True,41.0,37.751751,-122.410654,37.784158545232366,-122.40823284823165
,36.0,dn1,pkg34,36.0,True,41.0,37.774524,-122.473656,37.789257876213846,-122.46835306431905
,38.0,dn4,pkg35,38.0,True,47.0,37.751751,-122.410654,37.718419515254176,-122.41154110145855
,46.0,dn6,pkg36,46.0,True,51.0,37.751751,-122.410654,37.771247176592595,-122.41230125407682
,46.0,dn2,pkg37,46.0,True,55.0,37.774524,-122.473656,37.7844103889104,-122.50575012659917
,48.0,dn3,pkg38,48,True,56.0,37.774524,-122.473656,37.77112203738962,-122.50434708878579
,50.0,dn10,pkg41,50,True,55.0,37.78929,-122.426797,37.78495919627279,-122.40429788282059
,51.0,dn13,pkg39,51.0,True,56.0,37.739611,-122.492203,37.74183947471231,-122.48481856165051
,53.0,dn1,pkg40,53.0,True,62.0,37.774524,-122.473656,37.76041667150606,-122.46691404286172
,55.0,dn4,pkg42,55,True,63.0,37.751751,-122.410654,37.75276779504269,-122.4293846219771
,62.0,dn5,pkg43,62,True,66.0,37.751751,-122.410654,37.730955478940366,-122.43967661280728
,65.0,dn3,pkg44,65.0,True,74.0,37.774524,-122.473656,37.78353307726325,-122.50512619737368
,66.0,dn1,pkg45,66.0,True,74.0,37.774524,-122.473656,37.745940352817804,-122.49299459140217
,68.0,dn8,pkg46,68.0,True,76.0,37.718779,-122.462401,37.72046338160951,-122.45025144611348
,70.0,dn2,pkg48,70.0,True,78.0,37.774524,-122.473656,37.79287203825133,-122.46891207098787
,70.0,dn4,pkg50,70,True,78.0,37.751751,-122.410654,37.7669210074023,-122.41711764280254
,75.0,dn13,pkg47,75,True,77.0,37.739611,-122.492203,37.78418716378421,-122.49529487100251
,75.0,dn11,pkg52,75,True,84.0,37.78929,-122.426797,37.79019550597266,-122.48072903982187
,76.0,dn7,pkg51,76.0,True,82.0,37.718779,-122.462401,37.74982824765869,-122.46862580357976
,78.0,dn10,pkg49,78,False,75.0,37.78929,-122.426797,37.78737748633801,-122.47548364192589
,78.0,dn3,pkg53,78,True,87.0,37.774524,-122.473656,37.75748483392743,-122.50391193072666
,78.0,dn15,pkg54,78.0,True,84.0,37.739611,-122.492203,37.74211200395632,-122.4418692602321
,86.0,dn4,pkg55,86.0,True,94.0,37.751751,-122.410654,37.78293234228678,-122.42056325017786
,89.0,dn9,pkg56,89.0,True,94.0,37.718779,-122.462401,37.719313640422016,-122.4729768672042
,90.0,dn5,pkg58,90,True,98.0,37.751751,-122.410654,37.75178112116355,-122.45320339590079
,90.0,dn1,pkg59,90.0,True,98.0,37.774524,-122.473656,37.769580503285,-122.43088140057895
,92.0,dn11,pkg61,92,True,96.0,37.78929,-122.426797,37.78728011602226,-122.39949592729644
,94.0,dn8,pkg57,94,False,92.0,37.718779,-122.462401,37.72989953694075,-122.42028597969777
,96.0,dn6,pkg63,96.0,True,104.0,37.751751,-122.410654,37.759626720574964,-122.41057776663118
,97.0,dn2,pkg60,97,True,101.0,37.774524,-122.473656,37.767941218772926,-122.43551403473064
,98.0,dn7,pkg62,98.0,True,105.0,37.718779,-122.462401,37.719948108236444,-122.45519949423793
,99.0,dn13,pkg67,99.0,True,105.0,37.739611,-122.492203,37.73504624353773,-122.47919304610637
,5.0,dn15,pkg22,5.0,True,11.0,37.739611,-122.492203,37.744814160106564,-122.46068457384672
,6.0,dn2,pkg9,6.0,True,14.0,37.774524,-122.473656,37.76096801808644,-122.49725019447956
,6.0,dn8,pkg10,6,True,13.0,37.718779,-122.462401,37.73720125569331,-122.47627442039942
,6.0,dn1,pkg20,6.0,True,14.0,37.774524,-122.473656,37.792574860559235,-122.46698943093203
,6.0,dn10,pkg19,6,True,13.0,37.78929,-122.426797,37.78190932101875,-122.44122343226509
,7.0,dn7,pkg1,7.0,True,12.0,37.718779,-122.462401,37.7184586000275,-122.47022032778622
,7.0,dn11,pkg6,7.0,True,14.0,37.78929,-122.426797,37.792677487371776,-122.4502880638028
,8.0,dn3,pkg16,8.0,True,14.0,37.774524,-122.473656,37.75016317114023,-122.47980603431144
,8.0,dn6,pkg8,8.0,True,13.0,37.751751,-122.410654,37.77017945485035,-122.41271989861846
,9.0,dn14,pkg17,9.0,True,18.0,37.739611,-122.492203,37.75317393454489,-122.47614986674022
,9.0,dn12,pkg13,9,True,13.0,37.78929,-122.426797,37.748805895443816,-122.43172983283803
,10.0,dn4,pkg4,10.0,True,20.0,37.751751,-122.410654,37.72861078054157,-122.43061673209176
,12.0,dn9,pkg21,12,True,12.0,37.718779,-122.462401,37.74681168719093,-122.42907137649242
,12.0,dn7,pkg15,12,True,16.0,37.718779,-122.462401,37.725251716538715,-122.46677428251118
,13.0,dn5,pkg11,13,True,19.0,37.751751,-122.410654,37.72241375942658,-122.42052345948429
,13.0,dn13,pkg3,13,True,15.0,37.739611,-122.492203,37.775723663793215,-122.46714445695612
,13.0,dn10,pkg5,13,True,15.0,37.78929,-122.426797,37.78070351600485,-122.41998177342538
,14.0,dn15,pkg7,14,True,14.0,37.739611,-122.492203,37.751121719318924,-122.4943758305949
,15.0,dn8,pkg14,15,True,17.0,37.718779,-122.462401,37.72593085585874,-122.46163986689
,17.0,dn1,pkg25,17.0,True,24.0,37.774524,-122.473656,37.773199121790455,-122.44324470384268
,20.0,dn2,pkg24,20,True,22.0,37.774524,-122.473656,37.774725100071265,-122.50739093118969
,20.0,dn11,pkg27,20.0,True,26.0,37.78929,-122.426797,37.77429880928218,-122.42970614689865
,21.0,dn10,pkg23,21,False,20.0,37.78929,-122.426797,37.788911403171845,-122.4697054777318
,23.0,dn7,pkg12,23,False,16.0,37.718779,-122.462401,37.73897900204409,-122.49358406851958
,25.0,dn8,pkg30,25,True,29.0,37.718779,-122.462401,37.71205840268698,-122.41781339275457
,26.0,dn3,pkg26,26,False,25.0,37.774524,-122.473656,37.7576129228205,-122.43640197609403
,26.0,dn6,pkg28,26,True,29.0,37.751751,-122.410654,37.72699338216709,-122.45324334328303
,26.0,dn14,pkg29,26,True,30.0,37.739611,-122.492203,37.774334940264026,-122.49404501066172
,31.0,dn1,pkg31,31.0,True,39.0,37.774524,-122.473656,37.76001076040368,-122.46112298833613
,38.0,dn4,pkg33,38.0,True,44.0,37.751751,-122.410654,37.7118114471575,-122.3991634817026
,40.0,dn8,pkg34,40,True,47.0,37.718779,-122.462401,37.71564416783756,-122.44538332216423
,42.0,dn7,pkg32,42,True,51.0,37.718779,-122.462401,37.729153117536164,-122.42128157521564
,43.0,dn5,pkg35,43,True,53.0,37.751751,-122.410654,37.76286641906949,-122.42620298444108
,44.0,dn6,pkg36,44.0,True,50.0,37.751751,-122.410654,37.75217588225464,-122.41660425615021
,51.0,dn1,pkg37,51.0,True,57.0,37.774524,-122.473656,37.786141671904396,-122.48311198534101
,53.0,dn4,pkg38,53.0,True,63.0,37.751751,-122.410654,37.76550886236578,-122.42383068810365
,57.0,dn3,pkg39,57.0,True,66.0,37.774524,-122.473656,37.78497286563671,-122.4460654291756
,57.0,dn5,pkg41,57.0,True,64.0,37.751751,-122.410654,37.74735331511365,-122.41144953192772
,58.0,dn2,pkg40,58.0,True,66.0,37.774524,-122.473656,37.75017900703847,-122.44449436789068
,59.0,dn6,pkg42,59.0,True,68.0,37.751751,-122.410654,37.74829207567215,-122.42479358170989
,60.0,dn7,pkg43,60,True,65.0,37.718779,-122.462401,37.70850435146373,-122.46799158217615
,66.0,dn8,pkg44,66,True,74.0,37.718779,-122.462401,37.709731457710326,-122.41837968563347
,70.0,dn1,pkg45,70.0,True,78.0,37.774524,-122.473656,37.788056217749194,-122.45515105990947
,71.0,dn13,pkg47,71,True,78.0,37.739611,-122.492203,37.77710709268684,-122.50000189734665
,72.0,dn9,pkg46,72.0,True,77.0,37.718779,-122.462401,37.72976100049658,-122.45812876423685
,76.0,dn2,pkg49,76,True,82.0,37.774524,-122.473656,37.78489774133965,-122.43444138896658
,77.0,dn4,pkg48,77,True,81.0,37.751751,-122.410654,37.777594702692156,-122.42485269926755
,78.0,dn3,pkg51,78,True,82.0,37.774524,-122.473656,37.75330838532429,-122.45833293897918
,81.0,dn6,pkg52,81,True,89.0,37.751751,-122.410654,37.750382239371504,-122.44811319556274
,82.0,dn5,pkg50,82,True,84.0,37.751751,-122.410654,37.72160093188799,-122.43639647134086
,82.0,dn1,pkg53,82,True,88.0,37.774524,-122.473656,37.79620472661986,-122.48802252384114
,83.0,dn10,pkg55,83,True,87.0,37.78929,-122.426797,37.76086144723236,-122.44123128972541
,88.0,dn7,pkg54,88,True,93.0,37.718779,-122.462401,37.74570615912205,-122.42846382126011
,89.0,dn11,pkg56,89.0,True,96.0,37.78929,-122.426797,37.75595616950354,-122.40627835212373
,92.0,dn12,pkg58,92.0,True,99.0,37.78929,-122.426797,37.781467429438145,-122.42208228218176
,95.0,dn8,pkg59,95.0,True,100.0,37.718779,-122.462401,37.743324090530066,-122.47969015729507
,97.0,dn1,pkg61,97.0,True,103.0,37.774524,-122.473656,37.781996048531376,-122.45270328622072
,98.0,dn3,pkg60,98,True,104.0,37.774524,-122.473656,37.74944088765456,-122.46801421397711
,5.0,dn4,pkg5,5,True,10.0,37.751751,-122.410654,37.750256794253445,-122.42084665149937
,6.0,dn10,pkg18,6,True,11.0,37.78929,-122.426797,37.782994555029504,-122.4253829187095
,7.0,dn1,pkg15,7.0,True,17.0,37.774524,-122.473656,37.78346812956752,-122.49084936651441
,7.0,dn2,pkg9,7,True,11.0,37.774524,-122.473656,37.74743309002742,-122.50058905228323
,7.0,dn3,pkg20,7.0,True,16.0,37.774524,-122.473656,37.753045211907434,-122.46918796846161
,8.0,dn6,pkg10,8,True,12.0,37.751751,-122.410654,37.77430282432966,-122.41235798345173
,9.0,dn5,pkg14,9,True,12.0,37.751751,-122.410654,37.74547335733956,-122.43247201129586
,10.0,dn11,pkg8,10.0,True,15.0,37.78929,-122.426797,37.78415374365877,-122.43632487482384
,10.0,dn12,pkg1,10.0,True,15.0,37.78929,-122.426797,37.77037388196594,-122.41630356647975
,10.0,dn15,pkg19,10,True,13.0,37.739611,-122.492203,37.73283337914021,-122.45493821644507
,10.0,dn7,pkg25,10.0,True,15.0,37.718779,-122.462401,37.720328160871084,-122.4515042925079
,10.0,dn1,pkg22,10,True,14.0,37.774524,-122.473656,37.770391104482854,-122.47920034154542
,12.0,dn13,pkg12,12,True,20.0,37.739611,-122.492203,37.71733310531511,-122.50160964283968
,13.0,dn8,pkg2,13,True,18.0,37.718779,-122.462401,37.73635027357216,-122.42707680012339
,13.0,dn14,pkg13,13,False,12.0,37.739611,-122.492203,37.71956134987443,-122.47701459001432
,13.0,dn3,pkg23,13,True,18.0,37.774524,-122.473656,37.775226799489715,-122.4934863578931
,16.0,dn6,pkg21,16,True,18.0,37.751751,-122.410654,37.74252464889045,-122.40795977822737
,18.0,dn9,pkg16,18,False,17.0,37.718779,-122.462401,37.74231001996887,-122.42122679491484
,18.0,dn5,pkg24,18,False,16.0,37.751751,-122.410654,37.76203878290279,-122.41029086702864
,19.0,dn4,pkg11,19,False,10.0,37.751751,-122.410654,37.71214819119542,-122.40390722740416
,19.0,dn2,pkg29,19.0,True,25.0,37.774524,-122.473656,37.78855845157132,-122.49809424551138
,20.0,dn12,pkg26,20,True,25.0,37.78929,-122.426797,37.78506984211622,-122.40250271332268
,21.0,dn1,pkg6,21,False,19.0,37.774524,-122.473656,37.76486311470707,-122.4255769747569
,22.0,dn10,pkg4,22,False,14.0,37.78929,-122.426797,37.78448238642737,-122.48342685924311
,23.0,dn11,pkg28,23,True,27.0,37.78929,-122.426797,37.77213518120925,-122.39706730581477
,25.0,dn15,pkg30,25,True,29.0,37.739611,-122.492203,37.72121515402703,-122.46067200288503
,26.0,dn6,pkg27,26,False,25.0,37.751751,-122.410654,37.765925672526926,-122.40594556613709
,28.0,dn7,pkg32,28.0,True,37.0,37.718779,-122.462401,37.71616268892717,-122.47840115773
,29.0,dn5,pkg33,29.0,True,34.0,37.751751,-122.410654,37.76535319148925,-122.41631963615367
,30.0,dn2,pkg34,30.0,True,35.0,37.774524,-122.473656,37.75676227538613,-122.45731967550655
,33.0,dn3,pkg35,33.0,True,42.0,37.774524,-122.473656,37.7766295367115,-122.47578046503648
,39.0,dn1,pkg36,39.0,True,45.0,37.774524,-122.473656,37.75378238207091,-122.44596451675349
,41.0,dn9,pkg37,41.0,True,49.0,37.718779,-122.462401,37.71062638216294,-122.46977286733726
,42.0,dn15,pkg38,42,True,46.0,37.739611,-122.492203,37.720098085707626,-122.4488229152343
,47.0,dn2,pkg39,47.0,True,57.0,37.774524,-122.473656,37.762011058804376,-122.49488042179519
,47.0,dn4,pkg40,47.0,True,53.0,37.751751,-122.410654,37.72989481497723,-122.42619059602463
,48.0,dn5,pkg41,48.0,True,54.0,37.751751,-122.410654,37.75977545547958,-122.42696315447715
,48.0,dn10,pkg42,48.0,True,57.0,37.78929,-122.426797,37.796109773208805,-122.41197481901696
,51.0,dn1,pkg43,51.0,True,57.0,37.774524,-122.473656,37.78787708655919,-122.45141464383751
,52.0,dn7,pkg44,52,True,56.0,37.718779,-122.462401,37.70814497159988,-122.43383347782246
,53.0,dn3,pkg45,53,True,61.0,37.774524,-122.473656,37.764198603505456,-122.43586518067232
,57.0,dn8,pkg46,57,True,61.0,37.718779,-122.462401,37.74201950445868,-122.47472005323334
,59.0,dn4,pkg48,59,True,64.0,37.751751,-122.410654,37.77028133330816,-122.3954301557109
,61.0,dn2,pkg47,61.0,True,70.0,37.774524,-122.473656,37.73885045472531,-122.49441294139741
,64.0,dn13,pkg50,64,True,68.0,37.739611,-122.492203,37.76262241676289,-122.46872503433721
,65.0,dn14,pkg49,65.0,True,71.0,37.739611,-122.492203,37.73372830946883,-122.4762249110485
,70.0,dn5,pkg52,70.0,True,79.0,37.751751,-122.410654,37.73108612477765,-122.39663133418463
,70.0,dn6,pkg53,70.0,True,76.0,37.751751,-122.410654,37.755870580147096,-122.39775293091682
,72.0,dn4,pkg55,72,True,81.0,37.751751,-122.410654,37.77027054419073,-122.42477885625789
,73.0,dn7,pkg51,73,True,78.0,37.718779,-122.462401,37.751768208719746,-122.43823237818127
,77.0,dn1,pkg54,77,True,81.0,37.774524,-122.473656,37.787743610842824,-122.43091850447648
,77.0,dn8,pkg56,77,True,85.0,37.718779,-122.462401,37.743265845107196,-122.45080734672756
,78.0,dn9,pkg57,78.0,True,83.0,37.718779,-122.462401,37.71732504047419,-122.49235677947091
,86.0,dn3,pkg59,86.0,True,92.0,37.774524,-122.473656,37.76344828601972,-122.47131141299307
,87.0,dn4,pkg61,87,True,95.0,37.751751,-122.410654,37.76404890196116,-122.4270767226415
,88.0,dn2,pkg58,88,True,91.0,37.774524,-122.473656,37.79026262928155,-122.43696419491955
,89.0,dn10,pkg60,89,True,93.0,37.78929,-122.426797,37.7690956509704,-122.46068767855408
,90.0,dn9,pkg62,90.0,True,100.0,37.718779,-122.462401,37.71465104120579,-122.45776055951553
,92.0,dn8,pkg63,92,True,97.0,37.718779,-122.462401,37.73322271204227,-122.47472214248207
,94.0,dn13,pkg65,94,True,103.0,37.739611,-122.492203,37.71058281559672,-122.48102550816824
,97.0,dn7,pkg64,97,True,98.0,37.718779,-122.462401,37.75715849743873,-122.44487523239188
,97.0,dn1,pkg67,97.0,True,106.0,37.774524,-122.473656,37.772138023611916,-122.47715624175487
,5.0,dn4,pkg13,5,True,10.0,37.751751,-122.410654,37.743172618650455,-122.43727974972191
,5.0,dn9,pkg5,5.0,True,13.0,37.718779,-122.462401,37.716109388802586,-122.44475872829607
,5.0,dn10,pkg19,5,True,11.0,37.78929,-122.426797,37.7803874799634,-122.42087224873366
,6.0,dn2,pkg23,6.0,True,16.0,37.774524,-122.473656,37.78637032963732,-122.47967620124109
,6.0,dn7,pkg6,6,True,14.0,37.718779,-122.462401,37.72077386988924,-122.43892980358783
,7.0,dn1,pkg10,7,True,12.0,37.774524,-122.473656,37.78746150725836,-122.47946983704702
,7.0,dn8,pkg3,7.0,True,14.0,37.718779,-122.462401,37.72048529633805,-122.44786298301408
,7.0,dn14,pkg18,7,True,16.0,37.739611,-122.492203,37.745749066174334,-122.4537914597918
,7.0,dn13,pkg11,7.0,True,12.0,37.739611,-122.492203,37.73259807691243,-122.47515986086741
,9.0,dn5,pkg2,9,True,10.0,37.751751,-122.410654,37.745312886576336,-122.45699556888286
,9.0,dn6,pkg14,9,True,13.0,37.751751,-122.410654,37.73210632357073,-122.39815332018848
,9.0,dn11,pkg4,9.0,True,19.0,37.78929,-122.426797,37.762365581940244,-122.42004535071754
,9.0,dn12,pkg22,9,True,18.0,37.78929,-122.426797,37.780145314187436,-122.47013608072703
,10.0,dn15,pkg15,10.0,True,16.0,37.739611,-122.492203,37.720319372895666,-122.49460048338274
,13.0,dn3,pkg16,13,False,10.0,37.774524,-122.473656,37.73422342028894,-122.46819944204567
,14.0,dn10,pkg26,14.0,True,21.0,37.78929,-122.426797,37.78793215850347,-122.41282927582692
,14.0,dn2,pkg17,14,False,12.0,37.774524,-122.473656,37.79423230214649,-122.4437913151018
,15.0,dn8,pkg1,15,True,17.0,37.718779,-122.462401,37.71778846406499,-122.49134261454378
,15.0,dn7,pkg12,15,True,15.0,37.718779,-122.462401,37.721582429923195,-122.47704745896874
,16.0,dn9,pkg28,16.0,True,25.0,37.718779,-122.462401,37.7179567524539,-122.43533863670365
,16.0,dn13,pkg25,16,True,18.0,37.739611,-122.492203,37.77918524389824,-122.4915275909032
,16.0,dn1,pkg27,16,True,18.0,37.774524,-122.473656,37.77413459643968,-122.46260440025871
,16.0,dn14,pkg9,16,True,17.0,37.739611,-122.492203,37.751272340676046,-122.48226568351299
,19.0,dn4,pkg8,19,False,18.0,37.751751,-122.410654,37.759931182486234,-122.4574817805605
,19.0,dn12,pkg29,19,True,23.0,37.78929,-122.426797,37.79050446938047,-122.41957726136395
,21.0,dn15,pkg30,21.0,True,28.0,37.739611,-122.492203,37.719773297181206,-122.48889989483376
,23.0,dn11,pkg24,23,False,17.0,37.78929,-122.426797,37.76379587131007,-122.44183592058475
,23.0,dn5,pkg31,23.0,True,32.0,37.751751,-122.410654,37.73406933548759,-122.4111795155622
,28.0,dn7,pkg32,28,True,33.0,37.718779,-122.462401,37.72899905879461,-122.4980176538954
,32.0,dn15,pkg34,32,True,40.0,37.739611,-122.492203,37.707794444987215,-122.5056890753407
,33.0,dn1,pkg33,33,True,35.0,37.774524,-122.473656,37.74006246993855,-122.44435258514939
,34.0,dn3,pkg35,34,True,41.0,37.774524,-122.473656,37.74394072249963,-122.46061952136361
,36.0,dn2,pkg36,36,True,40.0,37.774524,-122.473656,37.79503424665855,-122.50274502075727
,37.0,dn4,pkg37,37,True,42.0,37.751751,-122.410654,37.72274922906501,-122.41662888585788
,42.0,dn11,pkg38,42.0,True,48.0,37.78929,-122.426797,37.775109771299675,-122.43487968872641
,44.0,dn5,pkg39,44,True,52.0,37.751751,-122.410654,37.748643171651494,-122.44337500428574
,45.0,dn7,pkg43,45.0,True,54.0,37.718779,-122.462401,37.746463130427856,-122.46979170312315
,46.0,dn6,pkg40,46.0,True,56.0,37.751751,-122.410654,37.762254045790144,-122.41183528426266
,47.0,dn10,pkg41,47.0,True,55.0,37.78929,-122.426797,37.76090668294909,-122.42076372557572
,48.0,dn12,pkg42,48,True,54.0,37.78929,-122.426797,37.74826013867982,-122.4247952992127
,50.0,dn4,pkg44,50.0,True,59.0,37.751751,-122.410654,37.79192155265925,-122.39713094972349
,51.0,dn8,pkg47,51.0,True,60.0,37.718779,-122.462401,37.725785946422775,-122.47809246106014
,56.0,dn6,pkg49,56.0,True,61.0,37.751751,-122.410654,37.747376083479075,-122.41651472964934
,60.0,dn13,pkg45,60,False,55.0,37.739611,-122.492203,37.77596652793017,-122.46199209666504
,60.0,dn11,pkg48,60,True,62.0,37.78929,-122.426797,37.75172142069029,-122.41784718457886
,60.0,dn1,pkg50,60.0,True,68.0,37.774524,-122.473656,37.795619141977035,-122.47327462117632
,61.0,dn2,pkg52,61,True,67.0,37.774524,-122.473656,37.793592572068455,-122.50571049111618
,63.0,dn7,pkg53,63.0,True,68.0,37.718779,-122.462401,37.71595198820302,-122.45218404149571
,63.0,dn8,pkg54,63.0,True,69.0,37.718779,-122.462401,37.71336024667078,-122.46979350064555
,64.0,dn3,pkg51,64,True,69.0,37.774524,-122.473656,37.78883508714021,-122.49665035486967
,68.0,dn4,pkg55,68.0,True,74.0,37.751751,-122.410654,37.73156591808755,-122.4106569056411
,71.0,dn7,pkg57,71.0,True,77.0,37.718779,-122.462401,37.71908886300685,-122.48005679099907
,75.0,dn9,pkg56,75.0,True,80.0,37.718779,-122.462401,37.71845151657581,-122.44574743112932
,75.0,dn2,pkg58,75.0,True,83.0,37.774524,-122.473656,37.776664683848615,-122.49386474344492
,75.0,dn5,pkg59,75,True,80.0,37.751751,-122.410654,37.72564650884634,-122.40327548448552
,77.0,dn6,pkg60,77.0,True,82.0,37.751751,-122.410654,37.754502523414374,-122.42246915631104
,81.0,dn7,pkg63,81.0,True,86.0,37.718779,-122.462401,37.727850838015904,-122.46610243171848
,82.0,dn1,pkg61,82,True,87.0,37.774524,-122.473656,37.73964138945841,-122.49898841858037
,82.0,dn4,pkg62,82.0,True,88.0,37.751751,-122.410654,37.72340384344039,-122.42929455453974
,88.0,dn6,pkg65,88,True,98.0,37.751751,-122.410654,37.708412653629956,-122.40913119657489
,92.0,dn5,pkg64,92,True,92.0,37.751751,-122.410654,37.70817686233148,-122.40182682151803
,94.0,dn8,pkg67,94,True,97.0,37.718779,-122.462401,37.71099981569619,-122.50200316389912
,95.0,dn7,pkg66,95.0,True,102.0,37.718779,-122.462401,37.73800843630863,-122.41138838235578
,98.0,dn3,pkg69,98.0,True,108.0,37.774524,-122.473656,37.77916276388648,-122.45534937971857
,6.0,dn1,pkg3,6.0,True,13.0,37.774524,-122.473656,37.78025726241054,-122.49294379914579
,6.0,dn10,pkg19,6.0,True,15.0,37.78929,-122.426797,37.790293560078894,-122.41335632730055
,7.0,dn9,pkg15,7,True,13.0,37.718779,-122.462401,37.75012436976785,-122.48844564283357
,7.0,dn11,pkg21,7,True,11.0,37.78929,-122.426797,37.749077604501565,-122.41855191055802
,7.0,dn2,pkg17,7.0,True,12.0,37.774524,-122.473656,37.76269590616787,-122.4649261046116
,7.0,dn4,pkg10,7.0,True,16.0,37.751751,-122.410654,37.74663686778365,-122.41646859033796
,7.0,dn12,pkg9,7.0,True,17.0,37.78929,-122.426797,37.792617940760564,-122.44148710075245
,8.0,dn13,pkg1,8.0,True,15.0,37.739611,-122.492203,37.742109430250764,-122.46175009366607
,8.0,dn14,pkg13,8,True,17.0,37.739611,-122.492203,37.70906279020117,-122.46968543653223
,8.0,dn15,pkg11,8.0,True,18.0,37.739611,-122.492203,37.77458099908292,-122.4792436294709
,9.0,dn7,pkg7,9.0,True,18.0,37.718779,-122.462401,37.735616058526844,-122.4720149466704
,9.0,dn3,pkg4,9.0,True,18.0,37.774524,-122.473656,37.75513700057558,-122.4510398413428
,10.0,dn8,pkg16,10.0,True,19.0,37.718779,-122.462401,37.73125293813927,-122.456462680213
,10.0,dn5,pkg2,10.0,True,20.0,37.751751,-122.410654,37.7331133480067,-122.40440531458839
,11.0,dn6,pkg22,11,True,14.0,37.751751,-122.410654,37.78546558813705,-122.42838841138308
,11.0,dn10,pkg6,11,True,16.0,37.78929,-122.426797,37.779914973414165,-122.42040805051376
,15.0,dn12,pkg8,15,False,14.0,37.78929,-122.426797,37.79417584358226,-122.3947634497494
,15.0,dn15,pkg14,15,True,16.0,37.739611,-122.492203,37.72729945727503,-122.50289813874062
,17.0,dn1,pkg26,17.0,True,25.0,37.774524,-122.473656,37.794220837543804,-122.48258845354324
,17.0,dn4,pkg25,17,True,27.0,37.751751,-122.410654,37.77227159285318,-122.42375554746674
,17.0,dn10,pkg5,17,True,17.0,37.78929,-122.426797,37.792664391703156,-122.43944752370233
,19.0,dn2,pkg27,19,True,25.0,37.774524,-122.473656,37.7790171617604,-122.49394180343904
,21.0,dn7,pkg28,21.0,True,26.0,37.718779,-122.462401,37.74003903622424,-122.47064925499808
,21.0,dn9,pkg23,21,False,16.0,37.718779,-122.462401,37.74406070334891,-122.45161789285653
,23.0,dn8,pkg12,23,False,18.0,37.718779,-122.462401,37.713474060298964,-122.40763722870378
,23.0,dn3,pkg24,23,True,26.0,37.774524,-122.473656,37.78995112905294,-122.50298364920839
,24.0,dn11,pkg18,24,False,19.0,37.78929,-122.426797,37.751593957371995,-122.4177427065714
,25.0,dn13,pkg29,25.0,True,30.0,37.739611,-122.492203,37.73269596654197,-122.48315719385124
,27.0,dn14,pkg30,27.0,True,35.0,37.739611,-122.492203,37.76017107363025,-122.50437073473134
,32.0,dn15,pkg31,32.0,True,42.0,37.739611,-122.492203,37.72002579901656,-122.5031420990604
,32.0,dn4,pkg33,32,True,42.0,37.751751,-122.410654,37.79556576397201,-122.4149584485672
,36.0,dn1,pkg32,36,True,37.0,37.774524,-122.473656,37.7375510428691,-122.50658119609926
,37.0,dn2,pkg34,37.0,True,47.0,37.774524,-122.473656,37.79437221341971,-122.44461671352651
,38.0,dn10,pkg36,38.0,True,46.0,37.78929,-122.426797,37.78589787515475,-122.41837567375497
,40.0,dn14,pkg35,40.0,True,49.0,37.739611,-122.492203,37.72427761161682,-122.4980502684244
,41.0,dn5,pkg38,41.0,True,51.0,37.751751,-122.410654,37.74722439261988,-122.4410995433511
,44.0,dn6,pkg37,44,True,50.0,37.751751,-122.410654,37.716648471072254,-122.43382262628076
,48.0,dn3,pkg39,48.0,True,57.0,37.774524,-122.473656,37.783464734902516,-122.46474631412049
,48.0,dn4,pkg42,48.0,True,53.0,37.751751,-122.410654,37.75805841381043,-122.39906959727507
,49.0,dn12,pkg40,49,True,58.0,37.78929,-122.426797,37.79367991441444,-122.47616980832498
,49.0,dn2,pkg41,49.0,True,58.0,37.774524,-122.473656,37.79232470275391,-122.500385020998
,53.0,dn7,pkg43,53.0,True,61.0,37.718779,-122.462401,37.73217983917579,-122.43800640589147
,53.0,dn13,pkg44,53.0,True,58.0,37.739611,-122.492203,37.749005897261625,-122.4958800982609
,56.0,dn8,pkg45,56.0,True,64.0,37.718779,-122.462401,37.71004755041206,-122.48118941088208
,56.0,dn9,pkg46,56,True,66.0,37.718779,-122.462401,37.73548323526214,-122.4148198615299
,59.0,dn4,pkg48,59.0,True,64.0,37.751751,-122.410654,37.74732204409899,-122.41963574917004
,61.0,dn5,pkg47,61,True,70.0,37.751751,-122.410654,37.71244769070382,-122.41829245497091
,61.0,dn14,pkg49,61,True,68.0,37.739611,-122.492203,37.72218879973435,-122.4611847201571
,63.0,dn1,pkg50,63,True,68.0,37.774524,-122.473656,37.785203285590114,-122.49399591466445
,64.0,dn6,pkg51,64.0,True,74.0,37.751751,-122.410654,37.744479266818736,-122.4267828418116
,65.0,dn2,pkg52,65.0,True,73.0,37.774524,-122.473656,37.77893727806035,-122.48813883232766
,67.0,dn4,pkg53,67,True,73.0,37.751751,-122.410654,37.76037766640991,-122.42604917146271
,69.0,dn11,pkg54,69,True,75.0,37.78929,-122.426797,37.782975609404204,-122.46226877081408
,70.0,dn10,pkg56,70,True,74.0,37.78929,-122.426797,37.764329451182384,-122.45674771928459
,74.0,dn12,pkg55,74,True,82.0,37.78929,-122.426797,37.747811034377555,-122.41305488520322
,76.0,dn7,pkg57,76,True,83.0,37.718779,-122.462401,37.72885956883549,-122.43284572992029
,77.0,dn1,pkg58,77.0,True,86.0,37.774524,-122.473656,37.76358194897873,-122.45306726036563
,83.0,dn4,pkg60,83,True,91.0,37.751751,-122.410654,37.72502578911223,-122.40401080978626
,84.0,dn13,pkg62,84.0,True,89.0,37.739611,-122.492203,37.731158297649586,-122.4951835866252
,85.0,dn5,pkg61,85.0,True,95.0,37.751751,-122.410654,37.76472616216991,-122.44827289745655
,85.0,dn9,pkg63,85,True,91.0,37.718779,-122.462401,37.73213714695321,-122.46830148734095
,86.0,dn8,pkg59,86,True,91.0,37.718779,-122.462401,37.72178708213803,-122.50686019564438
,88.0,dn6,pkg65,88.0,True,93.0,37.751751,-122.410654,37.763133217792,-122.40076498753665
,92.0,dn7,pkg66,92.0,True,100.0,37.718779,-122.462401,37.71108528007698,-122.49671953009269
,93.0,dn3,pkg64,93,False,91.0,37.774524,-122.473656,37.75134353815514,-122.43233410181234
,5.0,dn8,pkg22,5,True,15.0,37.718779,-122.462401,37.72688983851447,-122.47656223237472
,6.0,dn4,pkg2,6.0,True,16.0,37.751751,-122.410654,37.743750931612524,-122.4260846202672
,6.0,dn6,pkg4,6,True,11.0,37.751751,-122.410654,37.73964043697979,-122.44460709987968
,7.0,dn2,pkg8,7,True,12.0,37.774524,-122.473656,37.75006296276139,-122.49749506947599
,7.0,dn3,pkg10,7.0,True,16.0,37.774524,-122.473656,37.793840892173925,-122.4893858978916
,7.0,dn10,pkg6,7.0,True,12.0,37.78929,-122.426797,37.79603627240216,-122.42073246686074
,7.0,dn7,pkg1,7,True,13.0,37.718779,-122.462401,37.70910858750993,-122.48953881445637
,7.0,dn15,pkg7,7.0,True,14.0,37.739611,-122.492203,37.759169868651234,-122.4903599394894
,8.0,dn1,pkg14,8,True,11.0,37.774524,-122.473656,37.792599544826665,-122.44308914773363
,8.0,dn5,pkg5,8.0,True,13.0,37.751751,-122.410654,37.733311284928085,-122.39800862731545
,8.0,dn11,pkg13,8.0,True,18.0,37.78929,-122.426797,37.77935244064461,-122.46888514732788
,9.0,dn9,pkg12,9,True,16.0,37.718779,-122.462401,37.715385964501685,-122.49951011266393
,9.0,dn12,pkg19,9.0,True,14.0,37.78929,-122.426797,37.76850434525989,-122.43308610838392
,9.0,dn14,pkg20,9.0,True,16.0,37.739611,-122.492203,37.72579914627968,-122.49615853928863
,11.0,dn13,pkg11,11,True,14.0,37.739611,-122.492203,37.756573183837766,-122.45902878382994
,15.0,dn8,pkg15,15,True,20.0,37.718779,-122.462401,37.72742846358149,-122.49054550457907
,16.0,dn7,pkg9,16,True,19.0,37.718779,-122.462401,37.71539402819249,-122.47663359181603
,18.0,dn10,pkg28,18.0,True,25.0,37.78929,-122.426797,37.77978255400584,-122.44677750892536
,18.0,dn1,pkg26,18,True,23.0,37.774524,-122.473656,37.77546612504242,-122.48585863155762
,20.0,dn4,pkg27,20,True,20.0,37.751751,-122.410654,37.750569731932664,-122.45745876527495
,20.0,dn15,pkg30,20.0,True,28.0,37.739611,-122.492203,37.7289395113313,-122.48382538459538
,21.0,dn5,pkg17,21,False,13.0,37.751751,-122.410654,37.70740604113136,-122.41425616834901
,22.0,dn3,pkg16,22,False,16.0,37.774524,-122.473656,37.7624395338574,-122.43424447047485
,23.0,dn11,pkg29,23,True,25.0,37.78929,-122.426797,37.760130564082736,-122.41689418328134
,23.0,dn12,pkg32,23,True,31.0,37.78929,-122.426797,37.79464350959144,-122.4741863668424
,24.0,dn14,pkg31,24,True,29.0,37.739611,-122.492203,37.768031515099935,-122.50585590001738
,24.0,dn2,pkg25,24,False,16.0,37.774524,-122.473656,37.736587638953694,-122.45845028096697
,25.0,dn6,pkg18,25,False,15.0,37.751751,-122.410654,37.71347846567013,-122.40795923606733
,25.0,dn7,pkg34,25,True,35.0,37.718779,-122.462401,37.738152868738396,-122.46154232579482
,27.0,dn9,pkg33,27,True,31.0,37.718779,-122.462401,37.744835099450526,-122.46931978250356
,29.0,dn8,pkg35,29.0,True,39.0,37.718779,-122.462401,37.71932364534625,-122.46199061914633
,36.0,dn13,pkg37,36,True,40.0,37.739611,-122.492203,37.734115290461645,-122.45500123635532
,38.0,dn15,pkg36,38,True,38.0,37.739611,-122.492203,37.780940267642904,-122.49808047667395
,40.0,dn7,pkg40,40,True,45.0,37.718779,-122.462401,37.71256994150911,-122.49220715201348
,40.0,dn8,pkg41,40,True,48.0,37.718779,-122.462401,37.723568248654125,-122.42334220936812
,41.0,dn4,pkg42,41.0,True,49.0,37.751751,-122.410654,37.7393310579484,-122.43106281221104
,43.0,dn14,pkg43,43,True,46.0,37.739611,-122.492203,37.71130450289805,-122.47296270022213
,45.0,dn1,pkg38,45,False,43.0,37.774524,-122.473656,37.729797559606475,-122.46692470384377
,45.0,dn9,pkg39,45,False,38.0,37.718779,-122.462401,37.71866436679502,-122.49362000699999
,52.0,dn6,pkg46,52.0,True,62.0,37.751751,-122.410654,37.75688675219159,-122.39697892216971
,55.0,dn5,pkg44,55,False,53.0,37.751751,-122.410654,37.707208012231916,-122.40147232392688
,56.0,dn2,pkg48,56.0,True,63.0,37.774524,-122.473656,37.75815061009918,-122.45467284517431
,59.0,dn4,pkg50,59.0,True,69.0,37.751751,-122.410654,37.758327090693314,-122.40882660290532
,60.0,dn13,pkg45,60,True,60.0,37.739611,-122.492203,37.71792392810689,-122.45746773264354
,60.0,dn15,pkg51,60,True,67.0,37.739611,-122.492203,37.70973853163185,-122.46741485838517
,62.0,dn8,pkg52,62,True,66.0,37.718779,-122.462401,37.726007423112094,-122.40986148566304
,63.0,dn10,pkg47,63,False,60.0,37.78929,-122.426797,37.7637640186134,-122.46993668142724
,63.0,dn7,pkg49,63,True,63.0,37.718779,-122.462401,37.71265239269991,-122.50668918349855
,69.0,dn3,pkg54,69.0,True,76.0,37.774524,-122.473656,37.77322340300063,-122.50039643676548
,70.0,dn1,pkg56,70,True,78.0,37.774524,-122.473656,37.752598024498795,-122.48941568820241
,71.0,dn6,pkg53,71,True,71.0,37.751751,-122.410654,37.79105810448353,-122.42875160286297
,71.0,dn11,pkg57,71.0,True,78.0,37.78929,-122.426797,37.774336037824476,-122.42457701180817
,72.0,dn4,pkg55,72,True,76.0,37.751751,-122.410654,37.717105242166674,-122.40787699147369
,75.0,dn2,pkg58,75.0,True,84.0,37.774524,-122.473656,37.74027549820266,-122.48345844611306
,77.0,dn5,pkg59,77,True,82.0,37.751751,-122.410654,37.72323885444787,-122.40045682728791
,81.0,dn8,pkg60,81,True,83.0,37.718779,-122.462401,37.71405569681919,-122.41863897861545
,81.0,dn7,pkg62,81.0,True,91.0,37.718779,-122.462401,37.718678828813324,-122.44728052653115
,85.0,dn3,pkg61,85,True,90.0,37.774524,-122.473656,37.76798889485783,-122.44619838017466
,86.0,dn10,pkg63,86.0,True,95.0,37.78929,-122.426797,37.796397484834266,-122.43216780992829
,91.0,dn1,pkg64,91,True,99.0,37.774524,-122.473656,37.74957394349829,-122.49945270553907
,93.0,dn7,pkg66,93,True,100.0,37.718779,-122.462401,37.727025846468166,-122.49037133407
,94.0,dn9,pkg65,94.0,True,101.0,37.718779,-122.462401,37.71997020190897,-122.45723919454521
,94.0,dn14,pkg67,94.0,True,104.0,37.739611,-122.492203,37.72040772396971,-122.4813165459749
,96.0,dn4,pkg68,96.0,True,101.0,37.751751,-122.410654,37.7091966953666,-122.40616994301513
,97.0,dn2,pkg69,97.0,True,103.0,37.774524,-122.473656,37.77601449121089,-122.48176186331344
,5.0,dn10,pkg3,5.0,True,14.0,37.78929,-122.426797,37.78908615538794,-122.42922100754771
,6.0,dn7,pkg13,6,True,15.0,37.718779,-122.462401,37.71909907268635,-122.44319673411474
,6.0,dn11,pkg17,6,True,15.0,37.78929,-122.426797,37.77133379628293,-122.40524480890471
,7.0,dn9,pkg10,7,True,13.0,37.718779,-122.462401,37.725242367825324,-122.43682125884311
,7.0,dn12,pkg7,7.0,True,15.0,37.78929,-122.426797,37.78875275552347,-122.43102758601468
,7.0,dn5,pkg5,7.0,True,16.0,37.751751,-122.410654,37.73690753082254,-122.42327614514187
,7.0,dn8,pkg16,7.0,True,15.0,37.718779,-122.462401,37.742348004458,-122.44497217987944
,8.0,dn4,pkg4,8,True,12.0,37.751751,-122.410654,37.72351413902785,-122.40465762828232
,9.0,dn3,pkg8,9,True,13.0,37.774524,-122.473656,37.76731479441013,-122.43343453498174
,9.0,dn15,pkg9,9,True,13.0,37.739611,-122.492203,37.767186025329735,-122.4580827423674
,10.0,dn1,pkg15,10.0,True,16.0,37.774524,-122.473656,37.79309261435141,-122.47027009063646
,10.0,dn2,pkg20,10,True,15.0,37.774524,-122.473656,37.7870001777325,-122.44788742925576
,10.0,dn14,pkg14,10.0,True,19.0,37.739611,-122.492203,37.73238723311198,-122.47658064222497
,11.0,dn13,pkg1,11,True,15.0,37.739611,-122.492203,37.70866700325217,-122.45619545668809
,11.0,dn10,pkg24,11,True,17.0,37.78929,-122.426797,37.78085862082724,-122.43979609112738
,12.0,dn6,pkg6,12,False,11.0,37.751751,-122.410654,37.72171268771516,-122.41569507404883
,12.0,dn8,pkg21,12,True,18.0,37.718779,-122.462401,37.72778291810928,-122.47915611973842
,13.0,dn12,pkg2,13,True,19.0,37.78929,-122.426797,37.765444944462445,-122.40750244685124
,14.0,dn5,pkg28,14.0,True,23.0,37.751751,-122.410654,37.73730571259915,-122.4461355073587
,19.0,dn11,pkg29,19.0,True,28.0,37.78929,-122.426797,37.75770382014512,-122.4427793523352
,19.0,dn7,pkg22,19,False,17.0,37.718779,-122.462401,37.72211488724929,-122.42370139465754
,19.0,dn10,pkg26,19,True,20.0,37.78929,-122.426797,37.78677022311694,-122.4189447377013
,20.0,dn1,pkg23,20,False,18.0,37.774524,-122.473656,37.790683892580965,-122.50206373472055
,21.0,dn9,pkg19,21,False,18.0,37.718779,-122.462401,37.73385346542679,-122.41427557601277
,21.0,dn4,pkg30,21,True,24.0,37.751751,-122.410654,37.79131183471775,-122.43155920204188
,23.0,dn8,pkg18,23,False,17.0,37.718779,-122.462401,37.74936785610181,-122.48728605126877
,24.0,dn3,pkg31,24.0,True,34.0,37.774524,-122.473656,37.79126057435729,-122.48647746563213
,26.0,dn12,pkg33,26.0,True,35.0,37.78929,-122.426797,37.796617542380964,-122.44818329177329
,26.0,dn2,pkg32,26,True,34.0,37.774524,-122.473656,37.78917372233252,-122.50502544173337
,26.0,dn14,pkg34,26.0,True,34.0,37.739611,-122.492203,37.764655455241034,-122.47545722631929
,32.0,dn5,pkg35,32,True,34.0,37.751751,-122.410654,37.71588815763976,-122.41585369568365
,33.0,dn10,pkg36,33,True,36.0,37.78929,-122.426797,37.79603840269063,-122.39513883510729
,38.0,dn12,pkg38,38,True,46.0,37.78929,-122.426797,37.788132391126766,-122.45092727278868
,40.0,dn6,pkg37,40,False,39.0,37.751751,-122.410654,37.70929994505224,-122.41126832193503
,44.0,dn7,pkg39,44.0,True,52.0,37.718779,-122.462401,37.731848711194644,-122.47269221326535
,47.0,dn1,pkg40,47.0,True,57.0,37.774524,-122.473656,37.74340118826369,-122.48826938651403
,48.0,dn13,pkg41,48.0,True,55.0,37.739611,-122.492203,37.73891804075525,-122.50458746949452
,51.0,dn2,pkg43,51.0,True,59.0,37.774524,-122.473656,37.788307034286596,-122.48753589989583
,52.0,dn3,pkg42,52.0,True,57.0,37.774524,-122.473656,37.771525000731486,-122.50244564177723
,55.0,dn8,pkg44,55.0,True,60.0,37.718779,-122.462401,37.73782004315688,-122.45479197916174
,60.0,dn4,pkg45,60,True,64.0,37.751751,-122.410654,37.77606731472155,-122.39495172599003
,64.0,dn2,pkg46,64.0,True,71.0,37.774524,-122.473656,37.74943480599572,-122.46820035148649
,64.0,dn1,pkg47,64.0,True,72.0,37.774524,-122.473656,37.791096450385,-122.46307108595069
,66.0,dn7,pkg48,66,True,71.0,37.718779,-122.462401,37.72349439198114,-122.43915590872385
,72.0,dn13,pkg49,72.0,True,80.0,37.739611,-122.492203,37.75201106865804,-122.4826675980354
,73.0,dn3,pkg50,73,True,75.0,37.774524,-122.473656,37.76691247582972,-122.42488494341043
,76.0,dn2,pkg51,76.0,True,84.0,37.774524,-122.473656,37.783544814991885,-122.4769905378917
,78.0,dn1,pkg53,78.0,True,87.0,37.774524,-122.473656,37.78722765746068,-122.47059684009191
,80.0,dn10,pkg52,80.0,True,89.0,37.78929,-122.426797,37.775203124145015,-122.39927742554991
,85.0,dn11,pkg54,85,True,90.0,37.78929,-122.426797,37.7832836709831,-122.45572529939669
,87.0,dn12,pkg55,87,True,90.0,37.78929,-122.426797,37.7852172787366,-122.46675960389447
,91.0,dn4,pkg56,91.0,True,96.0,37.751751,-122.410654,37.76271902674289,-122.41573790131521
,92.0,dn1,pkg58,92,True,98.0,37.774524,-122.473656,37.79156661849528,-122.43129720716374
,92.0,dn10,pkg60,92,True,96.0,37.78929,-122.426797,37.79209680690904,-122.40429524576155
,93.0,dn5,pkg57,93,True,97.0,37.751751,-122.410654,37.75107090573692,-122.44666762621877
,95.0,dn6,pkg59,95.0,True,101.0,37.751751,-122.410654,37.73195670134338,-122.40465236815695
,100.0,dn7,pkg62,100.0,True,107.0,37.718779,-122.462401,37.713505686016056,-122.48255263888359
,6.0,dn5,pkg13,6,True,13.0,37.751751,-122.410654,37.71253103960306,-122.42766380141656
,6.0,dn14,pkg2,6.0,True,16.0,37.739611,-122.492203,37.74664115407435,-122.50556992957785
,6.0,dn6,pkg1,6.0,True,13.0,37.751751,-122.410654,37.7373971083207,-122.40985735290573
,7.0,dn2,pkg12,7,True,15.0,37.774524,-122.473656,37.79435907328241,-122.43709692031607
,7.0,dn4,pkg15,7,True,11.0,37.751751,-122.410654,37.735265376398,-122.44638550998963
,7.0,dn1,pkg11,7.0,True,15.0,37.774524,-122.473656,37.79252879288828,-122.48350675699695
,7.0,dn3,pkg4,7.0,True,15.0,37.774524,-122.473656,37.7883294493111,-122.49510518667329
,8.0,dn13,pkg20,8.0,True,13.0,37.739611,-122.492203,37.71990726130303,-122.47580255882832
,8.0,dn7,pkg5,8.0,True,16.0,37.718779,-122.462401,37.71120842675615,-122.45254906822754
,9.0,dn8,pkg14,9,True,15.0,37.718779,-122.462401,37.722336544337935,-122.42342733568405
,9.0,dn15,pkg22,9.0,True,15.0,37.739611,-122.492203,37.73735680412603,-122.47234592881604
,10.0,dn11,pkg7,10.0,True,15.0,37.78929,-122.426797,37.77905067541082,-122.39938236124645
,11.0,dn10,pkg6,11,True,14.0,37.78929,-122.426797,37.75793917009065,-122.43220834868241
,13.0,dn9,pkg3,13,True,16.0,37.718779,-122.462401,37.72591663587984,-122.40777271073408
,13.0,dn6,pkg10,13,True,19.0,37.751751,-122.410654,37.74506809171574,-122.39902841794402
,13.0,dn14,pkg17,13,True,19.0,37.739611,-122.492203,37.747413405395626,-122.48584085129018
,13.0,dn15,pkg19,13,True,17.0,37.739611,-122.492203,37.74814293633257,-122.49640820591902
,15.0,dn1,pkg24,15,True,23.0,37.774524,-122.473656,37.749948766660815,-122.46555474818122
,17.0,dn7,pkg8,17,True,18.0,37.718779,-122.462401,37.73001042322425,-122.44065599724377
,19.0,dn4,pkg18,19,False,16.0,37.751751,-122.410654,37.715127091053006,-122.41331701884543
,20.0,dn5,pkg26,20,True,25.0,37.751751,-122.410654,37.73895298779105,-122.45962465334185
,20.0,dn3,pkg27,20.0,True,27.0,37.774524,-122.473656,37.74784253027066,-122.47801960167054
,20.0,dn13,pkg9,20,True,20.0,37.739611,-122.492203,37.7555231730388,-122.49990570236723
,21.0,dn15,pkg21,21,False,18.0,37.739611,-122.492203,37.73757194842201,-122.46837558913849
,24.0,dn6,pkg29,24.0,True,33.0,37.751751,-122.410654,37.74160354625495,-122.40931799939013
,26.0,dn2,pkg28,26,True,29.0,37.774524,-122.473656,37.72974571557713,-122.46617974466595
,26.0,dn8,pkg23,26,False,19.0,37.718779,-122.462401,37.71727278975676,-122.42799361281382
,27.0,dn10,pkg31,27,True,36.0,37.78929,-122.426797,37.75263721263231,-122.42263227504367
,33.0,dn3,pkg32,33,True,35.0,37.774524,-122.473656,37.76496313099769,-122.42101925034233
,37.0,dn14,pkg30,37,False,35.0,37.739611,-122.492203,37.72095203404021,-122.44130677209724
,38.0,dn4,pkg33,38.0,True,46.0,37.751751,-122.410654,37.743355851240274,-122.4030775208335
,41.0,dn5,pkg34,41.0,True,49.0,37.751751,-122.410654,37.74726744463223,-122.39534625199941
,42.0,dn1,pkg35,42,True,49.0,37.774524,-122.473656,37.785349479200235,-122.44969856325456
,42.0,dn11,pkg36,42.0,True,52.0,37.78929,-122.426797,37.7962021175996,-122.44162171725536
,46.0,dn7,pkg37,46.0,True,51.0,37.718779,-122.462401,37.72595690544814,-122.44673929116821
,49.0,dn3,pkg40,49,True,54.0,37.774524,-122.473656,37.785147193941704,-122.4903082994169
,49.0,dn10,pkg41,49.0,True,54.0,37.78929,-122.426797,37.790727264315215,-122.45238698465609
,51.0,dn2,pkg39,51,True,55.0,37.774524,-122.473656,37.79155341538454,-122.50345365778121
,51.0,dn6,pkg38,51,True,54.0,37.751751,-122.410654,37.77326409276636,-122.4378867577184
,53.0,dn4,pkg43,53.0,True,61.0,37.751751,-122.410654,37.749115933525836,-122.44714758700604
,54.0,dn13,pkg44,54,True,60.0,37.739611,-122.492203,37.766193397961125,-122.50340591261069
,54.0,dn7,pkg46,54.0,True,62.0,37.718779,-122.462401,37.71568981898115,-122.44825885586086
,55.0,dn5,pkg42,55,True,58.0,37.751751,-122.410654,37.72441706799466,-122.44321665747452
,55.0,dn15,pkg45,55,True,57.0,37.739611,-122.492203,37.72023381354548,-122.45078941427765
,58.0,dn11,pkg47,58,True,65.0,37.78929,-122.426797,37.787266212100945,-122.46748731877561
,62.0,dn1,pkg48,62.0,True,70.0,37.774524,-122.473656,37.783281446865516,-122.48080391934015
,63.0,dn3,pkg49,63,True,65.0,37.774524,-122.473656,37.791513128240936,-122.49790126589285
,64.0,dn10,pkg50,64,True,72.0,37.78929,-122.426797,37.76802347918972,-122.40275417804047
,67.0,dn12,pkg51,67,True,73.0,37.78929,-122.426797,37.76854219418748,-122.44568050779102
,71.0,dn4,pkg52,71.0,True,80.0,37.751751,-122.410654,37.733680372723235,-122.41839693866784
,75.0,dn2,pkg53,75,True,78.0,37.774524,-122.473656,37.752230859830426,-122.45290181988074
,75.0,dn14,pkg54,75.0,True,85.0,37.739611,-122.492203,37.7801425137362,-122.46883802262293
,77.0,dn10,pkg58,77.0,True,87.0,37.78929,-122.426797,37.78188112111085,-122.43076121644087
,78.0,dn7,pkg55,78.0,True,87.0,37.718779,-122.462401,37.71619255391336,-122.45765092200085
,78.0,dn13,pkg56,78,True,83.0,37.739611,-122.492203,37.77509696963011,-122.5039554630877
,79.0,dn3,pkg57,79.0,True,88.0,37.774524,-122.473656,37.77994153980897,-122.46358856519664
,82.0,dn4,pkg60,82.0,True,90.0,37.751751,-122.410654,37.7458606112081,-122.4076533482881
,83.0,dn8,pkg59,83.0,True,89.0,37.718779,-122.462401,37.713076244908606,-122.46751044237236
,86.0,dn1,pkg61,86.0,True,95.0,37.774524,-122.473656,37.78200613165477,-122.47477709495564
,87.0,dn3,pkg63,87.0,True,94.0,37.774524,-122.473656,37.78031229803777,-122.48882629161456
,91.0,dn10,pkg62,91,True,94.0,37.78929,-122.426797,37.79485387025843,-122.48061020582601
,92.0,dn7,pkg64,92,True,94.0,37.718779,-122.462401,37.716052369854694,-122.42663418252597
,99.0,dn4,pkg66,99.0,True,105.0,37.751751,-122.410654,37.74413826007703,-122.40045406337414
,6.0,dn1,pkg11,6,True,14.0,37.774524,-122.473656,37.782939015900546,-122.44820090032978
,6.0,dn2,pkg14,6,True,11.0,37.774524,-122.473656,37.78901539650317,-122.47107313405054
,6.0,dn14,pkg2,6,True,14.0,37.739611,-122.492203,37.768505026612566,-122.50431706187547
,6.0,dn3,pkg4,6,True,14.0,37.774524,-122.473656,37.79445069131466,-122.46536174180106
,6.0,dn10,pkg21,6,True,16.0,37.78929,-122.426797,37.78632298124219,-122.4515382134685
,8.0,dn4,pkg10,8.0,True,18.0,37.751751,-122.410654,37.73917407330153,-122.44008465515145
,8.0,dn13,pkg15,8,True,14.0,37.739611,-122.492203,37.76202958815259,-122.47712076058099
,8.0,dn15,pkg18,8,True,12.0,37.739611,-122.492203,37.77820411848436,-122.47840386443521
,8.0,dn7,pkg22,8.0,True,13.0,37.718779,-122.462401,37.715235664650805,-122.48922699945841
,8.0,dn8,pkg12,8.0,True,18.0,37.718779,-122.462401,37.717309183653974,-122.45524865097983
,9.0,dn9,pkg8,9.0,True,14.0,37.718779,-122.462401,37.74197358155955,-122.46521796372082
,11.0,dn5,pkg20,11,True,11.0,37.751751,-122.410654,37.795510562525436,-122.4070482142209
,11.0,dn6,pkg7,11,True,18.0,37.751751,-122.410654,37.7308633459448,-122.44909287024863
,12.0,dn12,pkg19,12,True,16.0,37.78929,-122.426797,37.749682543361175,-122.44255954113589
,13.0,dn11,pkg23,13,True,14.0,37.78929,-122.426797,37.76014964126439,-122.41286273990829
,17.0,dn10,pkg27,17,True,25.0,37.78929,-122.426797,37.764743346460115,-122.43370614900628
,17.0,dn3,pkg9,17,True,17.0,37.774524,-122.473656,37.771494916433724,-122.5041834118331
,17.0,dn14,pkg16,17,False,15.0,37.739611,-122.492203,37.745707997195865,-122.47634178052328
,18.0,dn8,pkg26,18,True,24.0,37.718779,-122.462401,37.715306893108504,-122.5042591469031
,18.0,dn1,pkg25,18,True,20.0,37.774524,-122.473656,37.769172645652745,-122.44557974114669
,18.0,dn2,pkg6,18,True,18.0,37.774524,-122.473656,37.75993960748129,-122.45869827840536
,22.0,dn7,pkg24,22,False,21.0,37.718779,-122.462401,37.751695753762036,-122.44708348207818
,22.0,dn4,pkg29,22,True,26.0,37.751751,-122.410654,37.73045761061944,-122.40052350842778
,24.0,dn13,pkg31,24,True,31.0,37.739611,-122.492203,37.775610814352596,-122.46618311544607
,25.0,dn9,pkg5,25,False,16.0,37.718779,-122.462401,37.71504426028239,-122.4939987201896
,26.0,dn5,pkg33,26.0,True,32.0,37.751751,-122.410654,37.73376581489563,-122.40254463425275
,27.0,dn10,pkg30,27,True,27.0,37.78929,-122.426797,37.775705610525264,-122.44175971308559
,28.0,dn6,pkg28,28,False,27.0,37.751751,-122.410654,37.77848337546022,-122.41246589674267
,29.0,dn3,pkg32,29,True,35.0,37.774524,-122.473656,37.79591483774104,-122.45476066415108
,32.0,dn11,pkg35,32.0,True,39.0,37.78929,-122.426797,37.7876783882913,-122.422913335651
,34.0,dn1,pkg34,34.0,True,41.0,37.774524,-122.473656,37.74547482948294,-122.49509187754754
,37.0,dn10,pkg38,37,True,44.0,37.78929,-122.426797,37.76236001271576,-122.44122684830592
,39.0,dn2,pkg37,39,True,47.0,37.774524,-122.473656,37.75408898657888,-122.50259131737022
,41.0,dn7,pkg40,41.0,True,46.0,37.718779,-122.462401,37.737744922129046,-122.47124244658652
,42.0,dn8,pkg39,42.0,True,51.0,37.718779,-122.462401,37.71475155992961,-122.46516464064437
,43.0,dn5,pkg36,43,True,48.0,37.751751,-122.410654,37.79214950223967,-122.43322257688092
,46.0,dn6,pkg43,46.0,True,54.0,37.751751,-122.410654,37.74968899957441,-122.4194228562683
,47.0,dn9,pkg41,47,True,49.0,37.718779,-122.462401,37.72528848528354,-122.40969097191821
,48.0,dn4,pkg42,48,True,55.0,37.751751,-122.410654,37.71265405098982,-122.40369074451023
,50.0,dn14,pkg45,50.0,True,57.0,37.739611,-122.492203,37.77363764973349,-122.50762913968357
,52.0,dn13,pkg44,52,True,55.0,37.739611,-122.492203,37.71594348803338,-122.46054810687369
,55.0,dn1,pkg46,55.0,True,63.0,37.774524,-122.473656,37.777060994230716,-122.47226596084005
,57.0,dn6,pkg50,57.0,True,65.0,37.751751,-122.410654,37.74421437529677,-122.42717436768005
,58.0,dn2,pkg47,58.0,True,66.0,37.774524,-122.473656,37.74553263261165,-122.46457884747447
,59.0,dn15,pkg49,59.0,True,68.0,37.739611,-122.492203,37.7417030009106,-122.49762314988877
,61.0,dn3,pkg48,61,True,65.0,37.774524,-122.473656,37.75662143042622,-122.50427799335034
,63.0,dn11,pkg51,63.0,True,71.0,37.78929,-122.426797,37.784808842645816,-122.40752966890476
,65.0,dn14,pkg52,65.0,True,72.0,37.739611,-122.492203,37.74909724017589,-122.49489504265094
,65.0,dn1,pkg53,65,True,74.0,37.774524,-122.473656,37.75503152362002,-122.4489896948616
,65.0,dn7,pkg54,65.0,True,70.0,37.718779,-122.462401,37.70983970267009,-122.45762176755626
,66.0,dn4,pkg56,66.0,True,74.0,37.751751,-122.410654,37.767303591566076,-122.41653233731202
,68.0,dn15,pkg57,68.0,True,73.0,37.739611,-122.492203,37.71620262212647,-122.50138843013714
,69.0,dn5,pkg55,69.0,True,76.0,37.751751,-122.410654,37.77976374719645,-122.42249686109967
,70.0,dn6,pkg58,70.0,True,79.0,37.751751,-122.410654,37.733381671458275,-122.40087473658267
,74.0,dn7,pkg59,74,True,81.0,37.718779,-122.462401,37.73161284778318,-122.42312884205066
,77.0,dn3,pkg61,77.0,True,84.0,37.774524,-122.473656,37.77164795527423,-122.4938847993183
,81.0,dn2,pkg60,81,True,86.0,37.774524,-122.473656,37.787369803688826,-122.50587903934857
,81.0,dn6,pkg62,81.0,True,87.0,37.751751,-122.410654,37.75873662367757,-122.46408964584867
,83.0,dn10,pkg63,83,True,87.0,37.78929,-122.426797,37.770874471793086,-122.42360222900976
,84.0,dn8,pkg64,84.0,True,93.0,37.718779,-122.462401,37.71790399139227,-122.47213194856367
,88.0,dn7,pkg66,88.0,True,94.0,37.718779,-122.462401,37.717878961286374,-122.48590795845755
,88.0,dn9,pkg65,88.0,True,93.0,37.718779,-122.462401,37.71297441481911,-122.43048053666752
,88.0,dn13,pkg68,88,True,93.0,37.739611,-122.492203,37.73978305784071,-122.50492047412725
,90.0,dn4,pkg67,90.0,True,97.0,37.751751,-122.410654,37.760968074701076,-122.4309549173737
,91.0,dn5,pkg70,91.0,True,101.0,37.751751,-122.410654,37.768218280611194,-122.43480731196526
,96.0,dn3,pkg72,96.0,True,103.0,37.774524,-122.473656,37.7592126756907,-122.45183314983782
,97.0,dn1,pkg71,97,True,106.0,37.774524,-122.473656,37.79565302274711,-122.50395048767402
,97.0,dn14,pkg73,97.0,True,107.0,37.739611,-122.492203,37.750093695862596,-122.49770120994233
,98.0,dn6,pkg69,98,True,103.0,37.751751,-122.410654,37.722883884243366,-122.41922642765266
,98.0,dn15,pkg74,98.0,True,106.0,37.739611,-122.492203,37.776687807386814,-122.50026686161063
,5.0,dn1,pkg12,5.0,True,13.0,37.774524,-122.473656,37.77813290456494,-122.47485213826701
,5.0,dn2,pkg5,5.0,True,14.0,37.774524,-122.473656,37.77655494997198,-122.4808264804297
,7.0,dn12,pkg9,7,True,15.0,37.78929,-122.426797,37.79084518982464,-122.45697316843943
,8.0,dn9,pkg18,8,True,17.0,37.718779,-122.462401,37.740338727197425,-122.48724790328927
,9.0,dn8,pkg1,9.0,True,18.0,37.718779,-122.462401,37.71244718892226,-122.43389992042002
,9.0,dn13,pkg15,9,True,14.0,37.739611,-122.492203,37.763072885213305,-122.49089159948011
,9.0,dn15,pkg6,9,True,16.0,37.739611,-122.492203,37.71585811427458,-122.47975831702313
,9.0,dn3,pkg16,9,True,13.0,37.774524,-122.473656,37.75163190287639,-122.44528669655537
,10.0,dn7,pkg2,10.0,True,18.0,37.718779,-122.462401,37.713017511501526,-122.48281657010592
,10.0,dn14,pkg10,10.0,True,18.0,37.739611,-122.492203,37.75732231763292,-122.4692327423922
,10.0,dn4,pkg20,10,True,11.0,37.751751,-122.410654,37.77528760626441,-122.39848481545421
,10.0,dn10,pkg7,10,True,12.0,37.78929,-122.426797,37.77239386530991,-122.44968621212848
,10.0,dn6,pkg23,10,True,16.0,37.751751,-122.410654,37.72729978771001,-122.41035618841478
,10.0,dn11,pkg14,10.0,True,18.0,37.78929,-122.426797,37.78819069474313,-122.44635366532914
,11.0,dn1,pkg11,11,True,11.0,37.774524,-122.473656,37.78083372863701,-122.48960572014623
,12.0,dn5,pkg22,12,False,11.0,37.751751,-122.410654,37.71989235833223,-122.41028595573943
,16.0,dn2,pkg8,16,False,12.0,37.774524,-122.473656,37.76383485475777,-122.44135023142593
,19.0,dn7,pkg28,19,True,24.0,37.718779,-122.462401,37.736312914942154,-122.43710419576945
,20.0,dn14,pkg26,20,True,23.0,37.739611,-122.492203,37.72174143923727,-122.48104900970122
,21.0,dn12,pkg29,21.0,True,27.0,37.78929,-122.426797,37.76856660823627,-122.41126305298573
,21.0,dn1,pkg21,21,False,17.0,37.774524,-122.473656,37.76087846479482,-122.50482572584977
,22.0,dn9,pkg30,22,True,26.0,37.718779,-122.462401,37.760135493455444,-122.44038466170065
,22.0,dn3,pkg32,22,True,29.0,37.774524,-122.473656,37.79317744791379,-122.48249957519498
,24.0,dn15,pkg27,24,False,23.0,37.739611,-122.492203,37.75892013059244,-122.44224391290656
,25.0,dn10,pkg31,25,True,30.0,37.78929,-122.426797,37.77016943344974,-122.44622492433709
,26.0,dn8,pkg33,26,True,34.0,37.718779,-122.462401,37.735412989269555,-122.4225967917015
,27.0,dn11,pkg19,27,False,19.0,37.78929,-122.426797,37.76539814661794,-122.46473922610556
,27.0,dn13,pkg34,27.0,True,35.0,37.739611,-122.492203,37.775351254523336,-122.4653754526995
,29.0,dn6,pkg35,29,True,33.0,37.751751,-122.410654,37.717921050189204,-122.40217167725841
,29.0,dn5,pkg36,29,True,34.0,37.751751,-122.410654,37.738636239344956,-122.39776049869793
,31.0,dn4,pkg17,31,False,20.0,37.751751,-122.410654,37.712143735018486,-122.40367228023837
,37.0,dn1,pkg37,37,True,41.0,37.774524,-122.473656,37.75235141842463,-122.50019480618539
,37.0,dn9,pkg38,37.0,True,46.0,37.718779,-122.462401,37.72062705024317,-122.44465543224172
,37.0,dn2,pkg39,37,True,44.0,37.774524,-122.473656,37.79006696137395,-122.4522195044031
,38.0,dn3,pkg40,38.0,True,44.0,37.774524,-122.473656,37.79270886568754,-122.46117463223517
,39.0,dn10,pkg41,39.0,True,45.0,37.78929,-122.426797,37.760923665397925,-122.41195961444132
,42.0,dn12,pkg42,42.0,True,47.0,37.78929,-122.426797,37.77634126035976,-122.44110638288932
,49.0,dn6,pkg43,49,True,53.0,37.751751,-122.410654,37.73751341800945,-122.45988959997449
,49.0,dn3,pkg44,49.0,True,58.0,37.774524,-122.473656,37.79128324027924,-122.46265523208442
,49.0,dn11,pkg45,49,True,54.0,37.78929,-122.426797,37.79339111887626,-122.4721366370373
,52.0,dn2,pkg46,52.0,True,60.0,37.774524,-122.473656,37.76759061083426,-122.48150227939202
,57.0,dn4,pkg47,57.0,True,62.0,37.751751,-122.410654,37.76528696039947,-122.41391883240725
,58.0,dn5,pkg48,58.0,True,65.0,37.751751,-122.410654,37.736154203181776,-122.42170023537071
,61.0,dn1,pkg49,61.0,True,68.0,37.774524,-122.473656,37.79130152404602,-122.48776759470596
,62.0,dn2,pkg50,62.0,True,70.0,37.774524,-122.473656,37.752013536874095,-122.47687574197296
,63.0,dn7,pkg52,63.0,True,72.0,37.718779,-122.462401,37.71896173667353,-122.45215052917362
,64.0,dn8,pkg51,64.0,True,74.0,37.718779,-122.462401,37.71900611255018,-122.45103445151531
,64.0,dn9,pkg54,64.0,True,72.0,37.718779,-122.462401,37.709437151246924,-122.45873124337223
,65.0,dn3,pkg53,65.0,True,75.0,37.774524,-122.473656,37.78580801592007,-122.46350436077914
,70.0,dn1,pkg58,70,True,78.0,37.774524,-122.473656,37.784764003500925,-122.47483095614203
,71.0,dn4,pkg55,71,True,75.0,37.751751,-122.410654,37.71389530282701,-122.43215545489157
,75.0,dn5,pkg56,75,True,76.0,37.751751,-122.410654,37.795580479940504,-122.39894315046767
,75.0,dn12,pkg59,75.0,True,82.0,37.78929,-122.426797,37.78768536248187,-122.41093380902532
,78.0,dn10,pkg57,78,True,80.0,37.78929,-122.426797,37.75152512326233,-122.41030805277916
,78.0,dn6,pkg60,78,True,84.0,37.751751,-122.410654,37.720490856622895,-122.41073065921464
,94.0,dn5,pkg61,94.0,True,102.0,37.751751,-122.410654,37.74209721032331,-122.425147986464
,97.0,dn13,pkg63,97.0,True,102.0,37.739611,-122.492203,37.75006135192889,-122.49163785742009
,97.0,dn1,pkg64,97.0,True,105.0,37.774524,-122.473656,37.78893381028307,-122.47045700165758
,98.0,dn2,pkg62,98.0,True,105.0,37.774524,-122.473656,37.77734840284001,-122.48697933636308
,6.0,dn11,pkg17,6.0,True,16.0,37.78929,-122.426797,37.76428552141671,-122.4539672086851
,6.0,dn15,pkg12,6.0,True,15.0,37.739611,-122.492203,37.73268723108562,-122.44634762461621
,7.0,dn6,pkg4,7.0,True,17.0,37.751751,-122.410654,37.73074061541764,-122.39958887912415
,7.0,dn13,pkg9,7.0,True,14.0,37.739611,-122.492203,37.740604698411076,-122.48651985890898
,8.0,dn7,pkg1,8,True,15.0,37.718779,-122.462401,37.729396063063824,-122.4910057999828
,8.0,dn12,pkg21,8,True,11.0,37.78929,-122.426797,37.78850961532541,-122.47488405878077
,8.0,dn14,pkg3,8,True,12.0,37.739611,-122.492203,37.776394905876174,-122.50135121655428
,8.0,dn4,pkg7,8.0,True,13.0,37.751751,-122.410654,37.729728447504336,-122.41653205518787
,8.0,dn5,pkg18,8,True,14.0,37.751751,-122.410654,37.74578395621129,-122.44104439249546
,8.0,dn1,pkg6,8.0,True,13.0,37.774524,-122.473656,37.749573302880016,-122.50395139991689
,8.0,dn8,pkg13,8.0,True,18.0,37.718779,-122.462401,37.71421412959099,-122.45018371774562
,8.0,dn9,pkg23,8.0,True,14.0,37.718779,-122.462401,37.71391983217704,-122.4990346472625
,9.0,dn2,pkg16,9.0,True,14.0,37.774524,-122.473656,37.77235139764636,-122.50151538881718
,9.0,dn3,pkg10,9.0,True,16.0,37.774524,-122.473656,37.795812176276286,-122.43770095582427
,10.0,dn10,pkg22,10.0,True,16.0,37.78929,-122.426797,37.773397952334044,-122.4078202408881
,14.0,dn13,pkg20,14,True,19.0,37.739611,-122.492203,37.7290353484135,-122.47943696812976
,14.0,dn4,pkg24,14,True,19.0,37.751751,-122.410654,37.75974078264176,-122.42178702944479
,15.0,dn8,pkg2,15,True,18.0,37.718779,-122.462401,37.71340967102684,-122.44419888017681
,15.0,dn9,pkg19,15,True,19.0,37.718779,-122.462401,37.725376039139505,-122.43439048743777
,15.0,dn1,pkg5,15,True,18.0,37.774524,-122.473656,37.77780695072272,-122.46324542296657
,16.0,dn11,pkg26,16,True,21.0,37.78929,-122.426797,37.785639749433834,-122.4035218887856
,16.0,dn6,pkg25,16,True,21.0,37.751751,-122.410654,37.766813483106525,-122.40407010916174
,17.0,dn7,pkg14,17,True,20.0,37.718779,-122.462401,37.72634553217381,-122.46502309624505
,19.0,dn3,pkg28,19.0,True,25.0,37.774524,-122.473656,37.78024397020361,-122.46100815749276
,21.0,dn15,pkg15,21,False,15.0,37.739611,-122.492203,37.75048556054255,-122.45550452745094
,22.0,dn12,pkg27,22,True,29.0,37.78929,-122.426797,37.76534335294074,-122.47507725509381
,22.0,dn4,pkg30,22.0,True,31.0,37.751751,-122.410654,37.71927536499195,-122.41761391320098
,23.0,dn14,pkg11,23,False,19.0,37.739611,-122.492203,37.718287628601786,-122.47156828225125
,26.0,dn1,pkg31,26,True,33.0,37.774524,-122.473656,37.794355365229514,-122.48428831169441
,27.0,dn5,pkg32,27,True,33.0,37.751751,-122.410654,37.739663963617495,-122.39865624846635
,33.0,dn2,pkg29,33,False,30.0,37.774524,-122.473656,37.729881637466704,-122.48165267396841
,35.0,dn4,pkg33,35,True,44.0,37.751751,-122.410654,37.722108179908815,-122.40247398576814
,35.0,dn7,pkg35,35,True,44.0,37.718779,-122.462401,37.75363973413203,-122.47743728021328
,36.0,dn8,pkg34,36.0,True,44.0,37.718779,-122.462401,37.719317369850444,-122.45394130948908
,37.0,dn10,pkg37,37.0,True,42.0,37.78929,-122.426797,37.79137606533213,-122.45162275536993
,38.0,dn3,pkg36,38,True,46.0,37.774524,-122.473656,37.794772975528005,-122.46459256139781
,42.0,dn1,pkg38,42.0,True,48.0,37.774524,-122.473656,37.76071752596265,-122.49321878896355
,44.0,dn11,pkg40,44.0,True,49.0,37.78929,-122.426797,37.78099479659486,-122.41547957316203
,45.0,dn5,pkg39,45.0,True,50.0,37.751751,-122.410654,37.753292249723806,-122.40869980177247
,46.0,dn8,pkg43,46.0,True,56.0,37.718779,-122.462401,37.71801347087793,-122.45040235235666
,50.0,dn12,pkg41,50,True,51.0,37.78929,-122.426797,37.785318308481756,-122.4765624396006
,52.0,dn4,pkg44,52,True,57.0,37.751751,-122.410654,37.71655651673696,-122.43134580871495
,53.0,dn6,pkg42,53,True,55.0,37.751751,-122.410654,37.717087484760576,-122.41369409363173
,60.0,dn8,pkg45,60,False,59.0,37.718779,-122.462401,37.74635266906354,-122.42596914987281
,62.0,dn5,pkg46,62,True,64.0,37.751751,-122.410654,37.71212878942923,-122.4053273536757
,62.0,dn1,pkg48,62.0,True,72.0,37.774524,-122.473656,37.77254362610291,-122.47206280600092
,62.0,dn2,pkg50,62,True,70.0,37.774524,-122.473656,37.790304992473715,-122.48147029561171
,64.0,dn14,pkg47,64.0,True,72.0,37.739611,-122.492203,37.74523201982768,-122.50477096989144
,64.0,dn4,pkg49,64,True,70.0,37.751751,-122.410654,37.736563215158135,-122.39988179796588
,67.0,dn7,pkg52,67.0,True,77.0,37.718779,-122.462401,37.71792897867205,-122.47299169722535
,73.0,dn13,pkg51,73,False,72.0,37.739611,-122.492203,37.70783234599923,-122.50576870375612
,74.0,dn9,pkg53,74.0,True,80.0,37.718779,-122.462401,37.724976103175486,-122.46827858973944
,76.0,dn15,pkg54,76.0,True,82.0,37.739611,-122.492203,37.72976450090587,-122.50050482616848
,76.0,dn7,pkg57,76.0,True,82.0,37.718779,-122.462401,37.73038224735513,-122.4494945329038
,78.0,dn4,pkg55,78.0,True,84.0,37.751751,-122.410654,37.725194789686746,-122.39751601345428
,80.0,dn8,pkg56,80.0,True,90.0,37.718779,-122.462401,37.729371118088146,-122.48313879766862
,83.0,dn1,pkg58,83.0,True,91.0,37.774524,-122.473656,37.79461682787096,-122.50460327667346
,89.0,dn2,pkg59,89.0,True,95.0,37.774524,-122.473656,37.77111753944588,-122.49696352771672
,91.0,dn10,pkg60,91,True,96.0,37.78929,-122.426797,37.781960734867084,-122.396480768771
,91.0,dn4,pkg61,91,True,97.0,37.751751,-122.410654,37.73749716534785,-122.43062866549194
,93.0,dn3,pkg62,93,True,100.0,37.774524,-122.473656,37.783114150061216,-122.45560702725356
,96.0,dn1,pkg63,96,True,101.0,37.774524,-122.473656,37.77836718672251,-122.43413106362074
,96.0,dn13,pkg64,96,True,101.0,37.739611,-122.492203,37.75739577652299,-122.47675156263544
,100.0,dn5,pkg65,100.0,True,110.0,37.751751,-122.410654,37.728044444262565,-122.39759163803346
,7.0,dn1,pkg12,7,True,11.0,37.774524,-122.473656,37.74875180361406,-122.47374761172337
,7.0,dn3,pkg3,7.0,True,15.0,37.774524,-122.473656,37.77705836984066,-122.48486787863486
,7.0,dn2,pkg5,7.0,True,14.0,37.774524,-122.473656,37.7610137745301,-122.49656504637971
,7.0,dn6,pkg8,7.0,True,13.0,37.751751,-122.410654,37.76012674406543,-122.43441659068358
,7.0,dn13,pkg22,7,True,10.0,37.739611,-122.492203,37.71926606466613,-122.47039190218572
,7.0,dn5,pkg7,7.0,True,17.0,37.751751,-122.410654,37.744871102042296,-122.41451845440932
,8.0,dn8,pkg19,8.0,True,17.0,37.718779,-122.462401,37.72431599477064,-122.42506065861744
,8.0,dn10,pkg6,8,True,16.0,37.78929,-122.426797,37.77883270005552,-122.4444778252314
,8.0,dn11,pkg11,8,True,13.0,37.78929,-122.426797,37.76252938711821,-122.41450189806952
,8.0,dn14,pkg20,8.0,True,14.0,37.739611,-122.492203,37.77570591866145,-122.49890482521882
,8.0,dn12,pkg10,8,True,17.0,37.78929,-122.426797,37.79530681090843,-122.46220286803822
,10.0,dn4,pkg14,10,True,14.0,37.751751,-122.410654,37.78394045210365,-122.41853651731869
,10.0,dn7,pkg9,10.0,True,19.0,37.718779,-122.462401,37.71599274449185,-122.41634553243628
,10.0,dn3,pkg1,10,True,18.0,37.774524,-122.473656,37.778587761314114,-122.48262081688583
,11.0,dn15,pkg2,11,True,13.0,37.739611,-122.492203,37.7831182644653,-122.48017795991056
,12.0,dn5,pkg4,12,True,16.0,37.751751,-122.410654,37.76009263970563,-122.42435375835508
,13.0,dn9,pkg17,13,True,18.0,37.718779,-122.462401,37.7400872993372,-122.43479901498584
,13.0,dn6,pkg16,13,True,16.0,37.751751,-122.410654,37.73774413953284,-122.40162182394316
,17.0,dn3,pkg26,17,True,22.0,37.774524,-122.473656,37.761352034866164,-122.49328223469989
,17.0,dn5,pkg15,17,False,16.0,37.751751,-122.410654,37.75118923577302,-122.40342044153905
,19.0,dn2,pkg25,19,True,26.0,37.774524,-122.473656,37.7856974438538,-122.50400549204133
,19.0,dn14,pkg23,19,False,17.0,37.739611,-122.492203,37.723245446327155,-122.48801820183253
,20.0,dn8,pkg27,20,True,24.0,37.718779,-122.462401,37.70982172295013,-122.47951884728411
,22.0,dn13,pkg28,22.0,True,27.0,37.739611,-122.492203,37.73054794893872,-122.48100012624316
,24.0,dn1,pkg29,24,True,29.0,37.774524,-122.473656,37.74470973713645,-122.50730573782994
,25.0,dn15,pkg30,25,True,25.0,37.739611,-122.492203,37.76004343798641,-122.48808918659215
,26.0,dn11,pkg18,26,False,16.0,37.78929,-122.426797,37.794817859770134,-122.46570613223044
,29.0,dn5,pkg31,29.0,True,38.0,37.751751,-122.410654,37.7486251942957,-122.419086779555
,29.0,dn4,pkg32,29.0,True,36.0,37.751751,-122.410654,37.715497933551795,-122.41035852758115
,32.0,dn3,pkg33,32.0,True,41.0,37.774524,-122.473656,37.78853265128763,-122.4479059132399
,34.0,dn13,pkg34,34,True,38.0,37.739611,-122.492203,37.718962605630686,-122.49926153011201
,36.0,dn10,pkg35,36.0,True,41.0,37.78929,-122.426797,37.79497309452753,-122.42337811688408
,37.0,dn14,pkg36,37.0,True,42.0,37.739611,-122.492203,37.73390196696461,-122.48822724727037
,41.0,dn1,pkg39,41.0,True,50.0,37.774524,-122.473656,37.756947045052875,-122.49027689169954
,42.0,dn5,pkg37,42,True,43.0,37.751751,-122.410654,37.75782261192402,-122.4472613148098
,43.0,dn12,pkg38,43.0,True,52.0,37.78929,-122.426797,37.777797926768635,-122.4098793967914
,47.0,dn10,pkg41,47,True,52.0,37.78929,-122.426797,37.78051019324295,-122.42524427953062
,48.0,dn4,pkg40,48.0,True,53.0,37.751751,-122.410654,37.76142889519375,-122.40805965903387
,49.0,dn2,pkg42,49,True,57.0,37.774524,-122.473656,37.78707579479119,-122.4442248770079
,55.0,dn8,pkg43,55.0,True,60.0,37.718779,-122.462401,37.72399416619883,-122.47404742562337
,55.0,dn13,pkg44,55,True,61.0,37.739611,-122.492203,37.75699557121715,-122.4559526436933
,56.0,dn1,pkg45,56.0,True,66.0,37.774524,-122.473656,37.77153293144622,-122.45581091506294
,58.0,dn3,pkg46,58.0,True,68.0,37.774524,-122.473656,37.794635990576516,-122.4807149415278
,59.0,dn10,pkg49,59,True,64.0,37.78929,-122.426797,37.75293153782315,-122.42129612201119
,60.0,dn7,pkg47,60,True,66.0,37.718779,-122.462401,37.74460222076063,-122.48182239316698
,64.0,dn14,pkg48,64,True,72.0,37.739611,-122.492203,37.76390857854178,-122.47262373184452
,65.0,dn4,pkg51,65.0,True,73.0,37.751751,-122.410654,37.756735619158185,-122.43512606668229
,67.0,dn9,pkg50,67.0,True,75.0,37.718779,-122.462401,37.71001698890725,-122.48609155998885
,69.0,dn15,pkg53,69.0,True,74.0,37.739611,-122.492203,37.75290782388543,-122.49861668381139
,71.0,dn1,pkg52,71.0,True,80.0,37.774524,-122.473656,37.765914228586446,-122.45340704265199
,73.0,dn2,pkg54,73.0,True,81.0,37.774524,-122.473656,37.75136461259362,-122.46316470453728
,74.0,dn10,pkg56,74.0,True,82.0,37.78929,-122.426797,37.77599434757624,-122.45625042376103
,74.0,dn4,pkg58,74.0,True,81.0,37.751751,-122.410654,37.74930449555732,-122.42906242279228
,75.0,dn3,pkg57,75,True,80.0,37.774524,-122.473656,37.77159896318905,-122.49552176616601
,76.0,dn8,pkg55,76.0,True,83.0,37.718779,-122.462401,37.71786345137407,-122.49638146152711
,81.0,dn13,pkg60,81,True,88.0,37.739611,-122.492203,37.756271268799104,-122.48079119157913
,84.0,dn2,pkg62,84.0,True,92.0,37.774524,-122.473656,37.79117880229902,-122.48766718525327
,85.0,dn1,pkg59,85,True,85.0,37.774524,-122.473656,37.78624255977318,-122.49693331770732
,89.0,dn10,pkg63,89.0,True,95.0,37.78929,-122.426797,37.77666183795092,-122.43201987328402
,89.0,dn3,pkg66,89,True,97.0,37.774524,-122.473656,37.787803061720865,-122.49099080441128
,90.0,dn14,pkg61,90,True,95.0,37.739611,-122.492203,37.77138792864383,-122.47086731453548
,91.0,dn4,pkg64,91.0,True,100.0,37.751751,-122.410654,37.77789276922774,-122.39646778168625
,92.0,dn7,pkg65,92,True,96.0,37.718779,-122.462401,37.711404958818264,-122.49656800909219
,92.0,dn15,pkg68,92.0,True,100.0,37.739611,-122.492203,37.74938129092642,-122.49587179554857
,93.0,dn2,pkg69,93.0,True,98.0,37.774524,-122.473656,37.77625861901641,-122.50337012297406
,95.0,dn13,pkg67,95.0,True,103.0,37.739611,-122.492203,37.772422813999306,-122.48310441008198
,97.0,dn11,pkg70,97.0,True,103.0,37.78929,-122.426797,37.77566105636516,-122.46920822073105
,100.0,dn1,pkg71,100.0,True,105.0,37.774524,-122.473656,37.75915495015431,-122.50178317524637
,100.0,dn10,pkg72,100.0,True,105.0,37.78929,-122.426797,37.7935375665894,-122.42452129445802
,6.0,dn2,pkg7,6.0,True,14.0,37.774524,-122.473656,37.759521002715964,-122.48379095951192
,6.0,dn8,pkg1,6.0,True,15.0,37.718779,-122.462401,37.73042061130716,-122.48237981280371
,6.0,dn10,pkg8,6,True,15.0,37.78929,-122.426797,37.78081565240519,-122.4468956538034
,6.0,dn12,pkg14,6,True,13.0,37.78929,-122.426797,37.75637322941741,-122.43795766568753
,6.0,dn13,pkg16,6,True,12.0,37.739611,-122.492203,37.75795882270148,-122.49255143567395
,6.0,dn6,pkg9,6.0,True,11.0,37.751751,-122.410654,37.728691387128315,-122.40814573659715
,7.0,dn3,pkg10,7.0,True,17.0,37.774524,-122.473656,37.762802365267866,-122.47121014807222
,7.0,dn4,pkg12,7,True,12.0,37.751751,-122.410654,37.748290029306,-122.45355648862417
,7.0,dn7,pkg3,7.0,True,16.0,37.718779,-122.462401,37.716201511891164,-122.45684298070161
,7.0,dn15,pkg18,7.0,True,12.0,37.739611,-122.492203,37.73558956946781,-122.49937992549737
,8.0,dn1,pkg5,8.0,True,15.0,37.774524,-122.473656,37.76119594844423,-122.46106439404383
,9.0,dn11,pkg22,9,True,13.0,37.78929,-122.426797,37.7796893273412,-122.45495556566705
,10.0,dn5,pkg20,10,True,18.0,37.751751,-122.410654,37.72183912486946,-122.41386062384784
,10.0,dn9,pkg19,10,True,13.0,37.718779,-122.462401,37.7495066925447,-122.47686205312723
,11.0,dn14,pkg21,11,True,14.0,37.739611,-122.492203,37.75416933108094,-122.45745741514986
,11.0,dn8,pkg15,11,True,19.0,37.718779,-122.462401,37.742098223848956,-122.42502044558013
,13.0,dn6,pkg25,13,True,18.0,37.751751,-122.410654,37.76755278944449,-122.42731669694648
,14.0,dn12,pkg2,14,True,16.0,37.78929,-122.426797,37.77077149757227,-122.41962453375857
,15.0,dn2,pkg17,15,False,13.0,37.774524,-122.473656,37.756197302063605,-122.45717204849151
,16.0,dn15,pkg24,16,True,16.0,37.739611,-122.492203,37.76453833678484,-122.48989702059094
,18.0,dn1,pkg4,18,False,14.0,37.774524,-122.473656,37.75658541136164,-122.44791442301536
,19.0,dn13,pkg6,19,False,17.0,37.739611,-122.492203,37.714956463963574,-122.46898175608234
,20.0,dn10,pkg26,20,True,24.0,37.78929,-122.426797,37.76660263439956,-122.45905485510029
,21.0,dn4,pkg30,21.0,True,31.0,37.751751,-122.410654,37.71980525275714,-122.39701663170085
,21.0,dn8,pkg29,21,True,24.0,37.718779,-122.462401,37.715098712180236,-122.43770828893885
,22.0,dn3,pkg27,22,True,26.0,37.774524,-122.473656,37.74388698857004,-122.45820595284485
,24.0,dn7,pkg23,24,False,18.0,37.718779,-122.462401,37.732735958663895,-122.41420640433167
,26.0,dn9,pkg28,26,True,32.0,37.718779,-122.462401,37.73635992106238,-122.49036337971376
,27.0,dn5,pkg32,27,True,36.0,37.751751,-122.410654,37.762544247731974,-122.42199146873786
,31.0,dn6,pkg31,31,False,28.0,37.751751,-122.410654,37.7859621438628,-122.41501394907714
,31.0,dn1,pkg34,31,True,36.0,37.774524,-122.473656,37.75653200697889,-122.48501633838289
,32.0,dn15,pkg33,32.0,True,38.0,37.739611,-122.492203,37.72028712886528,-122.47780087823345
,39.0,dn8,pkg36,39.0,True,45.0,37.718779,-122.462401,37.717958226287706,-122.47020154606389
,41.0,dn2,pkg37,41.0,True,50.0,37.774524,-122.473656,37.7632468792431,-122.43629311469478
,42.0,dn4,pkg35,42,True,46.0,37.751751,-122.410654,37.70925652598976,-122.417620192162
,42.0,dn13,pkg38,42.0,True,51.0,37.739611,-122.492203,37.74027547060973,-122.4969824305862
,48.0,dn10,pkg39,48,True,54.0,37.78929,-122.426797,37.79010098478215,-122.4145728931467
,52.0,dn7,pkg40,52.0,True,57.0,37.718779,-122.462401,37.71029352947954,-122.49397029520766
,57.0,dn1,pkg41,57.0,True,67.0,37.774524,-122.473656,37.75283699976743,-122.47869413419713
,59.0,dn11,pkg42,59.0,True,68.0,37.78929,-122.426797,37.79139400923618,-122.42704098847598
,59.0,dn2,pkg43,59.0,True,69.0,37.774524,-122.473656,37.77173479288858,-122.46210978757784
,61.0,dn3,pkg44,61.0,True,66.0,37.774524,-122.473656,37.769252671432405,-122.4751693033209
,63.0,dn12,pkg45,63.0,True,68.0,37.78929,-122.426797,37.790469959081975,-122.44108868965974
,66.0,dn10,pkg46,66.0,True,74.0,37.78929,-122.426797,37.789239156541655,-122.45214931645445
,66.0,dn13,pkg47,66.0,True,76.0,37.739611,-122.492203,37.74910020720731,-122.48514497052435
,71.0,dn12,pkg49,71.0,True,81.0,37.78929,-122.426797,37.78853527516098,-122.41893826889776
,72.0,dn14,pkg48,72.0,True,82.0,37.739611,-122.492203,37.75004088187743,-122.50439660060978
,76.0,dn1,pkg50,76.0,True,86.0,37.774524,-122.473656,37.77201457537773,-122.49674689041116
,80.0,dn7,pkg51,80.0,True,90.0,37.718779,-122.462401,37.71333600015582,-122.48930977232581
,80.0,dn4,pkg53,80.0,True,90.0,37.751751,-122.410654,37.74364820098139,-122.40155983208864
,81.0,dn8,pkg52,81,True,87.0,37.718779,-122.462401,37.72102750775297,-122.44163502192062
,83.0,dn13,pkg55,83.0,True,89.0,37.739611,-122.492203,37.74853899196393,-122.47799476662466
,85.0,dn9,pkg56,85.0,True,93.0,37.718779,-122.462401,37.73472334036816,-122.47114399359185
,86.0,dn5,pkg54,86,True,92.0,37.751751,-122.410654,37.71295891915348,-122.40136546175769
,87.0,dn4,pkg58,87.0,True,97.0,37.751751,-122.410654,37.74442646010361,-122.42193062822768
,90.0,dn6,pkg57,90.0,True,96.0,37.751751,-122.410654,37.736018217952946,-122.4312891824688
,94.0,dn1,pkg59,94.0,True,104.0,37.774524,-122.473656,37.774254293378036,-122.45816972777646
,94.0,dn10,pkg60,94.0,True,100.0,37.78929,-122.426797,37.772175902106056,-122.40255616376166
,97.0,dn7,pkg61,97,True,104.0,37.718779,-122.462401,37.71636728880102,-122.49360192008295
,98.0,dn8,pkg62,98,True,107.0,37.718779,-122.462401,37.740069726313095,-122.47029239630609
,5.0,dn8,pkg18,5,True,12.0,37.718779,-122.462401,37.709752550033556,-122.49415542496737
,5.0,dn1,pkg11,5.0,True,11.0,37.774524,-122.473656,37.776511200845526,-122.44782867427911
,5.0,dn4,pkg8,5,True,13.0,37.751751,-122.410654,37.74486805320875,-122.39423389062779
,6.0,dn9,pkg10,6.0,True,12.0,37.718779,-122.462401,37.71897770574901,-122.4669945812297
,6.0,dn11,pkg13,6,True,12.0,37.78929,-122.426797,37.778086354303355,-122.40972828732404
,7.0,dn2,pkg12,7,True,15.0,37.774524,-122.473656,37.786820193105804,-122.4659637390024
,7.0,dn3,pkg19,7.0,True,14.0,37.774524,-122.473656,37.759866648300495,-122.46352073116083
,7.0,dn10,pkg4,7.0,True,16.0,37.78929,-122.426797,37.79435338352658,-122.43449769948076
,7.0,dn12,pkg14,7.0,True,17.0,37.78929,-122.426797,37.78908466408711,-122.40940590331496
,8.0,dn5,pkg1,8,True,12.0,37.751751,-122.410654,37.71091800641541,-122.41300017993619
,10.0,dn7,pkg2,10,True,11.0,37.718779,-122.462401,37.73132601091974,-122.50202745008878
,10.0,dn13,pkg23,10,True,16.0,37.739611,-122.492203,37.715856325335,-122.46346305375747
,10.0,dn1,pkg22,10,True,13.0,37.774524,-122.473656,37.76325915738079,-122.48348100950298
,11.0,dn14,pkg17,11,True,12.0,37.739611,-122.492203,37.71426984801398,-122.49747936920221
,13.0,dn6,pkg16,13,True,15.0,37.751751,-122.410654,37.71864489587197,-122.39635768224414
,13.0,dn8,pkg27,13.0,True,20.0,37.718779,-122.462401,37.707307826881504,-122.48317007331339
,14.0,dn15,pkg21,14,True,17.0,37.739611,-122.492203,37.7654744363371,-122.46230875976069
,14.0,dn3,pkg5,14,True,19.0,37.774524,-122.473656,37.78312195687635,-122.4739001222866
,14.0,dn1,pkg9,14,True,15.0,37.774524,-122.473656,37.79545833017358,-122.50116472258367
,17.0,dn4,pkg25,17,True,17.0,37.751751,-122.410654,37.756893598262984,-122.44163602767806
,17.0,dn11,pkg20,17,True,19.0,37.78929,-122.426797,37.777528131087635,-122.44635420180384
,18.0,dn12,pkg24,18,False,16.0,37.78929,-122.426797,37.773377278618746,-122.41664346867249
,21.0,dn5,pkg31,21.0,True,26.0,37.751751,-122.410654,37.76160070145635,-122.4278403486883
,22.0,dn2,pkg15,22,False,16.0,37.774524,-122.473656,37.731487965837125,-122.49123255671522
,24.0,dn8,pkg28,24,True,26.0,37.718779,-122.462401,37.71564203511375,-122.41595011396
,25.0,dn10,pkg26,25,False,22.0,37.78929,-122.426797,37.79652587618003,-122.47989056419078
,27.0,dn7,pkg32,27.0,True,32.0,37.718779,-122.462401,37.70952182060653,-122.44198548871682
,31.0,dn14,pkg34,31.0,True,37.0,37.739611,-122.492203,37.72286124019929,-122.46824217190239
,31.0,dn3,pkg36,31.0,True,37.0,37.774524,-122.473656,37.75767444450642,-122.47134945647835
,31.0,dn5,pkg30,31,False,27.0,37.751751,-122.410654,37.728179609507116,-122.4165096399991
,33.0,dn1,pkg33,33,True,33.0,37.774524,-122.473656,37.79012861031604,-122.5041387630467
,33.0,dn11,pkg35,33.0,True,42.0,37.78929,-122.426797,37.75928667220641,-122.46048160342667
,38.0,dn6,pkg38,38.0,True,45.0,37.751751,-122.410654,37.78524198746447,-122.4001134907075
,38.0,dn13,pkg39,38.0,True,46.0,37.739611,-122.492203,37.74286101315444,-122.46373263456654
,39.0,dn4,pkg29,39,False,28.0,37.751751,-122.410654,37.79112241386265,-122.40061572030774
,39.0,dn12,pkg37,39,True,40.0,37.78929,-122.426797,37.790094754855225,-122.47018366647136
,43.0,dn7,pkg40,43,True,48.0,37.718779,-122.462401,37.710700251485655,-122.40813774853672
,43.0,dn8,pkg41,43.0,True,53.0,37.718779,-122.462401,37.71830325259641,-122.42621896465316
,45.0,dn14,pkg42,45.0,True,54.0,37.739611,-122.492203,37.72326865714164,-122.48757330251571
,49.0,dn2,pkg43,49,True,55.0,37.774524,-122.473656,37.78724979678731,-122.45773287960142
,52.0,dn5,pkg45,52.0,True,60.0,37.751751,-122.410654,37.775346317036586,-122.40982890957949
,55.0,dn1,pkg44,55,True,63.0,37.774524,-122.473656,37.775752716380374,-122.43616942584053
,55.0,dn3,pkg46,55,True,60.0,37.774524,-122.473656,37.76960082313974,-122.45020156714399
,60.0,dn14,pkg47,60,True,60.0,37.739611,-122.492203,37.77964315637726,-122.50759107039309
,61.0,dn10,pkg48,61.0,True,69.0,37.78929,-122.426797,37.79164730643936,-122.40777892566577
,62.0,dn6,pkg49,62,True,70.0,37.751751,-122.410654,37.72767811010323,-122.39436657465271
,62.0,dn11,pkg50,62.0,True,67.0,37.78929,-122.426797,37.796711775193124,-122.44572669816269
,65.0,dn12,pkg51,65.0,True,70.0,37.78929,-122.426797,37.77594746450726,-122.43273653407162
,67.0,dn4,pkg54,67.0,True,74.0,37.751751,-122.410654,37.764260421732104,-122.41013561810395
,68.0,dn5,pkg52,68,True,74.0,37.751751,-122.410654,37.74719931519248,-122.4630231212674
,71.0,dn7,pkg53,71,True,75.0,37.718779,-122.462401,37.74755276791175,-122.46828487860846
,74.0,dn1,pkg55,74,True,79.0,37.774524,-122.473656,37.796869419036874,-122.4927754023408
,77.0,dn10,pkg56,77.0,True,87.0,37.78929,-122.426797,37.786414441072935,-122.41239090311181
,77.0,dn14,pkg57,77.0,True,84.0,37.739611,-122.492203,37.721074014700655,-122.49328215102823
,80.0,dn8,pkg58,80.0,True,85.0,37.718779,-122.462401,37.72850108910476,-122.46883348986321
,81.0,dn13,pkg60,81,True,90.0,37.739611,-122.492203,37.721272781169695,-122.47458631803856
,81.0,dn4,pkg62,81,True,90.0,37.751751,-122.410654,37.77260820490815,-122.42201699251964
,82.0,dn2,pkg59,82.0,True,91.0,37.774524,-122.473656,37.778830168963374,-122.440659883304
,82.0,dn15,pkg61,82.0,True,87.0,37.739611,-122.492203,37.749867804304685,-122.43688396256552
,88.0,dn1,pkg64,88,True,94.0,37.774524,-122.473656,37.77227800952258,-122.4456321319301
,93.0,dn5,pkg63,93,True,97.0,37.751751,-122.410654,37.71711232506936,-122.41094041720305
,93.0,dn3,pkg65,93.0,True,101.0,37.774524,-122.473656,37.780461137985746,-122.49315653973974
,96.0,dn13,pkg66,96.0,True,102.0,37.739611,-122.492203,37.75943363284078,-122.50401617285523
,99.0,dn2,pkg68,99.0,True,105.0,37.774524,-122.473656,37.79198935464018,-122.4632540409433
,99.0,dn10,pkg69,99.0,True,105.0,37.78929,-122.426797,37.7868852034881,-122.44973806388656
,100.0,dn4,pkg67,100.0,True,106.0,37.751751,-122.410654,37.741670621589044,-122.41641242864645
,6.0,dn7,pkg10,6.0,True,15.0,37.718779,-122.462401,37.7270077943702,-122.48282496265773
,7.0,dn8,pkg8,7.0,True,12.0,37.718779,-122.462401,37.72114833371757,-122.44344266769703
,7.0,dn15,pkg1,7,True,17.0,37.739611,-122.492203,37.713246014811055,-122.48968784486885
,8.0,dn1,pkg12,8,True,11.0,37.774524,-122.473656,37.76779806983278,-122.50322328292252
,8.0,dn4,pkg11,8,True,10.0,37.751751,-122.410654,37.78445101268543,-122.42152747064712
,8.0,dn5,pkg22,8,True,12.0,37.751751,-122.410654,37.775660070997965,-122.40347247883427
,8.0,dn10,pkg19,8,True,16.0,37.78929,-122.426797,37.7711643677715,-122.43746446201831
,8.0,dn13,pkg18,8,True,15.0,37.739611,-122.492203,37.766889879466994,-122.48288209168165
,9.0,dn3,pkg7,9.0,True,17.0,37.774524,-122.473656,37.79407465414103,-122.48496861254259
,9.0,dn14,pkg6,9,True,19.0,37.739611,-122.492203,37.7449692661202,-122.45841600549906
,10.0,dn2,pkg4,10.0,True,16.0,37.774524,-122.473656,37.79635666310317,-122.47977754797952
,10.0,dn6,pkg2,10,True,14.0,37.751751,-122.410654,37.729118469689695,-122.42630824953908
,11.0,dn11,pkg17,11,True,15.0,37.78929,-122.426797,37.773179931527935,-122.472774391755
,12.0,dn12,pkg23,12,True,19.0,37.78929,-122.426797,37.76394699743853,-122.42080465803345
,15.0,dn9,pkg16,15,True,16.0,37.718779,-122.462401,37.758135866148336,-122.43962713929035
,17.0,dn7,pkg26,17.0,True,22.0,37.718779,-122.462401,37.73625869232344,-122.44078281958748
,18.0,dn15,pkg27,18.0,True,28.0,37.739611,-122.492203,37.73623577848472,-122.49721927253695
,21.0,dn8,pkg9,21,False,17.0,37.718779,-122.462401,37.74013431375818,-122.435018127278
,22.0,dn4,pkg28,22.0,True,28.0,37.751751,-122.410654,37.740599958616215,-122.40102317429015
,22.0,dn14,pkg31,22.0,True,32.0,37.739611,-122.492203,37.707147132290615,-122.47721614193534
,23.0,dn10,pkg25,23,False,20.0,37.78929,-122.426797,37.75746608326956,-122.40545906458532
,25.0,dn1,pkg30,25,True,30.0,37.774524,-122.473656,37.77881789444563,-122.50609955422283
,25.0,dn2,pkg32,25.0,True,30.0,37.774524,-122.473656,37.75148347426434,-122.4949328257222
,28.0,dn12,pkg33,28,True,31.0,37.78929,-122.426797,37.78994344438514,-122.40059512246002
,29.0,dn13,pkg24,29,False,16.0,37.739611,-122.492203,37.78078747696197,-122.48150487970817
,31.0,dn5,pkg29,31,True,31.0,37.751751,-122.410654,37.712998734704264,-122.40908090825168
,32.0,dn3,pkg35,32,True,42.0,37.774524,-122.473656,37.765906983197034,-122.50064089098828
,35.0,dn7,pkg36,35,True,37.0,37.718779,-122.462401,37.70807988004752,-122.42609430783045
,36.0,dn2,pkg34,36,True,42.0,37.774524,-122.473656,37.79285342126373,-122.49128272178794
,37.0,dn4,pkg37,37.0,True,46.0,37.751751,-122.410654,37.75688205914426,-122.4521195444986
,38.0,dn15,pkg38,38.0,True,44.0,37.739611,-122.492203,37.72085157980914,-122.49401554140972
,41.0,dn8,pkg39,41.0,True,49.0,37.718779,-122.462401,37.71076975435992,-122.45124813276216
,42.0,dn6,pkg40,42.0,True,49.0,37.751751,-122.410654,37.75768393641254,-122.4115613694463
,44.0,dn1,pkg41,44.0,True,49.0,37.774524,-122.473656,37.796630705865994,-122.47633005791462
,45.0,dn10,pkg42,45,True,53.0,37.78929,-122.426797,37.79637724554215,-122.40550293846006
,54.0,dn4,pkg43,54.0,True,63.0,37.751751,-122.410654,37.77578235771966,-122.41346018040282
,54.0,dn2,pkg44,54.0,True,64.0,37.774524,-122.473656,37.77153298028033,-122.50255562528247
,57.0,dn7,pkg45,57,True,65.0,37.718779,-122.462401,37.71241826109869,-122.50104648088937
,57.0,dn8,pkg46,57.0,True,65.0,37.718779,-122.462401,37.72710103782995,-122.4685242813765
,65.0,dn5,pkg48,65.0,True,72.0,37.751751,-122.410654,37.75378589113728,-122.42480287764239
,65.0,dn9,pkg50,65.0,True,71.0,37.718779,-122.462401,37.70862941383275,-122.47766556142778
,66.0,dn1,pkg47,66,True,71.0,37.774524,-122.473656,37.76425210910892,-122.43298090803498
,66.0,dn6,pkg49,66.0,True,73.0,37.751751,-122.410654,37.716979234923734,-122.40942605320087
,66.0,dn3,pkg51,66.0,True,73.0,37.774524,-122.473656,37.784020423969196,-122.46454099945075
,71.0,dn8,pkg52,71,True,74.0,37.718779,-122.462401,37.75145674657493,-122.46834875861477
,72.0,dn2,pkg53,72.0,True,77.0,37.774524,-122.473656,37.78950105640607,-122.47236034004752
,73.0,dn4,pkg54,73,True,83.0,37.751751,-122.410654,37.7312047500123,-122.42614605753418
,77.0,dn3,pkg56,77.0,True,86.0,37.774524,-122.473656,37.78306742159646,-122.50193878534807
,78.0,dn13,pkg55,78,True,82.0,37.739611,-122.492203,37.77038303663398,-122.49050685115508
,82.0,dn7,pkg59,82,True,90.0,37.718779,-122.462401,37.73062355425965,-122.4628053528377
,84.0,dn2,pkg60,84.0,True,94.0,37.774524,-122.473656,37.77635681744008,-122.48623771021042
,85.0,dn6,pkg57,85,True,87.0,37.751751,-122.410654,37.79505885572665,-122.41033353591044
,85.0,dn4,pkg61,85.0,True,91.0,37.751751,-122.410654,37.73157414610777,-122.39924475404354
,91.0,dn5,pkg58,91,True,91.0,37.751751,-122.410654,37.75155415636328,-122.46356681974775
,91.0,dn3,pkg62,91.0,True,100.0,37.774524,-122.473656,37.74999731650335,-122.48833451477239
,93.0,dn8,pkg63,93,True,100.0,37.718779,-122.462401,37.712578906715436,-122.43518856518148
,96.0,dn1,pkg65,96.0,True,104.0,37.774524,-122.473656,37.789028786525755,-122.46314299136051
,97.0,dn13,pkg64,97,True,103.0,37.739611,-122.492203,37.7757481346318,-122.46087017645792
,97.0,dn14,pkg67,97.0,True,104.0,37.739611,-122.492203,37.75051713967961,-122.48578035018974
,98.0,dn4,pkg66,98,True,107.0,37.751751,-122.410654,37.729063357619715,-122.4205679530347
,6.0,dn7,pkg4,6.0,True,16.0,37.718779,-122.462401,37.72034893338689,-122.45447934238825
,6.0,dn13,pkg8,6,True,10.0,37.739611,-122.492203,37.77945534243164,-122.47646879247485
,7.0,dn6,pkg15,7.0,True,14.0,37.751751,-122.410654,37.72418652229774,-122.40023043860138
,7.0,dn10,pkg10,7,True,11.0,37.78929,-122.426797,37.76278984708842,-122.4483555368517
,7.0,dn5,pkg9,7.0,True,15.0,37.751751,-122.410654,37.784994023512745,-122.39810098245415
,7.0,dn3,pkg7,7.0,True,13.0,37.774524,-122.473656,37.792469920700334,-122.497431611883
,7.0,dn8,pkg16,7.0,True,12.0,37.718779,-122.462401,37.71278200149228,-122.47722758165158
,7.0,dn9,pkg21,7.0,True,15.0,37.718779,-122.462401,37.727032894036924,-122.45315875270754
,8.0,dn4,pkg2,8.0,True,16.0,37.751751,-122.410654,37.75604360660012,-122.43488692658993
,8.0,dn12,pkg1,8.0,True,15.0,37.78929,-122.426797,37.79325210748838,-122.45396567365076
,8.0,dn14,pkg17,8.0,True,17.0,37.739611,-122.492203,37.75341932956936,-122.48837068852562
,9.0,dn1,pkg18,9,True,12.0,37.774524,-122.473656,37.79594425178632,-122.42536131427958
,9.0,dn2,pkg14,9.0,True,16.0,37.774524,-122.473656,37.77684871947758,-122.49144915303621
,10.0,dn11,pkg22,10.0,True,17.0,37.78929,-122.426797,37.783145359861514,-122.43664638228427
,10.0,dn15,pkg13,10.0,True,16.0,37.739611,-122.492203,37.760827907853404,-122.50466872124161
,13.0,dn13,pkg19,13,True,17.0,37.739611,-122.492203,37.7395680042919,-122.48878014359346
,14.0,dn9,pkg23,14,True,20.0,37.718779,-122.462401,37.71794324266922,-122.49356412509172
,15.0,dn8,pkg26,15,True,21.0,37.718779,-122.462401,37.72900476156963,-122.47406336047965
,16.0,dn11,pkg5,16,False,15.0,37.78929,-122.426797,37.794427368811114,-122.45429889353474
,17.0,dn3,pkg25,17,True,19.0,37.774524,-122.473656,37.7930406878291,-122.45354303747301
,20.0,dn6,pkg11,20,True,20.0,37.751751,-122.410654,37.71642631272351,-122.4015122649023
,20.0,dn5,pkg27,20.0,True,25.0,37.751751,-122.410654,37.73855107561166,-122.41433014552736
,20.0,dn12,pkg28,20,True,29.0,37.78929,-122.426797,37.796408678493705,-122.47068831184295
,21.0,dn7,pkg12,21,False,14.0,37.718779,-122.462401,37.75319494108093,-122.49276973667189
,22.0,dn4,pkg24,22,False,15.0,37.751751,-122.410654,37.72041453230004,-122.39451166355903
,24.0,dn2,pkg6,24,False,18.0,37.774524,-122.473656,37.73324433093092,-122.48051260467025
,24.0,dn10,pkg29,24.0,True,34.0,37.78929,-122.426797,37.760310520538496,-122.40801890664018
,25.0,dn1,pkg30,25,True,27.0,37.774524,-122.473656,37.79611397444002,-122.44394995552089
,25.0,dn8,pkg32,25.0,True,34.0,37.718779,-122.462401,37.7180387576994,-122.48729727635497
,29.0,dn9,pkg31,29,True,33.0,37.718779,-122.462401,37.72320283133133,-122.42697930605667
,32.0,dn13,pkg33,32,True,38.0,37.739611,-122.492203,37.774717465383304,-122.46592355463268
,38.0,dn8,pkg34,38.0,True,47.0,37.718779,-122.462401,37.73082149232337,-122.45334108977146
,39.0,dn5,pkg37,39,True,47.0,37.751751,-122.410654,37.72668474210528,-122.419889156033
,41.0,dn4,pkg36,41.0,True,46.0,37.751751,-122.410654,37.72209523702553,-122.42983612757885
,44.0,dn10,pkg38,44,True,47.0,37.78929,-122.426797,37.75337840626665,-122.41667048637753
,45.0,dn11,pkg39,45.0,True,52.0,37.78929,-122.426797,37.7734437072992,-122.41957186473486
,46.0,dn12,pkg40,46.0,True,55.0,37.78929,-122.426797,37.78670998193268,-122.43445960036706
,48.0,dn6,pkg35,48,False,44.0,37.751751,-122.410654,37.70810695399571,-122.41820192338791
,52.0,dn5,pkg42,52.0,True,60.0,37.751751,-122.410654,37.744398220073,-122.42622222564128
,53.0,dn1,pkg41,53.0,True,60.0,37.774524,-122.473656,37.78462383888881,-122.44601923635868
,55.0,dn11,pkg45,55,True,65.0,37.78929,-122.426797,37.78798815232106,-122.4071478825921
,57.0,dn2,pkg46,57.0,True,66.0,37.774524,-122.473656,37.77302127680653,-122.47606489090042
,58.0,dn7,pkg43,58,True,65.0,37.718779,-122.462401,37.753911840768346,-122.43087303102423
,59.0,dn10,pkg48,59.0,True,64.0,37.78929,-122.426797,37.78931055236868,-122.42584003170592
,62.0,dn3,pkg47,62.0,True,72.0,37.774524,-122.473656,37.74085849140006,-122.47934075587577
,65.0,dn12,pkg44,65,True,66.0,37.78929,-122.426797,37.76227361694295,-122.39478716613658
,65.0,dn2,pkg50,65.0,True,73.0,37.774524,-122.473656,37.788399465785325,-122.47607849656775
,67.0,dn4,pkg49,67,True,71.0,37.751751,-122.410654,37.79489554757637,-122.39701529783478
,70.0,dn13,pkg51,70,True,76.0,37.739611,-122.492203,37.765872240646374,-122.46552368633989
,71.0,dn1,pkg52,71,True,81.0,37.774524,-122.473656,37.76901656400004,-122.42969809966611
,75.0,dn2,pkg55,75,True,83.0,37.774524,-122.473656,37.76407128171098,-122.48405129639453
,77.0,dn11,pkg54,77,True,82.0,37.78929,-122.426797,37.759330320139426,-122.45110778987718
,79.0,dn14,pkg53,79,True,84.0,37.739611,-122.492203,37.76546730702371,-122.46765101576192
,79.0,dn15,pkg56,79.0,True,87.0,37.739611,-122.492203,37.72490584679095,-122.50689877417167
,80.0,dn3,pkg58,80.0,True,86.0,37.774524,-122.473656,37.78140940833254,-122.4712583077813
,83.0,dn7,pkg57,83.0,True,89.0,37.718779,-122.462401,37.71178242150599,-122.44949033251157
,85.0,dn8,pkg61,85.0,True,90.0,37.718779,-122.462401,37.71626650156112,-122.48579166522893
,87.0,dn4,pkg60,87,True,94.0,37.751751,-122.410654,37.77588528078821,-122.39438670846029
,93.0,dn1,pkg59,93,True,94.0,37.774524,-122.473656,37.74157484294968,-122.4623166408029
,95.0,dn5,pkg62,95.0,True,103.0,37.751751,-122.410654,37.76483687904913,-122.42162811556034
,97.0,dn13,pkg64,97.0,True,102.0,37.739611,-122.492203,37.74261477122587,-122.49322909790992
,98.0,dn6,pkg63,98,True,104.0,37.751751,-122.410654,37.779308804511906,-122.39584993430653
,98.0,dn2,pkg65,98.0,True,104.0,37.774524,-122.473656,37.76770241594529,-122.45277010365876
,100.0,dn11,pkg66,100,True,108.0,37.78929,-122.426797,37.76060225052558,-122.40178472842534
,5.0,dn1,pkg15,5,True,14.0,37.774524,-122.473656,37.766907751847434,-122.481497325336
,5.0,dn7,pkg21,5.0,True,14.0,37.718779,-122.462401,37.712350506286,-122.4631992043762
,7.0,dn12,pkg2,7.0,True,15.0,37.78929,-122.426797,37.78463247946004,-122.41988600247896
,8.0,dn11,pkg13,8,True,11.0,37.78929,-122.426797,37.76465385785007,-122.3944854213922
,8.0,dn2,pkg10,8.0,True,13.0,37.774524,-122.473656,37.76171969425652,-122.46256469800805
,8.0,dn4,pkg4,8.0,True,13.0,37.751751,-122.410654,37.736211315696266,-122.42025519941522
,8.0,dn15,pkg16,8.0,True,16.0,37.739611,-122.492203,37.72824363654951,-122.50749235875635
,9.0,dn10,pkg18,9.0,True,17.0,37.78929,-122.426797,37.78926630756309,-122.45428357344666
,9.0,dn6,pkg17,9.0,True,15.0,37.751751,-122.410654,37.741283526128875,-122.40741482607567
,9.0,dn8,pkg20,9.0,True,17.0,37.718779,-122.462401,37.730199858113934,-122.46765525644291
,9.0,dn13,pkg12,9,True,13.0,37.739611,-122.492203,37.71473291991709,-122.49627610771222
,9.0,dn14,pkg7,9,True,15.0,37.739611,-122.492203,37.72594557350556,-122.4653714622503
,10.0,dn9,pkg8,10.0,True,16.0,37.718779,-122.462401,37.722348329869696,-122.43625930704654
,11.0,dn3,pkg14,11,True,17.0,37.774524,-122.473656,37.760781360943625,-122.43178367947466
,11.0,dn7,pkg3,11,True,17.0,37.718779,-122.462401,37.70904658674124,-122.43643403691173
,12.0,dn5,pkg1,12,True,15.0,37.751751,-122.410654,37.78444038291292,-122.423820906867
,12.0,dn12,pkg9,12,True,16.0,37.78929,-122.426797,37.78737037734351,-122.44484456974618
,13.0,dn1,pkg19,13,True,14.0,37.774524,-122.473656,37.761994201316234,-122.47371673666426
,13.0,dn2,pkg22,13,True,19.0,37.774524,-122.473656,37.77752457103751,-122.48179820739742
,14.0,dn9,pkg6,14,True,15.0,37.718779,-122.462401,37.7247085138482,-122.44115378053397
,17.0,dn4,pkg24,17,True,20.0,37.751751,-122.410654,37.762230566359754,-122.42087726986604
,18.0,dn8,pkg25,18,True,22.0,37.718779,-122.462401,37.75361993723681,-122.46512862793598
,18.0,dn10,pkg11,18,False,17.0,37.78929,-122.426797,37.7828478523425,-122.42352713547936
,22.0,dn15,pkg23,22,False,17.0,37.739611,-122.492203,37.73934948774205,-122.44942041954985
,25.0,dn6,pkg26,25,False,24.0,37.751751,-122.410654,37.76446879623548,-122.45564898672629
,25.0,dn2,pkg27,25.0,True,32.0,37.774524,-122.473656,37.75325251606363,-122.4869164640431
,25.0,dn1,pkg28,25,True,32.0,37.774524,-122.473656,37.742521442022394,-122.49743051744117
,26.0,dn11,pkg29,26.0,True,35.0,37.78929,-122.426797,37.77242408550746,-122.44950384967417
,28.0,dn9,pkg32,28.0,True,38.0,37.718779,-122.462401,37.71547955684708,-122.4166237382315
,28.0,dn13,pkg31,28.0,True,35.0,37.739611,-122.492203,37.72016820156461,-122.50241087232432
,30.0,dn4,pkg30,30.0,True,36.0,37.751751,-122.410654,37.770172382988946,-122.40194592635379
,31.0,dn5,pkg33,31.0,True,36.0,37.751751,-122.410654,37.76203042262168,-122.41230519963457
,31.0,dn10,pkg35,31.0,True,37.0,37.78929,-122.426797,37.7876900285571,-122.40468879741528
,32.0,dn3,pkg34,32.0,True,41.0,37.774524,-122.473656,37.786330553873455,-122.48713529620964
,34.0,dn8,pkg36,34.0,True,40.0,37.718779,-122.462401,37.754110678176566,-122.48844617116838
,40.0,dn5,pkg38,40.0,True,47.0,37.751751,-122.410654,37.776959619469665,-122.42299328116138
,41.0,dn7,pkg37,41.0,True,50.0,37.718779,-122.462401,37.73114846399898,-122.4216576999638
,46.0,dn1,pkg39,46.0,True,52.0,37.774524,-122.473656,37.787094941040806,-122.45917028472444
,50.0,dn4,pkg41,50,True,58.0,37.751751,-122.410654,37.76747647376514,-122.40476041404854
,54.0,dn11,pkg42,54.0,True,62.0,37.78929,-122.426797,37.77808317597492,-122.45453556912028
,54.0,dn3,pkg43,54,True,55.0,37.774524,-122.473656,37.77955083838597,-122.42754464506643
,56.0,dn2,pkg40,56,True,58.0,37.774524,-122.473656,37.74083749939726,-122.44414958153544
,58.0,dn5,pkg44,58,True,63.0,37.751751,-122.410654,37.73822871849078,-122.43463563469108
,60.0,dn1,pkg45,60,True,65.0,37.774524,-122.473656,37.782018511105974,-122.50675896124211
,62.0,dn13,pkg46,62,True,69.0,37.739611,-122.492203,37.75029504714126,-122.47547912186805
,66.0,dn4,pkg47,66.0,True,74.0,37.751751,-122.410654,37.751155918403484,-122.45796453398853
,68.0,dn6,pkg48,68.0,True,73.0,37.751751,-122.410654,37.765645721923015,-122.39418097265224
,73.0,dn10,pkg49,73.0,True,79.0,37.78929,-122.426797,37.781009881867526,-122.4307157754814
,74.0,dn5,pkg50,74.0,True,80.0,37.751751,-122.410654,37.7317426812483,-122.41316770778708
,76.0,dn7,pkg51,76,True,82.0,37.718779,-122.462401,37.746423811506496,-122.46526743657343
,77.0,dn1,pkg53,77,True,80.0,37.774524,-122.473656,37.78361840946616,-122.49981615845222
,77.0,dn2,pkg55,77,True,84.0,37.774524,-122.473656,37.752489217886755,-122.46077087998032
,79.0,dn8,pkg52,79,True,79.0,37.718779,-122.462401,37.720425996232954,-122.41730951585299
,82.0,dn3,pkg56,82.0,True,88.0,37.774524,-122.473656,37.768795542440856,-122.43773553432212
,82.0,dn9,pkg57,82.0,True,90.0,37.718779,-122.462401,37.728875771989514,-122.44649719494865
,84.0,dn11,pkg54,84,False,81.0,37.78929,-122.426797,37.754022963487095,-122.40860428723443
,84.0,dn6,pkg58,84.0,True,91.0,37.751751,-122.410654,37.75091525557776,-122.40520956996944
,86.0,dn12,pkg59,86,True,91.0,37.78929,-122.426797,37.762411641628525,-122.44726537745272
,87.0,dn10,pkg60,87,True,92.0,37.78929,-122.426797,37.76850285686307,-122.45770478106535
,89.0,dn2,pkg61,89.0,True,94.0,37.774524,-122.473656,37.78811176320299,-122.48910112039162
,97.0,dn7,pkg62,97,True,102.0,37.718779,-122.462401,37.73863353537645,-122.4696673443062
,6.0,dn14,pkg10,6.0,True,13.0,37.739611,-122.492203,37.71294273466259,-122.47601963787692
,7.0,dn15,pkg17,7.0,True,12.0,37.739611,-122.492203,37.75672078275046,-122.47448429886002
,8.0,dn10,pkg1,8,True,15.0,37.78929,-122.426797,37.78693206105004,-122.40014692808244
,8.0,dn11,pkg3,8,True,15.0,37.78929,-122.426797,37.776935243518984,-122.46762298905462
,8.0,dn13,pkg12,8,True,14.0,37.739611,-122.492203,37.752065889426014,-122.47701479218976
,8.0,dn12,pkg9,8,True,13.0,37.78929,-122.426797,37.79483031284029,-122.45340455794503
,8.0,dn3,pkg23,8.0,True,14.0,37.774524,-122.473656,37.75573065388678,-122.44998405643803
,8.0,dn7,pkg15,8,True,16.0,37.718779,-122.462401,37.74035749185602,-122.46169236783781
,9.0,dn6,pkg7,9,True,16.0,37.751751,-122.410654,37.75690010882423,-122.45123889563047
,9.0,dn9,pkg6,9.0,True,14.0,37.718779,-122.462401,37.75490363711871,-122.48573608485206
,9.0,dn2,pkg13,9.0,True,17.0,37.774524,-122.473656,37.78788040654846,-122.49088633249912
,10.0,dn4,pkg8,10.0,True,18.0,37.751751,-122.410654,37.77525117128798,-122.39906246431613
,10.0,dn8,pkg20,10.0,True,16.0,37.718779,-122.462401,37.72860848603161,-122.47944068967718
,13.0,dn5,pkg5,13,True,17.0,37.751751,-122.410654,37.71649887068585,-122.42237132406154
,13.0,dn1,pkg4,13,True,16.0,37.774524,-122.473656,37.758250334283716,-122.50605714145912
,16.0,dn8,pkg26,16,True,20.0,37.718779,-122.462401,37.71471588168049,-122.45610563496005
,18.0,dn14,pkg25,18,False,15.0,37.739611,-122.492203,37.77253220805575,-122.49301269623203
,18.0,dn2,pkg14,18,False,17.0,37.774524,-122.473656,37.77136097669381,-122.44948353343014
,18.0,dn3,pkg2,18,True,18.0,37.774524,-122.473656,37.760964949629916,-122.5007521155807
,18.0,dn4,pkg30,18.0,True,23.0,37.751751,-122.410654,37.74048149905848,-122.4175993175876
,19.0,dn11,pkg16,19,False,17.0,37.78929,-122.426797,37.78839296191119,-122.41439372217718
,20.0,dn8,pkg27,20,True,26.0,37.718779,-122.462401,37.72263499654756,-122.48024820400347
,21.0,dn7,pkg28,21,False,19.0,37.718779,-122.462401,37.7202673782603,-122.43264255938087
,23.0,dn15,pkg19,23,False,15.0,37.739611,-122.492203,37.776562619024865,-122.46525813070467
,23.0,dn9,pkg22,23,False,16.0,37.718779,-122.462401,37.72513776267423,-122.42553212185895
,23.0,dn12,pkg18,23,False,17.0,37.78929,-122.426797,37.78879544443513,-122.45877860591081
,24.0,dn13,pkg21,24,False,17.0,37.739611,-122.492203,37.77356896816103,-122.49583290134257
,25.0,dn10,pkg32,25.0,True,32.0,37.78929,-122.426797,37.793219102934835,-122.44794954652978
,28.0,dn11,pkg33,28,True,31.0,37.78929,-122.426797,37.77323795417677,-122.46164639111247
,29.0,dn14,pkg34,29.0,True,39.0,37.739611,-122.492203,37.71549092386353,-122.49292235857003
,30.0,dn3,pkg31,30,True,30.0,37.774524,-122.473656,37.756633489637835,-122.48424058681498
,30.0,dn4,pkg35,30,True,39.0,37.751751,-122.410654,37.718233191429086,-122.39421574776311
,31.0,dn8,pkg29,31,False,25.0,37.718779,-122.462401,37.72251361286558,-122.49536334103847
,35.0,dn5,pkg36,35,True,40.0,37.751751,-122.410654,37.731831939538615,-122.40638499504628
,35.0,dn7,pkg37,35.0,True,41.0,37.718779,-122.462401,37.727653530109286,-122.46876751166059
,35.0,dn1,pkg38,35,True,44.0,37.774524,-122.473656,37.78784550863381,-122.47159057385701
,42.0,dn13,pkg40,42,True,43.0,37.739611,-122.492203,37.76430786659477,-122.47456787272337
,43.0,dn2,pkg39,43,True,44.0,37.774524,-122.473656,37.74491269413176,-122.47376901385822
,43.0,dn9,pkg41,43.0,True,52.0,37.718779,-122.462401,37.74150819288168,-122.4801653194688
,43.0,dn14,pkg42,43.0,True,51.0,37.739611,-122.492203,37.72362027463171,-122.46967443345093
,43.0,dn7,pkg43,43,True,53.0,37.718779,-122.462401,37.71843567127707,-122.45004525419857
,46.0,dn15,pkg45,46.0,True,51.0,37.739611,-122.492203,37.72881413930043,-122.48627493530994
,49.0,dn3,pkg44,49,True,53.0,37.774524,-122.473656,37.777556595247844,-122.4458525490835
,49.0,dn4,pkg47,49.0,True,56.0,37.751751,-122.410654,37.73832541709695,-122.39976231359415
,52.0,dn5,pkg46,52,True,59.0,37.751751,-122.410654,37.78427527236805,-122.40485705147039
,53.0,dn8,pkg48,53,True,58.0,37.718779,-122.462401,37.710351871900706,-122.48900291095526
,54.0,dn1,pkg49,54,True,64.0,37.774524,-122.473656,37.7484265218517,-122.4520687731688
,56.0,dn14,pkg50,56.0,True,66.0,37.739611,-122.492203,37.76329214842666,-122.49681260169753
,58.0,dn7,pkg51,58.0,True,67.0,37.718779,-122.462401,37.72625362763271,-122.46413064200306
,60.0,dn4,pkg52,60.0,True,70.0,37.751751,-122.410654,37.77634791332609,-122.39607351816638
,61.0,dn9,pkg53,61.0,True,67.0,37.718779,-122.462401,37.71543926681862,-122.49461862875191
,62.0,dn6,pkg54,62,True,67.0,37.751751,-122.410654,37.72077155954188,-122.43960374965982
,64.0,dn10,pkg57,64.0,True,74.0,37.78929,-122.426797,37.79444487732111,-122.40923341833079
,67.0,dn2,pkg55,67,True,67.0,37.774524,-122.473656,37.7908274396193,-122.45655191505857
,68.0,dn1,pkg58,68.0,True,77.0,37.774524,-122.473656,37.777744377445096,-122.46423834663817
,74.0,dn13,pkg56,74,True,74.0,37.739611,-122.492203,37.70844032034416,-122.46263356678932
,76.0,dn3,pkg59,76.0,True,81.0,37.774524,-122.473656,37.7750487737206,-122.50373691778191
,78.0,dn4,pkg60,78,True,87.0,37.751751,-122.410654,37.76984670993741,-122.43949934487166
,78.0,dn7,pkg61,78.0,True,83.0,37.718779,-122.462401,37.70931232659445,-122.43239494385595
,79.0,dn8,pkg62,79.0,True,85.0,37.718779,-122.462401,37.73304178651616,-122.46393429750441
,82.0,dn14,pkg63,82.0,True,87.0,37.739611,-122.492203,37.73226554019149,-122.48308057123812
,84.0,dn15,pkg64,84.0,True,93.0,37.739611,-122.492203,37.74515352541606,-122.49035192481263
,91.0,dn5,pkg66,91,True,101.0,37.751751,-122.410654,37.76648787957406,-122.4250369607901
,95.0,dn9,pkg65,95,False,94.0,37.718779,-122.462401,37.74917441238244,-122.42054069289793
,95.0,dn7,pkg67,95,True,102.0,37.718779,-122.462401,37.7381422399679,-122.45258248659509
,96.0,dn13,pkg68,96.0,True,101.0,37.739611,-122.492203,37.73508212147556,-122.48009052051096
,5.0,dn10,pkg21,5.0,True,10.0,37.78929,-122.426797,37.77159616754714,-122.39639282045722
,5.0,dn11,pkg1,5.0,True,13.0,37.78929,-122.426797,37.75514140255042,-122.40304984892579
,6.0,dn3,pkg6,6.0,True,12.0,37.774524,-122.473656,37.79595649156791,-122.49496465071337
,6.0,dn7,pkg18,6.0,True,13.0,37.718779,-122.462401,37.72385712829811,-122.46523082689009
,7.0,dn12,pkg12,7.0,True,14.0,37.78929,-122.426797,37.79624488696259,-122.4248031522412
,7.0,dn9,pkg7,7.0,True,13.0,37.718779,-122.462401,37.7102736631794,-122.47577594419177
,8.0,dn2,pkg9,8.0,True,17.0,37.774524,-122.473656,37.781126189272634,-122.46431498460066
,8.0,dn8,pkg20,8,True,11.0,37.718779,-122.462401,37.73048934165208,-122.44872188323022
,9.0,dn1,pkg22,9.0,True,15.0,37.774524,-122.473656,37.76960374582227,-122.49143077347618
,9.0,dn13,pkg15,9,True,14.0,37.739611,-122.492203,37.719693108163035,-122.49601190156142
,9.0,dn5,pkg4,9,True,18.0,37.751751,-122.410654,37.746401408927,-122.44233833374346
,10.0,dn14,pkg10,10.0,True,19.0,37.739611,-122.492203,37.73373968451822,-122.46912937780586
,10.0,dn15,pkg19,10.0,True,18.0,37.739611,-122.492203,37.75094421148046,-122.44423929772232
,11.0,dn4,pkg23,11.0,True,17.0,37.751751,-122.410654,37.73304037604114,-122.4065804803765
,13.0,dn6,pkg11,13,False,12.0,37.751751,-122.410654,37.7141226204751,-122.4198978126739
,13.0,dn3,pkg17,13,True,14.0,37.774524,-122.473656,37.77073218152781,-122.44717884115826
,14.0,dn7,pkg2,14,False,13.0,37.718779,-122.462401,37.710624427558884,-122.42339205876081
,15.0,dn11,pkg24,15,True,20.0,37.78929,-122.426797,37.77257985150284,-122.44418110948727
,16.0,dn8,pkg26,16,True,21.0,37.718779,-122.462401,37.71752546383128,-122.47009924144447
,17.0,dn10,pkg16,17,True,18.0,37.78929,-122.426797,37.79576183782484,-122.40589715370938
,18.0,dn12,pkg27,18,True,25.0,37.78929,-122.426797,37.76918755330778,-122.45666006124937
,18.0,dn9,pkg3,18,False,17.0,37.718779,-122.462401,37.72016856947106,-122.43300347634514
,18.0,dn1,pkg8,18,True,20.0,37.774524,-122.473656,37.78980742628233,-122.4401517417155
,20.0,dn2,pkg14,20,False,16.0,37.774524,-122.473656,37.794169635035914,-122.45943978885522
,21.0,dn5,pkg32,21,True,28.0,37.751751,-122.410654,37.74728467485343,-122.43141272797767
,22.0,dn15,pkg30,22,True,26.0,37.739611,-122.492203,37.77990492358337,-122.50126824451904
,25.0,dn8,pkg31,25,True,27.0,37.718779,-122.462401,37.73481191407876,-122.44360115079698
,28.0,dn4,pkg13,28,False,17.0,37.751751,-122.410654,37.796684759804684,-122.40404492793016
,28.0,dn3,pkg25,28,False,19.0,37.774524,-122.473656,37.789913184751086,-122.42030483823571
,28.0,dn11,pkg34,28.0,True,33.0,37.78929,-122.426797,37.771572015355815,-122.41941330814433
,29.0,dn13,pkg33,29,True,33.0,37.739611,-122.492203,37.77993978461174,-122.4785685291193
,31.0,dn14,pkg35,31.0,True,41.0,37.739611,-122.492203,37.781230071597655,-122.50211827912123
,32.0,dn1,pkg36,32.0,True,39.0,37.774524,-122.473656,37.75624643581617,-122.48058418965977
,35.0,dn10,pkg28,35,False,26.0,37.78929,-122.426797,37.77822102389043,-122.46145739797015
,35.0,dn7,pkg37,35,True,39.0,37.718779,-122.462401,37.73186597929139,-122.50713550574172
,36.0,dn9,pkg39,36,True,46.0,37.718779,-122.462401,37.75290651435902,-122.49802537020622
,37.0,dn5,pkg38,37,True,45.0,37.751751,-122.410654,37.75940935506986,-122.44464442547661
,38.0,dn2,pkg40,38,True,45.0,37.774524,-122.473656,37.79618893101305,-122.4300638388503
,42.0,dn12,pkg41,42,True,42.0,37.78929,-122.426797,37.75724996273504,-122.39553469360709
,44.0,dn15,pkg43,44,True,46.0,37.739611,-122.492203,37.770450780776486,-122.47235654030929
,44.0,dn8,pkg45,44.0,True,52.0,37.718779,-122.462401,37.75231114014217,-122.45867617359409
,46.0,dn1,pkg44,46,True,52.0,37.774524,-122.473656,37.7923772397458,-122.49566266369638
,47.0,dn6,pkg42,47,False,42.0,37.751751,-122.410654,37.792515149591324,-122.41709665149278
,48.0,dn11,pkg46,48.0,True,53.0,37.78929,-122.426797,37.77212472903186,-122.40849024687436
,48.0,dn3,pkg48,48.0,True,54.0,37.774524,-122.473656,37.78353181924332,-122.49094471192724
,49.0,dn4,pkg47,49.0,True,58.0,37.751751,-122.410654,37.71565231484771,-122.43688836472182
,52.0,dn13,pkg51,52,True,59.0,37.739611,-122.492203,37.71178629681665,-122.45730035387395
,54.0,dn7,pkg50,54.0,True,62.0,37.718779,-122.462401,37.728138251295825,-122.47193906916065
,54.0,dn5,pkg53,54.0,True,61.0,37.751751,-122.410654,37.723558306693825,-122.41863989439372
,56.0,dn10,pkg49,56,True,60.0,37.78929,-122.426797,37.795844966692876,-122.4663639589803
,57.0,dn4,pkg52,57,True,62.0,37.751751,-122.410654,37.76181515823207,-122.41634112227399
,58.0,dn2,pkg56,58.0,True,68.0,37.774524,-122.473656,37.765139551553546,-122.5069682879548
,59.0,dn12,pkg55,59.0,True,66.0,37.78929,-122.426797,37.79196517246832,-122.39464410961183
,61.0,dn14,pkg54,61,True,63.0,37.739611,-122.492203,37.716491451347196,-122.50111074088652
,62.0,dn3,pkg57,62.0,True,69.0,37.774524,-122.473656,37.76438477247429,-122.45397296776268
,63.0,dn1,pkg58,63.0,True,73.0,37.774524,-122.473656,37.736422146409545,-122.47873024552369
,64.0,dn7,pkg59,64,True,69.0,37.718779,-122.462401,37.73143535873553,-122.46856510137609
,67.0,dn5,pkg61,67,True,72.0,37.751751,-122.410654,37.7716123635731,-122.40652764570046
,67.0,dn8,pkg63,67.0,True,76.0,37.718779,-122.462401,37.7071832963144,-122.48014508202786
,68.0,dn15,pkg60,68.0,True,77.0,37.739611,-122.492203,37.719432323790954,-122.46276881625408
,71.0,dn4,pkg64,71.0,True,81.0,37.751751,-122.410654,37.75129794703633,-122.41543942076555
,71.0,dn2,pkg65,71.0,True,78.0,37.774524,-122.473656,37.76221075090685,-122.49248772494917
,73.0,dn1,pkg66,73.0,True,81.0,37.774524,-122.473656,37.784700930111754,-122.50116805145966
,76.0,dn3,pkg67,76,True,84.0,37.774524,-122.473656,37.79453506500218,-122.45210346836838
,77.0,dn11,pkg62,77,False,75.0,37.78929,-122.426797,37.76058255875571,-122.46914616104002
,77.0,dn10,pkg69,77.0,True,86.0,37.78929,-122.426797,37.79113497268994,-122.40221598615528
,78.0,dn12,pkg68,78,True,83.0,37.78929,-122.426797,37.772603458564404,-122.44290465810496
,86.0,dn7,pkg70,86.0,True,92.0,37.718779,-122.462401,37.7197946229396,-122.44426554495497
,91.0,dn2,pkg71,91.0,True,99.0,37.774524,-122.473656,37.781054291176225,-122.48332969442737
,92.0,dn10,pkg73,92,True,96.0,37.78929,-122.426797,37.776552049817234,-122.4781226187652
,94.0,dn4,pkg74,94.0,True,101.0,37.751751,-122.410654,37.76298600966906,-122.40373070810743
,95.0,dn1,pkg72,95,True,95.0,37.774524,-122.473656,37.79290015645224,-122.4336599193218
,95.0,dn3,pkg75,95.0,True,103.0,37.774524,-122.473656,37.788764126738606,-122.44269953744447
,5.0,dn7,pkg7,5.0,True,15.0,37.718779,-122.462401,37.710289132229015,-122.49230708965993
,6.0,dn4,pkg15,6.0,True,14.0,37.751751,-122.410654,37.76454325613353,-122.43171231723788
,6.0,dn14,pkg21,6.0,True,14.0,37.739611,-122.492203,37.7350329827092,-122.4916998281795
,6.0,dn8,pkg11,6.0,True,12.0,37.718779,-122.462401,37.7358057612231,-122.46961303969314
,6.0,dn9,pkg18,6.0,True,13.0,37.718779,-122.462401,37.72424676246863,-122.48088620437576
,6.0,dn10,pkg4,6.0,True,14.0,37.78929,-122.426797,37.78376646541321,-122.41304314407652
,6.0,dn15,pkg19,6.0,True,15.0,37.739611,-122.492203,37.735784489609955,-122.48594087248308
,7.0,dn1,pkg17,7.0,True,17.0,37.774524,-122.473656,37.76541821593424,-122.49215668490743
,7.0,dn11,pkg6,7,True,16.0,37.78929,-122.426797,37.764350496687136,-122.4391156048122
,8.0,dn12,pkg14,8.0,True,16.0,37.78929,-122.426797,37.791119090659684,-122.4141230664361
,8.0,dn3,pkg10,8.0,True,16.0,37.774524,-122.473656,37.76914241828639,-122.48890641199645
,9.0,dn13,pkg13,9,True,10.0,37.739611,-122.492203,37.76588388144109,-122.50208997325899
,9.0,dn2,pkg3,9.0,True,18.0,37.774524,-122.473656,37.78096835930512,-122.4758836417253
,11.0,dn5,pkg2,11,True,18.0,37.751751,-122.410654,37.75960179131745,-122.44548632357758
,12.0,dn6,pkg20,12,True,12.0,37.751751,-122.410654,37.726387729889936,-122.446417776072
,12.0,dn15,pkg1,12,True,17.0,37.739611,-122.492203,37.71680799591442,-122.50480629117213
,12.0,dn9,pkg12,12,True,14.0,37.718779,-122.462401,37.72318895831799,-122.4418057779997
,14.0,dn7,pkg5,14,True,16.0,37.718779,-122.462401,37.710335405783724,-122.48505337627026
,14.0,dn8,pkg26,14.0,True,19.0,37.718779,-122.462401,37.73583020251077,-122.47798075904657
,16.0,dn4,pkg24,16,True,18.0,37.751751,-122.410654,37.728289554672784,-122.40211209552731
,16.0,dn1,pkg23,16,False,14.0,37.774524,-122.473656,37.795722742389884,-122.46037395383615
,17.0,dn14,pkg8,17,False,15.0,37.739611,-122.492203,37.732857462252994,-122.44019701123804
,17.0,dn10,pkg9,17,False,12.0,37.78929,-122.426797,37.79016082923567,-122.39435952656237
,19.0,dn3,pkg25,19,True,20.0,37.774524,-122.473656,37.78532397969515,-122.43346521542496
,22.0,dn2,pkg28,22,True,29.0,37.774524,-122.473656,37.73662434741847,-122.50087717993215
,22.0,dn12,pkg27,22,True,25.0,37.78929,-122.426797,37.79472782726584,-122.39517491014865
,23.0,dn11,pkg30,23,True,33.0,37.78929,-122.426797,37.795068906760974,-122.45025548788017
,29.0,dn1,pkg29,29,True,31.0,37.774524,-122.473656,37.78608758603308,-122.43993753897098
,30.0,dn5,pkg33,30.0,True,40.0,37.751751,-122.410654,37.758820011984874,-122.41039026124162
,31.0,dn4,pkg31,31,True,32.0,37.751751,-122.410654,37.78897450262765,-122.40586629382695
,32.0,dn6,pkg34,32.0,True,40.0,37.751751,-122.410654,37.74243814845485,-122.42568870268663
,34.0,dn10,pkg32,34,True,37.0,37.78929,-122.426797,37.7906321139422,-122.47450684601226
,38.0,dn5,pkg36,38,True,42.0,37.751751,-122.410654,37.73643479278084,-122.4184537622727
,39.0,dn3,pkg35,39,True,43.0,37.774524,-122.473656,37.76081564545369,-122.50320718877323
,42.0,dn2,pkg37,42.0,True,47.0,37.774524,-122.473656,37.777963239824416,-122.46538539063678
,42.0,dn6,pkg39,42.0,True,49.0,37.751751,-122.410654,37.748651121643285,-122.44347520599933
,44.0,dn7,pkg38,44,True,52.0,37.718779,-122.462401,37.717526259291645,-122.42908496826806
,48.0,dn8,pkg40,48,True,56.0,37.718779,-122.462401,37.729380183691205,-122.50087342843615
,51.0,dn9,pkg43,51,True,57.0,37.718779,-122.462401,37.72662712047784,-122.47878215263434
,54.0,dn5,pkg42,54.0,True,60.0,37.751751,-122.410654,37.71702448819236,-122.40473839864383
,55.0,dn4,pkg41,55,True,57.0,37.751751,-122.410654,37.78273958103113,-122.42122255730013
,59.0,dn13,pkg44,59.0,True,65.0,37.739611,-122.492203,37.746832412450026,-122.499483455131
,59.0,dn14,pkg45,59,True,65.0,37.739611,-122.492203,37.72930918423375,-122.45561806055072
,61.0,dn1,pkg47,61.0,True,66.0,37.774524,-122.473656,37.76239239376423,-122.48402907741057
,63.0,dn6,pkg48,63,True,69.0,37.751751,-122.410654,37.72631761639209,-122.41103103403489
,67.0,dn15,pkg46,67,False,66.0,37.739611,-122.492203,37.714245644275515,-122.45456420206438
,70.0,dn2,pkg50,70.0,True,80.0,37.774524,-122.473656,37.77756445634462,-122.4678773455298
,71.0,dn7,pkg49,71.0,True,79.0,37.718779,-122.462401,37.712251568496754,-122.466489144078
,72.0,dn13,pkg51,72,True,78.0,37.739611,-122.492203,37.70931070292145,-122.4797055218096
,76.0,dn1,pkg52,76.0,True,82.0,37.774524,-122.473656,37.773076488232775,-122.50164846411424
,81.0,dn7,pkg54,81.0,True,89.0,37.718779,-122.462401,37.721127307721375,-122.41513582851975
,82.0,dn2,pkg53,82.0,True,89.0,37.774524,-122.473656,37.78183567827921,-122.47601624760512
,86.0,dn3,pkg55,86.0,True,91.0,37.774524,-122.473656,37.77724304960542,-122.43367495196468
,86.0,dn4,pkg56,86,True,92.0,37.751751,-122.410654,37.7679997719972,-122.43165774022592
,88.0,dn5,pkg57,88.0,True,98.0,37.751751,-122.410654,37.763616110520715,-122.40434605972395
,92.0,dn15,pkg58,92,True,93.0,37.739611,-122.492203,37.718307510975094,-122.45410540475989
,95.0,dn1,pkg59,95,True,102.0,37.774524,-122.473656,37.795649839020534,-122.50404852930996
,96.0,dn7,pkg60,96.0,True,104.0,37.718779,-122.462401,37.7153229819115,-122.48172822083558
,98.0,dn9,pkg61,98.0,True,106.0,37.718779,-122.462401,37.71115242279025,-122.49020996444091
,5.0,dn3,pkg7,5,True,12.0,37.774524,-122.473656,37.78402060996041,-122.50558290843341
,5.0,dn4,pkg17,5.0,True,12.0,37.751751,-122.410654,37.74455322436343,-122.3970893926669
,5.0,dn5,pkg10,5.0,True,14.0,37.751751,-122.410654,37.72220533877796,-122.40511681975184
,6.0,dn14,pkg11,6.0,True,15.0,37.739611,-122.492203,37.74845830273745,-122.50171381868459
,7.0,dn6,pkg20,7.0,True,15.0,37.751751,-122.410654,37.75627289277032,-122.39914405110255
,7.0,dn10,pkg4,7.0,True,13.0,37.78929,-122.426797,37.785554715436795,-122.42141761518177
,8.0,dn2,pkg18,8.0,True,15.0,37.774524,-122.473656,37.788830952754225,-122.45842510644155
,8.0,dn13,pkg12,8,True,15.0,37.739611,-122.492203,37.71274123101527,-122.45851524272025
,8.0,dn15,pkg9,8.0,True,13.0,37.739611,-122.492203,37.755281816502446,-122.4801474251415
,8.0,dn8,pkg3,8,True,16.0,37.718779,-122.462401,37.75692542974736,-122.4314802245535
,8.0,dn11,pkg16,8,True,13.0,37.78929,-122.426797,37.796662598762325,-122.40198948910317
,9.0,dn9,pkg2,9.0,True,19.0,37.718779,-122.462401,37.73616582593589,-122.47601070605373
,10.0,dn1,pkg14,10.0,True,15.0,37.774524,-122.473656,37.77024169040173,-122.45111152793541
,10.0,dn7,pkg21,10,True,19.0,37.718779,-122.462401,37.74395369773103,-122.48573783731919
,10.0,dn12,pkg15,10,True,15.0,37.78929,-122.426797,37.76452318382554,-122.42064481325998
,10.0,dn14,pkg8,10,True,14.0,37.739611,-122.492203,37.743399517331774,-122.49995165424232
,12.0,dn10,pkg13,12,True,16.0,37.78929,-122.426797,37.79068515721115,-122.44254171414656
,13.0,dn4,pkg1,13,True,14.0,37.751751,-122.410654,37.77715979677978,-122.41000057902728
,15.0,dn15,pkg19,15,True,18.0,37.739611,-122.492203,37.759582953189614,-122.45798440194567
,16.0,dn5,pkg25,16.0,True,22.0,37.751751,-122.410654,37.762966248020746,-122.41018469424509
,19.0,dn2,pkg26,19,True,23.0,37.774524,-122.473656,37.78519241892873,-122.43710289194453
,21.0,dn3,pkg23,21,True,24.0,37.774524,-122.473656,37.750726538137464,-122.48751713061321
,21.0,dn11,pkg5,21,False,16.0,37.78929,-122.426797,37.78111443685968,-122.44242736286928
,22.0,dn6,pkg22,22,False,17.0,37.751751,-122.410654,37.71119367966374,-122.40551882112204
,22.0,dn14,pkg24,22,True,23.0,37.739611,-122.492203,37.715886308861194,-122.50092032266404
,22.0,dn1,pkg30,22.0,True,31.0,37.774524,-122.473656,37.768225613441395,-122.45215718698628
,23.0,dn10,pkg27,23.0,True,29.0,37.78929,-122.426797,37.778446931504654,-122.47240885396604
,24.0,dn13,pkg29,24.0,True,29.0,37.739611,-122.492203,37.75498755313886,-122.47761429322286
,28.0,dn7,pkg31,28,True,34.0,37.718779,-122.462401,37.763050992941984,-122.46955496328076
,30.0,dn15,pkg28,30,True,34.0,37.739611,-122.492203,37.77139460702941,-122.48204578631501
,30.0,dn8,pkg33,30,True,36.0,37.718779,-122.462401,37.70937271073223,-122.48273216664741
,32.0,dn9,pkg34,32,True,40.0,37.718779,-122.462401,37.71888862390523,-122.49989905179702
,33.0,dn4,pkg32,33,True,39.0,37.751751,-122.410654,37.7121713564173,-122.39697636110762
,34.0,dn10,pkg36,34.0,True,41.0,37.78929,-122.426797,37.78800843017117,-122.45156907662764
,35.0,dn1,pkg38,35.0,True,45.0,37.774524,-122.473656,37.794415555996075,-122.46726519276339
,36.0,dn13,pkg35,36.0,True,45.0,37.739611,-122.492203,37.72545802408577,-122.4939913100041
,40.0,dn2,pkg39,40.0,True,50.0,37.774524,-122.473656,37.760265973353754,-122.50555933644523
,41.0,dn14,pkg40,41,True,46.0,37.739611,-122.492203,37.70840272137871,-122.48213330834005
,43.0,dn6,pkg41,43,True,53.0,37.751751,-122.410654,37.71367477570419,-122.40222240699907
,46.0,dn5,pkg37,46,False,44.0,37.751751,-122.410654,37.70846373093825,-122.42612258735613
,47.0,dn10,pkg42,47.0,True,54.0,37.78929,-122.426797,37.784797261485735,-122.40592330318896
,52.0,dn7,pkg43,52.0,True,61.0,37.718779,-122.462401,37.73202086781107,-122.46274165625933
,52.0,dn1,pkg44,52,True,56.0,37.774524,-122.473656,37.76669260858983,-122.48742985300494
,54.0,dn4,pkg46,54.0,True,59.0,37.751751,-122.410654,37.714035305411514,-122.40005509181185
,56.0,dn3,pkg45,56.0,True,62.0,37.774524,-122.473656,37.78949348614231,-122.49580272487766
,56.0,dn10,pkg47,56.0,True,63.0,37.78929,-122.426797,37.793657289469806,-122.43788496995995
,58.0,dn14,pkg48,58.0,True,66.0,37.739611,-122.492203,37.756484472287056,-122.48741459291065
,60.0,dn6,pkg50,60,True,68.0,37.751751,-122.410654,37.77614410862089,-122.41425073680253
,61.0,dn11,pkg49,61.0,True,66.0,37.78929,-122.426797,37.772179671604434,-122.4121694671989
,64.0,dn8,pkg53,64.0,True,72.0,37.718779,-122.462401,37.72677299153601,-122.46481121002002
,66.0,dn7,pkg52,66,True,69.0,37.718779,-122.462401,37.71201698248473,-122.49684641164396
,66.0,dn1,pkg55,66,True,72.0,37.774524,-122.473656,37.75432605416667,-122.46835791014105
,68.0,dn4,pkg54,68.0,True,77.0,37.751751,-122.410654,37.74698672067174,-122.41615236650118
,71.0,dn12,pkg51,71,False,68.0,37.78929,-122.426797,37.746067979223454,-122.43626306820971
,71.0,dn13,pkg57,71,True,75.0,37.739611,-122.492203,37.75017282951503,-122.46817605334148
,72.0,dn2,pkg58,72.0,True,79.0,37.774524,-122.473656,37.787289913387,-122.43978048379623
,72.0,dn10,pkg59,72.0,True,77.0,37.78929,-122.426797,37.795136908739245,-122.40172617046392
,75.0,dn9,pkg60,75,True,79.0,37.718779,-122.462401,37.73095197855938,-122.42874166857793
,78.0,dn5,pkg56,78,False,77.0,37.751751,-122.410654,37.70914620242218,-122.39888376217509
,78.0,dn6,pkg61,78,True,78.0,37.751751,-122.410654,37.71719143688184,-122.41953993922898
,80.0,dn11,pkg65,80.0,True,85.0,37.78929,-122.426797,37.77538865956932,-122.4212560837328
,81.0,dn8,pkg62,81.0,True,89.0,37.718779,-122.462401,37.73503530265597,-122.50406401778864
,83.0,dn4,pkg64,83,True,90.0,37.751751,-122.410654,37.776844047191176,-122.40058359418516
,84.0,dn1,pkg66,84.0,True,90.0,37.774524,-122.473656,37.766069995281285,-122.48871245554464
,86.0,dn7,pkg67,86.0,True,93.0,37.718779,-122.462401,37.71457560935535,-122.43579749454368
,87.0,dn15,pkg63,87,True,92.0,37.739611,-122.492203,37.77792718226209,-122.46756057417136
,92.0,dn9,pkg69,92,True,99.0,37.718779,-122.462401,37.73441135598488,-122.4744136983997
,94.0,dn14,pkg70,94.0,True,103.0,37.739611,-122.492203,37.70882106554838,-122.47101984249038
,96.0,dn11,pkg68,96,True,97.0,37.78929,-122.426797,37.79287037281329,-122.47921525397254
,98.0,dn6,pkg71,98,True,104.0,37.751751,-122.410654,37.766151494825124,-122.42595928403318
,5.0,dn13,pkg20,5.0,True,13.0,37.739611,-122.492203,37.75842510272416,-122.4676858443446
,6.0,dn6,pkg16,6.0,True,13.0,37.751751,-122.410654,37.72058869504436,-122.42306261650289
,6.0,dn15,pkg2,6.0,True,15.0,37.739611,-122.492203,37.72685907297935,-122.50022136040442
,6.0,dn7,pkg3,6.0,True,14.0,37.718779,-122.462401,37.734190882373404,-122.4624260330165
,8.0,dn5,pkg11,8,True,12.0,37.751751,-122.410654,37.781102986557,-122.40308360383281
,8.0,dn14,pkg14,8,True,15.0,37.739611,-122.492203,37.77705816142412,-122.49732782052025
,8.0,dn10,pkg7,8.0,True,13.0,37.78929,-122.426797,37.763749345128595,-122.43169802278443
,8.0,dn1,pkg6,8,True,16.0,37.774524,-122.473656,37.73946460578528,-122.45322579151333
,8.0,dn2,pkg13,8.0,True,14.0,37.774524,-122.473656,37.764597423071024,-122.48588578676349
,9.0,dn4,pkg17,9.0,True,18.0,37.751751,-122.410654,37.74282774498666,-122.43370113282278
,9.0,dn11,pkg12,9.0,True,16.0,37.78929,-122.426797,37.790707697110214,-122.4134625087595
,9.0,dn12,pkg21,9.0,True,15.0,37.78929,-122.426797,37.76768539681077,-122.45310908753198
,10.0,dn8,pkg1,10.0,True,18.0,37.718779,-122.462401,37.7314522134232,-122.45472217300534
,11.0,dn3,pkg5,11,True,15.0,37.774524,-122.473656,37.73218127768029,-122.48600806170465
,11.0,dn9,pkg22,11,True,13.0,37.718779,-122.462401,37.707857639803116,-122.4936603920283
,13.0,dn13,pkg15,13,True,14.0,37.739611,-122.492203,37.72883748393712,-122.5052577881296
,15.0,dn15,pkg24,15,True,22.0,37.739611,-122.492203,37.75049564003408,-122.49735997007474
,16.0,dn8,pkg23,16,True,17.0,37.718779,-122.462401,37.71113655519154,-122.48181221293112
,17.0,dn6,pkg18,17,True,17.0,37.751751,-122.410654,37.732031932217616,-122.43589310027096
,18.0,dn7,pkg10,18,True,20.0,37.718779,-122.462401,37.71763528217711,-122.49480058375777
,18.0,dn4,pkg8,18,True,18.0,37.751751,-122.410654,37.77448430268271,-122.4215990081814
,18.0,dn10,pkg28,18.0,True,24.0,37.78929,-122.426797,37.794398689279,-122.41753988927266
,19.0,dn2,pkg4,19,True,20.0,37.774524,-122.473656,37.759636976293436,-122.48025560159607
,19.0,dn12,pkg25,19,True,19.0,37.78929,-122.426797,37.779390955629715,-122.44293071354622
,20.0,dn8,pkg29,20,True,24.0,37.718779,-122.462401,37.72536415119718,-122.46373828142576
,23.0,dn11,pkg9,23,False,15.0,37.78929,-122.426797,37.76281372510066,-122.47192673328901
,23.0,dn1,pkg19,23,False,16.0,37.774524,-122.473656,37.753760961464806,-122.44682816180773
,24.0,dn15,pkg34,24,True,33.0,37.739611,-122.492203,37.75250825929751,-122.45318972294505
,26.0,dn14,pkg31,26,True,29.0,37.739611,-122.492203,37.71439447927846,-122.47231486873373
,26.0,dn13,pkg30,26,True,32.0,37.739611,-122.492203,37.71332434471146,-122.46019680043028
,29.0,dn5,pkg26,29,False,21.0,37.751751,-122.410654,37.77270177360207,-122.4454860852075
,29.0,dn3,pkg35,29.0,True,37.0,37.774524,-122.473656,37.79327789249581,-122.48520406101778
,30.0,dn8,pkg32,30,True,33.0,37.718779,-122.462401,37.7533879500914,-122.44024461040551
,30.0,dn9,pkg36,30,True,37.0,37.718779,-122.462401,37.74394307785627,-122.45076626274242
,31.0,dn4,pkg37,31.0,True,40.0,37.751751,-122.410654,37.75961274170896,-122.39987331539224
,33.0,dn10,pkg39,33.0,True,39.0,37.78929,-122.426797,37.78527458600841,-122.40302888695473
,34.0,dn6,pkg33,34,False,31.0,37.751751,-122.410654,37.71948300091893,-122.40009267843661
,36.0,dn2,pkg38,36.0,True,41.0,37.774524,-122.473656,37.768374648171886,-122.46937219696501
,42.0,dn2,pkg42,42.0,True,50.0,37.774524,-122.473656,37.75827861642007,-122.45048970248726
,43.0,dn1,pkg40,43.0,True,51.0,37.774524,-122.473656,37.766221693245015,-122.5040827707926
,45.0,dn8,pkg43,45.0,True,52.0,37.718779,-122.462401,37.737453330269,-122.44688944273734
,46.0,dn4,pkg44,46,True,50.0,37.751751,-122.410654,37.74579905500209,-122.39411318989279
,48.0,dn5,pkg45,48,True,58.0,37.751751,-122.410654,37.724943543598094,-122.43240666174708
,49.0,dn10,pkg41,49,True,51.0,37.78929,-122.426797,37.77837280324769,-122.4730050875048
,53.0,dn4,pkg48,53,True,60.0,37.751751,-122.410654,37.74070928146754,-122.40729653429769
,54.0,dn6,pkg46,54.0,True,59.0,37.751751,-122.410654,37.73523759842763,-122.46000597056701
,55.0,dn3,pkg47,55.0,True,61.0,37.774524,-122.473656,37.76192951161997,-122.42479486796
,57.0,dn1,pkg50,57,True,63.0,37.774524,-122.473656,37.788492829596905,-122.4934158174286
,58.0,dn4,pkg49,58,True,63.0,37.751751,-122.410654,37.73985284604977,-122.40481934509526
,58.0,dn13,pkg53,58,True,63.0,37.739611,-122.492203,37.75486865994616,-122.5062314299546
,60.0,dn2,pkg51,60,True,64.0,37.774524,-122.473656,37.74175700927217,-122.46302215941598
,62.0,dn11,pkg52,62.0,True,68.0,37.78929,-122.426797,37.77575068048152,-122.4360466152691
,63.0,dn5,pkg54,63.0,True,70.0,37.751751,-122.410654,37.7421678760653,-122.44366854851214
,64.0,dn12,pkg57,64,True,74.0,37.78929,-122.426797,37.78484215276112,-122.45746125384089
,65.0,dn7,pkg55,65.0,True,74.0,37.718779,-122.462401,37.72165087698984,-122.42736217717128
,66.0,dn8,pkg56,66.0,True,76.0,37.718779,-122.462401,37.7174354454387,-122.41286429276691
,69.0,dn13,pkg61,69.0,True,78.0,37.739611,-122.492203,37.735938091685405,-122.48200595782791
,70.0,dn1,pkg62,70,True,79.0,37.774524,-122.473656,37.77520367692346,-122.48450431950656
,71.0,dn9,pkg58,71,True,78.0,37.718779,-122.462401,37.748537660986834,-122.47022027946593
,71.0,dn3,pkg59,71.0,True,78.0,37.774524,-122.473656,37.777361651810374,-122.46644061241219
,71.0,dn10,pkg60,71.0,True,80.0,37.78929,-122.426797,37.76516146496431,-122.4701043233734
,71.0,dn14,pkg63,71.0,True,78.0,37.739611,-122.492203,37.72444032857757,-122.48520498373152
,75.0,dn8,pkg65,75.0,True,80.0,37.718779,-122.462401,37.712242825537444,-122.46607771377667
,75.0,dn4,pkg66,75.0,True,82.0,37.751751,-122.410654,37.75464577622739,-122.39662030178957
,76.0,dn11,pkg64,76.0,True,84.0,37.78929,-122.426797,37.790931912531626,-122.42974577628611
,76.0,dn2,pkg67,76.0,True,83.0,37.774524,-122.473656,37.78038201188404,-122.45119930628833
,81.0,dn14,pkg69,81.0,True,90.0,37.739611,-122.492203,37.71697715826382,-122.50334187700109
,81.0,dn1,pkg70,81.0,True,89.0,37.774524,-122.473656,37.75303934409596,-122.48823925215159
,82.0,dn13,pkg68,82.0,True,87.0,37.739611,-122.492203,37.774236233298296,-122.47553390870785
,87.0,dn4,pkg72,87,True,96.0,37.751751,-122.410654,37.733133678265624,-122.4002960841001
,89.0,dn2,pkg71,89.0,True,97.0,37.774524,-122.473656,37.77469398051302,-122.4746540034882
,91.0,dn3,pkg73,91.0,True,100.0,37.774524,-122.473656,37.77179175261071,-122.49772523116731
,92.0,dn6,pkg75,92,True,99.0,37.751751,-122.410654,37.731335415892055,-122.42929480807058
,96.0,dn1,pkg76,96.0,True,104.0,37.774524,-122.473656,37.78603882804858,-122.4614368977895
,100.0,dn5,pkg74,100,True,100.0,37.751751,-122.410654,37.71109688705871,-122.4150576515642
,100.0,dn7,pkg77,100,True,105.0,37.718779,-122.462401,37.72542632247487,-122.43072812261744
,100.0,dn8,pkg79,100,True,107.0,37.718779,-122.462401,37.74656980143687,-122.4621135114428
,10.0,dn1,pkg15,10,True,14.0,37.774524,-122.473656,37.778704037286666,-122.45955141162625
,10.0,dn4,pkg13,10,True,16.0,37.751751,-122.410654,37.75362201506634,-122.41678817231649
,11.0,dn2,pkg8,11,True,15.0,37.774524,-122.473656,37.765878019778334,-122.45486927546808
,11.0,dn14,pkg14,11,True,12.0,37.739611,-122.492203,37.71724036432704,-122.50355568430821
,12.0,dn13,pkg5,12,True,13.0,37.739611,-122.492203,37.73747292924923,-122.48159849550237
,12.0,dn8,pkg22,12,True,14.0,37.718779,-122.462401,37.735525183997694,-122.46518625516246
,13.0,dn5,pkg23,13,True,17.0,37.751751,-122.410654,37.734050712400396,-122.39991369253521
,13.0,dn6,pkg6,13,True,17.0,37.751751,-122.410654,37.76348572837267,-122.43341070671993
,14.0,dn10,pkg10,14,True,16.0,37.78929,-122.426797,37.771044781046676,-122.40789679394032
,14.0,dn15,pkg1,14,True,14.0,37.739611,-122.492203,37.71659876647568,-122.5038502467907
,16.0,dn3,pkg12,16,True,20.0,37.774524,-122.473656,37.75019001186263,-122.49232400919168
,17.0,dn7,pkg21,17,False,11.0,37.718779,-122.462401,37.73139570747236,-122.43539676602809
,17.0,dn11,pkg3,17,False,15.0,37.78929,-122.426797,37.763318207151436,-122.44226653640834
,17.0,dn8,pkg16,17,True,18.0,37.718779,-122.462401,37.72383147881461,-122.46858160751425
,18.0,dn14,pkg17,18,True,18.0,37.739611,-122.492203,37.7299385993077,-122.4966673881692
,19.0,dn13,pkg25,19,True,27.0,37.739611,-122.492203,37.7234967019781,-122.50435475706792
,20.0,dn12,pkg2,20,False,10.0,37.78929,-122.426797,37.7647523942923,-122.46281455007167
,20.0,dn1,pkg4,20,False,13.0,37.774524,-122.473656,37.75263023865435,-122.4991741078004
,21.0,dn4,pkg26,21,True,24.0,37.751751,-122.410654,37.7781833090654,-122.4197188052388
,21.0,dn2,pkg27,21.0,True,30.0,37.774524,-122.473656,37.76339911612844,-122.46550770719695
,24.0,dn9,pkg20,24,False,11.0,37.718779,-122.462401,37.74098261842964,-122.41472800785891
,24.0,dn10,pkg28,24,True,30.0,37.78929,-122.426797,37.776900787456945,-122.46531453187308
,26.0,dn5,pkg31,26,True,31.0,37.751751,-122.410654,37.78164911515043,-122.42471105404812
,26.0,dn6,pkg29,26,True,34.0,37.751751,-122.410654,37.7250596323997,-122.41853251759245
,28.0,dn15,pkg32,28,True,38.0,37.739611,-122.492203,37.73568022144899,-122.4546955507803
,28.0,dn13,pkg33,28.0,True,37.0,37.739611,-122.492203,37.732724212735526,-122.48162186815202
,29.0,dn8,pkg24,29,False,19.0,37.718779,-122.462401,37.74435001796337,-122.46356936199004
,30.0,dn3,pkg30,30,True,32.0,37.774524,-122.473656,37.7865452574943,-122.49425423564668
,32.0,dn14,pkg34,32,True,37.0,37.739611,-122.492203,37.73502881379953,-122.46482619401158
,37.0,dn1,pkg35,37,True,42.0,37.774524,-122.473656,37.75350313154316,-122.44050226311397
,39.0,dn13,pkg36,39.0,True,45.0,37.739611,-122.492203,37.710041376537454,-122.48558433871838
,39.0,dn7,pkg37,39,True,41.0,37.718779,-122.462401,37.71331166443479,-122.42672469611006
,42.0,dn15,pkg39,42,True,46.0,37.739611,-122.492203,37.74925257694322,-122.46410489054317
,43.0,dn4,pkg38,43.0,True,48.0,37.751751,-122.410654,37.76134987648949,-122.43229125644473
,47.0,dn2,pkg41,47,True,55.0,37.774524,-122.473656,37.77883319853862,-122.42678527399379
,47.0,dn14,pkg44,47,True,51.0,37.739611,-122.492203,37.7712763295819,-122.49553828705189
,48.0,dn3,pkg40,48,True,51.0,37.774524,-122.473656,37.739363380181544,-122.48795506577733
,48.0,dn6,pkg42,48.0,True,56.0,37.751751,-122.410654,37.76185605657478,-122.41000383671256
,49.0,dn9,pkg45,49.0,True,58.0,37.718779,-122.462401,37.74805243855953,-122.4617130699895
,51.0,dn8,pkg43,51,True,58.0,37.718779,-122.462401,37.73176531245145,-122.49849995271455
,53.0,dn5,pkg46,53.0,True,63.0,37.751751,-122.410654,37.738689267058575,-122.42921252788702
,53.0,dn7,pkg47,53.0,True,62.0,37.718779,-122.462401,37.73673163071906,-122.48140149791767
,54.0,dn4,pkg48,54.0,True,64.0,37.751751,-122.410654,37.73741461086967,-122.4047921690852
,57.0,dn1,pkg49,57,True,62.0,37.774524,-122.473656,37.79061757481202,-122.48061116290368
,61.0,dn14,pkg51,61,True,67.0,37.739611,-122.492203,37.732561533137606,-122.46591500389783
,62.0,dn9,pkg50,62.0,True,71.0,37.718779,-122.462401,37.713606801284286,-122.49248961355758
,65.0,dn4,pkg52,65.0,True,75.0,37.751751,-122.410654,37.77681265909465,-122.39814801767493
,68.0,dn3,pkg53,68.0,True,75.0,37.774524,-122.473656,37.75453522520833,-122.44111534347404
,68.0,dn2,pkg54,68,True,75.0,37.774524,-122.473656,37.79275907561552,-122.50049914991192
,70.0,dn5,pkg55,70,True,78.0,37.751751,-122.410654,37.73172773365016,-122.41500385548605
,74.0,dn1,pkg56,74,True,77.0,37.774524,-122.473656,37.7802680569921,-122.50747638325537
,75.0,dn4,pkg58,75.0,True,85.0,37.751751,-122.410654,37.737347721201644,-122.421255084438
,78.0,dn13,pkg57,78,True,80.0,37.739611,-122.492203,37.77608507017307,-122.50674500937338
,79.0,dn6,pkg59,79.0,True,85.0,37.751751,-122.410654,37.734912166035585,-122.42080860517486
,84.0,dn3,pkg60,84,True,90.0,37.774524,-122.473656,37.74348877783787,-122.46557850845319
,85.0,dn10,pkg61,85.0,True,92.0,37.78929,-122.426797,37.78554321271982,-122.39441357322113
,86.0,dn7,pkg62,86.0,True,93.0,37.718779,-122.462401,37.71946930945466,-122.48362282720818
,89.0,dn14,pkg63,89.0,True,95.0,37.739611,-122.492203,37.72873519701621,-122.45494188928015
,92.0,dn2,pkg64,92.0,True,102.0,37.774524,-122.473656,37.77482328323708,-122.45320979382254
,92.0,dn4,pkg65,92.0,True,101.0,37.751751,-122.410654,37.71884592355166,-122.42287472047673
,93.0,dn1,pkg66,93.0,True,98.0,37.774524,-122.473656,37.787062310237154,-122.46077182237298
,96.0,dn8,pkg67,96.0,True,101.0,37.718779,-122.462401,37.74430734589605,-122.47588626726727
,97.0,dn11,pkg68,97.0,True,104.0,37.78929,-122.426797,37.79632492947476,-122.41082473907109
,99.0,dn5,pkg69,99,True,105.0,37.751751,-122.410654,37.76429358734486,-122.42514172537791
,5.0,dn1,pkg13,5.0,True,14.0,37.774524,-122.473656,37.76083599196005,-122.47485868351431
,5.0,dn2,pkg21,5,True,13.0,37.774524,-122.473656,37.78002361515819,-122.44654758668649
,6.0,dn6,pkg16,6.0,True,16.0,37.751751,-122.410654,37.76092673145229,-122.43758936696503
,6.0,dn10,pkg19,6,True,16.0,37.78929,-122.426797,37.78577968047991,-122.40742631388217
,7.0,dn3,pkg12,7,True,12.0,37.774524,-122.473656,37.78834841607375,-122.48904978181625
,7.0,dn14,pkg5,7.0,True,12.0,37.739611,-122.492203,37.76108826818277,-122.4773504520017
,7.0,dn7,pkg10,7.0,True,14.0,37.718779,-122.462401,37.712433333855174,-122.49559125840536
,8.0,dn13,pkg18,8.0,True,18.0,37.739611,-122.492203,37.75349432245766,-122.5068343534346
,8.0,dn15,pkg22,8.0,True,14.0,37.739611,-122.492203,37.721879481746704,-122.50739516352094
,8.0,dn12,pkg9,8,True,14.0,37.78929,-122.426797,37.75865728010492,-122.41549887006214
,9.0,dn8,pkg20,9,True,16.0,37.718779,-122.462401,37.72399643405731,-122.40600759521462
,10.0,dn4,pkg6,10,True,11.0,37.751751,-122.410654,37.783794335076934,-122.41543082061034
,12.0,dn5,pkg3,12,False,11.0,37.751751,-122.410654,37.72363735002819,-122.45252614364598
,13.0,dn13,pkg27,13,True,22.0,37.739611,-122.492203,37.73006248993254,-122.48685203103723
,15.0,dn9,pkg17,15,True,18.0,37.718779,-122.462401,37.75718593870117,-122.4639168360317
,15.0,dn1,pkg8,15,True,15.0,37.774524,-122.473656,37.77715541728011,-122.4952284947252
,15.0,dn2,pkg28,15.0,True,20.0,37.774524,-122.473656,37.772204724057914,-122.48493454229889
,16.0,dn11,pkg15,16,False,14.0,37.78929,-122.426797,37.75279549947779,-122.41845069220881
,18.0,dn6,pkg25,18,True,18.0,37.751751,-122.410654,37.776566323850616,-122.41136898502266
,18.0,dn15,pkg30,18,True,27.0,37.739611,-122.492203,37.71677414757911,-122.47603114452785
,19.0,dn10,pkg29,19.0,True,26.0,37.78929,-122.426797,37.75435727439151,-122.44771199680856
,19.0,dn14,pkg14,19,False,16.0,37.739611,-122.492203,37.77383289924224,-122.50240840217852
,21.0,dn7,pkg23,21,False,17.0,37.718779,-122.462401,37.746141310830424,-122.48752067431823
,22.0,dn3,pkg24,22,False,20.0,37.774524,-122.473656,37.752221955075015,-122.45842325799332
,23.0,dn8,pkg31,23.0,True,31.0,37.718779,-122.462401,37.72188646830896,-122.48981999553617
,24.0,dn13,pkg26,24,False,18.0,37.739611,-122.492203,37.74669206650458,-122.46580269789857
,26.0,dn12,pkg2,26,False,18.0,37.78929,-122.426797,37.79355155134092,-122.47173785272821
,29.0,dn2,pkg1,29,False,19.0,37.774524,-122.473656,37.789812896771636,-122.42001442803692
,29.0,dn1,pkg35,29.0,True,38.0,37.774524,-122.473656,37.757995550850914,-122.43231717962968
,31.0,dn4,pkg32,31,True,36.0,37.751751,-122.410654,37.72443982170882,-122.42821925679479
,31.0,dn5,pkg33,31,True,36.0,37.751751,-122.410654,37.71808698165715,-122.39878882911906
,31.0,dn15,pkg34,31,True,33.0,37.739611,-122.492203,37.73051028124405,-122.46707508146585
,33.0,dn10,pkg37,33,True,40.0,37.78929,-122.426797,37.78557411766102,-122.46223562285023
,34.0,dn8,pkg39,34,True,43.0,37.718779,-122.462401,37.714254859975256,-122.4873717625168
,36.0,dn6,pkg36,36,False,34.0,37.751751,-122.410654,37.78339040955867,-122.40959733174574
,36.0,dn7,pkg41,36.0,True,45.0,37.718779,-122.462401,37.71559416428257,-122.44967468378138
,37.0,dn9,pkg40,37.0,True,42.0,37.718779,-122.462401,37.70879924694747,-122.46747844014149
,40.0,dn3,pkg45,40.0,True,49.0,37.774524,-122.473656,37.789256360910635,-122.46957258978217
,42.0,dn13,pkg44,42.0,True,51.0,37.739611,-122.492203,37.753091433389706,-122.47655795696208
,43.0,dn1,pkg43,43,True,49.0,37.774524,-122.473656,37.73861843728634,-122.45601701609075
,43.0,dn15,pkg46,43.0,True,50.0,37.739611,-122.492203,37.750279446374265,-122.48239688288287
,44.0,dn14,pkg42,44,True,46.0,37.739611,-122.492203,37.77723651210252,-122.50403974529891
,44.0,dn10,pkg47,44.0,True,52.0,37.78929,-122.426797,37.79322322511712,-122.45039945977375
,45.0,dn5,pkg38,45,False,41.0,37.751751,-122.410654,37.71532575496105,-122.39707548316771
,48.0,dn7,pkg48,48.0,True,58.0,37.718779,-122.462401,37.73576535837536,-122.47705223934437
,50.0,dn2,pkg50,50.0,True,57.0,37.774524,-122.473656,37.78126859362092,-122.48099658519129
,51.0,dn8,pkg49,51.0,True,61.0,37.718779,-122.462401,37.740722945102966,-122.47240609016157
,55.0,dn4,pkg52,55,True,58.0,37.751751,-122.410654,37.780947839786094,-122.41501192559821
,56.0,dn6,pkg51,56,True,64.0,37.751751,-122.410654,37.715805257244824,-122.42305479238546
,58.0,dn3,pkg53,58.0,True,64.0,37.774524,-122.473656,37.785136564208166,-122.50198623388573
,60.0,dn13,pkg55,60.0,True,68.0,37.739611,-122.492203,37.755399955831656,-122.46829879583285
,62.0,dn7,pkg56,62.0,True,68.0,37.718779,-122.462401,37.72323025410407,-122.4622930900993
,63.0,dn1,pkg54,63,True,68.0,37.774524,-122.473656,37.77302339291743,-122.50666560637653
,65.0,dn2,pkg57,65.0,True,72.0,37.774524,-122.473656,37.765126561456995,-122.44648609318929
,72.0,dn4,pkg58,72,True,78.0,37.751751,-122.410654,37.72335748921775,-122.40365865720985
,72.0,dn10,pkg60,72,True,77.0,37.78929,-122.426797,37.77387070934647,-122.41761221854414
,76.0,dn2,pkg61,76.0,True,84.0,37.774524,-122.473656,37.771643557147655,-122.46049174302253
,78.0,dn11,pkg59,78,True,80.0,37.78929,-122.426797,37.779142561254446,-122.46937467553424
,87.0,dn5,pkg62,87,True,92.0,37.751751,-122.410654,37.7207496163179,-122.41656168427468
,87.0,dn1,pkg64,87.0,True,97.0,37.774524,-122.473656,37.76390026831684,-122.44801904504199
,87.0,dn4,pkg67,87.0,True,95.0,37.751751,-122.410654,37.72294553126385,-122.41156025854542
,88.0,dn3,pkg65,88.0,True,95.0,37.774524,-122.473656,37.77410589000092,-122.49676864027249
,89.0,dn7,pkg63,89,False,88.0,37.718779,-122.462401,37.75524708915419,-122.48655838586687
,89.0,dn6,pkg66,89.0,True,95.0,37.751751,-122.410654,37.761361939783406,-122.39617416313666
,91.0,dn2,pkg68,91.0,True,100.0,37.774524,-122.473656,37.76926730776334,-122.45119806004142
,96.0,dn4,pkg71,96.0,True,105.0,37.751751,-122.410654,37.77426880242582,-122.41279549617965
,97.0,dn10,pkg69,97.0,True,104.0,37.78929,-122.426797,37.790015880136316,-122.44089974396854
,97.0,dn1,pkg72,97.0,True,106.0,37.774524,-122.473656,37.75377972756245,-122.47067418801139
,99.0,dn12,pkg70,99.0,True,106.0,37.78929,-122.426797,37.748114914183624,-122.41200700940811
,5.0,dn12,pkg1,5,True,15.0,37.78929,-122.426797,37.78860567313316,-122.39596884430034
,5.0,dn4,pkg11,5,True,11.0,37.751751,-122.410654,37.75965733389665,-122.40192357682814
,6.0,dn2,pkg3,6.0,True,16.0,37.774524,-122.473656,37.786424170578044,-122.47050606812218
,6.0,dn10,pkg6,6,True,14.0,37.78929,-122.426797,37.77769260810814,-122.41341112257271
,7.0,dn7,pkg19,7.0,True,17.0,37.718779,-122.462401,37.7246878285393,-122.46154383903986
,7.0,dn11,pkg21,7,True,13.0,37.78929,-122.426797,37.77581420662555,-122.40787285367517
,8.0,dn1,pkg22,8,True,12.0,37.774524,-122.473656,37.782938970486725,-122.44644459028491
,8.0,dn13,pkg14,8,True,13.0,37.739611,-122.492203,37.76669285559885,-122.50547649489023
,8.0,dn8,pkg17,8.0,True,16.0,37.718779,-122.462401,37.72992783800052,-122.45725783214623
,8.0,dn3,pkg12,8.0,True,15.0,37.774524,-122.473656,37.77716944937926,-122.48237754326918
,8.0,dn5,pkg15,8.0,True,16.0,37.751751,-122.410654,37.751383009739115,-122.39499336465506
,9.0,dn15,pkg10,9,True,17.0,37.739611,-122.492203,37.760899647338626,-122.459408208812
,9.0,dn14,pkg5,9,True,14.0,37.739611,-122.492203,37.714077978813755,-122.49593696433125
,9.0,dn6,pkg9,9.0,True,19.0,37.751751,-122.410654,37.76437446918513,-122.44032708143656
,12.0,dn9,pkg13,12,True,14.0,37.718779,-122.462401,37.753309075635066,-122.43307603353473
,15.0,dn2,pkg25,15.0,True,20.0,37.774524,-122.473656,37.79430118030804,-122.47355572704747
,15.0,dn7,pkg26,15,True,20.0,37.718779,-122.462401,37.722668315610505,-122.42834668030618
,16.0,dn3,pkg20,16,False,15.0,37.774524,-122.473656,37.78777349114657,-122.48476948678893
,17.0,dn4,pkg18,17,True,20.0,37.751751,-122.410654,37.76086438734667,-122.44163673805878
,18.0,dn12,pkg16,18,False,15.0,37.78929,-122.426797,37.76065007385091,-122.4041213328997
,19.0,dn8,pkg23,19,False,15.0,37.718779,-122.462401,37.75418668579444,-122.44842103760341
,22.0,dn10,pkg29,22.0,True,30.0,37.78929,-122.426797,37.779296617961705,-122.4533735564859
,23.0,dn1,pkg28,23,True,25.0,37.774524,-122.473656,37.7689671725808,-122.49589017674143
,25.0,dn14,pkg32,25.0,True,32.0,37.739611,-122.492203,37.766531493117306,-122.49627671287153
,26.0,dn5,pkg31,26,True,32.0,37.751751,-122.410654,37.77380254137944,-122.42989926411207
,27.0,dn13,pkg27,27,False,25.0,37.739611,-122.492203,37.72347430195848,-122.46144499381194
,28.0,dn6,pkg30,28,True,33.0,37.751751,-122.410654,37.77454873548024,-122.44713550478178
,30.0,dn2,pkg33,30.0,True,36.0,37.774524,-122.473656,37.75263020631768,-122.46850368026722
,30.0,dn3,pkg34,30.0,True,35.0,37.774524,-122.473656,37.759500033735044,-122.49096945642802
,31.0,dn15,pkg35,31.0,True,38.0,37.739611,-122.492203,37.72760877248299,-122.49382890193657
,33.0,dn7,pkg36,33.0,True,42.0,37.718779,-122.462401,37.716332385423904,-122.44064941481115
,37.0,dn1,pkg37,37,True,46.0,37.774524,-122.473656,37.76837068214434,-122.44314485808292
,39.0,dn4,pkg38,39,True,43.0,37.751751,-122.410654,37.71617988020242,-122.42616528446018
,44.0,dn10,pkg40,44,True,51.0,37.78929,-122.426797,37.76954322278198,-122.39705975349638
,46.0,dn5,pkg39,46,True,51.0,37.751751,-122.410654,37.7270898969174,-122.39595115708872
,47.0,dn13,pkg41,47,True,55.0,37.739611,-122.492203,37.775354420191135,-122.47654313553218
,48.0,dn7,pkg42,48.0,True,58.0,37.718779,-122.462401,37.719566152735155,-122.44031812301431
,54.0,dn14,pkg45,54.0,True,61.0,37.739611,-122.492203,37.77418268554408,-122.47067809025636
,55.0,dn2,pkg43,55,True,62.0,37.774524,-122.473656,37.788606890200874,-122.44483537504154
,59.0,dn1,pkg44,59,True,60.0,37.774524,-122.473656,37.73763619154298,-122.46688517097957
,59.0,dn6,pkg47,59,True,64.0,37.751751,-122.410654,37.76787917878958,-122.41184545759765
,60.0,dn4,pkg46,60,True,65.0,37.751751,-122.410654,37.783421914094426,-122.40637129990313
,66.0,dn11,pkg48,66,True,72.0,37.78929,-122.426797,37.7514680226367,-122.41510571331015
,66.0,dn7,pkg49,66,True,73.0,37.718779,-122.462401,37.73152632203978,-122.48721378061985
,67.0,dn8,pkg50,67.0,True,77.0,37.718779,-122.462401,37.73376642865763,-122.4222289066408
,71.0,dn14,pkg51,71.0,True,78.0,37.739611,-122.492203,37.76231764631669,-122.49763503964982
,71.0,dn6,pkg54,71,True,78.0,37.751751,-122.410654,37.72506613365586,-122.39660140791472
,72.0,dn5,pkg52,72.0,True,79.0,37.751751,-122.410654,37.73156053617007,-122.41060727075555
,73.0,dn9,pkg53,73,True,76.0,37.718779,-122.462401,37.7479037404625,-122.45796821333327
,76.0,dn2,pkg55,76.0,True,82.0,37.774524,-122.473656,37.762772635954825,-122.44743613039522
,77.0,dn3,pkg56,77.0,True,86.0,37.774524,-122.473656,37.79195251811041,-122.50027976287578
,82.0,dn7,pkg57,82,True,89.0,37.718779,-122.462401,37.714467932329086,-122.44080324370621
,85.0,dn8,pkg59,85.0,True,90.0,37.718779,-122.462401,37.72295866545273,-122.4493706718979
,90.0,dn13,pkg58,90,True,97.0,37.739611,-122.492203,37.71415428482745,-122.48009036199278
,93.0,dn1,pkg60,93.0,True,98.0,37.774524,-122.473656,37.78430980763361,-122.47124487459081
,95.0,dn14,pkg62,95.0,True,100.0,37.739611,-122.492203,37.76001261580697,-122.4976000341795
,96.0,dn2,pkg61,96,True,103.0,37.774524,-122.473656,37.74682870197684,-122.48453635767659
,100.0,dn4,pkg64,100,True,107.0,37.751751,-122.410654,37.727162570970954,-122.41067023647803
,6.0,dn4,pkg21,6.0,True,16.0,37.751751,-122.410654,37.73978185871258,-122.412688091241
,6.0,dn13,pkg4,6.0,True,11.0,37.739611,-122.492203,37.73540827550544,-122.5035357074056
,6.0,dn1,pkg15,6.0,True,13.0,37.774524,-122.473656,37.79050994982263,-122.49086610240576
,7.0,dn14,pkg9,7,True,11.0,37.739611,-122.492203,37.773807380135366,-122.46554567023581
,7.0,dn11,pkg22,7.0,True,12.0,37.78929,-122.426797,37.78995406841586,-122.42425701079765
,7.0,dn2,pkg7,7.0,True,12.0,37.774524,-122.473656,37.76162977608423,-122.45988908652417
,7.0,dn3,pkg20,7.0,True,17.0,37.774524,-122.473656,37.78913362486508,-122.47373982493241
,7.0,dn15,pkg10,7.0,True,12.0,37.739611,-122.492203,37.75270465533736,-122.49450534295146
,8.0,dn12,pkg12,8,True,14.0,37.78929,-122.426797,37.77031076093634,-122.45612034695891
,10.0,dn8,pkg13,10.0,True,16.0,37.718779,-122.462401,37.72501462982348,-122.44491595241695
,10.0,dn5,pkg3,10,True,13.0,37.751751,-122.410654,37.73884913805738,-122.43534305620082
,11.0,dn10,pkg11,11,True,18.0,37.78929,-122.426797,37.759038371378196,-122.43359315306422
,11.0,dn9,pkg19,11,True,20.0,37.718779,-122.462401,37.73555489265885,-122.49523062178332
,12.0,dn7,pkg18,12,True,14.0,37.718779,-122.462401,37.7462728985853,-122.48163579243662
,12.0,dn11,pkg2,12,True,14.0,37.78929,-122.426797,37.78442440406515,-122.4073487837887
,14.0,dn6,pkg16,14,True,15.0,37.751751,-122.410654,37.71627942864071,-122.43442690316665
,14.0,dn1,pkg1,14,True,17.0,37.774524,-122.473656,37.75395320783051,-122.46415688398244
,15.0,dn13,pkg14,15,True,16.0,37.739611,-122.492203,37.754484102703096,-122.49664137919797
,16.0,dn15,pkg23,16,True,22.0,37.739611,-122.492203,37.726955253778286,-122.49810186966552
,17.0,dn3,pkg8,17,False,16.0,37.774524,-122.473656,37.75166830818603,-122.49488088815228
,19.0,dn2,pkg25,19.0,True,28.0,37.774524,-122.473656,37.76045458034597,-122.48817252358455
,20.0,dn4,pkg6,20,False,16.0,37.751751,-122.410654,37.74862080674639,-122.46308234957341
,21.0,dn14,pkg24,21,True,23.0,37.739611,-122.492203,37.71029663528333,-122.47158311634409
,25.0,dn1,pkg26,25,True,32.0,37.774524,-122.473656,37.77098170726062,-122.48672949397474
,26.0,dn11,pkg27,26,True,33.0,37.78929,-122.426797,37.793659120064234,-122.45129689856931
,32.0,dn2,pkg28,32.0,True,42.0,37.774524,-122.473656,37.778614535046415,-122.47353574057153
,40.0,dn7,pkg31,40.0,True,45.0,37.718779,-122.462401,37.738158632459985,-122.43224312927364
,40.0,dn5,pkg32,40.0,True,47.0,37.751751,-122.410654,37.72747507184993,-122.40561934703969
,43.0,dn14,pkg29,43,True,44.0,37.739611,-122.492203,37.78455833667493,-122.48602902226787
,43.0,dn4,pkg30,43,True,47.0,37.751751,-122.410654,37.73143524280714,-122.44834448373496
,43.0,dn1,pkg33,43.0,True,49.0,37.774524,-122.473656,37.775886204046195,-122.48950491288034
,48.0,dn2,pkg34,48.0,True,58.0,37.774524,-122.473656,37.77764943174753,-122.47669967538214
,49.0,dn8,pkg35,49.0,True,56.0,37.718779,-122.462401,37.73267574261873,-122.4545637445696
,52.0,dn5,pkg37,52.0,True,57.0,37.751751,-122.410654,37.76551941921799,-122.41928505751964
,54.0,dn6,pkg36,54,True,61.0,37.751751,-122.410654,37.77696661633223,-122.39989696846246
,56.0,dn11,pkg38,56.0,True,63.0,37.78929,-122.426797,37.74605901680001,-122.41119039531264
,58.0,dn1,pkg40,58,True,65.0,37.774524,-122.473656,37.79606104554352,-122.44483444803086
,59.0,dn10,pkg39,59,True,61.0,37.78929,-122.426797,37.7446381200839,-122.42266237987113
,61.0,dn13,pkg41,61.0,True,66.0,37.739611,-122.492203,37.72502153643413,-122.50538988133718
,62.0,dn9,pkg42,62,True,69.0,37.718779,-122.462401,37.747075697750695,-122.4309116007719
,65.0,dn5,pkg43,65.0,True,71.0,37.751751,-122.410654,37.72937572275599,-122.45363962653913
,69.0,dn2,pkg45,69.0,True,77.0,37.774524,-122.473656,37.780135577956905,-122.48740107601478
,70.0,dn4,pkg44,70,True,72.0,37.751751,-122.410654,37.70974555265744,-122.3948696625121
,71.0,dn11,pkg46,71,True,76.0,37.78929,-122.426797,37.76924021067057,-122.39777687931256
,72.0,dn7,pkg47,72.0,True,81.0,37.718779,-122.462401,37.72204470614947,-122.43525946086069
,74.0,dn6,pkg48,74.0,True,81.0,37.751751,-122.410654,37.73376216176051,-122.44758752396845
,76.0,dn8,pkg49,76,True,79.0,37.718779,-122.462401,37.74107044194054,-122.43427410952155
,77.0,dn5,pkg50,77.0,True,82.0,37.751751,-122.410654,37.7322665805187,-122.42560031058831
,82.0,dn10,pkg51,82,True,88.0,37.78929,-122.426797,37.76829725230648,-122.43354152782176
,83.0,dn2,pkg52,83.0,True,90.0,37.774524,-122.473656,37.73395654351841,-122.48925825017828
,83.0,dn1,pkg53,83.0,True,92.0,37.774524,-122.473656,37.78066887712696,-122.45779664158711
,84.0,dn3,pkg54,84.0,True,93.0,37.774524,-122.473656,37.795675325171366,-122.45707791000208
,88.0,dn9,pkg56,88.0,True,94.0,37.718779,-122.462401,37.723910015255626,-122.46745403730638
,90.0,dn7,pkg55,90,True,96.0,37.718779,-122.462401,37.731258196942655,-122.50460637975311
,93.0,dn11,pkg58,93.0,True,102.0,37.78929,-122.426797,37.767012246742546,-122.44147989967932
,95.0,dn12,pkg57,95,True,98.0,37.78929,-122.426797,37.7738009373644,-122.45973428401706
,97.0,dn4,pkg59,97.0,True,106.0,37.751751,-122.410654,37.75358240470771,-122.41438929213793
,99.0,dn8,pkg61,99.0,True,107.0,37.718779,-122.462401,37.71985941771407,-122.4853518438327
,99.0,dn9,pkg60,99.0,True,107.0,37.718779,-122.462401,37.71903137884702,-122.49584871053293
,5.0,dn7,pkg10,5.0,True,14.0,37.718779,-122.462401,37.72816033974806,-122.4651392002781
,5.0,dn8,pkg11,5.0,True,15.0,37.718779,-122.462401,37.72257642536912,-122.48032304051598
,5.0,dn10,pkg12,5.0,True,14.0,37.78929,-122.426797,37.795373520989,-122.42985428990207
,6.0,dn14,pkg13,6.0,True,16.0,37.739611,-122.492203,37.749958885393774,-122.4945141248545
,7.0,dn4,pkg8,7,True,12.0,37.751751,-122.410654,37.73042611974607,-122.41049400618436
,7.0,dn13,pkg18,7,True,11.0,37.739611,-122.492203,37.75670848637547,-122.49962391811891
,8.0,dn7,pkg7,8,True,13.0,37.718779,-122.462401,37.71463104130361,-122.4705766028653
,9.0,dn9,pkg5,9.0,True,19.0,37.718779,-122.462401,37.71525606140429,-122.43760908404282
,9.0,dn1,pkg9,9.0,True,14.0,37.774524,-122.473656,37.78080338229584,-122.49456540310926
,9.0,dn5,pkg3,9.0,True,17.0,37.751751,-122.410654,37.76405015419006,-122.42010997750705
,9.0,dn11,pkg19,9,True,11.0,37.78929,-122.426797,37.76928506428473,-122.43852823321978
,9.0,dn3,pkg16,9,True,12.0,37.774524,-122.473656,37.764981302165644,-122.44298815948892
,10.0,dn2,pkg2,10.0,True,15.0,37.774524,-122.473656,37.7643080793131,-122.45163904389337
,10.0,dn12,pkg21,10.0,True,17.0,37.78929,-122.426797,37.780216077148985,-122.43509181853003
,10.0,dn6,pkg1,10,True,13.0,37.751751,-122.410654,37.77531203963875,-122.42333812961154
,11.0,dn15,pkg23,11.0,True,21.0,37.739611,-122.492203,37.715131362501374,-122.49764467799913
,12.0,dn7,pkg26,12,True,20.0,37.718779,-122.462401,37.74609610659627,-122.4680336798954
,13.0,dn10,pkg25,13,True,18.0,37.78929,-122.426797,37.76659606217717,-122.4086593222398
,16.0,dn8,pkg22,16,True,20.0,37.718779,-122.462401,37.72809033060535,-122.44247705139766
,16.0,dn14,pkg24,16,True,18.0,37.739611,-122.492203,37.753302243123144,-122.47453654684911
,19.0,dn1,pkg15,19,False,14.0,37.774524,-122.473656,37.760803526773486,-122.45296923395694
,20.0,dn13,pkg6,20,False,19.0,37.739611,-122.492203,37.70868099430136,-122.45990004119268
,21.0,dn5,pkg17,21,False,19.0,37.751751,-122.410654,37.765400936276066,-122.4426081459916
,24.0,dn7,pkg4,24,False,17.0,37.718779,-122.462401,37.73465778706013,-122.50499410590173
,25.0,dn4,pkg14,25,False,17.0,37.751751,-122.410654,37.707575172315124,-122.41872740225911
,25.0,dn15,pkg27,25.0,True,31.0,37.739611,-122.492203,37.757357965532435,-122.4901295699971
,28.0,dn2,pkg28,28,True,34.0,37.774524,-122.473656,37.74509864419732,-122.47663716775583
,35.0,dn1,pkg29,35.0,True,44.0,37.774524,-122.473656,37.75978582803319,-122.48918322579377
,36.0,dn3,pkg30,36.0,True,42.0,37.774524,-122.473656,37.75694761014096,-122.47342086906968
,36.0,dn5,pkg32,36.0,True,46.0,37.751751,-122.410654,37.75578645547674,-122.39895329690697
,37.0,dn8,pkg31,37.0,True,46.0,37.718779,-122.462401,37.716451570330335,-122.45887700435831
,39.0,dn13,pkg36,39,True,45.0,37.739611,-122.492203,37.719161736190095,-122.5065810273368
,40.0,dn9,pkg33,40.0,True,48.0,37.718779,-122.462401,37.71353733085233,-122.45362222275774
,41.0,dn14,pkg34,41.0,True,50.0,37.739611,-122.492203,37.713453595693615,-122.48857375629672
,44.0,dn15,pkg35,44,True,46.0,37.739611,-122.492203,37.71729290629545,-122.4817020530305
,47.0,dn7,pkg38,47.0,True,57.0,37.718779,-122.462401,37.74146648681628,-122.50446364309107
,48.0,dn8,pkg37,48.0,True,55.0,37.718779,-122.462401,37.71450558019146,-122.4881498238091
,49.0,dn1,pkg39,49,True,54.0,37.774524,-122.473656,37.737611104637764,-122.44989046847424
,50.0,dn2,pkg41,50.0,True,60.0,37.774524,-122.473656,37.78583279523097,-122.47605177986101
,53.0,dn11,pkg43,53.0,True,62.0,37.78929,-122.426797,37.7910170848294,-122.42841653059746
,54.0,dn4,pkg40,54,True,56.0,37.751751,-122.410654,37.77895915730917,-122.4430350968716
,54.0,dn5,pkg42,54,True,59.0,37.751751,-122.410654,37.774096965174515,-122.4025823042033
,59.0,dn7,pkg45,59.0,True,69.0,37.718779,-122.462401,37.72254014933061,-122.43560742411627
,61.0,dn3,pkg44,61,True,69.0,37.774524,-122.473656,37.73802111306697,-122.45381248301422
,61.0,dn9,pkg48,61.0,True,68.0,37.718779,-122.462401,37.712314811903674,-122.46075917263357
,63.0,dn15,pkg46,63,True,69.0,37.739611,-122.492203,37.75516594455214,-122.44471115571622
,63.0,dn8,pkg47,63.0,True,71.0,37.718779,-122.462401,37.71750447650473,-122.46383427692881
,68.0,dn6,pkg49,68.0,True,75.0,37.751751,-122.410654,37.746453871664784,-122.43626086005281
,71.0,dn10,pkg51,71.0,True,76.0,37.78929,-122.426797,37.79630863508303,-122.4371552218565
,72.0,dn13,pkg50,72.0,True,77.0,37.739611,-122.492203,37.72588911266181,-122.49717533698377
,74.0,dn12,pkg54,74.0,True,81.0,37.78929,-122.426797,37.79124595222405,-122.40379364098825
,75.0,dn11,pkg52,75.0,True,83.0,37.78929,-122.426797,37.78997925662968,-122.41231131906905
,77.0,dn7,pkg53,77,True,83.0,37.718779,-122.462401,37.73479002339364,-122.48597455036513
,79.0,dn1,pkg56,79.0,True,88.0,37.774524,-122.473656,37.78051066780683,-122.49055695043239
,80.0,dn14,pkg57,80,True,87.0,37.739611,-122.492203,37.749441018316965,-122.49349979465268
,82.0,dn2,pkg55,82.0,True,88.0,37.774524,-122.473656,37.78783186915855,-122.46265958568615
,84.0,dn13,pkg58,84.0,True,89.0,37.739611,-122.492203,37.78170554038278,-122.4783625850689
,88.0,dn3,pkg59,88.0,True,97.0,37.774524,-122.473656,37.77140757807836,-122.45712326807313
,88.0,dn4,pkg60,88.0,True,96.0,37.751751,-122.410654,37.76670544939184,-122.4163189524299
,91.0,dn8,pkg61,91,True,96.0,37.718779,-122.462401,37.73841919926041,-122.47616667805109
,91.0,dn9,pkg62,91.0,True,100.0,37.718779,-122.462401,37.71517433953341,-122.48565802952453
,94.0,dn5,pkg65,94,True,99.0,37.751751,-122.410654,37.771788951497086,-122.40836247748128
,95.0,dn1,pkg63,95,True,102.0,37.774524,-122.473656,37.7618236102238,-122.50358006109974
,96.0,dn15,pkg64,96,True,96.0,37.739611,-122.492203,37.70995406032501,-122.50576044007695
,97.0,dn6,pkg66,97,True,104.0,37.751751,-122.410654,37.779934877943155,-122.42063437477832
,97.0,dn11,pkg69,97,True,104.0,37.78929,-122.426797,37.74877124928695,-122.4294564639156
,98.0,dn2,pkg67,98,True,105.0,37.774524,-122.473656,37.7463625067136,-122.49349197203829
,99.0,dn7,pkg68,99.0,True,109.0,37.718779,-122.462401,37.756609523913546,-122.49283947160542
,99.0,dn10,pkg70,99,True,102.0,37.78929,-122.426797,37.770137397733926,-122.44672426174975
,100.0,dn3,pkg72,100.0,True,105.0,37.774524,-122.473656,37.76986518510937,-122.47232803149797
,5.0,dn4,pkg1,5,True,10.0,37.751751,-122.410654,37.74354084636043,-122.41925350279561
,5.0,dn5,pkg9,5.0,True,14.0,37.751751,-122.410654,37.753474395825656,-122.41510707582648
,5.0,dn6,pkg8,5.0,True,14.0,37.751751,-122.410654,37.75669871752722,-122.42314302308857
,5.0,dn10,pkg4,5.0,True,14.0,37.78929,-122.426797,37.77720709091693,-122.42538363656098
,8.0,dn1,pkg3,8,True,14.0,37.774524,-122.473656,37.74726369833457,-122.46682484372353
,8.0,dn2,pkg16,8.0,True,18.0,37.774524,-122.473656,37.76245773391171,-122.48768822709462
,8.0,dn12,pkg18,8,True,18.0,37.78929,-122.426797,37.772962099882605,-122.41700479280146
,9.0,dn7,pkg2,9.0,True,17.0,37.718779,-122.462401,37.73628960208968,-122.47605644648944
,9.0,dn13,pkg11,9,True,14.0,37.739611,-122.492203,37.71243868044418,-122.46165281634897
,10.0,dn8,pkg6,10.0,True,18.0,37.718779,-122.462401,37.74635705248109,-122.48349690529457
,10.0,dn9,pkg22,10,True,19.0,37.718779,-122.462401,37.72958602834258,-122.50115898999228
,10.0,dn3,pkg17,10,True,18.0,37.774524,-122.473656,37.755697416752845,-122.49815512698021
,10.0,dn11,pkg12,10,True,12.0,37.78929,-122.426797,37.765620120983975,-122.4291752100795
,11.0,dn5,pkg7,11,True,19.0,37.751751,-122.410654,37.73349810670123,-122.40912212816545
,11.0,dn4,pkg21,11,True,11.0,37.751751,-122.410654,37.76901542507214,-122.4110391450113
,12.0,dn14,pkg19,12,True,18.0,37.739611,-122.492203,37.779729492782685,-122.50666816650003
,13.0,dn10,pkg25,13,True,20.0,37.78929,-122.426797,37.77745458963787,-122.4044402747962
,14.0,dn6,pkg24,14.0,True,20.0,37.751751,-122.410654,37.76130517809943,-122.44592382449572
,17.0,dn15,pkg14,17,False,13.0,37.739611,-122.492203,37.71533624707108,-122.44561032436661
,18.0,dn2,pkg23,18,True,22.0,37.774524,-122.473656,37.75339702939921,-122.43792661555509
,21.0,dn4,pkg26,21,True,29.0,37.751751,-122.410654,37.792622104103565,-122.41595371087968
,24.0,dn5,pkg28,24.0,True,32.0,37.751751,-122.410654,37.77343429167768,-122.41442730077038
,25.0,dn7,pkg27,25,True,30.0,37.718779,-122.462401,37.7080082236906,-122.43310148516025
,26.0,dn13,pkg29,26,True,36.0,37.739611,-122.492203,37.71520833379238,-122.46496690643086
,27.0,dn3,pkg31,27,True,36.0,37.774524,-122.473656,37.75634491017144,-122.49530109724924
,27.0,dn8,pkg30,27.0,True,34.0,37.718779,-122.462401,37.731538439561575,-122.45131943459212
,30.0,dn6,pkg32,30,True,37.0,37.751751,-122.410654,37.73783029237417,-122.4270885685833
,32.0,dn10,pkg33,32,True,37.0,37.78929,-122.426797,37.79578064105359,-122.45100542875915
,34.0,dn9,pkg34,34.0,True,44.0,37.718779,-122.462401,37.71110171834601,-122.44657667107829
,34.0,dn1,pkg35,34.0,True,39.0,37.774524,-122.473656,37.7865888419834,-122.46603364002317
,36.0,dn4,pkg36,36,True,40.0,37.751751,-122.410654,37.71981473593227,-122.42186166438341
,39.0,dn2,pkg37,39.0,True,46.0,37.774524,-122.473656,37.77137071604859,-122.47639151426658
,43.0,dn5,pkg38,43.0,True,51.0,37.751751,-122.410654,37.779266182243845,-122.41893012070726
,44.0,dn12,pkg41,44.0,True,53.0,37.78929,-122.426797,37.79321783314645,-122.4348753873992
,44.0,dn9,pkg42,44.0,True,53.0,37.718779,-122.462401,37.72646095402357,-122.47014216249237
,46.0,dn7,pkg39,46,True,48.0,37.718779,-122.462401,37.70839165519774,-122.42013996507556
,46.0,dn6,pkg43,46,True,51.0,37.751751,-122.410654,37.7396320210854,-122.39489259160136
,46.0,dn8,pkg44,46.0,True,54.0,37.718779,-122.462401,37.72047038624041,-122.44798827156434
,48.0,dn11,pkg40,48,True,50.0,37.78929,-122.426797,37.75678123061875,-122.42279380232871
,51.0,dn1,pkg45,51.0,True,61.0,37.774524,-122.473656,37.789436208444116,-122.49906201242278
,55.0,dn4,pkg46,55,True,60.0,37.751751,-122.410654,37.724735364569696,-122.43949039064168
,57.0,dn2,pkg49,57.0,True,65.0,37.774524,-122.473656,37.767346832877436,-122.47725346077858
,58.0,dn9,pkg47,58,True,66.0,37.718779,-122.462401,37.726764650500044,-122.41522230717317
,58.0,dn13,pkg48,58.0,True,63.0,37.739611,-122.492203,37.70934871712225,-122.48024349642492
,62.0,dn3,pkg50,62.0,True,70.0,37.774524,-122.473656,37.77068821940072,-122.50382911563212
,63.0,dn10,pkg51,63.0,True,72.0,37.78929,-122.426797,37.79281292201856,-122.40935295035858
,63.0,dn1,pkg53,63.0,True,72.0,37.774524,-122.473656,37.76850958852286,-122.47144439215405
,64.0,dn5,pkg52,64,True,73.0,37.751751,-122.410654,37.72425593196943,-122.40177026073735
,69.0,dn13,pkg56,69.0,True,78.0,37.739611,-122.492203,37.77088746959952,-122.48526132963191
,70.0,dn11,pkg55,70,True,75.0,37.78929,-122.426797,37.77995577851661,-122.40131543557759
,71.0,dn2,pkg54,71,True,75.0,37.774524,-122.473656,37.7947707397032,-122.50421131334632
,75.0,dn8,pkg58,75,True,81.0,37.718779,-122.462401,37.70956889494131,-122.41167124354824
,76.0,dn1,pkg57,76.0,True,86.0,37.774524,-122.473656,37.74653245254176,-122.49167562235203
,76.0,dn5,pkg60,76.0,True,84.0,37.751751,-122.410654,37.752958328926205,-122.39576092247047
,77.0,dn3,pkg59,77,True,84.0,37.774524,-122.473656,37.767737252832575,-122.43935510587654
,81.0,dn4,pkg61,81.0,True,89.0,37.751751,-122.410654,37.75203035822605,-122.40333129190854
,83.0,dn6,pkg62,83,True,89.0,37.751751,-122.410654,37.74002193787376,-122.43690060774655
,84.0,dn7,pkg63,84.0,True,94.0,37.718779,-122.462401,37.71715042768131,-122.47767471097762
,89.0,dn10,pkg65,89.0,True,98.0,37.78929,-122.426797,37.7838922697367,-122.43443939165599
,89.0,dn2,pkg66,89.0,True,98.0,37.774524,-122.473656,37.77354956905451,-122.48366849437703
,90.0,dn5,pkg64,90.0,True,100.0,37.751751,-122.410654,37.77078855706378,-122.41405918026022
,92.0,dn11,pkg68,92.0,True,97.0,37.78929,-122.426797,37.79664104313149,-122.43897476815584
,96.0,dn4,pkg67,96,True,104.0,37.751751,-122.410654,37.735760415246915,-122.43330383058239
,97.0,dn1,pkg69,97.0,True,106.0,37.774524,-122.473656,37.75029202297546,-122.4794401249351
,98.0,dn3,pkg72,98,True,106.0,37.774524,-122.473656,37.76106365241633,-122.49919131859247
,98.0,dn10,pkg71,98,True,108.0,37.78929,-122.426797,37.79076513200369,-122.46827474432276
,99.0,dn8,pkg73,99,True,106.0,37.718779,-122.462401,37.709113198697395,-122.44778526069025
,99.0,dn12,pkg74,99,True,105.0,37.78929,-122.426797,37.78762367686318,-122.40731844820246
,100.0,dn5,pkg76,100,True,110.0,37.751751,-122.410654,37.776663485482395,-122.41292755319458
,5.0,dn1,pkg1,5,True,11.0,37.774524,-122.473656,37.772597775001664,-122.4865892998626
,5.0,dn13,pkg15,5,True,10.0,37.739611,-122.492203,37.735689224714235,-122.47784193770107
,6.0,dn3,pkg8,6,True,12.0,37.774524,-122.473656,37.760775714669386,-122.46912388126475
,6.0,dn12,pkg13,6.0,True,13.0,37.78929,-122.426797,37.77321132030879,-122.41691887918846
,6.0,dn7,pkg16,6.0,True,16.0,37.718779,-122.462401,37.729554704168756,-122.45544249979028
,6.0,dn2,pkg21,6.0,True,14.0,37.774524,-122.473656,37.77158627712228,-122.48230822639381
,7.0,dn9,pkg9,7,True,12.0,37.718779,-122.462401,37.734821386919656,-122.48316627921275
,8.0,dn8,pkg5,8,True,13.0,37.718779,-122.462401,37.729257438831375,-122.44479440436187
,9.0,dn14,pkg22,9,True,17.0,37.739611,-122.492203,37.757786268517826,-122.45466223896855
,9.0,dn15,pkg4,9.0,True,14.0,37.739611,-122.492203,37.741727710290476,-122.50622630182362
,10.0,dn10,pkg20,10,True,15.0,37.78929,-122.426797,37.79404928098604,-122.45578642143687
,10.0,dn4,pkg11,10.0,True,15.0,37.751751,-122.410654,37.76360814419714,-122.44457662619847
,10.0,dn6,pkg23,10.0,True,16.0,37.751751,-122.410654,37.727487820543274,-122.43028188921949
,12.0,dn5,pkg2,12,True,16.0,37.751751,-122.410654,37.764630603688886,-122.43919949044293
,13.0,dn11,pkg7,13,True,13.0,37.78929,-122.426797,37.75283383469135,-122.4397167530436
,14.0,dn2,pkg12,14,True,17.0,37.774524,-122.473656,37.763224463852964,-122.48910424952942
,14.0,dn13,pkg19,14,True,18.0,37.739611,-122.492203,37.7732888176045,-122.47186329499822
,14.0,dn12,pkg3,14,True,18.0,37.78929,-122.426797,37.76319432807375,-122.40606927995427
,14.0,dn3,pkg10,14,True,16.0,37.774524,-122.473656,37.79168614260584,-122.47069362789536
,17.0,dn6,pkg24,17,True,18.0,37.751751,-122.410654,37.74996527051389,-122.42574019147195
,18.0,dn4,pkg26,18,True,24.0,37.751751,-122.410654,37.74671281516404,-122.39701360244904
,19.0,dn1,pkg25,19,True,19.0,37.774524,-122.473656,37.74961098994686,-122.48401309228886
,23.0,dn3,pkg28,23.0,True,30.0,37.774524,-122.473656,37.783269740460234,-122.4636293345464
,23.0,dn4,pkg27,23,True,31.0,37.751751,-122.410654,37.73583859833391,-122.3972880493267
,24.0,dn7,pkg14,24,False,20.0,37.718779,-122.462401,37.74989420639646,-122.49522779794508
,27.0,dn6,pkg30,27.0,True,36.0,37.751751,-122.410654,37.726640446451995,-122.40062228207849
,27.0,dn9,pkg33,27.0,True,33.0,37.718779,-122.462401,37.70764222108874,-122.44034011908883
,29.0,dn10,pkg31,29.0,True,39.0,37.78929,-122.426797,37.76831618622866,-122.42064927687505
,30.0,dn8,pkg29,30,True,32.0,37.718779,-122.462401,37.712185573067586,-122.42673898340468
,31.0,dn13,pkg32,31.0,True,36.0,37.739611,-122.492203,37.716920731054934,-122.46874077740505
,34.0,dn11,pkg35,34.0,True,44.0,37.78929,-122.426797,37.76446040292559,-122.44925009681054
,35.0,dn2,pkg34,35,True,39.0,37.774524,-122.473656,37.76708782942109,-122.50215980755982
,38.0,dn4,pkg36,38.0,True,44.0,37.751751,-122.410654,37.75065298597443,-122.41964596854002
,38.0,dn5,pkg37,38.0,True,45.0,37.751751,-122.410654,37.752891131151394,-122.4062836410299
,41.0,dn9,pkg38,41,True,49.0,37.718779,-122.462401,37.732590563735286,-122.48023487360251
,43.0,dn3,pkg39,43,True,51.0,37.774524,-122.473656,37.78935962799069,-122.49610972734716
,44.0,dn13,pkg40,44,True,48.0,37.739611,-122.492203,37.76119860453447,-122.50379555391376
,51.0,dn2,pkg43,51.0,True,61.0,37.774524,-122.473656,37.7717456615376,-122.47758146408769
,52.0,dn8,pkg41,52.0,True,61.0,37.718779,-122.462401,37.72123320763697,-122.43313654594438
,53.0,dn15,pkg44,53.0,True,59.0,37.739611,-122.492203,37.74614711350953,-122.48588313502373
,55.0,dn1,pkg42,55,True,61.0,37.774524,-122.473656,37.79652241950899,-122.4878937668441
,58.0,dn7,pkg45,58.0,True,66.0,37.718779,-122.462401,37.70782531420909,-122.4461416184409
,60.0,dn3,pkg46,60,True,69.0,37.774524,-122.473656,37.77127945915839,-122.42414599998203
,60.0,dn2,pkg47,60.0,True,65.0,37.774524,-122.473656,37.7609541636609,-122.44996026804439
,61.0,dn4,pkg49,61.0,True,71.0,37.751751,-122.410654,37.76206580493473,-122.43627248128338
,62.0,dn11,pkg48,62.0,True,67.0,37.78929,-122.426797,37.76794234673983,-122.45429719337314
,65.0,dn7,pkg50,65.0,True,72.0,37.718779,-122.462401,37.71538717745363,-122.42354406165693
,67.0,dn5,pkg51,67.0,True,76.0,37.751751,-122.410654,37.744072466699336,-122.42863135130392
,69.0,dn10,pkg52,69.0,True,79.0,37.78929,-122.426797,37.79631770558588,-122.45886438488114
,72.0,dn1,pkg53,72.0,True,77.0,37.774524,-122.473656,37.770905694941966,-122.43386289764177
,74.0,dn2,pkg54,74.0,True,79.0,37.774524,-122.473656,37.77575261319633,-122.49973133583565
,79.0,dn3,pkg55,79,True,84.0,37.774524,-122.473656,37.778246683179496,-122.50486877547561
,82.0,dn7,pkg56,82.0,True,89.0,37.718779,-122.462401,37.738971843143254,-122.47406833420233
,87.0,dn1,pkg57,87,True,93.0,37.774524,-122.473656,37.7701968083565,-122.49343602716567
,91.0,dn2,pkg58,91,True,98.0,37.774524,-122.473656,37.77315670767926,-122.41991991952203
,92.0,dn13,pkg59,92.0,True,100.0,37.739611,-122.492203,37.77276334583318,-122.50147142740657
,93.0,dn3,pkg60,93,True,99.0,37.774524,-122.473656,37.767098743800865,-122.50174140803698
,95.0,dn4,pkg61,95,True,103.0,37.751751,-122.410654,37.77036528656398,-122.40186402720111
,96.0,dn5,pkg62,96.0,True,102.0,37.751751,-122.410654,37.733361183446206,-122.41638680536455
,100.0,dn7,pkg63,100.0,True,108.0,37.718779,-122.462401,37.73408054656496,-122.46875317131384
,5.0,dn7,pkg12,5,True,13.0,37.718779,-122.462401,37.736811178970655,-122.48182012096501
,5.0,dn10,pkg11,5.0,True,11.0,37.78929,-122.426797,37.77751243867578,-122.45499921129223
,6.0,dn1,pkg15,6.0,True,11.0,37.774524,-122.473656,37.78052794075702,-122.49944879483162
,6.0,dn3,pkg19,6.0,True,12.0,37.774524,-122.473656,37.78496470936534,-122.43961622120302
,7.0,dn6,pkg5,7,True,13.0,37.751751,-122.410654,37.75645165684859,-122.4588196630385
,7.0,dn2,pkg13,7,True,14.0,37.774524,-122.473656,37.77051480080236,-122.49903774816876
,8.0,dn8,pkg8,8,True,14.0,37.718779,-122.462401,37.74585305682212,-122.44011321918778
,8.0,dn13,pkg7,8.0,True,17.0,37.739611,-122.492203,37.738069835273194,-122.47664816234767
,9.0,dn11,pkg9,9,True,15.0,37.78929,-122.426797,37.76979870956129,-122.39909492455958
,9.0,dn9,pkg6,9,True,11.0,37.718779,-122.462401,37.71282815747202,-122.48317451410253
,9.0,dn15,pkg22,9.0,True,19.0,37.739611,-122.492203,37.75660291107438,-122.50622896891716
,10.0,dn12,pkg21,10,True,19.0,37.78929,-122.426797,37.76738278999756,-122.45245086880163
,10.0,dn4,pkg18,10.0,True,20.0,37.751751,-122.410654,37.75615393909317,-122.43714642876381
,10.0,dn14,pkg2,10.0,True,18.0,37.739611,-122.492203,37.736574722586035,-122.46888999039133
,12.0,dn5,pkg10,12,True,13.0,37.751751,-122.410654,37.784785877576425,-122.41700441974628
,13.0,dn3,pkg20,13,True,19.0,37.774524,-122.473656,37.786334515978545,-122.48481375642709
,13.0,dn1,pkg17,13,True,16.0,37.774524,-122.473656,37.78967960258959,-122.49091864339964
,14.0,dn10,pkg1,14,True,15.0,37.78929,-122.426797,37.763026750035166,-122.45122876098226
,18.0,dn7,pkg3,18,False,12.0,37.718779,-122.462401,37.71015171553433,-122.41130038843889
,18.0,dn15,pkg4,18,True,18.0,37.739611,-122.492203,37.74263197799926,-122.49944218274014
,19.0,dn13,pkg24,19,True,28.0,37.739611,-122.492203,37.71818514130662,-122.50554383116027
,19.0,dn14,pkg16,19,False,15.0,37.739611,-122.492203,37.75422641107243,-122.44158205782739
,23.0,dn4,pkg26,23,True,30.0,37.751751,-122.410654,37.718282741414484,-122.39696081736342
,24.0,dn1,pkg23,24,False,18.0,37.774524,-122.473656,37.73007041225308,-122.4706256630264
,25.0,dn6,pkg14,25,False,18.0,37.751751,-122.410654,37.71639627313877,-122.42974943103151
,26.0,dn8,pkg27,26,True,28.0,37.718779,-122.462401,37.73906051097824,-122.44321783997506
,27.0,dn2,pkg25,27,True,29.0,37.774524,-122.473656,37.73014468729713,-122.46984772707881
,29.0,dn15,pkg28,29.0,True,34.0,37.739611,-122.492203,37.72161226523306,-122.50293446707254
,31.0,dn9,pkg29,31.0,True,39.0,37.718779,-122.462401,37.7159697524402,-122.44771414549423
,35.0,dn7,pkg31,35.0,True,41.0,37.718779,-122.462401,37.71622126295734,-122.49155700786359
,39.0,dn14,pkg30,39,False,36.0,37.739611,-122.492203,37.75128721856006,-122.44567962429835
,39.0,dn3,pkg32,39.0,True,45.0,37.774524,-122.473656,37.75783357991746,-122.49713454776588
,39.0,dn1,pkg33,39,True,43.0,37.774524,-122.473656,37.771965390725455,-122.44033466862598
,42.0,dn4,pkg34,42,True,46.0,37.751751,-122.410654,37.73454739281226,-122.40557069035876
,45.0,dn13,pkg36,45.0,True,52.0,37.739611,-122.492203,37.73597206787488,-122.49435555153983
,46.0,dn9,pkg35,46.0,True,55.0,37.718779,-122.462401,37.72252717579636,-122.47358716427512
,51.0,dn2,pkg37,51,True,54.0,37.774524,-122.473656,37.780962699178666,-122.44333958053436
,52.0,dn5,pkg40,52,True,56.0,37.751751,-122.410654,37.7433864160115,-122.42928733825497
,52.0,dn6,pkg39,52,True,60.0,37.751751,-122.410654,37.71219836570667,-122.40997088610614
,53.0,dn3,pkg38,53.0,True,63.0,37.774524,-122.473656,37.75563271111596,-122.47644149040222
,58.0,dn4,pkg42,58.0,True,66.0,37.751751,-122.410654,37.734990112763064,-122.40438107403193
,59.0,dn10,pkg41,59,True,62.0,37.78929,-122.426797,37.766318705966775,-122.3979122823816
,59.0,dn1,pkg43,59.0,True,65.0,37.774524,-122.473656,37.7559835908142,-122.47235348588109
,60.0,dn15,pkg44,60.0,True,65.0,37.739611,-122.492203,37.71854481525633,-122.50273182809464
,68.0,dn11,pkg45,68,True,72.0,37.78929,-122.426797,37.75814801362748,-122.44053811300743
,68.0,dn4,pkg46,68.0,True,75.0,37.751751,-122.410654,37.76824251349712,-122.40316572145115
,72.0,dn5,pkg47,72.0,True,81.0,37.751751,-122.410654,37.723692426651,-122.406864119902
,73.0,dn6,pkg48,73,True,80.0,37.751751,-122.410654,37.77050771556056,-122.39594620748665
,76.0,dn10,pkg49,76.0,True,83.0,37.78929,-122.426797,37.78629134876005,-122.41529156506452
,78.0,dn7,pkg50,78.0,True,88.0,37.718779,-122.462401,37.71727763551097,-122.45666732611986
,81.0,dn8,pkg51,81.0,True,87.0,37.718779,-122.462401,37.71490890621094,-122.4411701855557
,83.0,dn1,pkg53,83.0,True,89.0,37.774524,-122.473656,37.77209563729832,-122.49294106305427
,84.0,dn9,pkg52,84.0,True,89.0,37.718779,-122.462401,37.73522510000304,-122.44880356096073
,88.0,dn4,pkg55,88.0,True,93.0,37.751751,-122.410654,37.76083904786553,-122.45059192480171
,92.0,dn2,pkg56,92.0,True,99.0,37.774524,-122.473656,37.751018486410395,-122.44448751473398
,93.0,dn5,pkg54,93,False,91.0,37.751751,-122.410654,37.715925238761415,-122.39422398464353
,96.0,dn6,pkg57,96,True,105.0,37.751751,-122.410654,37.735255405078675,-122.43925059546032
,96.0,dn1,pkg58,96.0,True,102.0,37.774524,-122.473656,37.75649434103011,-122.48110581111061
,5.0,dn13,pkg14,5.0,True,15.0,37.739611,-122.492203,37.74734968601649,-122.47167515353253
,5.0,dn4,pkg22,5.0,True,14.0,37.751751,-122.410654,37.742907061262926,-122.4002549394911
,7.0,dn2,pkg20,7.0,True,15.0,37.774524,-122.473656,37.794044364531345,-122.49399967464171
,7.0,dn15,pkg11,7,True,17.0,37.739611,-122.492203,37.74012262980853,-122.45486226285834
,7.0,dn5,pkg5,7,True,11.0,37.751751,-122.410654,37.728221626019405,-122.44060532683702
,8.0,dn1,pkg7,8.0,True,13.0,37.774524,-122.473656,37.75965336429041,-122.4924935474808
,8.0,dn6,pkg16,8.0,True,13.0,37.751751,-122.410654,37.732224994359406,-122.39529115371079
,8.0,dn8,pkg2,8.0,True,16.0,37.718779,-122.462401,37.743125337010795,-122.47124499442243
,8.0,dn10,pkg9,8.0,True,14.0,37.78929,-122.426797,37.79389589530779,-122.43517106846197
,8.0,dn11,pkg1,8.0,True,18.0,37.78929,-122.426797,37.79181320926085,-122.42824590841045
,8.0,dn12,pkg12,8.0,True,16.0,37.78929,-122.426797,37.796606120773724,-122.4069159959288
,9.0,dn7,pkg21,9,True,19.0,37.718779,-122.462401,37.735807336581864,-122.49235160469131
,10.0,dn14,pkg8,10.0,True,16.0,37.739611,-122.492203,37.71357769707101,-122.50603118894111
,10.0,dn3,pkg18,10.0,True,19.0,37.774524,-122.473656,37.784876001584976,-122.48745814993745
,10.0,dn13,pkg13,10,True,19.0,37.739611,-122.492203,37.74086289778906,-122.48357413332553
,11.0,dn9,pkg15,11,True,16.0,37.718779,-122.462401,37.75307927512787,-122.44185529574402
,11.0,dn4,pkg23,11,True,19.0,37.751751,-122.410654,37.74640787661881,-122.39954892730677
,16.0,dn10,pkg4,16,True,17.0,37.78929,-122.426797,37.77811960592322,-122.44743638476655
,16.0,dn2,pkg19,16,True,19.0,37.774524,-122.473656,37.790490500182884,-122.47283233864647
,16.0,dn13,pkg26,16,True,23.0,37.739611,-122.492203,37.72279749312668,-122.4509267411009
,19.0,dn6,pkg25,19,True,20.0,37.751751,-122.410654,37.76136366029878,-122.43853884998407
,21.0,dn12,pkg17,21,False,20.0,37.78929,-122.426797,37.76516804825962,-122.41225097459976
,21.0,dn8,pkg28,21.0,True,26.0,37.718779,-122.462401,37.74963210816365,-122.44887763535914
,21.0,dn14,pkg29,21.0,True,30.0,37.739611,-122.492203,37.73159021075977,-122.47040592407888
,24.0,dn11,pkg6,24,False,17.0,37.78929,-122.426797,37.75457561532862,-122.41720292188441
,24.0,dn1,pkg30,24.0,True,34.0,37.774524,-122.473656,37.75419647140047,-122.49992182013484
,25.0,dn4,pkg24,25,False,19.0,37.751751,-122.410654,37.713005778350855,-122.41342521777887
,26.0,dn7,pkg31,26,True,31.0,37.718779,-122.462401,37.72032990981892,-122.40697548412591
,27.0,dn5,pkg27,27,True,27.0,37.751751,-122.410654,37.78512407249073,-122.42854764049333
,27.0,dn3,pkg32,27.0,True,33.0,37.774524,-122.473656,37.79167849486042,-122.4955029069984
,28.0,dn2,pkg33,28.0,True,33.0,37.774524,-122.473656,37.768612736333935,-122.46114938919744
,33.0,dn6,pkg34,33.0,True,41.0,37.751751,-122.410654,37.739583763616686,-122.44858560177359
,33.0,dn10,pkg35,33.0,True,38.0,37.78929,-122.426797,37.792951068709016,-122.44843098173334
,36.0,dn8,pkg36,36,True,43.0,37.718779,-122.462401,37.71432801897614,-122.48657430725298
,39.0,dn1,pkg37,39,True,44.0,37.774524,-122.473656,37.79217911708975,-122.49436805263902
,39.0,dn3,pkg39,39.0,True,46.0,37.774524,-122.473656,37.73957814755215,-122.50089914985449
,39.0,dn4,pkg38,39,True,45.0,37.751751,-122.410654,37.714857799216226,-122.3965752803315
,43.0,dn12,pkg41,43.0,True,53.0,37.78929,-122.426797,37.76071756573337,-122.4067057612131
,43.0,dn2,pkg42,43,True,49.0,37.774524,-122.473656,37.78200703914081,-122.50547091176382
,45.0,dn9,pkg40,45,True,45.0,37.718779,-122.462401,37.743914391191936,-122.43666265550603
,48.0,dn10,pkg43,48,True,54.0,37.78929,-122.426797,37.79175949365515,-122.4751716421164
,49.0,dn7,pkg46,49,True,54.0,37.718779,-122.462401,37.73229338528944,-122.44488407784952
,50.0,dn5,pkg44,50.0,True,58.0,37.751751,-122.410654,37.78888101797725,-122.42108342214073
,50.0,dn3,pkg48,50,True,58.0,37.774524,-122.473656,37.78562263393919,-122.47069436528689
,54.0,dn1,pkg49,54,True,61.0,37.774524,-122.473656,37.781461429497725,-122.44541556719552
,55.0,dn11,pkg45,55,True,61.0,37.78929,-122.426797,37.75796022221089,-122.46816810507418
,55.0,dn4,pkg47,55,True,62.0,37.751751,-122.410654,37.769951319118746,-122.44052081422548
,64.0,dn5,pkg50,64.0,True,73.0,37.751751,-122.410654,37.76416494011657,-122.43407798289827
,64.0,dn2,pkg52,64.0,True,69.0,37.774524,-122.473656,37.76096777478418,-122.49183350257628
,65.0,dn7,pkg53,65.0,True,75.0,37.718779,-122.462401,37.728878272177816,-122.46674134141954
,66.0,dn12,pkg51,66.0,True,73.0,37.78929,-122.426797,37.76703063982003,-122.41506136519621
,70.0,dn1,pkg54,70.0,True,76.0,37.774524,-122.473656,37.781286379557734,-122.45916830095334
,70.0,dn13,pkg56,70.0,True,77.0,37.739611,-122.492203,37.75904560551014,-122.50352946037026
,72.0,dn3,pkg55,72.0,True,77.0,37.774524,-122.473656,37.77271339973454,-122.48931932442669
,74.0,dn4,pkg57,74,True,83.0,37.751751,-122.410654,37.72410713554314,-122.39950233616987
,75.0,dn6,pkg58,75.0,True,85.0,37.751751,-122.410654,37.74840551489562,-122.39612055868722
,81.0,dn5,pkg59,81.0,True,91.0,37.751751,-122.410654,37.75855311428595,-122.44655528061371
,84.0,dn10,pkg60,84.0,True,91.0,37.78929,-122.426797,37.77105739961349,-122.41986388553632
,85.0,dn2,pkg61,85,True,89.0,37.774524,-122.473656,37.747509645885984,-122.49518743764263
,85.0,dn1,pkg62,85.0,True,94.0,37.774524,-122.473656,37.77822448069055,-122.43381153210235
,89.0,dn6,pkg63,89.0,True,97.0,37.751751,-122.410654,37.7492180551549,-122.4130251382824
,91.0,dn4,pkg64,91,True,100.0,37.751751,-122.410654,37.7786552239444,-122.40090810599587
,91.0,dn11,pkg65,91.0,True,99.0,37.78929,-122.426797,37.759080291917606,-122.419221376822
,94.0,dn10,pkg66,94.0,True,100.0,37.78929,-122.426797,37.790252254341034,-122.42892415601024
,94.0,dn3,pkg67,94.0,True,101.0,37.774524,-122.473656,37.77099679669354,-122.4603541057725
,99.0,dn5,pkg69,99.0,True,104.0,37.751751,-122.410654,37.75889983461907,-122.42518659008033
,100.0,dn6,pkg68,100.0,True,106.0,37.751751,-122.410654,37.79410020936575,-122.40160966172742
,5.0,dn4,pkg20,5,True,14.0,37.751751,-122.410654,37.73427888777836,-122.42308742018439
,6.0,dn14,pkg21,6.0,True,13.0,37.739611,-122.492203,37.74856506462212,-122.43950395307344
,6.0,dn1,pkg15,6.0,True,13.0,37.774524,-122.473656,37.785977697353474,-122.47651141928205
,6.0,dn7,pkg16,6,True,13.0,37.718779,-122.462401,37.717005827702465,-122.43938001878644
,7.0,dn10,pkg10,7,True,16.0,37.78929,-122.426797,37.78205118086087,-122.45735936119534
,7.0,dn15,pkg19,7.0,True,14.0,37.739611,-122.492203,37.737749463031996,-122.49935887258437
,8.0,dn11,pkg7,8,True,11.0,37.78929,-122.426797,37.75031221787217,-122.4046093585493
,8.0,dn13,pkg14,8,True,14.0,37.739611,-122.492203,37.71233109799092,-122.45221815266197
,8.0,dn8,pkg1,8.0,True,16.0,37.718779,-122.462401,37.72582580072409,-122.50350147932136
,9.0,dn2,pkg9,9.0,True,19.0,37.774524,-122.473656,37.75888081134113,-122.46059708342244
,9.0,dn3,pkg5,9,True,13.0,37.774524,-122.473656,37.75202656776326,-122.49344673664271
,9.0,dn9,pkg6,9.0,True,18.0,37.718779,-122.462401,37.712606971824655,-122.41768614460015
,11.0,dn4,pkg2,11,True,14.0,37.751751,-122.410654,37.758032457818246,-122.41575584560931
,12.0,dn6,pkg22,12,True,13.0,37.751751,-122.410654,37.71874653306722,-122.40804468902189
,13.0,dn5,pkg18,13,True,13.0,37.751751,-122.410654,37.78814177049143,-122.41832200590385
,15.0,dn1,pkg23,15,True,21.0,37.774524,-122.473656,37.74242164643765,-122.47572720543269
,15.0,dn7,pkg4,15,True,17.0,37.718779,-122.462401,37.711763693032225,-122.45462812871574
,15.0,dn14,pkg13,15,True,16.0,37.739611,-122.492203,37.739344864834756,-122.46408500906365
,16.0,dn12,pkg17,16,False,14.0,37.78929,-122.426797,37.75781020001808,-122.39902376131961
,16.0,dn15,pkg24,16,True,19.0,37.739611,-122.492203,37.739594366796496,-122.47051554805051
,16.0,dn10,pkg11,16,False,15.0,37.78929,-122.426797,37.786469552711274,-122.42497819926079
,18.0,dn8,pkg27,18,True,23.0,37.718779,-122.462401,37.721336011093335,-122.49285566751024
,20.0,dn2,pkg26,20,True,24.0,37.774524,-122.473656,37.74833809261557,-122.47604312173372
,20.0,dn4,pkg25,20,True,24.0,37.751751,-122.410654,37.70939241479542,-122.40274089464978
,24.0,dn9,pkg28,24.0,True,31.0,37.718779,-122.462401,37.711755209513576,-122.44199756692699
,32.0,dn7,pkg29,32,True,35.0,37.718779,-122.462401,37.74273327450102,-122.46480595067287
,32.0,dn4,pkg30,32,True,41.0,37.751751,-122.410654,37.739640744971126,-122.41553586950538
,34.0,dn11,pkg8,34,False,17.0,37.78929,-122.426797,37.74924452153849,-122.40016882594112
,37.0,dn5,pkg31,37.0,True,45.0,37.751751,-122.410654,37.749722258591234,-122.4103712755804
,38.0,dn6,pkg32,38.0,True,47.0,37.751751,-122.410654,37.736166073834674,-122.40444355215526
,41.0,dn2,pkg34,41.0,True,48.0,37.774524,-122.473656,37.745160567213375,-122.47028506694421
,42.0,dn1,pkg33,42,True,44.0,37.774524,-122.473656,37.74890129136864,-122.479715912319
,43.0,dn9,pkg35,43.0,True,48.0,37.718779,-122.462401,37.727855376674334,-122.48213725162273
,43.0,dn10,pkg37,43.0,True,48.0,37.78929,-122.426797,37.77638393770054,-122.40916873953095
,47.0,dn8,pkg36,47,True,48.0,37.718779,-122.462401,37.72092552555529,-122.40755851558097
,47.0,dn3,pkg38,47.0,True,57.0,37.774524,-122.473656,37.75739951478433,-122.46161131456122
,51.0,dn4,pkg39,51.0,True,59.0,37.751751,-122.410654,37.763321099897,-122.44557664067248
,56.0,dn7,pkg41,56,True,61.0,37.718779,-122.462401,37.737911261952796,-122.48501277503429
,57.0,dn9,pkg40,57.0,True,65.0,37.718779,-122.462401,37.71039024923681,-122.42622269964458
,61.0,dn10,pkg42,61.0,True,69.0,37.78929,-122.426797,37.79631551636296,-122.4255968198094
,64.0,dn5,pkg43,64,True,66.0,37.751751,-122.410654,37.71731154840139,-122.42710928878795
,67.0,dn4,pkg47,67.0,True,76.0,37.751751,-122.410654,37.756986249768126,-122.43982474724221
,68.0,dn8,pkg46,68.0,True,75.0,37.718779,-122.462401,37.728454650225736,-122.45789215497615
,70.0,dn13,pkg44,70,True,72.0,37.739611,-122.492203,37.74195016133938,-122.45765961347193
,71.0,dn6,pkg45,71,True,72.0,37.751751,-122.410654,37.79015438329081,-122.41988657636647
,72.0,dn7,pkg48,72.0,True,80.0,37.718779,-122.462401,37.74493496952424,-122.44622210468144
,74.0,dn1,pkg49,74.0,True,81.0,37.774524,-122.473656,37.79392770000999,-122.47295357349556
,75.0,dn2,pkg50,75,True,84.0,37.774524,-122.473656,37.79229724542116,-122.47504235285355
,80.0,dn4,pkg53,80.0,True,88.0,37.751751,-122.410654,37.76559802577664,-122.41241516746942
,82.0,dn3,pkg52,82.0,True,88.0,37.774524,-122.473656,37.79087092753171,-122.48476634245255
,83.0,dn5,pkg55,83.0,True,89.0,37.751751,-122.410654,37.740270569659494,-122.415431684872
,84.0,dn9,pkg51,84,False,82.0,37.718779,-122.462401,37.71151512410341,-122.42303138297827
,84.0,dn7,pkg54,84.0,True,92.0,37.718779,-122.462401,37.71928099281722,-122.44896238054156
,85.0,dn10,pkg58,85,True,90.0,37.78929,-122.426797,37.795462822967934,-122.43641118029076
,88.0,dn8,pkg56,88,True,98.0,37.718779,-122.462401,37.73109800725516,-122.48796238641636
,89.0,dn15,pkg57,89.0,True,95.0,37.739611,-122.492203,37.727188453465395,-122.45936294523813
,92.0,dn13,pkg61,92.0,True,98.0,37.739611,-122.492203,37.73879265722475,-122.47542172415105
,94.0,dn14,pkg60,94.0,True,101.0,37.739611,-122.492203,37.7139604842007,-122.45137217813532
,94.0,dn2,pkg62,94.0,True,101.0,37.774524,-122.473656,37.77723916382127,-122.46116414566174
,95.0,dn1,pkg59,95,True,97.0,37.774524,-122.473656,37.792860008222476,-122.43860828257765
,97.0,dn3,pkg63,97,True,99.0,37.774524,-122.473656,37.771335030140484,-122.5008633736928
,100.0,dn15,pkg65,100,True,104.0,37.739611,-122.492203,37.77476344254099,-122.50391420315258
,6.0,dn1,pkg2,6,True,16.0,37.774524,-122.473656,37.79234269856548,-122.45929858483984
,6.0,dn2,pkg13,6.0,True,15.0,37.774524,-122.473656,37.78887923113315,-122.45379881474912
,6.0,dn7,pkg16,6.0,True,15.0,37.718779,-122.462401,37.71488827861832,-122.485877206864
,6.0,dn11,pkg9,6,True,13.0,37.78929,-122.426797,37.75857706769368,-122.41820454866489
,7.0,dn14,pkg7,7,True,15.0,37.739611,-122.492203,37.759627215913284,-122.50189797717519
,7.0,dn12,pkg17,7.0,True,15.0,37.78929,-122.426797,37.793237451230844,-122.40950296916189
,7.0,dn3,pkg8,7.0,True,15.0,37.774524,-122.473656,37.787560223654935,-122.47848953880141
,8.0,dn4,pkg19,8.0,True,17.0,37.751751,-122.410654,37.74874950713184,-122.43508951476537
,8.0,dn5,pkg22,8,True,11.0,37.751751,-122.410654,37.7279898537208,-122.42117896041702
,8.0,dn6,pkg23,8,True,13.0,37.751751,-122.410654,37.78081239150436,-122.41522253350529
,9.0,dn8,pkg12,9.0,True,16.0,37.718779,-122.462401,37.714575335888924,-122.48383178556026
,9.0,dn9,pkg6,9.0,True,17.0,37.718779,-122.462401,37.7371052285696,-122.47937257835594
,9.0,dn10,pkg21,9.0,True,16.0,37.78929,-122.426797,37.77453664233412,-122.40243524717363
,9.0,dn13,pkg10,9.0,True,19.0,37.739611,-122.492203,37.75733212979669,-122.49927364551013
,10.0,dn15,pkg15,10.0,True,18.0,37.739611,-122.492203,37.72732065403796,-122.5008597621703
,15.0,dn7,pkg24,15,True,21.0,37.718779,-122.462401,37.73329617766877,-122.44900400604591
,16.0,dn1,pkg5,16,True,16.0,37.774524,-122.473656,37.75419080333205,-122.49590409686054
,16.0,dn3,pkg25,16,True,22.0,37.774524,-122.473656,37.7809101507882,-122.48228511125451
,19.0,dn8,pkg26,19.0,True,28.0,37.718779,-122.462401,37.73689928631131,-122.44149138374381
,19.0,dn12,pkg1,19,True,19.0,37.78929,-122.426797,37.76296764795375,-122.44872692527278
,20.0,dn4,pkg11,20,False,15.0,37.751751,-122.410654,37.79169269197549,-122.40312562288452
,20.0,dn14,pkg20,20,False,18.0,37.739611,-122.492203,37.71514454873203,-122.4968727946689
,21.0,dn10,pkg27,21,True,27.0,37.78929,-122.426797,37.76363621369916,-122.42897298944885
,21.0,dn15,pkg14,21,False,15.0,37.739611,-122.492203,37.73122077994012,-122.4596111046818
,25.0,dn5,pkg28,25.0,True,30.0,37.751751,-122.410654,37.72265685397918,-122.40756919512084
,26.0,dn2,pkg4,26,False,13.0,37.774524,-122.473656,37.738961345300396,-122.44449514255835
,30.0,dn1,pkg29,30,True,34.0,37.774524,-122.473656,37.749200316660314,-122.49831888247294
,32.0,dn3,pkg30,32.0,True,39.0,37.774524,-122.473656,37.77819909632943,-122.47910650906108
,32.0,dn6,pkg31,32.0,True,40.0,37.751751,-122.410654,37.740419242632306,-122.42627401990936
,35.0,dn4,pkg33,35.0,True,45.0,37.751751,-122.410654,37.766716778786254,-122.426560292481
,38.0,dn13,pkg34,38,True,46.0,37.739611,-122.492203,37.75941161316931,-122.49390696864923
,41.0,dn7,pkg32,41,True,42.0,37.718779,-122.462401,37.718462728205296,-122.41657287950869
,41.0,dn5,pkg35,41,True,48.0,37.751751,-122.410654,37.77917910655244,-122.43059306043124
,41.0,dn11,pkg36,41.0,True,49.0,37.78929,-122.426797,37.779986111824265,-122.44045275054228
,43.0,dn8,pkg39,43.0,True,51.0,37.718779,-122.462401,37.71542788805092,-122.46257434383635
,44.0,dn3,pkg37,44.0,True,51.0,37.774524,-122.473656,37.76182117775549,-122.46846330450882
,48.0,dn6,pkg38,48,True,54.0,37.751751,-122.410654,37.787138392557495,-122.41837282167246
,48.0,dn9,pkg41,48.0,True,55.0,37.718779,-122.462401,37.739937806277965,-122.49545540269231
,49.0,dn4,pkg40,49.0,True,57.0,37.751751,-122.410654,37.74382974173832,-122.43487812646455
,49.0,dn13,pkg42,49,True,57.0,37.739611,-122.492203,37.74343019404649,-122.47152315801365
,55.0,dn10,pkg43,55,True,60.0,37.78929,-122.426797,37.751474830300666,-122.4168375401448
,55.0,dn14,pkg45,55,True,60.0,37.739611,-122.492203,37.76116560443834,-122.50551280469813
,57.0,dn8,pkg44,57.0,True,63.0,37.718779,-122.462401,37.72618097589911,-122.47602438469866
,57.0,dn15,pkg47,57.0,True,62.0,37.739611,-122.492203,37.76159855738898,-122.49897806150292
,59.0,dn7,pkg46,59.0,True,66.0,37.718779,-122.462401,37.711624063081345,-122.4631598084277
,61.0,dn1,pkg48,61,True,66.0,37.774524,-122.473656,37.78496701653429,-122.49433240962132
,64.0,dn4,pkg51,64.0,True,70.0,37.751751,-122.410654,37.748696277275954,-122.39840886372276
,65.0,dn9,pkg49,65.0,True,70.0,37.718779,-122.462401,37.71979755813184,-122.47715772317012
,65.0,dn2,pkg50,65.0,True,70.0,37.774524,-122.473656,37.79003951290315,-122.46736423805949
,66.0,dn5,pkg52,66.0,True,72.0,37.751751,-122.410654,37.728502433647755,-122.42072078419231
,68.0,dn6,pkg53,68.0,True,76.0,37.751751,-122.410654,37.71867480005205,-122.41849059827017
,71.0,dn7,pkg54,71.0,True,79.0,37.718779,-122.462401,37.71228728289084,-122.46522727464881
,72.0,dn8,pkg55,72,True,79.0,37.718779,-122.462401,37.70870318865109,-122.45657044830052
,79.0,dn2,pkg57,79,True,87.0,37.774524,-122.473656,37.79163273569306,-122.45840280445657
,81.0,dn1,pkg56,81,True,81.0,37.774524,-122.473656,37.73583651974937,-122.45638233113941
,81.0,dn7,pkg58,81,True,84.0,37.718779,-122.462401,37.735853909813706,-122.46686034314833
,82.0,dn5,pkg61,82.0,True,92.0,37.751751,-122.410654,37.725766669707234,-122.43734274130753
,83.0,dn14,pkg59,83.0,True,88.0,37.739611,-122.492203,37.76386492724196,-122.47691386212475
,85.0,dn4,pkg60,85,True,88.0,37.751751,-122.410654,37.71698575302281,-122.4192397394158
,86.0,dn10,pkg63,86,True,90.0,37.78929,-122.426797,37.76586713334581,-122.4159136666783
,88.0,dn6,pkg62,88.0,True,97.0,37.751751,-122.410654,37.76994325409905,-122.41584905945452
,89.0,dn8,pkg64,89.0,True,99.0,37.718779,-122.462401,37.731306667177904,-122.4900423646144
,90.0,dn11,pkg65,90.0,True,95.0,37.78929,-122.426797,37.79197359194229,-122.44240973450896
,92.0,dn9,pkg66,92,True,97.0,37.718779,-122.462401,37.72170420948893,-122.47836238876293
,100.0,dn5,pkg67,100,True,107.0,37.751751,-122.410654,37.783170962056126,-122.4172934024527
,100.0,dn14,pkg68,100.0,True,105.0,37.739611,-122.492203,37.74276437111209,-122.48048078472607
,5.0,dn14,pkg20,5.0,True,12.0,37.739611,-122.492203,37.73579962296323,-122.4580873883966
,6.0,dn5,pkg3,6,True,14.0,37.751751,-122.410654,37.73236470861059,-122.40412701947311
,7.0,dn6,pkg1,7,True,13.0,37.751751,-122.410654,37.72281776706653,-122.44614329241762
,7.0,dn3,pkg17,7,True,11.0,37.774524,-122.473656,37.754236251597604,-122.50054381191264
,7.0,dn7,pkg8,7.0,True,15.0,37.718779,-122.462401,37.730947700331285,-122.4570924683207
,7.0,dn10,pkg15,7.0,True,15.0,37.78929,-122.426797,37.78615733872447,-122.41800608435332
,8.0,dn4,pkg14,8.0,True,17.0,37.751751,-122.410654,37.72997147257692,-122.41645197415787
,8.0,dn13,pkg13,8,True,12.0,37.739611,-122.492203,37.71707716628991,-122.49899886451111
,8.0,dn11,pkg4,8.0,True,15.0,37.78929,-122.426797,37.785487751928144,-122.41412422129292
,9.0,dn1,pkg5,9.0,True,19.0,37.774524,-122.473656,37.78078429334469,-122.50101288062477
,9.0,dn12,pkg10,9.0,True,17.0,37.78929,-122.426797,37.78300219686565,-122.40755278581494
,9.0,dn14,pkg2,9,True,15.0,37.739611,-122.492203,37.737546653071504,-122.50062821927906
,10.0,dn2,pkg18,10.0,True,20.0,37.774524,-122.473656,37.791088988801,-122.45051508078912
,10.0,dn15,pkg11,10.0,True,20.0,37.739611,-122.492203,37.72067897012012,-122.47176872412929
,12.0,dn8,pkg6,12,True,14.0,37.718779,-122.462401,37.7496590839583,-122.47342232916786
,13.0,dn9,pkg7,13,True,13.0,37.718779,-122.462401,37.730927705771016,-122.4144229319164
,15.0,dn14,pkg24,15,True,15.0,37.739611,-122.492203,37.72600725557855,-122.45953113270791
,16.0,dn10,pkg26,16,True,23.0,37.78929,-122.426797,37.769125899885346,-122.46929247634208
,17.0,dn11,pkg28,17.0,True,25.0,37.78929,-122.426797,37.78310493277955,-122.45480093822464
,17.0,dn4,pkg16,17,False,15.0,37.751751,-122.410654,37.735484766716006,-122.40031823406922
,18.0,dn12,pkg22,18,False,16.0,37.78929,-122.426797,37.76163067244759,-122.39489072637164
,19.0,dn5,pkg12,19,False,13.0,37.751751,-122.410654,37.73412073987532,-122.40201340425403
,21.0,dn6,pkg27,21,True,27.0,37.751751,-122.410654,37.73067760616528,-122.40516195864014
,22.0,dn7,pkg19,22,False,17.0,37.718779,-122.462401,37.73870893229121,-122.42122354740273
,24.0,dn15,pkg31,24,True,34.0,37.739611,-122.492203,37.762974601037065,-122.47404735769611
,25.0,dn1,pkg25,25,False,19.0,37.774524,-122.473656,37.79545262296251,-122.4394194149801
,25.0,dn13,pkg29,25.0,True,30.0,37.739611,-122.492203,37.71780992975365,-122.49683041181791
,26.0,dn3,pkg21,26,False,15.0,37.774524,-122.473656,37.743533753306856,-122.4400634404452
,26.0,dn4,pkg30,26.0,True,31.0,37.751751,-122.410654,37.75088552477738,-122.41585873387437
,32.0,dn2,pkg33,32.0,True,39.0,37.774524,-122.473656,37.784886232014124,-122.4773284103701
,35.0,dn14,pkg34,35.0,True,43.0,37.739611,-122.492203,37.77050682281487,-122.50263608141293
,37.0,dn12,pkg32,37,False,36.0,37.78929,-122.426797,37.75337308261388,-122.42600104196457
,37.0,dn4,pkg36,37.0,True,43.0,37.751751,-122.410654,37.765614641431846,-122.43153017079334
,38.0,dn5,pkg35,38,False,37.0,37.751751,-122.410654,37.71648601484031,-122.3977689307452
,39.0,dn10,pkg37,39,True,48.0,37.78929,-122.426797,37.76890597399545,-122.3975282344538
,39.0,dn13,pkg38,39.0,True,44.0,37.739611,-122.492203,37.760770228651175,-122.4995830098794
,42.0,dn7,pkg39,42,True,44.0,37.718779,-122.462401,37.713058103562744,-122.42443275572063
,43.0,dn2,pkg40,43.0,True,53.0,37.774524,-122.473656,37.77432092064593,-122.48289208400398
,43.0,dn6,pkg42,43.0,True,49.0,37.751751,-122.410654,37.73920095042147,-122.42761644830969
,45.0,dn1,pkg41,45,True,46.0,37.774524,-122.473656,37.76756385204941,-122.50006868583849
,46.0,dn3,pkg43,46.0,True,52.0,37.774524,-122.473656,37.76443614484678,-122.47218634936549
,46.0,dn11,pkg44,46.0,True,51.0,37.78929,-122.426797,37.790874092288625,-122.42033523345692
,52.0,dn8,pkg45,52,True,54.0,37.718779,-122.462401,37.72224303036177,-122.42981618877431
,52.0,dn2,pkg46,52.0,True,61.0,37.774524,-122.473656,37.74641250816562,-122.47665727779251
,52.0,dn4,pkg47,52.0,True,60.0,37.751751,-122.410654,37.74087005924918,-122.40646740253375
,54.0,dn5,pkg49,54.0,True,59.0,37.751751,-122.410654,37.79243855804318,-122.43163219574919
,55.0,dn13,pkg48,55.0,True,60.0,37.739611,-122.492203,37.749824858627996,-122.4914315383237
,57.0,dn6,pkg50,57.0,True,63.0,37.751751,-122.410654,37.741287628803995,-122.42555050498417
,62.0,dn7,pkg51,62.0,True,67.0,37.718779,-122.462401,37.70761480912517,-122.44662228830363
,63.0,dn9,pkg53,63.0,True,69.0,37.718779,-122.462401,37.728323515354205,-122.48195136039348
,64.0,dn10,pkg52,64,True,69.0,37.78929,-122.426797,37.757212036010934,-122.43121723030711
,67.0,dn5,pkg55,67,True,77.0,37.751751,-122.410654,37.721329776951166,-122.44284289911919
,69.0,dn7,pkg57,69.0,True,79.0,37.718779,-122.462401,37.719584717496595,-122.44817638826525
,71.0,dn14,pkg54,71,True,74.0,37.739611,-122.492203,37.70923525141236,-122.49675653024563
,71.0,dn4,pkg56,71.0,True,77.0,37.751751,-122.410654,37.768395791245005,-122.41869751874786
,76.0,dn6,pkg58,76.0,True,86.0,37.751751,-122.410654,37.762943012264294,-122.41128684554664
,77.0,dn13,pkg61,77,True,83.0,37.739611,-122.492203,37.761032954023676,-122.49330873803343
,80.0,dn8,pkg60,80.0,True,85.0,37.718779,-122.462401,37.71556391688621,-122.4610896532843
,80.0,dn7,pkg62,80,True,83.0,37.718779,-122.462401,37.73965882998086,-122.42370618891218
,83.0,dn5,pkg59,83,False,81.0,37.751751,-122.410654,37.71778314376651,-122.39807934124416
,89.0,dn10,pkg63,89,False,86.0,37.78929,-122.426797,37.75107267294844,-122.41466892183189
,91.0,dn4,pkg64,91.0,True,101.0,37.751751,-122.410654,37.752201711549624,-122.39788115483948
,93.0,dn9,pkg66,93,True,99.0,37.718779,-122.462401,37.74855621039778,-122.47868330010557
,93.0,dn14,pkg68,93.0,True,101.0,37.739611,-122.492203,37.74095221498,-122.50036895427912
,94.0,dn2,pkg67,94.0,True,103.0,37.774524,-122.473656,37.75371159847178,-122.48687175276787
,96.0,dn13,pkg65,96,True,96.0,37.739611,-122.492203,37.71482273281727,-122.45675169067773
,99.0,dn5,pkg69,99,True,106.0,37.751751,-122.410654,37.72014568310002,-122.39808696519496
,5.0,dn1,pkg13,5.0,True,15.0,37.774524,-122.473656,37.78647658387793,-122.4804146757988
,6.0,dn7,pkg12,6,True,15.0,37.718779,-122.462401,37.73958452670703,-122.47497985062664
,6.0,dn4,pkg8,6.0,True,12.0,37.751751,-122.410654,37.765136760184845,-122.41322871902985
,6.0,dn12,pkg16,6.0,True,13.0,37.78929,-122.426797,37.792876464326724,-122.42391312230934
,7.0,dn3,pkg19,7.0,True,16.0,37.774524,-122.473656,37.76333073396357,-122.47778199233447
,7.0,dn2,pkg11,7,True,16.0,37.774524,-122.473656,37.78035841809555,-122.49616447516095
,8.0,dn13,pkg21,8.0,True,16.0,37.739611,-122.492203,37.75003899046588,-122.50621815452051
,9.0,dn5,pkg10,9,True,18.0,37.751751,-122.410654,37.7717288225708,-122.45725399849461
,9.0,dn10,pkg7,9,True,19.0,37.78929,-122.426797,37.75399214615275,-122.42299737498216
,10.0,dn8,pkg4,10.0,True,18.0,37.718779,-122.462401,37.71699970825483,-122.42552672968027
,11.0,dn14,pkg15,11,True,12.0,37.739611,-122.492203,37.73123783980423,-122.45619529807763
,11.0,dn4,pkg1,11,True,16.0,37.751751,-122.410654,37.764818537357385,-122.4079958818372
,12.0,dn6,pkg14,12,True,12.0,37.751751,-122.410654,37.79559378565244,-122.41812620879884
,12.0,dn15,pkg18,12,True,15.0,37.739611,-122.492203,37.70960181616336,-122.5038530220689
,12.0,dn11,pkg2,12,True,14.0,37.78929,-122.426797,37.75613205440131,-122.40825416158425
,13.0,dn9,pkg9,13,False,10.0,37.718779,-122.462401,37.73147316912067,-122.50548367095006
,14.0,dn7,pkg23,14,True,16.0,37.718779,-122.462401,37.71303016394069,-122.4762211131351
,15.0,dn3,pkg24,15,True,16.0,37.774524,-122.473656,37.746236938862374,-122.43770864255397
,16.0,dn1,pkg26,16,True,21.0,37.774524,-122.473656,37.737463881977575,-122.44456426517196
,16.0,dn2,pkg17,16,False,15.0,37.774524,-122.473656,37.76587929578234,-122.48838744691494
,17.0,dn12,pkg25,17.0,True,27.0,37.78929,-122.426797,37.7952606601212,-122.44086427762964
,18.0,dn4,pkg3,18,False,15.0,37.751751,-122.410654,37.74005077910127,-122.42510378047167
,22.0,dn13,pkg27,22,True,24.0,37.739611,-122.492203,37.72223221768533,-122.44405983478279
,23.0,dn8,pkg29,23,True,29.0,37.718779,-122.462401,37.719106997229794,-122.50439766699277
,26.0,dn5,pkg28,26,True,27.0,37.751751,-122.410654,37.73538034892606,-122.39810605362183
,26.0,dn4,pkg30,26,True,33.0,37.751751,-122.410654,37.7356343651631,-122.40690069736893
,30.0,dn12,pkg31,30.0,True,38.0,37.78929,-122.426797,37.75966006568533,-122.42293685556932
,30.0,dn1,pkg32,30,True,35.0,37.774524,-122.473656,37.76944408633819,-122.44971961106089
,39.0,dn4,pkg34,39,True,49.0,37.751751,-122.410654,37.74075587742372,-122.41422730145221
,41.0,dn2,pkg33,41.0,True,47.0,37.774524,-122.473656,37.75559259734869,-122.44558312956488
,42.0,dn5,pkg36,42.0,True,50.0,37.751751,-122.410654,37.77045712385506,-122.39927496540675
,42.0,dn13,pkg37,42.0,True,49.0,37.739611,-122.492203,37.73458730267465,-122.5073658240217
,44.0,dn8,pkg35,44.0,True,53.0,37.718779,-122.462401,37.71229300471508,-122.4377400007076
,47.0,dn1,pkg38,47,True,52.0,37.774524,-122.473656,37.78302401322328,-122.44034375191912
,50.0,dn3,pkg39,50.0,True,59.0,37.774524,-122.473656,37.79115889201527,-122.44531071955318
,53.0,dn13,pkg40,53,True,57.0,37.739611,-122.492203,37.74924578069936,-122.46664337371989
,55.0,dn2,pkg41,55.0,True,64.0,37.774524,-122.473656,37.784641278407726,-122.45561186850328
,57.0,dn7,pkg42,57.0,True,65.0,37.718779,-122.462401,37.72714486635327,-122.49623673036687
,57.0,dn5,pkg45,57.0,True,64.0,37.751751,-122.410654,37.76975310725282,-122.40602737399233
,58.0,dn4,pkg44,58,True,63.0,37.751751,-122.410654,37.73242896941778,-122.42251536163566
,60.0,dn3,pkg46,60.0,True,65.0,37.774524,-122.473656,37.78105323187027,-122.44935923135635
,62.0,dn1,pkg43,62,True,62.0,37.774524,-122.473656,37.79449073117568,-122.5065846368145
,66.0,dn8,pkg48,66.0,True,73.0,37.718779,-122.462401,37.717710719469714,-122.46313972754295
,69.0,dn6,pkg47,69,True,77.0,37.751751,-122.410654,37.72920990461535,-122.44453224592512
,70.0,dn10,pkg49,70.0,True,75.0,37.78929,-122.426797,37.795913109176254,-122.41833283527852
,70.0,dn11,pkg52,70.0,True,76.0,37.78929,-122.426797,37.782277707891,-122.42971897603951
,72.0,dn5,pkg51,72.0,True,82.0,37.751751,-122.410654,37.75749455621346,-122.44093431037902
,76.0,dn7,pkg53,76,True,81.0,37.718779,-122.462401,37.736165671035714,-122.43123317950302
,78.0,dn12,pkg54,78.0,True,86.0,37.78929,-122.426797,37.79247948702559,-122.40082977140625
,80.0,dn4,pkg50,80,False,77.0,37.751751,-122.410654,37.7076258833643,-122.40479824890392
,83.0,dn8,pkg56,83,True,86.0,37.718779,-122.462401,37.74231712761815,-122.50015085699809
,87.0,dn1,pkg57,87,True,92.0,37.774524,-122.473656,37.791567513010506,-122.44673927730896
,88.0,dn9,pkg55,88,True,89.0,37.718779,-122.462401,37.72639588052912,-122.41348585097099
,88.0,dn5,pkg58,88.0,True,97.0,37.751751,-122.410654,37.780790398360715,-122.40908699304957
,89.0,dn2,pkg59,89.0,True,98.0,37.774524,-122.473656,37.78099417582517,-122.48901071564896
,92.0,dn3,pkg60,92.0,True,97.0,37.774524,-122.473656,37.75543324218535,-122.48129427045468
,95.0,dn6,pkg61,95.0,True,100.0,37.751751,-122.410654,37.735077841360855,-122.43270570200349
,97.0,dn7,pkg62,97.0,True,103.0,37.718779,-122.462401,37.720783985160274,-122.48906287659226
,100.0,dn13,pkg63,100.0,True,105.0,37.739611,-122.492203,37.743821570265176,-122.46351921714066
,5.0,dn14,pkg7,5,True,15.0,37.739611,-122.492203,37.72715020778704,-122.50008217553624
,6.0,dn4,pkg14,6,True,13.0,37.751751,-122.410654,37.75659942943151,-122.39427856627573
,6.0,dn7,pkg19,6,True,13.0,37.718779,-122.462401,37.718678136869045,-122.4682496835054
,6.0,dn11,pkg12,6,True,15.0,37.78929,-122.426797,37.77841552653554,-122.4294736827878
,6.0,dn13,pkg13,6,True,13.0,37.739611,-122.492203,37.73015233018868,-122.47985717336746
,6.0,dn8,pkg3,6.0,True,11.0,37.718779,-122.462401,37.7213142692819,-122.4708715296141
,6.0,dn10,pkg4,6,True,15.0,37.78929,-122.426797,37.783020021474954,-122.435948888258
,7.0,dn5,pkg20,7,True,14.0,37.751751,-122.410654,37.75270588557657,-122.42339654182318
,8.0,dn2,pkg8,8,True,15.0,37.774524,-122.473656,37.77917210588935,-122.50433895697951
,8.0,dn3,pkg24,8,True,18.0,37.774524,-122.473656,37.76454082063157,-122.49830109082154
,9.0,dn6,pkg5,9,True,17.0,37.751751,-122.410654,37.72494621793572,-122.40599666573233
,9.0,dn15,pkg15,9.0,True,16.0,37.739611,-122.492203,37.73781451629304,-122.47349065819763
,11.0,dn1,pkg9,11,False,10.0,37.774524,-122.473656,37.78338920065963,-122.43823823814269
,11.0,dn9,pkg18,11,True,16.0,37.718779,-122.462401,37.734162182892526,-122.48836374736396
,13.0,dn14,pkg26,13.0,True,20.0,37.739611,-122.492203,37.744072163942946,-122.47381737904043
,14.0,dn12,pkg10,14,True,17.0,37.78929,-122.426797,37.77977077605155,-122.4634642096586
,14.0,dn10,pkg22,14,False,12.0,37.78929,-122.426797,37.79378144168568,-122.46073507787222
,15.0,dn13,pkg17,15,True,20.0,37.739611,-122.492203,37.72079694074761,-122.45594491414909
,16.0,dn11,pkg27,16,True,21.0,37.78929,-122.426797,37.78942036026238,-122.46322476523807
,17.0,dn5,pkg30,17.0,True,23.0,37.751751,-122.410654,37.777184102611,-122.43642056325095
,17.0,dn3,pkg31,17,True,23.0,37.774524,-122.473656,37.784282777496145,-122.50453102195598
,17.0,dn15,pkg1,17,False,14.0,37.739611,-122.492203,37.750885652565294,-122.4889327386208
,18.0,dn2,pkg29,18,True,24.0,37.774524,-122.473656,37.763766600900674,-122.46158195781246
,19.0,dn4,pkg25,19,True,23.0,37.751751,-122.410654,37.77587282695362,-122.43882885657905
,20.0,dn8,pkg2,20,False,12.0,37.718779,-122.462401,37.74452020391682,-122.48656847232948
,20.0,dn6,pkg6,20,False,17.0,37.751751,-122.410654,37.74523217922048,-122.43203587899625
,21.0,dn7,pkg28,21,True,23.0,37.718779,-122.462401,37.74045239191336,-122.42640883675794
,24.0,dn14,pkg33,24.0,True,29.0,37.739611,-122.492203,37.730710096411876,-122.46600714424957
,25.0,dn1,pkg32,25,True,29.0,37.774524,-122.473656,37.785101713183934,-122.45852796940817
,27.0,dn9,pkg34,27,True,35.0,37.718779,-122.462401,37.71245205786081,-122.41471759416669
,27.0,dn13,pkg35,27,True,34.0,37.739611,-122.492203,37.7173380388482,-122.49146959630136
,28.0,dn5,pkg36,28.0,True,36.0,37.751751,-122.410654,37.7409112254544,-122.40415519470397
,28.0,dn2,pkg37,28.0,True,35.0,37.774524,-122.473656,37.77139560118253,-122.47718693856115
,30.0,dn15,pkg38,30,True,34.0,37.739611,-122.492203,37.78209643386309,-122.50172660715675
,33.0,dn6,pkg40,33.0,True,39.0,37.751751,-122.410654,37.75728433460012,-122.40257215242217
,35.0,dn3,pkg41,35,True,43.0,37.774524,-122.473656,37.75707389735637,-122.4477131909214
,35.0,dn8,pkg39,35,True,37.0,37.718779,-122.462401,37.713380090717365,-122.45828431922651
,36.0,dn14,pkg42,36,True,44.0,37.739611,-122.492203,37.708350186502415,-122.49494368435259
,36.0,dn5,pkg43,36.0,True,44.0,37.751751,-122.410654,37.75463210151301,-122.41960239513486
,40.0,dn13,pkg44,40,True,45.0,37.739611,-122.492203,37.75382377868878,-122.47409409046813
,44.0,dn1,pkg45,44,True,51.0,37.774524,-122.473656,37.73923503761858,-122.45124618293148
,46.0,dn2,pkg46,46,True,55.0,37.774524,-122.473656,37.78246692610641,-122.44628570491044
,46.0,dn5,pkg47,46.0,True,52.0,37.751751,-122.410654,37.75872054843945,-122.40277302040276
,50.0,dn10,pkg48,50.0,True,60.0,37.78929,-122.426797,37.79267939621715,-122.46760780258231
,50.0,dn14,pkg49,50,True,52.0,37.739611,-122.492203,37.75725097685937,-122.46984682715258
,50.0,dn3,pkg50,50.0,True,60.0,37.774524,-122.473656,37.79528697957728,-122.44664188638964
,51.0,dn7,pkg51,51.0,True,57.0,37.718779,-122.462401,37.726943736904296,-122.44193844447628
,56.0,dn13,pkg53,56.0,True,61.0,37.739611,-122.492203,37.7473189950069,-122.49987110305103
,58.0,dn9,pkg52,58.0,True,66.0,37.718779,-122.462401,37.70962358340376,-122.4497323710329
,58.0,dn11,pkg55,58.0,True,68.0,37.78929,-122.426797,37.79278302187359,-122.42627385026519
,60.0,dn8,pkg54,60.0,True,66.0,37.718779,-122.462401,37.747930702617396,-122.45547955158237
,65.0,dn5,pkg58,65.0,True,73.0,37.751751,-122.410654,37.768738540838676,-122.40412806925539
,66.0,dn4,pkg56,66.0,True,72.0,37.751751,-122.410654,37.77351846351911,-122.41238824407952
,67.0,dn7,pkg59,67.0,True,73.0,37.718779,-122.462401,37.70813171290917,-122.46036175877059
,68.0,dn10,pkg57,68.0,True,74.0,37.78929,-122.426797,37.75938297008893,-122.45542110920255
,71.0,dn9,pkg60,71.0,True,80.0,37.718779,-122.462401,37.70831461920806,-122.41014150825966
,74.0,dn11,pkg62,74.0,True,81.0,37.78929,-122.426797,37.77779320018138,-122.42740009525787
,76.0,dn6,pkg61,76,True,79.0,37.751751,-122.410654,37.76872877913974,-122.45823902689445
,78.0,dn1,pkg63,78.0,True,87.0,37.774524,-122.473656,37.766327275198776,-122.44473981418602
,84.0,dn2,pkg64,84.0,True,92.0,37.774524,-122.473656,37.76276591327065,-122.47258805834561
,86.0,dn7,pkg65,86.0,True,95.0,37.718779,-122.462401,37.727232548019494,-122.44797719747488
,93.0,dn4,pkg66,93,True,98.0,37.751751,-122.410654,37.721006867091674,-122.40679512700339
,93.0,dn5,pkg67,93,True,100.0,37.751751,-122.410654,37.755306367298026,-122.40088421814012
,96.0,dn10,pkg68,96.0,True,102.0,37.78929,-122.426797,37.77117513901846,-122.43894439820065
,97.0,dn2,pkg70,97,True,105.0,37.774524,-122.473656,37.77942188185309,-122.45763122323066
,98.0,dn1,pkg69,98.0,True,107.0,37.774524,-122.473656,37.76859543180259,-122.48447475616908
,5.0,dn13,pkg21,5.0,True,14.0,37.739611,-122.492203,37.720867476929065,-122.50195409064727
,5.0,dn7,pkg9,5.0,True,11.0,37.718779,-122.462401,37.72023833616653,-122.45466932128592
,6.0,dn4,pkg17,6.0,True,16.0,37.751751,-122.410654,37.75041228021468,-122.44239497039534
,6.0,dn15,pkg22,6.0,True,15.0,37.739611,-122.492203,37.7546306070963,-122.4677837936292
,6.0,dn11,pkg13,6.0,True,12.0,37.78929,-122.426797,37.76862740858671,-122.46300319838448
,7.0,dn3,pkg2,7.0,True,16.0,37.774524,-122.473656,37.76665782254211,-122.47575413295819
,8.0,dn14,pkg4,8,True,16.0,37.739611,-122.492203,37.71706402368123,-122.48351311841091
,8.0,dn8,pkg6,8,True,16.0,37.718779,-122.462401,37.742829475907534,-122.44753862993687
,8.0,dn9,pkg3,8,True,12.0,37.718779,-122.462401,37.73769012326096,-122.5011185908814
,9.0,dn10,pkg5,9.0,True,18.0,37.78929,-122.426797,37.779197068538345,-122.41033147577163
,10.0,dn5,pkg12,10,True,17.0,37.751751,-122.410654,37.72599832614675,-122.41408799055087
,10.0,dn6,pkg20,10.0,True,18.0,37.751751,-122.410654,37.773326779339676,-122.41805140232277
,10.0,dn12,pkg8,10.0,True,19.0,37.78929,-122.426797,37.76731921725654,-122.4150335547033
,10.0,dn2,pkg11,10.0,True,18.0,37.774524,-122.473656,37.77141800131922,-122.49102852802909
,11.0,dn1,pkg19,11,True,13.0,37.774524,-122.473656,37.76941944528424,-122.43897081050821
,12.0,dn4,pkg14,12,True,14.0,37.751751,-122.410654,37.747216055895514,-122.41417146856338
,14.0,dn11,pkg10,14,True,18.0,37.78929,-122.426797,37.78933564543885,-122.41330774817497
,15.0,dn13,pkg27,15,True,20.0,37.739611,-122.492203,37.75913823783348,-122.48017032943433
,15.0,dn10,pkg23,15,True,15.0,37.78929,-122.426797,37.77691412077662,-122.4120869193122
,17.0,dn4,pkg28,17.0,True,22.0,37.751751,-122.410654,37.74357650220695,-122.403271817437
,19.0,dn7,pkg24,19,False,17.0,37.718779,-122.462401,37.75146937336256,-122.44481328866718
,19.0,dn15,pkg30,19.0,True,29.0,37.739611,-122.492203,37.72100746752555,-122.50599995557722
,19.0,dn6,pkg18,19,False,17.0,37.751751,-122.410654,37.741623835242265,-122.40482515049935
,20.0,dn3,pkg16,20,False,13.0,37.774524,-122.473656,37.748879117554395,-122.5019090056693
,20.0,dn2,pkg31,20,True,25.0,37.774524,-122.473656,37.75532385624043,-122.46619651523514
,23.0,dn14,pkg32,23,True,32.0,37.739611,-122.492203,37.71475644779106,-122.50074457173878
,30.0,dn1,pkg34,30.0,True,39.0,37.774524,-122.473656,37.77981959386687,-122.48597933496342
,30.0,dn8,pkg35,30.0,True,39.0,37.718779,-122.462401,37.74212294989246,-122.47600289827055
,31.0,dn5,pkg33,31,False,30.0,37.751751,-122.410654,37.7831762279915,-122.40779863352815
,32.0,dn2,pkg36,32.0,True,40.0,37.774524,-122.473656,37.779378275986424,-122.42774344345864
,38.0,dn13,pkg37,38,True,45.0,37.739611,-122.492203,37.76851419892634,-122.50054132601069
,41.0,dn4,pkg38,41,True,45.0,37.751751,-122.410654,37.73460071527703,-122.42906444932221
,41.0,dn7,pkg39,41,True,49.0,37.718779,-122.462401,37.7073795099716,-122.50411497374704
,41.0,dn1,pkg40,41.0,True,48.0,37.774524,-122.473656,37.7737023376251,-122.45323702382892
,41.0,dn3,pkg41,41.0,True,49.0,37.774524,-122.473656,37.785295060288725,-122.50557070541471
,45.0,dn6,pkg42,45.0,True,52.0,37.751751,-122.410654,37.74529169514511,-122.40474970079008
,46.0,dn2,pkg43,46.0,True,56.0,37.774524,-122.473656,37.78067335327769,-122.48065094473782
,47.0,dn10,pkg44,47.0,True,57.0,37.78929,-122.426797,37.77662828191715,-122.44898971096009
,49.0,dn3,pkg45,49,True,55.0,37.774524,-122.473656,37.79033274167848,-122.49686984108632
,50.0,dn14,pkg47,50.0,True,55.0,37.739611,-122.492203,37.73262049185562,-122.50228652924545
,53.0,dn1,pkg46,53,True,57.0,37.774524,-122.473656,37.79024274625721,-122.50045626775479
,57.0,dn2,pkg48,57.0,True,63.0,37.774524,-122.473656,37.76650305423655,-122.50313569691414
,60.0,dn11,pkg51,60,True,66.0,37.78929,-122.426797,37.781329651280345,-122.47374277217787
,60.0,dn12,pkg50,60.0,True,66.0,37.78929,-122.426797,37.7937172930669,-122.47137802903416
,61.0,dn13,pkg49,61,True,64.0,37.739611,-122.492203,37.71011277609857,-122.50548507708574
,66.0,dn10,pkg52,66.0,True,75.0,37.78929,-122.426797,37.79302849136633,-122.4493995558664
,67.0,dn3,pkg53,67.0,True,73.0,37.774524,-122.473656,37.79430455380727,-122.50096942837935
,70.0,dn7,pkg56,70.0,True,76.0,37.718779,-122.462401,37.73198127401117,-122.4857610089866
,71.0,dn4,pkg54,71,True,75.0,37.751751,-122.410654,37.73209948918306,-122.43405379485758
,72.0,dn1,pkg57,72,True,81.0,37.774524,-122.473656,37.771857312737886,-122.49637548336399
,74.0,dn12,pkg58,74.0,True,80.0,37.78929,-122.426797,37.776293083096306,-122.39586711610893
,76.0,dn8,pkg55,76,True,80.0,37.718779,-122.462401,37.727731922811664,-122.50541912621645
,77.0,dn6,pkg62,77.0,True,84.0,37.751751,-122.410654,37.74862550363493,-122.41630569591418
,79.0,dn5,pkg59,79,True,83.0,37.751751,-122.410654,37.787185212531526,-122.42903854692648
,79.0,dn2,pkg60,79.0,True,88.0,37.774524,-122.473656,37.7470111760857,-122.44681400644676
,83.0,dn15,pkg61,83,True,87.0,37.739611,-122.492203,37.77166449586403,-122.47068476005951
,84.0,dn9,pkg64,84,True,89.0,37.718779,-122.462401,37.735612632095645,-122.41498163812109
,85.0,dn3,pkg65,85.0,True,92.0,37.774524,-122.473656,37.76564091399689,-122.46359384249581
,85.0,dn1,pkg66,85,True,95.0,37.774524,-122.473656,37.755668422537084,-122.46350477243107
,87.0,dn10,pkg63,87,True,89.0,37.78929,-122.426797,37.75798241327842,-122.3969354986466
,90.0,dn11,pkg67,90.0,True,99.0,37.78929,-122.426797,37.79351441098347,-122.44275756104707
,92.0,dn2,pkg69,92.0,True,97.0,37.774524,-122.473656,37.792500520835056,-122.49045632756997
,93.0,dn12,pkg68,93,True,95.0,37.78929,-122.426797,37.76029765365804,-122.40239348093988
,93.0,dn7,pkg71,93.0,True,99.0,37.718779,-122.462401,37.71667213911734,-122.44102609774265
,95.0,dn13,pkg70,95.0,True,104.0,37.739611,-122.492203,37.742044871937914,-122.46939557354577
,96.0,dn3,pkg72,96,True,102.0,37.774524,-122.473656,37.75412042556022,-122.44668236954458
,6.0,dn1,pkg13,6,True,12.0,37.774524,-122.473656,37.76118394075075,-122.49872641014018
,6.0,dn7,pkg11,6.0,True,14.0,37.718779,-122.462401,37.71729694408822,-122.47623039998109
,7.0,dn10,pkg10,7,True,10.0,37.78929,-122.426797,37.76496272927078,-122.423880852599
,7.0,dn3,pkg19,7.0,True,15.0,37.774524,-122.473656,37.779323959981866,-122.43880378779949
,8.0,dn11,pkg9,8,True,14.0,37.78929,-122.426797,37.792471462850195,-122.40327598722054
,8.0,dn4,pkg8,8.0,True,15.0,37.751751,-122.410654,37.72993228258333,-122.42046719894877
,8.0,dn8,pkg18,8,True,15.0,37.718779,-122.462401,37.72966238104129,-122.43633473814597
,8.0,dn9,pkg15,8.0,True,17.0,37.718779,-122.462401,37.71962954257026,-122.45573894019635
,8.0,dn14,pkg16,8.0,True,14.0,37.739611,-122.492203,37.751121672315946,-122.4997051932776
,10.0,dn2,pkg6,10,True,12.0,37.774524,-122.473656,37.786457737826936,-122.44581750761755
,10.0,dn5,pkg21,10.0,True,20.0,37.751751,-122.410654,37.72762099784009,-122.40664821808359
,10.0,dn15,pkg20,10,True,14.0,37.739611,-122.492203,37.74491381592161,-122.45320320846673
,11.0,dn12,pkg17,11,True,14.0,37.78929,-122.426797,37.756954298715236,-122.45060914854345
,12.0,dn6,pkg22,12,True,12.0,37.751751,-122.410654,37.72035998538389,-122.40214291715235
,13.0,dn7,pkg25,13,True,21.0,37.718779,-122.462401,37.70779385696902,-122.43987537393558
,15.0,dn13,pkg12,15,False,11.0,37.739611,-122.492203,37.77736647758289,-122.48038173014041
,15.0,dn3,pkg24,15,True,17.0,37.774524,-122.473656,37.780156427229635,-122.45714431240292
,17.0,dn4,pkg29,17,True,25.0,37.751751,-122.410654,37.77763404657297,-122.39443672202974
,19.0,dn14,pkg4,19,False,14.0,37.739611,-122.492203,37.75303603504212,-122.44858974884214
,19.0,dn10,pkg32,19.0,True,26.0,37.78929,-122.426797,37.78429667061535,-122.45404878736822
,19.0,dn7,pkg26,19,True,20.0,37.718779,-122.462401,37.71186051232733,-122.4619881446334
,20.0,dn11,pkg27,20,True,20.0,37.78929,-122.426797,37.76923320654325,-122.40290796240566
,21.0,dn1,pkg30,21,True,25.0,37.774524,-122.473656,37.755697389470065,-122.49788943075053
,21.0,dn8,pkg7,21,False,20.0,37.718779,-122.462401,37.7482668453168,-122.50078683134218
,22.0,dn9,pkg28,22,True,22.0,37.718779,-122.462401,37.744755634581225,-122.41601221316245
,23.0,dn5,pkg33,23.0,True,30.0,37.751751,-122.410654,37.73779682379302,-122.419243733925
,24.0,dn7,pkg31,24,True,27.0,37.718779,-122.462401,37.7087257986637,-122.46130017660536
,27.0,dn3,pkg34,27.0,True,35.0,37.774524,-122.473656,37.781650977552054,-122.47895906111977
,29.0,dn15,pkg35,29.0,True,37.0,37.739611,-122.492203,37.72847593424964,-122.44392169895794
,29.0,dn4,pkg36,29.0,True,38.0,37.751751,-122.410654,37.71670599352451,-122.40493881639173
,32.0,dn6,pkg37,32,True,39.0,37.751751,-122.410654,37.779114406720716,-122.43893532916977
,36.0,dn3,pkg38,36.0,True,41.0,37.774524,-122.473656,37.73596038248442,-122.44695995785558
,37.0,dn5,pkg39,37.0,True,44.0,37.751751,-122.410654,37.76504275406659,-122.40440294519934
,40.0,dn1,pkg40,40.0,True,45.0,37.774524,-122.473656,37.733951018955096,-122.4592013685202
,44.0,dn5,pkg44,44.0,True,51.0,37.751751,-122.410654,37.75580129525408,-122.43356253055703
,48.0,dn13,pkg41,48,True,51.0,37.739611,-122.492203,37.772610681444625,-122.46099757063601
,48.0,dn4,pkg42,48,False,47.0,37.751751,-122.410654,37.70892080299217,-122.40620533945776
,48.0,dn10,pkg47,48.0,True,57.0,37.78929,-122.426797,37.78724812738798,-122.42168871764687
,49.0,dn7,pkg45,49,True,58.0,37.718779,-122.462401,37.724271090985496,-122.49414683219288
,50.0,dn8,pkg46,50.0,True,55.0,37.718779,-122.462401,37.71954481863884,-122.46774346538312
,52.0,dn6,pkg43,52,False,51.0,37.751751,-122.410654,37.716210151788665,-122.39586282796184
,55.0,dn9,pkg48,55,True,60.0,37.718779,-122.462401,37.74003172064458,-122.46639704194139
,57.0,dn5,pkg49,57.0,True,67.0,37.751751,-122.410654,37.73711684622197,-122.40314807202947
,59.0,dn1,pkg50,59.0,True,65.0,37.774524,-122.473656,37.7588270043083,-122.44473966806827
,60.0,dn10,pkg52,60.0,True,66.0,37.78929,-122.426797,37.78949723617965,-122.41051467102874
,61.0,dn14,pkg54,61.0,True,70.0,37.739611,-122.492203,37.71563203659071,-122.48479457464713
,62.0,dn8,pkg51,62,True,67.0,37.718779,-122.462401,37.71743139225385,-122.41609740502005
,63.0,dn2,pkg55,63.0,True,72.0,37.774524,-122.473656,37.78532088003463,-122.49748507427901
,65.0,dn15,pkg53,65,True,71.0,37.739611,-122.492203,37.73645876549743,-122.44636150214698
,66.0,dn7,pkg57,66.0,True,72.0,37.718779,-122.462401,37.73305733210099,-122.45970188979811
,66.0,dn9,pkg56,66,True,76.0,37.718779,-122.462401,37.72235475091514,-122.46267401401094
,67.0,dn4,pkg58,67.0,True,76.0,37.751751,-122.410654,37.72505394942948,-122.39933415953256
,68.0,dn3,pkg59,68,True,74.0,37.774524,-122.473656,37.74786925598479,-122.4580634706169
,70.0,dn6,pkg60,70.0,True,76.0,37.751751,-122.410654,37.70776320815256,-122.41378736927908
,70.0,dn10,pkg61,70,True,75.0,37.78929,-122.426797,37.788065328156925,-122.45781212905982
,71.0,dn14,pkg63,71,True,77.0,37.739611,-122.492203,37.7188994538148,-122.50324035622477
,72.0,dn5,pkg65,72.0,True,82.0,37.751751,-122.410654,37.75102342691219,-122.42148401302734
,74.0,dn11,pkg62,74.0,True,81.0,37.78929,-122.426797,37.7898128828779,-122.40262161945678
,76.0,dn13,pkg64,76,True,76.0,37.739611,-122.492203,37.73864233202556,-122.43570851640723
,77.0,dn12,pkg66,77,True,81.0,37.78929,-122.426797,37.77932500679359,-122.40825284444242
,85.0,dn5,pkg68,85,True,92.0,37.751751,-122.410654,37.72593592503504,-122.39750666724956
,86.0,dn4,pkg67,86,True,86.0,37.751751,-122.410654,37.79485870154537,-122.39490780701252
,89.0,dn1,pkg70,89.0,True,98.0,37.774524,-122.473656,37.778488147684705,-122.46089194976432
,91.0,dn10,pkg71,91,True,98.0,37.78929,-122.426797,37.77124165390594,-122.42321859286245
,92.0,dn6,pkg69,92,True,97.0,37.751751,-122.410654,37.78412321309331,-122.407586796338
,93.0,dn2,pkg73,93.0,True,100.0,37.774524,-122.473656,37.767708635398996,-122.48481354701174
,93.0,dn11,pkg72,93.0,True,100.0,37.78929,-122.426797,37.7839744397504,-122.42149075348009
,99.0,dn13,pkg74,99.0,True,105.0,37.739611,-122.492203,37.73884887932566,-122.47052413272625
,99.0,dn3,pkg75,99,True,107.0,37.774524,-122.473656,37.782081720346994,-122.50750092969916
,99.0,dn1,pkg76,99,True,105.0,37.774524,-122.473656,37.77220668518326,-122.50174139423177
,100.0,dn14,pkg77,100,True,107.0,37.739611,-122.492203,37.72442065330241,-122.46816730612578
,5.0,dn8,pkg9,5,True,14.0,37.718779,-122.462401,37.72001408497733,-122.43579795628983
,5.0,dn10,pkg19,5,True,11.0,37.78929,-122.426797,37.784261490612174,-122.43843719467687
,6.0,dn6,pkg20,6,True,12.0,37.751751,-122.410654,37.72555383301971,-122.40210666600225
,6.0,dn7,pkg17,6,True,10.0,37.718779,-122.462401,37.72283016333542,-122.4869190680291
,6.0,dn3,pkg21,6,True,14.0,37.774524,-122.473656,37.790519470944666,-122.46278226959618
,7.0,dn5,pkg1,7,True,11.0,37.751751,-122.410654,37.726543542188054,-122.41631520505133
,7.0,dn1,pkg2,7.0,True,15.0,37.774524,-122.473656,37.76793549951912,-122.4728706942959
,8.0,dn13,pkg12,8.0,True,17.0,37.739611,-122.492203,37.731082075373735,-122.47624812906744
,9.0,dn14,pkg15,9.0,True,19.0,37.739611,-122.492203,37.73191996376704,-122.46101016578142
,9.0,dn15,pkg8,9,True,15.0,37.739611,-122.492203,37.707429393326414,-122.48018689401134
,10.0,dn4,pkg5,10.0,True,17.0,37.751751,-122.410654,37.75371553768186,-122.43515475513294
,10.0,dn12,pkg11,10,True,15.0,37.78929,-122.426797,37.7956811139531,-122.46720124184178
,11.0,dn11,pkg22,11,True,14.0,37.78929,-122.426797,37.784244646868174,-122.45523962916548
,11.0,dn8,pkg10,11,True,12.0,37.718779,-122.462401,37.722251826486854,-122.46302695100319
,12.0,dn9,pkg13,12,False,10.0,37.718779,-122.462401,37.755329638928266,-122.47483875105891
,13.0,dn6,pkg18,13,True,15.0,37.751751,-122.410654,37.744102266362866,-122.41258585849226
,15.0,dn2,pkg7,15,False,11.0,37.774524,-122.473656,37.745605062248956,-122.49404089492178
,18.0,dn10,pkg27,18.0,True,26.0,37.78929,-122.426797,37.76715663122203,-122.43783611033152
,18.0,dn4,pkg29,18.0,True,26.0,37.751751,-122.410654,37.75292092851431,-122.4124904093216
,19.0,dn3,pkg28,19.0,True,29.0,37.774524,-122.473656,37.74776000499776,-122.45251486026925
,20.0,dn1,pkg4,20,False,15.0,37.774524,-122.473656,37.79454271068161,-122.42426857282172
,20.0,dn5,pkg30,20,True,30.0,37.751751,-122.410654,37.767356457213914,-122.39475671808442
,21.0,dn14,pkg6,21,False,16.0,37.739611,-122.492203,37.763497139775595,-122.50271035584846
,21.0,dn13,pkg16,21,False,18.0,37.739611,-122.492203,37.781736344527886,-122.47180820311512
,22.0,dn8,pkg23,22,False,19.0,37.718779,-122.462401,37.70999570154393,-122.42032279606667
,24.0,dn7,pkg26,24,False,21.0,37.718779,-122.462401,37.7268034420577,-122.41836286597353
,26.0,dn6,pkg31,26,True,29.0,37.751751,-122.410654,37.77909637863961,-122.43881553250556
,28.0,dn12,pkg32,28,True,30.0,37.78929,-122.426797,37.78700032888069,-122.45965595923722
,28.0,dn4,pkg33,28.0,True,33.0,37.751751,-122.410654,37.740607138974035,-122.43048034847098
,31.0,dn3,pkg34,31,True,34.0,37.774524,-122.473656,37.795780268825304,-122.46785941880901
,32.0,dn5,pkg36,32.0,True,42.0,37.751751,-122.410654,37.78794570748133,-122.40456291048412
,34.0,dn11,pkg35,34,False,33.0,37.78929,-122.426797,37.786898887098246,-122.48120973801348
,35.0,dn2,pkg38,35.0,True,43.0,37.774524,-122.473656,37.74701485989305,-122.48335075060525
,36.0,dn9,pkg37,36.0,True,44.0,37.718779,-122.462401,37.725349748537894,-122.42949621123324
,39.0,dn8,pkg40,39.0,True,44.0,37.718779,-122.462401,37.73266991962462,-122.45061756975721
,44.0,dn7,pkg41,44,True,50.0,37.718779,-122.462401,37.71109746076017,-122.42263647107394
,47.0,dn1,pkg42,47.0,True,57.0,37.774524,-122.473656,37.750593468268136,-122.48121960696409
,48.0,dn4,pkg39,48,False,46.0,37.751751,-122.410654,37.71761374807991,-122.43433216572267
,50.0,dn2,pkg46,50.0,True,60.0,37.774524,-122.473656,37.76639770998853,-122.46029426438153
,51.0,dn14,pkg44,51.0,True,57.0,37.739611,-122.492203,37.74863970217531,-122.49757592002395
,52.0,dn9,pkg45,52,True,55.0,37.718779,-122.462401,37.71221397909356,-122.49251891809293
,53.0,dn6,pkg47,53.0,True,60.0,37.751751,-122.410654,37.736337712325415,-122.41699026099961
,54.0,dn13,pkg49,54.0,True,61.0,37.739611,-122.492203,37.726629340571876,-122.48733766727506
,56.0,dn5,pkg50,56,True,61.0,37.751751,-122.410654,37.764759367925556,-122.40103875435749
,57.0,dn10,pkg48,57.0,True,63.0,37.78929,-122.426797,37.77398019956436,-122.44707464851888
,58.0,dn8,pkg43,58,False,56.0,37.718779,-122.462401,37.72908657240441,-122.40822246554531
,63.0,dn14,pkg51,63.0,True,68.0,37.739611,-122.492203,37.73443680241987,-122.5000939182166
,63.0,dn13,pkg53,63.0,True,68.0,37.739611,-122.492203,37.71037352002334,-122.48088861221915
,68.0,dn1,pkg54,68.0,True,74.0,37.774524,-122.473656,37.757169372488704,-122.4616684696141
,70.0,dn2,pkg55,70.0,True,80.0,37.774524,-122.473656,37.78803588830687,-122.49809974079018
,71.0,dn7,pkg52,71,True,73.0,37.718779,-122.462401,37.71674214226215,-122.40872115975347
,74.0,dn3,pkg57,74.0,True,79.0,37.774524,-122.473656,37.775597343678136,-122.48606532561725
,74.0,dn5,pkg58,74,True,78.0,37.751751,-122.410654,37.75384171282269,-122.44117449116276
,75.0,dn4,pkg56,75,True,76.0,37.751751,-122.410654,37.75260966288484,-122.46363259390986
,79.0,dn2,pkg59,79.0,True,86.0,37.774524,-122.473656,37.78596611309705,-122.50622726532416
,82.0,dn1,pkg60,82.0,True,91.0,37.774524,-122.473656,37.774868533309345,-122.46781330702012
,82.0,dn8,pkg61,82.0,True,89.0,37.718779,-122.462401,37.71399697108643,-122.46997299254687
,86.0,dn13,pkg62,86,True,91.0,37.739611,-122.492203,37.74066504457039,-122.46022109510707
,93.0,dn5,pkg64,93,True,103.0,37.751751,-122.410654,37.723595121245346,-122.42033631774933
,93.0,dn1,pkg65,93,True,102.0,37.774524,-122.473656,37.76709044402814,-122.48987548610005
,96.0,dn3,pkg63,96,True,98.0,37.774524,-122.473656,37.744959873834624,-122.46662963004086
,97.0,dn2,pkg66,97.0,True,107.0,37.774524,-122.473656,37.77914582899389,-122.48659063435453
,5.0,dn4,pkg7,5.0,True,14.0,37.751751,-122.410654,37.73971563340266,-122.42949900359307
,5.0,dn5,pkg16,5,True,15.0,37.751751,-122.410654,37.743764821873704,-122.39608656959075
,6.0,dn14,pkg20,6.0,True,11.0,37.739611,-122.492203,37.74268400173053,-122.48568819462423
,7.0,dn1,pkg6,7,True,12.0,37.774524,-122.473656,37.75974424176265,-122.49406896393045
,7.0,dn13,pkg5,7.0,True,13.0,37.739611,-122.492203,37.7514519175344,-122.47521877055276
,7.0,dn10,pkg3,7,True,16.0,37.78929,-122.426797,37.795117579134285,-122.39877028753591
,8.0,dn7,pkg22,8,True,15.0,37.718779,-122.462401,37.71409821703175,-122.42214747451504
,8.0,dn11,pkg21,8,True,15.0,37.78929,-122.426797,37.76067347983715,-122.43889066502383
,9.0,dn6,pkg14,9.0,True,19.0,37.751751,-122.410654,37.7487366308126,-122.44266685044755
,9.0,dn12,pkg2,9,True,18.0,37.78929,-122.426797,37.78804183000657,-122.39858243227079
,10.0,dn3,pkg1,10.0,True,17.0,37.774524,-122.473656,37.78969084639181,-122.46806735701415
,10.0,dn8,pkg13,10,True,16.0,37.718779,-122.462401,37.73929839460124,-122.4369636019006
,10.0,dn9,pkg18,10.0,True,16.0,37.718779,-122.462401,37.747695758422765,-122.44029038705519
,10.0,dn15,pkg9,10,True,14.0,37.739611,-122.492203,37.776359838263275,-122.4981916091206
,11.0,dn2,pkg17,11,False,10.0,37.774524,-122.473656,37.73788831470089,-122.46783716528194
,14.0,dn5,pkg8,14,False,13.0,37.751751,-122.410654,37.735023720370535,-122.41026467807671
,14.0,dn13,pkg24,14,True,20.0,37.739611,-122.492203,37.73995666487236,-122.47773904058496
,16.0,dn14,pkg15,16,True,16.0,37.739611,-122.492203,37.78296584580273,-122.50089437814856
,18.0,dn4,pkg12,18,False,11.0,37.751751,-122.410654,37.72268648594963,-122.40748337147858
,20.0,dn7,pkg28,20,True,22.0,37.718779,-122.462401,37.716703637847154,-122.48005631624905
,21.0,dn3,pkg29,21,True,29.0,37.774524,-122.473656,37.757570523271916,-122.50328563900172
,21.0,dn10,pkg26,21,True,24.0,37.78929,-122.426797,37.76112695865186,-122.4252186065575
,21.0,dn13,pkg27,21,False,20.0,37.739611,-122.492203,37.74933187095661,-122.47765984546243
,24.0,dn11,pkg31,24.0,True,29.0,37.78929,-122.426797,37.762354925983814,-122.40673627652036
,26.0,dn1,pkg25,26,False,20.0,37.774524,-122.473656,37.74027465161381,-122.50729980238683
,26.0,dn12,pkg11,26,False,20.0,37.78929,-122.426797,37.78018207874996,-122.39998402662715
,27.0,dn6,pkg23,27,False,17.0,37.751751,-122.410654,37.709961251023664,-122.40358591923786
,30.0,dn2,pkg32,30,True,33.0,37.774524,-122.473656,37.79534240369666,-122.46812164188296
,32.0,dn5,pkg30,32,False,26.0,37.751751,-122.410654,37.71289289587097,-122.41435502255332
,32.0,dn7,pkg34,32,True,39.0,37.718779,-122.462401,37.72748645230753,-122.42561569649419
,33.0,dn4,pkg37,33.0,True,41.0,37.751751,-122.410654,37.756214926828406,-122.40717196418292
,34.0,dn14,pkg33,34,True,39.0,37.739611,-122.492203,37.771435807340204,-122.49023135114476
,34.0,dn8,pkg35,34,True,38.0,37.718779,-122.462401,37.72539256528829,-122.42912494566912
,37.0,dn9,pkg36,37,True,45.0,37.718779,-122.462401,37.737989641962834,-122.48855197618599
,41.0,dn4,pkg39,41.0,True,46.0,37.751751,-122.410654,37.74405242206584,-122.41824830127932
,42.0,dn3,pkg38,42.0,True,52.0,37.774524,-122.473656,37.756828510707045,-122.46799376561182
,43.0,dn13,pkg40,43.0,True,51.0,37.739611,-122.492203,37.74663392812751,-122.4642673431348
,45.0,dn1,pkg41,45,True,54.0,37.774524,-122.473656,37.78200798474013,-122.42655084522636
,47.0,dn7,pkg42,47.0,True,55.0,37.718779,-122.462401,37.71471798204869,-122.45322963921518
,49.0,dn8,pkg44,49.0,True,55.0,37.718779,-122.462401,37.73234014053835,-122.45892356853973
,52.0,dn15,pkg43,52.0,True,57.0,37.739611,-122.492203,37.72224056835906,-122.45647727477338
,53.0,dn14,pkg46,53.0,True,61.0,37.739611,-122.492203,37.73436665571275,-122.49906591850196
,53.0,dn7,pkg47,53.0,True,61.0,37.718779,-122.462401,37.71227125393843,-122.45530158238788
,54.0,dn4,pkg45,54.0,True,61.0,37.751751,-122.410654,37.727904025788376,-122.41552206234226
,58.0,dn9,pkg48,58.0,True,66.0,37.718779,-122.462401,37.7171114839327,-122.41380331526541
,59.0,dn2,pkg49,59,True,66.0,37.774524,-122.473656,37.75794695215003,-122.48473043208098
,59.0,dn10,pkg52,59.0,True,65.0,37.78929,-122.426797,37.77343953026664,-122.4247751020586
,62.0,dn5,pkg51,62.0,True,67.0,37.751751,-122.410654,37.718679811486794,-122.42219858275138
,66.0,dn1,pkg50,66,True,66.0,37.774524,-122.473656,37.7499682058244,-122.44404026376581
,66.0,dn6,pkg53,66.0,True,71.0,37.751751,-122.410654,37.73711968094383,-122.40758605509838
,66.0,dn15,pkg54,66.0,True,72.0,37.739611,-122.492203,37.71754108237438,-122.48811917120504
,67.0,dn11,pkg55,67.0,True,72.0,37.78929,-122.426797,37.79677779932735,-122.44186399657166
,70.0,dn3,pkg56,70.0,True,79.0,37.774524,-122.473656,37.79529565997312,-122.44994774175156
,73.0,dn4,pkg57,73,True,76.0,37.751751,-122.410654,37.70843749742932,-122.40227292177507
,73.0,dn13,pkg58,73.0,True,78.0,37.739611,-122.492203,37.73622864779921,-122.49331188335766
,75.0,dn8,pkg59,75.0,True,80.0,37.718779,-122.462401,37.71473703851126,-122.4819334698371
,79.0,dn5,pkg60,79,True,84.0,37.751751,-122.410654,37.72910016504195,-122.41051820207464
,79.0,dn2,pkg62,79.0,True,84.0,37.774524,-122.473656,37.77276355237617,-122.46852556200174
,83.0,dn14,pkg63,83.0,True,89.0,37.739611,-122.492203,37.73646741214296,-122.49967121855286
,83.0,dn9,pkg66,83,True,93.0,37.718779,-122.462401,37.725188064668025,-122.41736350314957
,84.0,dn6,pkg61,84,False,83.0,37.751751,-122.410654,37.765810458301466,-122.45161956645734
,86.0,dn7,pkg64,86,True,92.0,37.718779,-122.462401,37.75785909502839,-122.44438404116163
,87.0,dn8,pkg65,87,True,91.0,37.718779,-122.462401,37.724029736511916,-122.4366156810357
,88.0,dn1,pkg67,88,True,92.0,37.774524,-122.473656,37.755839604432055,-122.477130697205
,92.0,dn10,pkg68,92.0,True,98.0,37.78929,-122.426797,37.795662648608904,-122.44674851566678
,95.0,dn4,pkg70,95,True,100.0,37.751751,-122.410654,37.743127884037094,-122.4245529153584
,7.0,dn7,pkg16,7.0,True,13.0,37.718779,-122.462401,37.71398210459556,-122.45166489866193
,7.0,dn11,pkg5,7.0,True,12.0,37.78929,-122.426797,37.7825815157952,-122.43530956903278
,7.0,dn15,pkg4,7.0,True,14.0,37.739611,-122.492203,37.753005400842895,-122.49324947841349
,8.0,dn3,pkg19,8.0,True,18.0,37.774524,-122.473656,37.754531187811956,-122.48548624922597
,8.0,dn13,pkg12,8,True,11.0,37.739611,-122.492203,37.7762407721355,-122.47048963409868
,8.0,dn8,pkg6,8,True,17.0,37.718779,-122.462401,37.71973583570744,-122.44356979301801
,8.0,dn9,pkg10,8.0,True,18.0,37.718779,-122.462401,37.73524584195529,-122.4391621135527
,9.0,dn14,pkg17,9,True,15.0,37.739611,-122.492203,37.77760494382293,-122.50469634991926
,9.0,dn10,pkg11,9,True,15.0,37.78929,-122.426797,37.78553770925468,-122.47075241241079
,9.0,dn12,pkg7,9.0,True,15.0,37.78929,-122.426797,37.77226852999797,-122.44287184997766
,10.0,dn2,pkg8,10.0,True,19.0,37.774524,-122.473656,37.792163225797225,-122.47388996841619
,10.0,dn6,pkg21,10,True,12.0,37.751751,-122.410654,37.78820499471276,-122.42493513428816
,11.0,dn4,pkg9,11,True,13.0,37.751751,-122.410654,37.71741864899284,-122.40284898974042
,11.0,dn5,pkg22,11,True,20.0,37.751751,-122.410654,37.76944272491205,-122.43511181572751
,12.0,dn1,pkg1,12,True,14.0,37.774524,-122.473656,37.78383056779908,-122.43683272774773
,12.0,dn7,pkg3,12,True,18.0,37.718779,-122.462401,37.72335473646822,-122.42709334615037
,12.0,dn11,pkg13,12,True,16.0,37.78929,-122.426797,37.76894739467445,-122.41191105654354
,13.0,dn15,pkg15,13,True,16.0,37.739611,-122.492203,37.7478149632326,-122.50706367766372
,17.0,dn7,pkg25,17,True,27.0,37.718779,-122.462401,37.70926802591795,-122.45130368582112
,18.0,dn9,pkg24,18,True,18.0,37.718779,-122.462401,37.74839726071633,-122.44314572354978
,20.0,dn13,pkg27,20.0,True,26.0,37.739611,-122.492203,37.75222909769579,-122.48622839170511
,20.0,dn15,pkg18,20,False,18.0,37.739611,-122.492203,37.77138805744847,-122.48401847137035
,22.0,dn3,pkg23,22,False,20.0,37.774524,-122.473656,37.790487597816956,-122.50412737861177
,23.0,dn8,pkg28,23,True,31.0,37.718779,-122.462401,37.73203957087203,-122.440869363035
,26.0,dn2,pkg29,26,True,31.0,37.774524,-122.473656,37.759221145127555,-122.50137705604295
,26.0,dn10,pkg30,26,True,30.0,37.78929,-122.426797,37.75672963221991,-122.39683250374446
,28.0,dn12,pkg34,28.0,True,33.0,37.78929,-122.426797,37.774735076922674,-122.42079427442634
,29.0,dn11,pkg31,29.0,True,34.0,37.78929,-122.426797,37.79524342041794,-122.45047158673569
,32.0,dn7,pkg26,32,False,25.0,37.718779,-122.462401,37.72562705484996,-122.41050006450453
,32.0,dn13,pkg32,32,True,32.0,37.739611,-122.492203,37.71430565042281,-122.48408727677429
,34.0,dn4,pkg33,34,False,32.0,37.751751,-122.410654,37.764314188829665,-122.45639453657972
,34.0,dn14,pkg37,34.0,True,43.0,37.739611,-122.492203,37.75755708631514,-122.49928637706897
,35.0,dn5,pkg36,35.0,True,45.0,37.751751,-122.410654,37.76513935079671,-122.4064336083688
,35.0,dn9,pkg35,35.0,True,41.0,37.718779,-122.462401,37.71634075590188,-122.44520789829642
,38.0,dn1,pkg38,38,True,43.0,37.774524,-122.473656,37.79381069406295,-122.49277619157235
,40.0,dn15,pkg39,40.0,True,48.0,37.739611,-122.492203,37.75677851653581,-122.48216920643442
,43.0,dn2,pkg41,43.0,True,48.0,37.774524,-122.473656,37.783746759986,-122.48233843456748
,46.0,dn3,pkg40,46,True,51.0,37.774524,-122.473656,37.77524581988749,-122.42463995450693
,47.0,dn11,pkg45,47.0,True,53.0,37.78929,-122.426797,37.788415216169874,-122.42607218747688
,48.0,dn12,pkg44,48.0,True,57.0,37.78929,-122.426797,37.79151396607264,-122.43389214616374
,49.0,dn10,pkg42,49,False,48.0,37.78929,-122.426797,37.76583200844016,-122.41134805127565
,50.0,dn6,pkg43,50,True,50.0,37.751751,-122.410654,37.71179990860318,-122.39693804878108
,53.0,dn2,pkg47,53.0,True,63.0,37.774524,-122.473656,37.778113280579156,-122.47526883009064
,58.0,dn1,pkg46,58,True,60.0,37.774524,-122.473656,37.73298284289779,-122.46580614602846
,58.0,dn7,pkg49,58.0,True,66.0,37.718779,-122.462401,37.72159440737315,-122.44456859001009
,60.0,dn4,pkg48,60,True,61.0,37.751751,-122.410654,37.72391682502261,-122.4180971518159
,63.0,dn13,pkg50,63,True,64.0,37.739611,-122.492203,37.72640091635277,-122.45062855146627
,66.0,dn3,pkg51,66,True,74.0,37.774524,-122.473656,37.74930385548699,-122.45122518495278
,71.0,dn10,pkg53,71,True,81.0,37.78929,-122.426797,37.784191320466135,-122.45244320071288
,73.0,dn2,pkg52,73.0,True,81.0,37.774524,-122.473656,37.76053511902975,-122.46106950741353
,77.0,dn11,pkg54,77.0,True,84.0,37.78929,-122.426797,37.77005404831876,-122.4014813398951
,77.0,dn7,pkg56,77,True,81.0,37.718779,-122.462401,37.71381227171052,-122.44186058305725
,81.0,dn5,pkg55,81,True,85.0,37.751751,-122.410654,37.75005046037827,-122.46623464519554
,81.0,dn1,pkg58,81,True,82.0,37.774524,-122.473656,37.795858716412624,-122.4733586535858
,84.0,dn3,pkg60,84.0,True,93.0,37.774524,-122.473656,37.74473991992545,-122.49787724291728
,85.0,dn13,pkg59,85.0,True,91.0,37.739611,-122.492203,37.73727945298975,-122.46129626590869
,86.0,dn8,pkg57,86,True,86.0,37.718779,-122.462401,37.731303940417504,-122.49689709413886
,86.0,dn4,pkg61,86,True,89.0,37.751751,-122.410654,37.71472909323808,-122.40428890520819
,90.0,dn14,pkg64,90,True,97.0,37.739611,-122.492203,37.718959901539726,-122.46843485492364
,91.0,dn11,pkg65,91.0,True,100.0,37.78929,-122.426797,37.79382656911065,-122.43631336282294
,92.0,dn9,pkg62,92,True,100.0,37.718779,-122.462401,37.71748533062679,-122.50185230069665
,92.0,dn2,pkg63,92.0,True,102.0,37.774524,-122.473656,37.77445084609384,-122.44434565765788
,92.0,dn10,pkg67,92.0,True,102.0,37.78929,-122.426797,37.76947447751418,-122.44479938489765
,96.0,dn6,pkg68,96.0,True,105.0,37.751751,-122.410654,37.73081263420281,-122.42854048048402
,99.0,dn1,pkg69,99.0,True,109.0,37.774524,-122.473656,37.75227565022724,-122.45903877581807
,100.0,dn15,pkg66,100,False,96.0,37.739611,-122.492203,37.781095894015,-122.48729358077739
,6.0,dn1,pkg22,6.0,True,12.0,37.774524,-122.473656,37.75639381157597,-122.47628515764715
,6.0,dn13,pkg9,6.0,True,16.0,37.739611,-122.492203,37.753803639387435,-122.50335225048396
,7.0,dn7,pkg6,7,True,11.0,37.718779,-122.462401,37.758001647155325,-122.43994011116955
,7.0,dn9,pkg10,7.0,True,13.0,37.718779,-122.462401,37.71791281795175,-122.4493054640945
,7.0,dn10,pkg11,7.0,True,16.0,37.78929,-122.426797,37.79503409129609,-122.41372784475006
,7.0,dn15,pkg21,7.0,True,12.0,37.739611,-122.492203,37.73771261079989,-122.4793022916815
,10.0,dn2,pkg15,10,True,12.0,37.774524,-122.473656,37.742107206302144,-122.48684368111721
,10.0,dn8,pkg19,10.0,True,18.0,37.718779,-122.462401,37.731981024453034,-122.47359861292455
,10.0,dn5,pkg14,10,True,12.0,37.751751,-122.410654,37.70893955615293,-122.40167567559297
,12.0,dn3,pkg16,12,False,11.0,37.774524,-122.473656,37.79459627407636,-122.43077272768258
,12.0,dn11,pkg23,12,True,17.0,37.78929,-122.426797,37.7699715126103,-122.4525028080217
,12.0,dn12,pkg1,12,True,16.0,37.78929,-122.426797,37.7526665310111,-122.44447628919268
,13.0,dn14,pkg12,13,True,15.0,37.739611,-122.492203,37.78039054426551,-122.49787744003785
,15.0,dn4,pkg2,15,True,16.0,37.751751,-122.410654,37.71276429754528,-122.41928084447508
,15.0,dn1,pkg25,15,True,18.0,37.774524,-122.473656,37.786883426218964,-122.4615980221042
,15.0,dn15,pkg5,15,True,16.0,37.739611,-122.492203,37.71459766440145,-122.4772011705816
,16.0,dn6,pkg4,16,True,19.0,37.751751,-122.410654,37.77074044322828,-122.46242809173299
,16.0,dn10,pkg24,16,True,21.0,37.78929,-122.426797,37.77931985918383,-122.43950690251228
,18.0,dn9,pkg26,18,True,19.0,37.718779,-122.462401,37.73989793631545,-122.48392668095748
,19.0,dn13,pkg27,19,True,24.0,37.739611,-122.492203,37.714788696580094,-122.47387143405936
,21.0,dn8,pkg20,21,False,14.0,37.718779,-122.462401,37.72684709069321,-122.42361489673205
,21.0,dn7,pkg7,21,False,16.0,37.718779,-122.462401,37.75006030473989,-122.47389257377566
,21.0,dn5,pkg28,21,True,28.0,37.751751,-122.410654,37.7403984467842,-122.4061331220339
,24.0,dn15,pkg30,24.0,True,30.0,37.739611,-122.492203,37.73454689208466,-122.45831051454257
,27.0,dn2,pkg31,27.0,True,32.0,37.774524,-122.473656,37.76808530599858,-122.50424947012974
,33.0,dn3,pkg33,33.0,True,43.0,37.774524,-122.473656,37.77252020158298,-122.47617463302468
,33.0,dn1,pkg34,33.0,True,42.0,37.774524,-122.473656,37.790425626021346,-122.50730082544281
,34.0,dn14,pkg32,34,True,36.0,37.739611,-122.492203,37.71123718191311,-122.44792510901587
,36.0,dn13,pkg37,36.0,True,41.0,37.739611,-122.492203,37.742938457643604,-122.49944847473624
,37.0,dn4,pkg35,37.0,True,47.0,37.751751,-122.410654,37.77698444712191,-122.41327583819488
,39.0,dn10,pkg36,39.0,True,46.0,37.78929,-122.426797,37.77940780234367,-122.42663495652715
,40.0,dn11,pkg38,40,True,45.0,37.78929,-122.426797,37.79465396703,-122.40356173097979
,41.0,dn5,pkg39,41.0,True,47.0,37.751751,-122.410654,37.75222575464792,-122.4020448808634
,44.0,dn13,pkg41,44.0,True,50.0,37.739611,-122.492203,37.73181843644768,-122.4992351291262
,48.0,dn8,pkg40,48.0,True,53.0,37.718779,-122.462401,37.72194523903305,-122.4414333288505
,50.0,dn4,pkg44,50,True,55.0,37.751751,-122.410654,37.771065244440464,-122.39998088203545
,54.0,dn1,pkg43,54.0,True,61.0,37.774524,-122.473656,37.74283173195663,-122.45310826858572
,55.0,dn14,pkg42,55,True,58.0,37.739611,-122.492203,37.7827998554972,-122.48428513723363
,55.0,dn7,pkg45,55.0,True,63.0,37.718779,-122.462401,37.712270662514186,-122.49651198115424
,56.0,dn2,pkg47,56.0,True,63.0,37.774524,-122.473656,37.774249810871076,-122.47805539262058
,59.0,dn3,pkg48,59.0,True,67.0,37.774524,-122.473656,37.744018754318944,-122.50409985676197
,63.0,dn15,pkg46,63,False,60.0,37.739611,-122.492203,37.78378654382168,-122.48688422157306
,64.0,dn4,pkg49,64.0,True,73.0,37.751751,-122.410654,37.76472295632941,-122.40962291336999
,65.0,dn2,pkg51,65,True,72.0,37.774524,-122.473656,37.763363591370805,-122.48234761492617
,67.0,dn5,pkg50,67,True,74.0,37.751751,-122.410654,37.70933378622559,-122.42272610692488
,67.0,dn6,pkg53,67.0,True,75.0,37.751751,-122.410654,37.75900058729837,-122.4066659876393
,68.0,dn1,pkg52,68.0,True,77.0,37.774524,-122.473656,37.771609502662045,-122.44902731835818
,70.0,dn10,pkg55,70.0,True,79.0,37.78929,-122.426797,37.775156075107056,-122.43320888638978
,74.0,dn4,pkg57,74.0,True,79.0,37.751751,-122.410654,37.76570006333712,-122.40124012171928
,77.0,dn6,pkg58,77.0,True,85.0,37.751751,-122.410654,37.74593191470207,-122.44686125239217
,78.0,dn7,pkg56,78,True,82.0,37.718779,-122.462401,37.72993953058651,-122.42992489895822
,79.0,dn11,pkg54,79,True,80.0,37.78929,-122.426797,37.75703543205983,-122.40556067442934
,82.0,dn9,pkg59,82.0,True,87.0,37.718779,-122.462401,37.72864478908135,-122.45475280508094
,82.0,dn4,pkg60,82.0,True,87.0,37.751751,-122.410654,37.76053834461178,-122.43927624798799
,83.0,dn8,pkg63,83.0,True,89.0,37.718779,-122.462401,37.723756019166316,-122.47532922743093
,85.0,dn1,pkg61,85.0,True,94.0,37.774524,-122.473656,37.79041605794878,-122.50247347509449
,85.0,dn2,pkg62,85,True,93.0,37.774524,-122.473656,37.74541673376709,-122.45370367595889
,88.0,dn5,pkg65,88,True,95.0,37.751751,-122.410654,37.74112876844751,-122.44596039713434
,90.0,dn13,pkg66,90.0,True,99.0,37.739611,-122.492203,37.73234152869632,-122.45864078611822
,92.0,dn4,pkg69,92.0,True,99.0,37.751751,-122.410654,37.752169144009564,-122.42004102210826
,93.0,dn10,pkg67,93.0,True,100.0,37.78929,-122.426797,37.79362181564704,-122.40809297845695
,93.0,dn9,pkg64,93,False,91.0,37.718779,-122.462401,37.70920811729945,-122.43759487553427
,94.0,dn3,pkg68,94.0,True,103.0,37.774524,-122.473656,37.75100165251132,-122.45561827953355
,99.0,dn7,pkg70,99.0,True,105.0,37.718779,-122.462401,37.74295890518446,-122.48093777799838
,5.0,dn1,pkg10,5.0,True,15.0,37.774524,-122.473656,37.77841719764998,-122.49261427672964
,6.0,dn12,pkg21,6.0,True,14.0,37.78929,-122.426797,37.78432438358702,-122.40332833140688
,6.0,dn15,pkg6,6,True,15.0,37.739611,-122.492203,37.75142123615647,-122.47424213289025
,6.0,dn14,pkg12,6.0,True,15.0,37.739611,-122.492203,37.760843609259304,-122.50158739575652
,7.0,dn5,pkg23,7.0,True,15.0,37.751751,-122.410654,37.7640431816832,-122.40028302886662
,7.0,dn4,pkg20,7.0,True,17.0,37.751751,-122.410654,37.794384769806925,-122.4140215962746
,8.0,dn10,pkg16,8,True,11.0,37.78929,-122.426797,37.79356855990884,-122.40027580494677
,8.0,dn2,pkg19,8,True,11.0,37.774524,-122.473656,37.78189916456967,-122.49602013220961
,8.0,dn9,pkg13,8,True,12.0,37.718779,-122.462401,37.7333248248622,-122.48946935883092
,9.0,dn13,pkg17,9,True,13.0,37.739611,-122.492203,37.70800779535715,-122.46138983345145
,9.0,dn7,pkg2,9,True,16.0,37.718779,-122.462401,37.73873907945635,-122.47701358890137
,9.0,dn3,pkg9,9.0,True,18.0,37.774524,-122.473656,37.795222510491705,-122.48206489596011
,10.0,dn11,pkg4,10,True,10.0,37.78929,-122.426797,37.764378760746055,-122.40075523034292
,12.0,dn8,pkg1,12,True,14.0,37.718779,-122.462401,37.72974032214318,-122.4230532705721
,12.0,dn14,pkg15,12,True,17.0,37.739611,-122.492203,37.74688511696852,-122.47662327888432
,13.0,dn6,pkg3,13,True,17.0,37.751751,-122.410654,37.77543421423841,-122.44436028231576
,13.0,dn1,pkg18,13,True,13.0,37.774524,-122.473656,37.748097372083535,-122.49713794732415
,17.0,dn4,pkg11,17,False,14.0,37.751751,-122.410654,37.74254346040818,-122.45470101643706
,17.0,dn12,pkg5,17,True,18.0,37.78929,-122.426797,37.777932957877205,-122.43598927045515
,18.0,dn3,pkg26,18,True,18.0,37.774524,-122.473656,37.788515761977685,-122.47144315372631
,19.0,dn15,pkg27,19,True,24.0,37.739611,-122.492203,37.77006185349055,-122.49661515382164
,19.0,dn2,pkg7,19,False,16.0,37.774524,-122.473656,37.79380624155773,-122.48418843548185
,23.0,dn5,pkg22,23,False,14.0,37.751751,-122.410654,37.78868258799648,-122.434319897027
,24.0,dn9,pkg30,24.0,True,32.0,37.718779,-122.462401,37.73274719803211,-122.4350466335101
,24.0,dn7,pkg32,24,True,30.0,37.718779,-122.462401,37.74063293837021,-122.44150838717637
,24.0,dn1,pkg28,24,False,21.0,37.774524,-122.473656,37.74880866004037,-122.42795990335956
,26.0,dn10,pkg29,26,True,32.0,37.78929,-122.426797,37.77674157334401,-122.46622906524021
,26.0,dn14,pkg31,26,True,31.0,37.739611,-122.492203,37.7678662914878,-122.50572783006918
,26.0,dn13,pkg35,26.0,True,32.0,37.739611,-122.492203,37.72797949621346,-122.50008587405678
,27.0,dn8,pkg33,27,True,34.0,37.718779,-122.462401,37.728986237133135,-122.43463629139514
,31.0,dn3,pkg36,31.0,True,39.0,37.774524,-122.473656,37.79065194674908,-122.49637069819664
,32.0,dn2,pkg37,32,True,36.0,37.774524,-122.473656,37.7356600690792,-122.49082992903118
,34.0,dn11,pkg34,34,False,33.0,37.78929,-122.426797,37.75305271269808,-122.45624827353681
,37.0,dn12,pkg38,37.0,True,42.0,37.78929,-122.426797,37.7798199442847,-122.42376832757255
,42.0,dn4,pkg39,42.0,True,50.0,37.751751,-122.410654,37.730141792370695,-122.40770050482853
,42.0,dn6,pkg42,42.0,True,48.0,37.751751,-122.410654,37.7646897211659,-122.4304757953548
,43.0,dn7,pkg40,43,True,47.0,37.718779,-122.462401,37.752153430504194,-122.45802888584842
,43.0,dn5,pkg41,43,True,45.0,37.751751,-122.410654,37.777517340467746,-122.42234202004852
,47.0,dn3,pkg43,47,True,52.0,37.774524,-122.473656,37.782138364764414,-122.43668629662253
,52.0,dn8,pkg44,52,True,60.0,37.718779,-122.462401,37.71527141591657,-122.48910132899351
,54.0,dn10,pkg45,54.0,True,60.0,37.78929,-122.426797,37.76936245643676,-122.42281843813461
,61.0,dn9,pkg46,61.0,True,66.0,37.718779,-122.462401,37.71806310065927,-122.47389435801546
,62.0,dn1,pkg47,62.0,True,72.0,37.774524,-122.473656,37.780287207384085,-122.49853404461733
,63.0,dn2,pkg49,63.0,True,71.0,37.774524,-122.473656,37.76373395766611,-122.50520200827673
,66.0,dn3,pkg48,66.0,True,71.0,37.774524,-122.473656,37.757706078386704,-122.45951580314114
,66.0,dn7,pkg50,66.0,True,72.0,37.718779,-122.462401,37.71913597308652,-122.42825807675116
,72.0,dn1,pkg52,72.0,True,79.0,37.774524,-122.473656,37.75236556638382,-122.48729539684746
,73.0,dn4,pkg51,73.0,True,82.0,37.751751,-122.410654,37.74999478860761,-122.45595820413895
,75.0,dn5,pkg54,75,True,81.0,37.751751,-122.410654,37.76554853050499,-122.39799578145274
,77.0,dn6,pkg53,77.0,True,85.0,37.751751,-122.410654,37.772811913226164,-122.4062634687761
,79.0,dn10,pkg55,79.0,True,86.0,37.78929,-122.426797,37.78074743558899,-122.42639832516471
,81.0,dn3,pkg57,81.0,True,86.0,37.774524,-122.473656,37.78323715200854,-122.49313643150123
,84.0,dn1,pkg59,84.0,True,92.0,37.774524,-122.473656,37.79193081070616,-122.49564150973436
,84.0,dn4,pkg58,84,True,86.0,37.751751,-122.410654,37.75070718866823,-122.39497271308963
,85.0,dn7,pkg60,85.0,True,91.0,37.718779,-122.462401,37.727930649598655,-122.45294878285716
,86.0,dn2,pkg56,86,True,88.0,37.774524,-122.473656,37.73712520259021,-122.45240594481893
,93.0,dn12,pkg62,93,True,95.0,37.78929,-122.426797,37.74814771673991,-122.4440336202912
,94.0,dn11,pkg61,94,False,93.0,37.78929,-122.426797,37.75220050477914,-122.40479151965943
,96.0,dn10,pkg65,96.0,True,101.0,37.78929,-122.426797,37.79046821683664,-122.41304940729947
,97.0,dn8,pkg64,97.0,True,104.0,37.718779,-122.462401,37.72040460826772,-122.46376349988715
,100.0,dn13,pkg66,100.0,True,110.0,37.739611,-122.492203,37.754135315292906,-122.49282445144439
,5.0,dn1,pkg6,5.0,True,11.0,37.774524,-122.473656,37.78348973168314,-122.4893834751707
,5.0,dn4,pkg12,5.0,True,13.0,37.751751,-122.410654,37.76843103846981,-122.4132328430148
,5.0,dn7,pkg16,5,True,10.0,37.718779,-122.462401,37.723027358571834,-122.4767077925757
,5.0,dn13,pkg21,5.0,True,11.0,37.739611,-122.492203,37.734285940806586,-122.50187467755349
,6.0,dn3,pkg17,6.0,True,13.0,37.774524,-122.473656,37.76935924165125,-122.46733122045038
,7.0,dn2,pkg11,7.0,True,12.0,37.774524,-122.473656,37.77158112411336,-122.49008727254666
,8.0,dn9,pkg19,8,True,15.0,37.718779,-122.462401,37.75222097820002,-122.46352406907221
,8.0,dn15,pkg8,8.0,True,17.0,37.739611,-122.492203,37.75124512987171,-122.50386792505752
,8.0,dn11,pkg2,8,True,18.0,37.78929,-122.426797,37.774409816063184,-122.4109320603549
,8.0,dn14,pkg4,8.0,True,14.0,37.739611,-122.492203,37.743514835480426,-122.50465798184214
,9.0,dn5,pkg9,9.0,True,15.0,37.751751,-122.410654,37.74646641153309,-122.40193047550675
,9.0,dn8,pkg3,9.0,True,15.0,37.718779,-122.462401,37.71048839725931,-122.42717619421013
,10.0,dn12,pkg15,10.0,True,20.0,37.78929,-122.426797,37.770368243392774,-122.44817219363078
,10.0,dn7,pkg10,10,True,14.0,37.718779,-122.462401,37.72109221417244,-122.46430287465492
,11.0,dn6,pkg1,11,False,10.0,37.751751,-122.410654,37.756583054716614,-122.44819378703077
,12.0,dn1,pkg18,12,True,18.0,37.774524,-122.473656,37.78948577469524,-122.46111828986169
,13.0,dn10,pkg14,13,True,17.0,37.78929,-122.426797,37.761208829383314,-122.46347075019229
,13.0,dn3,pkg7,13,True,15.0,37.774524,-122.473656,37.761135370951,-122.48518848504676
,13.0,dn7,pkg22,13,True,16.0,37.718779,-122.462401,37.71694119363324,-122.45512383835599
,15.0,dn4,pkg13,15,True,18.0,37.751751,-122.410654,37.75210835989843,-122.45390246049956
,17.0,dn2,pkg26,17.0,True,26.0,37.774524,-122.473656,37.777016578125476,-122.49232124963603
,19.0,dn13,pkg24,19,True,21.0,37.739611,-122.492203,37.75400664692517,-122.46494542945136
,19.0,dn15,pkg27,19,True,24.0,37.739611,-122.492203,37.78215428672963,-122.48576223579934
,19.0,dn8,pkg5,19,True,19.0,37.718779,-122.462401,37.726442717343694,-122.41269331920611
,21.0,dn5,pkg20,21,False,15.0,37.751751,-122.410654,37.76479688002672,-122.4402699663841
,21.0,dn11,pkg28,21.0,True,31.0,37.78929,-122.426797,37.78314456660666,-122.41357652009552
,22.0,dn9,pkg23,22,False,17.0,37.718779,-122.462401,37.73852332970952,-122.42440202423543
,23.0,dn12,pkg29,23.0,True,30.0,37.78929,-122.426797,37.79542876838841,-122.41376327525138
,25.0,dn7,pkg25,25,False,22.0,37.718779,-122.462401,37.743246989194,-122.43050747775212
,26.0,dn4,pkg30,26,True,33.0,37.751751,-122.410654,37.740939126419526,-122.3966805492134
,27.0,dn1,pkg32,27.0,True,37.0,37.774524,-122.473656,37.78032705803985,-122.468955202427
,27.0,dn14,pkg33,27.0,True,34.0,37.739611,-122.492203,37.74701629132448,-122.49831628047102
,28.0,dn6,pkg31,28,True,31.0,37.751751,-122.410654,37.73479852576167,-122.42765837455221
,31.0,dn8,pkg34,31.0,True,41.0,37.718779,-122.462401,37.72373146626614,-122.43038430302411
,34.0,dn9,pkg35,34.0,True,39.0,37.718779,-122.462401,37.72032809458144,-122.44223955582143
,35.0,dn15,pkg37,35,True,42.0,37.739611,-122.492203,37.710653210079286,-122.44927696060762
,38.0,dn5,pkg38,38.0,True,45.0,37.751751,-122.410654,37.71754988738619,-122.4025193014834
,38.0,dn1,pkg39,38.0,True,47.0,37.774524,-122.473656,37.77835863494764,-122.45109779876067
,41.0,dn4,pkg36,41,True,41.0,37.751751,-122.410654,37.716799871582026,-122.44402498374055
,44.0,dn7,pkg40,44,True,44.0,37.718779,-122.462401,37.72735628717495,-122.43476958876356
,47.0,dn5,pkg42,47.0,True,54.0,37.751751,-122.410654,37.72024167219397,-122.39869333275027
,48.0,dn15,pkg45,48.0,True,57.0,37.739611,-122.492203,37.7372019508508,-122.50655602618463
,50.0,dn6,pkg41,50,True,52.0,37.751751,-122.410654,37.71048701981994,-122.41951329035733
,51.0,dn2,pkg44,51,True,57.0,37.774524,-122.473656,37.74071050551148,-122.48789782160556
,52.0,dn11,pkg46,52.0,True,58.0,37.78929,-122.426797,37.79389047987715,-122.43693243839554
,54.0,dn10,pkg43,54,True,59.0,37.78929,-122.426797,37.75130576109317,-122.42163994048073
,56.0,dn1,pkg48,56,True,60.0,37.774524,-122.473656,37.77227681830149,-122.43636024269647
,58.0,dn3,pkg47,58,True,61.0,37.774524,-122.473656,37.757016494775,-122.44084177374911
,61.0,dn13,pkg49,61.0,True,71.0,37.739611,-122.492203,37.77469157030695,-122.48871112646414
,63.0,dn5,pkg50,63,True,69.0,37.751751,-122.410654,37.768038930390716,-122.43061397770234
,64.0,dn15,pkg52,64.0,True,70.0,37.739611,-122.492203,37.72242918131542,-122.45025896376356
,65.0,dn11,pkg53,65,True,74.0,37.78929,-122.426797,37.77977814761022,-122.46385418024467
,69.0,dn8,pkg54,69.0,True,79.0,37.718779,-122.462401,37.73582835465649,-122.4959963031427
,70.0,dn12,pkg51,70,False,68.0,37.78929,-122.426797,37.78348422625779,-122.48183930836767
,73.0,dn7,pkg55,73,True,75.0,37.718779,-122.462401,37.71671013479617,-122.41996876866492
,76.0,dn9,pkg56,76.0,True,84.0,37.718779,-122.462401,37.71032015819804,-122.48998904406858
,79.0,dn1,pkg57,79.0,True,87.0,37.774524,-122.473656,37.765899145450206,-122.49074946884836
,80.0,dn3,pkg59,80.0,True,86.0,37.774524,-122.473656,37.77468473038169,-122.48087644298951
,82.0,dn2,pkg58,82,True,88.0,37.774524,-122.473656,37.757848166718766,-122.43975753044833
,82.0,dn13,pkg61,82.0,True,89.0,37.739611,-122.492203,37.76420522362526,-122.50084594222609
,83.0,dn8,pkg60,83.0,True,91.0,37.718779,-122.462401,37.70814496333075,-122.41205760489167
,85.0,dn9,pkg62,85.0,True,90.0,37.718779,-122.462401,37.726441858053526,-122.4703388255957
,88.0,dn10,pkg63,88.0,True,94.0,37.78929,-122.426797,37.778160065080314,-122.42969115536776
,90.0,dn3,pkg64,90,True,99.0,37.774524,-122.473656,37.75975691580835,-122.49002066368611
,93.0,dn4,pkg65,93,True,102.0,37.751751,-122.410654,37.778799635020384,-122.40904209863808
,97.0,dn1,pkg66,97.0,True,105.0,37.774524,-122.473656,37.77098446083359,-122.5025495475993
,99.0,dn7,pkg68,99.0,True,105.0,37.718779,-122.462401,37.716762694243,-122.4598295703928
,100.0,dn5,pkg67,100,True,103.0,37.751751,-122.410654,37.721742911066976,-122.40010003473813
,5.0,dn6,pkg10,5,True,13.0,37.751751,-122.410654,37.72247372387939,-122.39412577697969
,5.0,dn7,pkg14,5,True,12.0,37.718779,-122.462401,37.7090760968889,-122.46911000438166
,5.0,dn10,pkg17,5.0,True,15.0,37.78929,-122.426797,37.78257936005049,-122.46476216843213
,6.0,dn9,pkg13,6,True,14.0,37.718779,-122.462401,37.74395501873882,-122.48431731283807
,6.0,dn11,pkg12,6.0,True,13.0,37.78929,-122.426797,37.773732774690735,-122.4303422052836
,7.0,dn8,pkg21,7,True,13.0,37.718779,-122.462401,37.70755713730559,-122.4913477378035
,7.0,dn12,pkg19,7,True,12.0,37.78929,-122.426797,37.79681300095686,-122.4052267294959
,7.0,dn13,pkg20,7.0,True,12.0,37.739611,-122.492203,37.756476923434995,-122.4968508208345
,7.0,dn14,pkg9,7.0,True,17.0,37.739611,-122.492203,37.73896573580485,-122.49672783729544
,9.0,dn1,pkg6,9,True,14.0,37.774524,-122.473656,37.76911768325026,-122.43489678381482
,9.0,dn3,pkg18,9,True,17.0,37.774524,-122.473656,37.79195212804162,-122.50268513632422
,10.0,dn4,pkg1,10.0,True,18.0,37.751751,-122.410654,37.74990689457286,-122.43376937525467
,10.0,dn5,pkg2,10.0,True,20.0,37.751751,-122.410654,37.73318509158909,-122.418269968286
,10.0,dn2,pkg22,10.0,True,17.0,37.774524,-122.473656,37.783770975427835,-122.47626697633976
,10.0,dn15,pkg11,10.0,True,15.0,37.739611,-122.492203,37.75809625453187,-122.49815800701461
,11.0,dn7,pkg16,11,True,12.0,37.718779,-122.462401,37.71936727104897,-122.46534940723402
,14.0,dn13,pkg25,14.0,True,24.0,37.739611,-122.492203,37.711782456912914,-122.48426445256257
,14.0,dn6,pkg7,14,True,14.0,37.751751,-122.410654,37.743138859797604,-122.41693927516981
,15.0,dn14,pkg4,15,True,15.0,37.739611,-122.492203,37.749898327879066,-122.45965957468465
,16.0,dn10,pkg8,16,True,19.0,37.78929,-122.426797,37.775485294113146,-122.40963888743951
,16.0,dn12,pkg5,16,False,15.0,37.78929,-122.426797,37.78516497053944,-122.42170396884309
,18.0,dn11,pkg23,18,False,15.0,37.78929,-122.426797,37.783412166770766,-122.4708459031035
,19.0,dn8,pkg27,19.0,True,29.0,37.718779,-122.462401,37.711940045441445,-122.4660671241244
,21.0,dn3,pkg24,21,False,20.0,37.774524,-122.473656,37.79600759985033,-122.48968603868836
,22.0,dn2,pkg26,22,True,24.0,37.774524,-122.473656,37.78650801934676,-122.44964168486018
,22.0,dn4,pkg15,22,False,15.0,37.751751,-122.410654,37.77485934102245,-122.42634245246586
,23.0,dn5,pkg29,23.0,True,32.0,37.751751,-122.410654,37.75698921855074,-122.4002418321532
,24.0,dn7,pkg3,24,False,13.0,37.718779,-122.462401,37.75335545288137,-122.43391555105862
,24.0,dn1,pkg28,24.0,True,31.0,37.774524,-122.473656,37.79178900021854,-122.46999036051162
,31.0,dn6,pkg30,31,True,40.0,37.751751,-122.410654,37.73625648361085,-122.4004294566915
,31.0,dn10,pkg31,31,True,37.0,37.78929,-122.426797,37.7942601108887,-122.44347847748762
,35.0,dn8,pkg32,35.0,True,45.0,37.718779,-122.462401,37.711457813440596,-122.46868388984605
,36.0,dn9,pkg34,36,True,43.0,37.718779,-122.462401,37.70856393380195,-122.494367885807
,39.0,dn1,pkg36,39.0,True,49.0,37.774524,-122.473656,37.78217710016934,-122.43830601877113
,40.0,dn2,pkg35,40,True,48.0,37.774524,-122.473656,37.74077019744831,-122.45773722386924
,42.0,dn5,pkg33,42,True,44.0,37.751751,-122.410654,37.715581009006044,-122.43524911166956
,43.0,dn13,pkg37,43.0,True,49.0,37.739611,-122.492203,37.73408638409008,-122.49989322992178
,43.0,dn3,pkg38,43.0,True,52.0,37.774524,-122.473656,37.76571101720735,-122.47673097458642
,47.0,dn4,pkg39,47.0,True,54.0,37.751751,-122.410654,37.742481418123376,-122.40968912566998
,51.0,dn6,pkg40,51,True,54.0,37.751751,-122.410654,37.774400586419496,-122.41337317000902
,51.0,dn7,pkg41,51.0,True,58.0,37.718779,-122.462401,37.724572873471935,-122.50357549153188
,56.0,dn1,pkg42,56.0,True,61.0,37.774524,-122.473656,37.774750197765904,-122.4597167620833
,60.0,dn8,pkg43,60.0,True,65.0,37.718779,-122.462401,37.72400660401588,-122.45798235794994
,60.0,dn11,pkg46,60.0,True,66.0,37.78929,-122.426797,37.76326734027221,-122.42007512506798
,61.0,dn2,pkg45,61,True,66.0,37.774524,-122.473656,37.79117889544241,-122.47834298767641
,62.0,dn4,pkg44,62.0,True,68.0,37.751751,-122.410654,37.7284605877144,-122.3941649350562
,66.0,dn10,pkg49,66.0,True,73.0,37.78929,-122.426797,37.787542055042934,-122.43905951942892
,67.0,dn13,pkg48,67,True,74.0,37.739611,-122.492203,37.75670775891593,-122.50445538285916
,68.0,dn3,pkg47,68,True,74.0,37.774524,-122.473656,37.75443148985425,-122.494507840711
,71.0,dn5,pkg52,71.0,True,81.0,37.751751,-122.410654,37.74940830014738,-122.42910377050652
,72.0,dn7,pkg51,72.0,True,80.0,37.718779,-122.462401,37.74171573104992,-122.43222857376264
,73.0,dn6,pkg50,73,True,74.0,37.751751,-122.410654,37.72354374354019,-122.42789326208174
,76.0,dn1,pkg55,76.0,True,86.0,37.774524,-122.473656,37.78874380344233,-122.48259818918777
,77.0,dn4,pkg53,77.0,True,87.0,37.751751,-122.410654,37.725640477746275,-122.39556647952668
,81.0,dn2,pkg54,81,True,85.0,37.774524,-122.473656,37.745895756713814,-122.49060434673403
,82.0,dn10,pkg56,82,True,84.0,37.78929,-122.426797,37.76487448135112,-122.47072482538881
,83.0,dn8,pkg57,83,True,91.0,37.718779,-122.462401,37.736238610019036,-122.49421494261571
,85.0,dn1,pkg60,85,True,92.0,37.774524,-122.473656,37.746222205174114,-122.45048487320543
,86.0,dn13,pkg58,86,True,90.0,37.739611,-122.492203,37.762841290913194,-122.49300548416674
,86.0,dn14,pkg59,86,True,96.0,37.739611,-122.492203,37.761283770031014,-122.49432368202292
,88.0,dn3,pkg61,88,True,92.0,37.774524,-122.473656,37.7845562613117,-122.45255450873194
,94.0,dn11,pkg62,94.0,True,104.0,37.78929,-122.426797,37.79198089013106,-122.43230339327042
,95.0,dn7,pkg63,95,True,99.0,37.718779,-122.462401,37.71358886435545,-122.44043845611512
,99.0,dn9,pkg64,99.0,True,106.0,37.718779,-122.462401,37.71384225523998,-122.45238030748344
,5.0,dn11,pkg5,5,True,13.0,37.78929,-122.426797,37.777672518929705,-122.39840946245735
,5.0,dn14,pkg1,5,True,10.0,37.739611,-122.492203,37.71640267890645,-122.4523631375392
,5.0,dn7,pkg14,5,True,11.0,37.718779,-122.462401,37.70880713334333,-122.43157823245191
,7.0,dn3,pkg6,7,True,14.0,37.774524,-122.473656,37.75150515853212,-122.5029524680334
,7.0,dn13,pkg4,7,True,13.0,37.739611,-122.492203,37.72441360248346,-122.50469091843526
,7.0,dn2,pkg20,7.0,True,12.0,37.774524,-122.473656,37.79461079416718,-122.47741469843311
,7.0,dn4,pkg21,7.0,True,14.0,37.751751,-122.410654,37.736622238897866,-122.43328755188148
,7.0,dn8,pkg3,7.0,True,12.0,37.718779,-122.462401,37.7282470276742,-122.46444746808312
,7.0,dn12,pkg11,7.0,True,14.0,37.78929,-122.426797,37.78426038936351,-122.406385205999
,8.0,dn10,pkg19,8,True,11.0,37.78929,-122.426797,37.76102921216825,-122.43236374878526
,9.0,dn1,pkg2,9.0,True,15.0,37.774524,-122.473656,37.78575488350322,-122.49981863789237
,9.0,dn9,pkg8,9.0,True,14.0,37.718779,-122.462401,37.720926122730496,-122.45712886368098
,9.0,dn5,pkg17,9.0,True,14.0,37.751751,-122.410654,37.750455129734576,-122.45013266170633
,11.0,dn6,pkg18,11,True,17.0,37.751751,-122.410654,37.71019725197957,-122.41469790522414
,12.0,dn15,pkg12,12,True,13.0,37.739611,-122.492203,37.70823614132585,-122.46152078162524
,13.0,dn4,pkg16,13,True,16.0,37.751751,-122.410654,37.72771785751747,-122.42785885187868
,13.0,dn9,pkg22,13,True,17.0,37.718779,-122.462401,37.721844938215796,-122.50518829503389
,13.0,dn11,pkg15,13,True,18.0,37.78929,-122.426797,37.78416178623574,-122.43487231660119
,15.0,dn14,pkg26,15,True,21.0,37.739611,-122.492203,37.76415101097771,-122.49856932148093
,18.0,dn12,pkg28,18.0,True,24.0,37.78929,-122.426797,37.77119753787263,-122.42857407370491
,18.0,dn2,pkg7,18,False,14.0,37.774524,-122.473656,37.7879402338854,-122.4960571576678
,18.0,dn4,pkg24,18,True,21.0,37.751751,-122.410654,37.75761517807596,-122.41337428792961
,21.0,dn10,pkg23,21,False,17.0,37.78929,-122.426797,37.78507330608545,-122.4828126717496
,21.0,dn11,pkg25,21,False,17.0,37.78929,-122.426797,37.77216110676808,-122.43701818987563
,22.0,dn7,pkg13,22,False,19.0,37.718779,-122.462401,37.74728939594142,-122.4804289061068
,22.0,dn8,pkg29,22,True,28.0,37.718779,-122.462401,37.74089762634491,-122.48284094667166
,23.0,dn3,pkg9,23,False,16.0,37.774524,-122.473656,37.79337006133308,-122.49879445783755
,24.0,dn1,pkg31,24,True,29.0,37.774524,-122.473656,37.784194294600155,-122.44488539548438
,25.0,dn13,pkg27,25,False,19.0,37.739611,-122.492203,37.776134183618645,-122.46721855270486
,27.0,dn4,pkg33,27,True,27.0,37.751751,-122.410654,37.76673957682531,-122.41332208917095
,27.0,dn12,pkg37,27.0,True,33.0,37.78929,-122.426797,37.79246671483548,-122.42040515535182
,29.0,dn9,pkg32,29,True,32.0,37.718779,-122.462401,37.72905473137846,-122.42036262911431
,29.0,dn14,pkg36,29.0,True,38.0,37.739611,-122.492203,37.72722607524829,-122.48939970871432
,30.0,dn5,pkg30,30,False,26.0,37.751751,-122.410654,37.72926358923871,-122.45105541378051
,32.0,dn2,pkg39,32,True,39.0,37.774524,-122.473656,37.756449557787775,-122.48806351146953
,33.0,dn6,pkg35,33,True,39.0,37.751751,-122.410654,37.7739140000299,-122.44860575297285
,35.0,dn10,pkg38,35.0,True,44.0,37.78929,-122.426797,37.794059711902115,-122.41357081225385
,35.0,dn15,pkg41,35,True,42.0,37.739611,-122.492203,37.7535908204721,-122.46856235458064
,35.0,dn14,pkg42,35,True,42.0,37.739611,-122.492203,37.74767107250931,-122.4859755386436
,37.0,dn12,pkg40,37.0,True,42.0,37.78929,-122.426797,37.79534137803117,-122.4342862064658
,43.0,dn1,pkg43,43.0,True,48.0,37.774524,-122.473656,37.75530906655989,-122.45907239106621
,43.0,dn4,pkg45,43,True,47.0,37.751751,-122.410654,37.77008246053314,-122.42566065281976
,45.0,dn13,pkg44,45,True,48.0,37.739611,-122.492203,37.73056920723449,-122.44206115703925
,45.0,dn2,pkg46,45.0,True,54.0,37.774524,-122.473656,37.79122725724588,-122.45009486941782
,50.0,dn3,pkg48,50.0,True,58.0,37.774524,-122.473656,37.77124297049974,-122.47932456676011
,52.0,dn7,pkg47,52,True,56.0,37.718779,-122.462401,37.72640700526482,-122.42111628496006
,54.0,dn10,pkg49,54,True,57.0,37.78929,-122.426797,37.77969937781149,-122.45471849531356
,55.0,dn5,pkg50,55,True,62.0,37.751751,-122.410654,37.725415749548915,-122.42579176423733
,59.0,dn1,pkg51,59.0,True,65.0,37.774524,-122.473656,37.75977424881952,-122.50158515727101
,60.0,dn2,pkg52,60.0,True,69.0,37.774524,-122.473656,37.7636872172804,-122.45493529686081
,63.0,dn8,pkg53,63,True,72.0,37.718779,-122.462401,37.707165743068956,-122.4409629389525
,63.0,dn3,pkg54,63.0,True,73.0,37.774524,-122.473656,37.75505160030719,-122.48164424495701
,66.0,dn4,pkg55,66.0,True,72.0,37.751751,-122.410654,37.7482386384831,-122.4241460509183
,68.0,dn6,pkg56,68,True,74.0,37.751751,-122.410654,37.78183246848274,-122.40139756284282
,72.0,dn1,pkg57,72.0,True,78.0,37.774524,-122.473656,37.76986470978532,-122.45547168162544
,73.0,dn2,pkg58,73.0,True,79.0,37.774524,-122.473656,37.782528338161335,-122.50518346155522
,77.0,dn3,pkg59,77,True,86.0,37.774524,-122.473656,37.792947062436376,-122.45964836556992
,79.0,dn11,pkg60,79,True,85.0,37.78929,-122.426797,37.777784496146715,-122.45248954580967
,80.0,dn12,pkg61,80.0,True,89.0,37.78929,-122.426797,37.79645035027392,-122.39966406905826
,83.0,dn1,pkg63,83,True,89.0,37.774524,-122.473656,37.7598200219686,-122.4890772912731
,84.0,dn10,pkg62,84,True,85.0,37.78929,-122.426797,37.76331109313096,-122.47210201649563
,84.0,dn2,pkg64,84,True,91.0,37.774524,-122.473656,37.74667412883745,-122.45345181471427
,94.0,dn13,pkg65,94,True,98.0,37.739611,-122.492203,37.77284009404137,-122.47167073027327
,98.0,dn3,pkg66,98,True,100.0,37.774524,-122.473656,37.746745130431314,-122.48994298500598
,99.0,dn1,pkg67,99,True,106.0,37.774524,-122.473656,37.74892899973095,-122.47876901085311
,5.0,dn15,pkg3,5.0,True,15.0,37.739611,-122.492203,37.72469215086981,-122.49535078799265
,6.0,dn13,pkg2,6,True,13.0,37.739611,-122.492203,37.721251671274075,-122.49840454687858
,6.0,dn2,pkg17,6.0,True,16.0,37.774524,-122.473656,37.78894195622234,-122.48955881362292
,6.0,dn4,pkg8,6.0,True,14.0,37.751751,-122.410654,37.73246847422869,-122.40001781487514
,6.0,dn8,pkg11,6.0,True,15.0,37.718779,-122.462401,37.73275632732071,-122.44159047199754
,6.0,dn10,pkg10,6.0,True,16.0,37.78929,-122.426797,37.79203219178937,-122.42306317804116
,6.0,dn11,pkg18,6.0,True,12.0,37.78929,-122.426797,37.78176758686276,-122.40679156948882
,6.0,dn6,pkg7,6.0,True,16.0,37.751751,-122.410654,37.711735391298674,-122.41888482408163
,7.0,dn3,pkg20,7,True,14.0,37.774524,-122.473656,37.781503859457764,-122.42531338165622
,7.0,dn14,pkg4,7,True,14.0,37.739611,-122.492203,37.73248461131296,-122.47358422321506
,7.0,dn5,pkg15,7.0,True,17.0,37.751751,-122.410654,37.72371449788237,-122.42236023291736
,8.0,dn12,pkg19,8.0,True,18.0,37.78929,-122.426797,37.79322328432238,-122.39759170386094
,9.0,dn9,pkg23,9,True,14.0,37.718779,-122.462401,37.73166893978224,-122.49354155212772
,13.0,dn1,pkg9,13,True,18.0,37.774524,-122.473656,37.78391951952667,-122.42717331470568
,13.0,dn7,pkg21,13,False,10.0,37.718779,-122.462401,37.727595045822866,-122.40883118635634
,15.0,dn15,pkg27,15.0,True,24.0,37.739611,-122.492203,37.73186721984779,-122.45455362437473
,15.0,dn2,pkg28,15,True,19.0,37.774524,-122.473656,37.734303707074986,-122.49903797601837
,16.0,dn11,pkg1,16,False,14.0,37.78929,-122.426797,37.776269401446044,-122.4777081068328
,16.0,dn13,pkg6,16,False,13.0,37.739611,-122.492203,37.75006031369243,-122.50603762278391
,17.0,dn8,pkg22,17,False,14.0,37.718779,-122.462401,37.72597379803316,-122.43349324960343
,17.0,dn14,pkg14,17,True,18.0,37.739611,-122.492203,37.730698703871994,-122.473587972555
,18.0,dn5,pkg25,18,True,18.0,37.751751,-122.410654,37.77760887991699,-122.408881235317
,18.0,dn9,pkg26,18,True,20.0,37.718779,-122.462401,37.71232539283012,-122.46720077551575
,19.0,dn6,pkg29,19,True,23.0,37.751751,-122.410654,37.78299964483351,-122.41235951652239
,21.0,dn10,pkg12,21,False,17.0,37.78929,-122.426797,37.77656234526887,-122.47782891866159
,22.0,dn12,pkg30,22.0,True,28.0,37.78929,-122.426797,37.765413094106584,-122.47197957056352
,22.0,dn3,pkg24,22,False,16.0,37.774524,-122.473656,37.73529793014813,-122.47665026776272
,25.0,dn4,pkg13,25,False,17.0,37.751751,-122.410654,37.71012716894802,-122.40111429295607
,26.0,dn15,pkg31,26,True,30.0,37.739611,-122.492203,37.778181720084305,-122.46403510528759
,27.0,dn9,pkg33,27,True,33.0,37.718779,-122.462401,37.70855796850346,-122.49618439548425
,27.0,dn2,pkg32,27,True,31.0,37.774524,-122.473656,37.796365536052726,-122.46095062680129
,29.0,dn11,pkg35,29,True,31.0,37.78929,-122.426797,37.7584866562255,-122.4210383233299
,29.0,dn5,pkg34,29.0,True,34.0,37.751751,-122.410654,37.75234062778309,-122.4100974005307
,34.0,dn7,pkg37,34,True,39.0,37.718779,-122.462401,37.75067269282133,-122.4912393222702
,36.0,dn13,pkg36,36,True,36.0,37.739611,-122.492203,37.77918280693529,-122.47679437546404
,36.0,dn14,pkg38,36,True,38.0,37.739611,-122.492203,37.76969774584414,-122.50551990864906
,37.0,dn1,pkg39,37,True,37.0,37.774524,-122.473656,37.747652589707606,-122.49611134759925
,40.0,dn5,pkg40,40.0,True,47.0,37.751751,-122.410654,37.76618114980148,-122.40471399189201
,47.0,dn4,pkg41,47.0,True,54.0,37.751751,-122.410654,37.727593252671724,-122.4073568825108
,51.0,dn2,pkg42,51,True,56.0,37.774524,-122.473656,37.75513627020923,-122.46088226758417
,51.0,dn15,pkg44,51.0,True,58.0,37.739611,-122.492203,37.7579257120711,-122.50141994121431
,54.0,dn3,pkg43,54,True,58.0,37.774524,-122.473656,37.75010818298956,-122.48814865891619
,57.0,dn5,pkg45,57.0,True,65.0,37.751751,-122.410654,37.73139403865674,-122.41025764035261
,59.0,dn4,pkg46,59.0,True,66.0,37.751751,-122.410654,37.73471550154156,-122.42640545994978
,60.0,dn1,pkg47,60.0,True,65.0,37.774524,-122.473656,37.79035661978426,-122.47380450045479
,61.0,dn6,pkg49,61.0,True,70.0,37.751751,-122.410654,37.752824923892454,-122.42409457379509
,62.0,dn11,pkg48,62,True,70.0,37.78929,-122.426797,37.7562970786115,-122.404967571447
,64.0,dn14,pkg50,64,True,70.0,37.739611,-122.492203,37.71630372129087,-122.50412898076354
,68.0,dn8,pkg52,68,True,69.0,37.718779,-122.462401,37.723189290930826,-122.42865281525737
,68.0,dn10,pkg53,68,True,71.0,37.78929,-122.426797,37.79218957060987,-122.44950290420549
,70.0,dn7,pkg51,70,True,72.0,37.718779,-122.462401,37.7443962765272,-122.48781399669899
,73.0,dn1,pkg54,73.0,True,81.0,37.774524,-122.473656,37.79270473322328,-122.46677573135639
,74.0,dn6,pkg55,74.0,True,79.0,37.751751,-122.410654,37.74699130839513,-122.4392354552001
,75.0,dn4,pkg56,75,True,84.0,37.751751,-122.410654,37.73008095621509,-122.44276048831418
,75.0,dn5,pkg57,75.0,True,80.0,37.751751,-122.410654,37.74923699794035,-122.43841111181129
,79.0,dn3,pkg58,79.0,True,85.0,37.774524,-122.473656,37.77421956553291,-122.46479377484938
,81.0,dn2,pkg60,81,True,89.0,37.774524,-122.473656,37.74940430547473,-122.46799706427606
,87.0,dn5,pkg59,87,True,88.0,37.751751,-122.410654,37.7306958725044,-122.40343810658796
,91.0,dn8,pkg61,91,True,95.0,37.718779,-122.462401,37.721910425057736,-122.42934602937657
,100.0,dn4,pkg63,100,True,105.0,37.751751,-122.410654,37.71927594938686,-122.39454398088938
,5.0,dn7,pkg6,5.0,True,10.0,37.718779,-122.462401,37.71535832866921,-122.49385821854317
,5.0,dn1,pkg20,5.0,True,11.0,37.774524,-122.473656,37.77232452755731,-122.45487832068768
,5.0,dn2,pkg11,5,True,12.0,37.774524,-122.473656,37.76437414791612,-122.46376930740642
,5.0,dn4,pkg5,5,True,10.0,37.751751,-122.410654,37.76523401204668,-122.40550517168461
,6.0,dn15,pkg13,6.0,True,13.0,37.739611,-122.492203,37.751720554559455,-122.49200882214929
,7.0,dn14,pkg14,7.0,True,13.0,37.739611,-122.492203,37.73827990748039,-122.47367016855637
,7.0,dn13,pkg22,7.0,True,13.0,37.739611,-122.492203,37.74625980122087,-122.47574303843636
,8.0,dn9,pkg15,8,True,13.0,37.718779,-122.462401,37.73627327853229,-122.50187168279211
,8.0,dn11,pkg19,8.0,True,15.0,37.78929,-122.426797,37.78906103481632,-122.40916966787049
,9.0,dn10,pkg3,9.0,True,14.0,37.78929,-122.426797,37.786417377557235,-122.45239143070386
,9.0,dn6,pkg1,9.0,True,19.0,37.751751,-122.410654,37.728118931639045,-122.39903181854211
,10.0,dn12,pkg2,10.0,True,20.0,37.78929,-122.426797,37.76221069052036,-122.42634029209573
,10.0,dn3,pkg12,10,True,16.0,37.774524,-122.473656,37.75666518432158,-122.44566455747477
,13.0,dn5,pkg18,13,False,11.0,37.751751,-122.410654,37.745652506886024,-122.45062144391122
,14.0,dn8,pkg16,14,False,10.0,37.718779,-122.462401,37.71794556659393,-122.41344363820443
,14.0,dn4,pkg25,14.0,True,19.0,37.751751,-122.410654,37.72658273637989,-122.41227506141412
,15.0,dn1,pkg9,15,True,19.0,37.774524,-122.473656,37.75809622959861,-122.44422400002377
,15.0,dn11,pkg24,15,True,15.0,37.78929,-122.426797,37.79232869745497,-122.43661537624783
,16.0,dn7,pkg26,16,True,21.0,37.718779,-122.462401,37.70719929796009,-122.43299316908958
,18.0,dn2,pkg27,18,True,23.0,37.774524,-122.473656,37.77844836395447,-122.43041477337074
,18.0,dn15,pkg4,18,False,13.0,37.739611,-122.492203,37.711511350010845,-122.47337957471157
,19.0,dn14,pkg29,19.0,True,24.0,37.739611,-122.492203,37.731596816542954,-122.49242511550632
,21.0,dn13,pkg23,21,False,15.0,37.739611,-122.492203,37.73526382569904,-122.44307396678573
,22.0,dn6,pkg28,22,True,29.0,37.751751,-122.410654,37.72467902334436,-122.39608978816794
,26.0,dn9,pkg17,26,False,19.0,37.718779,-122.462401,37.739966300187604,-122.41611830601094
,38.0,dn6,pkg30,38,True,41.0,37.751751,-122.410654,37.7682674551938,-122.45674616939607
,40.0,dn1,pkg31,40.0,True,49.0,37.774524,-122.473656,37.783932021599185,-122.50712915207745
,41.0,dn2,pkg33,41,True,49.0,37.774524,-122.473656,37.79674803537636,-122.47786002458082
,42.0,dn11,pkg32,42.0,True,47.0,37.78929,-122.426797,37.793683215163774,-122.43483472774075
,45.0,dn4,pkg35,45,True,51.0,37.751751,-122.410654,37.716171393505995,-122.44062059236681
,46.0,dn3,pkg34,46.0,True,53.0,37.774524,-122.473656,37.782242936813304,-122.43828575927536
,46.0,dn13,pkg36,46.0,True,51.0,37.739611,-122.492203,37.769775537352174,-122.49598353840653
,47.0,dn5,pkg37,47.0,True,53.0,37.751751,-122.410654,37.75859702882641,-122.4196880859629
,50.0,dn14,pkg38,50,True,56.0,37.739611,-122.492203,37.78129971124751,-122.49548642818705
,56.0,dn6,pkg41,56.0,True,64.0,37.751751,-122.410654,37.727825383395164,-122.40350184279652
,58.0,dn11,pkg40,58,True,65.0,37.78929,-122.426797,37.75164740011907,-122.4447645911903
,60.0,dn1,pkg42,60.0,True,69.0,37.774524,-122.473656,37.7462806009042,-122.46536665901743
,61.0,dn10,pkg39,61,True,63.0,37.78929,-122.426797,37.7856977955355,-122.47143790143643
,63.0,dn4,pkg44,63.0,True,68.0,37.751751,-122.410654,37.76734534777697,-122.40063894055861
,65.0,dn2,pkg43,65,True,72.0,37.774524,-122.473656,37.75990932969779,-122.50136513365783
,66.0,dn5,pkg46,66.0,True,75.0,37.751751,-122.410654,37.73389210788992,-122.3959786361204
,69.0,dn7,pkg47,69.0,True,77.0,37.718779,-122.462401,37.72805735302758,-122.48772519752693
,71.0,dn12,pkg45,71,False,69.0,37.78929,-122.426797,37.794819805768434,-122.4739020691898
,71.0,dn6,pkg48,71,True,78.0,37.751751,-122.410654,37.786195952793825,-122.41312335045906
,72.0,dn3,pkg50,72.0,True,82.0,37.774524,-122.473656,37.76330611777404,-122.4483607965141
,72.0,dn1,pkg49,72,True,75.0,37.774524,-122.473656,37.768939669982984,-122.42018570896258
,74.0,dn11,pkg52,74.0,True,82.0,37.78929,-122.426797,37.78933063877655,-122.398912095625
,76.0,dn4,pkg51,76,True,79.0,37.751751,-122.410654,37.7663813969876,-122.405257957622
,79.0,dn13,pkg53,79.0,True,84.0,37.739611,-122.492203,37.75725204364457,-122.46445190852127
,81.0,dn5,pkg55,81.0,True,91.0,37.751751,-122.410654,37.7601732946994,-122.4312096781153
,81.0,dn14,pkg56,81.0,True,86.0,37.739611,-122.492203,37.742629244165215,-122.48292429178241
,84.0,dn7,pkg54,84,True,89.0,37.718779,-122.462401,37.74989629063156,-122.43026251690193
,85.0,dn15,pkg57,85.0,True,93.0,37.739611,-122.492203,37.74169426572908,-122.49511305014597
,88.0,dn6,pkg58,88.0,True,95.0,37.751751,-122.410654,37.74311588430567,-122.40355417012556
,90.0,dn1,pkg60,90.0,True,97.0,37.774524,-122.473656,37.78878550859137,-122.486589538463
,92.0,dn4,pkg59,92.0,True,97.0,37.751751,-122.410654,37.75091432618358,-122.423902022845
,95.0,dn5,pkg62,95,True,103.0,37.751751,-122.410654,37.73703414019759,-122.3984222356704
,96.0,dn2,pkg61,96.0,True,104.0,37.774524,-122.473656,37.79082101697862,-122.4681845524497
,5.0,dn4,pkg18,5.0,True,14.0,37.751751,-122.410654,37.74187454880931,-122.40189433126
,5.0,dn9,pkg6,5.0,True,11.0,37.718779,-122.462401,37.74957734743277,-122.47875904309716
,6.0,dn7,pkg15,6,True,14.0,37.718779,-122.462401,37.722809116787175,-122.44018031289944
,6.0,dn12,pkg19,6.0,True,16.0,37.78929,-122.426797,37.786442766644875,-122.44825850331179
,6.0,dn11,pkg2,6.0,True,16.0,37.78929,-122.426797,37.754447679164755,-122.40687000945552
,7.0,dn1,pkg21,7.0,True,12.0,37.774524,-122.473656,37.78522957976359,-122.44505376152496
,7.0,dn6,pkg4,7.0,True,16.0,37.751751,-122.410654,37.76211620203255,-122.4184603845845
,8.0,dn2,pkg12,8.0,True,13.0,37.774524,-122.473656,37.77530943837228,-122.50370043727862
,8.0,dn3,pkg1,8.0,True,17.0,37.774524,-122.473656,37.79572873053105,-122.44935906232121
,10.0,dn8,pkg5,10.0,True,17.0,37.718779,-122.462401,37.73149678295311,-122.49221878871693
,10.0,dn13,pkg8,10.0,True,18.0,37.739611,-122.492203,37.75757396112837,-122.4820719748288
,11.0,dn15,pkg16,11,True,13.0,37.739611,-122.492203,37.731703237753415,-122.45921723611734
,12.0,dn10,pkg7,12,True,16.0,37.78929,-122.426797,37.75515036053162,-122.41731574813855
,13.0,dn14,pkg20,13,False,11.0,37.739611,-122.492203,37.70949416953455,-122.47662179594649
,14.0,dn5,pkg3,14,False,13.0,37.751751,-122.410654,37.75444925117094,-122.46101714673937
,14.0,dn4,pkg14,14,True,15.0,37.751751,-122.410654,37.76604719566781,-122.40722071295255
,15.0,dn12,pkg9,15,True,15.0,37.78929,-122.426797,37.77187037487649,-122.40328684688399
,17.0,dn9,pkg26,17.0,True,26.0,37.718779,-122.462401,37.723008877539904,-122.41059267709177
,17.0,dn6,pkg13,17,True,18.0,37.751751,-122.410654,37.73974652779356,-122.39709493063171
,19.0,dn3,pkg17,19,False,16.0,37.774524,-122.473656,37.75730096976461,-122.46566398662928
,20.0,dn1,pkg23,20,True,21.0,37.774524,-122.473656,37.78810326553171,-122.44206975708123
,21.0,dn7,pkg29,21.0,True,26.0,37.718779,-122.462401,37.73293415399657,-122.47784267549576
,22.0,dn2,pkg10,22,False,19.0,37.774524,-122.473656,37.76178075528894,-122.50430660924269
,24.0,dn11,pkg25,24,False,23.0,37.78929,-122.426797,37.77440022782085,-122.46659797456128
,24.0,dn12,pkg27,24,False,21.0,37.78929,-122.426797,37.783717532578294,-122.43935533524605
,27.0,dn8,pkg33,27.0,True,34.0,37.718779,-122.462401,37.707303263886764,-122.49076271105328
,27.0,dn4,pkg30,27,False,23.0,37.751751,-122.410654,37.77608399580321,-122.41948536354413
,27.0,dn10,pkg31,27,True,29.0,37.78929,-122.426797,37.775258507407194,-122.44931653992805
,28.0,dn3,pkg32,28,True,29.0,37.774524,-122.473656,37.785067648111784,-122.45791600513691
,29.0,dn6,pkg34,29,True,32.0,37.751751,-122.410654,37.768382841058205,-122.41537090616652
,29.0,dn7,pkg28,29,False,27.0,37.718779,-122.462401,37.72241053587773,-122.41012256042636
,35.0,dn9,pkg35,35.0,True,41.0,37.718779,-122.462401,37.73893180278787,-122.4829055551968
,38.0,dn12,pkg36,38,True,42.0,37.78929,-122.426797,37.785137582152686,-122.45832984915154
,39.0,dn5,pkg38,39,True,45.0,37.751751,-122.410654,37.77486256167845,-122.40158691071836
,40.0,dn10,pkg37,40,True,48.0,37.78929,-122.426797,37.75370692519956,-122.4089045626701
,43.0,dn1,pkg39,43.0,True,49.0,37.774524,-122.473656,37.79589488836592,-122.47907102821934
,43.0,dn2,pkg41,43.0,True,48.0,37.774524,-122.473656,37.745846934841936,-122.47774916960664
,44.0,dn7,pkg42,44.0,True,49.0,37.718779,-122.462401,37.712999656465136,-122.46874115585406
,47.0,dn3,pkg40,47,True,54.0,37.774524,-122.473656,37.79092853850511,-122.43437647079953
,47.0,dn8,pkg44,47.0,True,55.0,37.718779,-122.462401,37.73790217843714,-122.46263016102705
,48.0,dn13,pkg45,48.0,True,55.0,37.739611,-122.492203,37.757072449378754,-122.45666258780615
,49.0,dn4,pkg43,49,True,52.0,37.751751,-122.410654,37.7265089039994,-122.42207629612314
,49.0,dn6,pkg46,49,True,55.0,37.751751,-122.410654,37.725481272821874,-122.399215792637
,53.0,dn2,pkg48,53.0,True,62.0,37.774524,-122.473656,37.77173936585767,-122.48927778987711
,54.0,dn9,pkg47,54,True,62.0,37.718779,-122.462401,37.748858685203174,-122.42825901105509
,57.0,dn1,pkg49,57.0,True,66.0,37.774524,-122.473656,37.78377452697975,-122.45901908942024
,60.0,dn5,pkg50,60.0,True,65.0,37.751751,-122.410654,37.73055718345352,-122.42687907198851
,60.0,dn13,pkg51,60.0,True,65.0,37.739611,-122.492203,37.767542357957666,-122.47238409104024
,61.0,dn10,pkg53,61.0,True,69.0,37.78929,-122.426797,37.79479447399585,-122.41995992402398
,61.0,dn7,pkg54,61.0,True,71.0,37.718779,-122.462401,37.72294527944995,-122.45833252858282
,62.0,dn11,pkg52,62.0,True,69.0,37.78929,-122.426797,37.79140375402286,-122.43444659241239
,67.0,dn2,pkg55,67.0,True,76.0,37.774524,-122.473656,37.77137363561999,-122.4811056290407
,69.0,dn14,pkg58,69.0,True,74.0,37.739611,-122.492203,37.75546173919732,-122.47026096511904
,70.0,dn3,pkg57,70.0,True,75.0,37.774524,-122.473656,37.79596362659935,-122.49204737455943
,70.0,dn7,pkg59,70.0,True,79.0,37.718779,-122.462401,37.71889820624721,-122.50471547950369
,71.0,dn5,pkg61,71.0,True,78.0,37.751751,-122.410654,37.759097352430466,-122.41249230152619
,73.0,dn4,pkg56,73,True,78.0,37.751751,-122.410654,37.774503095636106,-122.4348904420813
,75.0,dn6,pkg60,75,True,85.0,37.751751,-122.410654,37.791242767885436,-122.42247728923353
,77.0,dn10,pkg65,77.0,True,87.0,37.78929,-122.426797,37.77962221515586,-122.41346183646209
,79.0,dn1,pkg62,79.0,True,89.0,37.774524,-122.473656,37.74837109057379,-122.48725366162175
,81.0,dn11,pkg64,81,True,81.0,37.78929,-122.426797,37.757583437139715,-122.40072412872917
,83.0,dn5,pkg67,83,True,87.0,37.751751,-122.410654,37.73477800181582,-122.45454229915507
,85.0,dn2,pkg68,85.0,True,95.0,37.774524,-122.473656,37.78534959254956,-122.4711637411883
,86.0,dn12,pkg66,86,True,90.0,37.78929,-122.426797,37.7614717358098,-122.39645896696241
,91.0,dn8,pkg70,91,True,97.0,37.718779,-122.462401,37.70748614769986,-122.43028378424304
,92.0,dn7,pkg69,92.0,True,98.0,37.718779,-122.462401,37.70781835354724,-122.46641485910312
,92.0,dn9,pkg72,92.0,True,97.0,37.718779,-122.462401,37.730349141510445,-122.46719775035096
,93.0,dn10,pkg71,93.0,True,99.0,37.78929,-122.426797,37.79095541736855,-122.41015359970662
,96.0,dn4,pkg73,96.0,True,105.0,37.751751,-122.410654,37.75536284781483,-122.40259947888356
,99.0,dn5,pkg74,99.0,True,108.0,37.751751,-122.410654,37.7861568823095,-122.40540730712809
,5.0,dn1,pkg10,5.0,True,13.0,37.774524,-122.473656,37.76731266491175,-122.46471385050006
,6.0,dn4,pkg21,6.0,True,16.0,37.751751,-122.410654,37.74829202048958,-122.42958668520163
,6.0,dn6,pkg20,6,True,16.0,37.751751,-122.410654,37.77404491196247,-122.43207909671148
,8.0,dn5,pkg4,8,True,15.0,37.751751,-122.410654,37.76358814560829,-122.43488229222037
,8.0,dn2,pkg3,8,True,15.0,37.774524,-122.473656,37.796831777658404,-122.49161088299161
,8.0,dn3,pkg2,8.0,True,17.0,37.774524,-122.473656,37.77425006176627,-122.49253175229411
,8.0,dn14,pkg13,8.0,True,17.0,37.739611,-122.492203,37.738493910524596,-122.49174041143989
,9.0,dn7,pkg19,9.0,True,16.0,37.718779,-122.462401,37.711487844091515,-122.49486978089551
,9.0,dn9,pkg5,9,True,14.0,37.718779,-122.462401,37.74102059613487,-122.4960174207802
,9.0,dn4,pkg17,9,True,14.0,37.751751,-122.410654,37.75474980365009,-122.41369865184154
,10.0,dn8,pkg18,10.0,True,17.0,37.718779,-122.462401,37.71320801018247,-122.43085138948354
,10.0,dn10,pkg15,10.0,True,18.0,37.78929,-122.426797,37.78334716934541,-122.40798711109193
,10.0,dn11,pkg8,10.0,True,18.0,37.78929,-122.426797,37.772537737894325,-122.42290711095607
,10.0,dn12,pkg22,10.0,True,17.0,37.78929,-122.426797,37.76519670141148,-122.43156047646438
,10.0,dn13,pkg12,10.0,True,19.0,37.739611,-122.492203,37.75632808120569,-122.50140256470034
,10.0,dn15,pkg14,10,True,14.0,37.739611,-122.492203,37.715452129545476,-122.48891511792398
,14.0,dn14,pkg23,14,True,16.0,37.739611,-122.492203,37.728137032852786,-122.50207893978042
,14.0,dn4,pkg11,14,True,18.0,37.751751,-122.410654,37.76294485873651,-122.41353847110254
,15.0,dn1,pkg6,15,True,15.0,37.774524,-122.473656,37.74787000649204,-122.43057413485569
,18.0,dn3,pkg26,18,True,26.0,37.774524,-122.473656,37.7813298238825,-122.44359653502846
,18.0,dn10,pkg1,18,True,18.0,37.78929,-122.426797,37.78183630734142,-122.4429591874199
,19.0,dn6,pkg9,19,False,15.0,37.751751,-122.410654,37.710242085551016,-122.40792930471687
,19.0,dn12,pkg25,19,True,26.0,37.78929,-122.426797,37.767419943319524,-122.41334675219755
,21.0,dn13,pkg27,21,True,24.0,37.739611,-122.492203,37.768531975257254,-122.47525583123983
,21.0,dn8,pkg28,21,True,28.0,37.718779,-122.462401,37.71391093980005,-122.4971239083968
,23.0,dn2,pkg29,23,True,31.0,37.774524,-122.473656,37.77859856352083,-122.44421931990875
,27.0,dn7,pkg24,27,False,17.0,37.718779,-122.462401,37.7319031912442,-122.41098175148073
,27.0,dn11,pkg30,27,True,34.0,37.78929,-122.426797,37.7920314211861,-122.4655723344716
,27.0,dn4,pkg31,27.0,True,35.0,37.751751,-122.410654,37.7801827275009,-122.40427220428046
,33.0,dn6,pkg34,33.0,True,38.0,37.751751,-122.410654,37.74322524584319,-122.42162542192553
,34.0,dn9,pkg32,34,True,35.0,37.718779,-122.462401,37.74450870981824,-122.4771818407577
,35.0,dn14,pkg33,35.0,True,45.0,37.739611,-122.492203,37.713252164903906,-122.47824325483563
,38.0,dn10,pkg36,38.0,True,44.0,37.78929,-122.426797,37.78095680405204,-122.40805102431047
,41.0,dn1,pkg37,41.0,True,50.0,37.774524,-122.473656,37.78797246792226,-122.49526978583421
,45.0,dn5,pkg35,45,True,47.0,37.751751,-122.410654,37.710173614985514,-122.42487010806586
,47.0,dn2,pkg39,47.0,True,54.0,37.774524,-122.473656,37.775470944948204,-122.48669960489251
,48.0,dn6,pkg38,48,True,52.0,37.751751,-122.410654,37.79567665107868,-122.420300521586
,48.0,dn7,pkg42,48.0,True,57.0,37.718779,-122.462401,37.71157150362541,-122.4645169514543
,49.0,dn14,pkg40,49.0,True,56.0,37.739611,-122.492203,37.73267927027763,-122.49311055756412
,50.0,dn10,pkg41,50.0,True,58.0,37.78929,-122.426797,37.790772913439625,-122.39757641411008
,52.0,dn1,pkg43,52.0,True,58.0,37.774524,-122.473656,37.758264547142545,-122.48820059500835
,54.0,dn13,pkg45,54.0,True,62.0,37.739611,-122.492203,37.730546728278846,-122.46009361568687
,55.0,dn11,pkg44,55.0,True,65.0,37.78929,-122.426797,37.78070749213484,-122.47258980352673
,56.0,dn9,pkg46,56,True,66.0,37.718779,-122.462401,37.715590497611515,-122.49684296927032
,56.0,dn15,pkg47,56.0,True,63.0,37.739611,-122.492203,37.739947182551575,-122.49806914167156
,61.0,dn2,pkg48,61.0,True,66.0,37.774524,-122.473656,37.776770231169,-122.478800005218
,61.0,dn14,pkg49,61.0,True,66.0,37.739611,-122.492203,37.732364026591,-122.50359922854253
,65.0,dn6,pkg51,65.0,True,70.0,37.751751,-122.410654,37.74756937043434,-122.41952508286585
,66.0,dn1,pkg50,66.0,True,75.0,37.774524,-122.473656,37.75962446942283,-122.5012080531329
,68.0,dn4,pkg54,68.0,True,73.0,37.751751,-122.410654,37.762489257754616,-122.41445690628957
,69.0,dn7,pkg52,69.0,True,74.0,37.718779,-122.462401,37.7250754578241,-122.48882564960681
,69.0,dn11,pkg53,69.0,True,74.0,37.78929,-122.426797,37.76763419003871,-122.42285506384454
,70.0,dn2,pkg55,70.0,True,75.0,37.774524,-122.473656,37.764304458745485,-122.48213628401275
,71.0,dn3,pkg57,71.0,True,80.0,37.774524,-122.473656,37.772332503427364,-122.45396379777029
,76.0,dn10,pkg59,76,True,79.0,37.78929,-122.426797,37.78451914285568,-122.40215932545335
,77.0,dn8,pkg58,77.0,True,84.0,37.718779,-122.462401,37.71250804131902,-122.44528808794132
,79.0,dn13,pkg56,79,True,81.0,37.739611,-122.492203,37.784530773561166,-122.49800423299425
,79.0,dn4,pkg60,79.0,True,84.0,37.751751,-122.410654,37.75892501926158,-122.41077616751164
,81.0,dn7,pkg63,81,True,90.0,37.718779,-122.462401,37.741229318752076,-122.47154740338573
,84.0,dn9,pkg62,84.0,True,92.0,37.718779,-122.462401,37.71312369426875,-122.48556882035504
,87.0,dn5,pkg61,87,True,87.0,37.751751,-122.410654,37.73163580594547,-122.44830664572248
,87.0,dn1,pkg64,87.0,True,93.0,37.774524,-122.473656,37.754591445856875,-122.48118015125436
,89.0,dn4,pkg65,89.0,True,99.0,37.751751,-122.410654,37.76339109535526,-122.40397946167934
,91.0,dn3,pkg67,91.0,True,100.0,37.774524,-122.473656,37.7670186106548,-122.46396681110265
,93.0,dn2,pkg66,93.0,True,98.0,37.774524,-122.473656,37.759785346359685,-122.4819957862865
,96.0,dn6,pkg68,96.0,True,105.0,37.751751,-122.410654,37.732728450768384,-122.41625447867004
,97.0,dn1,pkg69,97,True,104.0,37.774524,-122.473656,37.78493651484411,-122.49890512671462
,100.0,dn4,pkg70,100,True,106.0,37.751751,-122.410654,37.73621919993918,-122.44011190715335
,100.0,dn13,pkg71,100.0,True,105.0,37.739611,-122.492203,37.755792137170005,-122.4640418573159
,6.0,dn11,pkg15,6.0,True,16.0,37.78929,-122.426797,37.772869918969704,-122.424493923175
,6.0,dn3,pkg2,6.0,True,13.0,37.774524,-122.473656,37.786693202572316,-122.48900233068998
,6.0,dn9,pkg18,6.0,True,11.0,37.718779,-122.462401,37.72956029346611,-122.4607011916423
,6.0,dn13,pkg13,6,True,12.0,37.739611,-122.492203,37.74410513493797,-122.46914926558634
,7.0,dn10,pkg1,7,True,13.0,37.78929,-122.426797,37.78112470860565,-122.3986243005111
,7.0,dn15,pkg19,7,True,16.0,37.739611,-122.492203,37.7169951001992,-122.50662596974259
,8.0,dn6,pkg21,8.0,True,14.0,37.751751,-122.410654,37.73978581478077,-122.44715468367497
,9.0,dn7,pkg10,9,True,14.0,37.718779,-122.462401,37.741717432586746,-122.49312540887172
,9.0,dn4,pkg9,9,True,15.0,37.751751,-122.410654,37.73278330114824,-122.43505110746868
,9.0,dn14,pkg23,9.0,True,16.0,37.739611,-122.492203,37.75679466961205,-122.48966411540724
,10.0,dn1,pkg14,10.0,True,17.0,37.774524,-122.473656,37.79601330102352,-122.47598873667684
,10.0,dn2,pkg20,10.0,True,16.0,37.774524,-122.473656,37.772054596480814,-122.43941930291058
,11.0,dn12,pkg7,11,True,16.0,37.78929,-122.426797,37.752812314840774,-122.4489854784298
,13.0,dn5,pkg11,13,True,15.0,37.751751,-122.410654,37.777459125974886,-122.4461472107575
,15.0,dn8,pkg8,15,False,14.0,37.718779,-122.462401,37.73212620907136,-122.4104198304768
,15.0,dn9,pkg26,15,True,23.0,37.718779,-122.462401,37.72259746046867,-122.48742103549758
,16.0,dn3,pkg22,16,False,13.0,37.774524,-122.473656,37.780769828591495,-122.4444529194296
,18.0,dn10,pkg5,18,True,19.0,37.78929,-122.426797,37.795976275648755,-122.41406450891073
,19.0,dn11,pkg12,19,False,16.0,37.78929,-122.426797,37.79252199808932,-122.46943780414176
,19.0,dn13,pkg6,19,False,18.0,37.739611,-122.492203,37.71620339242246,-122.49129980529835
,20.0,dn7,pkg25,20,True,24.0,37.718779,-122.462401,37.70874410114565,-122.43525670139445
,21.0,dn14,pkg4,21,False,18.0,37.739611,-122.492203,37.77658070530169,-122.49343727333058
,21.0,dn6,pkg24,21,True,21.0,37.751751,-122.410654,37.744581442946554,-122.44090046656744
,21.0,dn2,pkg3,21,False,20.0,37.774524,-122.473656,37.7804073502903,-122.48375785219149
,22.0,dn15,pkg28,22,True,32.0,37.739611,-122.492203,37.71247157033094,-122.48813189447921
,23.0,dn1,pkg27,23,True,24.0,37.774524,-122.473656,37.78341953919804,-122.48543550597965
,27.0,dn4,pkg32,27,True,32.0,37.751751,-122.410654,37.739451280952416,-122.44472743289677
,27.0,dn3,pkg31,27.0,True,35.0,37.774524,-122.473656,37.77729619212648,-122.4526891322263
,27.0,dn7,pkg29,27,False,23.0,37.718779,-122.462401,37.72447872748483,-122.49145914892163
,29.0,dn10,pkg33,29.0,True,38.0,37.78929,-122.426797,37.79646604346233,-122.39868586510967
,31.0,dn12,pkg30,31,True,39.0,37.78929,-122.426797,37.78319455977642,-122.47098520234987
,32.0,dn2,pkg34,32.0,True,40.0,37.774524,-122.473656,37.7830741653058,-122.46356684116635
,35.0,dn6,pkg35,35,True,43.0,37.751751,-122.410654,37.72434178330488,-122.44575968699
,38.0,dn15,pkg36,38.0,True,46.0,37.739611,-122.492203,37.74518774757209,-122.503532945482
,41.0,dn4,pkg37,41,True,45.0,37.751751,-122.410654,37.77417430098661,-122.42858189851363
,45.0,dn2,pkg41,45.0,True,50.0,37.774524,-122.473656,37.75715513168851,-122.47491651326197
,45.0,dn6,pkg40,45,True,50.0,37.751751,-122.410654,37.742379765070545,-122.40365504994217
,48.0,dn1,pkg39,48,True,51.0,37.774524,-122.473656,37.74803521706189,-122.48589541215797
,49.0,dn3,pkg42,49.0,True,56.0,37.774524,-122.473656,37.76072453180763,-122.47846559384288
,50.0,dn5,pkg38,50,False,48.0,37.751751,-122.410654,37.70797602915265,-122.40771558437113
,50.0,dn7,pkg45,50,True,58.0,37.718779,-122.462401,37.71238550959359,-122.41613712099841
,53.0,dn10,pkg44,53.0,True,58.0,37.78929,-122.426797,37.78878189433958,-122.43586950863238
,55.0,dn12,pkg47,55.0,True,65.0,37.78929,-122.426797,37.767323452260115,-122.43585114165104
,57.0,dn11,pkg46,57,True,61.0,37.78929,-122.426797,37.78059602179007,-122.46195134848297
,58.0,dn6,pkg48,58.0,True,67.0,37.751751,-122.410654,37.75417912032925,-122.40370858829144
,58.0,dn4,pkg43,58,False,55.0,37.751751,-122.410654,37.708480085131896,-122.3996585663364
,59.0,dn2,pkg51,59.0,True,66.0,37.774524,-122.473656,37.77975084046176,-122.45382440540575
,65.0,dn1,pkg52,65,True,70.0,37.774524,-122.473656,37.74930090150614,-122.44967558385099
,67.0,dn12,pkg49,67,False,66.0,37.78929,-122.426797,37.75758282878165,-122.40589466357491
,68.0,dn10,pkg50,68,True,70.0,37.78929,-122.426797,37.760152909703265,-122.39898149885526
,72.0,dn6,pkg53,72,True,77.0,37.751751,-122.410654,37.75958201375993,-122.43275779781912
,72.0,dn7,pkg54,72,True,77.0,37.718779,-122.462401,37.714227110981035,-122.47867959185271
,76.0,dn5,pkg56,76,True,82.0,37.751751,-122.410654,37.753735194109645,-122.4475944646043
,79.0,dn1,pkg57,79,True,86.0,37.774524,-122.473656,37.79515157366237,-122.46830080508718
,80.0,dn4,pkg55,80,True,82.0,37.751751,-122.410654,37.75281927765975,-122.45159103851893
,85.0,dn6,pkg58,85.0,True,95.0,37.751751,-122.410654,37.74143773170391,-122.40185237439228
,86.0,dn2,pkg59,86.0,True,91.0,37.774524,-122.473656,37.772192682926296,-122.45681706762296
,88.0,dn3,pkg62,88.0,True,98.0,37.774524,-122.473656,37.76554115927396,-122.48389017712587
,88.0,dn5,pkg64,88.0,True,97.0,37.751751,-122.410654,37.76569533213329,-122.40864893891374
,89.0,dn12,pkg61,89,True,94.0,37.78929,-122.426797,37.7527854182941,-122.4212090905135
,90.0,dn11,pkg60,90,True,90.0,37.78929,-122.426797,37.76026869013208,-122.40417637366556
,95.0,dn13,pkg65,95,True,96.0,37.739611,-122.492203,37.78252816273179,-122.49881632128665
,95.0,dn9,pkg68,95.0,True,101.0,37.718779,-122.462401,37.712258094574686,-122.45629339264626
,96.0,dn8,pkg66,96.0,True,103.0,37.718779,-122.462401,37.71666491359875,-122.44210634127383
,96.0,dn1,pkg67,96.0,True,104.0,37.774524,-122.473656,37.75836966679234,-122.47017894937909
,98.0,dn7,pkg63,98,False,96.0,37.718779,-122.462401,37.71426506731528,-122.40827529606115
,100.0,dn14,pkg69,100.0,True,106.0,37.739611,-122.492203,37.73929508703781,-122.46775590916383
,5.0,dn11,pkg1,5.0,True,10.0,37.78929,-122.426797,37.778251713570995,-122.4012175025771
,6.0,dn1,pkg6,6,True,12.0,37.774524,-122.473656,37.78798577210219,-122.48944802397321
,6.0,dn12,pkg18,6.0,True,11.0,37.78929,-122.426797,37.78798915149878,-122.40000020702315
,6.0,dn7,pkg5,6.0,True,11.0,37.718779,-122.462401,37.72738836637349,-122.45401057259807
,6.0,dn10,pkg2,6.0,True,11.0,37.78929,-122.426797,37.766869029787614,-122.44432070239026
,6.0,dn4,pkg10,6.0,True,14.0,37.751751,-122.410654,37.739117224935356,-122.42298548124998
,7.0,dn2,pkg9,7,True,12.0,37.774524,-122.473656,37.7954142879898,-122.43739252315909
,7.0,dn13,pkg15,7,True,13.0,37.739611,-122.492203,37.768138694387154,-122.50021495989081
,8.0,dn9,pkg4,8,True,13.0,37.718779,-122.462401,37.72972584597222,-122.44152656771334
,8.0,dn15,pkg11,8,True,15.0,37.739611,-122.492203,37.78124935423883,-122.4754107738704
,8.0,dn8,pkg13,8.0,True,14.0,37.718779,-122.462401,37.73266731462328,-122.47417871880808
,9.0,dn11,pkg12,9,True,12.0,37.78929,-122.426797,37.788269049380304,-122.42992865434644
,10.0,dn5,pkg14,10.0,True,18.0,37.751751,-122.410654,37.77871625719582,-122.40992287276845
,10.0,dn6,pkg16,10.0,True,20.0,37.751751,-122.410654,37.784573062305455,-122.40577633184685
,10.0,dn14,pkg22,10.0,True,19.0,37.739611,-122.492203,37.76743996091631,-122.48367611371923
,12.0,dn3,pkg17,12,False,11.0,37.774524,-122.473656,37.734433506704974,-122.48881212529825
,14.0,dn12,pkg20,14,True,17.0,37.78929,-122.426797,37.786955648431665,-122.45733155881011
,14.0,dn4,pkg8,14,True,17.0,37.751751,-122.410654,37.7617542205898,-122.42888595068868
,14.0,dn11,pkg28,14,True,23.0,37.78929,-122.426797,37.77884052941656,-122.4311131265247
,15.0,dn7,pkg25,15,True,20.0,37.718779,-122.462401,37.720965479699444,-122.50173428509568
,16.0,dn1,pkg24,16,True,17.0,37.774524,-122.473656,37.74822436191667,-122.49938710996965
,17.0,dn8,pkg26,17,True,23.0,37.718779,-122.462401,37.72083940977808,-122.5062078950888
,17.0,dn2,pkg7,17,True,19.0,37.774524,-122.473656,37.78336152962087,-122.48806886767655
,18.0,dn9,pkg3,18,True,18.0,37.718779,-122.462401,37.7267859447335,-122.4546979652638
,22.0,dn13,pkg21,22,False,18.0,37.739611,-122.492203,37.72085321593605,-122.46923154667188
,24.0,dn10,pkg27,24,True,27.0,37.78929,-122.426797,37.746798217339844,-122.4294600788527
,24.0,dn14,pkg29,24.0,True,31.0,37.739611,-122.492203,37.78298773431514,-122.48786830900546
,24.0,dn5,pkg30,24.0,True,29.0,37.751751,-122.410654,37.78029179148639,-122.41595285608385
,27.0,dn11,pkg31,27.0,True,33.0,37.78929,-122.426797,37.78316275137813,-122.45923594817135
,27.0,dn7,pkg34,27,True,33.0,37.718779,-122.462401,37.727090450816995,-122.4995622791566
,28.0,dn12,pkg33,28,True,33.0,37.78929,-122.426797,37.757154803058775,-122.42020208554939
,28.0,dn4,pkg35,28.0,True,33.0,37.751751,-122.410654,37.747734561459374,-122.40231238214099
,31.0,dn15,pkg23,31,False,18.0,37.739611,-122.492203,37.77703591610194,-122.46474777235524
,31.0,dn1,pkg32,31,True,33.0,37.774524,-122.473656,37.73758369842684,-122.49401845274033
,32.0,dn6,pkg36,32.0,True,42.0,37.751751,-122.410654,37.76750373563241,-122.41841106314764
,33.0,dn5,pkg37,33.0,True,39.0,37.751751,-122.410654,37.7904743570885,-122.40125728974549
,36.0,dn8,pkg38,36.0,True,42.0,37.718779,-122.462401,37.71753829913695,-122.4544917977045
,39.0,dn11,pkg40,39.0,True,44.0,37.78929,-122.426797,37.79097909222205,-122.42231766878146
,41.0,dn13,pkg39,41.0,True,48.0,37.739611,-122.492203,37.720225626147446,-122.5075433533808
,43.0,dn2,pkg41,43,True,48.0,37.774524,-122.473656,37.79593021095352,-122.50083752418622
,45.0,dn3,pkg42,45.0,True,53.0,37.774524,-122.473656,37.772621126487174,-122.47162530020162
,47.0,dn4,pkg44,47,True,56.0,37.751751,-122.410654,37.76472282866061,-122.43340328179164
,52.0,dn12,pkg43,52,True,54.0,37.78929,-122.426797,37.773295524589805,-122.47604751630703
,53.0,dn14,pkg46,53,True,58.0,37.739611,-122.492203,37.728114197719954,-122.46665632039723
,54.0,dn1,pkg45,54.0,True,60.0,37.774524,-122.473656,37.77939751656093,-122.48349725370612
,57.0,dn2,pkg47,57.0,True,67.0,37.774524,-122.473656,37.758477669564186,-122.48467215394625
,60.0,dn7,pkg49,60,True,67.0,37.718779,-122.462401,37.71732250873328,-122.44704278266552
,61.0,dn1,pkg50,61.0,True,69.0,37.774524,-122.473656,37.795374696155044,-122.49471528535771
,62.0,dn3,pkg48,62.0,True,72.0,37.774524,-122.473656,37.79313708829452,-122.44214237334333
,68.0,dn8,pkg51,68,True,76.0,37.718779,-122.462401,37.73542087903794,-122.49232137738741
,69.0,dn9,pkg52,69.0,True,78.0,37.718779,-122.462401,37.736058482519056,-122.47236730560093
,70.0,dn4,pkg54,70,True,79.0,37.751751,-122.410654,37.74969284054394,-122.39801664156565
,72.0,dn14,pkg53,72,True,73.0,37.739611,-122.492203,37.71655989172584,-122.45428978775598
,73.0,dn5,pkg55,73.0,True,80.0,37.751751,-122.410654,37.76803702418343,-122.46294906358189
,79.0,dn1,pkg56,79.0,True,87.0,37.774524,-122.473656,37.7857910856471,-122.48192549541353
,84.0,dn7,pkg59,84,True,92.0,37.718779,-122.462401,37.72435011112706,-122.49391283183252
,85.0,dn4,pkg57,85.0,True,92.0,37.751751,-122.410654,37.76875222559203,-122.4245539750946
,87.0,dn3,pkg58,87,True,95.0,37.774524,-122.473656,37.78651067733919,-122.43672810876971
,89.0,dn2,pkg60,89.0,True,96.0,37.774524,-122.473656,37.788534908320194,-122.47025431627635
,93.0,dn13,pkg61,93,True,95.0,37.739611,-122.492203,37.7665531945752,-122.49590770875864
,94.0,dn8,pkg62,94.0,True,100.0,37.718779,-122.462401,37.71540074609391,-122.44980262183795
,95.0,dn1,pkg63,95,True,101.0,37.774524,-122.473656,37.761627462700595,-122.46121058152409
,99.0,dn15,pkg64,99.0,True,109.0,37.739611,-122.492203,37.73405061887945,-122.50699490295132
,99.0,dn5,pkg65,99.0,True,104.0,37.751751,-122.410654,37.75217654970534,-122.40949720436508
,5.0,dn1,pkg22,5.0,True,11.0,37.774524,-122.473656,37.765259931393345,-122.47710763602689
,6.0,dn7,pkg13,6,True,14.0,37.718779,-122.462401,37.72055016837655,-122.44033423389864
,6.0,dn9,pkg8,6,True,12.0,37.718779,-122.462401,37.73958436420676,-122.50133206445554
,6.0,dn11,pkg14,6.0,True,16.0,37.78929,-122.426797,37.78252769438562,-122.44426344149021
,6.0,dn2,pkg1,6.0,True,13.0,37.774524,-122.473656,37.77720122455792,-122.49286196585933
,6.0,dn3,pkg20,6,True,13.0,37.774524,-122.473656,37.75615456126315,-122.48091610861752
,7.0,dn6,pkg9,7.0,True,15.0,37.751751,-122.410654,37.754346417016734,-122.42116535348468
,8.0,dn4,pkg15,8.0,True,17.0,37.751751,-122.410654,37.72448972249419,-122.39950055286734
,8.0,dn5,pkg18,8,True,13.0,37.751751,-122.410654,37.766195962034,-122.45728250476036
,8.0,dn8,pkg5,8.0,True,17.0,37.718779,-122.462401,37.73696668121893,-122.45700155873044
,8.0,dn15,pkg17,8.0,True,14.0,37.739611,-122.492203,37.73846694043973,-122.4941709522026
,9.0,dn13,pkg11,9.0,True,15.0,37.739611,-122.492203,37.754010584469206,-122.4929902622688
,9.0,dn14,pkg6,9.0,True,17.0,37.739611,-122.492203,37.7526999867768,-122.47353083491761
,10.0,dn10,pkg19,10,True,12.0,37.78929,-122.426797,37.77218962575706,-122.45279291294513
,11.0,dn1,pkg7,11,True,14.0,37.774524,-122.473656,37.770492239617006,-122.48356257184165
,13.0,dn2,pkg24,13,True,19.0,37.774524,-122.473656,37.79385158430041,-122.44825140900922
,13.0,dn6,pkg2,13,True,16.0,37.751751,-122.410654,37.7444070345057,-122.42524543808419
,14.0,dn3,pkg25,14,True,21.0,37.774524,-122.473656,37.77017804438447,-122.46292691838387
,16.0,dn12,pkg12,16,True,17.0,37.78929,-122.426797,37.75846368961531,-122.46711901644666
,16.0,dn11,pkg23,16,True,20.0,37.78929,-122.426797,37.794083684972,-122.44927974732191
,16.0,dn7,pkg16,16,False,14.0,37.718779,-122.462401,37.7070590708041,-122.45229573883672
,19.0,dn13,pkg27,19,True,27.0,37.739611,-122.492203,37.76344214274566,-122.47547664688992
,20.0,dn9,pkg28,20.0,True,25.0,37.718779,-122.462401,37.72511841956685,-122.49122880990556
,22.0,dn15,pkg3,22,False,15.0,37.739611,-122.492203,37.708224649506086,-122.48363972819287
,22.0,dn4,pkg29,22,True,23.0,37.751751,-122.410654,37.71412163335444,-122.41250462098952
,23.0,dn6,pkg30,23.0,True,29.0,37.751751,-122.410654,37.73265272917853,-122.41909322601002
,26.0,dn1,pkg26,26,False,23.0,37.774524,-122.473656,37.747167983414535,-122.48918960501534
,26.0,dn3,pkg32,26.0,True,32.0,37.774524,-122.473656,37.77927002005556,-122.49271576880801
,27.0,dn2,pkg31,27.0,True,34.0,37.774524,-122.473656,37.74478861389443,-122.47133811866875
,28.0,dn8,pkg10,28,False,19.0,37.718779,-122.462401,37.72580445916964,-122.40764730617705
,28.0,dn5,pkg21,28,False,19.0,37.751751,-122.410654,37.712412495551035,-122.40337610903403
,29.0,dn14,pkg4,29,False,16.0,37.739611,-122.492203,37.7246998706666,-122.44332565671955
,34.0,dn13,pkg33,34,True,40.0,37.739611,-122.492203,37.772839549150625,-122.47043976911337
,36.0,dn2,pkg35,36,True,44.0,37.774524,-122.473656,37.761626972781926,-122.46598127290692
,37.0,dn9,pkg34,37,True,44.0,37.718779,-122.462401,37.73157106620072,-122.49313317163846
,38.0,dn7,pkg36,38.0,True,44.0,37.718779,-122.462401,37.73045821587385,-122.48729034826336
,41.0,dn3,pkg38,41.0,True,50.0,37.774524,-122.473656,37.74954842445418,-122.47725474160788
,44.0,dn10,pkg37,44,True,44.0,37.78929,-122.426797,37.79499135912761,-122.46583367541673
,44.0,dn4,pkg39,44.0,True,50.0,37.751751,-122.410654,37.74871037569282,-122.40124471889177
,48.0,dn6,pkg40,48.0,True,55.0,37.751751,-122.410654,37.78144371882355,-122.41303521431634
,49.0,dn1,pkg41,49.0,True,58.0,37.774524,-122.473656,37.79341708925071,-122.46564882069
,49.0,dn15,pkg43,49,True,54.0,37.739611,-122.492203,37.77551633139827,-122.48257565201592
,51.0,dn5,pkg42,51,True,51.0,37.751751,-122.410654,37.73524793698747,-122.45800587496235
,54.0,dn2,pkg44,54.0,True,59.0,37.774524,-122.473656,37.778708732617204,-122.48135402120018
,62.0,dn7,pkg45,62.0,True,72.0,37.718779,-122.462401,37.71246567514858,-122.50002373871143
,63.0,dn10,pkg46,63.0,True,68.0,37.78929,-122.426797,37.783011469483874,-122.40192998460667
,66.0,dn14,pkg48,66.0,True,73.0,37.739611,-122.492203,37.73307165947371,-122.4681176086591
,67.0,dn1,pkg47,67,True,72.0,37.774524,-122.473656,37.76384412790993,-122.49527014337643
,69.0,dn8,pkg49,69.0,True,78.0,37.718779,-122.462401,37.72752444276875,-122.47724638523016
,72.0,dn9,pkg50,72.0,True,78.0,37.718779,-122.462401,37.72455459622187,-122.4343032834113
,80.0,dn13,pkg51,80,True,80.0,37.739611,-122.492203,37.71390265366601,-122.50065772548713
,80.0,dn7,pkg55,80.0,True,88.0,37.718779,-122.462401,37.73046216542417,-122.42815785142481
,81.0,dn8,pkg54,81,True,91.0,37.718779,-122.462401,37.71972354851907,-122.49734415415965
,82.0,dn4,pkg52,82,True,85.0,37.751751,-122.410654,37.721104194474385,-122.40892071350235
,82.0,dn2,pkg53,82.0,True,91.0,37.774524,-122.473656,37.78614032544974,-122.4449440570247
,85.0,dn9,pkg56,85.0,True,93.0,37.718779,-122.462401,37.71192835139838,-122.49185158054368
,90.0,dn14,pkg57,90.0,True,95.0,37.739611,-122.492203,37.75587055696326,-122.50274325115114
,94.0,dn15,pkg59,94,True,101.0,37.739611,-122.492203,37.726052128827774,-122.4692242321916
,96.0,dn7,pkg58,96,True,103.0,37.718779,-122.462401,37.74436001412192,-122.47749253767921
,98.0,dn1,pkg60,98.0,True,105.0,37.774524,-122.473656,37.79586182252696,-122.49424747912111
,100.0,dn2,pkg61,100.0,True,109.0,37.774524,-122.473656,37.78599041457227,-122.47323117746677
,5.0,dn13,pkg17,5.0,True,13.0,37.739611,-122.492203,37.75114756719234,-122.45928358254523
,5.0,dn4,pkg2,5.0,True,10.0,37.751751,-122.410654,37.74323891799466,-122.41735316633809
,6.0,dn11,pkg22,6,True,15.0,37.78929,-122.426797,37.782258055716376,-122.44396663458423
,7.0,dn10,pkg9,7,True,14.0,37.78929,-122.426797,37.77126955700344,-122.43653755652335
,7.0,dn5,pkg4,7.0,True,15.0,37.751751,-122.410654,37.761353655261416,-122.41266582834972
,7.0,dn6,pkg3,7.0,True,15.0,37.751751,-122.410654,37.76181377920743,-122.432837697166
,7.0,dn7,pkg6,7.0,True,15.0,37.718779,-122.462401,37.72646262470905,-122.49134758125534
,8.0,dn1,pkg23,8,True,13.0,37.774524,-122.473656,37.79583040336083,-122.48906829836804
,8.0,dn3,pkg15,8,True,13.0,37.774524,-122.473656,37.734602065444,-122.49557130663472
,8.0,dn8,pkg12,8.0,True,16.0,37.718779,-122.462401,37.71471229128922,-122.43518904523934
,9.0,dn9,pkg16,9.0,True,14.0,37.718779,-122.462401,37.75078168377534,-122.4498322823187
,10.0,dn14,pkg13,10.0,True,18.0,37.739611,-122.492203,37.71951625147958,-122.47876327479842
,11.0,dn12,pkg8,11,True,14.0,37.78929,-122.426797,37.76236215706522,-122.43019659834977
,12.0,dn2,pkg21,12,True,16.0,37.774524,-122.473656,37.747458829698004,-122.45473840723227
,14.0,dn4,pkg19,14,True,19.0,37.751751,-122.410654,37.77069493093424,-122.40209099908004
,15.0,dn15,pkg11,15,False,11.0,37.739611,-122.492203,37.70842316183238,-122.45583292978293
,15.0,dn13,pkg27,15.0,True,25.0,37.739611,-122.492203,37.73384527982633,-122.440725515696
,16.0,dn11,pkg1,16,True,19.0,37.78929,-122.426797,37.78276041679214,-122.41105975181539
,17.0,dn1,pkg24,17,True,19.0,37.774524,-122.473656,37.7809116011928,-122.46902355861602
,18.0,dn6,pkg28,18.0,True,24.0,37.751751,-122.410654,37.77022503203845,-122.43769466839335
,20.0,dn7,pkg26,20,False,17.0,37.718779,-122.462401,37.71017756399236,-122.50535426858553
,22.0,dn13,pkg34,22,True,29.0,37.739611,-122.492203,37.76002428106579,-122.50551097491972
,23.0,dn8,pkg31,23.0,True,31.0,37.718779,-122.462401,37.745541074469436,-122.46975354686832
,24.0,dn9,pkg32,24.0,True,32.0,37.718779,-122.462401,37.7288105670127,-122.4239494565686
,24.0,dn14,pkg30,24,True,29.0,37.739611,-122.492203,37.75882511293941,-122.49983951165315
,25.0,dn5,pkg7,25,False,16.0,37.751751,-122.410654,37.78283038312256,-122.4232421316751
,27.0,dn3,pkg33,27,False,26.0,37.774524,-122.473656,37.79548912917882,-122.50401266182372
,28.0,dn10,pkg29,28,False,25.0,37.78929,-122.426797,37.75848765308069,-122.41237432887957
,31.0,dn1,pkg35,31,True,31.0,37.774524,-122.473656,37.783057933695524,-122.4312942564032
,31.0,dn4,pkg39,31.0,True,36.0,37.751751,-122.410654,37.744210148670575,-122.42198799024678
,33.0,dn13,pkg38,33.0,True,40.0,37.739611,-122.492203,37.77324076156823,-122.48973321416194
,33.0,dn7,pkg36,33,True,36.0,37.718779,-122.462401,37.72770996199326,-122.4608750599108
,34.0,dn2,pkg37,34,True,36.0,37.774524,-122.473656,37.739132567497634,-122.48412950667702
,38.0,dn6,pkg41,38.0,True,44.0,37.751751,-122.410654,37.74553680255323,-122.43156005014616
,40.0,dn9,pkg42,40.0,True,50.0,37.718779,-122.462401,37.72080660737783,-122.45212785771508
,44.0,dn4,pkg44,44.0,True,49.0,37.751751,-122.410654,37.750684929703375,-122.44014264480914
,44.0,dn13,pkg46,44.0,True,51.0,37.739611,-122.492203,37.74720168857562,-122.47596962356155
,45.0,dn12,pkg43,45.0,True,50.0,37.78929,-122.426797,37.76176815218923,-122.42718272565251
,46.0,dn7,pkg45,46.0,True,52.0,37.718779,-122.462401,37.7210446419312,-122.450508185998
,48.0,dn3,pkg40,48,False,47.0,37.774524,-122.473656,37.78552894759321,-122.50545685410788
,50.0,dn10,pkg47,50.0,True,55.0,37.78929,-122.426797,37.786679880319056,-122.411858048611
,56.0,dn4,pkg49,56.0,True,61.0,37.751751,-122.410654,37.765961130036,-122.4302462903368
,58.0,dn12,pkg48,58.0,True,64.0,37.78929,-122.426797,37.775041995782935,-122.41910307939321
,63.0,dn5,pkg51,63.0,True,68.0,37.751751,-122.410654,37.74014338019363,-122.39608236295841
,64.0,dn7,pkg50,64.0,True,74.0,37.718779,-122.462401,37.72860184825704,-122.45642169439422
,66.0,dn1,pkg52,66.0,True,74.0,37.774524,-122.473656,37.75894803572362,-122.4956989841385
,66.0,dn10,pkg54,66.0,True,71.0,37.78929,-122.426797,37.780845308135625,-122.42374488259334
,70.0,dn2,pkg53,70,True,73.0,37.774524,-122.473656,37.74580340652828,-122.48865812309795
,70.0,dn8,pkg57,70.0,True,76.0,37.718779,-122.462401,37.70861446623975,-122.45080174562898
,73.0,dn3,pkg55,73,True,77.0,37.774524,-122.473656,37.79480289040078,-122.4916284252448
,78.0,dn1,pkg56,78,True,80.0,37.774524,-122.473656,37.791541162748366,-122.50261497039247
,81.0,dn4,pkg58,81.0,True,90.0,37.751751,-122.410654,37.745987038050444,-122.40105659351929
,85.0,dn7,pkg59,85.0,True,93.0,37.718779,-122.462401,37.71113066436506,-122.4267545757234
,87.0,dn6,pkg60,87,True,94.0,37.751751,-122.410654,37.76033535711058,-122.45803863207279
,87.0,dn10,pkg62,87.0,True,94.0,37.78929,-122.426797,37.78745257725554,-122.44267315846122
,87.0,dn11,pkg64,87.0,True,97.0,37.78929,-122.426797,37.766093398011606,-122.44106742852688
,88.0,dn5,pkg61,88,True,92.0,37.751751,-122.410654,37.7179267300357,-122.39809953111487
,91.0,dn8,pkg63,91,True,98.0,37.718779,-122.462401,37.735941529728414,-122.42663392508358
,91.0,dn13,pkg68,91.0,True,101.0,37.739611,-122.492203,37.746193854442794,-122.50264349382681
,92.0,dn12,pkg65,92,True,98.0,37.78929,-122.426797,37.76066270095148,-122.3998709495728
,92.0,dn9,pkg67,92,True,100.0,37.718779,-122.462401,37.7166607771783,-122.4421685993129
,97.0,dn4,pkg66,97,True,97.0,37.751751,-122.410654,37.78413357191215,-122.40822130484862
,100.0,dn10,pkg70,100,True,105.0,37.78929,-122.426797,37.7555449829212,-122.46491033414785
,100.0,dn1,pkg71,100,True,107.0,37.774524,-122.473656,37.75609365532059,-122.49436838707209
,5.0,dn7,pkg14,5.0,True,14.0,37.718779,-122.462401,37.73693622949868,-122.45933662294286
,6.0,dn8,pkg4,6,True,14.0,37.718779,-122.462401,37.71229390964283,-122.42260019687944
,6.0,dn4,pkg17,6.0,True,12.0,37.751751,-122.410654,37.75213708452873,-122.42567903046243
,6.0,dn9,pkg22,6.0,True,13.0,37.718779,-122.462401,37.720278541086124,-122.43581597477136
,6.0,dn11,pkg7,6.0,True,11.0,37.78929,-122.426797,37.77893625168615,-122.42548272195174
,7.0,dn2,pkg20,7.0,True,17.0,37.774524,-122.473656,37.78496029461092,-122.44263162333085
,7.0,dn10,pkg5,7,True,13.0,37.78929,-122.426797,37.79601462961606,-122.40714161382625
,8.0,dn1,pkg9,8,True,15.0,37.774524,-122.473656,37.744962843374736,-122.45565788185192
,8.0,dn3,pkg16,8.0,True,17.0,37.774524,-122.473656,37.76321638628062,-122.43457001601631
,8.0,dn5,pkg18,8,True,16.0,37.751751,-122.410654,37.72341509685053,-122.42565296568436
,8.0,dn6,pkg21,8,True,16.0,37.751751,-122.410654,37.72165344267198,-122.41832052121178
,8.0,dn14,pkg11,8,True,14.0,37.739611,-122.492203,37.74422464405299,-122.46906887329847
,8.0,dn12,pkg12,8,True,13.0,37.78929,-122.426797,37.79072897887652,-122.39854860023428
,9.0,dn13,pkg13,9,True,14.0,37.739611,-122.492203,37.712085262493126,-122.47557129228613
,9.0,dn15,pkg2,9,True,14.0,37.739611,-122.492203,37.772403253547544,-122.48654688091503
,10.0,dn11,pkg19,10,True,17.0,37.78929,-122.426797,37.79460243611932,-122.42395821220221
,14.0,dn4,pkg10,14,True,16.0,37.751751,-122.410654,37.73935634098148,-122.41322450821177
,15.0,dn2,pkg28,15.0,True,22.0,37.774524,-122.473656,37.77671684099748,-122.45917173252639
,16.0,dn9,pkg27,16,True,21.0,37.718779,-122.462401,37.73231602274623,-122.44973687948122
,16.0,dn10,pkg6,16,True,16.0,37.78929,-122.426797,37.79524974856053,-122.42157609071741
,17.0,dn11,pkg8,17,True,18.0,37.78929,-122.426797,37.78439595511638,-122.44495050885301
,17.0,dn5,pkg25,17,True,19.0,37.751751,-122.410654,37.73717486561474,-122.40174186352128
,19.0,dn7,pkg1,19,False,14.0,37.718779,-122.462401,37.74228820155658,-122.42156141671252
,19.0,dn3,pkg15,19,False,15.0,37.774524,-122.473656,37.793386405987064,-122.44633984799711
,20.0,dn6,pkg26,20,False,18.0,37.751751,-122.410654,37.7386794573682,-122.4084112765294
,23.0,dn8,pkg29,23,True,28.0,37.718779,-122.462401,37.72615678682038,-122.5019621550811
,27.0,dn13,pkg30,27.0,True,36.0,37.739611,-122.492203,37.73462320004491,-122.47711355164658
,27.0,dn14,pkg31,27,True,31.0,37.739611,-122.492203,37.73845677749639,-122.50659602419955
,28.0,dn1,pkg32,28,True,37.0,37.774524,-122.473656,37.75617870170177,-122.48570791591786
,31.0,dn11,pkg33,31,True,36.0,37.78929,-122.426797,37.75737338484951,-122.42213614410127
,35.0,dn4,pkg34,35,True,37.0,37.751751,-122.410654,37.748271941572774,-122.43675603228343
,37.0,dn2,pkg36,37.0,True,43.0,37.774524,-122.473656,37.77961045786764,-122.48405382762996
,38.0,dn5,pkg35,38.0,True,44.0,37.751751,-122.410654,37.744790103079865,-122.44124001518966
,40.0,dn6,pkg37,40.0,True,45.0,37.751751,-122.410654,37.73292792852991,-122.39997893817892
,43.0,dn1,pkg38,43,True,52.0,37.774524,-122.473656,37.79461336253045,-122.49399771449234
,44.0,dn7,pkg39,44,True,51.0,37.718779,-122.462401,37.725282076523584,-122.4286307079992
,48.0,dn2,pkg40,48,True,55.0,37.774524,-122.473656,37.77277103214064,-122.49662742477865
,48.0,dn3,pkg43,48.0,True,53.0,37.774524,-122.473656,37.79422245097928,-122.43005085756931
,52.0,dn11,pkg42,52,True,58.0,37.78929,-122.426797,37.78265249981903,-122.460676740526
,56.0,dn10,pkg41,56,True,57.0,37.78929,-122.426797,37.75069536513108,-122.40007852190398
,56.0,dn4,pkg44,56,True,65.0,37.751751,-122.410654,37.75767393783505,-122.44228260414529
,56.0,dn6,pkg46,56.0,True,61.0,37.751751,-122.410654,37.765863612726434,-122.41961897569483
,57.0,dn5,pkg45,57.0,True,66.0,37.751751,-122.410654,37.76992728978358,-122.44473769975828
,57.0,dn13,pkg47,57,True,62.0,37.739611,-122.492203,37.72729809055949,-122.50544019225757
,58.0,dn7,pkg48,58,True,67.0,37.718779,-122.462401,37.73719269331938,-122.43378404108478
,66.0,dn1,pkg50,66.0,True,72.0,37.774524,-122.473656,37.78182217147511,-122.49588937456784
,68.0,dn8,pkg49,68.0,True,73.0,37.718779,-122.462401,37.718337993805214,-122.44200705571352
,68.0,dn2,pkg52,68.0,True,77.0,37.774524,-122.473656,37.761103787710525,-122.48575912050084
,71.0,dn6,pkg51,71,True,78.0,37.751751,-122.410654,37.72576247808662,-122.41860841244724
,75.0,dn3,pkg54,75,True,83.0,37.774524,-122.473656,37.763524763566245,-122.4334538111363
,76.0,dn7,pkg55,76,True,78.0,37.718779,-122.462401,37.714793006481905,-122.48421205481587
,77.0,dn5,pkg53,77,True,79.0,37.751751,-122.410654,37.726000395429054,-122.44203201220675
,80.0,dn4,pkg56,80.0,True,88.0,37.751751,-122.410654,37.732676976471986,-122.40561602055415
,82.0,dn8,pkg58,82.0,True,92.0,37.718779,-122.462401,37.71065535002421,-122.46737553138043
,87.0,dn14,pkg59,87.0,True,96.0,37.739611,-122.492203,37.77874660361894,-122.50504187529975
,88.0,dn11,pkg61,88.0,True,95.0,37.78929,-122.426797,37.78569403005681,-122.42039094707086
,90.0,dn10,pkg57,90,False,89.0,37.78929,-122.426797,37.752220808568715,-122.41056043421112
,93.0,dn1,pkg60,93,False,90.0,37.774524,-122.473656,37.73437844405598,-122.48072112171766
,93.0,dn7,pkg62,93.0,True,99.0,37.718779,-122.462401,37.725797493759664,-122.45294731263466
,93.0,dn2,pkg63,93.0,True,101.0,37.774524,-122.473656,37.78609664601045,-122.45892157322031
,93.0,dn6,pkg65,93,True,101.0,37.751751,-122.410654,37.72988315041416,-122.42655965715177
,94.0,dn4,pkg64,94.0,True,104.0,37.751751,-122.410654,37.73500385441757,-122.40004836476355
,95.0,dn3,pkg67,95.0,True,103.0,37.774524,-122.473656,37.75490706755506,-122.4992796929927
,96.0,dn9,pkg66,96.0,True,101.0,37.718779,-122.462401,37.71278074848426,-122.44155279711342
,99.0,dn5,pkg68,99.0,True,106.0,37.751751,-122.410654,37.76493376034258,-122.41951716714281
,5.0,dn1,pkg19,5.0,True,15.0,37.774524,-122.473656,37.78842557886588,-122.47656421005836
,5.0,dn4,pkg4,5,True,14.0,37.751751,-122.410654,37.73832367625492,-122.40418725586713
,5.0,dn14,pkg10,5,True,15.0,37.739611,-122.492203,37.747974107095715,-122.46598702721556
,6.0,dn6,pkg21,6,True,14.0,37.751751,-122.410654,37.740696170737365,-122.44759234474793
,6.0,dn13,pkg16,6,True,10.0,37.739611,-122.492203,37.71653963237835,-122.46371349972918
,6.0,dn15,pkg11,6,True,13.0,37.739611,-122.492203,37.724159622030655,-122.47965082388271
,7.0,dn11,pkg1,7.0,True,12.0,37.78929,-122.426797,37.78795080045251,-122.39924785273315
,7.0,dn12,pkg20,7.0,True,16.0,37.78929,-122.426797,37.789839099419005,-122.44055919650144
,7.0,dn5,pkg7,7.0,True,12.0,37.751751,-122.410654,37.73360545589087,-122.42326831681807
,7.0,dn3,pkg12,7.0,True,13.0,37.774524,-122.473656,37.74715246958356,-122.45695449092804
,7.0,dn8,pkg5,7.0,True,16.0,37.718779,-122.462401,37.73879403129466,-122.45633600651617
,8.0,dn2,pkg8,8.0,True,18.0,37.774524,-122.473656,37.78964218691236,-122.47436945951061
,8.0,dn7,pkg22,8,True,13.0,37.718779,-122.462401,37.73659597646216,-122.45468908964939
,10.0,dn10,pkg3,10,True,15.0,37.78929,-122.426797,37.76467158648338,-122.4406074710348
,11.0,dn9,pkg17,11,True,14.0,37.718779,-122.462401,37.73394882740204,-122.5048153290388
,13.0,dn1,pkg24,13,True,16.0,37.774524,-122.473656,37.75547929605999,-122.46954582022131
,13.0,dn14,pkg14,13,True,16.0,37.739611,-122.492203,37.74898084013603,-122.49420775145292
,15.0,dn13,pkg28,15,True,24.0,37.739611,-122.492203,37.7271389468221,-122.47152351350155
,17.0,dn4,pkg15,17,False,15.0,37.751751,-122.410654,37.731921561231225,-122.39766019652053
,17.0,dn8,pkg2,17,True,18.0,37.718779,-122.462401,37.71100109668865,-122.4857302361213
,19.0,dn5,pkg18,19,False,14.0,37.751751,-122.410654,37.77865714440701,-122.40042909109215
,20.0,dn12,pkg30,20,True,27.0,37.78929,-122.426797,37.77938058686907,-122.46772887225102
,21.0,dn3,pkg31,21.0,True,31.0,37.774524,-122.473656,37.78020168170216,-122.47895359068882
,24.0,dn6,pkg29,24,True,24.0,37.751751,-122.410654,37.7201862243304,-122.45178238087577
,24.0,dn15,pkg23,24,False,16.0,37.739611,-122.492203,37.72651783707521,-122.45304510081094
,25.0,dn11,pkg25,25,False,19.0,37.78929,-122.426797,37.75729912484435,-122.41973169617799
,25.0,dn13,pkg32,25.0,True,34.0,37.739611,-122.492203,37.742670347756025,-122.50711052078206
,27.0,dn10,pkg34,27.0,True,36.0,37.78929,-122.426797,37.77506948860882,-122.42951987311278
,28.0,dn4,pkg33,28,True,32.0,37.751751,-122.410654,37.741251004911994,-122.41165270963634
,31.0,dn7,pkg36,31.0,True,38.0,37.718779,-122.462401,37.73565031082191,-122.43976171139597
,33.0,dn3,pkg35,33,True,38.0,37.774524,-122.473656,37.74742976973926,-122.48849046318219
,35.0,dn12,pkg38,35.0,True,41.0,37.78929,-122.426797,37.77867006502598,-122.45514191813578
,36.0,dn5,pkg37,36.0,True,42.0,37.751751,-122.410654,37.72022858987391,-122.40969830175709
,38.0,dn8,pkg39,38.0,True,44.0,37.718779,-122.462401,37.7263333616474,-122.46930744171489
,39.0,dn4,pkg40,39.0,True,47.0,37.751751,-122.410654,37.75562345589383,-122.42241224538272
,43.0,dn10,pkg41,43.0,True,52.0,37.78929,-122.426797,37.784433631267035,-122.40562455591478
,46.0,dn7,pkg44,46.0,True,55.0,37.718779,-122.462401,37.72022708083889,-122.46462427947337
,48.0,dn6,pkg42,48,True,48.0,37.751751,-122.410654,37.72937391908146,-122.43060489474566
,49.0,dn12,pkg43,49.0,True,57.0,37.78929,-122.426797,37.79624332889574,-122.40084546410877
,50.0,dn11,pkg46,50,True,55.0,37.78929,-122.426797,37.77373473620325,-122.39846240287082
,51.0,dn14,pkg45,51,True,56.0,37.739611,-122.492203,37.779407661884555,-122.48156372751433
,53.0,dn8,pkg48,53,True,57.0,37.718779,-122.462401,37.73409373058973,-122.41197918814457
,54.0,dn9,pkg47,54.0,True,59.0,37.718779,-122.462401,37.734073123877984,-122.46729634425914
,55.0,dn4,pkg49,55.0,True,60.0,37.751751,-122.410654,37.75054007090888,-122.39594618458399
,58.0,dn1,pkg50,58,True,68.0,37.774524,-122.473656,37.77064133513945,-122.50193241502487
,58.0,dn5,pkg51,58.0,True,63.0,37.751751,-122.410654,37.753870387622506,-122.40330549426821
,60.0,dn13,pkg52,60.0,True,68.0,37.739611,-122.492203,37.74412379581041,-122.50034601445046
,62.0,dn3,pkg53,62.0,True,71.0,37.774524,-122.473656,37.79308742091496,-122.42884960128053
,64.0,dn4,pkg55,64,True,69.0,37.751751,-122.410654,37.74127014166172,-122.40023378234416
,65.0,dn2,pkg54,65.0,True,73.0,37.774524,-122.473656,37.76458107433848,-122.49537956154816
,66.0,dn10,pkg56,66,True,70.0,37.78929,-122.426797,37.79380685962595,-122.39648000695048
,71.0,dn11,pkg58,71.0,True,76.0,37.78929,-122.426797,37.79025745524262,-122.4340180975568
,71.0,dn7,pkg59,71.0,True,77.0,37.718779,-122.462401,37.70781445768974,-122.47707452385781
,72.0,dn8,pkg60,72.0,True,81.0,37.718779,-122.462401,37.728230548996805,-122.45390164898254
,73.0,dn6,pkg57,73,False,72.0,37.751751,-122.410654,37.78964796862472,-122.42402200202213
,80.0,dn4,pkg61,80,True,85.0,37.751751,-122.410654,37.75279814671083,-122.46728861989804
,80.0,dn8,pkg63,80.0,True,85.0,37.718779,-122.462401,37.71805462144766,-122.48084757511094
,81.0,dn1,pkg62,81.0,True,91.0,37.774524,-122.473656,37.784158933956945,-122.47412086058002
,88.0,dn5,pkg64,88,True,95.0,37.751751,-122.410654,37.72392628559485,-122.40032072812154
,89.0,dn7,pkg65,89,True,94.0,37.718779,-122.462401,37.70947083063736,-122.43106955798332
,89.0,dn1,pkg68,89.0,True,96.0,37.774524,-122.473656,37.77001440700429,-122.46244524393114
,91.0,dn2,pkg69,91.0,True,98.0,37.774524,-122.473656,37.755302189922446,-122.44051616585459
,92.0,dn8,pkg67,92,True,94.0,37.718779,-122.462401,37.71584505550068,-122.40713428135776
,93.0,dn9,pkg66,93,True,98.0,37.718779,-122.462401,37.757021446319854,-122.48742141107437
,95.0,dn3,pkg70,95,True,100.0,37.774524,-122.473656,37.76596236693188,-122.44567893596728
,97.0,dn11,pkg71,97.0,True,104.0,37.78929,-122.426797,37.77998594992796,-122.4786714616246
,99.0,dn4,pkg72,99.0,True,105.0,37.751751,-122.410654,37.727902017546114,-122.43002991997511
,5.0,dn5,pkg12,5.0,True,11.0,37.751751,-122.410654,37.72494434683254,-122.40669436945613
,5.0,dn7,pkg13,5.0,True,10.0,37.718779,-122.462401,37.7170368529093,-122.45550958143112
,5.0,dn8,pkg1,5,True,10.0,37.718779,-122.462401,37.72767329262357,-122.4424131553404
,5.0,dn9,pkg16,5.0,True,13.0,37.718779,-122.462401,37.712222523520815,-122.4474877716702
,6.0,dn4,pkg18,6,True,11.0,37.751751,-122.410654,37.76243443423163,-122.40011663448037
,7.0,dn3,pkg19,7.0,True,17.0,37.774524,-122.473656,37.78194337813926,-122.48277004972927
,8.0,dn1,pkg9,8,True,11.0,37.774524,-122.473656,37.79205245968239,-122.494909378728
,8.0,dn6,pkg6,8.0,True,18.0,37.751751,-122.410654,37.737125154273045,-122.43597119588874
,8.0,dn13,pkg15,8.0,True,16.0,37.739611,-122.492203,37.74889754222876,-122.50038989347122
,9.0,dn2,pkg23,9,True,15.0,37.774524,-122.473656,37.795928575220294,-122.48458913953796
,9.0,dn10,pkg14,9.0,True,19.0,37.78929,-122.426797,37.778321053833125,-122.44653706669769
,10.0,dn14,pkg7,10.0,True,20.0,37.739611,-122.492203,37.74215593577912,-122.49192714984612
,10.0,dn15,pkg22,10,True,16.0,37.739611,-122.492203,37.721147954637814,-122.46548095246716
,10.0,dn7,pkg8,10,True,19.0,37.718779,-122.462401,37.7214990753481,-122.44660422712774
,11.0,dn11,pkg11,11,True,15.0,37.78929,-122.426797,37.76147338171808,-122.4066186940563
,11.0,dn9,pkg25,11.0,True,18.0,37.718779,-122.462401,37.723023546324995,-122.48003911834614
,13.0,dn12,pkg2,13,True,16.0,37.78929,-122.426797,37.76502407847921,-122.44953860658005
,13.0,dn8,pkg28,13,True,19.0,37.718779,-122.462401,37.74005408977062,-122.48471322877587
,15.0,dn5,pkg20,15,True,17.0,37.751751,-122.410654,37.725549565926016,-122.42468848962845
,18.0,dn3,pkg24,18,True,21.0,37.774524,-122.473656,37.75651176886917,-122.45376411032053
,18.0,dn14,pkg29,18.0,True,23.0,37.739611,-122.492203,37.72908945798372,-122.49554438132172
,20.0,dn13,pkg26,20,False,19.0,37.739611,-122.492203,37.771308469616656,-122.46500339675127
,20.0,dn9,pkg31,20.0,True,29.0,37.718779,-122.462401,37.716672180004736,-122.4686354353283
,21.0,dn4,pkg27,21,True,22.0,37.751751,-122.410654,37.7686630385728,-122.45168691874095
,23.0,dn10,pkg30,23,False,20.0,37.78929,-122.426797,37.751607258514206,-122.403038358463
,26.0,dn8,pkg32,26,True,33.0,37.718779,-122.462401,37.713086307125685,-122.41694691467102
,27.0,dn6,pkg10,27,False,14.0,37.751751,-122.410654,37.711548353262764,-122.42531977095965
,27.0,dn7,pkg4,27,False,15.0,37.718779,-122.462401,37.71780419325879,-122.41397017961194
,27.0,dn1,pkg33,27.0,True,34.0,37.774524,-122.473656,37.76051811750595,-122.49677913321011
,28.0,dn15,pkg37,28,True,34.0,37.739611,-122.492203,37.72384995821082,-122.50184589716852
,31.0,dn11,pkg35,31,True,32.0,37.78929,-122.426797,37.75184238929512,-122.41015852315265
,33.0,dn2,pkg34,33,True,35.0,37.774524,-122.473656,37.754288265408576,-122.43211756405516
,33.0,dn13,pkg38,33.0,True,38.0,37.739611,-122.492203,37.72775034450658,-122.49254547737365
,34.0,dn9,pkg39,34.0,True,41.0,37.718779,-122.462401,37.71543106814512,-122.4816277384057
,35.0,dn14,pkg36,35,True,36.0,37.739611,-122.492203,37.72325493667784,-122.45411867556938
,40.0,dn3,pkg40,40.0,True,46.0,37.774524,-122.473656,37.73398589585791,-122.49437969636118
,42.0,dn4,pkg41,42.0,True,50.0,37.751751,-122.410654,37.756015168012986,-122.40791974899258
,42.0,dn5,pkg42,42,True,47.0,37.751751,-122.410654,37.767221527066866,-122.42251308500408
,47.0,dn1,pkg43,47.0,True,57.0,37.774524,-122.473656,37.78920603647604,-122.47741344345857
,47.0,dn6,pkg45,47,True,56.0,37.751751,-122.410654,37.72714197985,-122.42174105329296
,49.0,dn4,pkg46,49.0,True,58.0,37.751751,-122.410654,37.75058743170091,-122.44065118360442
,52.0,dn11,pkg44,52,True,55.0,37.78929,-122.426797,37.760241208202245,-122.45668439809722
,53.0,dn8,pkg47,53.0,True,60.0,37.718779,-122.462401,37.73046336498005,-122.46628301678308
,55.0,dn3,pkg48,55,True,61.0,37.774524,-122.473656,37.79335699127415,-122.44447663882161
,55.0,dn5,pkg49,55.0,True,63.0,37.751751,-122.410654,37.745793581860156,-122.40463880150895
,55.0,dn9,pkg51,55,True,64.0,37.718779,-122.462401,37.725775781970675,-122.42103639119503
,56.0,dn2,pkg50,56,True,63.0,37.774524,-122.473656,37.7519214268817,-122.4844305939719
,61.0,dn7,pkg52,61.0,True,68.0,37.718779,-122.462401,37.740654587398055,-122.44865897016625
,61.0,dn13,pkg53,61.0,True,70.0,37.739611,-122.492203,37.72257019144529,-122.46052793534075
,67.0,dn9,pkg55,67,True,73.0,37.718779,-122.462401,37.74460003455467,-122.4670823891923
,68.0,dn1,pkg56,68.0,True,77.0,37.774524,-122.473656,37.785999747354445,-122.46708634664205
,72.0,dn2,pkg57,72.0,True,79.0,37.774524,-122.473656,37.76925255806891,-122.47699117477461
,73.0,dn5,pkg54,73,True,73.0,37.751751,-122.410654,37.70991203764957,-122.4249800725478
,74.0,dn4,pkg58,74.0,True,79.0,37.751751,-122.410654,37.72730462547632,-122.41878043345666
,76.0,dn7,pkg59,76,True,81.0,37.718779,-122.462401,37.73999925573618,-122.49225398756306
,76.0,dn14,pkg60,76.0,True,82.0,37.739611,-122.492203,37.7175987340542,-122.48012431728282
,79.0,dn13,pkg61,79,True,85.0,37.739611,-122.492203,37.74629720487306,-122.50623628462276
,82.0,dn15,pkg62,82.0,True,92.0,37.739611,-122.492203,37.743514925729706,-122.48703523852
,83.0,dn1,pkg63,83.0,True,90.0,37.774524,-122.473656,37.77066086581699,-122.46459387518317
,84.0,dn11,pkg64,84,True,89.0,37.78929,-122.426797,37.749157503563254,-122.4145255688118
,90.0,dn4,pkg68,90.0,True,98.0,37.751751,-122.410654,37.755056462579304,-122.417904755179
,91.0,dn8,pkg65,91.0,True,97.0,37.718779,-122.462401,37.7286706517341,-122.46503299662015
,91.0,dn14,pkg67,91.0,True,101.0,37.739611,-122.492203,37.73655611510368,-122.4727567281711
,94.0,dn6,pkg69,94.0,True,104.0,37.751751,-122.410654,37.74183491471528,-122.41433505077352
,96.0,dn9,pkg66,96,True,100.0,37.718779,-122.462401,37.759503531823626,-122.48754496969501
,98.0,dn7,pkg70,98.0,True,104.0,37.718779,-122.462401,37.7193845315123,-122.47315010359165
,98.0,dn5,pkg71,98.0,True,107.0,37.751751,-122.410654,37.774125805719734,-122.4362770457115
,100.0,dn10,pkg72,100,True,103.0,37.78929,-122.426797,37.78731916057562,-122.39921957326453
,5.0,dn13,pkg13,5.0,True,15.0,37.739611,-122.492203,37.765861572971424,-122.48950614561178
,5.0,dn1,pkg5,5.0,True,14.0,37.774524,-122.473656,37.77433506614997,-122.47538991996959
,5.0,dn2,pkg8,5.0,True,13.0,37.774524,-122.473656,37.790450570573405,-122.45228123075337
,6.0,dn7,pkg18,6.0,True,14.0,37.718779,-122.462401,37.71457586391737,-122.45517286924344
,6.0,dn8,pkg4,6.0,True,12.0,37.718779,-122.462401,37.7455953675041,-122.45993225443726
,8.0,dn4,pkg22,8.0,True,15.0,37.751751,-122.410654,37.77971965961347,-122.40086538263235
,8.0,dn12,pkg17,8.0,True,17.0,37.78929,-122.426797,37.79155221425853,-122.43646256064845
,9.0,dn5,pkg6,9.0,True,16.0,37.751751,-122.410654,37.72312754409805,-122.42348129185956
,9.0,dn3,pkg21,9,True,16.0,37.774524,-122.473656,37.79420477816629,-122.50643993310618
,9.0,dn10,pkg20,9.0,True,14.0,37.78929,-122.426797,37.794395479401715,-122.40725288583751
,10.0,dn14,pkg15,10,True,18.0,37.739611,-122.492203,37.76554884700836,-122.48842536952682
,10.0,dn15,pkg12,10,True,19.0,37.739611,-122.492203,37.75787019463649,-122.46307186095953
,10.0,dn9,pkg2,10.0,True,17.0,37.718779,-122.462401,37.72531547270966,-122.4967443005971
,11.0,dn11,pkg23,11.0,True,21.0,37.78929,-122.426797,37.7551264883001,-122.40017941047303
,11.0,dn1,pkg26,11.0,True,17.0,37.774524,-122.473656,37.75885432749163,-122.48122583846511
,14.0,dn6,pkg19,14,False,10.0,37.751751,-122.410654,37.71690027713551,-122.43580634697028
,14.0,dn13,pkg11,14,True,15.0,37.739611,-122.492203,37.736308475176244,-122.50518632874048
,14.0,dn8,pkg7,14,False,13.0,37.718779,-122.462401,37.73456236674453,-122.50732802415303
,15.0,dn2,pkg27,15.0,True,22.0,37.774524,-122.473656,37.758777365046925,-122.49076600308524
,15.0,dn5,pkg24,15,True,22.0,37.751751,-122.410654,37.763394874885606,-122.41506997850813
,17.0,dn4,pkg31,17,True,26.0,37.751751,-122.410654,37.729524543635954,-122.41667943628589
,18.0,dn7,pkg25,18,True,22.0,37.718779,-122.462401,37.714428313145916,-122.41226271720919
,18.0,dn12,pkg1,18,False,14.0,37.78929,-122.426797,37.78441138714177,-122.4758971390754
,18.0,dn1,pkg29,18.0,True,27.0,37.774524,-122.473656,37.78937025570905,-122.46047822682168
,19.0,dn9,pkg32,19,True,25.0,37.718779,-122.462401,37.7142384527056,-122.47239507019378
,21.0,dn10,pkg28,21,True,27.0,37.78929,-122.426797,37.77448041112095,-122.39521798781703
,24.0,dn3,pkg33,24.0,True,29.0,37.774524,-122.473656,37.76724494886512,-122.50049159625048
,24.0,dn5,pkg34,24,True,31.0,37.751751,-122.410654,37.71626031839685,-122.43238536600093
,26.0,dn11,pkg35,26,True,32.0,37.78929,-122.426797,37.7663341596204,-122.45535628991763
,32.0,dn4,pkg30,32,False,24.0,37.751751,-122.410654,37.713872845724865,-122.40121127978959
,33.0,dn8,pkg36,33,True,43.0,37.718779,-122.462401,37.72863098502734,-122.42964607577969
,33.0,dn1,pkg39,33.0,True,41.0,37.774524,-122.473656,37.769380503406765,-122.4875509404942
,36.0,dn10,pkg37,36,True,42.0,37.78929,-122.426797,37.753963362544546,-122.41032815990616
,37.0,dn5,pkg40,37.0,True,47.0,37.751751,-122.410654,37.73672228450517,-122.40209800938474
,38.0,dn12,pkg38,38,True,41.0,37.78929,-122.426797,37.758299617519164,-122.40234623857346
,41.0,dn7,pkg41,41.0,True,46.0,37.718779,-122.462401,37.725540361033275,-122.47378738308784
,44.0,dn6,pkg42,44.0,True,50.0,37.751751,-122.410654,37.7396357929315,-122.4130879890962
,49.0,dn8,pkg45,49.0,True,55.0,37.718779,-122.462401,37.720565469027875,-122.48025056277434
,50.0,dn9,pkg44,50.0,True,59.0,37.718779,-122.462401,37.72219941605735,-122.44316289432304
,53.0,dn1,pkg43,53,False,50.0,37.774524,-122.473656,37.744434098641534,-122.4479224926261
,54.0,dn4,pkg46,54.0,True,63.0,37.751751,-122.410654,37.78176493271071,-122.44999640173621
,55.0,dn5,pkg47,55.0,True,62.0,37.751751,-122.410654,37.72101878026805,-122.40210149244344
,57.0,dn3,pkg49,57.0,True,62.0,37.774524,-122.473656,37.78429467540674,-122.47724663221281
,57.0,dn10,pkg50,57.0,True,62.0,37.78929,-122.426797,37.77173948097866,-122.42583707901575
,59.0,dn2,pkg48,59,True,65.0,37.774524,-122.473656,37.744617788158756,-122.47708314125524
,61.0,dn6,pkg51,61,True,65.0,37.751751,-122.410654,37.717058333090996,-122.40833135178416
,61.0,dn11,pkg53,61.0,True,67.0,37.78929,-122.426797,37.78089082633729,-122.44635052140318
,63.0,dn13,pkg52,63.0,True,71.0,37.739611,-122.492203,37.76016926507155,-122.49323114227626
,65.0,dn7,pkg54,65.0,True,75.0,37.718779,-122.462401,37.718163159763,-122.48287955714983
,67.0,dn8,pkg55,67,True,75.0,37.718779,-122.462401,37.74351206574183,-122.4876001578493
,67.0,dn10,pkg57,67.0,True,73.0,37.78929,-122.426797,37.78752356027858,-122.41394218508303
,68.0,dn9,pkg56,68.0,True,75.0,37.718779,-122.462401,37.7201806269463,-122.46914124380558
,69.0,dn14,pkg58,69.0,True,74.0,37.739611,-122.492203,37.73949243043613,-122.4877602337965
,74.0,dn4,pkg60,74.0,True,82.0,37.751751,-122.410654,37.73182184532298,-122.40213894408164
,75.0,dn15,pkg59,75.0,True,82.0,37.739611,-122.492203,37.7198302780026,-122.4688426996576
,76.0,dn14,pkg62,76.0,True,83.0,37.739611,-122.492203,37.74428017759725,-122.50263839715691
,79.0,dn1,pkg61,79,True,82.0,37.774524,-122.473656,37.782466821455436,-122.50116353140734
,79.0,dn10,pkg64,79,True,85.0,37.78929,-122.426797,37.795008980800255,-122.4480251844494
,81.0,dn7,pkg63,81,True,86.0,37.718779,-122.462401,37.742890396532296,-122.4286941397511
,81.0,dn4,pkg65,81.0,True,90.0,37.751751,-122.410654,37.75429008791727,-122.41212477492874
,88.0,dn2,pkg66,88,True,93.0,37.774524,-122.473656,37.76144271277392,-122.49752993463109
,91.0,dn13,pkg68,91.0,True,97.0,37.739611,-122.492203,37.73593739283264,-122.50186345228745
,92.0,dn3,pkg67,92,True,99.0,37.774524,-122.473656,37.77508291641086,-122.43412453947754
,94.0,dn10,pkg69,94.0,True,99.0,37.78929,-122.426797,37.78341479835186,-122.41287319403015
,96.0,dn7,pkg71,96.0,True,104.0,37.718779,-122.462401,37.73709992682349,-122.46813516806036
,6.0,dn1,pkg5,6,True,13.0,37.774524,-122.473656,37.790566749100655,-122.47164344243876
,6.0,dn10,pkg9,6,True,14.0,37.78929,-122.426797,37.7937402081306,-122.40021111090391
,6.0,dn2,pkg20,6,True,12.0,37.774524,-122.473656,37.77967543679832,-122.47864322115946
,7.0,dn4,pkg7,7,True,14.0,37.751751,-122.410654,37.75998232480772,-122.42828167147148
,7.0,dn12,pkg17,7.0,True,16.0,37.78929,-122.426797,37.789128476805054,-122.40572117696632
,8.0,dn14,pkg15,8,True,14.0,37.739611,-122.492203,37.72986268595278,-122.49974681811472
,9.0,dn5,pkg13,9,True,13.0,37.751751,-122.410654,37.77733182537621,-122.44608583427407
,9.0,dn6,pkg1,9,True,13.0,37.751751,-122.410654,37.787789436921386,-122.4057593407602
,9.0,dn13,pkg3,9,True,12.0,37.739611,-122.492203,37.75413812979495,-122.48288948586145
,9.0,dn7,pkg21,9,True,13.0,37.718779,-122.462401,37.741027639557096,-122.49810848080902
,10.0,dn15,pkg22,10.0,True,19.0,37.739611,-122.492203,37.7581355824443,-122.50728065195861
,11.0,dn3,pkg23,11.0,True,21.0,37.774524,-122.473656,37.79520388839306,-122.48588160817415
,12.0,dn11,pkg12,12,True,15.0,37.78929,-122.426797,37.78507200045657,-122.45715722049742
,14.0,dn8,pkg4,14,False,13.0,37.718779,-122.462401,37.71839856452161,-122.50269513580564
,14.0,dn1,pkg14,14,False,13.0,37.774524,-122.473656,37.79058444848495,-122.48184006061378
,14.0,dn4,pkg2,14,True,15.0,37.751751,-122.410654,37.746217286473055,-122.41058681289368
,15.0,dn9,pkg16,15,False,14.0,37.718779,-122.462401,37.757143180215266,-122.48349104115833
,16.0,dn2,pkg11,16,False,12.0,37.774524,-122.473656,37.757913012156436,-122.42448261078226
,17.0,dn7,pkg28,17,True,26.0,37.718779,-122.462401,37.724403248338746,-122.45813970411376
,19.0,dn14,pkg26,19.0,True,24.0,37.739611,-122.492203,37.76332386952883,-122.48891555963172
,21.0,dn5,pkg30,21.0,True,29.0,37.751751,-122.410654,37.781447891717654,-122.41809359551642
,22.0,dn10,pkg25,22,False,19.0,37.78929,-122.426797,37.78044546348804,-122.4693022220376
,22.0,dn15,pkg27,22,True,27.0,37.739611,-122.492203,37.711645022799715,-122.49766836338218
,23.0,dn12,pkg6,23,False,19.0,37.78929,-122.426797,37.771390340535746,-122.47635371065337
,24.0,dn7,pkg31,24.0,True,33.0,37.718779,-122.462401,37.72553777735485,-122.46205207039758
,25.0,dn3,pkg24,25,False,20.0,37.774524,-122.473656,37.78431195445775,-122.4941477145543
,26.0,dn1,pkg32,26.0,True,35.0,37.774524,-122.473656,37.776636432266386,-122.47012116472973
,27.0,dn6,pkg10,27,False,19.0,37.751751,-122.410654,37.79240179445609,-122.42610079984252
,28.0,dn11,pkg33,28.0,True,34.0,37.78929,-122.426797,37.79628776396677,-122.4490078115706
,29.0,dn13,pkg29,29,True,30.0,37.739611,-122.492203,37.77907614346829,-122.46530566689762
,34.0,dn2,pkg34,34.0,True,40.0,37.774524,-122.473656,37.79669721229124,-122.44209144856505
,35.0,dn5,pkg36,35,True,40.0,37.751751,-122.410654,37.789925120219486,-122.43183463342659
,36.0,dn1,pkg35,36.0,True,46.0,37.774524,-122.473656,37.73479472330716,-122.47767042556231
,37.0,dn4,pkg37,37.0,True,46.0,37.751751,-122.410654,37.74472040294751,-122.45495167010833
,39.0,dn3,pkg38,39.0,True,44.0,37.774524,-122.473656,37.74977175648378,-122.47300027617266
,39.0,dn7,pkg39,39.0,True,49.0,37.718779,-122.462401,37.72444462954866,-122.45781547513012
,46.0,dn8,pkg40,46,True,52.0,37.718779,-122.462401,37.72571378337007,-122.41304772076136
,46.0,dn10,pkg41,46.0,True,55.0,37.78929,-122.426797,37.78720383605428,-122.41776909333349
,49.0,dn9,pkg42,49,True,53.0,37.718779,-122.462401,37.729376848114526,-122.50267936413499
,53.0,dn11,pkg43,53.0,True,59.0,37.78929,-122.426797,37.78521978585068,-122.43772956579473
,55.0,dn13,pkg45,55.0,True,62.0,37.739611,-122.492203,37.71276390712033,-122.50514054011327
,57.0,dn1,pkg44,57,True,63.0,37.774524,-122.473656,37.76990314932928,-122.43279042328113
,63.0,dn2,pkg46,63.0,True,72.0,37.774524,-122.473656,37.747872265207924,-122.49713410618395
,66.0,dn3,pkg47,66.0,True,73.0,37.774524,-122.473656,37.783053989235825,-122.45200222435018
,67.0,dn10,pkg48,67.0,True,77.0,37.78929,-122.426797,37.78726887018388,-122.4520401051253
,69.0,dn11,pkg49,69.0,True,75.0,37.78929,-122.426797,37.76932785410358,-122.46126789719715
,70.0,dn13,pkg51,70,True,73.0,37.739611,-122.492203,37.76490090150523,-122.4935388966504
,74.0,dn1,pkg52,74.0,True,81.0,37.774524,-122.473656,37.76590769914407,-122.50128790440982
,75.0,dn12,pkg50,75,True,80.0,37.78929,-122.426797,37.796238313145935,-122.46562063203255
,75.0,dn15,pkg53,75,True,81.0,37.739611,-122.492203,37.71697765069324,-122.498559211285
,76.0,dn7,pkg54,76,True,83.0,37.718779,-122.462401,37.7350265706629,-122.47418541446397
,79.0,dn10,pkg57,79,True,87.0,37.78929,-122.426797,37.78147355203527,-122.45255285372082
,81.0,dn2,pkg55,81,True,88.0,37.774524,-122.473656,37.783046701087294,-122.44630795088983
,83.0,dn4,pkg59,83.0,True,91.0,37.751751,-122.410654,37.77347740918319,-122.4184601803979
,86.0,dn6,pkg58,86.0,True,95.0,37.751751,-122.410654,37.75734544217755,-122.40702220108507
,87.0,dn8,pkg60,87,True,97.0,37.718779,-122.462401,37.7310521924911,-122.42946779099232
,89.0,dn5,pkg56,89,True,90.0,37.751751,-122.410654,37.79149017586107,-122.41918678994017
,90.0,dn1,pkg62,90.0,True,95.0,37.774524,-122.473656,37.76154537255995,-122.47711005734367
,96.0,dn4,pkg63,96.0,True,104.0,37.751751,-122.410654,37.74533378218617,-122.39524568157192
,98.0,dn15,pkg61,98,True,102.0,37.739611,-122.492203,37.77721030133964,-122.46664304878381
,100.0,dn6,pkg64,100,True,106.0,37.751751,-122.410654,37.74060422255584,-122.4550102823284
,100.0,dn3,pkg65,100.0,True,109.0,37.774524,-122.473656,37.764876012906996,-122.45269891302628
,5.0,dn1,pkg16,5.0,True,12.0,37.774524,-122.473656,37.78319519813838,-122.48694105762894
,6.0,dn3,pkg5,6.0,True,14.0,37.774524,-122.473656,37.75962457629981,-122.4485985705472
,6.0,dn4,pkg22,6,True,11.0,37.751751,-122.410654,37.77261342674605,-122.42323354262734
,6.0,dn14,pkg19,6.0,True,11.0,37.739611,-122.492203,37.7393692253661,-122.49989772500483
,6.0,dn8,pkg11,6.0,True,11.0,37.718779,-122.462401,37.72567861049543,-122.44949796282889
,7.0,dn2,pkg8,7.0,True,14.0,37.774524,-122.473656,37.77508730522987,-122.46664582093405
,7.0,dn10,pkg6,7.0,True,16.0,37.78929,-122.426797,37.782903337705314,-122.40695513126603
,8.0,dn5,pkg15,8,True,11.0,37.751751,-122.410654,37.7301217833292,-122.430105956342
,8.0,dn11,pkg18,8.0,True,14.0,37.78929,-122.426797,37.78716898790364,-122.43663250599211
,8.0,dn15,pkg3,8.0,True,14.0,37.739611,-122.492203,37.770208383856776,-122.47845999560401
,9.0,dn6,pkg1,9.0,True,17.0,37.751751,-122.410654,37.760485945779564,-122.43106848234444
,9.0,dn7,pkg10,9.0,True,14.0,37.718779,-122.462401,37.73802932233339,-122.45768605603328
,10.0,dn13,pkg17,10.0,True,15.0,37.739611,-122.492203,37.70943752234869,-122.49334936839305
,12.0,dn9,pkg13,12,True,15.0,37.718779,-122.462401,37.7556445541096,-122.46706867186748
,12.0,dn12,pkg21,12,True,13.0,37.78929,-122.426797,37.76320413651556,-122.41664520029045
,14.0,dn1,pkg12,14,True,16.0,37.774524,-122.473656,37.787021143328026,-122.48297920442168
,14.0,dn11,pkg23,14,True,22.0,37.78929,-122.426797,37.77498611475978,-122.40090335733092
,14.0,dn4,pkg9,14,True,17.0,37.751751,-122.410654,37.755156680630705,-122.40488651225323
,14.0,dn10,pkg4,14,True,15.0,37.78929,-122.426797,37.79041652714712,-122.4119068823178
,18.0,dn3,pkg14,18,True,19.0,37.774524,-122.473656,37.79339956422923,-122.43201003007411
,21.0,dn14,pkg2,21,False,18.0,37.739611,-122.492203,37.77235812068348,-122.48125595893302
,21.0,dn2,pkg25,21,True,22.0,37.774524,-122.473656,37.73698191415985,-122.48199732458421
,21.0,dn7,pkg26,21,True,29.0,37.718779,-122.462401,37.725822049108004,-122.50208114452957
,22.0,dn8,pkg24,22,True,25.0,37.718779,-122.462401,37.70918431314724,-122.41221426471628
,23.0,dn5,pkg29,23,True,27.0,37.751751,-122.410654,37.73428476233908,-122.43510187661494
,23.0,dn10,pkg28,23,True,27.0,37.78929,-122.426797,37.79476831614498,-122.39908740455527
,24.0,dn6,pkg27,24,True,30.0,37.751751,-122.410654,37.72339422407358,-122.41328204528689
,24.0,dn15,pkg20,24,False,15.0,37.739611,-122.492203,37.77299023877771,-122.45691988924555
,25.0,dn13,pkg30,25.0,True,35.0,37.739611,-122.492203,37.721108119507065,-122.45399630860115
,26.0,dn4,pkg32,26,True,34.0,37.751751,-122.410654,37.756149266660934,-122.44311625203255
,27.0,dn1,pkg33,27.0,True,33.0,37.774524,-122.473656,37.762686529417834,-122.49267032403844
,29.0,dn9,pkg31,29,True,37.0,37.718779,-122.462401,37.70913558010791,-122.50478529157445
,32.0,dn11,pkg34,32,True,36.0,37.78929,-122.426797,37.76186554288924,-122.46446617500112
,33.0,dn13,pkg36,33,True,37.0,37.739611,-122.492203,37.71870938284168,-122.5064860673845
,37.0,dn10,pkg38,37.0,True,45.0,37.78929,-122.426797,37.76996112957394,-122.4210613837558
,39.0,dn5,pkg37,39,True,41.0,37.751751,-122.410654,37.73051473772666,-122.40716773393213
,41.0,dn7,pkg35,41,True,42.0,37.718779,-122.462401,37.72876793111397,-122.41863646222873
,41.0,dn4,pkg40,41,True,47.0,37.751751,-122.410654,37.710995103333694,-122.4029991296956
,41.0,dn6,pkg39,41.0,True,46.0,37.751751,-122.410654,37.73729547302872,-122.41314738634219
,43.0,dn12,pkg43,43.0,True,50.0,37.78929,-122.426797,37.77830503291601,-122.44391134237344
,44.0,dn1,pkg42,44.0,True,51.0,37.774524,-122.473656,37.78246146755975,-122.47761473835139
,45.0,dn15,pkg41,45.0,True,51.0,37.739611,-122.492203,37.746778285120655,-122.48622406062549
,46.0,dn2,pkg44,46,True,55.0,37.774524,-122.473656,37.78949515064668,-122.50540985446284
,46.0,dn11,pkg45,46,True,54.0,37.78929,-122.426797,37.7582981009794,-122.40798586011148
,49.0,dn10,pkg46,49.0,True,55.0,37.78929,-122.426797,37.76572265822654,-122.40739784059393
,56.0,dn1,pkg47,56,True,66.0,37.774524,-122.473656,37.75817900140315,-122.44793457980899
,59.0,dn3,pkg48,59.0,True,65.0,37.774524,-122.473656,37.76947202852461,-122.49381554024691
,60.0,dn7,pkg49,60,True,65.0,37.718779,-122.462401,37.74016523262958,-122.46054317561848
,62.0,dn8,pkg50,62.0,True,68.0,37.718779,-122.462401,37.72196449745087,-122.48231998317135
,65.0,dn4,pkg51,65.0,True,75.0,37.751751,-122.410654,37.766407724572716,-122.40438746091768
,68.0,dn2,pkg52,68.0,True,78.0,37.774524,-122.473656,37.77488385013611,-122.48465702246263
,71.0,dn10,pkg54,71.0,True,76.0,37.78929,-122.426797,37.788518618180845,-122.42578566041857
,72.0,dn1,pkg53,72,True,77.0,37.774524,-122.473656,37.7802381114317,-122.42251967525121
,74.0,dn7,pkg55,74.0,True,82.0,37.718779,-122.462401,37.72143538328135,-122.46747903267169
,76.0,dn2,pkg57,76,True,84.0,37.774524,-122.473656,37.76689463343241,-122.49188083509858
,78.0,dn4,pkg56,78.0,True,86.0,37.751751,-122.410654,37.774165280733776,-122.41877170865307
,87.0,dn5,pkg58,87.0,True,96.0,37.751751,-122.410654,37.72996299550854,-122.42272328528263
,91.0,dn1,pkg61,91.0,True,100.0,37.774524,-122.473656,37.76577340127967,-122.4314169701951
,92.0,dn10,pkg62,92.0,True,99.0,37.78929,-122.426797,37.75660553384573,-122.40400841360722
,94.0,dn6,pkg60,94,True,99.0,37.751751,-122.410654,37.714304429909646,-122.40943231891104
,94.0,dn11,pkg64,94,True,104.0,37.78929,-122.426797,37.75986365007349,-122.40279423036745
,95.0,dn2,pkg59,95,True,95.0,37.774524,-122.473656,37.796366371946164,-122.42683535152099
,97.0,dn7,pkg65,97.0,True,105.0,37.718779,-122.462401,37.72915487377756,-122.4768175978216
,98.0,dn12,pkg66,98,True,106.0,37.78929,-122.426797,37.75526936391308,-122.42987416637618
,99.0,dn4,pkg63,99,True,101.0,37.751751,-122.410654,37.72394206850967,-122.44351614328022
,5.0,dn2,pkg6,5,True,14.0,37.774524,-122.473656,37.78548726783833,-122.45727508034595
,6.0,dn7,pkg4,6.0,True,15.0,37.718779,-122.462401,37.70932743835585,-122.4570803839563
,7.0,dn1,pkg8,7,True,10.0,37.774524,-122.473656,37.75115877879615,-122.47926399200493
,7.0,dn4,pkg19,7,True,13.0,37.751751,-122.410654,37.75449985906595,-122.43195313733592
,8.0,dn8,pkg15,8.0,True,15.0,37.718779,-122.462401,37.752144428452524,-122.46375583027249
,8.0,dn12,pkg17,8,True,10.0,37.78929,-122.426797,37.78022306947322,-122.39883416318531
,9.0,dn3,pkg10,9.0,True,19.0,37.774524,-122.473656,37.76446874082849,-122.49193020919505
,9.0,dn5,pkg16,9.0,True,15.0,37.751751,-122.410654,37.73033392891912,-122.40067381808315
,9.0,dn6,pkg22,9.0,True,14.0,37.751751,-122.410654,37.757119166616356,-122.44517605343955
,10.0,dn10,pkg3,10.0,True,16.0,37.78929,-122.426797,37.78297601738229,-122.43388279010775
,10.0,dn11,pkg21,10.0,True,15.0,37.78929,-122.426797,37.79228140425457,-122.44508591804326
,10.0,dn7,pkg14,10,True,17.0,37.718779,-122.462401,37.7171192817782,-122.47260179450164
,11.0,dn14,pkg12,11,True,13.0,37.739611,-122.492203,37.78009124516467,-122.47906896194763
,11.0,dn15,pkg5,11,True,15.0,37.739611,-122.492203,37.74422539510626,-122.45862277666618
,14.0,dn13,pkg7,14,False,13.0,37.739611,-122.492203,37.77822228093489,-122.47613309453602
,15.0,dn2,pkg1,15,True,17.0,37.774524,-122.473656,37.75738775355018,-122.46783443232422
,15.0,dn3,pkg13,15,False,13.0,37.774524,-122.473656,37.76588156415791,-122.4889921923336
,16.0,dn9,pkg9,16,False,11.0,37.718779,-122.462401,37.75377442371071,-122.49615003203407
,16.0,dn10,pkg26,16.0,True,26.0,37.78929,-122.426797,37.79094846511267,-122.43001658458509
,17.0,dn7,pkg25,17,True,19.0,37.718779,-122.462401,37.7400252332115,-122.47842096764697
,19.0,dn8,pkg27,19,True,27.0,37.718779,-122.462401,37.75407375948479,-122.43057725058021
,19.0,dn4,pkg29,19,True,26.0,37.751751,-122.410654,37.78132973960555,-122.43231509660122
,20.0,dn1,pkg20,20,False,15.0,37.774524,-122.473656,37.78517777766047,-122.50457901067126
,22.0,dn5,pkg31,22.0,True,29.0,37.751751,-122.410654,37.74445825765829,-122.39835500424768
,23.0,dn10,pkg32,23.0,True,28.0,37.78929,-122.426797,37.78457648129382,-122.4542184884024
,30.0,dn6,pkg30,30,True,30.0,37.751751,-122.410654,37.70708517660207,-122.41894039435903
,31.0,dn2,pkg34,31,True,35.0,37.774524,-122.473656,37.74038942995835,-122.48674558012195
,32.0,dn11,pkg28,32,False,26.0,37.78929,-122.426797,37.78976076889471,-122.47778637864796
,38.0,dn14,pkg33,38,False,32.0,37.739611,-122.492203,37.715993557862404,-122.44387509177602
,38.0,dn7,pkg35,38,True,42.0,37.718779,-122.462401,37.718066141166034,-122.43084781177932
,42.0,dn4,pkg36,42,True,47.0,37.751751,-122.410654,37.73553006425179,-122.39487196049068
,48.0,dn8,pkg37,48.0,True,55.0,37.718779,-122.462401,37.72982291688279,-122.46453311001713
,50.0,dn3,pkg38,50.0,True,57.0,37.774524,-122.473656,37.75816826778742,-122.42762617297524
,52.0,dn9,pkg41,52.0,True,61.0,37.718779,-122.462401,37.712321736047514,-122.43230571528714
,53.0,dn1,pkg40,53.0,True,58.0,37.774524,-122.473656,37.76624096430463,-122.4900806700762
,53.0,dn4,pkg42,53,True,61.0,37.751751,-122.410654,37.77187533922288,-122.39529450739768
,59.0,dn2,pkg39,59,False,57.0,37.774524,-122.473656,37.777728892655546,-122.4236856382278
,59.0,dn5,pkg45,59,True,64.0,37.751751,-122.410654,37.738695204122564,-122.4315159517234
,59.0,dn10,pkg44,59.0,True,66.0,37.78929,-122.426797,37.76882647256219,-122.46246912549286
,60.0,dn7,pkg43,60,True,63.0,37.718779,-122.462401,37.71158322656115,-122.41794312162875
,60.0,dn3,pkg47,60,True,68.0,37.774524,-122.473656,37.741930278139904,-122.50456329042683
,63.0,dn8,pkg46,63.0,True,68.0,37.718779,-122.462401,37.726105674040014,-122.40587885687476
,65.0,dn6,pkg48,65.0,True,75.0,37.751751,-122.410654,37.71917321675675,-122.39698579316237
,66.0,dn1,pkg49,66.0,True,76.0,37.774524,-122.473656,37.769283456280746,-122.49237512421429
,67.0,dn13,pkg50,67,True,75.0,37.739611,-122.492203,37.759636687289465,-122.50100018750484
,71.0,dn5,pkg53,71.0,True,77.0,37.751751,-122.410654,37.749874195812396,-122.39641712794219
,74.0,dn4,pkg52,74,True,79.0,37.751751,-122.410654,37.71466259085985,-122.39681056397701
,74.0,dn14,pkg55,74.0,True,84.0,37.739611,-122.492203,37.75734982543879,-122.48034656540639
,76.0,dn9,pkg51,76,True,76.0,37.718779,-122.462401,37.73078622361349,-122.40980839574512
,78.0,dn10,pkg56,78,True,80.0,37.78929,-122.426797,37.76366547997385,-122.42812645775487
,79.0,dn1,pkg58,79.0,True,86.0,37.774524,-122.473656,37.77540296643615,-122.46891164724768
,80.0,dn3,pkg54,80,False,78.0,37.774524,-122.473656,37.74333390013047,-122.50753722647144
,81.0,dn12,pkg57,81,True,86.0,37.78929,-122.426797,37.78566621194389,-122.46646870357598
,85.0,dn5,pkg59,85,True,92.0,37.751751,-122.410654,37.778459311135386,-122.40253852909372
,88.0,dn6,pkg61,88.0,True,93.0,37.751751,-122.410654,37.7509216231793,-122.43569321726066
,92.0,dn1,pkg60,92,True,95.0,37.774524,-122.473656,37.78493220234503,-122.43566200668012
,93.0,dn7,pkg62,93.0,True,102.0,37.718779,-122.462401,37.72895530934704,-122.46690808005418
,94.0,dn11,pkg64,94.0,True,102.0,37.78929,-122.426797,37.783586652757116,-122.41110790772792
,94.0,dn4,pkg63,94,True,104.0,37.751751,-122.410654,37.77078872676434,-122.41567151282
,96.0,dn2,pkg66,96.0,True,103.0,37.774524,-122.473656,37.76495699103182,-122.46280637477201
,100.0,dn12,pkg65,100.0,True,106.0,37.78929,-122.426797,37.78614551395583,-122.44708983042706
,100.0,dn3,pkg67,100,True,110.0,37.774524,-122.473656,37.75902206551422,-122.49715728138769
,5.0,dn1,pkg9,5.0,True,14.0,37.774524,-122.473656,37.781819690820086,-122.49909938067312
,5.0,dn10,pkg18,5.0,True,10.0,37.78929,-122.426797,37.77950199622206,-122.42332713749457
,6.0,dn7,pkg20,6,True,15.0,37.718779,-122.462401,37.736297108871035,-122.46461752484456
,6.0,dn5,pkg22,6.0,True,13.0,37.751751,-122.410654,37.73889454261225,-122.39531449432276
,7.0,dn2,pkg14,7.0,True,17.0,37.774524,-122.473656,37.756671230992296,-122.45997966424108
,7.0,dn8,pkg11,7.0,True,16.0,37.718779,-122.462401,37.72403439068486,-122.43985131369016
,7.0,dn14,pkg7,7.0,True,12.0,37.739611,-122.492203,37.741125788926794,-122.4803823932622
,7.0,dn13,pkg2,7.0,True,16.0,37.739611,-122.492203,37.71699406917241,-122.48264961209054
,7.0,dn11,pkg5,7.0,True,12.0,37.78929,-122.426797,37.7736151698989,-122.42497805554802
,7.0,dn4,pkg23,7.0,True,16.0,37.751751,-122.410654,37.74024931863537,-122.44873685048537
,8.0,dn9,pkg16,8.0,True,17.0,37.718779,-122.462401,37.722375558343174,-122.44690237021963
,8.0,dn15,pkg6,8,True,14.0,37.739611,-122.492203,37.73898310539955,-122.43990987943049
,9.0,dn12,pkg12,9.0,True,18.0,37.78929,-122.426797,37.77771759054379,-122.48088912057716
,9.0,dn6,pkg13,9.0,True,18.0,37.751751,-122.410654,37.738542260565815,-122.4480042357865
,10.0,dn3,pkg3,10.0,True,17.0,37.774524,-122.473656,37.75050293749794,-122.47558486673238
,12.0,dn2,pkg15,12,True,15.0,37.774524,-122.473656,37.7702285526351,-122.4938302176283
,13.0,dn10,pkg27,13.0,True,21.0,37.78929,-122.426797,37.79306126135882,-122.41771052612438
,13.0,dn5,pkg10,13,True,18.0,37.751751,-122.410654,37.743694530057134,-122.42506274958195
,13.0,dn14,pkg24,13,True,17.0,37.739611,-122.492203,37.71416885737142,-122.4665908834685
,15.0,dn1,pkg17,15,False,13.0,37.774524,-122.473656,37.75087495862115,-122.47068993012766
,15.0,dn13,pkg25,15,True,21.0,37.739611,-122.492203,37.78331082324855,-122.49161749572785
,16.0,dn7,pkg19,16,True,18.0,37.718779,-122.462401,37.72780121276551,-122.4828400527883
,22.0,dn2,pkg28,22,True,30.0,37.774524,-122.473656,37.762864642551484,-122.50186506801069
,23.0,dn4,pkg26,23,False,19.0,37.751751,-122.410654,37.77231428701989,-122.4326213282376
,23.0,dn8,pkg8,23,False,16.0,37.718779,-122.462401,37.71451010563544,-122.42959115594364
,24.0,dn15,pkg4,24,False,17.0,37.739611,-122.492203,37.71532413301555,-122.47042851132571
,27.0,dn9,pkg21,27,False,16.0,37.718779,-122.462401,37.73226787547641,-122.50513740435835
,28.0,dn1,pkg30,28,True,34.0,37.774524,-122.473656,37.7680412607508,-122.4955367268428
,30.0,dn6,pkg33,30.0,True,36.0,37.751751,-122.410654,37.76375427366842,-122.40766641240965
,31.0,dn3,pkg31,31,True,35.0,37.774524,-122.473656,37.741145620172276,-122.43651675913655
,33.0,dn5,pkg29,33,True,39.0,37.751751,-122.410654,37.71044185709026,-122.4000504265704
,33.0,dn11,pkg32,33.0,True,43.0,37.78929,-122.426797,37.78511426031332,-122.41210996861876
,36.0,dn2,pkg36,36.0,True,43.0,37.774524,-122.473656,37.76125829165525,-122.44734047651893
,36.0,dn4,pkg35,36,True,44.0,37.751751,-122.410654,37.7452975713612,-122.40644619721547
,37.0,dn7,pkg34,37.0,True,44.0,37.718779,-122.462401,37.712574096877184,-122.48843475033654
,46.0,dn1,pkg38,46,True,54.0,37.774524,-122.473656,37.78322054817699,-122.49741132607319
,48.0,dn10,pkg37,48.0,True,55.0,37.78929,-122.426797,37.796724262339794,-122.44331973384755
,52.0,dn14,pkg41,52.0,True,57.0,37.739611,-122.492203,37.753920191266374,-122.48022773733024
,53.0,dn8,pkg40,53.0,True,58.0,37.718779,-122.462401,37.7277255643271,-122.45648328518267
,54.0,dn13,pkg39,54,True,55.0,37.739611,-122.492203,37.75342110256059,-122.47545391620889
,54.0,dn7,pkg42,54.0,True,61.0,37.718779,-122.462401,37.737431216085504,-122.47047127776261
,59.0,dn2,pkg43,59.0,True,66.0,37.774524,-122.473656,37.76309864660515,-122.4462059623633
,60.0,dn1,pkg44,60,True,68.0,37.774524,-122.473656,37.759182798241405,-122.45987055025545
,64.0,dn7,pkg45,64.0,True,70.0,37.718779,-122.462401,37.72357707385642,-122.46535045471032
,64.0,dn8,pkg46,64,True,70.0,37.718779,-122.462401,37.733593455673436,-122.47130204873876
,70.0,dn13,pkg48,70.0,True,80.0,37.739611,-122.492203,37.76054734810023,-122.46752534242053
,74.0,dn4,pkg49,74.0,True,80.0,37.751751,-122.410654,37.74602157446097,-122.43012111144628
,75.0,dn3,pkg47,75,True,75.0,37.774524,-122.473656,37.77304337218406,-122.41986209823088
,75.0,dn11,pkg50,75.0,True,84.0,37.78929,-122.426797,37.78766978407832,-122.44755778105863
,79.0,dn1,pkg51,79.0,True,85.0,37.774524,-122.473656,37.78080048621252,-122.49397627785014
,79.0,dn10,pkg52,79.0,True,86.0,37.78929,-122.426797,37.79085672830044,-122.42494046031509
,83.0,dn13,pkg54,83.0,True,88.0,37.739611,-122.492203,37.73212989633494,-122.50045983441628
,85.0,dn5,pkg53,85,True,92.0,37.751751,-122.410654,37.76404030268213,-122.40440887656268
,89.0,dn2,pkg55,89,True,98.0,37.774524,-122.473656,37.762867513437435,-122.43573500570956
,96.0,dn4,pkg58,96.0,True,101.0,37.751751,-122.410654,37.74353816417383,-122.42819330363841
,96.0,dn14,pkg60,96,True,106.0,37.739611,-122.492203,37.75681374072517,-122.48661347088044
,98.0,dn1,pkg56,98,True,103.0,37.774524,-122.473656,37.746082261958776,-122.50195383033567
,98.0,dn15,pkg61,98,True,104.0,37.739611,-122.492203,37.762198892834796,-122.49489606895057
,99.0,dn13,pkg57,99,True,102.0,37.739611,-122.492203,37.76973319539883,-122.48402483815022
,100.0,dn3,pkg59,100.0,True,107.0,37.774524,-122.473656,37.78883248300526,-122.49325251382372
,5.0,dn4,pkg4,5,True,15.0,37.751751,-122.410654,37.71966802402777,-122.39484782018647
,5.0,dn11,pkg5,5.0,True,12.0,37.78929,-122.426797,37.78475989611732,-122.45940067014664
,5.0,dn1,pkg7,5,True,12.0,37.774524,-122.473656,37.75416328163714,-122.48594713862016
,6.0,dn5,pkg10,6,True,13.0,37.751751,-122.410654,37.777007361203836,-122.43488287607327
,7.0,dn6,pkg2,7.0,True,17.0,37.751751,-122.410654,37.76545437691003,-122.4010217326233
,7.0,dn9,pkg15,7.0,True,17.0,37.718779,-122.462401,37.729539454805526,-122.44334657457398
,7.0,dn2,pkg18,7,True,14.0,37.774524,-122.473656,37.75884147948766,-122.4620415160265
,7.0,dn3,pkg19,7.0,True,16.0,37.774524,-122.473656,37.7650972640946,-122.49487354069446
,8.0,dn7,pkg21,8.0,True,18.0,37.718779,-122.462401,37.723932331112444,-122.445416737285
,8.0,dn14,pkg8,8.0,True,15.0,37.739611,-122.492203,37.73608999709039,-122.50688114597143
,9.0,dn10,pkg6,9.0,True,16.0,37.78929,-122.426797,37.77734579499791,-122.43754270452129
,9.0,dn12,pkg22,9,True,14.0,37.78929,-122.426797,37.78568515190668,-122.45696832766478
,9.0,dn13,pkg3,9.0,True,17.0,37.739611,-122.492203,37.75605272236462,-122.49417823651856
,10.0,dn8,pkg14,10.0,True,19.0,37.718779,-122.462401,37.70749022276593,-122.48183767062177
,11.0,dn15,pkg12,11,True,14.0,37.739611,-122.492203,37.75011985921165,-122.45848837309701
,12.0,dn9,pkg24,12,True,19.0,37.718779,-122.462401,37.75071191109781,-122.46071133794756
,14.0,dn1,pkg16,14,True,16.0,37.774524,-122.473656,37.79124287164542,-122.47636156245348
,14.0,dn6,pkg9,14,True,15.0,37.751751,-122.410654,37.74006272233717,-122.4124662165233
,16.0,dn11,pkg11,16,True,17.0,37.78929,-122.426797,37.74983529524936,-122.40142609415145
,19.0,dn3,pkg28,19,True,26.0,37.774524,-122.473656,37.771667448722404,-122.49732108011027
,20.0,dn4,pkg23,20,False,17.0,37.751751,-122.410654,37.70783840500842,-122.41440446156795
,20.0,dn14,pkg29,20.0,True,29.0,37.739611,-122.492203,37.75395479325466,-122.48972193674776
,20.0,dn9,pkg26,20,False,19.0,37.718779,-122.462401,37.71611596126989,-122.48580375878602
,20.0,dn10,pkg31,20,True,29.0,37.78929,-122.426797,37.796288546006785,-122.40683818932978
,22.0,dn7,pkg27,22,False,19.0,37.718779,-122.462401,37.74803335421624,-122.47823242995906
,22.0,dn2,pkg25,22,False,20.0,37.774524,-122.473656,37.742627388239775,-122.49121992053378
,23.0,dn5,pkg30,23,False,22.0,37.751751,-122.410654,37.74575403230947,-122.45478156879022
,25.0,dn13,pkg1,25,False,16.0,37.739611,-122.492203,37.709003337503326,-122.45998164837486
,25.0,dn8,pkg33,25.0,True,32.0,37.718779,-122.462401,37.72481815553299,-122.48039699064621
,25.0,dn12,pkg32,25.0,True,31.0,37.78929,-122.426797,37.78901294398995,-122.44672460477942
,29.0,dn6,pkg17,29,False,18.0,37.751751,-122.410654,37.72059677250676,-122.39930248947461
,33.0,dn15,pkg35,33,False,32.0,37.739611,-122.492203,37.74332425119632,-122.45190768657574
,34.0,dn10,pkg36,34.0,True,42.0,37.78929,-122.426797,37.7791089151402,-122.46530280850786
,35.0,dn1,pkg37,35.0,True,40.0,37.774524,-122.473656,37.7913566278687,-122.48673357959028
,35.0,dn3,pkg38,35.0,True,43.0,37.774524,-122.473656,37.79032985934462,-122.45110042410172
,35.0,dn11,pkg39,35.0,True,41.0,37.78929,-122.426797,37.7958814104261,-122.43458483019091
,36.0,dn4,pkg34,36,True,38.0,37.751751,-122.410654,37.73476245980658,-122.4049887298244
,37.0,dn12,pkg40,37.0,True,46.0,37.78929,-122.426797,37.786023648295654,-122.43660231060683
,41.0,dn2,pkg41,41.0,True,49.0,37.774524,-122.473656,37.77534159034141,-122.49527815424675
,42.0,dn11,pkg44,42.0,True,47.0,37.78929,-122.426797,37.77005752761675,-122.46675279866834
,45.0,dn5,pkg43,45,True,46.0,37.751751,-122.410654,37.76432262075915,-122.44919636357527
,46.0,dn14,pkg42,46,False,45.0,37.739611,-122.492203,37.76904417944767,-122.4804770262877
,46.0,dn7,pkg45,46,True,53.0,37.718779,-122.462401,37.73509426442095,-122.4349089331187
,50.0,dn6,pkg46,50,True,59.0,37.751751,-122.410654,37.747723519887046,-122.46411625946487
,51.0,dn4,pkg47,51.0,True,58.0,37.751751,-122.410654,37.74912584489059,-122.39751822371635
,51.0,dn13,pkg49,51.0,True,60.0,37.739611,-122.492203,37.7337538179968,-122.49503776355218
,55.0,dn2,pkg48,55,True,61.0,37.774524,-122.473656,37.76943746266994,-122.50311654397817
,58.0,dn9,pkg50,58.0,True,64.0,37.718779,-122.462401,37.724283140923184,-122.44520783088325
,61.0,dn13,pkg52,61.0,True,69.0,37.739611,-122.492203,37.745919855096425,-122.50081538492955
,62.0,dn8,pkg51,62,False,61.0,37.718779,-122.462401,37.751427516228354,-122.42665539251722
,62.0,dn3,pkg53,62,True,70.0,37.774524,-122.473656,37.79007464843327,-122.42355880671415
,67.0,dn5,pkg55,67.0,True,75.0,37.751751,-122.410654,37.745672774299756,-122.39412984616644
,67.0,dn14,pkg56,67,True,69.0,37.739611,-122.492203,37.720027909780114,-122.49593281023029
,67.0,dn1,pkg57,67,True,76.0,37.774524,-122.473656,37.79404600626131,-122.4418283571565
,68.0,dn6,pkg58,68.0,True,78.0,37.751751,-122.410654,37.734825780448006,-122.40764749906614
,69.0,dn4,pkg54,69,True,75.0,37.751751,-122.410654,37.71585078423235,-122.4414262991594
,70.0,dn13,pkg59,70,True,75.0,37.739611,-122.492203,37.778695249922265,-122.48294964281554
,71.0,dn15,pkg60,71,True,76.0,37.739611,-122.492203,37.765558589126975,-122.46084656934387
,74.0,dn9,pkg62,74.0,True,80.0,37.718779,-122.462401,37.737302990565766,-122.45491813980652
,76.0,dn8,pkg64,76,True,86.0,37.718779,-122.462401,37.711190287142536,-122.46226115228723
,77.0,dn3,pkg63,77,True,82.0,37.774524,-122.473656,37.77014214452384,-122.44277431839834
,80.0,dn1,pkg65,80.0,True,89.0,37.774524,-122.473656,37.79354089885613,-122.44662367311322
,82.0,dn7,pkg61,82,True,82.0,37.718779,-122.462401,37.728595616601666,-122.42054841232371
,84.0,dn5,pkg66,84.0,True,94.0,37.751751,-122.410654,37.76320960923843,-122.39500239877424
,88.0,dn13,pkg67,88.0,True,97.0,37.739611,-122.492203,37.747410045220626,-122.50144109658717
,91.0,dn4,pkg68,91.0,True,101.0,37.751751,-122.410654,37.72143550123997,-122.40015217193363
,93.0,dn6,pkg69,93.0,True,99.0,37.751751,-122.410654,37.754152867874005,-122.40810817769788
,94.0,dn8,pkg70,94,True,99.0,37.718779,-122.462401,37.73796564911666,-122.48028502223856
,96.0,dn1,pkg71,96.0,True,106.0,37.774524,-122.473656,37.764338268792535,-122.45265555999626
,97.0,dn9,pkg72,97.0,True,102.0,37.718779,-122.462401,37.715977987136846,-122.47037300972929
,98.0,dn2,pkg73,98.0,True,106.0,37.774524,-122.473656,37.79405102676451,-122.50573155591704
,5.0,dn11,pkg2,5.0,True,14.0,37.78929,-122.426797,37.75313319388846,-122.450435484865
,5.0,dn2,pkg16,5,True,12.0,37.774524,-122.473656,37.760889039683704,-122.47862138367307
,6.0,dn13,pkg18,6.0,True,14.0,37.739611,-122.492203,37.74313150358815,-122.48071091121456
,8.0,dn14,pkg20,8,True,14.0,37.739611,-122.492203,37.751441882957785,-122.50183602314172
,9.0,dn4,pkg7,9.0,True,15.0,37.751751,-122.410654,37.72987205357358,-122.42131935807808
,9.0,dn5,pkg1,9,True,16.0,37.751751,-122.410654,37.76696271363597,-122.43434310963822
,9.0,dn6,pkg15,9,True,17.0,37.751751,-122.410654,37.76594768913682,-122.42795862165029
,9.0,dn15,pkg4,9.0,True,17.0,37.739611,-122.492203,37.75064568045528,-122.50746165619286
,9.0,dn9,pkg8,9,True,15.0,37.718779,-122.462401,37.72846437758753,-122.42106052994353
,10.0,dn1,pkg11,10,True,15.0,37.774524,-122.473656,37.750693080962975,-122.45323067236642
,10.0,dn12,pkg5,10,True,16.0,37.78929,-122.426797,37.794326658945415,-122.45325692143938
,10.0,dn2,pkg9,10,True,16.0,37.774524,-122.473656,37.76731517824731,-122.46574552781861
,12.0,dn8,pkg23,12.0,True,20.0,37.718779,-122.462401,37.711128995764,-122.50609805880529
,13.0,dn10,pkg17,13,True,13.0,37.78929,-122.426797,37.7564494802333,-122.39652585582553
,13.0,dn11,pkg22,13,True,17.0,37.78929,-122.426797,37.77858406301841,-122.44900058888057
,15.0,dn3,pkg19,15,False,12.0,37.774524,-122.473656,37.7723541386573,-122.42882386858993
,15.0,dn7,pkg6,15,False,10.0,37.718779,-122.462401,37.75430086387716,-122.4675065165476
,15.0,dn13,pkg24,15,True,18.0,37.739611,-122.492203,37.765289990055216,-122.50630403195377
,17.0,dn2,pkg3,17,True,19.0,37.774524,-122.473656,37.78751625597963,-122.47507781969603
,19.0,dn4,pkg28,19.0,True,25.0,37.751751,-122.410654,37.74420195268328,-122.41034572267407
,19.0,dn5,pkg26,19.0,True,29.0,37.751751,-122.410654,37.76452943381476,-122.42857108628577
,21.0,dn15,pkg29,21.0,True,28.0,37.739611,-122.492203,37.73662849818671,-122.47274818574434
,22.0,dn6,pkg27,22,True,26.0,37.751751,-122.410654,37.77064127114321,-122.42699646462047
,24.0,dn14,pkg13,24,False,15.0,37.739611,-122.492203,37.78340222013888,-122.49738218839738
,25.0,dn9,pkg12,25,False,18.0,37.718779,-122.462401,37.713843415292054,-122.41468817739654
,27.0,dn8,pkg31,27.0,True,37.0,37.718779,-122.462401,37.71010622406017,-122.42993212640529
,30.0,dn1,pkg32,30.0,True,40.0,37.774524,-122.473656,37.7817592910434,-122.4622967453861
,30.0,dn5,pkg30,30,True,32.0,37.751751,-122.410654,37.72869799822675,-122.40751601688514
,31.0,dn15,pkg34,31.0,True,41.0,37.739611,-122.492203,37.77277166199277,-122.50488944375624
,32.0,dn4,pkg33,32.0,True,40.0,37.751751,-122.410654,37.783980977717924,-122.40152450813613
,37.0,dn6,pkg35,37.0,True,45.0,37.751751,-122.410654,37.73886102171255,-122.40002030778209
,37.0,dn13,pkg36,37.0,True,42.0,37.739611,-122.492203,37.74408067837592,-122.48711014060234
,40.0,dn2,pkg38,40,True,49.0,37.774524,-122.473656,37.78304314323483,-122.47706155767048
,41.0,dn1,pkg37,41,True,50.0,37.774524,-122.473656,37.748809742392055,-122.49463850420545
,45.0,dn5,pkg41,45.0,True,50.0,37.751751,-122.410654,37.75868048047691,-122.39623059225224
,48.0,dn3,pkg40,48,True,54.0,37.774524,-122.473656,37.73717919051561,-122.46473191595044
,48.0,dn10,pkg42,48,True,57.0,37.78929,-122.426797,37.78498204005489,-122.4108839811436
,50.0,dn6,pkg43,50.0,True,55.0,37.751751,-122.410654,37.74265395042515,-122.3961498556273
,51.0,dn11,pkg39,51,False,46.0,37.78929,-122.426797,37.75322948595349,-122.40798500074217
,55.0,dn7,pkg44,55.0,True,63.0,37.718779,-122.462401,37.71788644742945,-122.44844744377369
,55.0,dn8,pkg45,55.0,True,65.0,37.718779,-122.462401,37.74924903702564,-122.48936180215397
,57.0,dn2,pkg46,57.0,True,63.0,37.774524,-122.473656,37.7441679121829,-122.49221031972903
,58.0,dn9,pkg47,58.0,True,66.0,37.718779,-122.462401,37.710204244452086,-122.46444180616754
,66.0,dn4,pkg48,66.0,True,74.0,37.751751,-122.410654,37.72729508034522,-122.4112683927002
,67.0,dn6,pkg51,67.0,True,75.0,37.751751,-122.410654,37.71887944003262,-122.43376453362728
,68.0,dn7,pkg50,68,True,70.0,37.718779,-122.462401,37.7096134068946,-122.42428510974
,68.0,dn2,pkg53,68.0,True,75.0,37.774524,-122.473656,37.78830500204661,-122.47749525140512
,69.0,dn10,pkg52,69,True,74.0,37.78929,-122.426797,37.77055716431513,-122.41758572847392
,70.0,dn5,pkg49,70,True,72.0,37.751751,-122.410654,37.714929222372895,-122.40977035105011
,71.0,dn8,pkg54,71.0,True,76.0,37.718779,-122.462401,37.721813596582024,-122.48415518882868
,79.0,dn4,pkg55,79,True,83.0,37.751751,-122.410654,37.7210969932746,-122.40363341970557
,81.0,dn1,pkg56,81.0,True,87.0,37.774524,-122.473656,37.78274656074151,-122.49725039999628
,84.0,dn7,pkg57,84.0,True,94.0,37.718779,-122.462401,37.707983471008596,-122.44614278889766
,85.0,dn8,pkg58,85.0,True,95.0,37.718779,-122.462401,37.71562222691166,-122.48711892875951
,85.0,dn9,pkg59,85,True,95.0,37.718779,-122.462401,37.71970897941194,-122.47633585674615
,91.0,dn4,pkg61,91.0,True,97.0,37.751751,-122.410654,37.762013442793716,-122.40251738040791
,92.0,dn6,pkg60,92,True,93.0,37.751751,-122.410654,37.718651650299726,-122.40250216249355
,96.0,dn7,pkg62,96.0,True,104.0,37.718779,-122.462401,37.73079534714855,-122.48215566819779
,100.0,dn10,pkg65,100,True,107.0,37.78929,-122.426797,37.74572073528863,-122.41615165270578
,100.0,dn5,pkg66,100.0,True,109.0,37.751751,-122.410654,37.73679444477275,-122.41157331474349
,5.0,dn10,pkg21,5,True,13.0,37.78929,-122.426797,37.78954062232784,-122.39742318167164
,7.0,dn11,pkg3,7.0,True,16.0,37.78929,-122.426797,37.790467001016516,-122.42642458009756
,7.0,dn13,pkg20,7,True,11.0,37.739611,-122.492203,37.715957660446946,-122.49133551925725
,8.0,dn3,pkg12,8,True,16.0,37.774524,-122.473656,37.75162389236553,-122.50420495468319
,8.0,dn5,pkg19,8.0,True,16.0,37.751751,-122.410654,37.7307295957496,-122.43902174989384
,8.0,dn8,pkg17,8.0,True,13.0,37.718779,-122.462401,37.72226496666889,-122.43846333594527
,8.0,dn12,pkg11,8.0,True,14.0,37.78929,-122.426797,37.79442237364095,-122.43636317395917
,8.0,dn14,pkg8,8,True,15.0,37.739611,-122.492203,37.71836659750853,-122.50046601460569
,9.0,dn4,pkg2,9.0,True,19.0,37.751751,-122.410654,37.72984572752601,-122.42317631940965
,9.0,dn7,pkg7,9.0,True,15.0,37.718779,-122.462401,37.743600785243764,-122.45841587314753
,9.0,dn11,pkg24,9,True,15.0,37.78929,-122.426797,37.79002627981321,-122.4237425787556
,10.0,dn1,pkg15,10,True,14.0,37.774524,-122.473656,37.73501785385186,-122.47289816487445
,10.0,dn2,pkg9,10,True,13.0,37.774524,-122.473656,37.79574217377627,-122.43871790601497
,10.0,dn15,pkg22,10.0,True,20.0,37.739611,-122.492203,37.7343427396293,-122.46281423310246
,10.0,dn9,pkg5,10,True,17.0,37.718779,-122.462401,37.73194175703334,-122.48346181967186
,11.0,dn6,pkg4,11,True,17.0,37.751751,-122.410654,37.7416505108076,-122.44812003398754
,11.0,dn10,pkg13,11,True,16.0,37.78929,-122.426797,37.785869104790734,-122.42544620905595
,17.0,dn13,pkg25,17,True,20.0,37.739611,-122.492203,37.773643771438245,-122.49148289175331
,18.0,dn12,pkg28,18.0,True,28.0,37.78929,-122.426797,37.7613360036794,-122.42435131553333
,18.0,dn3,pkg14,18,True,18.0,37.774524,-122.473656,37.772707054509404,-122.48296127766383
,19.0,dn8,pkg27,19,True,22.0,37.718779,-122.462401,37.75584193058625,-122.4735107717443
,22.0,dn14,pkg29,22,True,27.0,37.739611,-122.492203,37.75896312546922,-122.47889020827071
,23.0,dn5,pkg1,23,False,15.0,37.751751,-122.410654,37.72523248882298,-122.40957152561013
,24.0,dn11,pkg10,24,False,15.0,37.78929,-122.426797,37.771302082664974,-122.47449708564196
,24.0,dn15,pkg30,24,True,31.0,37.739611,-122.492203,37.76272563829115,-122.47486078381952
,26.0,dn4,pkg23,26,False,17.0,37.751751,-122.410654,37.71324843866035,-122.43443595083062
,26.0,dn1,pkg26,26,False,23.0,37.774524,-122.473656,37.79017263617827,-122.50680308349067
,27.0,dn6,pkg31,27,True,31.0,37.751751,-122.410654,37.79267881051138,-122.40303059560358
,28.0,dn7,pkg32,28,True,32.0,37.718779,-122.462401,37.75766598104968,-122.45553758544631
,29.0,dn10,pkg6,29,False,17.0,37.78929,-122.426797,37.79480858018209,-122.48026936961152
,31.0,dn2,pkg33,31,True,37.0,37.774524,-122.473656,37.76202350728774,-122.45467392656981
,31.0,dn3,pkg34,31.0,True,38.0,37.774524,-122.473656,37.793728071740865,-122.4570703499455
,40.0,dn5,pkg36,40,True,47.0,37.751751,-122.410654,37.74729960954855,-122.39474098745258
,41.0,dn1,pkg35,41.0,True,48.0,37.774524,-122.473656,37.77385700299135,-122.44940820854704
,41.0,dn6,pkg37,41.0,True,46.0,37.751751,-122.410654,37.74190886419471,-122.43174385149513
,41.0,dn12,pkg38,41.0,True,50.0,37.78929,-122.426797,37.786658726420185,-122.409143900993
,44.0,dn4,pkg40,44.0,True,54.0,37.751751,-122.410654,37.73904369798711,-122.40477258836327
,46.0,dn2,pkg41,46.0,True,53.0,37.774524,-122.473656,37.783895181356975,-122.48243726685489
,47.0,dn11,pkg42,47.0,True,55.0,37.78929,-122.426797,37.79485363143164,-122.40206336605249
,52.0,dn3,pkg39,52,True,54.0,37.774524,-122.473656,37.790014061395844,-122.42714156936057
,54.0,dn7,pkg43,54.0,True,64.0,37.718779,-122.462401,37.726488246693734,-122.50218591751691
,54.0,dn1,pkg44,54.0,True,60.0,37.774524,-122.473656,37.76479973608461,-122.48189011345386
,63.0,dn11,pkg45,63,True,66.0,37.78929,-122.426797,37.744635571594344,-122.43425986052415
,66.0,dn4,pkg46,66.0,True,76.0,37.751751,-122.410654,37.73475985573234,-122.41361981358301
,66.0,dn5,pkg48,66,True,72.0,37.751751,-122.410654,37.723360234852066,-122.41514381121891
,70.0,dn1,pkg47,70,True,77.0,37.774524,-122.473656,37.74980074564094,-122.50473311113291
,75.0,dn2,pkg49,75.0,True,81.0,37.774524,-122.473656,37.781606750536476,-122.49458871716719
,76.0,dn3,pkg50,76,True,79.0,37.774524,-122.473656,37.796037317969876,-122.43032458869148
,76.0,dn13,pkg51,76.0,True,81.0,37.739611,-122.492203,37.7211843718151,-122.49847144887293
,76.0,dn4,pkg52,76.0,True,86.0,37.751751,-122.410654,37.75701315859419,-122.40113481638336
,84.0,dn7,pkg54,84.0,True,91.0,37.718779,-122.462401,37.71606871467774,-122.47165607804601
,85.0,dn10,pkg53,85.0,True,92.0,37.78929,-122.426797,37.78905531113853,-122.44694010052831
,88.0,dn8,pkg55,88.0,True,94.0,37.718779,-122.462401,37.7338558093692,-122.4812564906973
,89.0,dn9,pkg56,89.0,True,99.0,37.718779,-122.462401,37.738152553376786,-122.45247458420855
,91.0,dn1,pkg57,91.0,True,97.0,37.774524,-122.473656,37.786720900001754,-122.45119150552104
,91.0,dn2,pkg58,91.0,True,99.0,37.774524,-122.473656,37.76865623603558,-122.44443820319069
,93.0,dn3,pkg60,93.0,True,102.0,37.774524,-122.473656,37.75401598958694,-122.49733355541002
,94.0,dn4,pkg59,94.0,True,101.0,37.751751,-122.410654,37.78041149943518,-122.44227013433444
,96.0,dn10,pkg61,96.0,True,101.0,37.78929,-122.426797,37.78290905231133,-122.41622339538861
,99.0,dn7,pkg63,99.0,True,106.0,37.718779,-122.462401,37.720995601322365,-122.45963598286534
,99.0,dn13,pkg62,99.0,True,105.0,37.739611,-122.492203,37.73929801893815,-122.49855705815102
,99.0,dn9,pkg66,99.0,True,105.0,37.718779,-122.462401,37.72311479349448,-122.48046945420356
,100.0,dn15,pkg65,100.0,True,109.0,37.739611,-122.492203,37.73078836286804,-122.50509603478228
,6.0,dn10,pkg15,6,True,12.0,37.78929,-122.426797,37.767768878444244,-122.47013606301425
,6.0,dn1,pkg13,6.0,True,13.0,37.774524,-122.473656,37.768831778578445,-122.45766475896272
,6.0,dn11,pkg14,6.0,True,13.0,37.78929,-122.426797,37.78930571553138,-122.4109089070424
,7.0,dn8,pkg5,7.0,True,16.0,37.718779,-122.462401,37.7177862303403,-122.48081626133263
,7.0,dn13,pkg20,7,True,16.0,37.739611,-122.492203,37.7616030518439,-122.48673780033387
,7.0,dn2,pkg16,7,True,17.0,37.774524,-122.473656,37.78487345868778,-122.4354382653479
,7.0,dn12,pkg21,7.0,True,16.0,37.78929,-122.426797,37.78259560485613,-122.41799870538136
,8.0,dn15,pkg2,8,True,14.0,37.739611,-122.492203,37.74855651428157,-122.4491218690929
,8.0,dn3,pkg23,8.0,True,13.0,37.774524,-122.473656,37.77368286380246,-122.47982138242011
,9.0,dn7,pkg3,9,True,10.0,37.718779,-122.462401,37.73474663849424,-122.42459546865597
,9.0,dn4,pkg18,9.0,True,19.0,37.751751,-122.410654,37.77097649253109,-122.40310278248911
,10.0,dn5,pkg1,10.0,True,20.0,37.751751,-122.410654,37.76212367424711,-122.4362012326137
,10.0,dn6,pkg19,10,True,14.0,37.751751,-122.410654,37.77453152888253,-122.42747349882201
,10.0,dn9,pkg7,10.0,True,17.0,37.718779,-122.462401,37.7220717514836,-122.48164091562607
,11.0,dn14,pkg4,11,True,16.0,37.739611,-122.492203,37.715275671060404,-122.5031578108302
,15.0,dn11,pkg26,15.0,True,24.0,37.78929,-122.426797,37.786021531143916,-122.46228863485607
,15.0,dn3,pkg10,15,True,19.0,37.774524,-122.473656,37.77400668239334,-122.45513421883446
,15.0,dn2,pkg11,15,True,20.0,37.774524,-122.473656,37.7710653538491,-122.48610057555413
,16.0,dn1,pkg12,16,False,14.0,37.774524,-122.473656,37.78651675129806,-122.44010029461475
,17.0,dn8,pkg24,17,True,22.0,37.718779,-122.462401,37.71732413507185,-122.49340631108059
,17.0,dn10,pkg27,17,True,26.0,37.78929,-122.426797,37.75318437507715,-122.44263751287932
,17.0,dn13,pkg8,17,True,18.0,37.739611,-122.492203,37.752460253594336,-122.50101138014514
,20.0,dn5,pkg29,20.0,True,27.0,37.751751,-122.410654,37.73751410618875,-122.40579085433784
,21.0,dn9,pkg31,21,True,27.0,37.718779,-122.462401,37.710831874461554,-122.44681872174255
,22.0,dn2,pkg32,22,True,30.0,37.774524,-122.473656,37.765218848911424,-122.49331333122464
,22.0,dn6,pkg33,22.0,True,29.0,37.751751,-122.410654,37.74689993590714,-122.40954959486332
,23.0,dn4,pkg22,23,False,15.0,37.751751,-122.410654,37.72153470532217,-122.43355039174168
,24.0,dn15,pkg6,24,False,17.0,37.739611,-122.492203,37.776797068500166,-122.46141319883202
,25.0,dn12,pkg28,25,True,26.0,37.78929,-122.426797,37.773009652346715,-122.46703471855753
,29.0,dn14,pkg36,29.0,True,35.0,37.739611,-122.492203,37.71332116715855,-122.46557419178319
,29.0,dn13,pkg37,29.0,True,36.0,37.739611,-122.492203,37.727664563338365,-122.50116335729682
,30.0,dn7,pkg30,30,True,31.0,37.718779,-122.462401,37.74682227033612,-122.42349869259982
,30.0,dn11,pkg35,30,True,38.0,37.78929,-122.426797,37.78511670107595,-122.39716327518944
,30.0,dn10,pkg34,30,True,31.0,37.78929,-122.426797,37.75346589734426,-122.41284155857397
,31.0,dn8,pkg39,31.0,True,36.0,37.718779,-122.462401,37.72267398460307,-122.4829503188144
,36.0,dn5,pkg38,36,True,43.0,37.751751,-122.410654,37.730294172933746,-122.44841046591952
,36.0,dn6,pkg40,36.0,True,46.0,37.751751,-122.410654,37.73985266803965,-122.39949745129356
,38.0,dn4,pkg41,38.0,True,47.0,37.751751,-122.410654,37.766556484366035,-122.41083833748293
,41.0,dn4,pkg42,41,True,45.0,37.751751,-122.410654,37.75107151419563,-122.4083071934817
,42.0,dn14,pkg45,42.0,True,48.0,37.739611,-122.492203,37.733077567522656,-122.50058346253687
,43.0,dn15,pkg44,43.0,True,50.0,37.739611,-122.492203,37.71763214279377,-122.48125789320103
,44.0,dn10,pkg43,44,True,48.0,37.78929,-122.426797,37.780788863093385,-122.40562320805832
,51.0,dn6,pkg47,51,True,56.0,37.751751,-122.410654,37.732365408792454,-122.43625329655622
,53.0,dn7,pkg46,53,True,57.0,37.718779,-122.462401,37.749885919574666,-122.45130900385425
,53.0,dn9,pkg50,53,True,61.0,37.718779,-122.462401,37.73620663894922,-122.45521851378902
,54.0,dn8,pkg48,54.0,True,61.0,37.718779,-122.462401,37.74035311332879,-122.45711943874042
,56.0,dn14,pkg49,56.0,True,64.0,37.739611,-122.492203,37.7075312255792,-122.4876960552563
,64.0,dn4,pkg51,64,True,64.0,37.751751,-122.410654,37.73897046276339,-122.4488899566876
,64.0,dn5,pkg52,64.0,True,74.0,37.751751,-122.410654,37.762862041671596,-122.39958391818136
,65.0,dn11,pkg53,65.0,True,72.0,37.78929,-122.426797,37.788898521338915,-122.4243329108629
,66.0,dn1,pkg55,66,True,71.0,37.774524,-122.473656,37.755687033582994,-122.42415653097342
,68.0,dn13,pkg54,68.0,True,74.0,37.739611,-122.492203,37.749238473378796,-122.50484269039355
,69.0,dn8,pkg56,69.0,True,74.0,37.718779,-122.462401,37.711379126739736,-122.44651411785934
,71.0,dn2,pkg57,71.0,True,80.0,37.774524,-122.473656,37.76661764792061,-122.45180280530484
,77.0,dn3,pkg59,77,True,82.0,37.774524,-122.473656,37.78550797499005,-122.494706987158
,78.0,dn6,pkg58,78,True,84.0,37.751751,-122.410654,37.776806146875685,-122.400680761295
,78.0,dn5,pkg60,78.0,True,84.0,37.751751,-122.410654,37.775985693776256,-122.41888527423907
,80.0,dn1,pkg64,80.0,True,86.0,37.774524,-122.473656,37.77021031862922,-122.47503770083969
,81.0,dn11,pkg61,81.0,True,91.0,37.78929,-122.426797,37.77174125512245,-122.46179839142222
,81.0,dn14,pkg62,81,True,86.0,37.739611,-122.492203,37.72173482096857,-122.4742517529901
,83.0,dn8,pkg67,83,True,90.0,37.718779,-122.462401,37.71117294755949,-122.47273281716764
,84.0,dn7,pkg63,84.0,True,94.0,37.718779,-122.462401,37.7427863606168,-122.47628381158319
,85.0,dn2,pkg65,85,True,94.0,37.774524,-122.473656,37.75219142756281,-122.47158290915885
,85.0,dn10,pkg68,85.0,True,93.0,37.78929,-122.426797,37.78440094114202,-122.4295364429894
,87.0,dn9,pkg66,87.0,True,92.0,37.718779,-122.462401,37.72888714875101,-122.44974325835663
,89.0,dn13,pkg69,89,True,92.0,37.739611,-122.492203,37.761788672163874,-122.48207996984186
,91.0,dn15,pkg70,91.0,True,100.0,37.739611,-122.492203,37.729681441276604,-122.4999323418164
,93.0,dn8,pkg71,93,True,98.0,37.718779,-122.462401,37.71430649912121,-122.49217866846068
,95.0,dn4,pkg72,95.0,True,101.0,37.751751,-122.410654,37.74613436946955,-122.40172158118038
,99.0,dn7,pkg76,99,True,107.0,37.718779,-122.462401,37.72149326351793,-122.43183467304445
,100.0,dn9,pkg75,100.0,True,110.0,37.718779,-122.462401,37.71950586447147,-122.45612607215524
,100.0,dn6,pkg77,100.0,True,110.0,37.751751,-122.410654,37.751075550909185,-122.41233749425113
,5.0,dn4,pkg9,5.0,True,14.0,37.751751,-122.410654,37.761444232647015,-122.41238196620529
,5.0,dn5,pkg11,5.0,True,14.0,37.751751,-122.410654,37.77032769194122,-122.39709741152122
,5.0,dn6,pkg15,5,True,12.0,37.751751,-122.410654,37.792937615572406,-122.40731706664099
,5.0,dn13,pkg16,5,True,13.0,37.739611,-122.492203,37.756072183223985,-122.48371710304549
,5.0,dn1,pkg14,5.0,True,11.0,37.774524,-122.473656,37.77983779170329,-122.47537906159316
,6.0,dn12,pkg2,6.0,True,11.0,37.78929,-122.426797,37.76514501157942,-122.40213431035937
,7.0,dn7,pkg4,7.0,True,13.0,37.718779,-122.462401,37.716639823959504,-122.4395324994943
,7.0,dn10,pkg18,7.0,True,14.0,37.78929,-122.426797,37.76141540351801,-122.44159512659117
,8.0,dn3,pkg21,8,True,11.0,37.774524,-122.473656,37.79412026507547,-122.50135370751786
,8.0,dn9,pkg17,8,True,14.0,37.718779,-122.462401,37.71704850268334,-122.41826097505918
,8.0,dn11,pkg19,8.0,True,14.0,37.78929,-122.426797,37.79596600963437,-122.43826749123836
,9.0,dn14,pkg3,9.0,True,17.0,37.739611,-122.492203,37.7605104802858,-122.48822428322978
,10.0,dn15,pkg12,10.0,True,19.0,37.739611,-122.492203,37.759850334493194,-122.4931081106382
,11.0,dn2,pkg6,11,True,18.0,37.774524,-122.473656,37.79602074245468,-122.48023798879974
,11.0,dn12,pkg13,11,True,18.0,37.78929,-122.426797,37.79582691193963,-122.41954342578063
,12.0,dn8,pkg7,12,True,13.0,37.718779,-122.462401,37.74676681885843,-122.49567269913358
,12.0,dn1,pkg23,12,True,16.0,37.774524,-122.473656,37.75001325352988,-122.4537853555323
,14.0,dn14,pkg8,14,True,17.0,37.739611,-122.492203,37.75110260055748,-122.48967806644166
,18.0,dn13,pkg1,18,False,13.0,37.739611,-122.492203,37.76948632468876,-122.50749353496253
,18.0,dn9,pkg5,18,True,19.0,37.718779,-122.462401,37.7296578753828,-122.46591618236916
,21.0,dn15,pkg24,21,False,17.0,37.739611,-122.492203,37.72163714803152,-122.45444853701727
,22.0,dn5,pkg20,22,False,19.0,37.751751,-122.410654,37.71441566136792,-122.39851113961448
,22.0,dn1,pkg26,22,True,31.0,37.774524,-122.473656,37.795929006404556,-122.4900957905292
,23.0,dn3,pkg22,23,False,18.0,37.774524,-122.473656,37.77397908978628,-122.50689615481639
,26.0,dn7,pkg25,26,True,26.0,37.718779,-122.462401,37.74782673052681,-122.4967864012801
,29.0,dn4,pkg27,29,True,35.0,37.751751,-122.410654,37.742066464375526,-122.44286086884956
,29.0,dn2,pkg28,29.0,True,35.0,37.774524,-122.473656,37.77397744931355,-122.48395359856957
,30.0,dn6,pkg29,30.0,True,35.0,37.751751,-122.410654,37.73470130041032,-122.40248416447197
,31.0,dn10,pkg30,31.0,True,38.0,37.78929,-122.426797,37.76682026099053,-122.4548545827415
,32.0,dn11,pkg31,32,True,38.0,37.78929,-122.426797,37.761347300954604,-122.41832243777685
,33.0,dn13,pkg33,33,True,38.0,37.739611,-122.492203,37.76686098386589,-122.47052959485643
,33.0,dn1,pkg34,33.0,True,38.0,37.774524,-122.473656,37.76169418858372,-122.44381495572875
,35.0,dn12,pkg35,35,True,42.0,37.78929,-122.426797,37.79595047395387,-122.4033579717587
,37.0,dn6,pkg38,37.0,True,47.0,37.751751,-122.410654,37.738138702925276,-122.40748221995658
,40.0,dn8,pkg37,40.0,True,45.0,37.718779,-122.462401,37.73227665438206,-122.45814498684445
,40.0,dn9,pkg36,40.0,True,49.0,37.718779,-122.462401,37.74520475445585,-122.41794115850624
,42.0,dn1,pkg40,42.0,True,48.0,37.774524,-122.473656,37.792717233725384,-122.49367599543056
,44.0,dn10,pkg41,44,True,49.0,37.78929,-122.426797,37.77718420046734,-122.43149441571249
,45.0,dn14,pkg39,45,True,45.0,37.739611,-122.492203,37.723272424736656,-122.44062594951342
,45.0,dn5,pkg32,45,False,43.0,37.751751,-122.410654,37.72230671420581,-122.40307203806195
,48.0,dn13,pkg44,48.0,True,55.0,37.739611,-122.492203,37.72874569860424,-122.49311857187213
,49.0,dn7,pkg42,49.0,True,57.0,37.718779,-122.462401,37.70982046372326,-122.43702502188182
,50.0,dn12,pkg43,50.0,True,57.0,37.78929,-122.426797,37.775984742359654,-122.41136205762753
,52.0,dn4,pkg45,52,True,59.0,37.751751,-122.410654,37.77114489954007,-122.3951608729977
,52.0,dn9,pkg47,52.0,True,60.0,37.718779,-122.462401,37.72554005479776,-122.46189570436896
,55.0,dn8,pkg46,55.0,True,63.0,37.718779,-122.462401,37.71723747051688,-122.45739227393989
,61.0,dn1,pkg48,61.0,True,67.0,37.774524,-122.473656,37.757900809097706,-122.47056482425599
,63.0,dn5,pkg49,63.0,True,71.0,37.751751,-122.410654,37.75403463257003,-122.43454477573097
,63.0,dn6,pkg51,63,True,68.0,37.751751,-122.410654,37.73092126415964,-122.43580832338621
,65.0,dn13,pkg53,65.0,True,72.0,37.739611,-122.492203,37.731925836043985,-122.46284564193624
,66.0,dn12,pkg50,66.0,True,72.0,37.78929,-122.426797,37.78619209027805,-122.41597373076347
,67.0,dn3,pkg52,67.0,True,72.0,37.774524,-122.473656,37.77733953855214,-122.46666365882152
,71.0,dn7,pkg54,71.0,True,76.0,37.718779,-122.462401,37.717969272131995,-122.48345169555778
,73.0,dn5,pkg57,73.0,True,79.0,37.751751,-122.410654,37.749046750206176,-122.43295652134672
,75.0,dn8,pkg55,75.0,True,85.0,37.718779,-122.462401,37.70943710508913,-122.45589553755752
,76.0,dn14,pkg56,76,True,84.0,37.739611,-122.492203,37.724960042348606,-122.47437028697875
,78.0,dn4,pkg58,78.0,True,88.0,37.751751,-122.410654,37.73489747916502,-122.39797899905778
,82.0,dn7,pkg59,82.0,True,92.0,37.718779,-122.462401,37.71759198231539,-122.49112104278831
,85.0,dn9,pkg60,85.0,True,91.0,37.718779,-122.462401,37.72436774704112,-122.48415386343734
,85.0,dn1,pkg61,85,True,94.0,37.774524,-122.473656,37.79105580382335,-122.44043931466605
,89.0,dn8,pkg65,89.0,True,96.0,37.718779,-122.462401,37.70827156439781,-122.4666027091565
,90.0,dn2,pkg62,90,True,92.0,37.774524,-122.473656,37.73492209847865,-122.4550534500368
,90.0,dn3,pkg63,90.0,True,99.0,37.774524,-122.473656,37.74153741373497,-122.44061544197973
,93.0,dn13,pkg64,93.0,True,100.0,37.739611,-122.492203,37.745122181854896,-122.46419039476696
,95.0,dn10,pkg66,95.0,True,102.0,37.78929,-122.426797,37.78445552694729,-122.43469354404581
,95.0,dn14,pkg67,95.0,True,101.0,37.739611,-122.492203,37.73369617025459,-122.49971363831986
,96.0,dn7,pkg69,96.0,True,104.0,37.718779,-122.462401,37.73097011729932,-122.46947504996947
,98.0,dn15,pkg68,98,True,106.0,37.739611,-122.492203,37.77684212877262,-122.49603585049688
,99.0,dn9,pkg71,99.0,True,107.0,37.718779,-122.462401,37.7346109566936,-122.4564727573797
,100.0,dn8,pkg70,100,True,102.0,37.718779,-122.462401,37.727442232114335,-122.43380023077133
,5.0,dn7,pkg18,5.0,True,11.0,37.718779,-122.462401,37.738222286575734,-122.45821597614945
,5.0,dn8,pkg2,5,True,12.0,37.718779,-122.462401,37.732290002764714,-122.48019834106225
,6.0,dn15,pkg21,6.0,True,16.0,37.739611,-122.492203,37.735619741013764,-122.49697263135798
,6.0,dn13,pkg10,6.0,True,16.0,37.739611,-122.492203,37.74771011169157,-122.50390354109732
,7.0,dn2,pkg22,7.0,True,16.0,37.774524,-122.473656,37.796235546061375,-122.50127535105277
,7.0,dn1,pkg3,7,True,13.0,37.774524,-122.473656,37.74808439483427,-122.46219194218193
,7.0,dn9,pkg11,7.0,True,13.0,37.718779,-122.462401,37.73798476460163,-122.48981740431864
,9.0,dn6,pkg4,9,True,14.0,37.751751,-122.410654,37.7610852405687,-122.45342358357483
,9.0,dn3,pkg14,9,True,14.0,37.774524,-122.473656,37.74536557417965,-122.47159070622767
,9.0,dn10,pkg1,9.0,True,15.0,37.78929,-122.426797,37.789460113286,-122.413245948803
,9.0,dn11,pkg19,9.0,True,16.0,37.78929,-122.426797,37.78179088011037,-122.43008873208944
,10.0,dn5,pkg13,10,True,13.0,37.751751,-122.410654,37.72669896252662,-122.41402340985475
,10.0,dn4,pkg16,10,True,13.0,37.751751,-122.410654,37.713845874848566,-122.41232926245812
,10.0,dn12,pkg20,10.0,True,15.0,37.78929,-122.426797,37.79056354299066,-122.40254902199139
,10.0,dn13,pkg12,10,True,18.0,37.739611,-122.492203,37.73332599912251,-122.50695991497534
,11.0,dn14,pkg9,11,True,14.0,37.739611,-122.492203,37.71867237677381,-122.47008105362968
,14.0,dn15,pkg23,14,True,17.0,37.739611,-122.492203,37.720809543062494,-122.49512746716984
,16.0,dn7,pkg28,16,True,22.0,37.718779,-122.462401,37.714579848380275,-122.42310376382265
,17.0,dn10,pkg24,17,False,16.0,37.78929,-122.426797,37.777812952515674,-122.4176842782049
,18.0,dn9,pkg8,18,True,18.0,37.718779,-122.462401,37.71809838576363,-122.42427822780124
,18.0,dn8,pkg15,18,True,19.0,37.718779,-122.462401,37.71949655457366,-122.40897901740367
,21.0,dn11,pkg31,21,True,26.0,37.78929,-122.426797,37.75681988668199,-122.41793163405794
,21.0,dn13,pkg29,21,True,26.0,37.739611,-122.492203,37.7642384306555,-122.50695161544267
,22.0,dn2,pkg30,22,True,24.0,37.774524,-122.473656,37.7916774430652,-122.49338452399269
,25.0,dn6,pkg26,25,False,20.0,37.751751,-122.410654,37.715514106083994,-122.40291785155185
,25.0,dn4,pkg35,25.0,True,34.0,37.751751,-122.410654,37.75325123830934,-122.4258676441358
,26.0,dn3,pkg33,26,True,29.0,37.774524,-122.473656,37.74335776872143,-122.49780405335517
,27.0,dn1,pkg32,27,True,28.0,37.774524,-122.473656,37.76263737462353,-122.42120507950268
,28.0,dn15,pkg34,28,True,36.0,37.739611,-122.492203,37.76210444274196,-122.4778211118258
,30.0,dn12,pkg27,30,False,20.0,37.78929,-122.426797,37.76563589071692,-122.46561230193963
,33.0,dn7,pkg36,33.0,True,42.0,37.718779,-122.462401,37.73345821950461,-122.48047649816719
,40.0,dn13,pkg37,40.0,True,49.0,37.739611,-122.492203,37.74559313829307,-122.47332512395003
,40.0,dn6,pkg38,40,True,44.0,37.751751,-122.410654,37.744473229881635,-122.43058173904909
,41.0,dn14,pkg41,41,True,45.0,37.739611,-122.492203,37.77929029178006,-122.47888863542049
,42.0,dn2,pkg39,42.0,True,49.0,37.774524,-122.473656,37.78679399511666,-122.4859440510701
,43.0,dn10,pkg42,43,True,49.0,37.78929,-122.426797,37.75183281761211,-122.4177267709377
,44.0,dn3,pkg40,44,True,54.0,37.774524,-122.473656,37.762652954590884,-122.50316932887267
,45.0,dn15,pkg44,45.0,True,53.0,37.739611,-122.492203,37.76104249072457,-122.49808794126787
,46.0,dn7,pkg43,46.0,True,52.0,37.718779,-122.462401,37.720542399769684,-122.4931222994536
,49.0,dn4,pkg45,49.0,True,54.0,37.751751,-122.410654,37.76420693608765,-122.41678329809378
,49.0,dn11,pkg47,49.0,True,58.0,37.78929,-122.426797,37.77564613953424,-122.42675116899656
,52.0,dn5,pkg46,52,True,58.0,37.751751,-122.410654,37.718278662482426,-122.43455971215847
,53.0,dn1,pkg50,53.0,True,61.0,37.774524,-122.473656,37.765616784735926,-122.48205462557353
,54.0,dn6,pkg48,54.0,True,64.0,37.751751,-122.410654,37.73273981473206,-122.40234932486995
,60.0,dn12,pkg49,60,True,64.0,37.78929,-122.426797,37.75447119175068,-122.40008676676634
,60.0,dn6,pkg53,60.0,True,69.0,37.751751,-122.410654,37.75343802875122,-122.39763371151412
,62.0,dn4,pkg51,62,True,66.0,37.751751,-122.410654,37.718873352666876,-122.41027793395658
,62.0,dn8,pkg52,62.0,True,67.0,37.718779,-122.462401,37.73171625785076,-122.4156834868473
,65.0,dn7,pkg54,65,True,70.0,37.718779,-122.462401,37.715407335786324,-122.49229124264053
,69.0,dn2,pkg56,69.0,True,77.0,37.774524,-122.473656,37.791472792057284,-122.48964019722162
,70.0,dn1,pkg55,70,True,72.0,37.774524,-122.473656,37.7700897079714,-122.43971238112411
,71.0,dn9,pkg57,71.0,True,78.0,37.718779,-122.462401,37.715207102019036,-122.42575918371762
,71.0,dn3,pkg58,71.0,True,80.0,37.774524,-122.473656,37.79334978655451,-122.46198132413679
,72.0,dn13,pkg59,72.0,True,80.0,37.739611,-122.492203,37.742525255661306,-122.49080681375305
,78.0,dn14,pkg60,78.0,True,85.0,37.739611,-122.492203,37.75491206523175,-122.4822999519747
,79.0,dn8,pkg62,79,True,81.0,37.718779,-122.462401,37.74199165822867,-122.50042683163564
,80.0,dn7,pkg61,80.0,True,86.0,37.718779,-122.462401,37.709600886918125,-122.44735783495733
,81.0,dn15,pkg63,81,True,89.0,37.739611,-122.492203,37.72620783077819,-122.45926951859322
,81.0,dn10,pkg65,81.0,True,91.0,37.78929,-122.426797,37.78429844520815,-122.42395896964615
,82.0,dn11,pkg64,82.0,True,91.0,37.78929,-122.426797,37.78902577587036,-122.45133377151447
,83.0,dn5,pkg66,83,True,91.0,37.751751,-122.410654,37.721071694305806,-122.40639245889814
,88.0,dn4,pkg67,88.0,True,97.0,37.751751,-122.410654,37.76672453276732,-122.39456956009762
,90.0,dn13,pkg69,90,True,97.0,37.739611,-122.492203,37.7181661040329,-122.4965899965282
,91.0,dn14,pkg71,91.0,True,98.0,37.739611,-122.492203,37.75248728939623,-122.5014266307851
,92.0,dn1,pkg70,92.0,True,97.0,37.774524,-122.473656,37.76884979537723,-122.50411850332031
,93.0,dn9,pkg68,93,True,97.0,37.718779,-122.462401,37.730309236402555,-122.50269536732317
,96.0,dn6,pkg73,96,True,103.0,37.751751,-122.410654,37.79582030572314,-122.41262264009038
,96.0,dn7,pkg72,96.0,True,101.0,37.718779,-122.462401,37.72376609968742,-122.41249288264352
,97.0,dn5,pkg74,97.0,True,103.0,37.751751,-122.410654,37.78412509722125,-122.40533864677451
,97.0,dn8,pkg78,97.0,True,107.0,37.718779,-122.462401,37.72221329895168,-122.46075768174596
,98.0,dn2,pkg75,98,True,106.0,37.774524,-122.473656,37.76647929614995,-122.43878782301135
,99.0,dn3,pkg77,99.0,True,108.0,37.774524,-122.473656,37.77365382180887,-122.46036764375047
,5.0,dn10,pkg10,5.0,True,10.0,37.78929,-122.426797,37.792467082684205,-122.41937952560909
,6.0,dn5,pkg12,6.0,True,14.0,37.751751,-122.410654,37.75319229528069,-122.44114415990555
,6.0,dn6,pkg6,6,True,15.0,37.751751,-122.410654,37.7762865464933,-122.40891047498437
,6.0,dn2,pkg19,6,True,12.0,37.774524,-122.473656,37.75463762513079,-122.48604583465557
,6.0,dn15,pkg2,6,True,15.0,37.739611,-122.492203,37.74896370779114,-122.46910051942555
,7.0,dn1,pkg16,7,True,12.0,37.774524,-122.473656,37.781364657837116,-122.49920416698126
,7.0,dn3,pkg5,7,True,13.0,37.774524,-122.473656,37.785760607463175,-122.49857495415507
,7.0,dn12,pkg7,7,True,14.0,37.78929,-122.426797,37.772595158923906,-122.43090640152614
,8.0,dn13,pkg3,8,True,13.0,37.739611,-122.492203,37.72924929415167,-122.45644896177726
,9.0,dn8,pkg20,9,True,16.0,37.718779,-122.462401,37.748878896592394,-122.48060500309676
,10.0,dn4,pkg14,10.0,True,17.0,37.751751,-122.410654,37.731305338018224,-122.40300099893662
,10.0,dn9,pkg21,10,True,17.0,37.718779,-122.462401,37.72995690843959,-122.43157000159357
,10.0,dn11,pkg18,10,True,11.0,37.78929,-122.426797,37.76691451961559,-122.43215887030823
,14.0,dn5,pkg1,14,True,16.0,37.751751,-122.410654,37.7618038481786,-122.41030548040582
,15.0,dn10,pkg25,15.0,True,24.0,37.78929,-122.426797,37.76681075960541,-122.46074393938446
,16.0,dn7,pkg4,16,False,15.0,37.718779,-122.462401,37.72038062795596,-122.40629772350584
,16.0,dn2,pkg15,16,True,17.0,37.774524,-122.473656,37.762385771732404,-122.46012659205222
,17.0,dn15,pkg26,17.0,True,23.0,37.739611,-122.492203,37.730664950979644,-122.46733657702134
,19.0,dn14,pkg8,19,False,14.0,37.739611,-122.492203,37.72319537746436,-122.4413493006082
,20.0,dn12,pkg17,20,False,16.0,37.78929,-122.426797,37.79254936865855,-122.45975655973747
,21.0,dn6,pkg28,21.0,True,26.0,37.751751,-122.410654,37.76887234209381,-122.4317672033986
,23.0,dn3,pkg13,23,False,16.0,37.774524,-122.473656,37.77194399417022,-122.50097074076677
,23.0,dn13,pkg23,23,False,17.0,37.739611,-122.492203,37.77004120692546,-122.47702109982447
,25.0,dn4,pkg29,25,True,29.0,37.751751,-122.410654,37.72094427335163,-122.3942117461124
,25.0,dn8,pkg31,25.0,True,35.0,37.718779,-122.462401,37.733306365536855,-122.46762336494132
,28.0,dn1,pkg27,28,True,29.0,37.774524,-122.473656,37.73518920189204,-122.49079522820517
,28.0,dn2,pkg32,28.0,True,36.0,37.774524,-122.473656,37.76049189684146,-122.49319747861925
,29.0,dn10,pkg33,29,True,36.0,37.78929,-122.426797,37.78220942427447,-122.39652194649743
,30.0,dn9,pkg34,30.0,True,35.0,37.718779,-122.462401,37.70887052741584,-122.48655695633684
,32.0,dn5,pkg30,32,False,31.0,37.751751,-122.410654,37.79386062304323,-122.40575340847339
,34.0,dn15,pkg35,34.0,True,41.0,37.739611,-122.492203,37.71799322953495,-122.49620543207443
,37.0,dn7,pkg37,37,True,43.0,37.718779,-122.462401,37.722787704940316,-122.42605455299159
,38.0,dn6,pkg36,38.0,True,45.0,37.751751,-122.410654,37.759618372600634,-122.40280466004481
,43.0,dn10,pkg38,43.0,True,50.0,37.78929,-122.426797,37.79355084826194,-122.41073535619401
,43.0,dn14,pkg40,43.0,True,48.0,37.739611,-122.492203,37.75517127642732,-122.49199689245143
,46.0,dn4,pkg39,46.0,True,55.0,37.751751,-122.410654,37.726270463695116,-122.43313806583771
,49.0,dn13,pkg41,49.0,True,55.0,37.739611,-122.492203,37.73366824185989,-122.49653726872134
,51.0,dn7,pkg42,51.0,True,57.0,37.718779,-122.462401,37.72518419884579,-122.4203016276892
,51.0,dn6,pkg43,51,True,61.0,37.751751,-122.410654,37.73888503036737,-122.43509331974883
,54.0,dn8,pkg44,54.0,True,62.0,37.718779,-122.462401,37.71573240406196,-122.46128495591566
,57.0,dn1,pkg46,57,True,65.0,37.774524,-122.473656,37.765395055375514,-122.50071840279313
,62.0,dn5,pkg49,62.0,True,70.0,37.751751,-122.410654,37.7740987989718,-122.42880162552633
,64.0,dn15,pkg45,64,False,62.0,37.739611,-122.492203,37.76325667156488,-122.45200657882569
,64.0,dn14,pkg47,64,True,65.0,37.739611,-122.492203,37.722481779324916,-122.44228987969461
,64.0,dn6,pkg51,64.0,True,69.0,37.751751,-122.410654,37.75539253618715,-122.42673442626446
,66.0,dn2,pkg50,66,True,73.0,37.774524,-122.473656,37.74933319362553,-122.4691270259724
,66.0,dn13,pkg52,66.0,True,71.0,37.739611,-122.492203,37.73024318019039,-122.49574390107061
,67.0,dn7,pkg53,67.0,True,75.0,37.718779,-122.462401,37.72181642997093,-122.44844457458822
,67.0,dn8,pkg54,67.0,True,76.0,37.718779,-122.462401,37.70830245205465,-122.46105084073348
,68.0,dn4,pkg48,68,True,73.0,37.751751,-122.410654,37.74407771312354,-122.45998936581407
,74.0,dn9,pkg55,74.0,True,80.0,37.718779,-122.462401,37.71716794162754,-122.4459873225766
,77.0,dn5,pkg56,77,True,85.0,37.751751,-122.410654,37.78681441229287,-122.40621488315273
,78.0,dn6,pkg57,78.0,True,84.0,37.751751,-122.410654,37.72864253094945,-122.41488739521878
,81.0,dn1,pkg59,81,True,84.0,37.774524,-122.473656,37.774703390008035,-122.49891387735686
,83.0,dn10,pkg60,83.0,True,92.0,37.78929,-122.426797,37.77603984274764,-122.4095460273842
,83.0,dn11,pkg62,83.0,True,91.0,37.78929,-122.426797,37.784680596159774,-122.42629256615439
,85.0,dn2,pkg61,85.0,True,90.0,37.774524,-122.473656,37.73746477859894,-122.48058920244321
,86.0,dn12,pkg63,86,True,96.0,37.78929,-122.426797,37.75182063124367,-122.42659112312803
,86.0,dn3,pkg64,86.0,True,96.0,37.774524,-122.473656,37.79242421961666,-122.4692369430012
,88.0,dn8,pkg58,88,True,88.0,37.718779,-122.462401,37.73529952585593,-122.41288528698755
,90.0,dn4,pkg65,90,True,96.0,37.751751,-122.410654,37.779404415440695,-122.44221461362626
,93.0,dn5,pkg66,93,True,103.0,37.751751,-122.410654,37.719343236053824,-122.4133543593625
,98.0,dn7,pkg67,98.0,True,106.0,37.718779,-122.462401,37.72270198015859,-122.48964413404332
,6.0,dn3,pkg1,6.0,True,13.0,37.774524,-122.473656,37.753584503370874,-122.46698895135603
,6.0,dn14,pkg14,6.0,True,13.0,37.739611,-122.492203,37.74610019542551,-122.44739194966908
,6.0,dn8,pkg6,6.0,True,16.0,37.718779,-122.462401,37.710781937011106,-122.40888595693797
,7.0,dn11,pkg7,7.0,True,17.0,37.78929,-122.426797,37.7598505661731,-122.43744289004397
,8.0,dn10,pkg21,8,True,16.0,37.78929,-122.426797,37.77111196739154,-122.42969476270704
,9.0,dn1,pkg2,9.0,True,19.0,37.774524,-122.473656,37.787956993400364,-122.49384139138972
,10.0,dn7,pkg10,10,True,12.0,37.718779,-122.462401,37.72571048963851,-122.40644475436314
,10.0,dn13,pkg22,10.0,True,19.0,37.739611,-122.492203,37.7154875820729,-122.48254385507502
,10.0,dn5,pkg3,10.0,True,17.0,37.751751,-122.410654,37.721786477862835,-122.41332968687271
,11.0,dn9,pkg15,11,True,17.0,37.718779,-122.462401,37.72773127457006,-122.49277068507486
,12.0,dn12,pkg13,12,False,11.0,37.78929,-122.426797,37.75446813904243,-122.40084362164696
,12.0,dn6,pkg19,12,True,17.0,37.751751,-122.410654,37.787295182212134,-122.42409339658485
,12.0,dn15,pkg8,12,True,16.0,37.739611,-122.492203,37.76404599800818,-122.48151072504292
,13.0,dn2,pkg16,13,True,13.0,37.774524,-122.473656,37.750325792573015,-122.44205894474628
,13.0,dn8,pkg4,13,False,12.0,37.718779,-122.462401,37.716783454975925,-122.44625134807808
,13.0,dn14,pkg24,13,True,21.0,37.739611,-122.492203,37.730030367804524,-122.491445850363
,14.0,dn3,pkg17,14,True,15.0,37.774524,-122.473656,37.76583794156179,-122.4819680112286
,16.0,dn4,pkg5,16,False,11.0,37.751751,-122.410654,37.711464894549,-122.40324650138615
,19.0,dn1,pkg11,19,False,16.0,37.774524,-122.473656,37.77689520369254,-122.4894358323417
,19.0,dn14,pkg25,19,False,17.0,37.739611,-122.492203,37.722350381753074,-122.4860111221575
,21.0,dn8,pkg26,21,True,24.0,37.718779,-122.462401,37.734819955290824,-122.44018098218345
,23.0,dn7,pkg29,23,True,28.0,37.718779,-122.462401,37.71548396516481,-122.44861349339918
,24.0,dn11,pkg9,24,False,18.0,37.78929,-122.426797,37.75377399583638,-122.39690319507079
,24.0,dn10,pkg28,24.0,True,31.0,37.78929,-122.426797,37.7896066327486,-122.42879814129468
,25.0,dn13,pkg27,25,True,27.0,37.739611,-122.492203,37.763403571179225,-122.49801377549629
,27.0,dn3,pkg30,27.0,True,35.0,37.774524,-122.473656,37.77935492404903,-122.42463155829147
,30.0,dn10,pkg34,30.0,True,38.0,37.78929,-122.426797,37.7915011249729,-122.40541048472498
,31.0,dn9,pkg32,31.0,True,41.0,37.718779,-122.462401,37.741445506219236,-122.48880317653304
,31.0,dn14,pkg31,31,True,34.0,37.739611,-122.492203,37.773908545835454,-122.50600538207317
,32.0,dn5,pkg33,32,True,36.0,37.751751,-122.410654,37.73772355692736,-122.44095515703545
,41.0,dn4,pkg37,41.0,True,48.0,37.751751,-122.410654,37.7307945887004,-122.39883570048679
,43.0,dn7,pkg35,43.0,True,51.0,37.718779,-122.462401,37.72527192635549,-122.4710474466585
,44.0,dn8,pkg36,44.0,True,51.0,37.718779,-122.462401,37.725401388300696,-122.4203544622509
,47.0,dn6,pkg38,47,True,54.0,37.751751,-122.410654,37.71446384229827,-122.40715092513963
,47.0,dn1,pkg40,47.0,True,54.0,37.774524,-122.473656,37.790952368097244,-122.50728203153591
,53.0,dn9,pkg39,53,True,56.0,37.718779,-122.462401,37.73936745033995,-122.49831235364235
,53.0,dn2,pkg42,53,True,58.0,37.774524,-122.473656,37.76485907646835,-122.49191940223761
,53.0,dn13,pkg43,53,True,58.0,37.739611,-122.492203,37.71771293223405,-122.48585842188729
,54.0,dn3,pkg41,54.0,True,62.0,37.774524,-122.473656,37.744769348640816,-122.47485631697394
,61.0,dn14,pkg44,61.0,True,70.0,37.739611,-122.492203,37.76567252807771,-122.49639308287028
,62.0,dn4,pkg46,62.0,True,68.0,37.751751,-122.410654,37.738947771627586,-122.39611442085351
,64.0,dn5,pkg48,64.0,True,71.0,37.751751,-122.410654,37.727205579214214,-122.40910398637207
,65.0,dn15,pkg45,65,True,70.0,37.739611,-122.492203,37.753080386632654,-122.44104755092641
,68.0,dn6,pkg47,68,True,75.0,37.751751,-122.410654,37.710957509535525,-122.41549255214376
,72.0,dn14,pkg50,72.0,True,77.0,37.739611,-122.492203,37.733924387207026,-122.50522213016859
,74.0,dn7,pkg49,74,True,78.0,37.718779,-122.462401,37.736382854674325,-122.43488096150404
,79.0,dn1,pkg51,79,True,83.0,37.774524,-122.473656,37.793032952083735,-122.49577725447308
,79.0,dn3,pkg54,79.0,True,85.0,37.774524,-122.473656,37.785213751433176,-122.48226016574169
,80.0,dn2,pkg52,80.0,True,88.0,37.774524,-122.473656,37.76617275746602,-122.48851807963644
,81.0,dn13,pkg53,81.0,True,88.0,37.739611,-122.492203,37.73287100128522,-122.5075676051478
,85.0,dn14,pkg55,85,True,90.0,37.739611,-122.492203,37.74466919895908,-122.44514359593222
,86.0,dn8,pkg56,86.0,True,93.0,37.718779,-122.462401,37.73277064669177,-122.46667882193904
,89.0,dn3,pkg57,89,True,96.0,37.774524,-122.473656,37.78083134265533,-122.44471970892481
,89.0,dn10,pkg58,89.0,True,97.0,37.78929,-122.426797,37.79672917856579,-122.42438736749246
,91.0,dn11,pkg59,91.0,True,97.0,37.78929,-122.426797,37.78652238553494,-122.39936454841114
,96.0,dn2,pkg61,96.0,True,105.0,37.774524,-122.473656,37.764104221306134,-122.4758945367384
,96.0,dn1,pkg60,96.0,True,103.0,37.774524,-122.473656,37.793051242495416,-122.48917088792905
,97.0,dn13,pkg62,97.0,True,104.0,37.739611,-122.492203,37.73722536414606,-122.4574182907485
,98.0,dn5,pkg64,98,True,103.0,37.751751,-122.410654,37.72399638558146,-122.3960934716385
,99.0,dn4,pkg63,99.0,True,108.0,37.751751,-122.410654,37.77001145455747,-122.40374336875264
,6.0,dn4,pkg9,6,True,15.0,37.751751,-122.410654,37.725083225548616,-122.41097444740439
,6.0,dn5,pkg17,6.0,True,15.0,37.751751,-122.410654,37.773336401027045,-122.40393634334312
,6.0,dn13,pkg21,6.0,True,11.0,37.739611,-122.492203,37.73331172682336,-122.465796159352
,6.0,dn10,pkg12,6,True,11.0,37.78929,-122.426797,37.78654854711167,-122.45860719659062
,7.0,dn15,pkg5,7.0,True,17.0,37.739611,-122.492203,37.73728079577256,-122.49974812949199
,7.0,dn8,pkg4,7.0,True,17.0,37.718779,-122.462401,37.71779639640017,-122.47599253779143
,7.0,dn3,pkg7,7.0,True,15.0,37.774524,-122.473656,37.76636131858003,-122.4641826000756
,7.0,dn1,pkg3,7,True,14.0,37.774524,-122.473656,37.76012557656556,-122.48490877780701
,8.0,dn7,pkg13,8.0,True,18.0,37.718779,-122.462401,37.74699642933112,-122.45112081146026
,8.0,dn2,pkg10,8.0,True,15.0,37.774524,-122.473656,37.73198415469541,-122.49250220222255
,9.0,dn14,pkg15,9,True,13.0,37.739611,-122.492203,37.760331162370086,-122.47958225640417
,9.0,dn9,pkg22,9,True,13.0,37.718779,-122.462401,37.74228114641369,-122.4491323694026
,10.0,dn6,pkg16,10,True,16.0,37.751751,-122.410654,37.761177377687446,-122.45684436817592
,10.0,dn12,pkg1,10,True,14.0,37.78929,-122.426797,37.75001071278246,-122.43963378421167
,11.0,dn15,pkg2,11,True,18.0,37.739611,-122.492203,37.73459281056003,-122.48801159351468
,13.0,dn11,pkg20,13,False,12.0,37.78929,-122.426797,37.76379990856848,-122.46703707518512
,16.0,dn3,pkg11,16,False,15.0,37.774524,-122.473656,37.75479166740685,-122.47541684921907
,18.0,dn8,pkg6,18,False,13.0,37.718779,-122.462401,37.73603717077766,-122.42658519171047
,18.0,dn13,pkg8,18,False,16.0,37.739611,-122.492203,37.7775563620088,-122.50556205404395
,18.0,dn10,pkg27,18,True,25.0,37.78929,-122.426797,37.771773470739085,-122.46379951545359
,19.0,dn4,pkg30,19,True,27.0,37.751751,-122.410654,37.75426006982912,-122.444470017638
,20.0,dn5,pkg25,20,True,22.0,37.751751,-122.410654,37.76894750733819,-122.45793787505
,20.0,dn15,pkg18,20,True,20.0,37.739611,-122.492203,37.7199760736766,-122.45913109497239
,21.0,dn14,pkg29,21,True,27.0,37.739611,-122.492203,37.75514156561173,-122.4974822480937
,22.0,dn1,pkg28,22,True,25.0,37.774524,-122.473656,37.79300468379933,-122.49074050268644
,22.0,dn2,pkg26,22,True,26.0,37.774524,-122.473656,37.780544440390265,-122.5046257643738
,25.0,dn7,pkg31,25,True,26.0,37.718779,-122.462401,37.74867698322771,-122.44798875382702
,27.0,dn9,pkg32,27.0,True,34.0,37.718779,-122.462401,37.73902770463037,-122.43547941309026
,30.0,dn3,pkg33,30,True,33.0,37.774524,-122.473656,37.792417870561614,-122.43761580401834
,31.0,dn4,pkg34,31,True,41.0,37.751751,-122.410654,37.74407044576688,-122.44057384341946
,36.0,dn5,pkg36,36.0,True,42.0,37.751751,-122.410654,37.753687664214695,-122.40110756332314
,38.0,dn13,pkg35,38.0,True,45.0,37.739611,-122.492203,37.75677479483078,-122.50282056149585
,39.0,dn9,pkg37,39.0,True,48.0,37.718779,-122.462401,37.735777362312206,-122.48134767067684
,39.0,dn10,pkg39,39.0,True,48.0,37.78929,-122.426797,37.79431064528062,-122.43289394747751
,41.0,dn1,pkg38,41.0,True,47.0,37.774524,-122.473656,37.769285861797435,-122.45960006073854
,44.0,dn7,pkg40,44.0,True,53.0,37.718779,-122.462401,37.72689518301849,-122.43126478485753
,45.0,dn8,pkg42,45.0,True,55.0,37.718779,-122.462401,37.72199661450408,-122.46309509480217
,47.0,dn2,pkg41,47.0,True,55.0,37.774524,-122.473656,37.75600262333703,-122.4320270048757
,49.0,dn5,pkg44,49.0,True,54.0,37.751751,-122.410654,37.76989883588807,-122.41260510283477
,50.0,dn4,pkg43,50,True,53.0,37.751751,-122.410654,37.713740540409844,-122.39520624037931
,51.0,dn3,pkg45,51.0,True,56.0,37.774524,-122.473656,37.790897773349464,-122.48718384942056
,53.0,dn6,pkg47,53,True,58.0,37.751751,-122.410654,37.718998712449995,-122.41069170756634
,54.0,dn13,pkg46,54,True,59.0,37.739611,-122.492203,37.708511231409744,-122.49649051560668
,54.0,dn8,pkg48,54.0,True,62.0,37.718779,-122.462401,37.73274731231054,-122.46492158737367
,55.0,dn10,pkg51,55,True,61.0,37.78929,-122.426797,37.766272563862124,-122.40716938548196
,57.0,dn7,pkg50,57.0,True,65.0,37.718779,-122.462401,37.744918641231884,-122.42177342395742
,58.0,dn9,pkg49,58,True,62.0,37.718779,-122.462401,37.749863392080755,-122.45584738475046
,60.0,dn5,pkg52,60,True,67.0,37.751751,-122.410654,37.72131081082905,-122.40585637681872
,60.0,dn2,pkg55,60.0,True,67.0,37.774524,-122.473656,37.78684825988494,-122.44595291222151
,61.0,dn1,pkg54,61,True,67.0,37.774524,-122.473656,37.76617517590795,-122.50560676261627
,62.0,dn14,pkg53,62,True,62.0,37.739611,-122.492203,37.72303126716064,-122.45616145481955
,67.0,dn15,pkg56,67,True,68.0,37.739611,-122.492203,37.71546952834926,-122.48385854041692
,69.0,dn4,pkg58,69.0,True,77.0,37.751751,-122.410654,37.72956611381811,-122.40803204657756
,70.0,dn8,pkg57,70,True,75.0,37.718779,-122.462401,37.743631882805325,-122.42884201065125
,70.0,dn6,pkg60,70,True,78.0,37.751751,-122.410654,37.73160828974859,-122.39819096982816
,72.0,dn10,pkg59,72.0,True,80.0,37.78929,-122.426797,37.795279444950054,-122.40980130032267
,75.0,dn13,pkg61,75.0,True,85.0,37.739611,-122.492203,37.73002358980444,-122.48044295172443
,76.0,dn2,pkg62,76,True,84.0,37.774524,-122.473656,37.78867278985386,-122.4495261479328
,78.0,dn1,pkg63,78,True,83.0,37.774524,-122.473656,37.762869363074635,-122.48708191245748
,85.0,dn5,pkg64,85,True,92.0,37.751751,-122.410654,37.71977844819507,-122.39646743034018
,85.0,dn11,pkg65,85.0,True,92.0,37.78929,-122.426797,37.787516486936966,-122.45628374157984
,87.0,dn4,pkg67,87.0,True,97.0,37.751751,-122.410654,37.750776570840245,-122.42575801785294
,88.0,dn10,pkg68,88,True,92.0,37.78929,-122.426797,37.78579510825057,-122.47184237891328
,88.0,dn8,pkg69,88.0,True,94.0,37.718779,-122.462401,37.72376683309,-122.42595854039175
,89.0,dn3,pkg66,89,True,90.0,37.774524,-122.473656,37.76524649392526,-122.43983505630965
,92.0,dn13,pkg71,92,True,94.0,37.739611,-122.492203,37.70738467037524,-122.50301010007925
,92.0,dn1,pkg72,92,True,96.0,37.774524,-122.473656,37.75132862832012,-122.45809323749073
,93.0,dn12,pkg70,93,True,95.0,37.78929,-122.426797,37.786825977738616,-122.4610395272418
,95.0,dn7,pkg73,95,True,104.0,37.718779,-122.462401,37.72354676523205,-122.44653872099755
,99.0,dn11,pkg74,99.0,True,109.0,37.78929,-122.426797,37.781616206967406,-122.45576883612092
,5.0,dn1,pkg21,5.0,True,14.0,37.774524,-122.473656,37.78053124222926,-122.46936560326371
,6.0,dn4,pkg8,6,True,12.0,37.751751,-122.410654,37.752542706065675,-122.42264568683832
,6.0,dn6,pkg22,6,True,14.0,37.751751,-122.410654,37.76863814932154,-122.3973794661476
,7.0,dn9,pkg18,7.0,True,15.0,37.718779,-122.462401,37.73545509127328,-122.46870764143668
,7.0,dn2,pkg4,7.0,True,14.0,37.774524,-122.473656,37.77425280205172,-122.46281003993094
,7.0,dn3,pkg13,7.0,True,13.0,37.774524,-122.473656,37.75435893195941,-122.46699084141919
,7.0,dn10,pkg19,7,True,14.0,37.78929,-122.426797,37.793790449998625,-122.40171222976032
,8.0,dn8,pkg14,8.0,True,16.0,37.718779,-122.462401,37.73779859840032,-122.46699953029449
,8.0,dn1,pkg10,8,True,17.0,37.774524,-122.473656,37.78272727927824,-122.4799393262993
,9.0,dn15,pkg3,9.0,True,19.0,37.739611,-122.492203,37.714856442443114,-122.49732399279806
,9.0,dn11,pkg11,9,True,16.0,37.78929,-122.426797,37.771619273475245,-122.43651721395311
,10.0,dn14,pkg15,10.0,True,20.0,37.739611,-122.492203,37.753213356651735,-122.4999745822209
,10.0,dn5,pkg17,10.0,True,20.0,37.751751,-122.410654,37.76443221681323,-122.44712179197745
,11.0,dn12,pkg2,11,True,15.0,37.78929,-122.426797,37.76161794688029,-122.40649016589234
,11.0,dn3,pkg7,11,True,16.0,37.774524,-122.473656,37.79420474362626,-122.47359991004387
,12.0,dn7,pkg5,12,True,14.0,37.718779,-122.462401,37.748012941493876,-122.44792508557376
,12.0,dn13,pkg20,12,True,12.0,37.739611,-122.492203,37.7343389758223,-122.43680928337757
,13.0,dn9,pkg23,13,True,21.0,37.718779,-122.462401,37.74456929863068,-122.44573186970077
,14.0,dn1,pkg24,14,True,16.0,37.774524,-122.473656,37.760725778544206,-122.48691401332093
,16.0,dn4,pkg27,16.0,True,22.0,37.751751,-122.410654,37.74241188132764,-122.4118860549007
,17.0,dn3,pkg16,17,True,17.0,37.774524,-122.473656,37.77020136280919,-122.50406003992839
,18.0,dn2,pkg9,18,True,18.0,37.774524,-122.473656,37.79666324976797,-122.50622811924404
,18.0,dn6,pkg26,18.0,True,25.0,37.751751,-122.410654,37.78215841721043,-122.40842442978612
,20.0,dn8,pkg12,20,False,15.0,37.718779,-122.462401,37.73482143883435,-122.45953931231634
,20.0,dn5,pkg25,20,False,18.0,37.751751,-122.410654,37.77150459630584,-122.41826237822252
,21.0,dn15,pkg1,21,False,17.0,37.739611,-122.492203,37.717748180414276,-122.50492631262624
,22.0,dn9,pkg29,22.0,True,31.0,37.718779,-122.462401,37.72465328162511,-122.49601928665896
,23.0,dn14,pkg30,23.0,True,29.0,37.739611,-122.492203,37.75418429151367,-122.44886771152692
,25.0,dn11,pkg28,25,True,31.0,37.78929,-122.426797,37.77461079300723,-122.405259041185
,26.0,dn3,pkg32,26.0,True,33.0,37.774524,-122.473656,37.769012377436034,-122.49440167878876
,26.0,dn13,pkg31,26,True,33.0,37.739611,-122.492203,37.718643525088446,-122.49077659506904
,29.0,dn10,pkg6,29,False,18.0,37.78929,-122.426797,37.751885988622625,-122.44609749170539
,34.0,dn2,pkg35,34,True,41.0,37.774524,-122.473656,37.754746922042344,-122.49905347094365
,36.0,dn4,pkg33,36,True,36.0,37.751751,-122.410654,37.70847314288448,-122.41169341110083
,38.0,dn6,pkg34,38,True,41.0,37.751751,-122.410654,37.707549871627684,-122.40889791802357
,38.0,dn15,pkg36,38.0,True,45.0,37.739611,-122.492203,37.71776166858892,-122.44682782264539
,43.0,dn11,pkg37,43.0,True,50.0,37.78929,-122.426797,37.774650204631364,-122.4360334113229
,49.0,dn5,pkg41,49.0,True,59.0,37.751751,-122.410654,37.74596262062524,-122.40273684651396
,50.0,dn7,pkg38,50,True,50.0,37.718779,-122.462401,37.721034247106495,-122.43464244907761
,50.0,dn8,pkg39,50.0,True,58.0,37.718779,-122.462401,37.71641530129835,-122.41848263320243
,51.0,dn12,pkg40,51.0,True,61.0,37.78929,-122.426797,37.79608999255425,-122.41940631280787
,51.0,dn13,pkg42,51.0,True,61.0,37.739611,-122.492203,37.73006023240369,-122.4759627055148
,54.0,dn9,pkg43,54,True,60.0,37.718779,-122.462401,37.71743934291032,-122.4149831462333
,56.0,dn1,pkg44,56.0,True,66.0,37.774524,-122.473656,37.76437288551796,-122.47170810851397
,59.0,dn4,pkg45,59,True,68.0,37.751751,-122.410654,37.72264231566766,-122.4443841165307
,60.0,dn2,pkg46,60.0,True,67.0,37.774524,-122.473656,37.79333374510511,-122.47922420858148
,62.0,dn3,pkg47,62.0,True,70.0,37.774524,-122.473656,37.76872968616781,-122.44808692465831
,67.0,dn1,pkg48,67.0,True,77.0,37.774524,-122.473656,37.779744342965614,-122.49328047228737
,73.0,dn7,pkg49,73.0,True,81.0,37.718779,-122.462401,37.741089520979216,-122.48944051359146
,75.0,dn2,pkg50,75.0,True,82.0,37.774524,-122.473656,37.77737148153927,-122.47461489198467
,75.0,dn13,pkg51,75.0,True,81.0,37.739611,-122.492203,37.744862314634275,-122.47168367554656
,75.0,dn4,pkg52,75,True,85.0,37.751751,-122.410654,37.770961470377834,-122.4053500472642
,79.0,dn6,pkg54,79.0,True,88.0,37.751751,-122.410654,37.76684757124195,-122.42764651226254
,80.0,dn5,pkg53,80.0,True,86.0,37.751751,-122.410654,37.7679897196849,-122.4051733325096
,87.0,dn7,pkg55,87,True,91.0,37.718779,-122.462401,37.74153346917406,-122.48349658317616
,91.0,dn4,pkg58,91,True,96.0,37.751751,-122.410654,37.75998835639691,-122.46209839032976
,91.0,dn5,pkg57,91,True,96.0,37.751751,-122.410654,37.7370291246535,-122.39967614167455
,91.0,dn6,pkg59,91.0,True,98.0,37.751751,-122.410654,37.75444998046247,-122.43754683168099
,92.0,dn2,pkg56,92,True,97.0,37.774524,-122.473656,37.737143516969056,-122.44634525031616
,95.0,dn13,pkg60,95.0,True,101.0,37.739611,-122.492203,37.743515497109705,-122.50489209538196
,97.0,dn9,pkg61,97.0,True,103.0,37.718779,-122.462401,37.70982363014666,-122.44618986239716
,8.0,dn3,pkg5,8,True,15.0,37.774524,-122.473656,37.77082557511683,-122.47206648941783
,8.0,dn9,pkg3,8,True,14.0,37.718779,-122.462401,37.719634276701406,-122.46831304435882
,9.0,dn15,pkg1,9,True,13.0,37.739611,-122.492203,37.74657852596562,-122.49814771427748
,9.0,dn1,pkg24,9,True,15.0,37.774524,-122.473656,37.771483698823474,-122.46699501602275
,9.0,dn5,pkg8,9,True,15.0,37.751751,-122.410654,37.76494626746162,-122.4204591054985
,10.0,dn2,pkg6,10.0,True,19.0,37.774524,-122.473656,37.76422573096102,-122.48460498749361
,11.0,dn12,pkg16,11,True,16.0,37.78929,-122.426797,37.77441387484656,-122.4147412048445
,13.0,dn4,pkg21,13,False,10.0,37.751751,-122.410654,37.753240086479124,-122.43459905666349
,13.0,dn6,pkg9,13,False,12.0,37.751751,-122.410654,37.723783917074535,-122.45545245979798
,13.0,dn7,pkg4,13,True,13.0,37.718779,-122.462401,37.73639047667248,-122.46304650478062
,13.0,dn14,pkg22,13,True,15.0,37.739611,-122.492203,37.756752337491264,-122.48030570024463
,14.0,dn8,pkg20,14,True,15.0,37.718779,-122.462401,37.707332962093346,-122.49844509081942
,15.0,dn11,pkg12,15,True,16.0,37.78929,-122.426797,37.780281674976514,-122.44645182362778
,15.0,dn9,pkg17,15,True,15.0,37.718779,-122.462401,37.736526166781054,-122.44891310577677
,15.0,dn5,pkg14,15,True,19.0,37.751751,-122.410654,37.73869518340035,-122.40227551943782
,16.0,dn10,pkg25,16,True,24.0,37.78929,-122.426797,37.77007908338653,-122.4073986435112
,16.0,dn1,pkg11,16,False,14.0,37.774524,-122.473656,37.79499404679227,-122.49241591575881
,17.0,dn13,pkg23,17,False,13.0,37.739611,-122.492203,37.714868990558315,-122.50364122248199
,18.0,dn3,pkg28,18,True,23.0,37.774524,-122.473656,37.73039505356055,-122.47496649115277
,22.0,dn2,pkg7,22,False,15.0,37.774524,-122.473656,37.75346251353155,-122.42393830251281
,23.0,dn15,pkg26,23,True,24.0,37.739611,-122.492203,37.708178620844926,-122.46789658694891
,24.0,dn12,pkg29,24,True,25.0,37.78929,-122.426797,37.777187478314055,-122.39829566356467
,25.0,dn4,pkg31,25.0,True,33.0,37.751751,-122.410654,37.756699273442955,-122.41986720942826
,27.0,dn14,pkg33,27,True,30.0,37.739611,-122.492203,37.72006016541602,-122.49245393062994
,28.0,dn6,pkg27,28,False,22.0,37.751751,-122.410654,37.73775432510839,-122.43900175299774
,28.0,dn7,pkg32,28.0,True,38.0,37.718779,-122.462401,37.71445080848404,-122.44562813220898
,30.0,dn5,pkg30,30,True,35.0,37.751751,-122.410654,37.720127462504905,-122.40909901548736
,30.0,dn8,pkg34,30,True,38.0,37.718779,-122.462401,37.734741787597976,-122.49716252974471
,33.0,dn9,pkg35,33.0,True,43.0,37.718779,-122.462401,37.72145316703401,-122.48303563915499
,33.0,dn1,pkg36,33.0,True,43.0,37.774524,-122.473656,37.765032909361786,-122.44430301292171
,35.0,dn4,pkg37,35,True,45.0,37.751751,-122.410654,37.716050580924914,-122.4293836160746
,36.0,dn3,pkg38,36.0,True,44.0,37.774524,-122.473656,37.77430962214846,-122.50024572218493
,39.0,dn13,pkg40,39.0,True,44.0,37.739611,-122.492203,37.73639380329171,-122.47989003839503
,40.0,dn7,pkg39,40.0,True,47.0,37.718779,-122.462401,37.71287209383195,-122.44341977779108
,44.0,dn2,pkg41,44.0,True,54.0,37.774524,-122.473656,37.7769432945523,-122.4493193720355
,44.0,dn9,pkg42,44,True,49.0,37.718779,-122.462401,37.71289078759405,-122.49677339624846
,46.0,dn8,pkg43,46.0,True,51.0,37.718779,-122.462401,37.7277820146433,-122.46587940663903
,46.0,dn4,pkg45,46,True,55.0,37.751751,-122.410654,37.770522821440004,-122.41105068956489
,48.0,dn15,pkg44,48,True,54.0,37.739611,-122.492203,37.76636618242482,-122.50440967539738
,48.0,dn1,pkg47,48.0,True,55.0,37.774524,-122.473656,37.76668940009671,-122.46001101633658
,52.0,dn14,pkg46,52.0,True,60.0,37.739611,-122.492203,37.71702341131615,-122.50351687990843
,52.0,dn7,pkg48,52,True,59.0,37.718779,-122.462401,37.71555269473281,-122.48567598418158
,57.0,dn5,pkg49,57.0,True,62.0,37.751751,-122.410654,37.780128178851044,-122.40079889807458
,58.0,dn4,pkg52,58.0,True,63.0,37.751751,-122.410654,37.7412179246057,-122.40448606319435
,61.0,dn3,pkg51,61,True,65.0,37.774524,-122.473656,37.792589536549805,-122.44345726282661
,61.0,dn10,pkg54,61,True,69.0,37.78929,-122.426797,37.75793554239328,-122.41307003153713
,65.0,dn1,pkg55,65,True,74.0,37.774524,-122.473656,37.793437645841784,-122.45837372514819
,66.0,dn13,pkg50,66,False,64.0,37.739611,-122.492203,37.70887922492941,-122.45329126137491
,67.0,dn6,pkg53,67,True,70.0,37.751751,-122.410654,37.785954591485776,-122.40718330287969
,69.0,dn4,pkg56,69,True,72.0,37.751751,-122.410654,37.739371330073006,-122.44651936087043
,69.0,dn7,pkg57,69,True,78.0,37.718779,-122.462401,37.72553816786311,-122.5055452825654
,72.0,dn9,pkg58,72.0,True,81.0,37.718779,-122.462401,37.71781240608223,-122.47118919926982
,73.0,dn8,pkg59,73,True,76.0,37.718779,-122.462401,37.71349572982346,-122.41122007833381
,79.0,dn2,pkg60,79.0,True,88.0,37.774524,-122.473656,37.755576500395506,-122.47130948510338
,80.0,dn1,pkg61,80.0,True,87.0,37.774524,-122.473656,37.75856188924113,-122.50220588357132
,81.0,dn3,pkg62,81,True,89.0,37.774524,-122.473656,37.795158235655926,-122.48979849773606
,81.0,dn5,pkg63,81.0,True,86.0,37.751751,-122.410654,37.759338203368706,-122.40244391298353
,84.0,dn14,pkg65,84,True,90.0,37.739611,-122.492203,37.76594246846696,-122.47406287325236
,86.0,dn9,pkg64,86,True,90.0,37.718779,-122.462401,37.73491392994441,-122.43159601382402
,88.0,dn7,pkg66,88.0,True,98.0,37.718779,-122.462401,37.73037810605258,-122.48417231392168
,88.0,dn4,pkg67,88.0,True,95.0,37.751751,-122.410654,37.78311406113781,-122.39848914408958
,89.0,dn2,pkg69,89.0,True,97.0,37.774524,-122.473656,37.76437381105844,-122.48395488807199
,91.0,dn11,pkg68,91,True,94.0,37.78929,-122.426797,37.767014038589735,-122.4542603672486
,92.0,dn13,pkg70,92,True,101.0,37.739611,-122.492203,37.752123653351326,-122.50578676752245
,95.0,dn8,pkg72,95.0,True,105.0,37.718779,-122.462401,37.71553404311766,-122.45803349118609
,97.0,dn5,pkg71,97.0,True,104.0,37.751751,-122.410654,37.72305380653978,-122.40068266783868
,99.0,dn6,pkg74,99.0,True,106.0,37.751751,-122.410654,37.72492837696332,-122.45013402671756
,100.0,dn7,pkg73,100.0,True,109.0,37.718779,-122.462401,37.718680143818354,-122.42893097076586
,100.0,dn10,pkg76,100.0,True,109.0,37.78929,-122.426797,37.79445623041718,-122.41468663343832
,5.0,dn7,pkg7,5.0,True,12.0,37.718779,-122.462401,37.73906860539346,-122.4717981552399
,5.0,dn4,pkg15,5,True,12.0,37.751751,-122.410654,37.74402027225311,-122.41754126456622
,5.0,dn5,pkg14,5.0,True,13.0,37.751751,-122.410654,37.746948177070145,-122.39453562782744
,6.0,dn10,pkg21,6,True,10.0,37.78929,-122.426797,37.76610612352735,-122.44587818067498
,7.0,dn1,pkg17,7.0,True,13.0,37.774524,-122.473656,37.75084141429335,-122.46191045097508
,8.0,dn11,pkg5,8,True,14.0,37.78929,-122.426797,37.7892336782059,-122.47109384288981
,9.0,dn2,pkg16,9,True,17.0,37.774524,-122.473656,37.778369118893444,-122.50700387075797
,9.0,dn3,pkg20,9.0,True,15.0,37.774524,-122.473656,37.7888393250934,-122.47875044831149
,9.0,dn6,pkg9,9,True,19.0,37.751751,-122.410654,37.760111833134154,-122.43708786112803
,9.0,dn12,pkg13,9.0,True,14.0,37.78929,-122.426797,37.78439903478351,-122.41497016246768
,9.0,dn13,pkg22,9,True,15.0,37.739611,-122.492203,37.71318274403342,-122.49380535150469
,10.0,dn8,pkg19,10,True,17.0,37.718779,-122.462401,37.72819909798607,-122.43734538105552
,10.0,dn9,pkg12,10.0,True,20.0,37.718779,-122.462401,37.73820120908828,-122.45742668118179
,10.0,dn14,pkg1,10.0,True,18.0,37.739611,-122.492203,37.7494819593923,-122.47136715602667
,10.0,dn15,pkg11,10.0,True,19.0,37.739611,-122.492203,37.71971027038658,-122.50426558502967
,13.0,dn3,pkg23,13,True,21.0,37.774524,-122.473656,37.78738706428376,-122.47207705916962
,18.0,dn5,pkg3,18,False,13.0,37.751751,-122.410654,37.71546642493532,-122.43509640848153
,18.0,dn4,pkg26,18,True,27.0,37.751751,-122.410654,37.72285918147603,-122.42645629263089
,19.0,dn10,pkg25,19,True,20.0,37.78929,-122.426797,37.75151106082621,-122.40029414230963
,19.0,dn14,pkg27,19,True,22.0,37.739611,-122.492203,37.72270119485145,-122.49020793529222
,19.0,dn9,pkg18,19,False,17.0,37.718779,-122.462401,37.71345467524171,-122.43831482118266
,21.0,dn1,pkg8,21,False,14.0,37.774524,-122.473656,37.758688392127944,-122.50562686602682
,22.0,dn3,pkg29,22.0,True,29.0,37.774524,-122.473656,37.768214998810926,-122.50261669368642
,24.0,dn15,pkg28,24,True,27.0,37.739611,-122.492203,37.72422232010206,-122.46974571079782
,24.0,dn6,pkg10,24,False,19.0,37.751751,-122.410654,37.73951848344427,-122.42010641198634
,25.0,dn12,pkg6,25,False,17.0,37.78929,-122.426797,37.76031469838103,-122.39783202886154
,25.0,dn13,pkg30,25.0,True,30.0,37.739611,-122.492203,37.74467669776161,-122.50687323024248
,28.0,dn8,pkg33,28.0,True,34.0,37.718779,-122.462401,37.740480503195926,-122.48715861213485
,30.0,dn11,pkg32,30,True,34.0,37.78929,-122.426797,37.75738488240252,-122.42529812363527
,30.0,dn4,pkg31,30,True,37.0,37.751751,-122.410654,37.72834481192665,-122.40441069936355
,33.0,dn2,pkg35,33.0,True,38.0,37.774524,-122.473656,37.77511084552011,-122.47327770324706
,33.0,dn3,pkg36,33.0,True,38.0,37.774524,-122.473656,37.77140960891627,-122.44559523191838
,36.0,dn10,pkg34,36,True,37.0,37.78929,-122.426797,37.75997990232093,-122.41443169138589
,36.0,dn9,pkg37,36.0,True,41.0,37.718779,-122.462401,37.73640108173392,-122.47630994609447
,37.0,dn13,pkg38,37.0,True,47.0,37.739611,-122.492203,37.742361365361766,-122.49502464989311
,37.0,dn14,pkg39,37,True,40.0,37.739611,-122.492203,37.758038167013964,-122.48608364904172
,40.0,dn8,pkg41,40.0,True,49.0,37.718779,-122.462401,37.73030789593104,-122.4714638645722
,41.0,dn5,pkg42,41,True,49.0,37.751751,-122.410654,37.79347818009676,-122.41808355594814
,42.0,dn1,pkg44,42,True,51.0,37.774524,-122.473656,37.76367825761232,-122.505678981403
,44.0,dn4,pkg40,44,True,48.0,37.751751,-122.410654,37.70905343468772,-122.40829003661095
,44.0,dn6,pkg43,44.0,True,52.0,37.751751,-122.410654,37.75204066214044,-122.41677168306238
,45.0,dn12,pkg45,45.0,True,50.0,37.78929,-122.426797,37.78661693636717,-122.40371802136977
,47.0,dn8,pkg47,47.0,True,57.0,37.718779,-122.462401,37.73494370304981,-122.4606235533479
,48.0,dn2,pkg46,48.0,True,58.0,37.774524,-122.473656,37.79192358947832,-122.4989603990365
,50.0,dn9,pkg48,50.0,True,58.0,37.718779,-122.462401,37.71941175074342,-122.47627512737972
,55.0,dn11,pkg49,55,True,56.0,37.78929,-122.426797,37.749152759368066,-122.4013109300536
,55.0,dn1,pkg51,55,True,63.0,37.774524,-122.473656,37.76652345903863,-122.49315652478569
,56.0,dn10,pkg50,56.0,True,61.0,37.78929,-122.426797,37.770759660128,-122.45437076372272
,56.0,dn3,pkg52,56.0,True,64.0,37.774524,-122.473656,37.75877761205584,-122.43633997298313
,60.0,dn12,pkg53,60.0,True,67.0,37.78929,-122.426797,37.773280469256896,-122.43475775730536
,61.0,dn2,pkg54,61.0,True,67.0,37.774524,-122.473656,37.78589883199315,-122.47918456452813
,62.0,dn4,pkg57,62,True,70.0,37.751751,-122.410654,37.789057386824275,-122.42271360544518
,63.0,dn8,pkg55,63.0,True,73.0,37.718779,-122.462401,37.74848185501007,-122.47124206820675
,65.0,dn5,pkg58,65,True,73.0,37.751751,-122.410654,37.735791531655124,-122.44856769774383
,67.0,dn13,pkg61,67.0,True,74.0,37.739611,-122.492203,37.77328831741399,-122.49435730183481
,68.0,dn1,pkg56,68,True,70.0,37.774524,-122.473656,37.788297188086766,-122.47927881709604
,69.0,dn3,pkg59,69.0,True,77.0,37.774524,-122.473656,37.78529231282309,-122.46163596881071
,69.0,dn6,pkg63,69.0,True,75.0,37.751751,-122.410654,37.74379641578787,-122.4245794792634
,70.0,dn14,pkg60,70,True,77.0,37.739611,-122.492203,37.774122224610515,-122.46951412982013
,73.0,dn9,pkg62,73,True,79.0,37.718779,-122.462401,37.748114446699105,-122.41867632782896
,73.0,dn2,pkg64,73.0,True,80.0,37.774524,-122.473656,37.75201540739584,-122.49488536256138
,76.0,dn11,pkg65,76,True,81.0,37.78929,-122.426797,37.75451264243636,-122.4397276938649
,76.0,dn4,pkg66,76,True,80.0,37.751751,-122.410654,37.71433950846952,-122.41905592900765
,78.0,dn6,pkg68,78.0,True,84.0,37.751751,-122.410654,37.735069014285926,-122.43474550855048
,84.0,dn8,pkg67,84,True,84.0,37.718779,-122.462401,37.75637938818364,-122.46962013404695
,85.0,dn5,pkg70,85.0,True,93.0,37.751751,-122.410654,37.7095581210186,-122.43086850729937
,86.0,dn9,pkg69,86,True,89.0,37.718779,-122.462401,37.70774500454709,-122.44833440017335
,88.0,dn10,pkg73,88,True,96.0,37.78929,-122.426797,37.7567259515807,-122.42701757257788
,89.0,dn4,pkg76,89.0,True,99.0,37.751751,-122.410654,37.72861914990298,-122.40146994678516
,90.0,dn2,pkg74,90,True,94.0,37.774524,-122.473656,37.794999242805424,-122.48741914429425
,90.0,dn6,pkg75,90.0,True,95.0,37.751751,-122.410654,37.73950056470797,-122.42706580198643
,92.0,dn13,pkg71,92,False,91.0,37.739611,-122.492203,37.73791975841349,-122.44276297927041
,96.0,dn3,pkg78,96,True,99.0,37.774524,-122.473656,37.76780713697812,-122.43840779871178
,97.0,dn1,pkg72,97,False,89.0,37.774524,-122.473656,37.74951578616995,-122.42816335878886
,99.0,dn12,pkg77,99,True,99.0,37.78929,-122.426797,37.75074020914533,-122.39935344513182
,100.0,dn5,pkg80,100,True,107.0,37.751751,-122.410654,37.78777402531891,-122.40186319528232
,5.0,dn2,pkg8,5,True,14.0,37.774524,-122.473656,37.79268525608052,-122.44057586835339
,5.0,dn7,pkg13,5.0,True,14.0,37.718779,-122.462401,37.73253634300126,-122.46844328062505
,5.0,dn10,pkg21,5.0,True,14.0,37.78929,-122.426797,37.796626505996024,-122.42307018571879
,7.0,dn1,pkg9,7,True,10.0,37.774524,-122.473656,37.75313916684734,-122.4488562036804
,7.0,dn3,pkg17,7,True,13.0,37.774524,-122.473656,37.79366167222023,-122.47614216019015
,7.0,dn12,pkg5,7.0,True,13.0,37.78929,-122.426797,37.79564402112701,-122.39654921027304
,8.0,dn6,pkg15,8.0,True,17.0,37.751751,-122.410654,37.76499780360403,-122.42906811844884
,9.0,dn14,pkg7,9.0,True,14.0,37.739611,-122.492203,37.73430705810598,-122.49714748085766
,9.0,dn8,pkg10,9.0,True,14.0,37.718779,-122.462401,37.736782350430886,-122.45394925402672
,9.0,dn13,pkg18,9.0,True,16.0,37.739611,-122.492203,37.748201627664486,-122.48804961292417
,9.0,dn9,pkg16,9.0,True,19.0,37.718779,-122.462401,37.72695124949047,-122.46555286368329
,10.0,dn4,pkg11,10,True,13.0,37.751751,-122.410654,37.776390506557284,-122.4266028640483
,11.0,dn11,pkg4,11,True,17.0,37.78929,-122.426797,37.78923079490768,-122.47030356506984
,12.0,dn5,pkg1,12,True,15.0,37.751751,-122.410654,37.77994213738581,-122.42894734763502
,12.0,dn9,pkg20,12,True,17.0,37.718779,-122.462401,37.732842037072466,-122.47262834419834
,13.0,dn15,pkg12,13,True,15.0,37.739611,-122.492203,37.715971506176146,-122.45452669473056
,13.0,dn7,pkg2,13,True,16.0,37.718779,-122.462401,37.73556979539166,-122.46491379069221
,14.0,dn8,pkg19,14,True,19.0,37.718779,-122.462401,37.709035489494276,-122.46553690179859
,15.0,dn2,pkg25,15.0,True,22.0,37.774524,-122.473656,37.77353223811211,-122.49079752270019
,15.0,dn6,pkg3,15,True,19.0,37.751751,-122.410654,37.74538518541702,-122.40086589840676
,16.0,dn10,pkg6,16,False,15.0,37.78929,-122.426797,37.77666337594801,-122.47585605864506
,17.0,dn14,pkg14,17,True,18.0,37.739611,-122.492203,37.72685368393822,-122.48284612006984
,18.0,dn13,pkg23,18,False,14.0,37.739611,-122.492203,37.758344183554726,-122.49427751169524
,18.0,dn12,pkg26,18.0,True,23.0,37.78929,-122.426797,37.79521822125815,-122.41728977512379
,22.0,dn9,pkg27,22,True,26.0,37.718779,-122.462401,37.71904904519982,-122.49425654187161
,22.0,dn2,pkg30,22.0,True,29.0,37.774524,-122.473656,37.786891673530214,-122.49016919200876
,24.0,dn1,pkg24,24,False,22.0,37.774524,-122.473656,37.74635078114383,-122.49327403702816
,24.0,dn3,pkg29,24.0,True,32.0,37.774524,-122.473656,37.76620560513523,-122.46308651166254
,25.0,dn8,pkg28,25.0,True,30.0,37.718779,-122.462401,37.73137918289825,-122.48713769282146
,28.0,dn6,pkg33,28,True,32.0,37.751751,-122.410654,37.709351731358204,-122.39561889933353
,29.0,dn11,pkg32,29.0,True,37.0,37.78929,-122.426797,37.77817859134993,-122.43247470303902
,30.0,dn5,pkg35,30,True,39.0,37.751751,-122.410654,37.75548758666007,-122.46550711350146
,32.0,dn2,pkg31,32,False,29.0,37.774524,-122.473656,37.77581166546154,-122.49570191817843
,35.0,dn3,pkg36,35.0,True,42.0,37.774524,-122.473656,37.7939352215877,-122.46989008962862
,37.0,dn14,pkg34,37,True,37.0,37.739611,-122.492203,37.773259906849376,-122.49826336893226
,38.0,dn4,pkg38,38.0,True,43.0,37.751751,-122.410654,37.75909374916183,-122.41749251332934
,39.0,dn11,pkg37,39.0,True,48.0,37.78929,-122.426797,37.75745925050875,-122.40223914662337
,42.0,dn7,pkg39,42.0,True,51.0,37.718779,-122.462401,37.71553286086205,-122.44763790735672
,44.0,dn15,pkg40,44,True,51.0,37.739611,-122.492203,37.768378140483094,-122.47443315997877
,48.0,dn1,pkg41,48.0,True,56.0,37.774524,-122.473656,37.77107984597677,-122.47338070305823
,51.0,dn10,pkg44,51,True,57.0,37.78929,-122.426797,37.79655674072118,-122.44255058082929
,53.0,dn4,pkg42,53,True,55.0,37.751751,-122.410654,37.77218626266493,-122.4211505528459
,53.0,dn7,pkg45,53.0,True,61.0,37.718779,-122.462401,37.72852829033464,-122.45864439667281
,54.0,dn2,pkg43,54.0,True,62.0,37.774524,-122.473656,37.76536092969315,-122.49371448700033
,57.0,dn5,pkg46,57.0,True,64.0,37.751751,-122.410654,37.77163979178803,-122.40744084025076
,60.0,dn8,pkg48,60,True,68.0,37.718779,-122.462401,37.73399770701066,-122.42811893667661
,60.0,dn9,pkg47,60.0,True,66.0,37.718779,-122.462401,37.71225320655024,-122.45878196897333
,64.0,dn13,pkg51,64.0,True,69.0,37.739611,-122.492203,37.750642440196756,-122.49955550933284
,65.0,dn2,pkg50,65,True,71.0,37.774524,-122.473656,37.7588575694346,-122.47092019039442
,66.0,dn7,pkg49,66.0,True,72.0,37.718779,-122.462401,37.71009841644082,-122.48963443552528
,66.0,dn14,pkg52,66.0,True,75.0,37.739611,-122.492203,37.73745979143102,-122.48604676506
,69.0,dn4,pkg53,69.0,True,76.0,37.751751,-122.410654,37.731090580513346,-122.40542512759205
,73.0,dn5,pkg54,73,True,82.0,37.751751,-122.410654,37.76558399874351,-122.45187302288765
,74.0,dn6,pkg55,74,True,78.0,37.751751,-122.410654,37.712267756248266,-122.39990582437751
,74.0,dn3,pkg57,74.0,True,81.0,37.774524,-122.473656,37.796727621566696,-122.45050644620191
,76.0,dn8,pkg58,76.0,True,83.0,37.718779,-122.462401,37.72813346698588,-122.48031059517504
,77.0,dn10,pkg60,77,True,85.0,37.78929,-122.426797,37.7830612928349,-122.40474268572866
,79.0,dn9,pkg56,79,True,79.0,37.718779,-122.462401,37.74609455101491,-122.44606374523526
,79.0,dn15,pkg59,79.0,True,85.0,37.739611,-122.492203,37.74533856954538,-122.49475537880623
,84.0,dn2,pkg62,84,True,88.0,37.774524,-122.473656,37.76013737778041,-122.50309552064859
,84.0,dn7,pkg61,84,True,91.0,37.718779,-122.462401,37.73287487087756,-122.48778366579297
,84.0,dn4,pkg64,84.0,True,92.0,37.751751,-122.410654,37.736550823551944,-122.41299471846301
,86.0,dn13,pkg63,86.0,True,96.0,37.739611,-122.492203,37.727576349059255,-122.48987448017543
,90.0,dn3,pkg66,90.0,True,99.0,37.774524,-122.473656,37.779852309742,-122.49809989950451
,94.0,dn14,pkg65,94,True,94.0,37.739611,-122.492203,37.7093601086544,-122.45116926117089
,95.0,dn4,pkg69,95.0,True,100.0,37.751751,-122.410654,37.750585053351166,-122.409969856119
,96.0,dn13,pkg68,96,True,105.0,37.739611,-122.492203,37.76190479407597,-122.4806042151582
,97.0,dn10,pkg70,97.0,True,103.0,37.78929,-122.426797,37.7946662500818,-122.39436767674393
,100.0,dn5,pkg67,100,True,100.0,37.751751,-122.410654,37.716200439528244,-122.41061878551841
,5.0,dn10,pkg19,5,True,11.0,37.78929,-122.426797,37.79243323055938,-122.41676940282915
,6.0,dn13,pkg5,6.0,True,12.0,37.739611,-122.492203,37.73497461030083,-122.46663204462365
,6.0,dn7,pkg10,6.0,True,16.0,37.718779,-122.462401,37.74237810136337,-122.41698890877323
,7.0,dn1,pkg15,7,True,13.0,37.774524,-122.473656,37.75541046275251,-122.44515547678859
,7.0,dn4,pkg1,7.0,True,16.0,37.751751,-122.410654,37.75662894402954,-122.44145808841445
,7.0,dn3,pkg7,7.0,True,15.0,37.774524,-122.473656,37.7879787842428,-122.48578359953524
,7.0,dn14,pkg13,7.0,True,13.0,37.739611,-122.492203,37.73432528165076,-122.48352857336242
,7.0,dn8,pkg6,7.0,True,14.0,37.718779,-122.462401,37.73835125583493,-122.45520819176086
,7.0,dn11,pkg16,7.0,True,17.0,37.78929,-122.426797,37.78558291240191,-122.43096908580485
,8.0,dn9,pkg3,8.0,True,13.0,37.718779,-122.462401,37.74212516060144,-122.4287596284742
,9.0,dn2,pkg21,9.0,True,17.0,37.774524,-122.473656,37.77442111834061,-122.44536880117252
,9.0,dn12,pkg17,9,True,14.0,37.78929,-122.426797,37.74788746118885,-122.4042185766168
,10.0,dn5,pkg2,10,True,17.0,37.751751,-122.410654,37.766001171546314,-122.43563359185536
,10.0,dn6,pkg9,10.0,True,17.0,37.751751,-122.410654,37.742047061009444,-122.43836629610011
,10.0,dn15,pkg4,10.0,True,16.0,37.739611,-122.492203,37.73670705051565,-122.46523098774381
,14.0,dn10,pkg14,14,True,16.0,37.78929,-122.426797,37.78171487749097,-122.40869138089933
,15.0,dn3,pkg11,15,True,15.0,37.774524,-122.473656,37.78577598774343,-122.49277563918375
,15.0,dn11,pkg24,15.0,True,21.0,37.78929,-122.426797,37.78977156682767,-122.4270334729821
,17.0,dn4,pkg29,17,True,23.0,37.751751,-122.410654,37.769664144907345,-122.39962964490634
,18.0,dn2,pkg22,18,False,15.0,37.774524,-122.473656,37.792886226342496,-122.48704400365249
,18.0,dn1,pkg25,18,True,22.0,37.774524,-122.473656,37.788353893664095,-122.49211669783722
,18.0,dn11,pkg26,18,True,20.0,37.78929,-122.426797,37.7941862985644,-122.42531685031092
,21.0,dn7,pkg8,21,False,18.0,37.718779,-122.462401,37.73193755886205,-122.42171883095192
,21.0,dn8,pkg30,21.0,True,26.0,37.718779,-122.462401,37.74340545923966,-122.42139391574405
,22.0,dn10,pkg27,22,True,26.0,37.78929,-122.426797,37.77588442841883,-122.45400644792021
,23.0,dn6,pkg32,23,True,28.0,37.751751,-122.410654,37.78940424206634,-122.40830353823794
,23.0,dn11,pkg28,23,True,28.0,37.78929,-122.426797,37.7829976844119,-122.44013749287036
,26.0,dn12,pkg31,26,True,29.0,37.78929,-122.426797,37.786309732443705,-122.46184466100674
,26.0,dn4,pkg34,26.0,True,35.0,37.751751,-122.410654,37.76580800459594,-122.42010445269553
,29.0,dn3,pkg33,29.0,True,35.0,37.774524,-122.473656,37.76941097950134,-122.44739468642301
,29.0,dn9,pkg35,29,True,34.0,37.718779,-122.462401,37.71076575516165,-122.43288386370462
,33.0,dn5,pkg36,33,True,39.0,37.751751,-122.410654,37.7298819423234,-122.4063125440268
,40.0,dn4,pkg37,40.0,True,49.0,37.751751,-122.410654,37.72735068665557,-122.39623463735879
,40.0,dn6,pkg38,40.0,True,49.0,37.751751,-122.410654,37.7336530811186,-122.40891624758294
,43.0,dn10,pkg39,43.0,True,49.0,37.78929,-122.426797,37.79585657484586,-122.41864955617342
,45.0,dn13,pkg43,45,True,52.0,37.739611,-122.492203,37.75448540794803,-122.49083821542258
,46.0,dn9,pkg42,46.0,True,51.0,37.718779,-122.462401,37.72086876863218,-122.49299053167084
,47.0,dn11,pkg41,47,True,52.0,37.78929,-122.426797,37.78225132605904,-122.40136891672803
,48.0,dn7,pkg40,48,True,53.0,37.718779,-122.462401,37.73571939164484,-122.4373466717334
,50.0,dn12,pkg48,50.0,True,60.0,37.78929,-122.426797,37.750118032270784,-122.40462134739778
,51.0,dn8,pkg44,51,True,59.0,37.718779,-122.462401,37.72678161494208,-122.50504051175034
,51.0,dn5,pkg45,51.0,True,56.0,37.751751,-122.410654,37.773609352954274,-122.40891776671161
,53.0,dn1,pkg47,53.0,True,59.0,37.774524,-122.473656,37.79160649855967,-122.456506967066
,55.0,dn14,pkg46,55,False,53.0,37.739611,-122.492203,37.71326153649849,-122.48077682388985
,57.0,dn2,pkg51,57.0,True,66.0,37.774524,-122.473656,37.76623143624529,-122.45721638472091
,58.0,dn4,pkg49,58.0,True,64.0,37.751751,-122.410654,37.72859981858924,-122.40590492366724
,59.0,dn6,pkg50,59,True,66.0,37.751751,-122.410654,37.7755703472999,-122.41223882353574
,61.0,dn10,pkg52,61.0,True,67.0,37.78929,-122.426797,37.770274442190605,-122.40600972754828
,70.0,dn7,pkg53,70.0,True,75.0,37.718779,-122.462401,37.7186021196273,-122.4328293727418
,71.0,dn9,pkg54,71.0,True,76.0,37.718779,-122.462401,37.74665150831847,-122.45447758468026
,73.0,dn2,pkg56,73.0,True,78.0,37.774524,-122.473656,37.776238711901684,-122.48222524956887
,74.0,dn1,pkg55,74,True,80.0,37.774524,-122.473656,37.78718163056118,-122.5049844228476
,79.0,dn3,pkg57,79.0,True,88.0,37.774524,-122.473656,37.77907740775537,-122.42833559993933
,81.0,dn4,pkg58,81.0,True,86.0,37.751751,-122.410654,37.76191790444104,-122.4151723999861
,84.0,dn7,pkg59,84.0,True,94.0,37.718779,-122.462401,37.72167367121206,-122.47594469077303
,91.0,dn8,pkg61,91,True,97.0,37.718779,-122.462401,37.70866624068385,-122.48170567841063
,92.0,dn4,pkg60,92.0,True,101.0,37.751751,-122.410654,37.74734653435008,-122.4158678103431
,93.0,dn9,pkg62,93.0,True,102.0,37.718779,-122.462401,37.723180778433374,-122.44568700391164
,95.0,dn5,pkg63,95,True,105.0,37.751751,-122.410654,37.72877084211386,-122.4149509670698
,95.0,dn10,pkg64,95.0,True,100.0,37.78929,-122.426797,37.78806452269064,-122.43589393244262
,96.0,dn1,pkg65,96,True,103.0,37.774524,-122.473656,37.739260520048155,-122.48385667244607
,99.0,dn7,pkg66,99.0,True,107.0,37.718779,-122.462401,37.714387616590734,-122.43342497443751
,100.0,dn2,pkg68,100.0,True,107.0,37.774524,-122.473656,37.77246233251626,-122.48931450754795
,5.0,dn7,pkg11,5.0,True,11.0,37.718779,-122.462401,37.72569913342141,-122.45231031228668
,5.0,dn8,pkg8,5,True,15.0,37.718779,-122.462401,37.728605984713795,-122.48302854602845
,6.0,dn3,pkg14,6.0,True,12.0,37.774524,-122.473656,37.78488956641881,-122.42993034640719
,6.0,dn6,pkg18,6.0,True,15.0,37.751751,-122.410654,37.73712979280597,-122.41757803022605
,7.0,dn1,pkg16,7,True,15.0,37.774524,-122.473656,37.75699620231725,-122.44135056145502
,7.0,dn10,pkg2,7,True,12.0,37.78929,-122.426797,37.77848947409676,-122.40197911785552
,7.0,dn4,pkg15,7,True,10.0,37.751751,-122.410654,37.74069031300172,-122.3947994280966
,7.0,dn11,pkg1,7,True,15.0,37.78929,-122.426797,37.79619360886902,-122.44989757545456
,8.0,dn5,pkg3,8.0,True,14.0,37.751751,-122.410654,37.73763185498909,-122.39971392244672
,8.0,dn12,pkg12,8.0,True,16.0,37.78929,-122.426797,37.77208251518707,-122.40864117706303
,9.0,dn14,pkg10,9.0,True,19.0,37.739611,-122.492203,37.71850042845893,-122.49111012232363
,10.0,dn2,pkg17,10.0,True,15.0,37.774524,-122.473656,37.75099030840534,-122.47076641789846
,10.0,dn9,pkg23,10.0,True,16.0,37.718779,-122.462401,37.712948488392314,-122.43876330694636
,10.0,dn6,pkg21,10,True,10.0,37.751751,-122.410654,37.72389200180672,-122.40629777460845
,11.0,dn3,pkg22,11,True,16.0,37.774524,-122.473656,37.7714759409777,-122.45826253242676
,12.0,dn15,pkg6,12,True,19.0,37.739611,-122.492203,37.769101768591625,-122.48051939948161
,13.0,dn7,pkg25,13,True,16.0,37.718779,-122.462401,37.71377799025851,-122.43812813420756
,14.0,dn8,pkg28,14,True,18.0,37.718779,-122.462401,37.74329205775044,-122.50052916062643
,15.0,dn4,pkg26,15,True,21.0,37.751751,-122.410654,37.76609097203646,-122.40952157819207
,16.0,dn2,pkg13,16,True,20.0,37.774524,-122.473656,37.77259135122181,-122.47153334263267
,17.0,dn6,pkg27,17,True,22.0,37.751751,-122.410654,37.76272475207207,-122.40506393702938
,17.0,dn11,pkg20,17,False,16.0,37.78929,-122.426797,37.78635770714387,-122.4455923253525
,18.0,dn14,pkg30,18,True,24.0,37.739611,-122.492203,37.74441857578732,-122.4617654368791
,18.0,dn12,pkg19,18,False,16.0,37.78929,-122.426797,37.79125352314541,-122.40326842736131
,18.0,dn1,pkg9,18,True,18.0,37.774524,-122.473656,37.781016520158715,-122.48356630057049
,18.0,dn10,pkg29,18,True,28.0,37.78929,-122.426797,37.787798386500484,-122.45439533904838
,19.0,dn13,pkg4,19,False,11.0,37.739611,-122.492203,37.74402236537255,-122.43595444170208
,19.0,dn9,pkg31,19.0,True,24.0,37.718779,-122.462401,37.74434741679155,-122.4578054870659
,19.0,dn3,pkg5,19,False,14.0,37.774524,-122.473656,37.74666982001396,-122.45028124997094
,21.0,dn2,pkg24,21,False,18.0,37.774524,-122.473656,37.78201235705032,-122.45150712947884
,21.0,dn8,pkg32,21,True,24.0,37.718779,-122.462401,37.71515790088895,-122.4991469721215
,26.0,dn7,pkg34,26.0,True,35.0,37.718779,-122.462401,37.720809076798524,-122.50365961415287
,27.0,dn5,pkg33,27,False,24.0,37.751751,-122.410654,37.72243713712349,-122.43097251587733
,28.0,dn4,pkg35,28,True,31.0,37.751751,-122.410654,37.785313165394584,-122.43503069183757
,31.0,dn3,pkg36,31.0,True,36.0,37.774524,-122.473656,37.779305942384674,-122.46992545023264
,33.0,dn9,pkg39,33.0,True,42.0,37.718779,-122.462401,37.75570526515663,-122.45152723621692
,36.0,dn2,pkg41,36,True,40.0,37.774524,-122.473656,37.79232354622294,-122.45515074816893
,37.0,dn10,pkg37,37,True,44.0,37.78929,-122.426797,37.76256180227787,-122.39615440501552
,38.0,dn8,pkg38,38,True,45.0,37.718779,-122.462401,37.71183923493385,-122.49526116847113
,39.0,dn1,pkg40,39.0,True,49.0,37.774524,-122.473656,37.768637214835685,-122.49554912336043
,40.0,dn15,pkg43,40,True,46.0,37.739611,-122.492203,37.76309955686611,-122.49142216202372
,43.0,dn3,pkg42,43,True,48.0,37.774524,-122.473656,37.75426886777746,-122.49782142735003
,43.0,dn14,pkg44,43.0,True,48.0,37.739611,-122.492203,37.73351778248493,-122.49474617656499
,51.0,dn2,pkg45,51.0,True,58.0,37.774524,-122.473656,37.77030682740291,-122.4481993085586
,53.0,dn1,pkg46,53.0,True,63.0,37.774524,-122.473656,37.78476801411691,-122.45963385492473
,54.0,dn7,pkg47,54.0,True,59.0,37.718779,-122.462401,37.73372950376026,-122.46242609273605
,56.0,dn4,pkg48,56.0,True,66.0,37.751751,-122.410654,37.7673231561734,-122.41371577685854
,61.0,dn2,pkg49,61.0,True,69.0,37.774524,-122.473656,37.787467963321376,-122.49149338379863
,64.0,dn3,pkg50,64,True,67.0,37.774524,-122.473656,37.777960876839686,-122.43004988240325
,64.0,dn5,pkg51,64,True,66.0,37.751751,-122.410654,37.716112669410094,-122.40164713991238
,64.0,dn13,pkg52,64.0,True,69.0,37.739611,-122.492203,37.75958053419959,-122.49985198901591
,64.0,dn10,pkg53,64.0,True,70.0,37.78929,-122.426797,37.78917459876775,-122.44088618971239
,65.0,dn11,pkg54,65.0,True,72.0,37.78929,-122.426797,37.79358976924941,-122.40104166026221
,68.0,dn1,pkg55,68.0,True,73.0,37.774524,-122.473656,37.77877972279668,-122.45765820968963
,68.0,dn12,pkg57,68.0,True,76.0,37.78929,-122.426797,37.78933360926776,-122.40795431662342
,69.0,dn6,pkg58,69,True,79.0,37.751751,-122.410654,37.78233688888406,-122.41334396626311
,70.0,dn4,pkg56,70.0,True,75.0,37.751751,-122.410654,37.71251617333502,-122.40064817548766
,77.0,dn2,pkg61,77,True,84.0,37.774524,-122.473656,37.79483871979399,-122.48873414711865
,80.0,dn6,pkg59,80,False,79.0,37.751751,-122.410654,37.73262580771003,-122.39477038418096
,81.0,dn13,pkg60,81,False,80.0,37.739611,-122.492203,37.74419055236571,-122.4546196813848
,81.0,dn5,pkg62,81,True,90.0,37.751751,-122.410654,37.75757447386849,-122.44087261440025
,86.0,dn7,pkg63,86.0,True,94.0,37.718779,-122.462401,37.71858994444941,-122.48848999494751
,86.0,dn4,pkg64,86,True,91.0,37.751751,-122.410654,37.76950346447271,-122.40208149153304
,88.0,dn1,pkg65,88,True,97.0,37.774524,-122.473656,37.76076046967565,-122.44486753169713
,88.0,dn14,pkg66,88.0,True,93.0,37.739611,-122.492203,37.71560121105515,-122.50124179704541
,92.0,dn5,pkg67,92,True,99.0,37.751751,-122.410654,37.75419786255116,-122.42776532360679
,98.0,dn2,pkg68,98.0,True,107.0,37.774524,-122.473656,37.76699527957605,-122.4648274987919
,5.0,dn1,pkg17,5,True,10.0,37.774524,-122.473656,37.758809621483884,-122.48692333976732
,5.0,dn3,pkg18,5.0,True,12.0,37.774524,-122.473656,37.75572904906506,-122.46485456089454
,5.0,dn5,pkg3,5.0,True,14.0,37.751751,-122.410654,37.73479942094919,-122.39969871030125
,7.0,dn7,pkg19,7,True,10.0,37.718779,-122.462401,37.7401318911563,-122.43021724486334
,7.0,dn2,pkg12,7,True,11.0,37.774524,-122.473656,37.771601329660875,-122.44901262162028
,7.0,dn4,pkg22,7,True,12.0,37.751751,-122.410654,37.75248000843906,-122.43228552298635
,8.0,dn6,pkg23,8.0,True,16.0,37.751751,-122.410654,37.76782755501099,-122.4023445906666
,8.0,dn11,pkg9,8.0,True,16.0,37.78929,-122.426797,37.787696107432694,-122.45940269297985
,9.0,dn9,pkg6,9.0,True,18.0,37.718779,-122.462401,37.73983473248679,-122.43335938015687
,9.0,dn14,pkg8,9,True,18.0,37.739611,-122.492203,37.754643150534534,-122.46836008485134
,9.0,dn15,pkg21,9,True,18.0,37.739611,-122.492203,37.74930427879865,-122.4657065667183
,9.0,dn12,pkg5,9,True,17.0,37.78929,-122.426797,37.79678827386564,-122.47797407831884
,9.0,dn10,pkg14,9.0,True,16.0,37.78929,-122.426797,37.785564835645815,-122.43891220854111
,10.0,dn13,pkg7,10.0,True,20.0,37.739611,-122.492203,37.75713705944784,-122.48691560406635
,14.0,dn6,pkg27,14,True,22.0,37.751751,-122.410654,37.75958474578282,-122.42630505220608
,15.0,dn8,pkg2,15,False,10.0,37.718779,-122.462401,37.71039747140764,-122.4123282471047
,15.0,dn5,pkg25,15,True,18.0,37.751751,-122.410654,37.723181259029296,-122.40834397847291
,16.0,dn3,pkg15,16,True,18.0,37.774524,-122.473656,37.77275988409714,-122.50203619427059
,17.0,dn1,pkg1,17,True,18.0,37.774524,-122.473656,37.79225122070681,-122.43377626642985
,17.0,dn4,pkg10,17,False,15.0,37.751751,-122.410654,37.745115407319815,-122.40137286876978
,19.0,dn10,pkg16,19,False,14.0,37.78929,-122.426797,37.756343851129714,-122.4156261976138
,21.0,dn13,pkg24,21,False,20.0,37.739611,-122.492203,37.72123188041966,-122.4626534456607
,22.0,dn2,pkg26,22,False,21.0,37.774524,-122.473656,37.79663951951778,-122.42559220013186
,25.0,dn6,pkg28,25.0,True,33.0,37.751751,-122.410654,37.764676536780634,-122.40474303519068
,27.0,dn12,pkg29,27.0,True,35.0,37.78929,-122.426797,37.79013081696969,-122.41691109591163
,28.0,dn7,pkg30,28,True,35.0,37.718779,-122.462401,37.74155964736029,-122.48032698978497
,28.0,dn4,pkg32,28.0,True,36.0,37.751751,-122.410654,37.770653322496344,-122.39671934768339
,30.0,dn5,pkg34,30,True,39.0,37.751751,-122.410654,37.781809136520906,-122.42216981995522
,31.0,dn9,pkg31,31,False,30.0,37.718779,-122.462401,37.73472572840527,-122.43377458561635
,32.0,dn11,pkg33,32.0,True,40.0,37.78929,-122.426797,37.76225700699514,-122.4474538919974
,36.0,dn10,pkg35,36.0,True,42.0,37.78929,-122.426797,37.75573718877182,-122.41085663909934
,37.0,dn6,pkg36,37.0,True,47.0,37.751751,-122.410654,37.76737245370049,-122.41440228004406
,38.0,dn1,pkg37,38.0,True,47.0,37.774524,-122.473656,37.78281639896946,-122.4855573142372
,39.0,dn2,pkg39,39.0,True,46.0,37.774524,-122.473656,37.768300412313536,-122.48039762749121
,40.0,dn14,pkg38,40.0,True,48.0,37.739611,-122.492203,37.72372697655439,-122.49783763179713
,44.0,dn5,pkg40,44.0,True,54.0,37.751751,-122.410654,37.758178105405655,-122.43050923842382
,45.0,dn4,pkg41,45.0,True,55.0,37.751751,-122.410654,37.73762842562238,-122.41310336888142
,51.0,dn1,pkg42,51.0,True,59.0,37.774524,-122.473656,37.79005684244871,-122.46132979645927
,52.0,dn2,pkg45,52.0,True,57.0,37.774524,-122.473656,37.77414827825203,-122.48630474070946
,53.0,dn14,pkg44,53.0,True,61.0,37.739611,-122.492203,37.73437595939092,-122.48983709732667
,54.0,dn6,pkg43,54,True,55.0,37.751751,-122.410654,37.72789400655851,-122.41346116226993
,57.0,dn4,pkg46,57.0,True,64.0,37.751751,-122.410654,37.74305667409371,-122.43283538324228
,57.0,dn7,pkg47,57,True,64.0,37.718779,-122.462401,37.74201471257388,-122.47194730450701
,58.0,dn15,pkg48,58,True,65.0,37.739611,-122.492203,37.76472937259432,-122.50396042101997
,62.0,dn8,pkg50,62,True,71.0,37.718779,-122.462401,37.71467794608522,-122.43143654466182
,65.0,dn3,pkg49,65.0,True,70.0,37.774524,-122.473656,37.78038672321897,-122.49007572451184
,68.0,dn13,pkg52,68,True,71.0,37.739611,-122.492203,37.717772935654196,-122.48116040885684
,68.0,dn5,pkg53,68.0,True,74.0,37.751751,-122.410654,37.76516209586691,-122.39745724350874
,69.0,dn9,pkg51,69,True,72.0,37.718779,-122.462401,37.732159575438,-122.50599167073212
,70.0,dn11,pkg54,70.0,True,76.0,37.78929,-122.426797,37.78402384114314,-122.4106408683391
,71.0,dn1,pkg55,71.0,True,78.0,37.774524,-122.473656,37.772449426121675,-122.43610262314043
,72.0,dn6,pkg56,72.0,True,77.0,37.751751,-122.410654,37.720921699659336,-122.43755826363402
,72.0,dn7,pkg58,72.0,True,78.0,37.718779,-122.462401,37.70721814861594,-122.45686531439509
,74.0,dn4,pkg60,74.0,True,83.0,37.751751,-122.410654,37.75628160602604,-122.41167506495945
,76.0,dn2,pkg59,76.0,True,85.0,37.774524,-122.473656,37.76956972251347,-122.42964360011499
,78.0,dn15,pkg57,78,True,78.0,37.739611,-122.492203,37.74927392132145,-122.45350849050213
,78.0,dn3,pkg61,78,True,81.0,37.774524,-122.473656,37.772826288252006,-122.49975545183851
,79.0,dn14,pkg63,79.0,True,86.0,37.739611,-122.492203,37.75421782640873,-122.49602569636431
,80.0,dn8,pkg62,80.0,True,89.0,37.718779,-122.462401,37.74380679106307,-122.45780781054648
,82.0,dn6,pkg64,82.0,True,88.0,37.751751,-122.410654,37.74374873984909,-122.41978384433519
,82.0,dn4,pkg65,82.0,True,91.0,37.751751,-122.410654,37.75167353447339,-122.43896047023924
,84.0,dn10,pkg66,84,True,93.0,37.78929,-122.426797,37.79161445365762,-122.40715065317448
,90.0,dn6,pkg69,90.0,True,96.0,37.751751,-122.410654,37.72104489138762,-122.39921017243506
,91.0,dn4,pkg71,91,True,97.0,37.751751,-122.410654,37.74152982827619,-122.43394713469603
,93.0,dn13,pkg72,93.0,True,99.0,37.739611,-122.492203,37.73985628150741,-122.50087306723593
,94.0,dn11,pkg70,94,True,95.0,37.78929,-122.426797,37.76492030793552,-122.4221544512066
,95.0,dn5,pkg67,95,True,95.0,37.751751,-122.410654,37.71458773964474,-122.44202645488188
,95.0,dn2,pkg73,95.0,True,100.0,37.774524,-122.473656,37.77820556784415,-122.47582423449293
,96.0,dn7,pkg68,96,False,92.0,37.718779,-122.462401,37.76227006660292,-122.46032627588599
,98.0,dn10,pkg75,98,True,105.0,37.78929,-122.426797,37.76468130230772,-122.42533027110998
,99.0,dn12,pkg76,99.0,True,106.0,37.78929,-122.426797,37.783213755685686,-122.41482609894034
,5.0,dn8,pkg12,5.0,True,14.0,37.718779,-122.462401,37.71079801631388,-122.47373605060488
,5.0,dn1,pkg1,5.0,True,10.0,37.774524,-122.473656,37.77700888481542,-122.48299227414081
,6.0,dn7,pkg8,6,True,11.0,37.718779,-122.462401,37.72178610271977,-122.48400427906512
,6.0,dn9,pkg13,6,True,12.0,37.718779,-122.462401,37.73838821623157,-122.4528385829366
,7.0,dn13,pkg6,7.0,True,16.0,37.739611,-122.492203,37.72324256875531,-122.49520592959264
,7.0,dn15,pkg5,7,True,11.0,37.739611,-122.492203,37.727956431320166,-122.46299053209235
,8.0,dn6,pkg17,8.0,True,13.0,37.751751,-122.410654,37.751427073221166,-122.39778668703096
,8.0,dn2,pkg2,8,True,13.0,37.774524,-122.473656,37.761343311149886,-122.49077871834102
,8.0,dn11,pkg4,8.0,True,16.0,37.78929,-122.426797,37.789297686127455,-122.4248844000249
,8.0,dn14,pkg11,8,True,14.0,37.739611,-122.492203,37.71943840604465,-122.50121159743945
,9.0,dn5,pkg14,9,True,15.0,37.751751,-122.410654,37.7758009670662,-122.42138519415907
,9.0,dn3,pkg16,9,True,15.0,37.774524,-122.473656,37.76809473749192,-122.49830580448739
,10.0,dn4,pkg19,10,True,19.0,37.751751,-122.410654,37.72416181116805,-122.40893740032816
,11.0,dn12,pkg23,11.0,True,21.0,37.78929,-122.426797,37.77764503055713,-122.39439372336687
,11.0,dn13,pkg15,11,True,15.0,37.739611,-122.492203,37.740923676333104,-122.48230758627886
,12.0,dn8,pkg10,12,True,16.0,37.718779,-122.462401,37.71693096122841,-122.45542677614111
,13.0,dn1,pkg25,13,True,18.0,37.774524,-122.473656,37.75342475402721,-122.43711217191876
,14.0,dn10,pkg9,14,True,14.0,37.78929,-122.426797,37.75579567233431,-122.45337554878282
,14.0,dn11,pkg20,14,True,18.0,37.78929,-122.426797,37.76724862523083,-122.45369842767782
,17.0,dn2,pkg28,17,True,24.0,37.774524,-122.473656,37.78746543268948,-122.45760414580354
,19.0,dn7,pkg27,19.0,True,24.0,37.718779,-122.462401,37.738032123146006,-122.45016768072827
,21.0,dn9,pkg3,21,False,16.0,37.718779,-122.462401,37.71074492467481,-122.5045578535855
,21.0,dn15,pkg18,21,False,14.0,37.739611,-122.492203,37.759670350882736,-122.46184578396193
,22.0,dn6,pkg24,22,False,17.0,37.751751,-122.410654,37.71063920532525,-122.40198392788123
,22.0,dn13,pkg26,22,False,20.0,37.739611,-122.492203,37.7693682515735,-122.47661485779395
,23.0,dn12,pkg30,23,True,28.0,37.78929,-122.426797,37.78285102421296,-122.40881001733958
,26.0,dn14,pkg29,26,True,33.0,37.739611,-122.492203,37.77885974108585,-122.49202007347344
,26.0,dn3,pkg31,26.0,True,33.0,37.774524,-122.473656,37.77840624969586,-122.46288468256733
,27.0,dn5,pkg32,27.0,True,35.0,37.751751,-122.410654,37.746600915109255,-122.39933793425433
,31.0,dn7,pkg33,31.0,True,40.0,37.718779,-122.462401,37.707293343530615,-122.4510720164863
,33.0,dn11,pkg34,33.0,True,40.0,37.78929,-122.426797,37.77232470539758,-122.4188635613153
,34.0,dn8,pkg36,34.0,True,39.0,37.718779,-122.462401,37.70966117748472,-122.45322504358631
,36.0,dn9,pkg38,36.0,True,43.0,37.718779,-122.462401,37.72129020928736,-122.49248440888837
,36.0,dn13,pkg39,36,True,41.0,37.739611,-122.492203,37.77571316519946,-122.4946681688273
,39.0,dn4,pkg35,39,True,39.0,37.751751,-122.410654,37.72223577197156,-122.4536456638458
,40.0,dn12,pkg40,40,True,44.0,37.78929,-122.426797,37.79409601495228,-122.39979473499616
,42.0,dn10,pkg37,42,True,45.0,37.78929,-122.426797,37.75364031226688,-122.40106329868203
,43.0,dn6,pkg41,43,True,46.0,37.751751,-122.410654,37.76504635355289,-122.46104851153041
,43.0,dn8,pkg42,43.0,True,52.0,37.718779,-122.462401,37.74241573949881,-122.4555186532755
,46.0,dn14,pkg43,46,True,52.0,37.739611,-122.492203,37.76910888168628,-122.46892400690828
,46.0,dn9,pkg44,46,True,55.0,37.718779,-122.462401,37.734009456911664,-122.42582789862803
,48.0,dn5,pkg45,48.0,True,53.0,37.751751,-122.410654,37.779500454833496,-122.42102491006062
,51.0,dn13,pkg46,51,True,57.0,37.739611,-122.492203,37.750872455697014,-122.48473352389246
,56.0,dn11,pkg48,56.0,True,64.0,37.78929,-122.426797,37.77705152547985,-122.39443189402837
,56.0,dn7,pkg49,56.0,True,66.0,37.718779,-122.462401,37.72251243697753,-122.46622268630033
,57.0,dn1,pkg47,57.0,True,64.0,37.774524,-122.473656,37.747556718605054,-122.4673078565236
,63.0,dn2,pkg50,63,True,69.0,37.774524,-122.473656,37.748700357763916,-122.4971367970398
,63.0,dn8,pkg51,63.0,True,68.0,37.718779,-122.462401,37.72289133025665,-122.42632252873466
,67.0,dn4,pkg52,67.0,True,75.0,37.751751,-122.410654,37.716669203616206,-122.39650147457854
,67.0,dn7,pkg53,67.0,True,74.0,37.718779,-122.462401,37.73321832812335,-122.46700095434164
,67.0,dn13,pkg55,67.0,True,75.0,37.739611,-122.492203,37.742436290004626,-122.49120343096826
,69.0,dn14,pkg56,69.0,True,76.0,37.739611,-122.492203,37.73059970424816,-122.50087233667716
,71.0,dn9,pkg57,71.0,True,79.0,37.718779,-122.462401,37.7188480445177,-122.45313738041499
,72.0,dn3,pkg54,72,True,78.0,37.774524,-122.473656,37.78200745832371,-122.42391540100903
,73.0,dn15,pkg58,73.0,True,82.0,37.739611,-122.492203,37.72780384823742,-122.48001967250288
,76.0,dn1,pkg59,76,True,83.0,37.774524,-122.473656,37.738097621542686,-122.46104670969731
,77.0,dn5,pkg60,77,True,81.0,37.751751,-122.410654,37.716609279843965,-122.403429572143
,79.0,dn4,pkg61,79,True,81.0,37.751751,-122.410654,37.73340449900188,-122.41049237843595
,83.0,dn6,pkg62,83,True,85.0,37.751751,-122.410654,37.77992891933494,-122.4300900549523
,86.0,dn2,pkg63,86.0,True,96.0,37.774524,-122.473656,37.76648701152578,-122.4758677577243
,88.0,dn7,pkg64,88.0,True,94.0,37.718779,-122.462401,37.719201173200716,-122.47710850608694
,90.0,dn8,pkg65,90.0,True,96.0,37.718779,-122.462401,37.70773541272694,-122.42958750255889
,91.0,dn1,pkg66,91.0,True,97.0,37.774524,-122.473656,37.76366137009299,-122.47530431011607
,93.0,dn3,pkg67,93.0,True,98.0,37.774524,-122.473656,37.78757395857333,-122.42247219171583
,97.0,dn4,pkg68,97.0,True,107.0,37.751751,-122.410654,37.75142677446734,-122.42397121418288
,99.0,dn2,pkg69,99,True,109.0,37.774524,-122.473656,37.746524081061175,-122.47857501370419
,5.0,dn4,pkg18,5.0,True,10.0,37.751751,-122.410654,37.74331760024811,-122.40434539330941
,6.0,dn1,pkg4,6,True,11.0,37.774524,-122.473656,37.751877798419216,-122.46829916893844
,6.0,dn3,pkg22,6.0,True,16.0,37.774524,-122.473656,37.74978129433328,-122.47935384288746
,6.0,dn15,pkg16,6.0,True,13.0,37.739611,-122.492203,37.745035927558625,-122.50739765447875
,6.0,dn6,pkg11,6,True,14.0,37.751751,-122.410654,37.70886391392449,-122.41443554454092
,7.0,dn14,pkg14,7,True,15.0,37.739611,-122.492203,37.720541249980016,-122.4768668523377
,7.0,dn13,pkg3,7.0,True,13.0,37.739611,-122.492203,37.732106518403064,-122.4948799380998
,7.0,dn2,pkg12,7.0,True,14.0,37.774524,-122.473656,37.77527496994623,-122.48228089922948
,8.0,dn10,pkg1,8,True,16.0,37.78929,-122.426797,37.77727082909088,-122.45259783288338
,9.0,dn11,pkg19,9,True,12.0,37.78929,-122.426797,37.751934973758374,-122.39942185473292
,9.0,dn12,pkg20,9.0,True,17.0,37.78929,-122.426797,37.775683441485455,-122.43456950250587
,9.0,dn8,pkg5,9.0,True,19.0,37.718779,-122.462401,37.73556124692556,-122.48739332104074
,9.0,dn9,pkg13,9.0,True,17.0,37.718779,-122.462401,37.717218180732004,-122.5074226008058
,10.0,dn5,pkg17,10,True,16.0,37.751751,-122.410654,37.787293434910005,-122.39775595087357
,10.0,dn7,pkg9,10.0,True,20.0,37.718779,-122.462401,37.72778692437213,-122.48097825145094
,11.0,dn4,pkg8,11,True,13.0,37.751751,-122.410654,37.7598439628155,-122.42154405791607
,11.0,dn2,pkg6,11,True,13.0,37.774524,-122.473656,37.768423594396594,-122.45842296211563
,14.0,dn13,pkg10,14,True,18.0,37.739611,-122.492203,37.72510727681935,-122.46878316734804
,15.0,dn8,pkg24,15,True,18.0,37.718779,-122.462401,37.710898846738246,-122.46345428335505
,16.0,dn15,pkg26,16,True,18.0,37.739611,-122.492203,37.72635787019367,-122.46837461451666
,16.0,dn3,pkg21,16,False,13.0,37.774524,-122.473656,37.791354055442994,-122.49599635420971
,17.0,dn6,pkg23,17,True,17.0,37.751751,-122.410654,37.71607280545753,-122.40810688853242
,17.0,dn14,pkg2,17,True,20.0,37.739611,-122.492203,37.76256913309617,-122.48857193933183
,18.0,dn12,pkg7,18,False,16.0,37.78929,-122.426797,37.795009533171225,-122.43988266174296
,20.0,dn2,pkg28,20,True,25.0,37.774524,-122.473656,37.77383616546334,-122.456809800291
,21.0,dn7,pkg25,21,False,16.0,37.718779,-122.462401,37.73067754498788,-122.48021153490593
,22.0,dn1,pkg27,22.0,True,31.0,37.774524,-122.473656,37.75029852447575,-122.46637105661408
,24.0,dn8,pkg30,24,True,31.0,37.718779,-122.462401,37.70743228427093,-122.4836797031444
,25.0,dn10,pkg29,25.0,True,31.0,37.78929,-122.426797,37.7858330043772,-122.48068043370922
,29.0,dn9,pkg32,29,True,35.0,37.718779,-122.462401,37.73760101454368,-122.50752057729817
,32.0,dn6,pkg33,32,True,34.0,37.751751,-122.410654,37.77983316523259,-122.43598266811114
,35.0,dn4,pkg31,35,False,34.0,37.751751,-122.410654,37.71505473510627,-122.42525308924583
,36.0,dn8,pkg36,36,True,45.0,37.718779,-122.462401,37.72855830359461,-122.4509455261167
,38.0,dn5,pkg35,38.0,True,47.0,37.751751,-122.410654,37.757373951295676,-122.41555300167097
,40.0,dn7,pkg34,40,False,39.0,37.718779,-122.462401,37.74396067534401,-122.42127054523874
,41.0,dn10,pkg38,41,True,46.0,37.78929,-122.426797,37.779941124026486,-122.40573467636949
,43.0,dn13,pkg37,43,True,49.0,37.739611,-122.492203,37.713517325762375,-122.47296221939375
,44.0,dn14,pkg40,44,True,52.0,37.739611,-122.492203,37.72287032546761,-122.46623935722809
,47.0,dn9,pkg39,47,True,51.0,37.718779,-122.462401,37.747118301463,-122.43665534560265
,50.0,dn6,pkg44,50.0,True,58.0,37.751751,-122.410654,37.748184449546244,-122.41974610023065
,52.0,dn5,pkg41,52.0,True,57.0,37.751751,-122.410654,37.74616313658913,-122.43484539111259
,52.0,dn8,pkg45,52.0,True,61.0,37.718779,-122.462401,37.7399773615283,-122.45681724057702
,53.0,dn2,pkg42,53.0,True,59.0,37.774524,-122.473656,37.746791259241455,-122.48081654832635
,53.0,dn12,pkg43,53.0,True,60.0,37.78929,-122.426797,37.78741833371403,-122.410263549071
,53.0,dn4,pkg46,53,True,58.0,37.751751,-122.410654,37.724373298381344,-122.39529144611976
,59.0,dn1,pkg47,59,True,62.0,37.774524,-122.473656,37.76626892685125,-122.44424188312232
,59.0,dn3,pkg48,59.0,True,67.0,37.774524,-122.473656,37.74379525502879,-122.46027120716961
,61.0,dn13,pkg50,61,True,70.0,37.739611,-122.492203,37.75683321452583,-122.46895307926552
,72.0,dn2,pkg51,72.0,True,81.0,37.774524,-122.473656,37.772197500584284,-122.45566657843057
,76.0,dn10,pkg52,76,True,82.0,37.78929,-122.426797,37.78478882631274,-122.46856424140464
,78.0,dn3,pkg53,78.0,True,87.0,37.774524,-122.473656,37.777269933645066,-122.47165636085518
,79.0,dn4,pkg54,79.0,True,86.0,37.751751,-122.410654,37.738115431316984,-122.42039231607141
,79.0,dn1,pkg55,79,True,83.0,37.774524,-122.473656,37.76430730532479,-122.50073421631794
,86.0,dn11,pkg56,86,True,89.0,37.78929,-122.426797,37.78588711661479,-122.46199728880681
,88.0,dn5,pkg57,88.0,True,95.0,37.751751,-122.410654,37.78563776755683,-122.39645714383786
,89.0,dn7,pkg58,89.0,True,97.0,37.718779,-122.462401,37.71418523457323,-122.44762175125605
,90.0,dn12,pkg59,90,True,96.0,37.78929,-122.426797,37.77033658403596,-122.42169859895267
,94.0,dn1,pkg60,94.0,True,104.0,37.774524,-122.473656,37.747303519018,-122.48086027797255
,98.0,dn2,pkg63,98.0,True,104.0,37.774524,-122.473656,37.79445773453634,-122.4545250981683
,100.0,dn3,pkg62,100.0,True,106.0,37.774524,-122.473656,37.78242235650471,-122.50095740648219
,5.0,dn14,pkg20,5.0,True,11.0,37.739611,-122.492203,37.777913210021225,-122.49331836179279
,5.0,dn10,pkg5,5.0,True,14.0,37.78929,-122.426797,37.794714794985346,-122.42737441019499
,6.0,dn4,pkg3,6,True,12.0,37.751751,-122.410654,37.76802672713567,-122.42606074676272
,6.0,dn11,pkg8,6.0,True,16.0,37.78929,-122.426797,37.79465698244078,-122.43800794005396
,7.0,dn7,pkg17,7,True,13.0,37.718779,-122.462401,37.71023310234539,-122.43229073706134
,7.0,dn12,pkg4,7.0,True,16.0,37.78929,-122.426797,37.775662030386385,-122.43292186853299
,7.0,dn15,pkg22,7,True,11.0,37.739611,-122.492203,37.752495005464326,-122.48227863992764
,7.0,dn9,pkg1,7.0,True,16.0,37.718779,-122.462401,37.72092344968571,-122.45334737088169
,8.0,dn13,pkg19,8,True,11.0,37.739611,-122.492203,37.70825438523349,-122.47326811155452
,9.0,dn9,pkg13,9,True,18.0,37.718779,-122.462401,37.71702019799312,-122.47038009604836
,10.0,dn1,pkg12,10,True,13.0,37.774524,-122.473656,37.787885482388326,-122.45004359991815
,11.0,dn3,pkg18,11,True,15.0,37.774524,-122.473656,37.7482389926919,-122.50180506846124
,11.0,dn5,pkg2,11,True,14.0,37.751751,-122.410654,37.773400461472626,-122.4390956110822
,13.0,dn2,pkg10,13,True,14.0,37.774524,-122.473656,37.78656961365364,-122.44009277703941
,14.0,dn8,pkg7,14,True,18.0,37.718779,-122.462401,37.74348187680517,-122.45312179367434
,15.0,dn6,pkg9,15,True,16.0,37.751751,-122.410654,37.712360357395006,-122.41409902325465
,18.0,dn12,pkg26,18.0,True,26.0,37.78929,-122.426797,37.77704714798305,-122.45744248648185
,19.0,dn10,pkg15,19,False,17.0,37.78929,-122.426797,37.77752092046387,-122.46378380709379
,19.0,dn9,pkg25,19.0,True,24.0,37.718779,-122.462401,37.710635688101085,-122.4229998723162
,19.0,dn15,pkg11,19,False,16.0,37.739611,-122.492203,37.709287125111935,-122.46759147977227
,20.0,dn7,pkg27,20,True,27.0,37.718779,-122.462401,37.72546005238454,-122.43113404512616
,22.0,dn4,pkg14,22,False,15.0,37.751751,-122.410654,37.76396547814362,-122.44767096730602
,23.0,dn11,pkg23,23,False,17.0,37.78929,-122.426797,37.75298725208678,-122.44259644050014
,25.0,dn14,pkg24,25,False,21.0,37.739611,-122.492203,37.70806093915598,-122.46279626641672
,25.0,dn13,pkg28,25,True,31.0,37.739611,-122.492203,37.70884419549356,-122.50275030319106
,27.0,dn1,pkg30,27,True,29.0,37.774524,-122.473656,37.73896181945099,-122.48033764266624
,32.0,dn5,pkg29,32,False,29.0,37.751751,-122.410654,37.710958926255124,-122.42748866221925
,32.0,dn2,pkg31,32.0,True,40.0,37.774524,-122.473656,37.77935419491804,-122.44939859277238
,34.0,dn12,pkg32,34.0,True,41.0,37.78929,-122.426797,37.78445887318384,-122.42157043659554
,36.0,dn6,pkg33,36.0,True,44.0,37.751751,-122.410654,37.739116834937384,-122.45359472105474
,37.0,dn3,pkg36,37.0,True,45.0,37.774524,-122.473656,37.760932688621395,-122.48108849458218
,39.0,dn7,pkg34,39,True,42.0,37.718779,-122.462401,37.73749055998823,-122.41565928127146
,39.0,dn8,pkg37,39,True,49.0,37.718779,-122.462401,37.73361474924121,-122.49778862017311
,40.0,dn15,pkg35,40,True,49.0,37.739611,-122.492203,37.78077593916289,-122.48809733281931
,42.0,dn1,pkg39,42.0,True,51.0,37.774524,-122.473656,37.764942501357616,-122.4508492963715
,43.0,dn4,pkg38,43,True,53.0,37.751751,-122.410654,37.71807375982291,-122.40137007957425
,49.0,dn11,pkg43,49.0,True,56.0,37.78929,-122.426797,37.790180469280756,-122.4049225637211
,51.0,dn10,pkg41,51,True,55.0,37.78929,-122.426797,37.75866321491173,-122.4189733400579
,51.0,dn6,pkg42,51.0,True,58.0,37.751751,-122.410654,37.731501741366465,-122.40966328210342
,52.0,dn5,pkg40,52,True,55.0,37.751751,-122.410654,37.7236393345836,-122.39636732010632
,54.0,dn12,pkg45,54,True,62.0,37.78929,-122.426797,37.78489408837597,-122.40011318838218
,55.0,dn1,pkg44,55.0,True,60.0,37.774524,-122.473656,37.75988840386782,-122.48952329256392
,57.0,dn2,pkg47,57.0,True,62.0,37.774524,-122.473656,37.79292762356434,-122.47955700882083
,60.0,dn11,pkg50,60,True,69.0,37.78929,-122.426797,37.78472639853278,-122.47655575106131
,61.0,dn3,pkg48,61.0,True,66.0,37.774524,-122.473656,37.78984498843868,-122.50202502407143
,61.0,dn8,pkg49,61.0,True,67.0,37.718779,-122.462401,37.71746308145175,-122.4605627980825
,62.0,dn7,pkg46,62,True,65.0,37.718779,-122.462401,37.740657789282764,-122.49760902802298
,67.0,dn13,pkg51,67,True,72.0,37.739611,-122.492203,37.77447801370383,-122.48745973649274
,68.0,dn8,pkg53,68.0,True,77.0,37.718779,-122.462401,37.71447492383454,-122.45815294812937
,70.0,dn5,pkg52,70.0,True,79.0,37.751751,-122.410654,37.78981848394841,-122.399832604569
,76.0,dn1,pkg55,76,True,83.0,37.774524,-122.473656,37.78608940282883,-122.4977930556233
,76.0,dn4,pkg56,76.0,True,81.0,37.751751,-122.410654,37.722222730417116,-122.42280001251163
,78.0,dn3,pkg54,78,False,76.0,37.774524,-122.473656,37.73942191189157,-122.50685498486386
,78.0,dn6,pkg57,78.0,True,83.0,37.751751,-122.410654,37.76208543318843,-122.42659254786821
,80.0,dn11,pkg59,80,True,89.0,37.78929,-122.426797,37.76796584194171,-122.4199071169172
,82.0,dn10,pkg58,82.0,True,92.0,37.78929,-122.426797,37.76461075545751,-122.41182869649695
,84.0,dn2,pkg60,84.0,True,90.0,37.774524,-122.473656,37.75569021698115,-122.48885875165386
,85.0,dn12,pkg61,85.0,True,90.0,37.78929,-122.426797,37.77959902936594,-122.4336537425879
,88.0,dn5,pkg62,88.0,True,93.0,37.751751,-122.410654,37.758289959690615,-122.45091305265241
,88.0,dn6,pkg63,88,True,98.0,37.751751,-122.410654,37.76160887357345,-122.43552283072285
,92.0,dn4,pkg64,92.0,True,100.0,37.751751,-122.410654,37.7141943391168,-122.40521648270906
,95.0,dn1,pkg65,95,True,98.0,37.774524,-122.473656,37.76635929210322,-122.4185459133358
,97.0,dn7,pkg67,97,True,107.0,37.718779,-122.462401,37.7136731911618,-122.44611796320733
,99.0,dn5,pkg66,99,True,102.0,37.751751,-122.410654,37.743351303230355,-122.39470369483618
,99.0,dn8,pkg68,99.0,True,107.0,37.718779,-122.462401,37.71828564905649,-122.46992807822745
,100.0,dn6,pkg69,100,True,110.0,37.751751,-122.410654,37.73381156562541,-122.42258663955056
,5.0,dn13,pkg17,5.0,True,11.0,37.739611,-122.492203,37.749772320745315,-122.4998632324076
,6.0,dn4,pkg5,6,True,11.0,37.751751,-122.410654,37.72814508886644,-122.4239208473865
,7.0,dn1,pkg22,7.0,True,17.0,37.774524,-122.473656,37.772260208811865,-122.49636011202746
,7.0,dn8,pkg7,7,True,12.0,37.718779,-122.462401,37.74133887403764,-122.45122525736596
,8.0,dn12,pkg20,8,True,13.0,37.78929,-122.426797,37.77931144196224,-122.4734894473341
,8.0,dn14,pkg13,8,True,11.0,37.739611,-122.492203,37.745260711763855,-122.46909471036452
,9.0,dn11,pkg6,9,True,16.0,37.78929,-122.426797,37.760535713384925,-122.43961312209231
,9.0,dn3,pkg10,9.0,True,18.0,37.774524,-122.473656,37.74753477923578,-122.49862827581454
,9.0,dn5,pkg4,9.0,True,14.0,37.751751,-122.410654,37.77552438837654,-122.39916834055836
,9.0,dn9,pkg14,9,True,12.0,37.718779,-122.462401,37.742122479689314,-122.45665766440993
,10.0,dn7,pkg2,10.0,True,16.0,37.718779,-122.462401,37.731471045964454,-122.45501425265074
,11.0,dn2,pkg12,11,True,16.0,37.774524,-122.473656,37.77522950527846,-122.50636616769133
,11.0,dn6,pkg21,11,True,15.0,37.751751,-122.410654,37.72851086508747,-122.40957900972572
,13.0,dn13,pkg23,13,True,22.0,37.739611,-122.492203,37.71845887851571,-122.50135428207841
,13.0,dn1,pkg19,13,True,13.0,37.774524,-122.473656,37.76880576029752,-122.47985169740039
,15.0,dn15,pkg1,15,False,10.0,37.739611,-122.492203,37.723519780668795,-122.44619145587443
,16.0,dn10,pkg9,16,False,12.0,37.78929,-122.426797,37.76656413094683,-122.46880745245825
,19.0,dn4,pkg30,19,True,22.0,37.751751,-122.410654,37.72391823614371,-122.40035613366875
,19.0,dn1,pkg25,19,True,23.0,37.774524,-122.473656,37.78453785019265,-122.4953127990246
,19.0,dn3,pkg26,19,True,23.0,37.774524,-122.473656,37.792525312760695,-122.47386319280469
,20.0,dn5,pkg27,20,True,27.0,37.751751,-122.410654,37.72098738147531,-122.4225917559372
,20.0,dn12,pkg15,20,False,19.0,37.78929,-122.426797,37.79442167462292,-122.43873717770862
,22.0,dn11,pkg29,22,True,25.0,37.78929,-122.426797,37.79298212869434,-122.43688737427551
,23.0,dn8,pkg32,23.0,True,30.0,37.718779,-122.462401,37.71879486031923,-122.47060980919146
,25.0,dn7,pkg31,25,True,27.0,37.718779,-122.462401,37.71179673236304,-122.41938918469334
,26.0,dn14,pkg28,26,False,23.0,37.739611,-122.492203,37.7800238310586,-122.47774049853354
,26.0,dn9,pkg33,26.0,True,33.0,37.718779,-122.462401,37.713255678010924,-122.42179989214
,32.0,dn6,pkg35,32,True,33.0,37.751751,-122.410654,37.719669337970835,-122.41131155023382
,33.0,dn13,pkg36,33.0,True,38.0,37.739611,-122.492203,37.71686594315275,-122.50443398142627
,34.0,dn2,pkg34,34,True,36.0,37.774524,-122.473656,37.73078868602699,-122.46164494651332
,37.0,dn1,pkg37,37,True,44.0,37.774524,-122.473656,37.7453115670726,-122.42986965688935
,38.0,dn8,pkg38,38,True,42.0,37.718779,-122.462401,37.7309518678854,-122.50091293772289
,38.0,dn9,pkg41,38.0,True,44.0,37.718779,-122.462401,37.725707726289706,-122.44827943700348
,39.0,dn5,pkg39,39.0,True,45.0,37.751751,-122.410654,37.73145739709402,-122.40523553594649
,39.0,dn10,pkg42,39,True,43.0,37.78929,-122.426797,37.78060839147309,-122.4119742320749
,41.0,dn4,pkg40,41,True,42.0,37.751751,-122.410654,37.784842547515325,-122.4145143279034
,44.0,dn3,pkg44,44.0,True,53.0,37.774524,-122.473656,37.75760763029335,-122.4940789553244
,46.0,dn6,pkg45,46.0,True,51.0,37.751751,-122.410654,37.74404203073455,-122.410973448859
,48.0,dn7,pkg43,48,False,46.0,37.718779,-122.462401,37.70876035593656,-122.40915408989525
,49.0,dn5,pkg47,49.0,True,59.0,37.751751,-122.410654,37.77018022083704,-122.39555411591147
,50.0,dn13,pkg46,50,True,55.0,37.739611,-122.492203,37.73305457673561,-122.436178765575
,51.0,dn14,pkg48,51,True,61.0,37.739611,-122.492203,37.7757724436403,-122.48636852151165
,53.0,dn2,pkg49,53.0,True,63.0,37.774524,-122.473656,37.787405622876776,-122.48005429638636
,58.0,dn10,pkg50,58.0,True,63.0,37.78929,-122.426797,37.795768198439156,-122.4406061321991
,62.0,dn14,pkg52,62.0,True,71.0,37.739611,-122.492203,37.7316805448623,-122.50724106313804
,63.0,dn4,pkg51,63,True,67.0,37.751751,-122.410654,37.71586101613963,-122.39495659188746
,67.0,dn10,pkg54,67,True,74.0,37.78929,-122.426797,37.76718570818342,-122.43220621513122
,70.0,dn11,pkg56,70,True,77.0,37.78929,-122.426797,37.788797796361024,-122.45504539896017
,71.0,dn5,pkg55,71.0,True,81.0,37.751751,-122.410654,37.796453550151334,-122.40748149399643
,76.0,dn9,pkg53,76,False,73.0,37.718779,-122.462401,37.735643126164575,-122.41286675493839
,78.0,dn7,pkg58,78.0,True,84.0,37.718779,-122.462401,37.716996714068245,-122.43737392154573
,79.0,dn1,pkg57,79,False,78.0,37.774524,-122.473656,37.79428467391864,-122.50425183513251
,86.0,dn2,pkg59,86,True,92.0,37.774524,-122.473656,37.76012910907347,-122.44375655546038
,87.0,dn6,pkg60,87.0,True,96.0,37.751751,-122.410654,37.76691337406103,-122.42085426609123
,90.0,dn4,pkg61,90.0,True,96.0,37.751751,-122.410654,37.75636524006805,-122.4105172803319
,91.0,dn7,pkg62,91,True,96.0,37.718779,-122.462401,37.73161416391332,-122.48679173107554
,95.0,dn3,pkg63,95,True,103.0,37.774524,-122.473656,37.76251049239272,-122.49608117748346
,97.0,dn8,pkg64,97,True,102.0,37.718779,-122.462401,37.73652373605562,-122.41328359944643
,99.0,dn5,pkg65,99,True,105.0,37.751751,-122.410654,37.77825934584856,-122.4103513540116
,99.0,dn10,pkg66,99.0,True,105.0,37.78929,-122.426797,37.78286953089977,-122.45636906398477
,6.0,dn15,pkg22,6,True,12.0,37.739611,-122.492203,37.72547882407598,-122.49741222486682
,6.0,dn13,pkg8,6.0,True,14.0,37.739611,-122.492203,37.72658811250546,-122.48270545003236
,6.0,dn9,pkg21,6,True,12.0,37.718779,-122.462401,37.718490814271156,-122.47338574651792
,8.0,dn2,pkg12,8.0,True,13.0,37.774524,-122.473656,37.771187737985784,-122.46332619498354
,8.0,dn5,pkg2,8,True,18.0,37.751751,-122.410654,37.73214874618395,-122.4049012943671
,9.0,dn1,pkg1,9,True,10.0,37.774524,-122.473656,37.769327567530645,-122.42900601524468
,9.0,dn3,pkg7,9.0,True,17.0,37.774524,-122.473656,37.77691616329034,-122.49432616789427
,10.0,dn7,pkg18,10,True,10.0,37.718779,-122.462401,37.71584634577339,-122.5069210228587
,10.0,dn11,pkg20,10,True,16.0,37.78929,-122.426797,37.76637753202661,-122.39831499421932
,10.0,dn10,pkg5,10.0,True,17.0,37.78929,-122.426797,37.77993926927877,-122.4636531734804
,11.0,dn14,pkg19,11,True,11.0,37.739611,-122.492203,37.73828021148457,-122.45731983903022
,14.0,dn8,pkg3,14,False,10.0,37.718779,-122.462401,37.76251901506649,-122.46470795415598
,14.0,dn4,pkg23,14,True,19.0,37.751751,-122.410654,37.72022266743033,-122.43413373295337
,14.0,dn9,pkg15,14,True,20.0,37.718779,-122.462401,37.70920336941011,-122.44996996750878
,15.0,dn13,pkg25,15,True,20.0,37.739611,-122.492203,37.72722613766312,-122.48483425215191
,17.0,dn2,pkg14,17,True,20.0,37.774524,-122.473656,37.75487936185694,-122.48685608878799
,17.0,dn15,pkg16,17,False,16.0,37.739611,-122.492203,37.72234336599814,-122.49046910440343
,19.0,dn12,pkg27,19.0,True,24.0,37.78929,-122.426797,37.77260667788564,-122.42948395816214
,19.0,dn3,pkg26,19.0,True,26.0,37.774524,-122.473656,37.76883184980934,-122.4286448096198
,21.0,dn6,pkg24,21,True,25.0,37.751751,-122.410654,37.710000187065816,-122.42432595442881
,25.0,dn5,pkg28,25.0,True,32.0,37.751751,-122.410654,37.787191358422874,-122.40601514347964
,26.0,dn9,pkg29,26.0,True,34.0,37.718779,-122.462401,37.71987098181576,-122.43790043760357
,27.0,dn10,pkg30,27,True,36.0,37.78929,-122.426797,37.795657011390404,-122.44833751454443
,27.0,dn7,pkg31,27.0,True,32.0,37.718779,-122.462401,37.718812813398245,-122.45277294652983
,28.0,dn1,pkg9,28,False,17.0,37.774524,-122.473656,37.73830508419276,-122.50062680755718
,37.0,dn8,pkg32,37,True,41.0,37.718779,-122.462401,37.716901775298375,-122.49782579233069
,39.0,dn7,pkg33,39.0,True,44.0,37.718779,-122.462401,37.73157027751817,-122.45156741860134
,42.0,dn9,pkg34,42.0,True,51.0,37.718779,-122.462401,37.73343182840409,-122.47774069170816
,44.0,dn6,pkg36,44,True,52.0,37.751751,-122.410654,37.78844752657671,-122.41580827216387
,45.0,dn2,pkg35,45.0,True,55.0,37.774524,-122.473656,37.773597311561744,-122.46958371100902
,45.0,dn4,pkg37,45.0,True,54.0,37.751751,-122.410654,37.78569269519775,-122.44265700521757
,50.0,dn13,pkg38,50.0,True,55.0,37.739611,-122.492203,37.75163255690915,-122.48164233706562
,52.0,dn7,pkg40,52.0,True,61.0,37.718779,-122.462401,37.726536016643124,-122.44343406188393
,54.0,dn3,pkg39,54,True,59.0,37.774524,-122.473656,37.747888188135036,-122.49329019050509
,57.0,dn8,pkg41,57,True,63.0,37.718779,-122.462401,37.72873162827118,-122.49784162821759
,58.0,dn9,pkg42,58,True,67.0,37.718779,-122.462401,37.7465643828035,-122.41820770027466
,60.0,dn5,pkg43,60.0,True,68.0,37.751751,-122.410654,37.75702223194575,-122.41665723234773
,62.0,dn4,pkg44,62,True,65.0,37.751751,-122.410654,37.72338067234415,-122.42103891254884
,64.0,dn11,pkg46,64.0,True,69.0,37.78929,-122.426797,37.76897005302158,-122.40605306625719
,65.0,dn1,pkg45,65,True,72.0,37.774524,-122.473656,37.792018429976096,-122.45599094058906
,67.0,dn2,pkg47,67.0,True,75.0,37.774524,-122.473656,37.77073303626549,-122.48329037300012
,69.0,dn7,pkg48,69.0,True,75.0,37.718779,-122.462401,37.73664285979371,-122.4607799222828
,74.0,dn3,pkg49,74.0,True,80.0,37.774524,-122.473656,37.795347558078525,-122.496313232086
,77.0,dn10,pkg50,77,True,86.0,37.78929,-122.426797,37.781334210173235,-122.45334156047211
,81.0,dn7,pkg51,81.0,True,86.0,37.718779,-122.462401,37.712500759832125,-122.48003736455213
,81.0,dn1,pkg52,81,True,88.0,37.774524,-122.473656,37.7955762719966,-122.47800864571202
,83.0,dn2,pkg53,83,True,88.0,37.774524,-122.473656,37.78797067955607,-122.49723630099045
,85.0,dn11,pkg54,85.0,True,92.0,37.78929,-122.426797,37.78130218135173,-122.45900143094357
,88.0,dn12,pkg55,88.0,True,96.0,37.78929,-122.426797,37.77229336279336,-122.44864409151863
,90.0,dn13,pkg58,90.0,True,96.0,37.739611,-122.492203,37.73330227857848,-122.49554837728893
,91.0,dn3,pkg56,91,True,92.0,37.774524,-122.473656,37.793852536260204,-122.44757320768508
,91.0,dn4,pkg57,91.0,True,100.0,37.751751,-122.410654,37.788577995315876,-122.42483333635263
,91.0,dn10,pkg59,91.0,True,98.0,37.78929,-122.426797,37.792539017290174,-122.44064957482297
,93.0,dn7,pkg60,93,True,101.0,37.718779,-122.462401,37.71601612946832,-122.41754113891787
,97.0,dn5,pkg61,97,True,101.0,37.751751,-122.410654,37.792143036244354,-122.40327909963804
,97.0,dn6,pkg62,97,True,104.0,37.751751,-122.410654,37.735510808450364,-122.43107951587498
,97.0,dn8,pkg63,97,True,104.0,37.718779,-122.462401,37.72189147357569,-122.44888449367207
,100.0,dn13,pkg64,100.0,True,107.0,37.739611,-122.492203,37.763997154724876,-122.50440598153716
,7.0,dn4,pkg22,7.0,True,17.0,37.751751,-122.410654,37.75562737739738,-122.42860517864703
,7.0,dn10,pkg3,7,True,17.0,37.78929,-122.426797,37.788822521246225,-122.40089522392671
,8.0,dn6,pkg13,8,True,18.0,37.751751,-122.410654,37.746614823073536,-122.43175222411875
,8.0,dn11,pkg21,8,True,13.0,37.78929,-122.426797,37.77538890575411,-122.41599972962729
,8.0,dn12,pkg10,8,True,16.0,37.78929,-122.426797,37.77226151921279,-122.42991473581428
,8.0,dn13,pkg18,8.0,True,15.0,37.739611,-122.492203,37.73148002102615,-122.4955678785878
,9.0,dn5,pkg24,9,True,16.0,37.751751,-122.410654,37.766869338143415,-122.39982141095388
,9.0,dn7,pkg16,9.0,True,16.0,37.718779,-122.462401,37.709913697981726,-122.47572645961361
,9.0,dn14,pkg1,9,True,18.0,37.739611,-122.492203,37.718265538482164,-122.49026278639765
,9.0,dn9,pkg14,9.0,True,18.0,37.718779,-122.462401,37.70712459196755,-122.43765223055158
,10.0,dn2,pkg6,10,True,14.0,37.774524,-122.473656,37.78860579377022,-122.45075507483436
,12.0,dn3,pkg20,12,True,19.0,37.774524,-122.473656,37.76291257753435,-122.44952276278755
,12.0,dn8,pkg12,12,True,17.0,37.718779,-122.462401,37.72339051918291,-122.4370514281977
,12.0,dn15,pkg25,12,True,18.0,37.739611,-122.492203,37.749058235281005,-122.45782389634961
,13.0,dn1,pkg7,13,True,18.0,37.774524,-122.473656,37.78584926447444,-122.44358639204636
,14.0,dn4,pkg17,14,True,18.0,37.751751,-122.410654,37.72535743999323,-122.4174650155968
,14.0,dn13,pkg11,14,False,11.0,37.739611,-122.492203,37.71130752596197,-122.4967307665768
,16.0,dn5,pkg4,16,True,16.0,37.751751,-122.410654,37.75863982289493,-122.41058816767546
,18.0,dn11,pkg23,18,True,18.0,37.78929,-122.426797,37.792330273429826,-122.45058094892399
,19.0,dn10,pkg28,19,True,26.0,37.78929,-122.426797,37.795729918901365,-122.3954456734344
,19.0,dn7,pkg27,19,True,22.0,37.718779,-122.462401,37.736488461178034,-122.47301547162934
,21.0,dn6,pkg30,21.0,True,31.0,37.751751,-122.410654,37.746198656935896,-122.438547943629
,21.0,dn4,pkg29,21,False,20.0,37.751751,-122.410654,37.754751256427134,-122.41587319139161
,22.0,dn14,pkg31,22,True,25.0,37.739611,-122.492203,37.760797717719974,-122.46079362343244
,23.0,dn9,pkg26,23,True,24.0,37.718779,-122.462401,37.7613970191255,-122.46703709012797
,23.0,dn2,pkg33,23,True,31.0,37.774524,-122.473656,37.736612377389825,-122.44514221748935
,23.0,dn13,pkg34,23.0,True,30.0,37.739611,-122.492203,37.72166967114758,-122.505526326476
,24.0,dn12,pkg2,24,False,15.0,37.78929,-122.426797,37.769676593802856,-122.45644948780512
,28.0,dn5,pkg32,28,True,29.0,37.751751,-122.410654,37.74389761674786,-122.46261278381868
,28.0,dn3,pkg35,28.0,True,37.0,37.774524,-122.473656,37.78437883158448,-122.4630470421418
,29.0,dn8,pkg36,29,True,39.0,37.718779,-122.462401,37.7384939368736,-122.49103569937058
,31.0,dn15,pkg37,31,True,34.0,37.739611,-122.492203,37.73678277963054,-122.45155720432481
,32.0,dn4,pkg38,32.0,True,40.0,37.751751,-122.410654,37.77688195239008,-122.40275756520721
,39.0,dn14,pkg39,39,True,42.0,37.739611,-122.492203,37.70844916418522,-122.50141004417873
,42.0,dn1,pkg41,42,True,51.0,37.774524,-122.473656,37.77579833446644,-122.50486353700867
,45.0,dn4,pkg40,45,True,51.0,37.751751,-122.410654,37.70984203576824,-122.40287369363861
,46.0,dn5,pkg42,46.0,True,52.0,37.751751,-122.410654,37.74695752815032,-122.43862420901182
,48.0,dn2,pkg44,48.0,True,56.0,37.774524,-122.473656,37.76893600757618,-122.47095750995476
,48.0,dn13,pkg45,48.0,True,53.0,37.739611,-122.492203,37.732318831445426,-122.46474087008247
,51.0,dn7,pkg43,51,True,53.0,37.718779,-122.462401,37.73150477794199,-122.42250626625972
,54.0,dn6,pkg47,54.0,True,64.0,37.751751,-122.410654,37.766299968745656,-122.41337530070531
,55.0,dn3,pkg46,55,True,63.0,37.774524,-122.473656,37.740673281579646,-122.45911005547448
,57.0,dn10,pkg48,57.0,True,65.0,37.78929,-122.426797,37.78055406846499,-122.4173005281759
,59.0,dn8,pkg49,59.0,True,67.0,37.718779,-122.462401,37.72090866035842,-122.43099485096953
,62.0,dn9,pkg50,62.0,True,70.0,37.718779,-122.462401,37.718871997843436,-122.48014412915042
,70.0,dn4,pkg51,70.0,True,78.0,37.751751,-122.410654,37.739628629375545,-122.45312899264466
,73.0,dn7,pkg53,73.0,True,80.0,37.718779,-122.462401,37.71471198313859,-122.49963110266273
,74.0,dn5,pkg52,74.0,True,84.0,37.751751,-122.410654,37.724930425060144,-122.40594699363363
,78.0,dn8,pkg54,78.0,True,87.0,37.718779,-122.462401,37.714014862157356,-122.46641416838176
,83.0,dn7,pkg55,83.0,True,93.0,37.718779,-122.462401,37.7382095234312,-122.4537893451572
,89.0,dn4,pkg57,89.0,True,99.0,37.751751,-122.410654,37.729723047918114,-122.41184078622956
,95.0,dn1,pkg56,95,True,99.0,37.774524,-122.473656,37.75940095965409,-122.42446641425751
,95.0,dn7,pkg59,95.0,True,102.0,37.718779,-122.462401,37.72103109625848,-122.49102420031511
,96.0,dn5,pkg58,96,True,101.0,37.751751,-122.410654,37.71617062333685,-122.42728212515406
,98.0,dn6,pkg60,98,True,104.0,37.751751,-122.410654,37.77542864415845,-122.39457371251488
,98.0,dn2,pkg61,98,True,105.0,37.774524,-122.473656,37.76317704418116,-122.49202150267685
,6.0,dn4,pkg2,6,True,12.0,37.751751,-122.410654,37.72545801416625,-122.3984548907891
,6.0,dn5,pkg15,6,True,16.0,37.751751,-122.410654,37.7404970318206,-122.39877235241039
,6.0,dn6,pkg5,6.0,True,15.0,37.751751,-122.410654,37.77615937149359,-122.39598138937198
,8.0,dn2,pkg21,8.0,True,16.0,37.774524,-122.473656,37.75867867014898,-122.49235287097007
,8.0,dn14,pkg12,8.0,True,17.0,37.739611,-122.492203,37.735627138175836,-122.50699134329051
,8.0,dn3,pkg17,8,True,14.0,37.774524,-122.473656,37.755459092003214,-122.43721202693185
,9.0,dn10,pkg13,9,True,12.0,37.78929,-122.426797,37.771246049788374,-122.3967405179445
,9.0,dn13,pkg3,9.0,True,17.0,37.739611,-122.492203,37.77355763685134,-122.47796557233599
,10.0,dn1,pkg19,10.0,True,16.0,37.774524,-122.473656,37.79460234834494,-122.48871893774802
,10.0,dn11,pkg8,10.0,True,20.0,37.78929,-122.426797,37.77507545770548,-122.4401611319393
,11.0,dn15,pkg6,11,True,15.0,37.739611,-122.492203,37.71020077743915,-122.49722156008494
,12.0,dn8,pkg24,12.0,True,17.0,37.718779,-122.462401,37.734032626621634,-122.47565194925969
,13.0,dn12,pkg16,13,False,12.0,37.78929,-122.426797,37.745451175322906,-122.43549218512646
,13.0,dn7,pkg22,13,True,13.0,37.718779,-122.462401,37.76141270429475,-122.4545186372502
,14.0,dn9,pkg27,14,True,20.0,37.718779,-122.462401,37.71829793933439,-122.50010864478054
,15.0,dn4,pkg10,15,False,14.0,37.751751,-122.410654,37.75762754007374,-122.42657836850361
,16.0,dn5,pkg18,16,False,15.0,37.751751,-122.410654,37.77349701563607,-122.42062618461412
,17.0,dn6,pkg7,17,False,12.0,37.751751,-122.410654,37.791033543777324,-122.3944301083785
,17.0,dn2,pkg4,17,False,16.0,37.774524,-122.473656,37.78730802946948,-122.49122476427881
,19.0,dn14,pkg29,19.0,True,25.0,37.739611,-122.492203,37.76079402794114,-122.5035928636681
,21.0,dn3,pkg31,21.0,True,29.0,37.774524,-122.473656,37.779700629923596,-122.4500490112561
,22.0,dn11,pkg26,22,True,22.0,37.78929,-122.426797,37.7831406712358,-122.40764866651077
,23.0,dn8,pkg32,23,True,31.0,37.718779,-122.462401,37.75125595086938,-122.43048370284153
,26.0,dn2,pkg30,26,True,29.0,37.774524,-122.473656,37.789839171605564,-122.50129689956894
,27.0,dn9,pkg28,27,True,27.0,37.718779,-122.462401,37.724704034762134,-122.41395887601458
,28.0,dn1,pkg11,28,False,16.0,37.774524,-122.473656,37.7941733537838,-122.42399407849156
,29.0,dn4,pkg34,29,True,34.0,37.751751,-122.410654,37.77420958429798,-122.44858343170598
,29.0,dn6,pkg35,29,True,34.0,37.751751,-122.410654,37.76118806626202,-122.41242211156782
,30.0,dn5,pkg36,30,True,35.0,37.751751,-122.410654,37.78922024652785,-122.3987074332873
,32.0,dn15,pkg37,32.0,True,38.0,37.739611,-122.492203,37.733066183948296,-122.48049894845433
,34.0,dn10,pkg33,34,True,35.0,37.78929,-122.426797,37.76813357494597,-122.4732908901407
,35.0,dn11,pkg39,35.0,True,42.0,37.78929,-122.426797,37.7509700047394,-122.40334388531036
,38.0,dn3,pkg38,38,False,34.0,37.774524,-122.473656,37.76686027358682,-122.42719877767462
,38.0,dn2,pkg40,38.0,True,46.0,37.774524,-122.473656,37.77771917290313,-122.50386158118116
,43.0,dn7,pkg41,43,True,52.0,37.718779,-122.462401,37.74001581089673,-122.49725491489255
,49.0,dn1,pkg43,49.0,True,54.0,37.774524,-122.473656,37.78906961378042,-122.47670676349622
,53.0,dn4,pkg42,53,True,53.0,37.751751,-122.410654,37.766768674076964,-122.46335956196626
,57.0,dn8,pkg45,57,True,65.0,37.718779,-122.462401,37.717588158086194,-122.5026934971286
,57.0,dn9,pkg46,57.0,True,66.0,37.718779,-122.462401,37.71733914303313,-122.41750792879807
,59.0,dn3,pkg47,59,True,68.0,37.774524,-122.473656,37.75917273567677,-122.50269473635097
,60.0,dn5,pkg44,60,True,60.0,37.751751,-122.410654,37.716753258990856,-122.3973270270615
,61.0,dn13,pkg50,61.0,True,71.0,37.739611,-122.492203,37.734607905046104,-122.48713089598756
,62.0,dn2,pkg48,62.0,True,68.0,37.774524,-122.473656,37.754247332859414,-122.48240348137435
,62.0,dn7,pkg49,62.0,True,68.0,37.718779,-122.462401,37.71163840431552,-122.46815769192011
,63.0,dn1,pkg51,63.0,True,71.0,37.774524,-122.473656,37.77716877539591,-122.50517036614228
,66.0,dn6,pkg53,66.0,True,76.0,37.751751,-122.410654,37.76177514514713,-122.41942518052821
,67.0,dn10,pkg52,67,True,75.0,37.78929,-122.426797,37.796056250123144,-122.39930120705348
,68.0,dn14,pkg55,68,True,76.0,37.739611,-122.492203,37.761624248230326,-122.5013936360435
,70.0,dn9,pkg54,70,True,73.0,37.718779,-122.462401,37.73392094150659,-122.43227584457973
,72.0,dn11,pkg56,72,True,74.0,37.78929,-122.426797,37.76005119471348,-122.40820550848942
,72.0,dn4,pkg58,72.0,True,82.0,37.751751,-122.410654,37.76073061626552,-122.40282073057686
,76.0,dn12,pkg57,76,True,81.0,37.78929,-122.426797,37.76062060972575,-122.41333492519811
,78.0,dn6,pkg61,78.0,True,84.0,37.751751,-122.410654,37.75230876528168,-122.39710141353191
,79.0,dn7,pkg60,79,True,79.0,37.718779,-122.462401,37.71063980796726,-122.41728082883022
,79.0,dn1,pkg62,79.0,True,84.0,37.774524,-122.473656,37.784856821963984,-122.49751949261402
,79.0,dn4,pkg63,79,True,87.0,37.751751,-122.410654,37.77716573249961,-122.40140385957713
,80.0,dn3,pkg59,80,True,80.0,37.774524,-122.473656,37.75806280673901,-122.43463585305302
,80.0,dn8,pkg64,80,True,90.0,37.718779,-122.462401,37.72633901955307,-122.50268579615154
,83.0,dn15,pkg65,83,True,90.0,37.739611,-122.492203,37.765321764618214,-122.46925039293222
,84.0,dn9,pkg68,84,True,90.0,37.718779,-122.462401,37.71343404677192,-122.50746886044767
,85.0,dn14,pkg66,85.0,True,93.0,37.739611,-122.492203,37.71432339575327,-122.4971002989983
,85.0,dn13,pkg69,85.0,True,92.0,37.739611,-122.492203,37.74139300533881,-122.48768547346486
,87.0,dn10,pkg67,87,True,90.0,37.78929,-122.426797,37.75712411788522,-122.41614842521601
,90.0,dn8,pkg72,90.0,True,99.0,37.718779,-122.462401,37.71942699102352,-122.45723188716978
,92.0,dn11,pkg70,92.0,True,97.0,37.78929,-122.426797,37.79297064199547,-122.46998173536635
,92.0,dn4,pkg71,92,True,99.0,37.751751,-122.410654,37.73481918242294,-122.41240043195019
,96.0,dn5,pkg74,96.0,True,102.0,37.751751,-122.410654,37.76880265780931,-122.41603856614506
,97.0,dn13,pkg73,97,True,102.0,37.739611,-122.492203,37.70943130790381,-122.46419862459284
,100.0,dn1,pkg76,100,True,104.0,37.774524,-122.473656,37.76988757373575,-122.50467247056761
,6.0,dn10,pkg1,6.0,True,13.0,37.78929,-122.426797,37.789117801455475,-122.40658151359908
,6.0,dn11,pkg4,6,True,16.0,37.78929,-122.426797,37.77921565808008,-122.4458222672931
,6.0,dn14,pkg3,6,True,12.0,37.739611,-122.492203,37.773864153947585,-122.4978456824546
,6.0,dn15,pkg17,6.0,True,11.0,37.739611,-122.492203,37.74250074798491,-122.4801942092199
,7.0,dn5,pkg22,7,True,15.0,37.751751,-122.410654,37.738188377501515,-122.40460938180352
,7.0,dn7,pkg6,7.0,True,14.0,37.718779,-122.462401,37.727768791484785,-122.48570746303196
,7.0,dn12,pkg15,7.0,True,12.0,37.78929,-122.426797,37.784628514991624,-122.410803384041
,8.0,dn1,pkg9,8.0,True,15.0,37.774524,-122.473656,37.78059666206961,-122.45244419683851
,8.0,dn4,pkg20,8,True,15.0,37.751751,-122.410654,37.73927916159782,-122.42123875048237
,8.0,dn8,pkg16,8,True,11.0,37.718779,-122.462401,37.724332867246176,-122.42652323185642
,9.0,dn2,pkg7,9.0,True,16.0,37.774524,-122.473656,37.78004535707091,-122.49617499622295
,9.0,dn6,pkg11,9,True,19.0,37.751751,-122.410654,37.72184652408543,-122.42423890528092
,10.0,dn13,pkg19,10.0,True,18.0,37.739611,-122.492203,37.71783611312368,-122.48858260943882
,10.0,dn3,pkg2,10.0,True,18.0,37.774524,-122.473656,37.7955406668383,-122.47560252177276
,11.0,dn15,pkg5,11,True,13.0,37.739611,-122.492203,37.766818833206855,-122.49482289718473
,13.0,dn9,pkg8,13,True,15.0,37.718779,-122.462401,37.72658256891778,-122.50548775776261
,17.0,dn15,pkg12,17,True,18.0,37.739611,-122.492203,37.73771468607021,-122.49716780825584
,18.0,dn12,pkg14,18,True,18.0,37.78929,-122.426797,37.76432607021953,-122.44240224088482
,18.0,dn7,pkg21,18,False,15.0,37.718779,-122.462401,37.71596926814898,-122.43111675847783
,18.0,dn5,pkg27,18,True,27.0,37.751751,-122.410654,37.73677989982708,-122.4549922641746
,18.0,dn2,pkg18,18,False,15.0,37.774524,-122.473656,37.77224558115008,-122.44331603395464
,19.0,dn14,pkg10,19,False,14.0,37.739611,-122.492203,37.77594681105242,-122.46147272304083
,20.0,dn1,pkg13,20,False,16.0,37.774524,-122.473656,37.78859090381627,-122.49403668384798
,20.0,dn8,pkg28,20,True,27.0,37.718779,-122.462401,37.75269560112632,-122.49923685770963
,20.0,dn3,pkg29,20,True,24.0,37.774524,-122.473656,37.78892908553415,-122.48447357577548
,23.0,dn10,pkg26,23,True,24.0,37.78929,-122.426797,37.76049488525986,-122.42615700959476
,23.0,dn11,pkg25,23,False,19.0,37.78929,-122.426797,37.75832204165463,-122.45632186758625
,23.0,dn6,pkg30,23.0,True,32.0,37.751751,-122.410654,37.75466203431341,-122.41397677881756
,28.0,dn4,pkg24,28,False,19.0,37.751751,-122.410654,37.71235037740852,-122.40418966451294
,29.0,dn5,pkg32,29.0,True,35.0,37.751751,-122.410654,37.75812627160683,-122.43803981414247
,30.0,dn2,pkg31,30,True,35.0,37.774524,-122.473656,37.766634200584804,-122.43058642045018
,35.0,dn8,pkg33,35,True,39.0,37.718779,-122.462401,37.747376065603675,-122.47315250876927
,38.0,dn6,pkg35,38,True,41.0,37.751751,-122.410654,37.71625895436171,-122.39633458420451
,40.0,dn1,pkg36,40.0,True,49.0,37.774524,-122.473656,37.79486432167971,-122.50170527093785
,44.0,dn7,pkg34,44,False,42.0,37.718779,-122.462401,37.733773837899385,-122.40962957368994
,46.0,dn13,pkg37,46.0,True,52.0,37.739611,-122.492203,37.748270862600684,-122.48444616274817
,47.0,dn2,pkg39,47.0,True,55.0,37.774524,-122.473656,37.75480591455793,-122.47832190915112
,48.0,dn3,pkg38,48.0,True,54.0,37.774524,-122.473656,37.787462942451356,-122.49049928814827
,49.0,dn4,pkg40,49.0,True,55.0,37.751751,-122.410654,37.795106664114584,-122.40996083901527
,52.0,dn9,pkg41,52.0,True,59.0,37.718779,-122.462401,37.73702498760228,-122.4699378822006
,53.0,dn14,pkg42,53,True,57.0,37.739611,-122.492203,37.76115283890565,-122.47587881638096
,55.0,dn5,pkg43,55.0,True,62.0,37.751751,-122.410654,37.723783290121084,-122.40320244544411
,62.0,dn6,pkg45,62,True,65.0,37.751751,-122.410654,37.72738453181009,-122.41260599307637
,62.0,dn4,pkg46,62,True,69.0,37.751751,-122.410654,37.77451924373026,-122.3986134574193
,62.0,dn11,pkg47,62.0,True,69.0,37.78929,-122.426797,37.7766566022313,-122.43840561483054
,65.0,dn13,pkg44,65,True,70.0,37.739611,-122.492203,37.738920666914346,-122.44105977424601
,65.0,dn5,pkg48,65,True,68.0,37.751751,-122.410654,37.736230312533486,-122.42221781878557
,66.0,dn10,pkg50,66,True,72.0,37.78929,-122.426797,37.75051375618134,-122.40989791532455
,68.0,dn7,pkg49,68.0,True,75.0,37.718779,-122.462401,37.7138593046999,-122.47297714976233
,70.0,dn1,pkg53,70.0,True,77.0,37.774524,-122.473656,37.77227834631352,-122.48858142592576
,70.0,dn4,pkg51,70,True,75.0,37.751751,-122.410654,37.73542156024379,-122.40802274059159
,73.0,dn2,pkg52,73.0,True,80.0,37.774524,-122.473656,37.77720282122345,-122.43657882415377
,78.0,dn10,pkg54,78.0,True,83.0,37.78929,-122.426797,37.79686658858396,-122.44949887873139
,81.0,dn14,pkg55,81.0,True,90.0,37.739611,-122.492203,37.7448084548121,-122.50471262162922
,87.0,dn8,pkg56,87,True,89.0,37.718779,-122.462401,37.734792545663595,-122.42812856382544
,87.0,dn4,pkg59,87,True,93.0,37.751751,-122.410654,37.73790929576293,-122.39818953684869
,88.0,dn1,pkg57,88.0,True,93.0,37.774524,-122.473656,37.778698759242204,-122.45286056544472
,88.0,dn10,pkg58,88.0,True,98.0,37.78929,-122.426797,37.77202121452909,-122.4606365294357
,90.0,dn7,pkg60,90.0,True,96.0,37.718779,-122.462401,37.73499651234888,-122.45917535249787
,99.0,dn6,pkg62,99.0,True,106.0,37.751751,-122.410654,37.73100376578326,-122.4166526040241
,100.0,dn5,pkg61,100,False,99.0,37.751751,-122.410654,37.70803779038857,-122.40245504031425
,5.0,dn1,pkg21,5.0,True,14.0,37.774524,-122.473656,37.774436638335374,-122.49374813410941
,5.0,dn2,pkg5,5,True,11.0,37.774524,-122.473656,37.73831035407037,-122.48456139008907
,6.0,dn3,pkg20,6,True,15.0,37.774524,-122.473656,37.767887685374056,-122.50221526245221
,6.0,dn10,pkg22,6,True,14.0,37.78929,-122.426797,37.775506797727985,-122.43768113206737
,6.0,dn5,pkg13,6,True,16.0,37.751751,-122.410654,37.73801706371281,-122.44060973135014
,7.0,dn6,pkg14,7.0,True,17.0,37.751751,-122.410654,37.74005354512641,-122.41018322158597
,8.0,dn8,pkg10,8.0,True,16.0,37.718779,-122.462401,37.744332922337634,-122.44536551702825
,8.0,dn9,pkg18,8.0,True,17.0,37.718779,-122.462401,37.729708512840766,-122.42630123445872
,8.0,dn15,pkg4,8,True,11.0,37.739611,-122.492203,37.76857783613258,-122.48271377682418
,9.0,dn4,pkg17,9,True,10.0,37.751751,-122.410654,37.71623686792825,-122.40639285701681
,9.0,dn13,pkg16,9.0,True,16.0,37.739611,-122.492203,37.74556200910078,-122.4642674966472
,10.0,dn11,pkg8,10.0,True,18.0,37.78929,-122.426797,37.76993767978622,-122.40334307659883
,11.0,dn14,pkg12,11,True,16.0,37.739611,-122.492203,37.7654616224912,-122.50353034628618
,11.0,dn7,pkg15,11,True,15.0,37.718779,-122.462401,37.73679071399194,-122.43652383761413
,12.0,dn1,pkg11,12,True,19.0,37.774524,-122.473656,37.776923132129134,-122.49363809073769
,13.0,dn12,pkg6,13,False,12.0,37.78929,-122.426797,37.75423884341481,-122.40698471589666
,14.0,dn2,pkg25,14,True,22.0,37.774524,-122.473656,37.78794409677447,-122.45232243642042
,14.0,dn10,pkg3,14,True,18.0,37.78929,-122.426797,37.789744775304264,-122.43873047644082
,15.0,dn5,pkg2,15,False,12.0,37.751751,-122.410654,37.78592041371616,-122.41552600764507
,15.0,dn6,pkg28,15.0,True,20.0,37.751751,-122.410654,37.74906638232263,-122.3961439147153
,17.0,dn10,pkg7,17,True,18.0,37.78929,-122.426797,37.7903998716434,-122.42758653848965
,18.0,dn3,pkg26,18,True,19.0,37.774524,-122.473656,37.79606038498891,-122.49566803759495
,20.0,dn8,pkg30,20.0,True,28.0,37.718779,-122.462401,37.75810179956533,-122.46995903995979
,20.0,dn13,pkg31,20.0,True,27.0,37.739611,-122.492203,37.762121530410205,-122.49406503333664
,22.0,dn1,pkg33,22,True,32.0,37.774524,-122.473656,37.75722051041924,-122.46586797245459
,23.0,dn9,pkg27,23,True,26.0,37.718779,-122.462401,37.738529796558424,-122.49230913508103
,25.0,dn15,pkg32,25.0,True,35.0,37.739611,-122.492203,37.72202671382943,-122.4942695431408
,25.0,dn4,pkg29,25,True,25.0,37.751751,-122.410654,37.70824931175311,-122.40961017222249
,27.0,dn2,pkg34,27,True,30.0,37.774524,-122.473656,37.76540173887149,-122.50343735674099
,27.0,dn5,pkg35,27.0,True,32.0,37.751751,-122.410654,37.75801311558788,-122.43511686892931
,32.0,dn8,pkg36,32.0,True,40.0,37.718779,-122.462401,37.71382829092449,-122.44303570990907
,37.0,dn1,pkg37,37.0,True,47.0,37.774524,-122.473656,37.772271661853026,-122.47037571747329
,37.0,dn13,pkg38,37.0,True,47.0,37.739611,-122.492203,37.73375677658876,-122.50546181169561
,37.0,dn7,pkg39,37.0,True,47.0,37.718779,-122.462401,37.741400410732574,-122.4776583423947
,40.0,dn10,pkg40,40.0,True,48.0,37.78929,-122.426797,37.785075728779034,-122.4190663659527
,44.0,dn1,pkg44,44.0,True,49.0,37.774524,-122.473656,37.76099624047849,-122.47399206525559
,45.0,dn3,pkg41,45.0,True,55.0,37.774524,-122.473656,37.786750752992326,-122.44135343259117
,46.0,dn2,pkg43,46.0,True,52.0,37.774524,-122.473656,37.780317957543296,-122.44719833763797
,46.0,dn4,pkg42,46.0,True,54.0,37.751751,-122.410654,37.776954051036206,-122.42226099338416
,49.0,dn5,pkg45,49,True,58.0,37.751751,-122.410654,37.725790473168566,-122.4142090350926
,51.0,dn7,pkg46,51.0,True,57.0,37.718779,-122.462401,37.718381391661886,-122.4492905062659
,55.0,dn6,pkg47,55,True,65.0,37.751751,-122.410654,37.763914581876854,-122.39766971616531
,58.0,dn11,pkg48,58.0,True,66.0,37.78929,-122.426797,37.76900400634311,-122.47691557421064
,58.0,dn13,pkg49,58,True,63.0,37.739611,-122.492203,37.71909728466194,-122.4623378684147
,60.0,dn1,pkg50,60.0,True,68.0,37.774524,-122.473656,37.76796724267263,-122.45154471903028
,61.0,dn12,pkg51,61.0,True,66.0,37.78929,-122.426797,37.78262030631595,-122.40087333316856
,62.0,dn14,pkg52,62,True,72.0,37.739611,-122.492203,37.74801991712116,-122.50182925471616
,70.0,dn11,pkg53,70.0,True,75.0,37.78929,-122.426797,37.77069157121173,-122.4093378438249
,73.0,dn13,pkg54,73,True,78.0,37.739611,-122.492203,37.722268465732014,-122.49008425280547
,75.0,dn1,pkg57,75.0,True,84.0,37.774524,-122.473656,37.78787974354837,-122.47626564917732
,77.0,dn4,pkg55,77,True,82.0,37.751751,-122.410654,37.71482512062471,-122.40083812679457
,77.0,dn7,pkg56,77.0,True,86.0,37.718779,-122.462401,37.711237915427546,-122.45990254011278
,78.0,dn5,pkg58,78,True,87.0,37.751751,-122.410654,37.717788366084605,-122.41897842814554
,81.0,dn3,pkg61,81,True,86.0,37.774524,-122.473656,37.77294233901858,-122.4509192062877
,82.0,dn6,pkg60,82.0,True,92.0,37.751751,-122.410654,37.7497243323105,-122.3973840923231
,83.0,dn2,pkg59,83,True,92.0,37.774524,-122.473656,37.79609040384972,-122.46679976803739
,85.0,dn10,pkg62,85.0,True,92.0,37.78929,-122.426797,37.763086006476335,-122.4146929864899
,86.0,dn8,pkg63,86,True,94.0,37.718779,-122.462401,37.73083115562232,-122.47824290017621
,87.0,dn11,pkg64,87.0,True,94.0,37.78929,-122.426797,37.78104796827344,-122.41164430939392
,91.0,dn1,pkg65,91,True,100.0,37.774524,-122.473656,37.74995677363204,-122.48222256391965
,92.0,dn5,pkg67,92.0,True,100.0,37.751751,-122.410654,37.76217853579757,-122.41696059373058
,94.0,dn12,pkg66,94,True,98.0,37.78929,-122.426797,37.79065558312496,-122.47488400113447
,95.0,dn7,pkg68,95.0,True,100.0,37.718779,-122.462401,37.72748400348531,-122.44089708015535
,95.0,dn13,pkg69,95.0,True,101.0,37.739611,-122.492203,37.745243473176416,-122.50318087896797
,99.0,dn3,pkg70,99,True,105.0,37.774524,-122.473656,37.742178906072944,-122.47164064636615
,6.0,dn13,pkg18,6,True,13.0,37.739611,-122.492203,37.71257095791637,-122.4734036422327
,7.0,dn3,pkg22,7.0,True,17.0,37.774524,-122.473656,37.77356662271608,-122.47525291533039
,7.0,dn5,pkg17,7.0,True,14.0,37.751751,-122.410654,37.73751070754868,-122.41040341162343
,7.0,dn9,pkg9,7.0,True,16.0,37.718779,-122.462401,37.73478430695168,-122.4480209525275
,8.0,dn6,pkg20,8.0,True,17.0,37.751751,-122.410654,37.75831938731173,-122.42082181315233
,8.0,dn11,pkg13,8,True,12.0,37.78929,-122.426797,37.769038234154564,-122.44404686866626
,8.0,dn7,pkg21,8.0,True,13.0,37.718779,-122.462401,37.72459126838394,-122.47090217045182
,9.0,dn8,pkg7,9,True,15.0,37.718779,-122.462401,37.73237872384544,-122.44162713138415
,9.0,dn12,pkg4,9.0,True,17.0,37.78929,-122.426797,37.780158284042805,-122.44084188874086
,10.0,dn14,pkg19,10.0,True,20.0,37.739611,-122.492203,37.75228697977927,-122.4683437801598
,10.0,dn2,pkg5,10.0,True,15.0,37.774524,-122.473656,37.77105660798172,-122.50525745426211
,11.0,dn3,pkg23,11,True,16.0,37.774524,-122.473656,37.78050647706316,-122.46875525502323
,12.0,dn1,pkg11,12,True,14.0,37.774524,-122.473656,37.79389414813546,-122.50748756448166
,12.0,dn7,pkg12,12,True,18.0,37.718779,-122.462401,37.72307268780527,-122.46485363644064
,13.0,dn4,pkg3,13,False,11.0,37.751751,-122.410654,37.723253938879836,-122.43542647566255
,13.0,dn9,pkg10,13,True,17.0,37.718779,-122.462401,37.71058129668192,-122.45044359379126
,14.0,dn15,pkg8,14,False,12.0,37.739611,-122.492203,37.715982935687116,-122.45270993186504
,15.0,dn10,pkg15,15,True,15.0,37.78929,-122.426797,37.74990388457518,-122.40046757360679
,15.0,dn6,pkg16,15,True,20.0,37.751751,-122.410654,37.7201584885644,-122.42099972255006
,17.0,dn5,pkg26,17,True,25.0,37.751751,-122.410654,37.73861039216044,-122.45900549979285
,20.0,dn3,pkg25,20,False,18.0,37.774524,-122.473656,37.76337709436417,-122.5043099032812
,21.0,dn13,pkg27,21.0,True,27.0,37.739611,-122.492203,37.71422466371081,-122.50219136987495
,21.0,dn7,pkg14,21,False,17.0,37.718779,-122.462401,37.746837578398626,-122.42692616646275
,21.0,dn12,pkg24,21,False,20.0,37.78929,-122.426797,37.78786291966683,-122.47174312926057
,23.0,dn14,pkg2,23,False,19.0,37.739611,-122.492203,37.70705342729169,-122.47641023880225
,23.0,dn11,pkg28,23.0,True,30.0,37.78929,-122.426797,37.79639583160282,-122.42152109760268
,23.0,dn2,pkg29,23,True,30.0,37.774524,-122.473656,37.77918920086241,-122.50516250431554
,24.0,dn8,pkg30,24.0,True,31.0,37.718779,-122.462401,37.723981170891726,-122.45147796809454
,28.0,dn9,pkg34,28.0,True,38.0,37.718779,-122.462401,37.72365514550599,-122.43894833431811
,29.0,dn6,pkg31,29,True,29.0,37.751751,-122.410654,37.78521576585624,-122.44010328605583
,30.0,dn1,pkg32,30,True,32.0,37.774524,-122.473656,37.78808505627066,-122.45092617320687
,34.0,dn8,pkg33,34,True,34.0,37.718779,-122.462401,37.71204929008705,-122.49553415830408
,37.0,dn3,pkg35,37,True,39.0,37.774524,-122.473656,37.775723204789756,-122.4252306520438
,38.0,dn7,pkg36,38,True,43.0,37.718779,-122.462401,37.71503057954562,-122.43303597290895
,39.0,dn4,pkg39,39.0,True,49.0,37.751751,-122.410654,37.751130826860674,-122.40598419520533
,40.0,dn2,pkg38,40,True,46.0,37.774524,-122.473656,37.77364808658859,-122.4431585263473
,42.0,dn13,pkg37,42,True,44.0,37.739611,-122.492203,37.773891563079516,-122.50416603286058
,45.0,dn5,pkg40,45.0,True,52.0,37.751751,-122.410654,37.754113731539526,-122.41019752288447
,45.0,dn14,pkg42,45.0,True,51.0,37.739611,-122.492203,37.74452001926639,-122.50332758207307
,50.0,dn1,pkg41,50,True,50.0,37.774524,-122.473656,37.75194092275821,-122.50569149207315
,51.0,dn10,pkg44,51,True,60.0,37.78929,-122.426797,37.77873070322028,-122.45916088327867
,55.0,dn15,pkg43,55.0,True,62.0,37.739611,-122.492203,37.74687115553109,-122.49684013071906
,56.0,dn2,pkg45,56.0,True,64.0,37.774524,-122.473656,37.75067356208692,-122.48335272719463
,60.0,dn3,pkg47,60,True,68.0,37.774524,-122.473656,37.76126380349082,-122.43282474839725
,61.0,dn7,pkg46,61,True,64.0,37.718779,-122.462401,37.71777160266725,-122.42489264482144
,62.0,dn13,pkg48,62.0,True,70.0,37.739611,-122.492203,37.77172860184837,-122.47040765747454
,64.0,dn14,pkg49,64.0,True,73.0,37.739611,-122.492203,37.73919694686152,-122.4676131163754
,66.0,dn8,pkg50,66,True,72.0,37.718779,-122.462401,37.74366876784167,-122.43968623689697
,68.0,dn2,pkg51,68.0,True,73.0,37.774524,-122.473656,37.76948785105604,-122.47000271475721
,74.0,dn4,pkg52,74.0,True,81.0,37.751751,-122.410654,37.720997025955306,-122.41587788469499
,77.0,dn9,pkg53,77,True,83.0,37.718779,-122.462401,37.74824801850283,-122.47612093081479
,77.0,dn5,pkg54,77.0,True,84.0,37.751751,-122.410654,37.72388187854539,-122.42673649619479
,79.0,dn1,pkg56,79,True,88.0,37.774524,-122.473656,37.773038380538246,-122.44345719614317
,80.0,dn6,pkg55,80.0,True,87.0,37.751751,-122.410654,37.736996065221255,-122.412183022115
,82.0,dn11,pkg57,82.0,True,91.0,37.78929,-122.426797,37.75679740381691,-122.42157000216126
,82.0,dn2,pkg58,82,True,88.0,37.774524,-122.473656,37.752659212864465,-122.48151949688307
,82.0,dn8,pkg59,82.0,True,90.0,37.718779,-122.462401,37.73987620436846,-122.46197440462197
,86.0,dn5,pkg62,86.0,True,91.0,37.751751,-122.410654,37.733320075137094,-122.43562316167204
,87.0,dn7,pkg60,87.0,True,97.0,37.718779,-122.462401,37.73054921094327,-122.44682696089758
,91.0,dn4,pkg61,91,True,96.0,37.751751,-122.410654,37.77953075408275,-122.42350970894087
,97.0,dn1,pkg65,97.0,True,105.0,37.774524,-122.473656,37.77627549141639,-122.454432914038
,98.0,dn6,pkg63,98,True,101.0,37.751751,-122.410654,37.72651614478829,-122.43372378864424
,98.0,dn8,pkg64,98,True,103.0,37.718779,-122.462401,37.717835215163674,-122.4961259720255
,100.0,dn5,pkg66,100,True,108.0,37.751751,-122.410654,37.78017504771886,-122.39422738904645
,5.0,dn4,pkg14,5.0,True,12.0,37.751751,-122.410654,37.741932449438664,-122.40520384717242
,5.0,dn13,pkg16,5.0,True,14.0,37.739611,-122.492203,37.740595622932226,-122.47617168783442
,6.0,dn6,pkg22,6.0,True,12.0,37.751751,-122.410654,37.746613548943884,-122.40808165911307
,8.0,dn14,pkg10,8,True,10.0,37.739611,-122.492203,37.726771508842035,-122.44713604404512
,8.0,dn1,pkg7,8.0,True,14.0,37.774524,-122.473656,37.780047804123896,-122.4744788034124
,8.0,dn3,pkg11,8.0,True,15.0,37.774524,-122.473656,37.74348145055878,-122.46352794965851
,8.0,dn9,pkg20,8,True,18.0,37.718779,-122.462401,37.72454165133685,-122.50120366358709
,9.0,dn12,pkg3,9.0,True,19.0,37.78929,-122.426797,37.794320340999505,-122.42990853175024
,9.0,dn11,pkg2,9.0,True,18.0,37.78929,-122.426797,37.774275217386915,-122.41366745928934
,9.0,dn2,pkg6,9,True,15.0,37.774524,-122.473656,37.748521186877106,-122.50409502165866
,10.0,dn8,pkg9,10,True,13.0,37.718779,-122.462401,37.74886397098841,-122.44936468694
,11.0,dn7,pkg19,11,True,13.0,37.718779,-122.462401,37.732323670361396,-122.50471479725078
,12.0,dn15,pkg12,12,False,11.0,37.739611,-122.492203,37.77230842397787,-122.45654168509641
,12.0,dn10,pkg15,12,True,14.0,37.78929,-122.426797,37.75505134099709,-122.41461655911372
,12.0,dn4,pkg8,12,True,14.0,37.751751,-122.410654,37.732168298542774,-122.39452032188653
,13.0,dn5,pkg21,13,True,16.0,37.751751,-122.410654,37.71118057815856,-122.41532186583947
,13.0,dn1,pkg24,13,True,16.0,37.774524,-122.473656,37.78395523555899,-122.46937956777178
,13.0,dn12,pkg26,13.0,True,21.0,37.78929,-122.426797,37.79446083976692,-122.43704624472944
,17.0,dn6,pkg27,17,True,26.0,37.751751,-122.410654,37.775474334788456,-122.45750827322577
,18.0,dn13,pkg28,18.0,True,27.0,37.739611,-122.492203,37.73608427720878,-122.45259482018156
,18.0,dn9,pkg17,18,False,16.0,37.718779,-122.462401,37.715571098793625,-122.45652522389315
,20.0,dn14,pkg29,20,True,24.0,37.739611,-122.492203,37.72586880245162,-122.50458227833973
,21.0,dn11,pkg25,21,False,16.0,37.78929,-122.426797,37.76255602353631,-122.4176282302058
,21.0,dn3,pkg18,21,False,17.0,37.774524,-122.473656,37.78849674541726,-122.43892882530284
,21.0,dn12,pkg13,21,False,16.0,37.78929,-122.426797,37.75979238658012,-122.41430199842478
,27.0,dn1,pkg32,27,True,36.0,37.774524,-122.473656,37.75085302807442,-122.46060539847701
,28.0,dn4,pkg31,28,True,31.0,37.751751,-122.410654,37.71034521971191,-122.41615004619122
,28.0,dn7,pkg30,28,False,26.0,37.718779,-122.462401,37.72300230268935,-122.49828841542997
,28.0,dn9,pkg33,28.0,True,33.0,37.718779,-122.462401,37.71967519524596,-122.42111404999564
,29.0,dn10,pkg34,29.0,True,39.0,37.78929,-122.426797,37.772092662203285,-122.42947338112334
,31.0,dn8,pkg5,31,False,20.0,37.718779,-122.462401,37.70922015767135,-122.4215880216815
,36.0,dn13,pkg36,36,True,41.0,37.739611,-122.492203,37.749144624405965,-122.46321878224128
,37.0,dn5,pkg35,37,True,41.0,37.751751,-122.410654,37.72365770922636,-122.41067994873514
,40.0,dn10,pkg37,40.0,True,50.0,37.78929,-122.426797,37.79468193721287,-122.42905881044601
,40.0,dn1,pkg38,40,True,45.0,37.774524,-122.473656,37.77996333653689,-122.45903519669838
,45.0,dn7,pkg39,45,True,52.0,37.718779,-122.462401,37.70726919561152,-122.43229835454352
,46.0,dn2,pkg40,46.0,True,51.0,37.774524,-122.473656,37.766440990244526,-122.44915155540136
,50.0,dn3,pkg41,50.0,True,57.0,37.774524,-122.473656,37.737457408294055,-122.4776745410819
,50.0,dn4,pkg42,50,True,56.0,37.751751,-122.410654,37.75634786900589,-122.44749241635972
,59.0,dn1,pkg44,59.0,True,69.0,37.774524,-122.473656,37.78278027829826,-122.44606190355657
,59.0,dn8,pkg43,59.0,True,68.0,37.718779,-122.462401,37.73687556723118,-122.45568872488585
,65.0,dn4,pkg48,65.0,True,70.0,37.751751,-122.410654,37.73743520403421,-122.40446693781382
,66.0,dn2,pkg45,66,True,69.0,37.774524,-122.473656,37.751122476786364,-122.49766655919467
,67.0,dn5,pkg47,67.0,True,75.0,37.751751,-122.410654,37.75266621240276,-122.4360808445427
,70.0,dn3,pkg46,70,True,75.0,37.774524,-122.473656,37.77583759068442,-122.42862243468151
,72.0,dn6,pkg49,72.0,True,81.0,37.751751,-122.410654,37.76810269024799,-122.40066357356442
,75.0,dn1,pkg50,75.0,True,80.0,37.774524,-122.473656,37.79351327182551,-122.47186661268248
,75.0,dn4,pkg51,75,True,83.0,37.751751,-122.410654,37.718567743934365,-122.4359647687342
,75.0,dn7,pkg52,75,True,83.0,37.718779,-122.462401,37.733972332642665,-122.4708124636688
,77.0,dn13,pkg55,77,True,82.0,37.739611,-122.492203,37.73170299243043,-122.49849794367552
,81.0,dn5,pkg54,81.0,True,88.0,37.751751,-122.410654,37.75795102897474,-122.40917990029027
,82.0,dn14,pkg53,82,True,82.0,37.739611,-122.492203,37.7681992593792,-122.46081294554003
,84.0,dn6,pkg58,84.0,True,92.0,37.751751,-122.410654,37.7370213875187,-122.40191435871019
,84.0,dn2,pkg56,84,True,92.0,37.774524,-122.473656,37.785792510083745,-122.49197308319901
,87.0,dn11,pkg60,87,True,92.0,37.78929,-122.426797,37.7503517141832,-122.40335592272123
,88.0,dn10,pkg57,88,True,90.0,37.78929,-122.426797,37.76167388282436,-122.45397364686835
,91.0,dn1,pkg59,91,True,96.0,37.774524,-122.473656,37.734286691034946,-122.4526207254703
,94.0,dn12,pkg62,94.0,True,99.0,37.78929,-122.426797,37.776439495945766,-122.42588582386917
,95.0,dn4,pkg61,95.0,True,104.0,37.751751,-122.410654,37.71625807681914,-122.39524746835242
,96.0,dn7,pkg63,96.0,True,103.0,37.718779,-122.462401,37.70781116992693,-122.46760030733886
,97.0,dn5,pkg64,97.0,True,104.0,37.751751,-122.410654,37.77094012909937,-122.40021476990152
,98.0,dn8,pkg65,98.0,True,108.0,37.718779,-122.462401,37.71166238728521,-122.46152621043211
,5.0,dn14,pkg11,5.0,True,12.0,37.739611,-122.492203,37.735936189347434,-122.47323298487046
,5.0,dn4,pkg12,5,True,10.0,37.751751,-122.410654,37.73726158627681,-122.41826240491734
,6.0,dn13,pkg5,6,True,11.0,37.739611,-122.492203,37.7384835234181,-122.47251357920771
,6.0,dn5,pkg22,6.0,True,13.0,37.751751,-122.410654,37.76395166066696,-122.4432341262427
,7.0,dn7,pkg17,7,True,11.0,37.718779,-122.462401,37.71183588927017,-122.43044132529964
,8.0,dn8,pkg2,8.0,True,17.0,37.718779,-122.462401,37.70799420052674,-122.44898637298608
,9.0,dn2,pkg18,9,True,15.0,37.774524,-122.473656,37.750354908858924,-122.4639123619295
,9.0,dn3,pkg3,9.0,True,15.0,37.774524,-122.473656,37.78894453838192,-122.50371105419171
,9.0,dn6,pkg20,9,True,15.0,37.751751,-122.410654,37.72090396508616,-122.43056990689186
,9.0,dn11,pkg16,9,True,13.0,37.78929,-122.426797,37.786263843760494,-122.45844812122589
,9.0,dn12,pkg4,9.0,True,17.0,37.78929,-122.426797,37.7942824447308,-122.39896105957226
,10.0,dn1,pkg10,10.0,True,17.0,37.774524,-122.473656,37.75968368496085,-122.48660974908911
,10.0,dn9,pkg6,10,True,15.0,37.718779,-122.462401,37.742142539276564,-122.4726883207131
,11.0,dn14,pkg7,11,True,12.0,37.739611,-122.492203,37.73634916128155,-122.48242747276343
,12.0,dn15,pkg1,12,True,13.0,37.739611,-122.492203,37.76901796159548,-122.46061915214293
,14.0,dn10,pkg8,14,True,14.0,37.78929,-122.426797,37.76242851210828,-122.40042082442132
,15.0,dn5,pkg26,15,True,24.0,37.751751,-122.410654,37.761772090994995,-122.42363739083987
,15.0,dn14,pkg21,15,True,16.0,37.739611,-122.492203,37.74392283575438,-122.49245230632657
,16.0,dn4,pkg25,16.0,True,23.0,37.751751,-122.410654,37.76623637920249,-122.42325116362579
,20.0,dn13,pkg23,20,False,15.0,37.739611,-122.492203,37.774881130412446,-122.47411866598827
,20.0,dn7,pkg13,20,False,17.0,37.718779,-122.462401,37.7354272402462,-122.50470306102751
,21.0,dn3,pkg27,21,True,25.0,37.774524,-122.473656,37.76781259003521,-122.4360873609567
,24.0,dn8,pkg29,24.0,True,31.0,37.718779,-122.462401,37.73622620489506,-122.46281141027266
,26.0,dn2,pkg24,26,False,19.0,37.774524,-122.473656,37.785680683019706,-122.50625354335028
,28.0,dn1,pkg28,28,False,27.0,37.774524,-122.473656,37.755175058166984,-122.42852129756234
,28.0,dn6,pkg30,28,True,30.0,37.751751,-122.410654,37.74372303351673,-122.44121042575311
,34.0,dn9,pkg31,34,False,31.0,37.718779,-122.462401,37.7598333700546,-122.46320946708751
,36.0,dn13,pkg32,36,True,44.0,37.739611,-122.492203,37.78403727090705,-122.49908515575656
,38.0,dn4,pkg33,38,True,48.0,37.751751,-122.410654,37.71670912920374,-122.40641731125335
,45.0,dn2,pkg34,45.0,True,54.0,37.774524,-122.473656,37.76882314517298,-122.4582786324608
,45.0,dn5,pkg35,45.0,True,50.0,37.751751,-122.410654,37.76384720561195,-122.4071477178763
,47.0,dn3,pkg36,47.0,True,53.0,37.774524,-122.473656,37.78249446610658,-122.4875017134698
,49.0,dn15,pkg37,49.0,True,59.0,37.739611,-122.492203,37.73750683139626,-122.50287142623884
,50.0,dn7,pkg38,50.0,True,55.0,37.718779,-122.462401,37.73728197592876,-122.46886763506079
,53.0,dn14,pkg39,53,True,55.0,37.739611,-122.492203,37.7817057365211,-122.47208356689313
,53.0,dn4,pkg40,53.0,True,58.0,37.751751,-122.410654,37.75733859933943,-122.42369368021976
,57.0,dn6,pkg41,57.0,True,62.0,37.751751,-122.410654,37.731736042236925,-122.40141896466507
,58.0,dn5,pkg42,58,True,62.0,37.751751,-122.410654,37.774792104739014,-122.45161573492042
,61.0,dn1,pkg43,61,True,66.0,37.774524,-122.473656,37.74618398521136,-122.44866827923686
,62.0,dn13,pkg45,62.0,True,70.0,37.739611,-122.492203,37.71964632094551,-122.50297923806346
,63.0,dn2,pkg44,63.0,True,73.0,37.774524,-122.473656,37.791329777422,-122.46984286579581
,68.0,dn3,pkg46,68,True,73.0,37.774524,-122.473656,37.78213149805121,-122.49222670876102
,72.0,dn4,pkg47,72.0,True,82.0,37.751751,-122.410654,37.75419463796394,-122.39528154563735
,77.0,dn7,pkg49,77.0,True,84.0,37.718779,-122.462401,37.72431661205312,-122.49881822909968
,79.0,dn2,pkg48,79,True,87.0,37.774524,-122.473656,37.74786540897225,-122.45498700223774
,81.0,dn1,pkg50,81,True,89.0,37.774524,-122.473656,37.76789488004032,-122.44726110290183
,81.0,dn5,pkg51,81,True,88.0,37.751751,-122.410654,37.7231551356645,-122.40731665053491
,81.0,dn8,pkg54,81.0,True,89.0,37.718779,-122.462401,37.707188757834786,-122.46643118882105
,83.0,dn3,pkg53,83.0,True,91.0,37.774524,-122.473656,37.79412825035832,-122.46287256310882
,84.0,dn6,pkg52,84,True,90.0,37.751751,-122.410654,37.720352369657114,-122.42297398905082
,86.0,dn13,pkg56,86.0,True,96.0,37.739611,-122.492203,37.71957575055498,-122.4935990555275
,87.0,dn9,pkg55,87,True,95.0,37.718779,-122.462401,37.74616296281562,-122.43883057505487
,89.0,dn10,pkg57,89.0,True,96.0,37.78929,-122.426797,37.77822500138095,-122.45430134579796
,89.0,dn14,pkg59,89,True,95.0,37.739611,-122.492203,37.73512215438383,-122.45507259781375
,90.0,dn4,pkg58,90.0,True,97.0,37.751751,-122.410654,37.73291746563162,-122.40999496254389
,90.0,dn7,pkg60,90,True,96.0,37.718779,-122.462401,37.708386559531434,-122.45233643911263
,90.0,dn8,pkg61,90.0,True,98.0,37.718779,-122.462401,37.71745205219956,-122.47358384311019
,99.0,dn5,pkg62,99.0,True,105.0,37.751751,-122.410654,37.77738445441995,-122.40890011395096
,5.0,dn1,pkg15,5.0,True,12.0,37.774524,-122.473656,37.775937391882145,-122.49066313222845
,5.0,dn4,pkg13,5,True,14.0,37.751751,-122.410654,37.726374054353066,-122.42406012675993
,6.0,dn2,pkg21,6,True,13.0,37.774524,-122.473656,37.754552236088024,-122.4714871282723
,6.0,dn6,pkg6,6.0,True,11.0,37.751751,-122.410654,37.7583545975078,-122.46418886750358
,7.0,dn3,pkg2,7,True,13.0,37.774524,-122.473656,37.74097260057312,-122.4900652752566
,7.0,dn7,pkg7,7.0,True,15.0,37.718779,-122.462401,37.70805814751219,-122.49918220720507
,7.0,dn13,pkg17,7.0,True,13.0,37.739611,-122.492203,37.75605460416574,-122.48940874292849
,8.0,dn15,pkg8,8.0,True,16.0,37.739611,-122.492203,37.73862801858043,-122.50274659495467
,9.0,dn5,pkg12,9,True,14.0,37.751751,-122.410654,37.76404160588278,-122.43337274782277
,9.0,dn10,pkg9,9.0,True,14.0,37.78929,-122.426797,37.787334079405134,-122.43496439575912
,9.0,dn14,pkg18,9,True,19.0,37.739611,-122.492203,37.77325356783236,-122.47995306796822
,10.0,dn11,pkg1,10.0,True,18.0,37.78929,-122.426797,37.79657889408841,-122.46174294220293
,10.0,dn12,pkg20,10.0,True,20.0,37.78929,-122.426797,37.75918268252019,-122.40297732916704
,10.0,dn9,pkg10,10.0,True,20.0,37.718779,-122.462401,37.722970170844555,-122.46055660104226
,13.0,dn1,pkg25,13,True,17.0,37.774524,-122.473656,37.78963294014752,-122.49147927124416
,13.0,dn13,pkg4,13,True,16.0,37.739611,-122.492203,37.73828241181671,-122.50276031069691
,14.0,dn8,pkg22,14,True,15.0,37.718779,-122.462401,37.71765062152571,-122.4116089515453
,14.0,dn15,pkg26,14,True,23.0,37.739611,-122.492203,37.7231260779838,-122.50494798634897
,15.0,dn9,pkg27,15.0,True,24.0,37.718779,-122.462401,37.71764351685506,-122.45589272559849
,16.0,dn7,pkg19,16,False,15.0,37.718779,-122.462401,37.745698225047335,-122.44585978380503
,17.0,dn6,pkg28,17,True,23.0,37.751751,-122.410654,37.72740726973167,-122.40752598927997
,17.0,dn10,pkg23,17,False,16.0,37.78929,-122.426797,37.76690131589902,-122.41957410324316
,18.0,dn9,pkg31,18,True,26.0,37.718779,-122.462401,37.719305436797754,-122.45561309346587
,20.0,dn4,pkg24,20,False,12.0,37.751751,-122.410654,37.78034244713019,-122.43719951141964
,20.0,dn2,pkg5,20,False,18.0,37.774524,-122.473656,37.74355223605047,-122.44094817145518
,21.0,dn12,pkg30,21,True,23.0,37.78929,-122.426797,37.79642191697126,-122.39623257761507
,24.0,dn11,pkg32,24,True,29.0,37.78929,-122.426797,37.77565036514754,-122.42228928295813
,26.0,dn13,pkg34,26,True,33.0,37.739611,-122.492203,37.73557260833209,-122.46299039418497
,28.0,dn15,pkg33,28,True,31.0,37.739611,-122.492203,37.76801920949079,-122.50145287892282
,29.0,dn5,pkg29,29,False,24.0,37.751751,-122.410654,37.71245061579053,-122.39441246856408
,29.0,dn7,pkg35,29.0,True,34.0,37.718779,-122.462401,37.72759241896617,-122.45152493941958
,30.0,dn3,pkg16,30,False,15.0,37.774524,-122.473656,37.794344176509775,-122.4259225643156
,31.0,dn1,pkg36,31.0,True,37.0,37.774524,-122.473656,37.75954536446917,-122.47641579301512
,33.0,dn10,pkg39,33.0,True,38.0,37.78929,-122.426797,37.794091258217634,-122.43554146594259
,34.0,dn6,pkg38,34.0,True,44.0,37.751751,-122.410654,37.77097184378703,-122.4113544236308
,36.0,dn8,pkg42,36.0,True,42.0,37.718779,-122.462401,37.743654464808735,-122.45934890215553
,37.0,dn9,pkg37,37,True,39.0,37.718779,-122.462401,37.711759363236695,-122.4095641283432
,38.0,dn4,pkg41,38,True,43.0,37.751751,-122.410654,37.73474721485913,-122.43185669249195
,42.0,dn7,pkg43,42,True,46.0,37.718779,-122.462401,37.727220538133295,-122.43181438370071
,45.0,dn1,pkg44,45.0,True,52.0,37.774524,-122.473656,37.786160422646155,-122.49942165859615
,46.0,dn6,pkg40,46,False,44.0,37.751751,-122.410654,37.728650396367215,-122.40267346449319
,51.0,dn13,pkg45,51.0,True,56.0,37.739611,-122.492203,37.75620845260681,-122.49915854859789
,56.0,dn8,pkg46,56.0,True,63.0,37.718779,-122.462401,37.7424083083827,-122.45418796884073
,59.0,dn2,pkg47,59.0,True,64.0,37.774524,-122.473656,37.77960877062402,-122.49112308117128
,59.0,dn3,pkg48,59.0,True,69.0,37.774524,-122.473656,37.790193804092205,-122.49496293555792
,61.0,dn7,pkg49,61,True,64.0,37.718779,-122.462401,37.73679630652778,-122.50274144465081
,64.0,dn9,pkg52,64,True,74.0,37.718779,-122.462401,37.739618588715935,-122.44502863481418
,65.0,dn6,pkg50,65,True,70.0,37.751751,-122.410654,37.75084657258382,-122.4538151387664
,66.0,dn4,pkg51,66.0,True,74.0,37.751751,-122.410654,37.76072636418858,-122.42525529552074
,67.0,dn5,pkg53,67.0,True,76.0,37.751751,-122.410654,37.77052579372757,-122.41323449821991
,70.0,dn10,pkg55,70,True,76.0,37.78929,-122.426797,37.789364130825575,-122.39751311782086
,72.0,dn8,pkg54,72,True,75.0,37.718779,-122.462401,37.71491070885779,-122.41820683333485
,75.0,dn7,pkg58,75.0,True,81.0,37.718779,-122.462401,37.72188194395724,-122.43260409265751
,76.0,dn1,pkg57,76.0,True,86.0,37.774524,-122.473656,37.76356312485089,-122.49429045708463
,78.0,dn9,pkg59,78.0,True,88.0,37.718779,-122.462401,37.730408976306315,-122.47487664051499
,79.0,dn13,pkg56,79,True,81.0,37.739611,-122.492203,37.712075124363594,-122.50710046686464
,83.0,dn14,pkg61,83.0,True,89.0,37.739611,-122.492203,37.74454947403445,-122.4862315312554
,83.0,dn15,pkg60,83.0,True,93.0,37.739611,-122.492203,37.71618006648689,-122.45829341579525
,91.0,dn7,pkg62,91.0,True,100.0,37.718779,-122.462401,37.735323981686115,-122.47594831223937
,92.0,dn4,pkg64,92.0,True,99.0,37.751751,-122.410654,37.75122610438441,-122.40432168397157
,94.0,dn11,pkg63,94.0,True,100.0,37.78929,-122.426797,37.79525197056333,-122.42098292926379
,96.0,dn6,pkg66,96.0,True,104.0,37.751751,-122.410654,37.76211804771497,-122.41811740102324
,97.0,dn1,pkg68,97.0,True,107.0,37.774524,-122.473656,37.7765226213731,-122.42649891320556
,98.0,dn5,pkg65,98,True,101.0,37.751751,-122.410654,37.71286980983219,-122.4005774320402
,100.0,dn10,pkg67,100.0,True,106.0,37.78929,-122.426797,37.78030197218889,-122.41790882846313
,5.0,dn13,pkg3,5,True,10.0,37.739611,-122.492203,37.746277451468686,-122.49874096402611
,6.0,dn2,pkg18,6.0,True,15.0,37.774524,-122.473656,37.757954998724884,-122.47436787029932
,6.0,dn14,pkg14,6,True,13.0,37.739611,-122.492203,37.746966664344505,-122.50161228471313
,6.0,dn1,pkg6,6,True,14.0,37.774524,-122.473656,37.76398567004262,-122.462649291476
,7.0,dn4,pkg8,7.0,True,16.0,37.751751,-122.410654,37.73458982392108,-122.41451434389062
,7.0,dn15,pkg22,7,True,10.0,37.739611,-122.492203,37.7629098002269,-122.48820847362734
,8.0,dn11,pkg20,8.0,True,18.0,37.78929,-122.426797,37.795995606399586,-122.45106442513577
,9.0,dn3,pkg17,9.0,True,16.0,37.774524,-122.473656,37.78080642276127,-122.49506494162416
,9.0,dn5,pkg13,9,True,14.0,37.751751,-122.410654,37.72473502105608,-122.39727498660068
,9.0,dn7,pkg10,9,True,10.0,37.718779,-122.462401,37.74277994279898,-122.45049251680211
,10.0,dn8,pkg15,10.0,True,17.0,37.718779,-122.462401,37.737689182185065,-122.45117655141783
,11.0,dn12,pkg12,11,True,12.0,37.78929,-122.426797,37.75187240394834,-122.44816757011804
,11.0,dn9,pkg23,11.0,True,19.0,37.718779,-122.462401,37.711701307348875,-122.44360033812409
,12.0,dn10,pkg2,12,True,15.0,37.78929,-122.426797,37.75234742743706,-122.42307950636797
,12.0,dn13,pkg16,12,False,11.0,37.739611,-122.492203,37.75313570211032,-122.46270401020112
,14.0,dn6,pkg5,14,False,13.0,37.751751,-122.410654,37.73374949398842,-122.44551552051557
,14.0,dn2,pkg4,14,False,13.0,37.774524,-122.473656,37.78053043453768,-122.45473195397375
,15.0,dn14,pkg1,15,True,17.0,37.739611,-122.492203,37.73012027351595,-122.50506711466839
,16.0,dn1,pkg11,16,False,13.0,37.774524,-122.473656,37.77640786520792,-122.4527058630312
,17.0,dn15,pkg19,17,False,14.0,37.739611,-122.492203,37.750275259013435,-122.46077576165797
,17.0,dn3,pkg26,17.0,True,22.0,37.774524,-122.473656,37.79328311815048,-122.47300569194049
,21.0,dn11,pkg27,21,True,27.0,37.78929,-122.426797,37.76578306158527,-122.41540954682749
,22.0,dn4,pkg25,22,False,20.0,37.751751,-122.410654,37.7343557149393,-122.45132862874497
,22.0,dn8,pkg28,22.0,True,27.0,37.718779,-122.462401,37.721053358921615,-122.47674821259936
,22.0,dn5,pkg29,22.0,True,30.0,37.751751,-122.410654,37.74934269808077,-122.40255182324054
,23.0,dn13,pkg30,23,True,32.0,37.739611,-122.492203,37.7684862922919,-122.47537449802778
,24.0,dn7,pkg9,24,False,18.0,37.718779,-122.462401,37.74534671510939,-122.48103036323666
,27.0,dn2,pkg31,27.0,True,36.0,37.774524,-122.473656,37.766597391484744,-122.46763960372586
,27.0,dn14,pkg32,27.0,True,32.0,37.739611,-122.492203,37.76073470161887,-122.48693331858959
,29.0,dn9,pkg21,29,False,18.0,37.718779,-122.462401,37.707408981862486,-122.49824436011177
,30.0,dn1,pkg34,30,True,36.0,37.774524,-122.473656,37.784233010334624,-122.5012048528776
,37.0,dn10,pkg33,37,False,35.0,37.78929,-122.426797,37.766023203742186,-122.45205198962132
,37.0,dn8,pkg35,37,True,43.0,37.718779,-122.462401,37.70890505503427,-122.43033519293274
,40.0,dn5,pkg37,40,True,47.0,37.751751,-122.410654,37.72867301722912,-122.4214628837943
,44.0,dn13,pkg36,44,True,48.0,37.739611,-122.492203,37.7675157855749,-122.44997774635607
,45.0,dn11,pkg38,45.0,True,53.0,37.78929,-122.426797,37.792495606876294,-122.39445332743456
,46.0,dn12,pkg39,46.0,True,56.0,37.78929,-122.426797,37.76704617523548,-122.46443822606106
,48.0,dn4,pkg40,48.0,True,58.0,37.751751,-122.410654,37.79108371129046,-122.41634373328823
,50.0,dn7,pkg42,50.0,True,58.0,37.718779,-122.462401,37.74071842869252,-122.46592319483018
,50.0,dn6,pkg43,50.0,True,56.0,37.751751,-122.410654,37.77560018748213,-122.39984439770676
,51.0,dn9,pkg41,51,True,59.0,37.718779,-122.462401,37.72118507130617,-122.42768775747179
,53.0,dn1,pkg44,53,True,57.0,37.774524,-122.473656,37.77178060346938,-122.44973703337969
,57.0,dn5,pkg47,57.0,True,63.0,37.751751,-122.410654,37.73569561662621,-122.4198467313527
,57.0,dn6,pkg49,57,True,65.0,37.751751,-122.410654,37.72387607308322,-122.43165741819855
,59.0,dn2,pkg45,59,True,63.0,37.774524,-122.473656,37.75714604314204,-122.43578266968814
,60.0,dn10,pkg48,60,True,66.0,37.78929,-122.426797,37.74722840379479,-122.42908195428599
,61.0,dn14,pkg50,61.0,True,71.0,37.739611,-122.492203,37.72598147070006,-122.45060832437215
,62.0,dn8,pkg46,62,False,61.0,37.718779,-122.462401,37.75860231716619,-122.46876382721274
,63.0,dn3,pkg51,63.0,True,68.0,37.774524,-122.473656,37.78888468633038,-122.4824910218768
,64.0,dn11,pkg52,64,True,66.0,37.78929,-122.426797,37.789705221208045,-122.44836572615365
,67.0,dn7,pkg53,67.0,True,74.0,37.718779,-122.462401,37.717081230053026,-122.47558212187771
,71.0,dn12,pkg57,71.0,True,76.0,37.78929,-122.426797,37.789840650706424,-122.43704236298258
,72.0,dn1,pkg54,72,True,78.0,37.774524,-122.473656,37.73576384468246,-122.4594172215306
,72.0,dn14,pkg58,72.0,True,78.0,37.739611,-122.492203,37.74192068834807,-122.47998947876825
,73.0,dn4,pkg56,73.0,True,83.0,37.751751,-122.410654,37.74243490532245,-122.40605262519678
,73.0,dn5,pkg55,73.0,True,83.0,37.751751,-122.410654,37.73719402754981,-122.43982409754467
,75.0,dn13,pkg59,75,True,83.0,37.739611,-122.492203,37.76836004967982,-122.47114304911341
,76.0,dn3,pkg60,76,True,83.0,37.774524,-122.473656,37.79062759176019,-122.44863896501703
,80.0,dn10,pkg61,80.0,True,86.0,37.78929,-122.426797,37.795944175688994,-122.40297263540857
,83.0,dn2,pkg62,83,True,91.0,37.774524,-122.473656,37.750701404185925,-122.50081400747376
,83.0,dn7,pkg63,83.0,True,90.0,37.718779,-122.462401,37.72274958446373,-122.44047966201815
,84.0,dn6,pkg64,84.0,True,93.0,37.751751,-122.410654,37.743222975619844,-122.45108498406296
,86.0,dn4,pkg65,86.0,True,92.0,37.751751,-122.410654,37.76367537363466,-122.4016596376583
,92.0,dn13,pkg66,92,True,100.0,37.739611,-122.492203,37.768505958714556,-122.50352843044865
,95.0,dn3,pkg67,95,True,95.0,37.774524,-122.473656,37.79547486169642,-122.45052083418373
,96.0,dn8,pkg68,96.0,True,104.0,37.718779,-122.462401,37.71320936251254,-122.46511148496924
,98.0,dn14,pkg71,98.0,True,106.0,37.739611,-122.492203,37.74117803360075,-122.50366357708057
,99.0,dn4,pkg69,99.0,True,105.0,37.751751,-122.410654,37.76900168507171,-122.41705434779706
,6.0,dn1,pkg10,6,True,13.0,37.774524,-122.473656,37.7766932212576,-122.45674860576311
,6.0,dn13,pkg14,6.0,True,15.0,37.739611,-122.492203,37.736108681500575,-122.47799116120376
,6.0,dn14,pkg16,6.0,True,16.0,37.739611,-122.492203,37.74260358992453,-122.5023400196975
,7.0,dn8,pkg1,7.0,True,13.0,37.718779,-122.462401,37.73143013191864,-122.48766202712427
,7.0,dn11,pkg18,7.0,True,14.0,37.78929,-122.426797,37.78654681188986,-122.44309286083002
,8.0,dn7,pkg13,8,True,14.0,37.718779,-122.462401,37.71965327402022,-122.43129845840163
,8.0,dn6,pkg4,8,True,14.0,37.751751,-122.410654,37.7756937186674,-122.4261701898986
,9.0,dn3,pkg21,9,True,12.0,37.774524,-122.473656,37.78934651236457,-122.42765592302085
,9.0,dn4,pkg22,9.0,True,17.0,37.751751,-122.410654,37.7614146498039,-122.43243681186995
,10.0,dn9,pkg6,10,True,15.0,37.718779,-122.462401,37.70993926690854,-122.50361182248919
,10.0,dn15,pkg9,10.0,True,20.0,37.739611,-122.492203,37.76084010578171,-122.50700699314586
,10.0,dn14,pkg20,10,True,18.0,37.739611,-122.492203,37.7410532007225,-122.50695914230757
,11.0,dn10,pkg5,11,True,14.0,37.78929,-122.426797,37.77131897327892,-122.4661385159856
,11.0,dn12,pkg8,11,True,14.0,37.78929,-122.426797,37.76641118569394,-122.47503515731134
,14.0,dn2,pkg3,14,False,11.0,37.774524,-122.473656,37.79656982617765,-122.43732710812367
,14.0,dn5,pkg11,14,True,16.0,37.751751,-122.410654,37.74952053842149,-122.44862764452294
,14.0,dn1,pkg23,14,True,18.0,37.774524,-122.473656,37.769714728311136,-122.48148719659481
,17.0,dn11,pkg28,17.0,True,24.0,37.78929,-122.426797,37.78383092902741,-122.45735324776571
,17.0,dn14,pkg2,17,True,18.0,37.739611,-122.492203,37.71050677532295,-122.4764315077616
,18.0,dn13,pkg25,18,True,23.0,37.739611,-122.492203,37.77400385827112,-122.47720836314285
,20.0,dn8,pkg27,20,True,23.0,37.718779,-122.462401,37.7550213135653,-122.47796482408361
,22.0,dn4,pkg29,22.0,True,28.0,37.751751,-122.410654,37.778854683548545,-122.40618840885035
,24.0,dn1,pkg30,24.0,True,34.0,37.774524,-122.473656,37.740506604768115,-122.47372062140899
,24.0,dn6,pkg31,24.0,True,30.0,37.751751,-122.410654,37.72764765703417,-122.43864322618244
,27.0,dn3,pkg32,27,True,34.0,37.774524,-122.473656,37.77984897360724,-122.50582166967799
,29.0,dn12,pkg34,29,True,36.0,37.78929,-122.426797,37.76441851320683,-122.41589911598382
,30.0,dn11,pkg35,30.0,True,38.0,37.78929,-122.426797,37.74667937369551,-122.43670740526615
,31.0,dn7,pkg36,31,True,38.0,37.718779,-122.462401,37.7290945294488,-122.42475109279016
,32.0,dn9,pkg37,32.0,True,37.0,37.718779,-122.462401,37.71526367345249,-122.44322975419165
,35.0,dn10,pkg33,35,True,38.0,37.78929,-122.426797,37.79065555814046,-122.47960780292706
,37.0,dn4,pkg38,37.0,True,44.0,37.751751,-122.410654,37.71304641809857,-122.43289872256021
,37.0,dn1,pkg39,37,True,44.0,37.774524,-122.473656,37.7442454244865,-122.49531967403777
,39.0,dn5,pkg40,39.0,True,48.0,37.751751,-122.410654,37.75466305967154,-122.4132183554192
,44.0,dn3,pkg41,44,True,49.0,37.774524,-122.473656,37.752192888749924,-122.48311243742133
,47.0,dn7,pkg44,47.0,True,56.0,37.718779,-122.462401,37.70875972930638,-122.44955426997036
,48.0,dn5,pkg43,48.0,True,53.0,37.751751,-122.410654,37.751927315330796,-122.42548879571952
,50.0,dn8,pkg45,50,True,56.0,37.718779,-122.462401,37.71148295600004,-122.4849501108368
,50.0,dn9,pkg46,50.0,True,55.0,37.718779,-122.462401,37.73192239144476,-122.44541631479082
,53.0,dn6,pkg42,53,True,57.0,37.751751,-122.410654,37.71434291609653,-122.4299886619633
,55.0,dn4,pkg47,55.0,True,61.0,37.751751,-122.410654,37.72999466979047,-122.3953250930305
,55.0,dn1,pkg48,55.0,True,63.0,37.774524,-122.473656,37.77328427496732,-122.47008315999753
,60.0,dn3,pkg50,60.0,True,68.0,37.774524,-122.473656,37.769447743006815,-122.47594786904163
,61.0,dn2,pkg49,61.0,True,71.0,37.774524,-122.473656,37.7672922131641,-122.45520458091131
,69.0,dn7,pkg51,69,True,76.0,37.718779,-122.462401,37.7193897979866,-122.50250454960981
,72.0,dn8,pkg53,72.0,True,78.0,37.718779,-122.462401,37.716755137869,-122.43843748786269
,73.0,dn9,pkg52,73.0,True,82.0,37.718779,-122.462401,37.72360906584136,-122.4679480196989
,73.0,dn4,pkg54,73.0,True,80.0,37.751751,-122.410654,37.75841400336684,-122.42093602521363
,75.0,dn10,pkg55,75,True,79.0,37.78929,-122.426797,37.774863204745365,-122.4085753256086
,76.0,dn11,pkg57,76,True,83.0,37.78929,-122.426797,37.7881442096608,-122.4452238377935
,79.0,dn5,pkg56,79.0,True,88.0,37.751751,-122.410654,37.750621834005145,-122.39561005528712
,85.0,dn6,pkg60,85,True,94.0,37.751751,-122.410654,37.746864848880946,-122.39471216285703
,86.0,dn1,pkg58,86.0,True,96.0,37.774524,-122.473656,37.78999531318033,-122.45243758625733
,86.0,dn4,pkg59,86.0,True,95.0,37.751751,-122.410654,37.74992018101395,-122.39649250246815
,87.0,dn13,pkg61,87,True,94.0,37.739611,-122.492203,37.755756798984464,-122.49574087636056
,93.0,dn4,pkg63,93.0,True,98.0,37.751751,-122.410654,37.735133771397805,-122.42069574498824
,94.0,dn2,pkg62,94.0,True,103.0,37.774524,-122.473656,37.755846226892544,-122.46709913685271
,98.0,dn3,pkg64,98.0,True,107.0,37.774524,-122.473656,37.75794117401086,-122.48453750730272
,5.0,dn2,pkg18,5,True,10.0,37.774524,-122.473656,37.79454267038637,-122.50002210023527
,5.0,dn8,pkg4,5.0,True,13.0,37.718779,-122.462401,37.71424165896543,-122.42044812343289
,6.0,dn13,pkg5,6.0,True,13.0,37.739611,-122.492203,37.75640862617953,-122.49703021796503
,6.0,dn4,pkg21,6.0,True,12.0,37.751751,-122.410654,37.730136200181555,-122.42284745885047
,7.0,dn6,pkg14,7.0,True,16.0,37.751751,-122.410654,37.738168539502134,-122.42551895689064
,7.0,dn14,pkg11,7,True,12.0,37.739611,-122.492203,37.71654253586712,-122.48733169319986
,8.0,dn1,pkg7,8.0,True,16.0,37.774524,-122.473656,37.787746905940566,-122.49180106988676
,8.0,dn11,pkg10,8,True,16.0,37.78929,-122.426797,37.76480730989353,-122.40265938174785
,8.0,dn12,pkg3,8.0,True,14.0,37.78929,-122.426797,37.780732160254715,-122.47328396428416
,8.0,dn5,pkg20,8,True,15.0,37.751751,-122.410654,37.73591927324063,-122.40372486849347
,9.0,dn3,pkg19,9.0,True,15.0,37.774524,-122.473656,37.78045790446954,-122.4368839578644
,9.0,dn10,pkg12,9.0,True,15.0,37.78929,-122.426797,37.79291080192707,-122.42749639110164
,9.0,dn15,pkg23,9,True,13.0,37.739611,-122.492203,37.753496076791755,-122.44856882670521
,12.0,dn7,pkg22,12,False,10.0,37.718779,-122.462401,37.74124787636127,-122.4368616134736
,12.0,dn9,pkg16,12,False,11.0,37.718779,-122.462401,37.752679089375526,-122.45862816545106
,13.0,dn8,pkg17,13,True,16.0,37.718779,-122.462401,37.72406703786469,-122.44991987400685
,14.0,dn2,pkg26,14,True,20.0,37.774524,-122.473656,37.74948276957735,-122.49117323166709
,15.0,dn6,pkg15,15,False,14.0,37.751751,-122.410654,37.76145333857556,-122.42592832641328
,16.0,dn4,pkg2,16,False,15.0,37.751751,-122.410654,37.726233607331174,-122.40866550570806
,19.0,dn13,pkg25,19,False,18.0,37.739611,-122.492203,37.71077783111445,-122.50460266545548
,20.0,dn10,pkg28,20.0,True,29.0,37.78929,-122.426797,37.775804994611946,-122.40808058452973
,21.0,dn5,pkg29,21.0,True,31.0,37.751751,-122.410654,37.72694711534648,-122.41166167981929
,22.0,dn14,pkg1,22,False,19.0,37.739611,-122.492203,37.7149372549692,-122.45647127947316
,22.0,dn8,pkg6,22,False,19.0,37.718779,-122.462401,37.71299835928903,-122.44879334204444
,25.0,dn1,pkg30,25,True,34.0,37.774524,-122.473656,37.7940429635233,-122.50151857808382
,26.0,dn3,pkg8,26,False,16.0,37.774524,-122.473656,37.75321415562289,-122.43943818361298
,28.0,dn15,pkg13,28,False,18.0,37.739611,-122.492203,37.70741346900885,-122.45192737844661
,29.0,dn6,pkg31,29.0,True,35.0,37.751751,-122.410654,37.75792790924968,-122.42916610548775
,29.0,dn5,pkg34,29,True,36.0,37.751751,-122.410654,37.717255122996534,-122.41215495882977
,30.0,dn4,pkg33,30.0,True,39.0,37.751751,-122.410654,37.72279122819022,-122.40128746271905
,32.0,dn2,pkg35,32.0,True,39.0,37.774524,-122.473656,37.78057985924062,-122.45563156369771
,35.0,dn7,pkg32,35,False,34.0,37.718779,-122.462401,37.711927230398175,-122.41565917595256
,36.0,dn11,pkg38,36.0,True,42.0,37.78929,-122.426797,37.780163952585674,-122.44218498311841
,37.0,dn8,pkg36,37.0,True,47.0,37.718779,-122.462401,37.72134132406063,-122.4121295080526
,37.0,dn10,pkg37,37.0,True,43.0,37.78929,-122.426797,37.79307253733378,-122.42747671498246
,39.0,dn12,pkg39,39,True,45.0,37.78929,-122.426797,37.76573576601101,-122.45451949785914
,41.0,dn1,pkg40,41.0,True,48.0,37.774524,-122.473656,37.784115534927764,-122.44763155273392
,41.0,dn6,pkg41,41,True,48.0,37.751751,-122.410654,37.77879061098092,-122.42549086771947
,43.0,dn5,pkg42,43,True,48.0,37.751751,-122.410654,37.77697603456985,-122.39577114880917
,54.0,dn2,pkg43,54.0,True,62.0,37.774524,-122.473656,37.77651884373697,-122.47775828100404
,54.0,dn3,pkg44,54.0,True,63.0,37.774524,-122.473656,37.79610788117783,-122.49058142963446
,55.0,dn4,pkg45,55.0,True,63.0,37.751751,-122.410654,37.74092540124708,-122.41198095912834
,57.0,dn1,pkg46,57.0,True,66.0,37.774524,-122.473656,37.748733653981205,-122.46650417377916
,57.0,dn13,pkg47,57,True,61.0,37.739611,-122.492203,37.76407980410821,-122.44804430610907
,58.0,dn6,pkg48,58,True,61.0,37.751751,-122.410654,37.74336625922953,-122.43685466254553
,59.0,dn7,pkg49,59.0,True,66.0,37.718779,-122.462401,37.74110057715874,-122.4540839735394
,61.0,dn14,pkg51,61,True,71.0,37.739611,-122.492203,37.71420687093089,-122.47916690109929
,63.0,dn8,pkg50,63.0,True,69.0,37.718779,-122.462401,37.71954524656554,-122.45434918033332
,64.0,dn15,pkg54,64,True,72.0,37.739611,-122.492203,37.71614243223389,-122.4749281644394
,65.0,dn9,pkg52,65.0,True,75.0,37.718779,-122.462401,37.72665515382941,-122.42849226577668
,68.0,dn2,pkg53,68.0,True,75.0,37.774524,-122.473656,37.74704475960793,-122.44323592445014
,70.0,dn3,pkg55,70,True,74.0,37.774524,-122.473656,37.74557972709766,-122.4753242894202
,71.0,dn10,pkg56,71,True,74.0,37.78929,-122.426797,37.79211471940027,-122.4671780060115
,73.0,dn7,pkg59,73.0,True,79.0,37.718779,-122.462401,37.726663572429786,-122.458924042984
,74.0,dn1,pkg58,74.0,True,84.0,37.774524,-122.473656,37.77745902422279,-122.45821439294947
,76.0,dn4,pkg57,76,True,80.0,37.751751,-122.410654,37.74249926051373,-122.45105974118728
,78.0,dn8,pkg60,78.0,True,84.0,37.718779,-122.462401,37.71392277363119,-122.50639753285711
,78.0,dn9,pkg61,78.0,True,87.0,37.718779,-122.462401,37.716135193992756,-122.4508083259672
,80.0,dn11,pkg63,80.0,True,85.0,37.78929,-122.426797,37.77784762500128,-122.44880864312296
,81.0,dn13,pkg62,81.0,True,86.0,37.739611,-122.492203,37.73261867607623,-122.47650268809089
,81.0,dn6,pkg64,81.0,True,86.0,37.751751,-122.410654,37.752535483496786,-122.42678869673712
,82.0,dn5,pkg65,82.0,True,87.0,37.751751,-122.410654,37.735334252617974,-122.42355322051313
,84.0,dn7,pkg66,84.0,True,90.0,37.718779,-122.462401,37.728014274121136,-122.49123402919967
,86.0,dn12,pkg67,86,True,90.0,37.78929,-122.426797,37.79222314684116,-122.44966543394862
,88.0,dn9,pkg68,88.0,True,94.0,37.718779,-122.462401,37.71359936241985,-122.44847086094425
,90.0,dn5,pkg69,90,True,95.0,37.751751,-122.410654,37.735726784481166,-122.44379442280211
,95.0,dn14,pkg70,95,True,98.0,37.739611,-122.492203,37.7431670620689,-122.45813343733882
,95.0,dn1,pkg71,95.0,True,101.0,37.774524,-122.473656,37.78089941422045,-122.45548621795656
,96.0,dn10,pkg72,96.0,True,102.0,37.78929,-122.426797,37.774718797965896,-122.3996665855698
,96.0,dn2,pkg73,96.0,True,101.0,37.774524,-122.473656,37.78081418546373,-122.46104336468615
,97.0,dn13,pkg74,97,True,102.0,37.739611,-122.492203,37.72380871460924,-122.5036138776474
,5.0,dn1,pkg4,5.0,True,15.0,37.774524,-122.473656,37.777840904626494,-122.46710634376525
,6.0,dn2,pkg6,6,True,11.0,37.774524,-122.473656,37.748435477321856,-122.47279587114215
,6.0,dn10,pkg8,6.0,True,11.0,37.78929,-122.426797,37.7753244776966,-122.4481584946064
,6.0,dn3,pkg14,6.0,True,14.0,37.774524,-122.473656,37.77963056167753,-122.46359015913661
,6.0,dn11,pkg21,6.0,True,16.0,37.78929,-122.426797,37.796792220530804,-122.42175433791562
,7.0,dn14,pkg13,7.0,True,15.0,37.739611,-122.492203,37.77034734549287,-122.487794384018
,8.0,dn5,pkg7,8.0,True,16.0,37.751751,-122.410654,37.73622666637867,-122.42248113442191
,8.0,dn7,pkg11,8.0,True,14.0,37.718779,-122.462401,37.74751597050261,-122.42228224698692
,9.0,dn6,pkg16,9.0,True,17.0,37.751751,-122.410654,37.738379630183395,-122.4357231548789
,9.0,dn8,pkg12,9.0,True,17.0,37.718779,-122.462401,37.71504354987005,-122.43758950082194
,9.0,dn9,pkg20,9.0,True,18.0,37.718779,-122.462401,37.733671352896444,-122.44664092118195
,10.0,dn4,pkg18,10.0,True,15.0,37.751751,-122.410654,37.76682368069098,-122.4230595943162
,10.0,dn13,pkg10,10.0,True,19.0,37.739611,-122.492203,37.77127444230587,-122.49960096494061
,11.0,dn12,pkg15,11,True,14.0,37.78929,-122.426797,37.78795521032244,-122.45569101759745
,13.0,dn1,pkg3,13,True,18.0,37.774524,-122.473656,37.76921416528875,-122.45843659043804
,14.0,dn11,pkg17,14,True,17.0,37.78929,-122.426797,37.76483955467138,-122.44412767105943
,15.0,dn15,pkg19,15,True,15.0,37.739611,-122.492203,37.77484237490023,-122.46141060292483
,16.0,dn10,pkg27,16,True,21.0,37.78929,-122.426797,37.750004089743776,-122.41968259707238
,17.0,dn3,pkg22,17,True,17.0,37.774524,-122.473656,37.769851835284136,-122.45101885965288
,18.0,dn7,pkg26,18,True,25.0,37.718779,-122.462401,37.713008067405404,-122.44387717531266
,19.0,dn4,pkg2,19,False,15.0,37.751751,-122.410654,37.77304631973969,-122.44778606390517
,20.0,dn5,pkg25,20,True,28.0,37.751751,-122.410654,37.70985411720244,-122.41733680589176
,22.0,dn14,pkg23,22,False,19.0,37.739611,-122.492203,37.752536650809205,-122.44706133521359
,22.0,dn6,pkg30,22,True,27.0,37.751751,-122.410654,37.773033327323105,-122.41839662061898
,25.0,dn2,pkg28,25,True,26.0,37.774524,-122.473656,37.75041265064823,-122.43545770702755
,25.0,dn13,pkg31,25,True,34.0,37.739611,-122.492203,37.761766813217044,-122.4438549211626
,26.0,dn1,pkg33,26.0,True,31.0,37.774524,-122.473656,37.77545147376422,-122.45613326902924
,29.0,dn7,pkg35,29.0,True,38.0,37.718779,-122.462401,37.71249782007853,-122.45472811695707
,29.0,dn4,pkg32,29,True,30.0,37.751751,-122.410654,37.734273461894915,-122.39972253713559
,30.0,dn8,pkg34,30.0,True,39.0,37.718779,-122.462401,37.708844596674595,-122.45231321734836
,32.0,dn15,pkg38,32,True,36.0,37.739611,-122.492203,37.73133528203246,-122.48646047622272
,33.0,dn3,pkg36,33.0,True,40.0,37.774524,-122.473656,37.7670677306344,-122.48396064624478
,36.0,dn10,pkg39,36,True,41.0,37.78929,-122.426797,37.765989424709986,-122.41697697153799
,37.0,dn9,pkg37,37,True,39.0,37.718779,-122.462401,37.71203431756599,-122.41977856311318
,37.0,dn5,pkg40,37,True,44.0,37.751751,-122.410654,37.77428051035504,-122.42671649311858
,40.0,dn15,pkg42,40.0,True,50.0,37.739611,-122.492203,37.72232045169977,-122.45160818972252
,41.0,dn1,pkg41,41.0,True,50.0,37.774524,-122.473656,37.7910730995101,-122.43047030461894
,46.0,dn2,pkg43,46.0,True,56.0,37.774524,-122.473656,37.754146028705286,-122.44285145868129
,47.0,dn3,pkg44,47.0,True,54.0,37.774524,-122.473656,37.75809568007309,-122.48085324147354
,52.0,dn1,pkg46,52,True,61.0,37.774524,-122.473656,37.76009252106883,-122.50592612653492
,55.0,dn14,pkg45,55,True,56.0,37.739611,-122.492203,37.71290923662817,-122.50078494673731
,60.0,dn15,pkg48,60,True,62.0,37.739611,-122.492203,37.76990295263496,-122.50720334706998
,61.0,dn13,pkg47,61,False,59.0,37.739611,-122.492203,37.78249217781307,-122.48525362196939
,66.0,dn10,pkg49,66.0,True,74.0,37.78929,-122.426797,37.79332710068407,-122.41665076633086
,68.0,dn11,pkg50,68.0,True,73.0,37.78929,-122.426797,37.78011031192229,-122.41268010393493
,68.0,dn12,pkg51,68.0,True,78.0,37.78929,-122.426797,37.77998542667017,-122.46715254812098
,71.0,dn4,pkg54,71,True,80.0,37.751751,-122.410654,37.76416432699774,-122.43170547626018
,72.0,dn1,pkg52,72.0,True,79.0,37.774524,-122.473656,37.73444819355756,-122.47231844274695
,74.0,dn3,pkg53,74.0,True,81.0,37.774524,-122.473656,37.78565309667845,-122.44069210107546
,79.0,dn7,pkg55,79.0,True,87.0,37.718779,-122.462401,37.72393759966885,-122.47125705316822
,81.0,dn2,pkg57,81,True,90.0,37.774524,-122.473656,37.76943744938237,-122.43991964119414
,83.0,dn13,pkg56,83.0,True,93.0,37.739611,-122.492203,37.75034323262412,-122.49313379129029
,86.0,dn1,pkg59,86,True,96.0,37.774524,-122.473656,37.74249780967927,-122.44932775733707
,90.0,dn4,pkg60,90.0,True,95.0,37.751751,-122.410654,37.729928256729316,-122.39582389465382
,91.0,dn10,pkg58,91,False,90.0,37.78929,-122.426797,37.76916512438445,-122.4729332229636
,91.0,dn5,pkg61,91,True,95.0,37.751751,-122.410654,37.772396456067966,-122.41727529826917
,94.0,dn13,pkg62,94,True,101.0,37.739611,-122.492203,37.73416442847096,-122.44962594726132
,96.0,dn7,pkg63,96.0,True,105.0,37.718779,-122.462401,37.71202652661081,-122.46367691635872
,99.0,dn14,pkg64,99.0,True,104.0,37.739611,-122.492203,37.7446846108822,-122.4835226579921
