0.000000000000000000e+00,1.032783841795023363e+03,9.467546347917322009e+02,1.465041667602418556e+03,1.070325876894517478e+03,2.395335015480168295e+02,7.771330897778050257e+02,2.428128801981419656e+03,6.592171457718573038e+02,2.463216159182174181e+02,9.536728819248726268e+02,5.677907132384704028e+02,3.373610608219910887e+02,1.491663220948040134e+03,1.659184702423730414e+03,2.396692849127282898e+03,1.525307868074762155e+03,5.511630944424950940e+02,3.777195523930277545e+02,2.101636818190136182e+03,3.104536107836374299e+02,3.211234771667566292e+02,1.310987786056895857e+03,1.183276686022667946e+03,6.056092200814143780e+02,2.032224241794659292e+03,2.388998065967597540e+03,3.590424824264441099e+02,7.876851740043930477e+02,3.400544552261583249e+02,1.149619043186869703e+03,2.704532783434755856e+03,1.601324301359693436e+02,6.985349310329157788e+02,1.288910234637040958e+03,9.036547065932495570e+02,1.960407863929312953e+02,1.156899922771747015e+03,1.623875491226878239e+03,1.855938872887675643e+03,1.185499031751089205e+03,2.405662128715728727e+02,7.806292059410093316e+02,2.107525475362124325e+03,9.321220832433795067e+02,1.513599733879866847e+02,1.284524738358847571e+03,1.231352483015739608e+03,3.232975024086622966e+02,1.929291030394538666e+03,3.804798740526969141e+02,1.823075151154971081e+03,1.458884167097415911e+03,5.882544519259166691e+02,6.941069752669244508e+02,2.172768353634295636e+03,3.468710900087643267e+02,2.827059337659603671e+02,1.214925185591308491e+03,3.660638469639934556e+02,6.280134841821716236e+02,1.585242705780265624e+03,2.335497592888339113e+03,1.832331650550580434e+03,9.718142780596597277e+02,4.026075424873227462e+02,4.302153736190645645e+02,2.339451987654197183e+03,1.869808461805933177e+02,7.041172226190601577e+02,1.378019481444923485e+03,1.186558525504776981e+03,1.823840040570431142e+02,1.301515753757054426e+03,6.162236279839198687e+02,8.227021462099720566e+02,1.256729286644941112e+03,7.248269940681615253e+01,1.079883201887162159e+03,2.571817249994787744e+03,6.975849312310531332e+02,2.689502888018463409e+02,8.817626188653127883e+02,7.280195118030183039e+02,2.793521257613588773e+02,1.378029439389386425e+03,1.619290488578754548e+03,1.813892973561797817e+03,1.338470788579194505e+03,5.662395878821613451e+02,5.298337212646551961e+02,1.210542126985576260e+03,4.099334991414352771e+02,2.468138275704014006e+02,1.410654738145330612e+03,1.684563229823425672e+03,4.247398812969551614e+02,1.991720366577190362e+03,1.021860903008654304e+03,6.150899874531011164e+02
1.209862666334423920e+03,0.000000000000000000e+00,2.523385536118260006e+03,3.918191964649179795e+02,8.217084251557089374e+02,1.491948676809264725e+03,1.292143335392523113e+03,4.304395442341624971e+02,1.000000000000000000e+05,9.176145861561751644e+02,1.112226158985818756e+03,2.169971707895393592e+03,9.711452589940487314e+02,3.375821672228870511e+02,2.729740998252050758e+03,3.032908070358171244e+02,7.191194318232317073e+02,2.265632870129728417e+03,1.533376584934224411e+03,1.688647569971219866e+02,1.784458388104582127e+03,3.106823823363178576e+02,1.336564331177010217e+03,1.616243162309387117e+03,4.421857734132494784e+02,1.234465226768048069e+03,1.000000000000000000e+05,5.680296744535284006e+02,9.047087239056386352e+02,2.152470179616972928e+03,1.880707700821261369e+03,3.588964759280726184e+02,1.479948627616929343e+03,1.602849173240937546e+02,1.277506012635024490e+03,3.019756370897158376e+03,1.285017281233001995e+03,1.960800397531938302e+02,2.295429579931331773e+03,3.542893834721194821e+02,5.670635323852067131e+02,1.337380483761515052e+03,1.166919467829332234e+03,4.415003814918595708e+02,1.000000000000000000e+05,7.375285576180153839e+02,1.443688984681726879e+03,2.305355332124942834e+03,4.369298669446741314e+02,3.236192703910057844e+02,1.790132037693207167e+03,1.072288157091729772e+02,1.571751548189421783e+03,1.000000000000000000e+05,1.935554222780865530e+03,1.836057101008152870e+02,2.325262335366157458e+03,3.472076151078053385e+02,1.233373304205696286e+03,1.455364243807445973e+03,9.439185128454130336e+02,6.553614383509434447e+02,1.000000000000000000e+05,6.748897762544235093e+02,3.432952838262291380e+02,2.090602366859629910e+03,1.085992328162180002e+03,3.159498512421572514e+02,1.475570680942337276e+03,1.870214707884677807e+02,1.378019481444923485e+03,2.403737912518507528e+03,8.885602972580350070e+02,1.825331420396769317e+02,2.217633760228536630e+03,2.107039058129858233e+02,9.500581755011837686e+02,1.165458328046769566e+03,1.676530587877894277e+03,1.319098960309338509e+03,1.000000000000000000e+05,1.035160558744823902e+03,1.084691482676756095e+03,2.259111091576205581e+03,1.024031449070963390e+03,2.795078716372844951e+02,2.189401991557053861e+03,2.559404350240245378e+02,7.932096692034004946e+02,1.000000000000000000e+05,1.736298973828805401e+03,7.269678865266502044e+01,2.341871249059679485e+03,4.102215486530892576e+02,1.440283840675963347e+03,2.229294134091479918e+03,3.662530289760424012e+02,4.251553437311740709e+02,1.000000000000000000e+05,4.308820213596962390e+02
8.821462204707994488e+02,3.345017708215428684e+03,0.000000000000000000e+00,2.226140544113914984e+03,2.210618286436710605e+03,1.363966446744778523e+03,1.005188062236774385e+03,3.814060080695863689e+03,2.670436010555420694e+02,1.690606710361360456e+03,1.751618791402598390e+03,1.640733321549791526e+03,1.018192489904039803e+03,1.000000000000000000e+05,3.370554125460324713e+02,2.826449320230233752e+03,3.210787909200462764e+03,1.446338043573374080e+03,7.069055537563363032e+02,3.487258160238595337e+03,1.686966646370136402e+02,2.258323710144909910e+03,2.164234178429188887e+03,2.086125799668363015e+03,1.840821708925075200e+03,4.127136370079203516e+03,1.985514641931031861e+02,2.043688476812179260e+03,1.741366458326308930e+03,3.590415231226618857e+02,8.546567766856148864e+02,3.687940998129351101e+03,3.587392012734474633e+02,2.409718292229118560e+03,2.322815549915059364e+03,1.748737624516790447e+03,8.505577219049223459e+02,3.438047446610868064e+03,1.959853780417819848e+02,2.447938872887675643e+03,2.702531398310602526e+03,1.574014129965554048e+03,1.468619335796544874e+03,3.858168550145109293e+03,7.172461638763435587e+01,1.680178214158961282e+03,1.971529745770661521e+03,1.957232036037961279e+03,1.658270007662699982e+03,3.894551664886148501e+03,3.228182712659800018e+02,2.820503342701602378e+03,2.733970936910176079e+03,4.407605669131673380e+02,5.664255163828850073e+02,3.305191430997609132e+03,1.835901643289529375e+02,2.241544636466023803e+03,2.019406983039014449e+03,1.681945100258893035e+03,1.448127239415041458e+03,3.427846916342766235e+03,3.090611598754040301e+02,2.395832229105266833e+03,2.821976284044429576e+03,1.518647320950222820e+03,9.617401126239061568e+02,3.704214759906529252e+03,3.154837373301801335e+02,3.472824560037416632e+03,2.197277676502043960e+03,1.862876284501705186e+03,9.485704301913801828e+02,3.613430022039255164e+03,1.821651557612317447e+02,2.303357996817585445e+03,2.345680084778854962e+03,9.375784221868153736e+02,1.668802056707218071e+03,4.025629973714058906e+03,3.192367858112867793e+02,1.688549451239871814e+03,1.665202232524862211e+03,1.680886067710717725e+03,9.563694981007124625e+02,1.000000000000000000e+05,2.791346073738407654e+02,2.390725447945009364e+03,2.760796755145277075e+03,1.338668886756078791e+03,4.421910896492303777e+02,3.463374738948429695e+03,7.255913582048822263e+01,2.159605994827373252e+03,2.109477959736895627e+03,2.168119373284897392e+03,2.758713361063232242e+03,3.968020784562125755e+03,6.073716394609967040e+01,2.175675591525234267e+03
8.701680247902875180e+02,3.917282256623203693e+02,1.601303449439270935e+03,0.000000000000000000e+00,1.354208593743976280e+03,6.871230401981465548e+02,1.672281266645566802e+03,9.246630688589614238e+02,1.000000000000000000e+05,2.671000765925167570e+02,1.394500092670399681e+03,5.862706168194392831e+02,1.346969539152004927e+03,1.071146110278837114e+03,1.774159080498876847e+03,2.669146179885312904e+02,1.427776446945111502e+03,8.676265167493097579e+02,1.598929477368001017e+03,5.529843161035460071e+02,1.230197356992424375e+03,3.777971561479758407e+02,1.366564331177010217e+03,2.419541179085076692e+02,8.743692305760754380e+02,1.686867998123132111e+03,2.412195458361244619e+03,1.989484888165664529e+02,9.945545506726095937e+02,9.420356116375223792e+02,1.927833226089589289e+03,7.220554915802370033e+02,8.986719420794545385e+02,2.676786442287968271e+02,1.633547950247041399e+03,1.727165906994704073e+03,1.201840855731271631e+03,7.650471780883576685e+02,1.838141726879385942e+03,9.949132970552133770e+01,1.314953829719969690e+03,3.800911528869548874e+02,1.592059849395485799e+03,1.221739761963757473e+03,1.819941233782105428e+03,4.201232771623195958e+02,1.576864547873136871e+03,4.100538679967010012e+02,1.028747449407872182e+03,1.009473318334022451e+03,1.456522059000173385e+03,3.237210463548993857e+02,1.945597456061490902e+03,1.000000000000000000e+05,1.747062445944921365e+03,3.982435216766076564e+02,1.243438071594004214e+03,3.013756775727760555e+02,1.233373304205696286e+03,3.473208256535406804e+02,1.493948645246333854e+03,1.360516199992646307e+03,2.397633360622372948e+03,1.692377314192411859e+02,9.014794436411059451e+02,5.834105527971962601e+02,1.585242337976162389e+03,8.230084584895849957e+02,1.108606818708097762e+03,4.305735277431085137e+02,1.441901331641330671e+03,7.072899311661145703e+02,1.035993347582735851e+03,7.521286933737195568e+02,1.527479065460938500e+03,1.825815267307004603e+02,1.483530102438673566e+03,7.654776002712430909e+02,1.743313395948930292e+03,1.252237669547002042e+03,1.000000000000000000e+05,2.709485486717225626e+02,1.405081007416319835e+03,6.844100627778000216e+02,1.307093171782381660e+03,8.648465680694826005e+02,1.770780322275712479e+03,1.880054022444812460e+02,1.412051782660257231e+03,1.883703468256481983e+03,1.675118101706148536e+03,4.434741355633861417e+02,1.418243573415170431e+03,6.323665642918222147e+02,1.921674189895596555e+03,3.191457926847733688e+02,9.027806152744193469e+02,1.403073851554594739e+03,1.874410525413668438e+03,6.086505568841216984e+01
1.048504591076186671e+03,8.178280547604997537e+02,2.369611570625505919e+03,1.830502381501202535e+03,0.000000000000000000e+00,1.255465277368908801e+03,1.287015278780586414e+03,2.009842515565721442e+03,1.000000000000000000e+05,1.095272316781402651e+03,2.669603951858728692e+02,1.623639624214279593e+03,8.048873639294376972e+02,2.463148689202816399e+02,2.010521902250347239e+03,1.786064661463424272e+03,2.665965502803776985e+02,4.233170720449965302e+03,1.567987164050964793e+03,1.604497502241237953e+03,2.359510748228635748e+03,9.395395312357005650e+02,3.776842677420328869e+02,1.536560973225697580e+03,2.415438952642261654e+02,5.776453767819426730e+02,1.000000000000000000e+05,1.225593783331405120e+03,1.986628256773246903e+02,2.384552023584813014e+03,1.524964486053448809e+03,1.863501610540418369e+03,1.298268868139122333e+03,1.033101310541640260e+03,2.673191058308178185e+02,1.000000000000000000e+05,1.132449822826867148e+03,3.148328888848894849e+02,2.158362844280321497e+03,1.809222991675324465e+03,9.938451725602713793e+01,1.188172702774563049e+03,3.795437160568175159e+02,1.836746617759334640e+03,1.000000000000000000e+05,9.016779573733800817e+02,4.201112937894478705e+02,1.776011464526028249e+03,4.094543990550096737e+02,4.407804041228962433e+02,1.822924820426650285e+03,1.296483341656175298e+03,3.230775551239310062e+02,1.000000000000000000e+05,1.753720108763805911e+03,1.686129611546308752e+03,1.000000000000000000e+05,1.031926908777933249e+03,3.013609402455449526e+02,1.287564479110817047e+03,3.466478384795914280e+02,2.826189103841203405e+02,1.000000000000000000e+05,1.941739366719220470e+03,1.691855470888286845e+02,1.501559408835668364e+03,8.146338966548080407e+02,1.662461506984825519e+03,1.539038473480775338e+03,4.025391573730823893e+02,4.300508888758000126e+02,2.500013636992170177e+03,1.032604236708366670e+03,3.888741552853161352e+02,2.058967856522106104e+03,1.648753751983822212e+03,1.822832832074531950e+02,1.059841920500500692e+03,5.707285820977384674e+02,2.067283901225884165e+03,1.000000000000000000e+05,1.143250216248646211e+03,2.706714873142072975e+02,1.954014555445189899e+03,1.154179054026866197e+03,2.689502163662424437e+02,2.043480405473500241e+03,1.722494751564482158e+03,1.876802636252938044e+02,1.000000000000000000e+05,1.702395137617931596e+03,9.550453943594077373e+02,2.427717719933996705e+03,9.867479656075115599e+02,6.473338772530976257e+02,1.765671754598670304e+03,3.187567998203376760e+02,1.151691169461377058e+03,2.368636737878458462e+03,1.413879917095775227e+03
2.394626472266950827e+02,1.250553606546433912e+03,1.440375112415327976e+03,9.556855343529972515e+02,1.087492884015613527e+03,0.000000000000000000e+00,1.557488205811451053e+03,2.473777216440081247e+03,3.818778603521814148e+02,2.514817639624697847e+02,1.130073756685639182e+03,2.671182583942814404e+02,1.105956520736479888e+03,1.391303504734513126e+03,1.659184702423730414e+03,1.918035328775007201e+03,1.611441219955995166e+03,2.668093556030175932e+02,1.438773375186638305e+03,2.158694326939631082e+03,3.634018775022669843e+02,5.313237101449101374e+02,1.310987786056895857e+03,3.778292883619893701e+02,8.911646818071864118e+02,2.056867998123132111e+03,2.388998065967597540e+03,2.814217184261830198e+02,1.004445324617307506e+03,1.988376577061489172e+02,1.873209476856919082e+03,2.739542940098941926e+03,1.803427542129693109e+02,8.374644776105247956e+02,1.277506012635024490e+03,4.083596679585560878e+02,4.256854707441227106e+02,1.242071155226839210e+03,1.642009213552476922e+03,1.669384257513771900e+03,1.175525163723700189e+03,9.945394216967893897e+01,1.112059849395485799e+03,2.120018098429011843e+03,8.361292717155827177e+02,3.331031841343594806e+02,1.332089540867405503e+03,4.201274506619974431e+02,5.716916576749894148e+02,2.077374980522681199e+03,1.388064370746000577e+03,1.294472122219219045e+03,1.518693785372813863e+03,3.234780825335404870e+02,1.694135846032025711e+03,2.533520435523631022e+03,3.294800008014751711e+02,3.979849607995463430e+02,1.214925185591308491e+03,1.836034493355133748e+02,1.013948645246333967e+03,1.608898120109252204e+03,2.335497592888339113e+03,1.663977495070774921e+03,1.043147195895863206e+03,1.692210549377733173e+02,1.115837062295910073e+03,2.408552312737239390e+03,3.432761889626797824e+02,1.062209327187339795e+03,1.378019481444923485e+03,4.363287371797762262e+02,4.194210953627822391e+02,1.347886178050388935e+03,1.441262154863233263e+03,1.014634141072840293e+03,1.256729286644941112e+03,1.824672963759424249e+02,1.525274916516377516e+03,2.571817249994787744e+03,4.084352060871186723e+02,2.154595274719085012e+02,1.088863383067166069e+03,3.193605006812819624e+02,7.966769271086394610e+02,1.340568968973788287e+03,1.619290488578754548e+03,1.813892973561797817e+03,1.351425008561233653e+03,2.930249666654254952e+02,1.558106948374719423e+03,1.326370280915744388e+03,1.314531516431991577e+03,4.431141420997280989e+02,1.440283840675963347e+03,1.634317604193815896e+03,8.125460004998435579e+02,2.000526200659669257e+03,1.576930451884908052e+03,4.199656322486505360e+02
1.690035302770697399e+03,1.732183912244357543e+03,2.154862553437632869e+03,2.082903196409489738e+03,8.616245254550668733e+02,1.976588045948662966e+03,0.000000000000000000e+00,2.043586138780980946e+03,2.611109613195740167e+03,1.102844498168323526e+03,2.508877923175043918e+02,2.233370522032879762e+03,2.670053315561553404e+02,1.524254638122755750e+03,1.055657641112945385e+03,2.468150975671764172e+03,1.365007989966514288e+03,4.233170720449965302e+03,2.662763741135118494e+02,2.088390780765580985e+03,1.570241016462045764e+03,1.201313776998579897e+03,6.470983101058777720e+02,1.765295088283327004e+03,3.777636637975656981e+02,1.706224241794659292e+03,2.377473310093884720e+03,1.461941697704143735e+03,2.811062260542853437e+02,2.098502269067659199e+03,1.984241767869479247e+02,2.666086585315881621e+03,1.737965473204582167e+03,1.669336443778287730e+03,1.105090579711936471e+03,1.000000000000000000e+05,4.079931729760778580e+02,1.415655319619498641e+03,1.444196835603140698e+03,2.264462359308238774e+03,1.268495851623049475e+03,1.337380483761515052e+03,9.928312798507472792e+01,1.843813194888119142e+03,2.220193425009341354e+03,9.016779573733800817e+02,3.321344987393550241e+02,2.312071036457256014e+03,4.201216039460812794e+02,1.721374980522681426e+03,4.088631730538972988e+02,1.996163794643968913e+03,1.518693785372813863e+03,1.000000000000000000e+05,3.225196869034466545e+02,2.161356871844976013e+03,1.775925340930094308e+03,1.201825088551873250e+03,3.968674291838057115e+02,1.455364243807445973e+03,1.835835756071955132e+02,1.439190884445503571e+03,2.308772591749432650e+03,2.069178449358431408e+03,1.118795240152254564e+03,2.121059289434452239e+03,1.691312676651731124e+02,2.279167456185899937e+03,1.182801781446586801e+03,1.402717803366927910e+03,9.923112331469617402e+02,1.000000000000000000e+05,4.361794221677425867e+02,1.690062054968673692e+03,1.370011063290718994e+03,1.760891398117816607e+03,1.025194883949924588e+03,1.762756313710719496e+03,1.820296474707660934e+02,2.055817249994787744e+03,2.722217722044481434e+03,1.209917730647939379e+03,2.150552756764546416e+02,2.527156877177512342e+03,3.191721753475409287e+02,1.474285114360824082e+03,1.352105855670418805e+03,2.268001652009763802e+03,1.183810002216865087e+03,1.000000000000000000e+05,2.922178292200802048e+02,1.882406288977746954e+03,1.767958306488783592e+03,9.867479656075115599e+02,4.417814426276368636e+02,2.294100051968881871e+03,6.495280760097014081e+02,1.765720366577190362e+03,2.221516936134230491e+03,2.038772337498496199e+03
1.972462340381656077e+03,4.303293996664544920e+02,1.000000000000000000e+05,2.234536529495850573e+03,8.820332037273419701e+02,2.200533129446348539e+03,1.719396868867397643e+03,0.000000000000000000e+00,1.000000000000000000e+05,1.821789360981405480e+03,1.283000394664001533e+03,4.153370522032879308e+03,1.835417454185127099e+03,5.384318593797011090e+02,1.000000000000000000e+05,1.049478686556370349e+03,6.499245872218368731e+02,4.233170720449965302e+03,2.053243620119140360e+03,2.668754370169088475e+02,1.000000000000000000e+05,1.516246930901588257e+03,1.273582242545023746e+03,2.722256030740326878e+03,1.223368823242845338e+03,3.778059540728469301e+02,1.000000000000000000e+05,2.048675260478756172e+03,1.282492083101229809e+03,4.011093110024387897e+03,2.765990911412659898e+03,1.699643147924597031e+02,3.786715319686310522e+03,1.850223832862142444e+03,1.002611769498024728e+03,1.000000000000000000e+05,1.994668745861972411e+03,1.050534520083700500e+03,1.000000000000000000e+05,2.251683113310986300e+03,7.350199963692134588e+02,1.997380483761515052e+03,1.533986342376262201e+03,1.960988351973160491e+02,1.000000000000000000e+05,1.541741278271632609e+03,1.395257755271052019e+03,4.225893842449009753e+03,1.457906320092907208e+03,3.013767792608643958e+02,2.612777876123697297e+03,4.214271116926898912e+02,8.916003811358965550e+02,1.000000000000000000e+05,2.694510422347265830e+03,3.237571502418789464e+02,1.000000000000000000e+05,1.625741168718747758e+03,1.193867216021780223e+03,2.219504615858254056e+03,1.586266390313147440e+03,5.588065194391576824e+02,1.000000000000000000e+05,2.593852518578223680e+03,9.005272566691255633e+02,4.081559408835668364e+03,1.792915846684317785e+03,1.198324239314813724e+02,3.788985176007599875e+03,1.008780442821657743e+03,1.342761419865175640e+03,1.000000000000000000e+05,1.715989900828054260e+03,3.840557232110168115e+02,1.000000000000000000e+05,1.942410335748266107e+03,8.880600576108877249e+02,2.029743433788118409e+03,1.570585289790226170e+03,1.618929919274000042e+02,1.000000000000000000e+05,1.900917730647939379e+03,1.330061233044765913e+03,4.148111091576205581e+03,1.903976624932652840e+03,5.530151300208513021e+02,1.000000000000000000e+05,1.113527720856380029e+03,7.385221135631302332e+02,1.000000000000000000e+05,2.232927401309646939e+03,3.588413130910811333e+02,1.000000000000000000e+05,1.553833724586971584e+03,1.542527919552544518e+03,2.834292386157282635e+03,1.265758795915498240e+03,2.769143822501865202e+02,1.000000000000000000e+05,2.179346228643655195e+03
6.404666852479534782e+02,2.499951271153639937e+03,2.669836955906735625e+02,2.111721004369779621e+03,1.663998865074641571e+03,3.820739281628611366e+02,1.620118941946675932e+03,3.810174780923709477e+03,0.000000000000000000e+00,6.898372275875594823e+02,1.723437020849338069e+03,1.057539437099938368e+03,1.495145837621311784e+03,2.371689825441410903e+03,1.776079543207456709e+03,2.490534237270079757e+03,2.660539486333873356e+03,3.634183619202603381e+02,1.176266682121141912e+03,3.218284179024784407e+03,2.664498693923017072e+02,9.403137769985800105e+02,1.876564331177010217e+03,1.673501929081495746e+03,1.286410883421653352e+03,2.527854753739816260e+03,3.606766162530177553e+02,1.201291374051693083e+03,1.467197721679089000e+03,1.833489637565552641e+02,2.409267458355107010e+03,3.675472797043910759e+03,3.233463391857046076e+02,2.383003779964488331e+03,1.828910234637040958e+03,1.727840834322707224e+03,1.303891896337616799e+03,1.891181936047655881e+03,2.144089785031798783e+03,2.203790482193953721e+03,1.966778164828815761e+03,5.130394190074659946e+02,1.705316033829666594e+03,3.796763170014132811e+03,1.960284454919962513e+02,7.657706217926297541e+02,2.036885691592004150e+03,1.938314089378434346e+03,1.063577111687620118e+03,3.836491815016703640e+03,8.504592926606716219e+02,2.438089918943118846e+03,2.222671685860564594e+03,1.803436770931814408e+02,1.749210424724573159e+03,3.305191430997609132e+03,1.696784015427309384e+02,9.378250885518731366e+02,1.773373304205696286e+03,8.222080653711213927e+02,1.613948645246333854e+03,2.666620388067968179e+03,1.000000000000000000e+05,2.014084710485934238e+03,1.643147195895863206e+03,4.457047536738361373e+02,1.599543432081996798e+03,3.696369946157070899e+03,4.069647733952805879e+02,1.097237560271133589e+03,1.918019481444923485e+03,1.846699329564181880e+03,1.319773069988570342e+03,2.726615023950486830e+03,4.301359426682976164e+02,2.321903417493254892e+03,1.927194883949924588e+03,5.702405498134424988e+02,2.078559021115234827e+03,4.025629973714058906e+03,6.080215394488854486e+01,6.714498697654084935e+02,1.662691482676756095e+03,1.665480773894802724e+03,1.534760433134119467e+03,2.391148761682701206e+03,1.786671648808424834e+03,2.366018428400103858e+03,2.073986405832427863e+03,2.689502551521658233e+02,1.085051106162679616e+03,2.992920534232970112e+03,2.793035272590743716e+02,9.054144592349007326e+02,2.060098969048754043e+03,1.972002871287234711e+03,1.092945542123129371e+03,3.702786291862172220e+03,2.768752918454138694e+02,2.003685923346668915e+03
2.463108146547324964e+02,8.193051469216891292e+02,1.562387334473549799e+03,2.671248314187363349e+02,1.087492884015613527e+03,2.514324495139358362e+02,1.192281266645566802e+03,2.069128801981419656e+03,1.000000000000000000e+05,0.000000000000000000e+00,1.130073756685639182e+03,3.917788641342640403e+02,6.769695391520049270e+02,1.206865853811700390e+03,1.774159080498876847e+03,1.918035328775007201e+03,1.453875020434249791e+03,5.679109863277659542e+02,1.440128913790471643e+03,1.191858548852025933e+03,1.048958456400947853e+03,2.667163870947613873e+02,1.382778075685559543e+03,3.032872368652137425e+02,7.386165603129376223e+02,1.853867998123132111e+03,2.412195458361244619e+03,1.259399980895347824e+02,1.004445324617307506e+03,4.444330430649754362e+02,1.880707700821261369e+03,2.666086585315881621e+03,3.387696864611282308e+02,3.236484098932529605e+02,1.312267533073470304e+03,2.060754436158968474e+03,4.187107962206241609e+02,9.541966580540889709e+02,1.838141726879385942e+03,3.588889636910155332e+02,1.171722166675199333e+03,1.602542544638893105e+02,1.112059849395485799e+03,1.855792898774437617e+03,1.573508710199035932e+03,1.960717452326163368e+02,1.328017234832771919e+03,4.383661486597038106e+02,3.948303820257135612e+02,1.462816257820282999e+03,1.434868671939930209e+03,8.433991223458588138e+02,1.414923913973555500e+03,5.901708607753859042e+02,1.747062445944921365e+03,1.142757686269755595e+03,7.951271087780812650e+02,1.698503861531692110e+02,1.253163825068933875e+03,2.223644065001057584e+02,9.113481604660418043e+02,1.488898120109252204e+03,2.373720575681965784e+03,3.903977547257046581e+02,1.043147195895863206e+03,3.256407344248119671e+02,1.115837062295910073e+03,2.305505080933246063e+03,4.312757195916065029e+02,4.074311834178932372e+02,1.398910511653849198e+03,1.870276315384501686e+03,3.432861874546420040e+02,1.181362534376274652e+03,1.496790139773437431e+03,3.159186277441067432e+02,1.251393479583233784e+03,1.870129073158168467e+02,1.285313395948930292e+03,2.377893046312087336e+03,7.529381612513620894e+02,6.084895855136915799e+01,1.086487661397047532e+03,1.049981884956589056e+03,6.370931717823816598e+02,1.189140810909663514e+03,1.770780322275712479e+03,4.065461832417145729e+02,1.274672227590904413e+03,5.668250206391902566e+02,1.627518023248335112e+03,9.158869225360817836e+02,1.396100206359703634e+03,2.794747393018398043e+02,1.366130631576437054e+03,4.067778028532088683e+02,6.549481420174627146e+02,1.765720366577190362e+03,2.305766727975243157e+03,2.193742843088649579e+02
1.048504591076186671e+03,1.504715887771318421e+03,2.231786725648625179e+03,1.891871006175512321e+03,2.670253007589185472e+02,1.255465277368908801e+03,2.507815287724216375e+02,2.009842515565721442e+03,2.686828951769522064e+03,1.095272316781402651e+03,0.000000000000000000e+00,1.623639624214279593e+03,3.910854464032261717e+02,8.732553681744296910e+02,1.329760797258336652e+03,1.918035328775007201e+03,1.010448691148964031e+03,4.233170720449965302e+03,1.502632865123311603e+03,1.604497502241237953e+03,2.153816649726262312e+03,1.050788934017587508e+03,2.660760995849284427e+02,1.545849558083095189e+03,3.032054791506397464e+02,1.604588294215303449e+03,2.388998065967597540e+03,1.225593783331405120e+03,1.259118111527805155e+02,4.100945070713266432e+03,4.432765542975782864e+02,2.141092251597881841e+03,1.398681189133062617e+03,1.384693016204838841e+03,3.228867781553193481e+02,1.000000000000000000e+05,1.132449822826867148e+03,9.580985993680646970e+02,2.091309534049841204e+03,1.855938872887675643e+03,3.587039491794956234e+02,1.188172702774563049e+03,1.598300273147087012e+02,1.836746617759334640e+03,2.323004306098337111e+03,9.016779573733800817e+02,1.959690126061126989e+02,1.776011464526028249e+03,4.380914951371827328e+02,1.598349469443430053e+03,1.285044289750138660e+03,1.595867748168580874e+03,5.891928688135672019e+02,1.000000000000000000e+05,1.315860281616245857e+03,1.915020005655420846e+03,2.391188952310892091e+03,1.031926908777933249e+03,1.694314907218783048e+02,1.287564479110817047e+03,2.219538125359305241e+02,9.881540085013525641e+02,2.335497592888339113e+03,1.941739366719220470e+03,3.903921000696930719e+02,1.501559408835668364e+03,3.248935397959452303e+02,1.931660123032391539e+03,1.539038473480775338e+03,1.223425687856620698e+03,4.063031118139683713e+02,1.000000000000000000e+05,1.032604236708366670e+03,1.011267561983296446e+03,2.002288445782347935e+03,1.648753751983822212e+03,3.153907457362113291e+02,1.059841920500500692e+03,1.869062521175004861e+02,2.067283901225884165e+03,1.000000000000000000e+05,1.143250216248646211e+03,6.073210604952026159e+01,2.527156877177512342e+03,1.044999518467220241e+03,8.897564977295958215e+02,1.953834819902164327e+03,1.813892973561797817e+03,4.061405162882737727e+02,1.000000000000000000e+05,1.310970753958841442e+03,1.557500723849478618e+03,2.167387469790712203e+03,9.867479656075115599e+02,2.790706085212826224e+02,1.765671754598670304e+03,4.066712887864797494e+02,1.746181977126898119e+03,2.278128980803755439e+03,1.514947170275033841e+03
6.295271402992473213e+02,2.499951271153639937e+03,2.294872017947875065e+03,9.912396035809538262e+02,1.616010433655620545e+03,2.670884697650835164e+02,2.561449678640437469e+03,3.778342989039112126e+03,1.000000000000000000e+05,3.916672834377944810e+02,1.693140756204679292e+03,0.000000000000000000e+00,1.466599226345832221e+03,2.252642395539884546e+03,1.774278132693117641e+03,2.426906674471380938e+03,2.660539486333873356e+03,1.688386492905455611e+02,1.658012871519626970e+03,3.143156220948387727e+03,1.272014870718254087e+03,9.403137769985800105e+02,1.839987786056895857e+03,2.668983906798533212e+02,1.286410883421653352e+03,2.510978386811469591e+03,2.430684982399704950e+03,3.206093000758338576e+02,1.467197721679089000e+03,3.606864700104752615e+02,2.409267458355107010e+03,3.554327975492591122e+03,4.407420636806789389e+02,2.382588202071479827e+03,1.828910234637040958e+03,1.699393149044971096e+02,1.303891896337616799e+03,1.805394026731698887e+03,2.144089785031798783e+03,1.067294474321147163e+03,1.893152598618516549e+03,2.676499566855371768e+02,2.211685409803829771e+03,3.733678732900225896e+03,2.455477633336621693e+03,7.250011213682059861e+02,2.009074104648362209e+03,1.961075124087083452e+02,1.024376387393847835e+03,2.286521821854222708e+03,1.516901212054062398e+03,2.438089918943118846e+03,2.174541277740200712e+03,3.587855927534918123e+02,1.749210424724573159e+03,2.533520435523631022e+03,1.408861206397938304e+03,8.251982136001801109e+02,1.754925185591308491e+03,1.699082418905143186e+02,1.494277349036973646e+03,2.654415134789947842e+03,1.000000000000000000e+05,9.112889820477631702e+02,1.523147195895863206e+03,9.804714862780065232e+01,1.585242337976162389e+03,3.696369946157070899e+03,1.138012103997714121e+03,1.096977799683943203e+03,1.816901331641330671e+03,1.692353298171060771e+02,1.001907334046722667e+03,2.038538869661940680e+03,1.704269433956091461e+03,2.321903417493254892e+03,1.796729286644941112e+03,4.305279615039869441e+02,2.043565123591021575e+03,3.972052530228939304e+03,1.000000000000000000e+05,3.311621005543238425e+02,1.618651035606660571e+03,6.086363110368951368e+01,1.498499437293931123e+03,2.018586360331429660e+03,1.776196365251224506e+03,2.311153334783762148e+03,2.025052268166169597e+03,2.709259682423398203e+02,1.675118101706148536e+03,2.551852179877543676e+03,1.528855580042752536e+03,9.054144592349007326e+02,1.980283840675963347e+03,2.796270860018676103e+02,1.092945542123129371e+03,2.537759165882975594e+03,2.338107461756128941e+03,4.271443692614321321e+02
3.375348335527063455e+02,9.081520937269447131e+02,2.274744867547689410e+03,1.915923558013219690e+03,6.707883103115178756e+02,7.686795957459486317e+02,2.669354328441910411e+02,2.031953177895265981e+03,1.000000000000000000e+05,1.102844498168323526e+03,3.908092578922692724e+02,1.761147114385365057e+03,0.000000000000000000e+00,1.027855675498638902e+03,1.776079543207456709e+03,2.322747673623286119e+03,1.337565545349610375e+03,1.608849257886980013e+03,1.686281657601814743e+02,1.871563210563409257e+03,7.882393528989873630e+02,3.634140967444072885e+02,9.662117193560147825e+02,1.673501929081495746e+03,2.665265636181940749e+02,1.686867998123132111e+03,2.420662215753785404e+03,1.225593783331405120e+03,3.198999714130323468e+02,7.071321127930507373e+02,3.606722381703656310e+02,2.597826216317877879e+03,5.875346331301906275e+02,8.374644776105247956e+02,1.026358600086511160e+03,1.000000000000000000e+05,1.696516322082353270e+02,7.797583350514202039e+02,2.123310126340350052e+03,2.203790482193953721e+03,9.308935597776514896e+02,1.188172702774563049e+03,2.672533065701298938e+02,1.843813194888119142e+03,9.910318690750566475e+02,3.148248172595244796e+02,7.483131386888107954e+02,1.881237520678215560e+03,1.960574039228893923e+02,1.721374980522681426e+03,3.106282707586116771e+02,1.808021187971713061e+03,1.235693785372813863e+03,1.000000000000000000e+05,3.584484025005221497e+02,2.020768619549632149e+03,8.794021133103219654e+02,4.187120552426636664e+02,7.509777211088222657e+02,1.344639435584807870e+03,1.695643024335381881e+02,1.408954231532537733e+03,2.397633360622372948e+03,2.014084710485934238e+03,6.196067288297199411e+02,1.559390115293023428e+03,9.800840995038080905e+01,1.996303115306645623e+03,3.251390228591750429e+02,4.456605274819587521e+02,1.320252456833076394e+03,2.539252463493472078e+03,1.691737340359958637e+02,1.051618005840023898e+03,1.728754396741656365e+03,1.760162288197499038e+03,9.673388288788826230e+02,4.024971318913449636e+02,4.299602196321426959e+02,2.055817249994787744e+03,1.000000000000000000e+05,1.143250216248646211e+03,3.304521390460569137e+02,2.294245502321763070e+03,6.077003207006287511e+01,9.562083779354175022e+02,1.803507052272103465e+03,1.813892973561797817e+03,1.109672227590904413e+03,1.000000000000000000e+05,2.706213972993159018e+02,1.696099054213762201e+03,2.110280002857191448e+03,2.689501724492667449e+02,9.781600700215892630e+02,1.856628694791818361e+03,2.794473491719183471e+02,1.765765258467530657e+03,2.320646989068641233e+03,1.729137481929115211e+03
1.308599250809272235e+03,3.376923441701014781e+02,1.000000000000000000e+05,9.045872898036363949e+02,2.463013470344355937e+02,1.696920310786889104e+03,1.586632817046373020e+03,5.579930590929886876e+02,1.000000000000000000e+05,9.975303096899825732e+02,1.020340942171366692e+03,2.233370522032879762e+03,1.313915925369100478e+03,0.000000000000000000e+00,2.821960275991403705e+03,8.817847974704266107e+02,2.150029814209956669e+02,4.233170720449965302e+03,1.673799206521049882e+03,3.778252349009031263e+02,2.385707532345590607e+03,5.140570505871918385e+02,1.114541622352591276e+03,1.765295088283327004e+03,3.582569464979438294e+02,2.667662311889490070e+02,1.000000000000000000e+05,1.048659017341431763e+03,4.196855938566870350e+02,2.384552023584813014e+03,2.082205118018124267e+03,2.117687949690841833e+03,1.492654950359926943e+03,4.656973364450659574e+02,4.406775716876438764e+02,1.000000000000000000e+05,1.375676013451388144e+03,1.698329901737218108e+02,1.000000000000000000e+05,8.874408266797128135e+02,1.803420530086796134e+02,1.337380483761515052e+03,1.383153358137702980e+03,3.588635195616590750e+02,1.000000000000000000e+05,9.016779573733800817e+02,1.305708881431058217e+03,2.339160342136144209e+03,7.414107743667400428e+02,1.960905797125941774e+02,2.223855422392329274e+03,4.383308916683045595e+02,3.947115113436002503e+02,1.000000000000000000e+05,2.268952250606515918e+03,5.618890049403710236e+02,1.000000000000000000e+05,7.456055933048800171e+02,9.473594360223630702e+02,1.469501784469541462e+03,1.090163105524782623e+03,1.697737682853903323e+02,1.000000000000000000e+05,2.032173272881757157e+03,1.654161258859091959e+02,2.121059289434452239e+03,1.423327298386758457e+03,3.903971064555558428e+02,1.522510418590060681e+03,3.255126469823697448e+02,1.111665531251433549e+03,1.000000000000000000e+05,1.152333328455251376e+03,1.692139416223884609e+02,1.000000000000000000e+05,6.225270685991147275e+02,3.432652895321808160e+02,1.327531656743819894e+03,1.461044523001111656e+03,2.067283901225884165e+03,1.000000000000000000e+05,1.054624825568543883e+03,1.026984076312703110e+03,2.788772908668161563e+03,1.301887625459902210e+03,6.082846467995249640e+01,2.980761181878850948e+03,7.362870880483690144e+02,2.440069901647736970e+02,1.000000000000000000e+05,2.079846099473310460e+03,3.193471984651315552e+02,1.000000000000000000e+05,8.592566373833406033e+02,1.303599280684894893e+03,2.229294134091479918e+03,3.675679244303661335e+02,2.795682500173759308e+02,1.000000000000000000e+05,9.594871357344545686e+02
7.968586005775771355e+02,2.499951271153639937e+03,3.372925612676572200e+02,2.236460898561468184e+03,2.166571442595912686e+03,1.018393311678027430e+03,5.907498589722014231e+02,3.778342989039112126e+03,7.837189444766675024e+02,1.626706373684674872e+03,1.188636329330521676e+03,1.595748340747121574e+03,6.848794919261445102e+02,3.411405005098130459e+03,0.000000000000000000e+00,2.490534237270079757e+03,3.035824544856298417e+03,1.421939329400568568e+03,3.103047195265040727e+02,3.029250057836155065e+03,3.777501378318091838e+02,2.241303404516250794e+03,1.727330720110399398e+03,1.985975286996609839e+03,1.439204026577339619e+03,3.494743115649228912e+03,4.140338205245384984e+02,1.776729779351858042e+03,1.191597691216464909e+03,7.972217443116149980e+02,3.193069592413895634e+02,3.554327975492591122e+03,6.930496537011749751e+02,2.383003779964488331e+03,2.089219089848801559e+03,1.710664984959766571e+03,4.273006172340614057e+02,3.412014841871186491e+03,1.693953665765234859e+02,2.321497241966496404e+03,2.470538890896257726e+03,1.496769339691448067e+03,8.673125654088057672e+02,3.757397970409446771e+03,4.079205286848600736e+02,1.015095840785921723e+03,1.411622914821410632e+03,1.913720213407092388e+03,1.453656302950704685e+03,3.783158694181668579e+03,1.960080437327771676e+02,2.438089918943118846e+03,2.468725290877805037e+03,1.180396343134937297e+03,1.597151167708373407e+02,2.905184081353108468e+03,5.168318102641303540e+02,1.881415842095970220e+03,1.556758687663455476e+03,1.624549969977345654e+03,8.930583067603274685e+02,3.252994303575336744e+03,3.223556698022621845e+02,2.279442659636071312e+03,2.821976284044429576e+03,1.470855587588190701e+03,4.959538714534580777e+02,3.696369946157070899e+03,3.903894135330348263e+02,2.453626230698716427e+03,1.996901331641330671e+03,1.831748987093594678e+03,9.485704301913801828e+02,3.606061684514447279e+03,1.691147747745765457e+02,2.321903417493254892e+03,2.013175382164830808e+03,9.375784221868153736e+02,1.043423308821866158e+03,4.005353205801486638e+03,1.107365900488486659e+03,1.631841400151224661e+03,1.107198635305644075e+03,1.639116605842807985e+03,6.168570375476047047e+02,3.411640160381355145e+03,6.068838414845914286e+01,2.366018428400103858e+03,2.607088427149852578e+03,1.309130981592094940e+03,2.149821539249469993e+02,2.939496420008616951e+03,3.191355005561036933e+02,1.492870627619451625e+03,1.634452151680874522e+03,2.038062965272648171e+03,1.543022584530396216e+03,3.702786291862172220e+03,3.582264933515923531e+02,2.175675591525234267e+03
1.183851761120430638e+03,3.032718396114706252e+02,1.000000000000000000e+05,2.668877545784010863e+02,1.354208593743976280e+03,9.565288651612320336e+02,2.392281266645567030e+03,8.744419957234456433e+02,1.000000000000000000e+05,5.797481606641250664e+02,1.620293567788998189e+03,1.040135376939101434e+03,1.505468249154421983e+03,1.071146110278837114e+03,4.059255082956778097e+03,0.000000000000000000e+00,1.427776446945111502e+03,1.789408430222443485e+03,2.175050263348067347e+03,2.869300179241458864e+02,2.359510748228635748e+03,8.513452653318404373e+02,1.832671028247232243e+03,6.183240505862511327e+02,1.286410883421653352e+03,1.413443503905807574e+03,1.000000000000000000e+05,5.138798040383901480e+02,1.495445324617307506e+03,2.384552023584813014e+03,2.765990911412659898e+03,3.188550655598114076e+02,1.398681189133062617e+03,3.013772681901265855e+02,1.633547950247041399e+03,1.807641879959037851e+03,1.783713894307539704e+03,6.018623414244451624e+02,1.000000000000000000e+05,1.699541623832248831e+02,1.314953829719969690e+03,7.495084615900561857e+02,2.217629967527475856e+03,1.069133459471201604e+03,1.000000000000000000e+05,1.059593557035489539e+03,1.928396125650058593e+03,8.783313619680958482e+02,1.057963738555944246e+03,1.052343621189754003e+03,1.960848392002405717e+03,1.961010789932439309e+02,1.871751548189421783e+03,1.000000000000000000e+05,2.294741200433069935e+03,1.876927577966462479e+02,2.419915841153536348e+03,8.550932047270383691e+02,1.773373304205696286e+03,7.448302950385407257e+02,1.493948645246333854e+03,1.399294117290334270e+03,1.000000000000000000e+05,3.196336153543069827e+02,8.928829935346818729e+02,1.121248769803474261e+03,1.604548151556742596e+03,4.182671238576667179e+02,1.539038473480775338e+03,4.498735444388837550e+02,1.899269523184312220e+03,1.697529784121905777e+03,1.242773069988570342e+03,5.331286933737195568e+02,2.483111461832490932e+03,2.237345243795439274e+02,1.554949879873947339e+03,9.534019818674037197e+02,2.078559021115234827e+03,1.104232286708075890e+03,1.000000000000000000e+05,5.856596283935026577e+02,1.626718759102717286e+03,1.174993109423680153e+03,1.656171193053133948e+03,6.545219202503812994e+02,4.241356899565733329e+03,1.041383522456637394e+02,1.412051782660257231e+03,1.000000000000000000e+05,2.238719705579404490e+03,3.105049825659118028e+02,2.476649136545087003e+03,1.050201016839151407e+03,1.921674189895596555e+03,6.940435535742897173e+02,9.541806793253822434e+02,1.213768927018698150e+03,1.000000000000000000e+05,3.276847619922569947e+02
1.756984524726044583e+03,1.181470033809233882e+03,1.000000000000000000e+05,1.891871006175512321e+03,2.664890547161566587e+02,1.976588045948662966e+03,1.401117840842920941e+03,2.009842515565721442e+03,1.000000000000000000e+05,1.759044616288575071e+03,7.676232028177345228e+02,2.233370522032879762e+03,1.265586347831188050e+03,2.150674271757534939e+02,2.496930503576212232e+03,1.918035328775007201e+03,0.000000000000000000e+00,4.154632870129727962e+03,1.642798658416486887e+03,1.393324409606611653e+03,2.391080245533276866e+03,1.368247661067094214e+03,7.538192064064039641e+02,2.195226290086073732e+03,8.782018091407213660e+02,2.463200994938908082e+02,1.000000000000000000e+05,1.910965910511797802e+03,6.164516818900640374e+02,2.379994854157706868e+03,1.938451672489004523e+03,2.108907885102239106e+03,1.913654950359926943e+03,1.390319878659199730e+03,3.013645030397632354e+02,1.000000000000000000e+05,1.610628693760578017e+03,3.824317177467983697e+02,1.000000000000000000e+05,1.855938872887675643e+03,1.697040000882324193e+02,1.908848417980642580e+03,1.137997643968578814e+03,4.187124951250896743e+02,1.000000000000000000e+05,9.016779573733800817e+02,1.032805156091454364e+03,2.339160342136144209e+03,1.222863382713675264e+03,3.148431458020960463e+02,1.886223449882964815e+03,1.495421598727049059e+03,1.960347420881018365e+02,1.000000000000000000e+05,2.149118147157103976e+03,1.686129611546308752e+03,1.000000000000000000e+05,1.524197367776984720e+03,6.744868360884559024e+02,2.007702736207173075e+03,1.028600039114127867e+03,6.296408233705118818e+01,1.000000000000000000e+05,2.196273587058413796e+03,3.191912934111862228e+02,2.121059289434452239e+03,1.260536836826047875e+03,1.931660123032391539e+03,1.966947936060188340e+03,1.114298862902711107e+03,4.498633420056456771e+02,2.959252463493472078e+03,1.433443015901378430e+03,3.729094029627274836e+02,2.550058340155043425e+03,1.633818227631196351e+03,2.236737194167756968e+02,1.762756313710719496e+03,1.349835315336803433e+03,2.067283901225884165e+03,1.000000000000000000e+05,1.818710958552001330e+03,8.231274531919565334e+02,2.696161542607974297e+03,1.391282136151202621e+03,2.757745522874811286e+02,2.546733284582553551e+03,1.813892973561797817e+03,1.040904653968786846e+02,1.000000000000000000e+05,2.054327690002255167e+03,1.124282065365928247e+03,1.000000000000000000e+05,1.413091446829834467e+03,1.098693576749329623e+03,2.229294134091479918e+03,1.023538818017763560e+03,3.286840428984410210e+02,1.000000000000000000e+05,1.941129130880703087e+03
6.142365164616203401e+02,1.283884884262525929e+03,1.601303449439270935e+03,9.912396035809538262e+02,1.537518875196547924e+03,2.667421489524354001e+02,1.762618439884863392e+03,2.912128801981419656e+03,3.634070351390076326e+02,6.593360866987025020e+02,1.592091651840063378e+03,1.688592260671962606e+02,1.365057384979087374e+03,1.918648626330687648e+03,1.774159080498876847e+03,1.557820651155564974e+03,2.178030701814815529e+03,0.000000000000000000e+00,1.598929477368001017e+03,2.598178886298668203e+03,1.210506241173716489e+03,8.975654698937132707e+02,1.719987786056895857e+03,4.304270510939805376e+02,1.192307313185154726e+03,2.432205377432145724e+03,2.412195458361244619e+03,4.446175102584267051e+02,1.438661152931154675e+03,2.518581162183463960e+02,1.927833226089589289e+03,3.092968626642479649e+03,3.948567820181175989e+02,1.122532205959674911e+03,1.708910234637040958e+03,1.836052466934841334e+02,1.111237444802348591e+03,1.242071155226839210e+03,1.838141726879385942e+03,1.062049283150693554e+03,1.631722166675199333e+03,3.235876676186845202e+02,1.593712958879729285e+03,2.574804070320102710e+03,2.392209376677242290e+03,7.209325335912359378e+02,1.872089540867405503e+03,3.588931540598037486e+02,1.020136575641609966e+03,2.246254091559675544e+03,1.456522059000173385e+03,2.438089918943118846e+03,1.987884167097415911e+03,1.960760192093071055e+02,1.747062445944921365e+03,2.533520435523631022e+03,4.298566012119633228e+02,7.945822449141483048e+02,1.634925185591308491e+03,2.846889999050353026e+02,1.380716605527290085e+03,2.380777663429183121e+03,2.397633360622372948e+03,8.965692122239474884e+02,1.262945100464271945e+03,1.618276549263692345e+02,1.423327298386758457e+03,3.628371937043465550e+03,7.529915510926423394e+02,1.096977799683943203e+03,1.816901331641330671e+03,2.717950327352428985e+02,8.196066536790233386e+02,1.942845853075762079e+03,1.510336920992242995e+03,1.194452702948551405e+03,1.728537143191029827e+03,4.490200791819983124e+02,1.930936610460248630e+03,3.972052530228939304e+03,3.473514576307960056e+02,4.242015926017277820e+02,1.542691482676756095e+03,1.634180001978716916e+02,1.118713920334456816e+03,1.863529923708561228e+03,1.770780322275712479e+03,1.177028555915235302e+03,1.891425008561233653e+03,1.041212032439649846e+02,1.675118101706148536e+03,2.551852179877543676e+03,1.418243573415170431e+03,8.346231177081284613e+02,1.919217808470331420e+03,4.483262384877711497e+02,1.089980842148972897e+03,2.398041887620492162e+03,2.305766727975243157e+03,9.578498051936505817e+02
3.777817398150805843e+02,1.897819480034981098e+03,9.748905631688180620e+02,2.236460898561468184e+03,9.224928840156136403e+02,7.977566255197580176e+02,2.661286766446229421e+02,2.428128801981419656e+03,1.062218579615144108e+03,1.626706373684674872e+03,5.816457912723328718e+02,1.718343007887530575e+03,1.686805304109955443e+02,1.858302653736190905e+03,3.100863378745108889e+02,2.490534237270079757e+03,1.525307868074762155e+03,1.546235926093762600e+03,0.000000000000000000e+00,2.333850618160285649e+03,3.911480746057026181e+02,1.210863008744070839e+03,1.113135829380862788e+03,2.120107364115817745e+03,4.299083357974768091e+02,2.276613126687129352e+03,2.388998065967597540e+03,1.776729779351858042e+03,4.436504928151903755e+02,7.071321127930507373e+02,2.517765788510354525e+02,2.704532783434755856e+03,4.381190894604777668e+02,1.672178172204022758e+03,1.286961489257400899e+03,2.092523905018227197e+03,1.835886181410042468e+02,1.487861931174964184e+03,4.200793866250068049e+02,2.310265592653262502e+03,1.380275466922067153e+03,1.564978835941302577e+03,3.227473080685173272e+02,2.120018098429011843e+03,9.649231416744742091e+02,4.187117022260327417e+02,8.726560591798224777e+02,2.220656005967133297e+03,3.587220073991623508e+02,1.929291030394538666e+03,1.598658515157904390e+02,2.169896644988573371e+03,1.875696990067789102e+03,1.354148015806893227e+03,1.959773206751578130e+02,2.905184081353108468e+03,8.753923298125185966e+02,1.614310277144861857e+03,9.555917655838013616e+02,1.741882210145438421e+03,2.840603021965552557e+02,1.585242705780265624e+03,2.335497592888339113e+03,2.279442659636071312e+03,1.128129215150079290e+03,1.620876258926453602e+03,1.614517605047097959e+02,3.099083657429629056e+03,2.742172829353385737e+02,1.546299779218426693e+03,1.378019481444923485e+03,2.419252463493472078e+03,2.717854460358023516e+02,1.714538869661940680e+03,3.210710583567090453e+02,2.156012548824339319e+03,1.132776364530028786e+03,4.502165836272762931e+02,4.479084961864606385e+02,2.571817249994787744e+03,1.230139290427428932e+03,1.631841400151224661e+03,4.231285145950823789e+02,1.764744419103376003e+03,1.633635640194213465e+02,1.570786912344195343e+03,3.362650165702747813e+02,2.297587385314662242e+03,1.328521652887436630e+03,1.462874599264125436e+03,1.040461886967542426e+02,2.001046102981852300e+03,4.158513415458612599e+02,4.082355521969658980e+02,1.045472118593058667e+03,2.211711828397714726e+03,4.480236664880021067e+02,1.991720366577190362e+03,1.324426097552437568e+03,2.175675591525234267e+03
1.295048327472124811e+03,1.688461720851575762e+02,1.000000000000000000e+05,4.953145393510824874e+02,9.206609907046480430e+02,1.499890329802329461e+03,1.673252456307349576e+03,2.669073451875667047e+02,1.000000000000000000e+05,9.852127632971239564e+02,1.394500092670399681e+03,2.198338359137533644e+03,1.211404576369034885e+03,3.777923131549754885e+02,2.770925260566311863e+03,2.869664607560471836e+02,7.002959707317355651e+02,2.313170720449965756e+03,1.533376584934224411e+03,0.000000000000000000e+00,2.153816649726262312e+03,5.128927802506849503e+02,1.632125051268362995e+03,1.624495575176307284e+03,7.463900349207556246e+02,4.302426715384364684e+02,1.000000000000000000e+05,1.040566243273158307e+03,1.115641495943894824e+03,2.152470179616972928e+03,2.378808548949803026e+03,1.961084850982919079e+02,1.484748349156676340e+03,3.112889342426020107e+02,1.047744285297320857e+03,1.000000000000000000e+05,1.301903686549032955e+03,3.013750648478984999e+02,1.000000000000000000e+05,4.100391976048451852e+02,8.164120426050110382e+02,1.430627980187987305e+03,1.505549818086941741e+03,3.236992980960208683e+02,1.000000000000000000e+05,9.505669048041281712e+02,1.552192419003068153e+03,2.305355332124942834e+03,8.040825854135102873e+02,2.676648818490474468e+02,1.858646684229008542e+03,1.603215842559124269e+02,1.571751548189421783e+03,1.000000000000000000e+05,2.513179012300012346e+03,9.948840997429299193e+01,2.419915841153536348e+03,5.363081603603013718e+02,1.328563494849149038e+03,1.618924277223402441e+03,1.108758504668165187e+03,5.914798631436361802e+02,1.000000000000000000e+05,2.032173272881757157e+03,4.485543684641651794e+02,2.090602366859629910e+03,1.423327298386758457e+03,1.618723832206444513e+02,1.485213923847280967e+03,3.505547931848049643e+02,1.798019481444923485e+03,2.500013636992170177e+03,1.143602648294047640e+03,2.128651677040625430e+02,2.483111461832490932e+03,3.220156894209362690e+02,9.252706469130647520e+02,1.318994399939432697e+03,1.819047199798604197e+03,4.249026446868872995e+02,1.000000000000000000e+05,1.054624825568543883e+03,1.416383061370106816e+03,2.294245502321763070e+03,1.215804160929466889e+03,3.352256069977040625e+02,2.852123378773415880e+03,2.998970088769074209e+02,7.730710554959258616e+02,1.000000000000000000e+05,1.803495488574536466e+03,1.041314786113571813e+02,2.476649136545087003e+03,7.201771194497334818e+02,1.729944714481489882e+03,2.229294134091479918e+03,6.081460658066312135e+02,3.394556908162434183e+02,1.000000000000000000e+05,5.715766077226218158e+02
3.106073883077204414e+02,2.890264147859351397e+03,1.686462806337571578e+02,2.111721004369779621e+03,1.404641368030323292e+03,3.634152784937769525e+02,8.936960049321870656e+02,3.798566293744179347e+03,2.665623956239782046e+02,6.543763772414731648e+02,1.110538058980930373e+03,1.057539437099938368e+03,5.328154326195308386e+02,1.918648626330687648e+03,3.776747142104137538e+02,2.510035328775007201e+03,2.935450307909274215e+03,7.579950928602337399e+02,3.908821547723085246e+02,3.338291925858303784e+03,0.000000000000000000e+00,9.403137769985800105e+02,1.669210109270211206e+03,1.765295088283327004e+03,1.071232980837149171e+03,2.498239027216966861e+03,3.662227072957550718e+02,1.383934013927208980e+03,9.981392902460496543e+02,2.588131636372746129e+02,1.284320537376841003e+03,3.533411259438428715e+03,1.960624374607355946e+02,2.387134681618650120e+03,1.659340337347108061e+03,1.681627797970550546e+03,3.181882852421606458e+02,1.788014728428776152e+03,3.013596710182293918e+02,2.236647326707615321e+03,1.671270143693317323e+03,4.407759631883228053e+02,9.952058231742755652e+02,3.796763170014132811e+03,1.695945823450171588e+02,5.481053631219012914e+02,1.665260894341687163e+03,1.868775873578807477e+03,6.558902120187482296e+02,2.286521821854222708e+03,2.672867840912099950e+02,2.438089918943118846e+03,2.318193196483017346e+03,3.949280103997087963e+02,4.376523326686331643e+02,2.905184081353108468e+03,9.937358978245134722e+01,9.378250885518731366e+02,1.516171032284499915e+03,9.551980821821160816e+02,7.570256102002246053e+02,3.293417554577485589e+03,2.373720575681965784e+03,2.037723260631497169e+03,1.788302396798020254e+03,8.793219200957838666e+02,7.050343254291954054e+02,3.679793001192332667e+03,1.615752579025391640e+02,1.097237560271133589e+03,1.798019481444923485e+03,1.801247549511368561e+03,4.119426038651610611e+02,2.015957096601567173e+03,2.128454647710314021e+02,2.321903417493254892e+03,1.901941445698525058e+03,3.464843704429503077e+02,1.295649847830442241e+03,3.999701170655225724e+03,3.273313269205226561e+02,6.704326421880919042e+02,1.037693645263512963e+03,1.609082845159012550e+03,4.234768680694817817e+02,2.009242807241892933e+03,3.351859342003734810e+02,2.366018428400103858e+03,2.115675577149837409e+03,5.745616628225845943e+02,3.928516278328270914e+02,2.939496420008616951e+03,1.040700154153815760e+02,9.054144592349007326e+02,2.027205770321242881e+03,1.972002871287234711e+03,1.092945542123129371e+03,2.490315755180637552e+03,2.277063471957094976e+02,2.051921330979388586e+03
3.210101026280770498e+02,3.107785467512260311e+02,2.403385536118260006e+03,3.778274100608010144e+02,6.417099763116502800e+02,6.871197582113851468e+02,8.202257660221312108e+02,2.021328081441846280e+03,1.000000000000000000e+05,2.667886335001188058e+02,8.349194430875571697e+02,1.623639624214279593e+03,3.634000051488869190e+02,7.146568855575903854e+02,2.723841241841701958e+03,9.958427870258426537e+02,1.485007989966514288e+03,2.313170720449965756e+03,7.615253974654306148e+02,9.861905517899685947e+02,2.128283144200650895e+03,0.000000000000000000e+00,1.299987786056895857e+03,1.346431433623028397e+03,2.984024464320505103e+02,1.644020135681719466e+03,1.000000000000000000e+05,3.668819792876539623e+02,5.594334373637059343e+02,7.071321127930507373e+02,1.880707700821261369e+03,1.644339258667378999e+03,5.875346331301906275e+02,1.960935854844492496e+02,1.243325905840395308e+03,1.000000000000000000e+05,3.700180692597324423e+02,3.185750426927373837e+02,2.175429579931331773e+03,4.201273074782178583e+02,9.717221666751992188e+02,4.098123860199108321e+02,7.032750907139054561e+02,1.621695890411697746e+03,1.000000000000000000e+05,1.697946810327185574e+02,1.266628773777598326e+03,1.776011464526028249e+03,1.803424121989405648e+02,1.213433488694662856e+03,1.578353216862043382e+03,3.588711827046111580e+02,1.414923913973555500e+03,1.000000000000000000e+05,1.764111993167742412e+03,6.175150566297822934e+02,2.324486307806195782e+03,9.944701492665343778e+01,1.127639954548448713e+03,8.059429133018800258e+02,4.298390135506294314e+02,1.488898120109252204e+03,1.000000000000000000e+05,1.104495282359509019e+03,3.616180265330845032e+02,1.430059289434452239e+03,4.485530890994696165e+02,1.452084184056780259e+03,1.204974629177626412e+03,1.617632181804193863e+02,1.396901331641330671e+03,2.500013636992170177e+03,2.510959813202860289e+02,4.123552505698458504e+02,2.036712961613653306e+03,2.717937347277992330e+02,1.089399184968247482e+03,3.217565937273753320e+02,1.091559021115234600e+03,2.055817249994787744e+03,1.000000000000000000e+05,3.275943162133069109e+02,6.763930372507379616e+02,1.797070565880751019e+03,3.473260730657074760e+02,4.240134409565882834e+02,2.069401991557053861e+03,3.939829945546188128e+02,1.151603125570114798e+03,1.000000000000000000e+05,1.659303337373640716e+03,3.813131579233205457e+02,2.476649136545087003e+03,1.041075303198154387e+02,1.366130631576437054e+03,1.765671754598670304e+03,1.952768284069517506e+02,1.563282199930503339e+03,2.432036443658336339e+03,3.710685909436601833e+02
1.048504591076186671e+03,1.388532469304777806e+03,2.204372636713953852e+03,1.364260776485424230e+03,3.777570482176435576e+02,1.234655390720028663e+03,8.095488982695583218e+02,1.781178598555456801e+03,2.586089510650443572e+03,1.095272316781402651e+03,2.662288145431311932e+02,1.507338359137533644e+03,8.048873639294376972e+02,8.314050050981302320e+02,1.833727945777592140e+03,1.786064661463424272e+03,7.358395464045187282e+02,1.716792032291622490e+03,1.378985327696444074e+03,1.604497502241237953e+03,1.650560959110340264e+03,8.721334664924803519e+02,0.000000000000000000e+00,1.466498984733600309e+03,6.779690184732980924e+02,1.604588294215303449e+03,2.377473310093884720e+03,1.220521688850501505e+03,3.664076133297545539e+02,1.632353251276678748e+03,1.188989397532563999e+03,1.780467330615469336e+03,1.206715319686310522e+03,1.223291712964293538e+03,1.960150961296685068e+02,2.632207148533286727e+03,1.132449822826867148e+03,8.320148418711864906e+02,2.056275077249014885e+03,1.855938872887675643e+03,4.201209871986773692e+02,1.188172702774563049e+03,4.087756279066123284e+02,1.733724659157708629e+03,2.282966186001804090e+03,9.016779573733800817e+02,1.693196155208629818e+02,1.691822789224460621e+03,7.344290873774883721e+02,1.068849771582889161e+03,1.578353216862043382e+03,1.595867748168580874e+03,3.586445929413959561e+02,1.000000000000000000e+05,1.596343354889215334e+03,1.686129611546308752e+03,2.311790959955230846e+03,1.031926908777933249e+03,9.926821178404631496e+01,1.287564479110817047e+03,6.655507291690890952e+02,9.041143287273284841e+02,2.308772591749432650e+03,1.753991409173858983e+03,6.892309213036801339e+02,1.370023361235442735e+03,7.869483728783294509e+02,1.662461506984825519e+03,1.208985176007599875e+03,8.432808670052091884e+02,1.613086069244147041e+02,1.870276315384501686e+03,8.757453599108555409e+02,1.011267561983296446e+03,1.968846125959271376e+03,1.384815348601258393e+03,2.717812228188322479e+02,1.059841920500500692e+03,3.207634936417446738e+02,2.067283901225884165e+03,2.702140615509976669e+03,1.143250216248646211e+03,3.269377199168737889e+02,1.634245502321763070e+03,8.485180759309974974e+02,8.316401603813551446e+02,1.916409124458742554e+03,1.722494751564482158e+03,3.939632211913541937e+02,1.000000000000000000e+05,1.471859689526479542e+03,1.557500723849478618e+03,2.146394270529592177e+03,8.443975682539917216e+02,1.040189949416284207e+02,1.634317604193815896e+03,6.785955161714380210e+02,1.703282236644199656e+03,2.254441754424833562e+03,1.320027269931565797e+03
8.241680247902875180e+02,9.267098166703499373e+02,1.440375112415327976e+03,2.419423852267168513e+02,1.654208593743976280e+03,3.778017031647292470e+02,1.672281266645566802e+03,2.823953177895265981e+03,1.364295987701068043e+03,3.032630937810492355e+02,1.570226158985818756e+03,2.668614381513893932e+02,1.346969539152004927e+03,1.371663220948040134e+03,1.659184702423730414e+03,5.550695244097681780e+02,1.865046274835414806e+03,4.303028343100914412e+02,1.438773375186638305e+03,1.000401123442116614e+03,1.139015105629222035e+03,9.403137769985800105e+02,1.719987786056895857e+03,0.000000000000000000e+00,8.743692305760754380e+02,2.406675024901473989e+03,2.388998065967597540e+03,1.780762281674973053e+02,1.239633842103189181e+03,9.038680394835303105e+02,1.873209476856919082e+03,3.050791841481086067e+03,8.479857359237857963e+02,8.374644776105247956e+02,1.697506012635024490e+03,4.021866788912372499e+02,1.097006252620094074e+03,1.221346211831534220e+03,1.623875491226878239e+03,3.188334186796483323e+02,1.614953829719969690e+03,3.013762490496734472e+02,1.592059849395485799e+03,2.378792898774437617e+03,1.411107947762509411e+03,5.560520047463963920e+02,1.620278480931214290e+03,1.699598255035853640e+02,1.175241749909033615e+03,2.164631939203571619e+03,1.388064370746000577e+03,7.791283163300638535e+02,1.834923913973555500e+03,1.963758850013610072e+03,1.664933045836685324e+03,8.252056528117847165e+02,1.104263569745348832e+03,4.382362264534049814e+02,1.808546802377233234e+03,1.960963373379591701e+02,1.493948645246333854e+03,1.907231841858887037e+03,2.335497592888339113e+03,1.931763531301438377e+02,1.411473399136137687e+03,2.885407356673233039e+02,1.444274562163770725e+03,2.467651023096673725e+03,1.037689959889465399e+03,1.302168396122983722e+03,1.441901331641330671e+03,3.196132694708343820e+02,1.035993347582735851e+03,1.181362534376274652e+03,1.441262154863233263e+03,4.182189896941778784e+02,1.676729286644941112e+03,4.498726544563895686e+02,1.810936610460248630e+03,2.863893046312087336e+03,1.000000000000000000e+05,2.576201452109908132e+02,1.475667290963725918e+03,3.051106065948474111e+02,1.268851568215859970e+03,1.271017858774980368e+03,1.619290488578754548e+03,4.243835823658264985e+02,1.771425008561233653e+03,1.000740624892772075e+03,1.533520207635471252e+03,9.571716550799104652e+02,1.314531516431991577e+03,9.054144592349007326e+02,1.786130631576437054e+03,1.041409195260162619e+02,1.324948142017462715e+03,2.361441398070312061e+03,1.576930451884908052e+03,1.982599836902996344e+02
7.706345816937723612e+02,4.421971503047714691e+02,2.403385536118260006e+03,1.300472059715308660e+03,2.415025062164013150e+02,1.255465277368908801e+03,3.776935285921431387e+02,1.657575768769137994e+03,1.000000000000000000e+05,1.088282083192422306e+03,3.031400760897876694e+02,1.582663155618885185e+03,2.664090081423771608e+02,3.584457119594961796e+02,2.153159984755875939e+03,1.092392538724275255e+03,1.365007989966514288e+03,2.313170720449965756e+03,4.295593653457184473e+02,8.529425417276493135e+02,1.784458388104582127e+03,2.984978348814859146e+02,7.772254481172252554e+02,1.536560973225697580e+03,0.000000000000000000e+00,1.347280894876226739e+03,1.000000000000000000e+05,1.225593783331405120e+03,1.779964811851303921e+02,2.152470179616972928e+03,1.745460602897155240e+03,1.378766546804639120e+03,1.298268868139122333e+03,4.298901020469950822e+02,7.818155499150593641e+02,3.019756370897158376e+03,4.014268730819989628e+02,2.939125411500102700e+02,2.175429579931331773e+03,1.090811924552559958e+03,3.182999689054411192e+02,1.188172702774563049e+03,3.013621686834688944e+02,1.346356403623685765e+03,1.000000000000000000e+05,3.823548961954536480e+02,1.076184109560178513e+03,1.776011464526028249e+03,1.697284275679197947e+02,8.717231572398385424e+02,1.770962465611733933e+03,7.319646945606348254e+02,1.414923913973555500e+03,1.000000000000000000e+05,1.785917829788737890e+03,9.119877152678620860e+02,2.227918607174914541e+03,3.949688479755830031e+02,4.377393477459115729e+02,1.287564479110817047e+03,1.960218967787947122e+02,9.881540085013525641e+02,1.000000000000000000e+05,1.941739366719220470e+03,1.929934243437383259e+02,1.430059289434452239e+03,2.882115244278712680e+02,1.155133143971954951e+03,1.475570680942337276e+03,2.696020575885192443e+02,1.021290300373671926e+03,2.403737912518507528e+03,3.190910981083609954e+02,4.114390128499465504e+02,2.017059869616025026e+03,7.174456037363464702e+02,4.174050877752488873e+02,1.059841920500500692e+03,4.498615732890642676e+02,2.055817249994787744e+03,1.000000000000000000e+05,1.143250216248646211e+03,2.575770577912257409e+02,1.797070565880751019e+03,3.045457145636817131e+02,3.354318681114792753e+02,2.069401991557053861e+03,9.451213433419400189e+02,4.236310351925547479e+02,1.000000000000000000e+05,1.623859745318164642e+03,6.536639093471779915e+02,2.230994102460823797e+03,2.757220803007814425e+02,1.366130631576437054e+03,1.765671754598670304e+03,1.041015281308227998e+02,1.248469958193051298e+03,2.510857229885902143e+03,1.320027269931565797e+03
1.894353587488214998e+03,1.480532469304777806e+03,1.000000000000000000e+05,1.891871006175512321e+03,7.032610973709204245e+02,2.200533129446348539e+03,1.655923629398774892e+03,3.778308697499424511e+02,1.000000000000000000e+05,1.821789360981405480e+03,1.259702061583793466e+03,4.153370522032879308e+03,1.709292593506877893e+03,2.666889459413714576e+02,1.000000000000000000e+05,1.918035328775007201e+03,2.463086175351877785e+02,1.000000000000000000e+05,2.002434122631881337e+03,4.303950268860230608e+02,1.000000000000000000e+05,1.468126177853621584e+03,1.221802444451236852e+03,2.253055246034448373e+03,1.056998132940966798e+03,0.000000000000000000e+00,1.000000000000000000e+05,2.043688476812179260e+03,1.202465058511745610e+03,1.000000000000000000e+05,2.339541425087408697e+03,7.585528053286524255e+02,2.245988588619079565e+03,1.571854219217286072e+03,9.445107867226015514e+02,1.000000000000000000e+05,1.944065723750663210e+03,4.019058794479545327e+02,1.000000000000000000e+05,1.855938872887675643e+03,3.700634682170986025e+02,1.941986692978160590e+03,1.448551382737439553e+03,1.836041162935886746e+02,1.000000000000000000e+05,1.605741278271632609e+03,1.386805156091454364e+03,2.339160342136144209e+03,1.412364142545024151e+03,1.698816599896280763e+02,2.270020119956559938e+03,1.595867748168580874e+03,4.187106193514900383e+02,1.000000000000000000e+05,2.342371456070022759e+03,1.686129611546308752e+03,1.000000000000000000e+05,1.609509503800621133e+03,1.171921044000422626e+03,2.067992426064038227e+03,1.487377624518403991e+03,1.960672179413700462e+02,1.000000000000000000e+05,2.196273587058413796e+03,4.314437816560582064e+02,2.310965674012708860e+03,1.729430600944573598e+03,3.344211855845491641e+02,2.099629977099223652e+03,1.235138944420512416e+03,1.208460026826956664e+03,1.000000000000000000e+05,1.687883453604050828e+03,3.194320286379048639e+02,1.000000000000000000e+05,1.648753751983822212e+03,5.239667422241083159e+02,1.856949266826180519e+03,1.496511035083009347e+03,3.903976405576232196e+02,1.000000000000000000e+05,1.862784943936358104e+03,1.316743587637400651e+03,1.000000000000000000e+05,1.737929921192713209e+03,3.048983898192936408e+02,1.000000000000000000e+05,1.813892973561797817e+03,3.473393376219308948e+02,1.000000000000000000e+05,2.138958795093873050e+03,4.372113402051019762e+02,1.000000000000000000e+05,1.519569497386788726e+03,1.402540369105164245e+03,2.229294134091479918e+03,1.225168764000524561e+03,1.041280237949849123e+02,1.000000000000000000e+05,1.941129130880703087e+03
1.122146220470799562e+03,2.890264147859351397e+03,1.986364800390024925e+02,2.226140544113914984e+03,2.112314010698190486e+03,1.475215900355239000e+03,1.304040397143178552e+03,3.838592634675612771e+03,3.606844695002118897e+02,1.690606710361360456e+03,1.715224842974298554e+03,1.701783186429270245e+03,1.108799094078663074e+03,3.411405005098130459e+03,4.137521306732547828e+02,2.826449320230233752e+03,3.181529636947229392e+03,1.511290127850940507e+03,8.010837714082902039e+02,3.468550162446486411e+03,3.664901378268898497e+02,2.258323710144909910e+03,2.120836256201069318e+03,2.120107364115817745e+03,1.776508889276059335e+03,4.138136370079203516e+03,0.000000000000000000e+00,1.829379031651453943e+03,1.700199768262229554e+03,1.161253943042536093e+03,1.088269347920193013e+03,3.671487663621239335e+03,7.113263899019126484e+02,2.409718292229118560e+03,2.257388852670603228e+03,1.854523905018227197e+03,8.553890740192229032e+02,3.412014841871186491e+03,2.451548708978631339e+02,2.329564030557070510e+03,2.470538890896257726e+03,1.564978835941302577e+03,1.436308117898125602e+03,3.935543970695608095e+03,2.151738491628484837e+02,1.568400270890663023e+03,1.941864194718103136e+03,2.182314089378434346e+03,1.593475343067730364e+03,3.918929436308096228e+03,5.903215420169926801e+02,2.820503342701602378e+03,2.717226620029771766e+03,1.297292157823035950e+03,7.007006216625479738e+02,2.955379737004417620e+03,3.586850270531787146e+02,2.241544636466023803e+03,2.019406983039014449e+03,1.793818719547969749e+03,1.413205878605980388e+03,3.293417554577485589e+03,1.959604540649900457e+02,2.359874000101803631e+03,2.678190385930536195e+03,1.584691444386787680e+03,1.169661530112433411e+03,3.682332669056024770e+03,6.141526094905613036e+02,3.423280867005209075e+03,2.197277676502043960e+03,2.113876284501705413e+03,1.188570430191380183e+03,3.663430022039255164e+03,3.185906543549736512e+02,2.303357996817585445e+03,2.259248893250580295e+03,1.177578422186815260e+03,1.641552734837849584e+03,4.039512721728924589e+03,3.885914182287602898e+02,1.688549451239871814e+03,1.639699294729429994e+03,1.741665541100693417e+03,1.075241363735553477e+03,3.411640160381355145e+03,3.548737612826539589e+02,2.366018428400103858e+03,2.607088427149852578e+03,1.417288073749725072e+03,7.016034209521147886e+02,3.467184075255482185e+03,2.699189824656611449e+02,2.135367008661339241e+03,2.097464611210627027e+03,2.211711828397714726e+03,1.971867530311843893e+03,3.991020784562125755e+03,1.386303704146396285e+02,2.175675591525234267e+03
3.590413642836001600e+02,8.541039016915706270e+02,1.486519999406904844e+03,1.989735243159304332e+02,1.087492884015613527e+03,2.813534991876009030e+02,1.672281266645566802e+03,2.634170595359993968e+03,1.000000000000000000e+05,1.259366362494959475e+02,1.130073756685639182e+03,3.206325009619193338e+02,1.316248210017550946e+03,1.371663220948040134e+03,1.774159080498876847e+03,6.153241778709447090e+02,1.665007989966514288e+03,4.445440766742863730e+02,1.483503120364503957e+03,2.158694326939631082e+03,1.156988037347907721e+03,3.667539128975113272e+02,1.302745782113196128e+03,1.780849920826333062e+02,8.911646818071864118e+02,2.091224241794659520e+03,2.400255100684404169e+03,0.000000000000000000e+00,1.004445324617307506e+03,7.071321127930507373e+02,1.886702136190211604e+03,2.924542940098941926e+03,4.185021474465470419e+02,3.627999525510693388e+02,1.277506012635024490e+03,1.777162721902319390e+03,6.171066763742633157e+02,1.221346211831534220e+03,1.670274331430466646e+03,2.984739891165640415e+02,1.258988893815912661e+03,1.834632724369488130e+02,1.203279062617386217e+03,2.300018098429011843e+03,1.483491750839489669e+03,3.216462132251258481e+02,1.374430398298607770e+03,3.239710605728190558e+02,5.716916576749894148e+02,2.136374980522681199e+03,1.400604910607759621e+03,6.585580134925962739e+02,1.892110780543967621e+03,1.000000000000000000e+05,1.747062445944921365e+03,2.016370673468640234e+03,1.151828712925416994e+03,2.676338690140435688e+02,1.214925185591308491e+03,1.602983833935528821e+02,1.013948645246333967e+03,1.728898120109252204e+03,2.353775254429397592e+03,2.803924447962543240e+02,1.043147195895863206e+03,2.827494023702544155e+02,1.282729988838885674e+03,2.408552312737239390e+03,1.054285645201104444e+03,6.681929945398636619e+02,1.378019481444923485e+03,4.404737395377147777e+02,5.158336163795931952e+02,1.181362534376274652e+03,1.475400576584426062e+03,3.195426180674518264e+02,1.256729286644941112e+03,2.915056848701845524e+02,1.640147883698709848e+03,2.629817249994787744e+03,1.000000000000000000e+05,9.059742667525453896e+01,1.086487661397047532e+03,3.776804481360480850e+02,1.307093171782381660e+03,1.310849528558479506e+03,1.661487219189365987e+03,3.756879744025844730e+02,1.466810002216865087e+03,1.802217870431007213e+03,1.575250812006929664e+03,1.020463771238323034e+03,1.359651677226896709e+03,3.983400210588228560e+02,1.379217808470331420e+03,2.820620692166948515e+02,9.781973938885175812e+02,2.195808564499091972e+03,1.623057940961983604e+03,1.388545544099310405e+02
1.048504591076186671e+03,8.178280547604997537e+02,2.274744867547689410e+03,1.364260776485424230e+03,1.987358775881975248e+02,1.234655390720028663e+03,2.809497758994008905e+02,2.009842515565721442e+03,1.000000000000000000e+05,1.095272316781402651e+03,1.259037237250966967e+02,1.507338359137533644e+03,3.199629362584759633e+02,4.198576410113680026e+02,1.950766325978843952e+03,1.918035328775007201e+03,6.331687780283998563e+02,1.716792032291622490e+03,4.434686696889802988e+02,1.604497502241237953e+03,1.650560959110340264e+03,8.721334664924803519e+02,3.661203390572555350e+02,1.399854450147856824e+03,1.780231064316513141e+02,1.580334999294618456e+03,2.420662215753785404e+03,1.220521688850501505e+03,0.000000000000000000e+00,1.520945070713266659e+03,1.465490853935538325e+03,2.119628402786131119e+03,1.206715319686310522e+03,1.033101310541640260e+03,3.619400286415996106e+02,2.060754436158968474e+03,1.132449822826867148e+03,4.224675865885106418e+02,2.123310126340350052e+03,1.855938872887675643e+03,2.981535517680813996e+02,1.188172702774563049e+03,1.832549899305574854e+02,1.836746617759334640e+03,2.415341689322952334e+03,9.016779573733800817e+02,3.215053139287141448e+02,1.645893842449009526e+03,3.236979934714381670e+02,1.526455119448165078e+03,1.578353216862043382e+03,1.296483341656175298e+03,5.467563792889128536e+02,1.000000000000000000e+05,1.709273599187391710e+03,1.686129611546308752e+03,2.210757315999947423e+03,1.031926908777933249e+03,2.672186738880216126e+02,1.287564479110817047e+03,1.599337791590552911e+02,9.881540085013525641e+02,2.418089625198197609e+03,1.732850267227791392e+03,2.803609507521252340e+02,1.370023361235442735e+03,2.820905401125436356e+02,1.662461506984825519e+03,1.208985176007599875e+03,4.395755987009659407e+02,6.245031896513961556e+02,1.870276315384501686e+03,4.398818033937399150e+02,9.671494572352755767e+02,2.017059869616025026e+03,1.272683660531666192e+03,3.188608011275481999e+02,1.059841920500500692e+03,2.914885833203583161e+02,2.067283901225884165e+03,1.000000000000000000e+05,1.143250216248646211e+03,9.059252606842700573e+01,1.634245502321763070e+03,3.769411970482206584e+02,4.221922100158155331e+02,2.001464036373854469e+03,1.813892973561797817e+03,3.751268605875477533e+02,1.000000000000000000e+05,1.597452978265872844e+03,9.550453943594077373e+02,2.210226854866031317e+03,4.383505525987450255e+02,3.979220308380062647e+02,1.634317604193815896e+03,2.819711729722655491e+02,1.705727440645994648e+03,2.320646989068641233e+03,1.320027269931565797e+03
3.400059841684665685e+02,1.256851830188420536e+03,3.590397831795516481e+02,1.004777659308681791e+03,1.537518875196547924e+03,1.988867272102861818e+02,1.726264726090439126e+03,2.880170595359993968e+03,1.833007485379505965e+02,4.446477225002130922e+02,1.570226158985818756e+03,3.606906119518068294e+02,1.152353604521926172e+03,1.599673857612728852e+03,1.774159080498876847e+03,2.368737792116082801e+03,2.178030701814815529e+03,2.518757113838999828e+02,1.513107109688040509e+03,2.598178886298668203e+03,2.587756198176076623e+02,8.710022250799709127e+02,1.756564331177010217e+03,1.466498984733600309e+03,8.743692305760754380e+02,2.415686780033724062e+03,2.400255100684404169e+03,6.830273850603360870e+02,1.275370746896787750e+03,0.000000000000000000e+00,1.904166286468342378e+03,3.135315981560409455e+03,1.884715731765980422e+02,1.122532205959674911e+03,1.697506012635024490e+03,4.349268645968867304e+02,8.351830154354807974e+02,1.242071155226839210e+03,1.820642489618468971e+03,2.126813574129168046e+03,1.631722166675199333e+03,2.983618265090367458e+02,1.505549818086941741e+03,2.559374057199317576e+03,3.046145606428110568e+02,5.560520047463963920e+02,1.620278480931214290e+03,1.691822789224460621e+03,1.000891760099394787e+03,2.197035752831155605e+03,1.417690184821516823e+03,1.860720518973505705e+03,1.954923913973555500e+03,1.698144217333170900e+02,1.747062445944921365e+03,2.533520435523631022e+03,1.803416766533397322e+02,7.945822449141483048e+02,1.634925185591308491e+03,3.588549886376640643e+02,1.380716605527290085e+03,2.221824045436942470e+03,2.373720575681965784e+03,1.832331650550580434e+03,1.262945100464271945e+03,2.803823796124968908e+02,1.423327298386758457e+03,3.115813054824856408e+03,3.321327399615777836e+02,1.096977799683943203e+03,1.816901331641330671e+03,1.062078300134525307e+03,8.137943255613621432e+02,1.714538869661940680e+03,1.496790139773437431e+03,1.149128893667401826e+03,1.676729286644941112e+03,3.192815154925349361e+02,1.891804539613727684e+03,2.875817249994787744e+03,2.118589246610857231e+02,4.137454212760917471e+02,1.500129624195895303e+03,3.885920197331521990e+02,1.118713920334456816e+03,1.430849528558479506e+03,1.770780322275712479e+03,1.813892973561797817e+03,1.848548064523630501e+03,1.996693782926230085e+02,1.627518023248335112e+03,2.017575804082873901e+03,3.318610275757567365e+02,8.308824631676216086e+02,1.860283840675963347e+03,1.684563229823425672e+03,1.089980842148972897e+03,2.378660872012396794e+03,3.951141637245211200e+02,9.310899874531011164e+02
1.309443972626863570e+03,1.964822522598282603e+03,2.170556348386437548e+03,2.226140544113914984e+03,1.220837745914622701e+03,1.522908037447130482e+03,1.985211341570993682e+02,2.880170595359993968e+03,1.373925170353031490e+03,1.690606710361360456e+03,4.437146909055331889e+02,1.986339488504358314e+03,3.606813214926480669e+02,1.887729325694140243e+03,3.193897614539620804e+02,2.510035328775007201e+03,2.517769845060603984e+03,1.833433280465704456e+03,2.518130349287062302e+02,3.075995351041292452e+03,9.293664079064600401e+02,1.515895108665920588e+03,1.113135829380862788e+03,2.120107364115817745e+03,9.613373755296653371e+02,2.415686780033724062e+03,2.388998065967597540e+03,1.829379031651453943e+03,6.454687381681754914e+02,1.473505872611032373e+03,0.000000000000000000e+00,3.145846823897055401e+03,1.266740749165536045e+03,2.387134681618650120e+03,1.578533255559131248e+03,1.000000000000000000e+05,4.348636848783917230e+02,1.638406855804241104e+03,6.601968356031408121e+02,2.321497241966496404e+03,1.656981912359408852e+03,1.564978835941302577e+03,2.978493839552241411e+02,2.559374057199317576e+03,1.231667676505583813e+03,1.568400270890663023e+03,5.655404486222453215e+02,2.220656005967133297e+03,1.254027956404412180e+03,2.197035752831155605e+03,3.234288471243480672e+02,2.438089918943118846e+03,2.081577804291584926e+03,1.000000000000000000e+05,1.693580747080019364e+02,2.905184081353108468e+03,1.127319223830220380e+03,1.609509503800621133e+03,1.012957626801329070e+03,1.793818719547969749e+03,3.586007089940966921e+02,2.060823399608432283e+03,2.335497592888339113e+03,2.359874000101803631e+03,1.362055867133569109e+03,1.826043171103219947e+03,2.803281988401128615e+02,3.115813054824856408e+03,7.544866986071642714e+02,1.546299779218426693e+03,1.396901331641330671e+03,1.000000000000000000e+05,1.406233394996851985e+03,1.924823951315717522e+03,4.393146593752923081e+02,2.303357996817585445e+03,1.465163477161872834e+03,1.360297583323310619e+03,3.182806927564902821e+02,2.875817249994787744e+03,1.000000000000000000e+05,1.688549451239871814e+03,4.130194011142863815e+02,2.020598476964328484e+03,3.885911041837021003e+02,1.823256740647898368e+03,3.762960822243689449e+02,2.366018428400103858e+03,1.728272409132044913e+03,1.789602290475831751e+03,1.994248310421673409e+02,2.029086465578018078e+03,9.583207939695128061e+02,1.513450813373173105e+03,7.350070415451720010e+02,2.211711828397714726e+03,1.193618725768259083e+03,2.378660872012396794e+03,2.278128980803755439e+03,2.175675591525234267e+03
1.930984524726044583e+03,3.588503978214478138e+02,1.000000000000000000e+05,9.323651083470060712e+02,1.407952297836150365e+03,3.835465277368908573e+03,3.035224121570383886e+03,1.699571406687437332e+02,1.000000000000000000e+05,1.421208483006875440e+03,2.448674267247005901e+03,4.087338359137533644e+03,2.167750256867072949e+03,1.191663220948040134e+03,1.000000000000000000e+05,3.188505924240200784e+02,1.412966407647764072e+03,4.233170720449965302e+03,2.460920679088839279e+03,1.961021055978009713e+02,1.000000000000000000e+05,1.032246930901588257e+03,1.936564331177010217e+03,2.730161589497390196e+03,1.351164681807186298e+03,7.396702009037712742e+02,1.000000000000000000e+05,1.508373854925183650e+03,1.578095256197385424e+03,4.011093110024387897e+03,3.639024884164550713e+03,0.000000000000000000e+00,3.786715319686310522e+03,6.666373185419230367e+02,2.122511144332740059e+03,1.000000000000000000e+05,2.119318459350663488e+03,9.539479100732298775e+02,1.000000000000000000e+05,6.955438913280906945e+02,1.554953829719969690e+03,1.941986692978160590e+03,2.784573733944319429e+03,3.377124231284261100e+02,1.000000000000000000e+05,1.176400682715130415e+03,2.679184168987402700e+03,4.225893842449009753e+03,1.227638042321753346e+03,3.778117749623687018e+02,1.000000000000000000e+05,3.108131057311715040e+02,1.871948860273196260e+03,1.000000000000000000e+05,1.000000000000000000e+05,1.989768199485859839e+02,1.000000000000000000e+05,1.168661177285978738e+03,2.047977439191284020e+03,2.567002067230815555e+03,2.710523586311557210e+03,1.242106391425772927e+03,1.000000000000000000e+05,2.196273587058413796e+03,1.411473399136137687e+03,4.081559408835668364e+03,2.610078316895252556e+03,1.692317495975963482e+02,2.233711421772729864e+03,6.333532477403851999e+02,1.996901331641330671e+03,1.000000000000000000e+05,1.539205913249632204e+03,3.903951766745472582e+02,1.000000000000000000e+05,6.473464811003314026e+02,1.908494818741365862e+03,1.856949266826180519e+03,2.953698276069299482e+03,3.196246908202658688e+02,1.000000000000000000e+05,1.493062081447555101e+03,2.479124189164156178e+03,4.214245502321763524e+03,2.205185291097157460e+03,1.079162521733994481e+03,1.000000000000000000e+05,3.870568963814435506e+02,1.667290463651620939e+03,1.000000000000000000e+05,1.000000000000000000e+05,2.997661558542669127e+02,1.000000000000000000e+05,1.069833724586971584e+03,2.617454170245757723e+03,4.185726904779838151e+03,1.276283330327348040e+03,3.984367623067828958e+02,1.000000000000000000e+05,1.002081998471081079e+03
1.601442909493923423e+02,1.969318551966256791e+03,3.585891994631763851e+02,1.789893393359508309e+03,1.079518875196547924e+03,1.803440804457304694e+02,9.994193239694220665e+02,2.661239278312913029e+03,3.232721613152227178e+02,3.388858525515283873e+02,1.079964664153866352e+03,4.407932234372698872e+02,4.813129890379950666e+02,1.887729325694140243e+03,1.685099073928059397e+03,2.426906674471380938e+03,1.705307868074762155e+03,3.950124097323657679e+02,4.378403540329275074e+02,2.978291925858303784e+03,1.960377957875391246e+02,6.905659582279150754e+02,1.299987786056895857e+03,1.536560973225697580e+03,7.777754795953579787e+02,2.445212355530031800e+03,2.388998065967597540e+03,4.185855847329656285e+02,9.199476144252359973e+02,1.885088340462837948e+02,1.873209476856919082e+03,2.938845564552101678e+03,0.000000000000000000e+00,1.122532205959674911e+03,1.288910234637040958e+03,9.036547065932495570e+02,2.865526516592177586e+02,1.242071155226839210e+03,1.642009213552476922e+03,2.126813574129168046e+03,1.656981912359408852e+03,2.463208719069191659e+02,9.253712885208725538e+02,2.343137257491753189e+03,3.373444311408581484e+02,3.084677622248019020e+02,1.443688984681726879e+03,1.776011464526028249e+03,5.899733367820954300e+02,2.136374980522681199e+03,3.777153984828470925e+02,2.438089918943118846e+03,2.084212512904695359e+03,3.582960659646926729e+02,1.694135846032025711e+03,2.533520435523631022e+03,1.987471795649026944e+02,4.269148767266203777e+02,1.214925185591308491e+03,3.590424387098038324e+02,7.218170682735400305e+02,1.765242705780265624e+03,2.335497592888339113e+03,1.941739366719220470e+03,1.043147195895863206e+03,3.433226282067162174e+02,6.086253039408215955e+02,3.115813054824856408e+03,1.691607488486876605e+02,1.103410071442503522e+03,1.408019481444923485e+03,1.886393458264183209e+03,3.252471023259890330e+02,1.765838192005377550e+03,3.903844338887868730e+02,2.126433241565594017e+03,1.307263341128015554e+03,1.654494500894357429e+02,1.683168832993251954e+03,2.907828211362456841e+03,3.718998098319982546e+02,3.329253469058621135e+02,1.019797930139665482e+03,7.280195118030183039e+02,3.925814732700642935e+02,1.694586360331429660e+03,1.635480877972622693e+03,2.311153334783762148e+03,1.508521652887436630e+03,3.750791162103550391e+02,1.085051106162679616e+03,2.551852179877543676e+03,2.996327229092953530e+02,4.069747868083435378e+02,1.470283840675963347e+03,1.765671754598670304e+03,7.752485587464515220e+02,2.223720366577190362e+03,4.136254194412267111e+02,1.413879917095775227e+03
1.024199647202347251e+03,1.602918058177815510e+02,1.000000000000000000e+05,2.677261791668134379e+02,8.956063099991272338e+02,8.487136189508112238e+02,1.762618439884863392e+03,9.246630688589614238e+02,1.000000000000000000e+05,3.236037768969608237e+02,1.350625096693438081e+03,1.601824308145705572e+03,1.111849763851016633e+03,6.810661897243776366e+02,2.222079543207456481e+03,3.013796179664334431e+02,9.295333923816147035e+02,2.313170720449965756e+03,1.642798658416486887e+03,3.113546765198170760e+02,1.650560959110340264e+03,1.960780611674963723e+02,1.336564331177010217e+03,6.229415223697606052e+02,4.298585974027087673e+02,9.235282690957317300e+02,1.000000000000000000e+05,3.628440869894531602e+02,9.945545506726095937e+02,2.152470179616972928e+03,2.364108712366038162e+03,7.028939107862969422e+02,1.165678441708309492e+03,0.000000000000000000e+00,1.633547950247041399e+03,1.000000000000000000e+05,1.334253407165276030e+03,2.867942654825139925e+02,1.000000000000000000e+05,2.671286589918894947e+02,8.663688918049442691e+02,6.989820852695106623e+02,1.272024487846533248e+03,1.244030661334359365e+03,1.000000000000000000e+05,3.375708307166783584e+02,1.576864547873136871e+03,1.501305599643237201e+03,3.634078276758136212e+02,6.793741615605048310e+02,1.790132037693207167e+03,1.688620745493245181e+02,1.703942947708545034e+03,1.000000000000000000e+05,2.199492213412237106e+03,2.814530133401382272e+02,2.324486307806195782e+03,1.988940298533068756e+02,1.244373304205696286e+03,6.887685336077665852e+02,1.053572241344453232e+03,8.813829237779455070e+02,1.000000000000000000e+05,4.307279444312630972e+02,4.024498891935730285e+02,8.923153462728564591e+02,1.192382987661271045e+03,7.117732260472942016e+02,1.470152497331949689e+03,1.692056519402288473e+02,1.396901331641330671e+03,2.500013636992170177e+03,4.455688813489123845e+02,3.255815867017048504e+02,2.214940680030377735e+03,9.804970998363431534e+01,1.332456838872477192e+03,7.068922407677237061e+02,1.891804539613727684e+03,1.252237669547002042e+03,1.000000000000000000e+05,3.722747189151391467e+02,1.189086065541265043e+03,1.697470116688103190e+03,1.220730519758288210e+03,3.929636278595846193e+02,2.232671648808424834e+03,2.095399309219718020e+02,9.835995415806980873e+02,1.000000000000000000e+05,1.810356773827300458e+03,2.307697003910414253e+02,2.343531075702981070e+03,2.997141632330452126e+02,1.799217808470331420e+03,7.854516300198739600e+02,3.318685947213996315e+02,8.902646368815610458e+02,1.000000000000000000e+05,2.928471039950052841e+02
1.048504591076186671e+03,1.388532469304777806e+03,2.274744867547689410e+03,1.571524461307548791e+03,2.674502352927214019e+02,1.255465277368908801e+03,9.167404643764316461e+02,1.781178598555456801e+03,1.000000000000000000e+05,1.095272316781402651e+03,3.227830966676243065e+02,1.573370522032879535e+03,8.048873639294376972e+02,4.407576986809374944e+02,1.930897876368729612e+03,1.786064661463424272e+03,3.013717976855246548e+02,4.233170720449965302e+03,1.502632865123311603e+03,1.604497502241237953e+03,2.153816649726262312e+03,1.001505278650430910e+03,1.959813807103968770e+02,1.536560973225697580e+03,6.779690184732980924e+02,1.129243008227204427e+03,2.420662215753785404e+03,1.225593783331405120e+03,3.620508500895496127e+02,4.011093110024387897e+03,1.465490853935538325e+03,1.780467330615469336e+03,1.206715319686310522e+03,1.384693016204838841e+03,0.000000000000000000e+00,1.000000000000000000e+05,1.132449822826867148e+03,8.580474466108680645e+02,2.123310126340350052e+03,1.855938872887675643e+03,2.670391825518287874e+02,1.188172702774563049e+03,6.509425720915755846e+02,1.733724659157708629e+03,2.392209376677242290e+03,9.016779573733800817e+02,3.370335107378662087e+02,1.705165886494151664e+03,7.344290873774883721e+02,1.068849771582889161e+03,1.808831383443355207e+03,1.595867748168580874e+03,1.686886801134752716e+02,1.000000000000000000e+05,1.684225026013216166e+03,1.686129611546308752e+03,1.000000000000000000e+05,1.031926908777933249e+03,1.985364235680926299e+02,1.287564479110817047e+03,6.655507291690890952e+02,3.590414447829112987e+02,2.397633360622372948e+03,1.832331650550580434e+03,4.304767384070869412e+02,1.430059289434452239e+03,7.869483728783294509e+02,1.662461506984825519e+03,1.208985176007599875e+03,8.432808670052091884e+02,1.690971159614682051e+02,2.001158368128611983e+03,1.032604236708366670e+03,1.011267561983296446e+03,2.026093978664443284e+03,1.444796315049205759e+03,9.801502164187509436e+01,1.059841920500500692e+03,6.095237348287843133e+02,2.067283901225884165e+03,1.000000000000000000e+05,1.143250216248646211e+03,3.713385528262253956e+02,1.699224971853873058e+03,8.485180759309974974e+02,8.897564977295958215e+02,2.001464036373854469e+03,1.722494751564482158e+03,2.095384438161991056e+02,1.000000000000000000e+05,1.659684280444273554e+03,1.557500723849478618e+03,2.222853267044242330e+03,8.443975682539917216e+02,2.995219752182791808e+02,1.699460259572073483e+03,6.785955161714380210e+02,1.676906524776165043e+03,2.320646989068641233e+03,1.320027269931565797e+03
1.019270089017383043e+03,2.499951271153639937e+03,2.420204853688769163e+03,9.962227964507864044e+02,1.946870146986963846e+03,4.082354498580850759e+02,2.852215814901308022e+03,3.802503117144590306e+03,1.000000000000000000e+05,8.356133708192759286e+02,2.308782747739008755e+03,1.699250985345685194e+02,2.079975173881957744e+03,3.758302325709434626e+03,1.000000000000000000e+05,1.374388956763967599e+03,2.812047763044581643e+03,1.836023217567181689e+02,2.299871811317180800e+03,2.598178886298668203e+03,2.421664528811253604e+03,1.201313776998579897e+03,1.876564331177010217e+03,4.022172487639945757e+02,1.354369230576075324e+03,4.066669282585264682e+03,1.000000000000000000e+05,8.525511294104608169e+02,1.452554550672609594e+03,4.348928243114770567e+02,2.922148037033410219e+03,3.092968626642479649e+03,1.019643703113983861e+03,2.381308171319270514e+03,2.126899617603566185e+03,0.000000000000000000e+00,1.995944786056862540e+03,2.945993076925219611e+03,2.175429579931331773e+03,1.062049283150693554e+03,2.349045916330452201e+03,4.302585911002184957e+02,2.312059849395485799e+03,3.847372643544899802e+03,1.000000000000000000e+05,1.059593557035489539e+03,2.532089540867405503e+03,2.669111918077391579e+02,1.475638042321753346e+03,3.761390958899884026e+03,1.578353216862043382e+03,2.438089918943118846e+03,2.658884167097416139e+03,3.606873541863628816e+02,2.256183015739233724e+03,2.533520435523631022e+03,1.000000000000000000e+05,1.535162729459024831e+03,1.773373304205696286e+03,3.398164837810286372e+02,2.213948645246333854e+03,3.252994303575336744e+03,1.000000000000000000e+05,8.965692122239474884e+02,2.243147195895863206e+03,2.486692447200322817e+02,2.315837062295910073e+03,3.613407076250378850e+03,1.222025164850089595e+03,2.093473600394873756e+03,1.816901331641330671e+03,1.198374799958485113e+02,1.503147755137277045e+03,3.591637763276000896e+03,2.097633760228536630e+03,1.193133328442100265e+03,1.976776364530028786e+03,8.674095585655927607e+02,2.590936610460248630e+03,3.999701170655225724e+03,1.000000000000000000e+05,6.426760488825711946e+02,2.263536317121881893e+03,1.101821492151816955e+02,2.040676927108639575e+03,2.618673930972934158e+03,2.112831241241937732e+03,1.177028555915235302e+03,2.526762840168220919e+03,2.691949292402242691e+02,1.760638326915148809e+03,2.551852179877543676e+03,1.000000000000000000e+05,1.171933480423188030e+03,2.566130631576437281e+03,3.757180401075834197e+02,2.056546000499843558e+03,3.909441743470749770e+03,1.000000000000000000e+05,9.578498051936505817e+02
1.960648593416295569e+02,1.732183912244357543e+03,9.415746892487229616e+02,1.940030420363962548e+03,8.885251671957893222e+02,4.258857027405638291e+02,4.076901191635049031e+02,2.604586138780980946e+03,8.826657903778502714e+02,4.187122067076364260e+02,7.336022423375325161e+02,9.458491922244149919e+02,1.696092836150176026e+02,1.569269564820781852e+03,4.271068015507940459e+02,2.426906674471380938e+03,1.640404841347617321e+03,8.958888296088250627e+02,1.835808274253402033e+02,2.101636818190136182e+03,3.181588031599856095e+02,3.701674028732061856e+02,1.310987786056895857e+03,1.536560973225697580e+03,4.015317741672069474e+02,2.091224241794659520e+03,2.400255100684404169e+03,7.599605737595984465e+02,6.635991921237057340e+02,5.980034221803475702e+02,4.347865824534928834e+02,2.752845564552101678e+03,2.866859383616547916e+02,8.118000010639153743e+02,1.277506012635024490e+03,1.183627825689289239e+03,0.000000000000000000e+00,1.242071155226839210e+03,1.670274331430466646e+03,2.159534154338412009e+03,1.206115898095066996e+03,4.366497288916668253e+02,4.294589924848654618e+02,2.138792898774437617e+03,9.550900015893746513e+02,2.463138978700815187e+02,1.261417502973280534e+03,1.776011464526028249e+03,2.665796826481596895e+02,2.069804642274905746e+03,2.319875682622100044e+02,1.996163794643968913e+03,1.626556831012861267e+03,8.688046991694893677e+02,3.606739437462456408e+02,2.172768353634295636e+03,3.990200907688899292e+02,3.845394785361062304e+02,1.214925185591308491e+03,7.540632540649201019e+02,3.391286048668882245e+02,1.728898120109252204e+03,2.353775254429397592e+03,1.941739366719220470e+03,8.638208544678971066e+02,7.929553832091653476e+02,2.482871723291974888e+02,2.305505080933246063e+03,1.591013960666288369e+02,9.063898600893107869e+02,1.408019481444923485e+03,1.904667090183115306e+03,1.197504782499870402e+02,1.690062054968673692e+03,3.598405864559293832e+02,1.760891398117816607e+03,1.256729286644941112e+03,2.680397594358928473e+02,7.897566277979257165e+02,2.617893046312087336e+03,9.171033410640620787e+02,5.990482379126242449e+02,6.412328198859745498e+02,1.014100107549360132e+03,1.099753010109268274e+02,1.430849528558479506e+03,4.294631682311505756e+02,2.268001652009763802e+03,1.395440620282210148e+03,8.914561187819108454e+02,2.691931164698193584e+02,1.896049931203430560e+03,3.861552205305462735e+02,2.667108612335672433e+02,1.379217808470331420e+03,1.765671754598670304e+03,3.752565396884824622e+02,2.177684561533566921e+03,1.021860903008654304e+03,1.413879917095775227e+03
1.168535473487685977e+03,1.960949931558537571e+02,2.540204853688769163e+03,8.478181967258365148e+02,3.147975401814119891e+02,1.493417208271684558e+03,1.292143335392523113e+03,1.159113173197438755e+03,1.000000000000000000e+05,9.176145861561751644e+02,1.112226158985818756e+03,2.169971707895393592e+03,9.711452589940487314e+02,1.698046979024982761e+02,2.729740998252050758e+03,7.581635711348415043e+02,3.822456524825246902e+02,2.265632870129728417e+03,1.533376584934224411e+03,3.013786541373414138e+02,1.784458388104582127e+03,3.185555573703701384e+02,1.285175192654192188e+03,1.205817510300817503e+03,2.938498970347401951e+02,4.019736331471997914e+02,1.000000000000000000e+05,1.010035264353632783e+03,4.224532718395004167e+02,2.152470179616972928e+03,1.880707700821261369e+03,7.637665468046391197e+02,1.479948627616929343e+03,2.868776066899013131e+02,9.309251704388575490e+02,3.019756370897158376e+03,1.285017281233001995e+03,0.000000000000000000e+00,2.295429579931331773e+03,8.138091375621254429e+02,2.984115531572810482e+02,1.165552371018962731e+03,1.166919467829332234e+03,4.303648515175750049e+02,1.000000000000000000e+05,7.375285576180153839e+02,1.443688984681726879e+03,2.298334614808208244e+03,3.583186943554619006e+02,2.667992045944548636e+02,1.790132037693207167e+03,3.032806935738054221e+02,8.559348603526276520e+02,1.000000000000000000e+05,1.935554222780865530e+03,3.606912664533246016e+02,2.320719172959318257e+03,3.994771503181763137e+02,1.164777526451107406e+03,1.220539745324530941e+03,8.440211899857329172e+02,3.395475365707806645e+02,1.000000000000000000e+05,1.122039845465252938e+03,1.506862000534744652e+02,1.764842349211983901e+03,1.085992328162180002e+03,3.841047610798488563e+02,1.475570680942337276e+03,1.592922754568855055e+02,1.283762518664875643e+03,2.403737912518507528e+03,8.885602972580350070e+02,1.198072735389962702e+02,2.217633760228536630e+03,3.734569133804409375e+02,7.758582227509963332e+02,1.131586940143153925e+03,1.615274916516377516e+03,2.073828211362456841e+03,1.000000000000000000e+05,1.025451475815258391e+03,1.047991892348571810e+03,2.259111091576205581e+03,1.024031449070963390e+03,1.101044417932891974e+02,2.232831241241937732e+03,4.463327872710092379e+02,3.914820208612730426e+02,1.000000000000000000e+05,1.736298973828805401e+03,2.095397174227802566e+02,2.341871249059679485e+03,3.866504010304785197e+02,1.440283840675963347e+03,1.972002871287234711e+03,2.559609749990043497e+02,3.755669999434539932e+02,1.000000000000000000e+05,8.845919008363089233e+02
7.968586005775771355e+02,2.499951271153639937e+03,1.960185279345446077e+02,2.236460898561468184e+03,2.209120500298354273e+03,1.018393311678027430e+03,8.600137412914453989e+02,3.778342989039112126e+03,7.401653189610758545e+02,1.626706373684674872e+03,1.336623663394329469e+03,1.595748340747121574e+03,8.200988897722641013e+02,3.411405005098130459e+03,1.693389910034887293e+02,2.490534237270079757e+03,3.013337456996280707e+03,1.413903901780126034e+03,4.203851542048311671e+02,3.029250057836155065e+03,3.013681943387053366e+02,2.241303404516250794e+03,1.871387020059128417e+03,1.985975286996609839e+03,1.512627558613135534e+03,3.494743115649228912e+03,2.452384316467843064e+02,1.776729779351858042e+03,1.741366458326308930e+03,7.972217443116149980e+02,7.669217561079349252e+02,3.543055491580236776e+03,6.694680973941950697e+02,2.383003779964488331e+03,2.195452922760160163e+03,1.694484849421520266e+03,6.316518847884965453e+02,3.412014841871186491e+03,0.000000000000000000e+00,2.321497241966496404e+03,2.600374449005297720e+03,1.474562139346448475e+03,9.952058231742755652e+02,3.733678732900225896e+03,2.670000787359339256e+02,1.015095840785921723e+03,1.531570513585964818e+03,1.896593015249768996e+03,1.582749513858089813e+03,3.769896078800949454e+03,2.662528035074842023e+02,2.438089918943118846e+03,2.468725290877805037e+03,1.171329476598577685e+03,3.194302335416998062e+02,2.905184081353108468e+03,3.606833533065571373e+02,1.784877088867951443e+03,1.685659194234686993e+03,1.601169878372686981e+03,1.012312193858150749e+03,3.252994303575336744e+03,1.984071476963941905e+02,2.279442659636071312e+03,2.821976284044429576e+03,1.470855587588190701e+03,7.447896718096818631e+02,3.684541608882258515e+03,3.839092395724739504e+02,2.880039337733245247e+03,2.197277676502043960e+03,1.819831357872045373e+03,9.485704301913801828e+02,3.598414713883315471e+03,1.196671709388942162e+02,2.321903417493254892e+03,2.345680084778854962e+03,9.375784221868153736e+02,1.226175984523697934e+03,4.005353205801486638e+03,1.105221294026397118e+03,1.631841400151224661e+03,1.327209887045157757e+03,1.639116605842807985e+03,8.405944153884561274e+02,3.411640160381355145e+03,1.097948064506442307e+02,2.405892973561798044e+03,2.627328263853346016e+03,1.290851915000452436e+03,3.471283031674137760e+02,2.939496420008616951e+03,2.095378089558964518e+02,1.492870627619451625e+03,1.879582182293940377e+03,2.038062965272648171e+03,2.178197393888517581e+03,3.652441582837011993e+03,1.994746763833666705e+02,2.175675591525234267e+03
8.701680247902875180e+02,3.542128088669324484e+02,1.535979064381720491e+03,9.948676215796521660e+01,1.354208593743976280e+03,7.259575840098616482e+02,1.672281266645566802e+03,9.094430136593005045e+02,1.617578406668367961e+03,3.588298661943012462e+02,1.620293567788998189e+03,6.421353769391014339e+02,1.346969539152004927e+03,9.254107546606601318e+02,1.774159080498876847e+03,1.699622168804988576e+02,1.427776446945111502e+03,8.068334327323998423e+02,1.456113712484028383e+03,4.099892188560831983e+02,1.191213875750101579e+03,4.201240140860592760e+02,1.832671028247232243e+03,3.188264426905552682e+02,1.062250614259585973e+03,1.413443503905807574e+03,2.412195458361244619e+03,2.984227332248497078e+02,1.467197721679089000e+03,9.232611288145445769e+02,1.904166286468342378e+03,6.734112594384287149e+02,8.939857359237857963e+02,2.671076812895926764e+02,1.633547950247041399e+03,8.127367202666880530e+02,1.158453619768109093e+03,7.650471780883576685e+02,1.820642489618468971e+03,0.000000000000000000e+00,1.314953829719969690e+03,6.125525782678892028e+02,1.592059849395485799e+03,1.198812479421270382e+03,1.541941233782105428e+03,7.988370866596349060e+02,1.752089540867405503e+03,5.487773755461996643e+02,1.017047705944134236e+03,1.009473318334022451e+03,1.434868671939930209e+03,2.668686477368088958e+02,1.703942947708545034e+03,1.620308207724534441e+03,1.747062445944921365e+03,3.206796189237454087e+02,1.193610673132953480e+03,3.606884125674509960e+02,1.654832197931663131e+03,4.447288130002567641e+02,1.494277349036973646e+03,1.337225921539365572e+03,2.373720575681965784e+03,1.826213424796273159e+02,9.014794436411059451e+02,6.534063733937881580e+02,1.444274562163770725e+03,8.070084584895849957e+02,1.073331393903964681e+03,4.362567943057517823e+02,1.899269523184312220e+03,6.955663523707462446e+02,1.035993347582735851e+03,7.114300220392551637e+02,1.496790139773437431e+03,1.692269911377019298e+02,1.483530102438673566e+03,8.000737779440828490e+02,1.743313395948930292e+03,1.214477088573853734e+03,1.000000000000000000e+05,3.683663043317448569e+02,1.579863383067166069e+03,6.844100627778000216e+02,1.290268746416771137e+03,8.648465680694826005e+02,1.770780322275712479e+03,1.101935333037471452e+02,1.412051782660257231e+03,1.485517662368336460e+03,1.627518023248335112e+03,3.931503983985461446e+02,1.396100206359703634e+03,9.054144592349007326e+02,1.921674189895596555e+03,3.777558130141755441e+02,9.027806152744193469e+02,1.332450517316554624e+03,1.874410525413668438e+03,1.600242818144359376e+02
1.048504591076186671e+03,9.081520937269447131e+02,1.000000000000000000e+05,1.891871006175512321e+03,9.936793879409876240e+01,1.332019793348292069e+03,1.340480695850751772e+03,2.009842515565721442e+03,1.000000000000000000e+05,1.095272316781402651e+03,3.585410092628343932e+02,2.262330561121620576e+03,1.265586347831188050e+03,1.803435340329879182e+02,2.821960275991403705e+03,1.918035328775007201e+03,1.697402020749949259e+02,4.331005355923522075e+03,1.611831355582796732e+03,1.604497502241237953e+03,1.000000000000000000e+05,1.001505278650430910e+03,4.201127361676323062e+02,1.673501929081495746e+03,3.182729848019931183e+02,3.701975823001619688e+02,1.000000000000000000e+05,1.225593783331405120e+03,2.979942385159869787e+02,4.100945070713266432e+03,2.082205118018124267e+03,2.119628402786131119e+03,2.019793030804302362e+03,1.503955561211688064e+03,2.669780264359803823e+02,1.000000000000000000e+05,1.587192942308043939e+03,2.985044145672532636e+02,1.000000000000000000e+05,1.855938872887675643e+03,0.000000000000000000e+00,1.188172702774563049e+03,1.053997643968578814e+03,1.836746617759334640e+03,1.000000000000000000e+05,9.016779573733800817e+02,8.802847834169499492e+02,1.881237520678215560e+03,7.344290873774883721e+02,3.634178961460743835e+02,1.886223449882964815e+03,1.595867748168580874e+03,2.664296482262812447e+02,1.000000000000000000e+05,2.268952250606515918e+03,1.686129611546308752e+03,1.000000000000000000e+05,1.031926908777933249e+03,3.606760987835051537e+02,1.407992426064038227e+03,4.439076250717265566e+02,1.833414465937192119e+02,1.000000000000000000e+05,2.014084710485934238e+03,1.824278300049681150e+02,1.559390115293023428e+03,1.238234535677042459e+03,1.931660123032391539e+03,1.955208755838292518e+03,4.196535913746372444e+02,4.359936959865742665e+02,1.000000000000000000e+05,1.032604236708366670e+03,3.433171500002104040e+02,2.931282683980649836e+03,1.648753751983822212e+03,1.691465928947834811e+02,1.059841920500500692e+03,1.091559021115234600e+03,2.067283901225884165e+03,1.000000000000000000e+05,1.143250216248646211e+03,3.679309548889079906e+02,4.214245502321763524e+03,1.391282136151202621e+03,2.214483509362976008e+02,2.924017540480593198e+03,1.722494751564482158e+03,1.100124042743521215e+02,1.000000000000000000e+05,1.762760976098144738e+03,1.355582985408924287e+03,1.000000000000000000e+05,9.867479656075115599e+02,8.663914805110390489e+02,1.856628694791818361e+03,3.772234207985585499e+02,4.222240783786701854e+02,1.000000000000000000e+05,1.883771488252323024e+03
2.405376066579624705e+02,1.032783841795023363e+03,1.424138013642599617e+03,3.801963539933797165e+02,1.087492884015613527e+03,9.944336360514309092e+01,1.289950120714110199e+03,2.421239278312913029e+03,6.497179821486686251e+02,1.602623864808783196e+02,1.130073756685639182e+03,2.677079613804461360e+02,6.769695391520049270e+02,1.340128782241549061e+03,1.659184702423730414e+03,2.368737792116082801e+03,1.525307868074762155e+03,3.236341480672256807e+02,1.422889054234452033e+03,2.118622538524441097e+03,4.407084941372434059e+02,4.097016180844730684e+02,1.302745782113196128e+03,3.013792187673285525e+02,8.911646818071864118e+02,2.032224241794659292e+03,2.388998065967597540e+03,1.834880360682118123e+02,1.004445324617307506e+03,2.982564865592233332e+02,1.873209476856919082e+03,2.676992583998226564e+03,2.463097302538481017e+02,6.985349310329157788e+02,1.346665904263538550e+03,4.304039126072530621e+02,4.365439375475742168e+02,1.156899922771747015e+03,1.623875491226878239e+03,1.855938872887675643e+03,1.171722166675199333e+03,0.000000000000000000e+00,1.112059849395485799e+03,2.107525475362124325e+03,1.411107947762509411e+03,2.867432236583366034e+02,1.332089540867405503e+03,3.778315490867408357e+02,5.716916576749894148e+02,1.918374980522681426e+03,1.366419138641291283e+03,1.823075151154971081e+03,1.447884167097415911e+03,4.149681919770476384e+02,1.664933045836685324e+03,2.354990325516389021e+03,4.197610954601367439e+02,3.204741158515224129e+02,1.253163825068933875e+03,1.259394995611120294e+02,1.013948645246333967e+03,1.585242705780265624e+03,2.335497592888339113e+03,9.112889820477631702e+02,1.043147195895863206e+03,1.825595177531034210e+02,1.115837062295910073e+03,2.385060780719250943e+03,3.888727088725140675e+02,6.906663798494751063e+02,1.378019481444923485e+03,4.307163850640478699e+02,4.023974333999393593e+02,1.301515753757054426e+03,1.428786186878146509e+03,8.227021462099720566e+02,1.251393479583233784e+03,1.691961867636276509e+02,1.390936610460248630e+03,2.422828211362456841e+03,6.731561307585875511e+02,1.171306199945571649e+02,1.086487661397047532e+03,3.273757421690087881e+02,6.370931717823816598e+02,1.307164975399606419e+03,1.619290488578754548e+03,1.813892973561797817e+03,1.292548064523630501e+03,3.721984739415001400e+02,1.533520207635471252e+03,1.210542126985576260e+03,1.314531516431991577e+03,3.928823441454284762e+02,1.366130631576437054e+03,3.885921131718635593e+02,6.549481420174627146e+02,1.991720366577190362e+03,1.546002437760668272e+03,3.213266707004607383e+02
1.048504591076186671e+03,1.504715887771318421e+03,2.188827717656788082e+03,2.047716288028127110e+03,3.798155044622114360e+02,1.332019793348292069e+03,9.926056707854968408e+01,2.021328081441846280e+03,2.686828951769522064e+03,1.095272316781402651e+03,1.598480944167587552e+02,2.198338359137533644e+03,2.673948497537027151e+02,1.317630883559818813e+03,1.329760797258336652e+03,2.357222114925811638e+03,1.311441219955995166e+03,4.233170720449965302e+03,3.228528317871184754e+02,2.042988591216930672e+03,1.690669827502284988e+03,1.050788934017587508e+03,4.085435150747140369e+02,1.673501929081495746e+03,3.013700781587833148e+02,1.686867998123132111e+03,2.388998065967597540e+03,1.225593783331405120e+03,1.833138538163517808e+02,2.211945070713266432e+03,2.976362651804219013e+02,2.658630255990924525e+03,1.737965473204582167e+03,1.669336443778287730e+03,6.506934115514667383e+02,1.000000000000000000e+05,4.298289774887709882e+02,1.268026819836759614e+03,2.100000413258161643e+03,2.203790482193953721e+03,9.918820042399852355e+02,1.188172702774563049e+03,0.000000000000000000e+00,1.843813194888119142e+03,2.323004306098337111e+03,9.016779573733800817e+02,2.861104645472137236e+02,1.881237520678215560e+03,3.777730339866780014e+02,1.721374980522681426e+03,1.285044289750138660e+03,1.818826627610012110e+03,1.235693785372813863e+03,1.000000000000000000e+05,4.138009462336046909e+02,2.132347472492332145e+03,2.227918607174914541e+03,1.031926908777933249e+03,3.195859265023593139e+02,1.344639435584807870e+03,1.259105244789321034e+02,1.385260682082851417e+03,2.353775254429397592e+03,2.014084710485934238e+03,7.443594423394426940e+02,1.559390115293023428e+03,1.822263937890113255e+02,1.960717610944793705e+03,1.501552202764159574e+03,1.320351614168165270e+03,9.679097535762750795e+02,2.959252463493472078e+03,4.304198628927618415e+02,1.597890908722620225e+03,1.370011063290718994e+03,1.760162288197499038e+03,9.610117642249325627e+02,1.059841920500500692e+03,1.690782930871042709e+02,2.055817249994787744e+03,1.000000000000000000e+05,1.143250216248646211e+03,1.168877835099858657e+02,2.294245502321763070e+03,3.269831909467113178e+02,1.307164975399606419e+03,1.352105855670418805e+03,1.813892973561797817e+03,1.139986405832427636e+03,1.000000000000000000e+05,3.711691534253712348e+02,1.778951134062782103e+03,2.094172077489145522e+03,9.867479656075115599e+02,3.918903088310686371e+02,1.856628694791818361e+03,3.885914535014119338e+02,1.746181977126898119e+03,2.291580702068852588e+03,1.883771488252323024e+03
1.756984524726044583e+03,4.414487573929952759e+02,1.000000000000000000e+05,1.891871006175512321e+03,8.056960957306703222e+02,1.976588045948662966e+03,1.543667716615219661e+03,1.961069306982880960e+02,1.000000000000000000e+05,1.759044616288575071e+03,1.200949666157670208e+03,2.389171301888037306e+03,1.622569830991538311e+03,3.587784017595151340e+02,2.525978966220578059e+03,1.918035328775007201e+03,4.187113570914810907e+02,4.233170720449965302e+03,1.953006273072906879e+03,3.237309964371778506e+02,1.000000000000000000e+05,1.362246930901588257e+03,1.197018191020315953e+03,2.195226290086073732e+03,1.106229045836027126e+03,1.836005811102824339e+02,1.000000000000000000e+05,1.944795439669743018e+03,1.112875912126679395e+03,2.384552023584813014e+03,1.989533003215922236e+03,3.377628511122838404e+02,2.126715454734531704e+03,1.473684024158220836e+03,9.762292924133564611e+02,1.000000000000000000e+05,1.796674949589453263e+03,4.301913982239104257e+02,1.000000000000000000e+05,1.855938872887675643e+03,6.651685973725226404e+02,1.908848417980642580e+03,1.433394047664022537e+03,0.000000000000000000e+00,1.000000000000000000e+05,1.541741278271632609e+03,1.336698026312064485e+03,2.598334614808208244e+03,1.353298202231265805e+03,1.688346390049084391e+02,2.211955701868791948e+03,9.807929345318618743e+02,8.449488602731962601e+02,1.000000000000000000e+05,2.170156651984965720e+03,4.153081060319105973e+02,1.000000000000000000e+05,1.566088904047294136e+03,1.146143235868641341e+03,2.035639435584807870e+03,1.436266185988733696e+03,3.606861580799096032e+02,1.000000000000000000e+05,2.196273587058413796e+03,6.913049393345233966e+02,2.161559408835668364e+03,1.680435860181797352e+03,1.825991677767033821e+02,2.086744498473315161e+03,9.101953978596593515e+02,1.163206096960454261e+03,1.000000000000000000e+05,1.618289999526122301e+03,3.158329896510776962e+02,2.733836706138998579e+03,1.648753751983822212e+03,8.510104115942408498e+02,1.762756313710719496e+03,1.453400370687045324e+03,2.237418513334800423e+02,1.000000000000000000e+05,1.862784943936358104e+03,1.223223702617667414e+03,2.788772908668161563e+03,1.670338861534388798e+03,3.682899284278576033e+02,2.736849637882782645e+03,1.813892973561797817e+03,7.004479907891651465e+02,1.000000000000000000e+05,2.054327690002255167e+03,3.723393046286434469e+02,1.000000000000000000e+05,1.459808076663533029e+03,1.320150491677932223e+03,2.229294134091479918e+03,1.163947472013178867e+03,9.059751703342851670e+01,1.000000000000000000e+05,1.941129130880703087e+03
8.821462204707994488e+02,3.244920231259716275e+03,7.171783989263479953e+01,2.337749649602992122e+03,2.306512251819637640e+03,6.392614787827217242e+02,1.397110962930210235e+03,3.778342989039112126e+03,1.960547923007329416e+02,2.126411390546513758e+03,1.791876628293447538e+03,1.614191817072503682e+03,1.250155245848885897e+03,1.000000000000000000e+05,4.075952133943841886e+02,2.826449320230233752e+03,3.496003277165352301e+03,1.421939329400568568e+03,7.876053566353449469e+02,3.436620707207886880e+03,1.696378085855102427e+02,2.314384440956524486e+03,2.164234178429188887e+03,2.013250185708930303e+03,1.474369230576075324e+03,4.114816656320108450e+03,2.151093743678336807e+02,1.976520135724970714e+03,1.788463672556135862e+03,3.046294277606152150e+02,1.206438602283423279e+03,3.669655196238636108e+03,3.375221721473657226e+02,2.741999965088315548e+03,2.422185279863859705e+03,1.727840834322707224e+03,8.505577219049223459e+02,3.606078871334986616e+03,2.669289328912338988e+02,2.571280585371808684e+03,3.138126515410286174e+03,1.496769339691448067e+03,1.504040111836417964e+03,3.924692276579229656e+03,0.000000000000000000e+00,1.200052004746396278e+03,1.989745713134859670e+03,1.913720213407092388e+03,3.314429087377488486e+03,3.780644038182149416e+03,3.763698719834172834e+02,2.820503342701602378e+03,2.952187924585756718e+03,3.720028444622890333e+02,6.276120515545733269e+02,3.265184081353108468e+03,1.434740108213273402e+02,2.259151319432804030e+03,2.047084722103443255e+03,1.624549969977345654e+03,1.487259622952647305e+03,3.452504392113236463e+03,3.606716526592680339e+02,2.395832229105266833e+03,3.269230921303680134e+03,1.486976105920256487e+03,1.249411126452750068e+03,3.696369946157070899e+03,3.299827618673890015e+02,3.343253777828712373e+03,2.197277676502043960e+03,1.831748987093594678e+03,1.753768701817175724e+03,3.606061684514447279e+03,2.482169481518890848e+02,2.321903417493254892e+03,2.441893078332535424e+03,1.441460266317659716e+03,1.707425876555752893e+03,4.018135682938692753e+03,2.475053072946086843e+02,1.743932042285852276e+03,1.702500066524316253e+03,1.650828850797338646e+03,1.199370588680638775e+03,1.000000000000000000e+05,3.502794311841243484e+02,2.722410181310521693e+03,3.136740790605370421e+03,5.966821034755920437e+02,6.631419204445560354e+02,3.360684846692794963e+03,1.099349879815037525e+02,1.634904776118261452e+03,2.146523072095542375e+03,2.134514058547268633e+03,3.259395055313780631e+03,3.953289753043614837e+03,9.059273799884846312e+01,2.234251167621579953e+03
1.513326539487084972e+02,5.018395701540332539e+02,9.913238846772241004e+02,4.201270370714156570e+02,9.224928840156136403e+02,3.331993273619919478e+02,8.384971760221162640e+02,2.023292222373685036e+03,8.826657903778502714e+02,1.960889816330042663e+02,9.421991121912917606e+02,9.902447796311905677e+02,3.147857773683177811e+02,1.191663220948040134e+03,1.774159080498876847e+03,9.958427870258426537e+02,1.525307868074762155e+03,9.069859874291321375e+02,4.187099422554010744e+02,9.927960463531977666e+02,4.910039606377637256e+02,1.698238524988890106e+02,1.299987786056895857e+03,1.381485860623266944e+03,3.821476896690812168e+02,1.644020135681719466e+03,2.420662215753785404e+03,3.216817000407176010e+02,7.544934319908687712e+02,7.071321127930507373e+02,1.938451672489004523e+03,2.658630255990924525e+03,3.083845548600624511e+02,3.376849873136135329e+02,1.288910234637040958e+03,1.808359877154997548e+03,2.463000363380760689e+02,5.092351753915790482e+02,1.863874153545339595e+03,6.589611570465034447e+02,1.171722166675199333e+03,2.868390607335161349e+02,8.315569277557672194e+02,1.626009592232326668e+03,9.649231416744742091e+02,0.000000000000000000e+00,1.334050362870185609e+03,1.645893842449009526e+03,2.149912166131655056e+02,1.429338416660938037e+03,5.256663854199780417e+02,6.097036346091226733e+02,1.447884167097415911e+03,8.688046991694893677e+02,1.747062445944921365e+03,9.725361400930307809e+02,7.904384971632639463e+02,1.435248766337371364e+02,1.214925185591308491e+03,3.939825972999710757e+02,4.416025536918600665e+02,1.585242705780265624e+03,2.397633360622372948e+03,1.112836788773152648e+03,6.320405867905616333e+02,8.409634738487354753e+02,4.124342475057499087e+02,1.452084184056780259e+03,3.164300810043827141e+02,3.303509078071676299e+02,1.408019481444923485e+03,1.772049810266896884e+03,1.506853711231176476e+02,9.167997073998142241e+02,1.527479065460938500e+03,3.840916578035652833e+02,1.256729286644941112e+03,1.592520545787861579e+02,1.173692371344906405e+03,2.055817249994787744e+03,1.000000000000000000e+05,2.475771871392762478e+02,8.189937952628635003e+02,1.103043612046910766e+03,2.728268688592143576e+02,9.713178010641702258e+02,1.770780322275712479e+03,6.307143478567120383e+02,1.292548064523630501e+03,8.769745841502333406e+02,5.918212335635164436e+02,6.535990801886987356e+02,8.759382036045499262e+02,1.100769759088309030e+02,1.440283840675963347e+03,1.566705001828105651e+03,2.984403192359092714e+02,1.572207296092507249e+03,2.320646989068641233e+03,3.885920336786580265e+02
1.048504591076186671e+03,1.504715887771318421e+03,1.840356848129031277e+03,1.891871006175512321e+03,4.201200068222183290e+02,1.332019793348292069e+03,3.323260951847830142e+02,2.009842515565721442e+03,2.586089510650443572e+03,1.102844498168323526e+03,1.960044231895481062e+02,1.903830152081748338e+03,1.182603644127767666e+03,8.732553681744296910e+02,1.055657641112945385e+03,1.918035328775007201e+03,1.074007941661941686e+03,4.154632870129727962e+03,1.213437404672846242e+03,1.604497502241237953e+03,1.546469038479717256e+03,1.050788934017587508e+03,1.693768665826614779e+02,1.606227985660014383e+03,5.749036504447254856e+02,1.555873846043266894e+03,2.366005929207870395e+03,1.299598718889564907e+03,3.215823778783151852e+02,1.950505103627456037e+03,5.727744717623944553e+02,2.108907885102239106e+03,1.737965473204582167e+03,1.571854219217286072e+03,3.372746113187011474e+02,1.000000000000000000e+05,1.508720393948420906e+03,9.580985993680646970e+02,1.444196835603140698e+03,1.855938872887675643e+03,7.209824056295548189e+02,1.188172702774563049e+03,2.863059949897803449e+02,1.733724659157708629e+03,1.857065696883005558e+03,9.016779573733800817e+02,0.000000000000000000e+00,1.881237520678215560e+03,7.344290873774883721e+02,1.598349469443430053e+03,1.285044289750138660e+03,1.595867748168580874e+03,7.424059288241210197e+02,1.000000000000000000e+05,1.095726117069114480e+03,1.690223909078890529e+03,1.775925340930094308e+03,1.031926908777933249e+03,1.434010436004902544e+02,1.407992426064038227e+03,3.935285448254199991e+02,1.196331831823048788e+03,2.308772591749432650e+03,2.014084710485934238e+03,6.892309213036801339e+02,1.559390115293023428e+03,7.167898956396975336e+02,1.662461506984825519e+03,1.496775128864531325e+03,1.336055301234053786e+03,3.294605195408534541e+02,2.959252463493472078e+03,1.032604236708366670e+03,1.490043513292344414e+03,1.370011063290718994e+03,1.760162288197499038e+03,3.838702548835116772e+02,1.059841920500500692e+03,1.587504179493283800e+02,2.067283901225884165e+03,2.702140615509976669e+03,1.143250216248646211e+03,2.473977961084390813e+02,2.294245502321763070e+03,1.312136446314275645e+03,8.897564977295958215e+02,1.098901116798630028e+03,1.813892973561797817e+03,7.504763473543771397e+02,1.000000000000000000e+05,1.310970753958841442e+03,1.557500723849478618e+03,1.507198761566761959e+03,9.867479656075115599e+02,1.097416711320817626e+02,1.856628694791818361e+03,6.785955161714380210e+02,1.676906524776165043e+03,2.254441754424833562e+03,1.729137481929115211e+03
8.818481682628787439e+02,2.499951271153639937e+03,2.294872017947875065e+03,4.100114907228997936e+02,1.537518875196547924e+03,4.201244684120575812e+02,2.239192467544695774e+03,3.802503117144590306e+03,1.000000000000000000e+05,4.382645900609240925e+02,1.570226158985818756e+03,1.960999888572384577e+02,1.613057384979087374e+03,1.918648626330687648e+03,1.774278132693117641e+03,1.374388956763967599e+03,2.219602222571164930e+03,3.588405656200462204e+02,1.658012871519626970e+03,2.598178886298668203e+03,1.256246037595423786e+03,1.146206611022631932e+03,1.719987786056895857e+03,1.699508906545061961e+02,1.455613535347080870e+03,2.465984923381410681e+03,2.420662215753785404e+03,3.239171536421932842e+02,1.452554550672609594e+03,1.911808059508089627e+03,2.409267458355107010e+03,3.072033958769204673e+03,9.029705461182549016e+02,1.389298159266899802e+03,1.708910234637040958e+03,2.668818059709856243e+02,1.256279840026048532e+03,1.788014728428776152e+03,1.896434704012761358e+03,1.062049283150693554e+03,1.697444222900062641e+03,3.778079684471156838e+02,1.631856788341392303e+03,3.696283137495032861e+03,2.415341689322952334e+03,9.017495715604412680e+02,1.794430398298607770e+03,0.000000000000000000e+00,1.241691657674989528e+03,2.272548477671163710e+03,1.471231123456520663e+03,2.438089918943118846e+03,2.138264200536051703e+03,1.963758850013610072e+03,1.747062445944921365e+03,2.533520435523631022e+03,1.330363213136920194e+03,9.081755260060281216e+02,1.634925185591308491e+03,2.518789991222877518e+02,1.493948645246333854e+03,2.548154008501352564e+03,2.418089625198197609e+03,3.221059880476863100e+02,1.523147195895863206e+03,2.717928107281069856e+02,1.841046044298486095e+03,3.613407076250378850e+03,1.121344966955426116e+03,1.356237560271133589e+03,1.798019481444923485e+03,1.618873546487466797e+02,1.185833616379593195e+03,2.015957096601567173e+03,1.554634245745245380e+03,1.193133328442100265e+03,1.676729286644941112e+03,7.654776002712430909e+02,1.967703736746306504e+03,3.972052530228939304e+03,1.000000000000000000e+05,3.821703365532704311e+02,1.542691482676756095e+03,1.997154530488140267e+02,1.595525173508083981e+03,2.009242807241892933e+03,1.776196365251224506e+03,1.177028555915235302e+03,1.999798940237830948e+03,1.857335817150589946e+03,1.675118101706148536e+03,2.551852179877543676e+03,1.465201337561624541e+03,1.129597903149932108e+03,1.860283840675963347e+03,1.102032378247132414e+02,1.353393640130235099e+03,2.473352877651975177e+03,2.320646989068641233e+03,3.681971125674515974e+02
3.233698347626117879e+02,4.370574164013087852e+02,2.403385536118260006e+03,9.352614267287873417e+02,4.092904933085794710e+02,7.686795957459486317e+02,4.201136612411485771e+02,2.069128801981419656e+03,1.000000000000000000e+05,3.949959834032187587e+02,4.378009873261563030e+02,1.638574178339837999e+03,1.960316253157361928e+02,6.692855270752080514e+02,2.083611742065010276e+03,1.918035328775007201e+03,1.405307868074762155e+03,2.313170720449965756e+03,3.585655346339225957e+02,9.975355992143279309e+02,2.116214253307254239e+03,1.803438158493976289e+02,1.271739637733106520e+03,1.590010202340444721e+03,1.696913471816934873e+02,1.853867998123132111e+03,1.000000000000000000e+05,6.711356627762380640e+02,3.235224272088252633e+02,7.071321127930507373e+02,1.745460602897155240e+03,2.666086585315881621e+03,6.000301724961915397e+02,3.634188084336494740e+02,1.185689970117996381e+03,1.000000000000000000e+05,2.664696715762919439e+02,3.584928318533519587e+02,2.175429579931331773e+03,9.709317129083411828e+02,9.308935597776514896e+02,1.188172702774563049e+03,3.777068705006028608e+02,1.851018098429011843e+03,1.000000000000000000e+05,2.150574177436409116e+02,1.167194605005030098e+03,1.881237520678215560e+03,0.000000000000000000e+00,1.139083423984630826e+03,1.578353216862043382e+03,8.539823683545071162e+02,1.414923913973555500e+03,1.000000000000000000e+05,1.783091703385421170e+03,1.054528377524094367e+03,2.227918607174914541e+03,2.588300830097014114e+02,9.848600894967675003e+02,1.344639435584807870e+03,2.518210489578008549e+02,1.453905647895432821e+03,1.000000000000000000e+05,2.014084710485934238e+03,3.216670658636743951e+02,1.501559408835668364e+03,2.717788384521732041e+02,1.537826551404613610e+03,4.118092707359962219e+02,2.511618361541017066e+02,1.396901331641330671e+03,2.567991000644319683e+03,1.616296300579750493e+02,6.719089786236918371e+02,2.017059869616025026e+03,4.485553455733139003e+02,1.059615711170537452e+03,3.617079305455825420e+02,9.926739389300599896e+02,2.073828211362456841e+03,1.000000000000000000e+05,6.379369449307178002e+02,3.818344553229354119e+02,2.294245502321763070e+03,1.995372326866931587e+02,4.380588994772035107e+02,2.069401991557053861e+03,8.999078442656718835e+02,1.109672227590904413e+03,1.000000000000000000e+05,1.605416448383929037e+03,7.693484407420780826e+02,2.230994102460823797e+03,1.154884220954640455e+02,1.366130631576437054e+03,1.856628694791818361e+03,1.100542674542252399e+02,1.766526200659669257e+03,2.419546328429591085e+03,6.728365575097557212e+02
1.335984524726044583e+03,3.236620558381139290e+02,1.000000000000000000e+05,1.891871006175512321e+03,4.407165562539386769e+02,1.976588045948662966e+03,1.586632817046373020e+03,3.013794390492195134e+02,1.000000000000000000e+05,1.421208483006875440e+03,1.221623202817734636e+03,2.635288386646392610e+03,1.495145837621311784e+03,1.960739138928302907e+02,2.887335274305770781e+03,1.786064661463424272e+03,3.148133414803758683e+02,1.000000000000000000e+05,1.980714439453615341e+03,2.677176521532544484e+02,1.000000000000000000e+05,8.747337800492747419e+02,1.207819206406403964e+03,2.195226290086073732e+03,8.831146627899152008e+02,1.698586444107676527e+02,1.000000000000000000e+05,1.508373854925183650e+03,1.001841838080798425e+03,4.100945070713266432e+03,2.082205118018124267e+03,3.778326850209605254e+02,2.193889733463872744e+03,5.882721507425335403e+02,9.144471801690369830e+02,1.000000000000000000e+05,1.786112703008735934e+03,2.667294779564015812e+02,1.000000000000000000e+05,1.855938872887675643e+03,3.634062234288691684e+02,1.908848417980642580e+03,1.445923365562897743e+03,1.688562115641416881e+02,1.000000000000000000e+05,1.160911654225052416e+03,1.367557530191507340e+03,2.339160342136144209e+03,1.028747449407872182e+03,0.000000000000000000e+00,2.250552618580906255e+03,3.917899135002958246e+02,7.402518985772733231e+02,1.000000000000000000e+05,2.268952250606515918e+03,3.669290290422512726e+02,1.000000000000000000e+05,8.721945386483059792e+02,1.159486836088455902e+03,2.035639435584807870e+03,1.422252325058518409e+03,2.518563293481412586e+02,1.000000000000000000e+05,2.032173272881757157e+03,3.464450777644652817e+02,2.161559408835668364e+03,1.599543432081996798e+03,2.128687069059195665e+02,2.086744498473315161e+03,4.122702001128262168e+02,1.177743051973169486e+03,1.000000000000000000e+05,1.326851147567619137e+03,1.617978996143562256e+02,1.000000000000000000e+05,7.236399844986527796e+02,7.145427100599197274e+02,1.341756313710719496e+03,1.461044523001111656e+03,3.841183321409474729e+02,1.000000000000000000e+05,1.498459324910508712e+03,1.279124189164156405e+03,4.214245502321763524e+03,1.534760433134119467e+03,1.996484797409057990e+02,3.026790076156284158e+03,1.722494751564482158e+03,3.911185581578744745e+02,1.000000000000000000e+05,2.079846099473310460e+03,2.673158986991382449e+02,1.000000000000000000e+05,1.050201016839151407e+03,1.366303776783776357e+03,2.229294134091479918e+03,7.260450312932968018e+02,1.101544847296663789e+02,1.000000000000000000e+05,1.460691055679383680e+03
3.804871923262750215e+02,1.981296106908034972e+03,3.229201102973850652e+02,2.233868786984839971e+03,1.220837745914622701e+03,6.337028086629932204e+02,4.086386310996404632e+02,2.906239278312913029e+03,1.048489870996224226e+03,7.426207141799397959e+02,8.254094024595917745e+02,1.656290926439342911e+03,3.108105094993200055e+02,1.887729325694140243e+03,1.959731979642452586e+02,2.468150975671764172e+03,2.660539486333873356e+03,1.465700965666461116e+03,1.598832985752053446e+02,2.978291925858303784e+03,2.674231216777308759e+02,9.403137769985800105e+02,1.547844735278300050e+03,1.765295088283327004e+03,7.838723729894190910e+02,2.420994757476031737e+03,2.377473310093884720e+03,1.721245936067428374e+03,7.527716371287385755e+02,7.071321127930507373e+02,3.231927305323578707e+02,3.161331231221782218e+03,3.777789117261824003e+02,2.382588202071479827e+03,1.578533255559131248e+03,1.780042715935562228e+03,2.320498102818293944e+02,1.664745749335373375e+03,2.661025970560056635e+02,2.286659418970102706e+03,1.656981912359408852e+03,6.625584775690084598e+02,5.272223701880134286e+02,2.574804070320102710e+03,3.765849768332425924e+02,5.892833328315757626e+02,1.198792489264694041e+03,2.080556877002518377e+03,5.899733367820954300e+02,2.197035752831155605e+03,0.000000000000000000e+00,2.438089918943118846e+03,2.138264200536051703e+03,1.257157816455851162e+03,1.779437480321322482e+02,2.533520435523631022e+03,3.665476824849720856e+02,9.525198752010784347e+02,1.335632122627549961e+03,1.469501784469541462e+03,4.436063053838246333e+02,2.060823399608432283e+03,2.318708528938184827e+03,2.159313005206767230e+03,1.405318590491548093e+03,9.272456554489920109e+02,3.212100294096967446e+02,3.115813054824856408e+03,2.128545979056938791e+02,1.546299779218426693e+03,1.396901331641330671e+03,1.886393458264183209e+03,3.504585007805291070e+02,1.924823951315717522e+03,1.613826395567377290e+02,2.321903417493254892e+03,1.465163477161872834e+03,4.485546192887343295e+02,7.186219021104631111e+02,2.907828211362456841e+03,1.114762238017104892e+03,1.209917730647939379e+03,7.292919206508559000e+02,1.699241584556009229e+03,2.815009185192122914e+02,1.863529923708561228e+03,1.993818624099160672e+02,2.366018428400103858e+03,1.705378696328034493e+03,1.358822923111316641e+03,1.266191745240242881e+02,2.029086465578018078e+03,2.667753052560551623e+02,9.054144592349007326e+02,1.484732069680613904e+03,2.168119373284897392e+03,8.156174089907764255e+02,2.389733403670701136e+03,3.713790858220608015e+02,1.959252039845946229e+03
1.183851761120430638e+03,1.072260332569510837e+02,1.000000000000000000e+05,3.237490484005652434e+02,8.956063099991272338e+02,9.565288651612320336e+02,1.557488205811451053e+03,4.214951810037214273e+02,1.000000000000000000e+05,5.797481606641250664e+02,1.441806553107056061e+03,1.601824308145705572e+03,1.198841916971556657e+03,4.381820004812248044e+02,2.770925260566311863e+03,1.961080305432359978e+02,9.694363691958347999e+02,2.313170720449965756e+03,1.533376584934224411e+03,1.603266070514559942e+02,2.135432819612378353e+03,3.587925672744192980e+02,1.733318704488778167e+03,6.596486740670254676e+02,7.197840874820670933e+02,1.234465226768048069e+03,1.000000000000000000e+05,5.138798040383901480e+02,1.022095256197385424e+03,2.152470179616972928e+03,2.339541425087408697e+03,3.108551582350672788e+02,1.398681189133062617e+03,1.688424936567355701e+02,1.580956306509234309e+03,1.000000000000000000e+05,1.301903686549032955e+03,3.032500847668700317e+02,2.324843319703225006e+03,2.669030781406908659e+02,8.663688918049442691e+02,7.495084615900561857e+02,1.505549818086941741e+03,8.060577912778090877e+02,1.000000000000000000e+05,9.166644257050400029e+02,1.620278480931214290e+03,1.501305599643237201e+03,7.414107743667400428e+02,3.916834848217768581e+02,1.839217020857651050e+03,0.000000000000000000e+00,1.571751548189421783e+03,1.000000000000000000e+05,2.294741200433069935e+03,1.125812053360552341e+02,2.324486307806195782e+03,3.667915406902101836e+02,1.654832197931663131e+03,7.448302950385407257e+02,1.090163105524782623e+03,8.813829237779455070e+02,1.000000000000000000e+05,4.494113199765653235e+02,4.502043384300317825e+02,1.629796550732478181e+03,1.326367868859244254e+03,3.220556984610306017e+02,1.475570680942337276e+03,2.717904133098020907e+02,1.396901331641330671e+03,2.500013636992170177e+03,1.059875852125725032e+03,2.744223251897362843e+02,2.217633760228536630e+03,1.618524830827004450e+02,1.429735811543167074e+03,9.534019818674037197e+02,1.777309712724287692e+03,1.214477088573853734e+03,1.000000000000000000e+05,5.856596283935026577e+02,1.246937638243121228e+03,1.697470116688103190e+03,1.215804160929466889e+03,3.821114035752663085e+02,2.796034116181749596e+03,1.600331431384614689e+02,1.160925339313486802e+03,1.000000000000000000e+05,1.776054279322140019e+03,1.268993190639143762e+02,2.476649136545087003e+03,7.201771194497334818e+02,1.799217808470331420e+03,7.854516300198739600e+02,5.624284859726021750e+02,7.141677095375757744e+02,1.000000000000000000e+05,3.724036378101604896e+02
1.781458979045756223e+03,1.504715887771318421e+03,2.369611570625505919e+03,1.891871006175512321e+03,3.231646468728703212e+02,1.934396057203201963e+03,1.246119496758134346e+03,2.009842515565721442e+03,1.000000000000000000e+05,1.102844498168323526e+03,7.060110210369959987e+02,2.198338359137533644e+03,1.243445496073868071e+03,3.949169697560197392e+02,2.010521902250347239e+03,1.918035328775007201e+03,1.960599523154292285e+02,4.154632870129727962e+03,1.567987164050964793e+03,1.604497502241237953e+03,2.359510748228635748e+03,1.201313776998579897e+03,3.584622759700527013e+02,1.765295088283327004e+03,5.749036504447254856e+02,4.187121075870526852e+02,1.000000000000000000e+05,1.461941697704143735e+03,5.351284199860223225e+02,4.011093110024387897e+03,1.524964486053448809e+03,2.108907885102239106e+03,1.913654950359926943e+03,1.571854219217286072e+03,1.686373056594215143e+02,1.000000000000000000e+05,1.499816146502601669e+03,8.559695857020320773e+02,2.158362844280321497e+03,1.855938872887675643e+03,2.665446892619377195e+02,1.250986692978160590e+03,8.653840038042408196e+02,1.836746617759334640e+03,1.000000000000000000e+05,9.016779573733800817e+02,7.170656919069982678e+02,2.312071036457256014e+03,1.109289428266478353e+03,6.979557256977469706e+02,1.822924820426650285e+03,1.595867748168580874e+03,0.000000000000000000e+00,1.000000000000000000e+05,1.753720108763805911e+03,1.686129611546308752e+03,1.000000000000000000e+05,1.201825088551873250e+03,3.661977344427704679e+02,1.455364243807445973e+03,9.628707422354152641e+02,2.588104466765430516e+02,1.000000000000000000e+05,2.069178449358431408e+03,4.489198421973071049e+02,2.090602366859629910e+03,1.220636966407427053e+03,1.662461506984825519e+03,1.932941199958835568e+03,1.117882401716337426e+03,2.717735256819491383e+02,2.959252463493472078e+03,1.427731357221224698e+03,9.776415218620713858e+02,2.058967856522106104e+03,1.648753751983822212e+03,1.615159673642545499e+02,1.762756313710719496e+03,8.574520576587131018e+02,2.067283901225884165e+03,1.000000000000000000e+05,1.209917730647939379e+03,7.547306639726742787e+02,2.322571485392312297e+03,1.298583940504469865e+03,7.089949509260143259e+02,2.043480405473500241e+03,1.813892973561797817e+03,1.598383105384960743e+02,1.000000000000000000e+05,1.702395137617931596e+03,1.557500723849478618e+03,2.427717719933996705e+03,9.867479656075115599e+02,5.793431111543810630e+02,2.229294134091479918e+03,9.564984200911060270e+02,6.755519955817205755e+02,2.368636737878458462e+03,1.941129130880703087e+03
6.116722675848775452e+02,1.250553606546433912e+03,4.406822465492876404e+02,9.797579567595739718e+02,1.527651936129612750e+03,3.235356454351483535e+02,1.557488205811451053e+03,2.801292222373685036e+03,1.803422347501671084e+02,6.567108540690180689e+02,1.554871814325580544e+03,3.588674596180705976e+02,1.152353604521926172e+03,1.491663220948040134e+03,1.685099073928059397e+03,2.241176264781361169e+03,1.950386776472320435e+03,1.960921143332770669e+02,1.460797743992042797e+03,2.307948875342902284e+03,3.947275305439901558e+02,8.689611388616754084e+02,1.756564331177010217e+03,7.552688115857462208e+02,1.180471591761477839e+03,2.396201318345963500e+03,2.388998065967597540e+03,6.747451932120070524e+02,1.376222394524864285e+03,1.697843711510579681e+02,1.873209476856919082e+03,3.050791841481086067e+03,3.581617949318134606e+02,1.005181832984194671e+03,1.708910234637040958e+03,3.606910305615570564e+02,8.200384392314292654e+02,1.242071155226839210e+03,1.642009213552476922e+03,1.855938872887675643e+03,1.631722166675199333e+03,4.151016686101056621e+02,1.505549818086941741e+03,2.455391051189059908e+03,3.719636670710043518e+02,7.209325335912359378e+02,1.752089540867405503e+03,6.110477412683683269e+02,9.379915430671164813e+02,2.164631939203571619e+03,1.388064370746000577e+03,1.308613875936980094e+03,1.954923913973555500e+03,0.000000000000000000e+00,1.694135846032025711e+03,2.533520435523631022e+03,2.983931294327668411e+02,7.945822449141483048e+02,1.634925185591308491e+03,4.303418031551917124e+02,1.314838786979171800e+03,1.997871251208076501e+03,2.335497592888339113e+03,1.675671432280753834e+03,1.262945100464271945e+03,3.172484218970773213e+02,1.423327298386758457e+03,2.438115433165089144e+03,6.659151873001907234e+02,1.062209327187339795e+03,1.798019481444923485e+03,1.008327623916743960e+03,8.079229404525451628e+02,1.348647652180427713e+03,1.458263737338646933e+03,1.014634141072840293e+03,1.676729286644941112e+03,5.688650252861556282e+02,1.777309712724287692e+03,2.863893046312087336e+03,1.529944972682172022e+02,6.151777317378754333e+02,1.500129624195895303e+03,3.595196004352787895e+02,9.445377203651377158e+02,1.340568968973788287e+03,1.635480877972622693e+03,1.813892973561797817e+03,1.765672227590904413e+03,9.345855791951227332e+01,1.558106948374719423e+03,1.332848622826925975e+03,4.391427359924136908e+02,8.308824631676216086e+02,1.799217808470331420e+03,1.634317604193815896e+03,1.089980842148972897e+03,2.361441398070312061e+03,1.596410525413668438e+03,8.710909257046064340e+02
1.000917893570169099e+03,2.499951271153639937e+03,5.145993635945790174e+02,2.236460898561468184e+03,1.531037901401412000e+03,1.442797555130177898e+03,3.226362590496409553e+02,3.778342989039112126e+03,1.069369562428695644e+03,1.626706373684674872e+03,7.699577533298584058e+02,1.742339488504358314e+03,3.586339452155893923e+02,2.095120997776188233e+03,1.596948807269684494e+02,2.468319627472431876e+03,2.565144876561736965e+03,1.569433280465704456e+03,1.960116013876606189e+02,2.978291925858303784e+03,4.379839916920830660e+02,1.516245236652773656e+03,1.547844735278300050e+03,2.120107364115817745e+03,1.133120352490914229e+03,2.510978386811469591e+03,2.388998065967597540e+03,1.776729779351858042e+03,8.006743706379281775e+02,1.182505872611032373e+03,1.692999483126635027e+02,3.533411259438428715e+03,1.007520711832544976e+03,2.382588202071479827e+03,1.708815549915059364e+03,2.073144390071913222e+03,3.606825662893984941e+02,1.788014728428776152e+03,3.195093192626458176e+02,2.321497241966496404e+03,1.697444222900062641e+03,1.493111491637844665e+03,4.140781538769777512e+02,3.672198987926238260e+03,9.706676765055836995e+02,1.450624979512223035e+03,8.726560591798224777e+02,2.220656005967133297e+03,1.401035401143918762e+03,2.286521821854222708e+03,1.779775841297426098e+02,2.438089918943118846e+03,2.192453691762401832e+03,1.573633742282966523e+03,0.000000000000000000e+00,2.533520435523631022e+03,8.773192238302203805e+02,1.784877088867951443e+03,1.012957626801329070e+03,1.687030846147558805e+03,4.296544892757350453e+02,2.584748828012136073e+03,2.335497592888339113e+03,2.279442659636071312e+03,1.788302396798020254e+03,1.640480889428393084e+03,3.168172085069965647e+02,3.696369946157070899e+03,3.872183550309879365e+02,1.740187593295190709e+03,1.692277676502043732e+03,2.142667090183115306e+03,8.861737573929946166e+02,2.038538869661940680e+03,2.708327984022939745e+02,2.303357996817585445e+03,1.899913301159603634e+03,1.069277045864135061e+03,6.024173652729131163e+02,3.932786973173797833e+03,1.391351204206605644e+03,1.631841400151224661e+03,6.874855819381834863e+02,1.782598476964328484e+03,3.593998408426879223e+02,2.009242807241892933e+03,2.115392824025722120e+02,2.366018428400103858e+03,2.115675577149837409e+03,1.519602290475831751e+03,9.343766988068668411e+01,2.939496420008616951e+03,4.138673598768554598e+02,1.577962313352890078e+03,1.072658706906232510e+03,2.211711828397714726e+03,1.409382402940888596e+03,2.490315755180637552e+03,1.289475489595380623e+03,2.175675591525234267e+03
1.308599250809272235e+03,1.836030904253993299e+02,1.000000000000000000e+05,3.982332302733539677e+02,9.206609907046480430e+02,1.513396057203201963e+03,1.673252456307349576e+03,3.237777589989798344e+02,1.000000000000000000e+05,9.975303096899825732e+02,1.553312864047814855e+03,2.198338359137533644e+03,1.222112304676740223e+03,6.343373070268705760e+02,2.821960275991403705e+03,1.877062413834438530e+02,1.352489501689000463e+03,1.000000000000000000e+05,1.533376584934224411e+03,9.948309065768209791e+01,2.153816649726262312e+03,5.128927802506849503e+02,1.733318704488778167e+03,1.251852069619211534e+03,8.303602496323328523e+02,1.250262962230629910e+03,1.000000000000000000e+05,1.048659017341431763e+03,1.202842192773407078e+03,2.211945070713266432e+03,2.513374740017975910e+03,1.989913308107715864e+02,1.484748349156676340e+03,2.814041560945591414e+02,1.633547950247041399e+03,1.000000000000000000e+05,1.334253407165276030e+03,3.606879006011164961e+02,1.000000000000000000e+05,3.206941119990115681e+02,8.663688918049442691e+02,1.430627980187987305e+03,1.505549818086941741e+03,4.152376389152701677e+02,1.000000000000000000e+05,9.729928272698998626e+02,1.794430398298607770e+03,2.305355332124942834e+03,8.519528392374022587e+02,3.668358932008709985e+02,1.858646684229008542e+03,1.125747163662162649e+02,1.571751548189421783e+03,1.000000000000000000e+05,2.513179012300012346e+03,0.000000000000000000e+00,2.454932716534093743e+03,5.363081603603013718e+02,1.654832197931663131e+03,1.618924277223402441e+03,1.233708443350443758e+03,9.251837487619096692e+02,1.000000000000000000e+05,5.756995391650895044e+02,6.453152928752715525e+02,2.090602366859629910e+03,1.423327298386758457e+03,2.405003372041277316e+02,1.485213923847280967e+03,3.683648531628588785e+02,1.798019481444923485e+03,2.959252463493472078e+03,1.143602648294047640e+03,2.941322381992422947e+02,2.524410256889982975e+03,2.625495260266164337e+02,1.483530102438673566e+03,1.318994399939432697e+03,1.863313395948930292e+03,5.510295508811561831e+02,1.000000000000000000e+05,1.054624825568543883e+03,1.468903872656823751e+03,2.294245502321763070e+03,1.228044516518615410e+03,4.148020073494412827e+02,2.924017540480593198e+03,2.123669678483754808e+02,1.399030887849095507e+03,1.000000000000000000e+05,1.803495488574536466e+03,1.517056764366517427e+02,2.532797433481709959e+03,8.290928060220639964e+02,1.860283840675963347e+03,2.229294134091479918e+03,6.627742659074472158e+02,4.375523077660370745e+02,1.000000000000000000e+05,5.113060293639460951e+02
3.470363738182463180e+02,2.890264147859351397e+03,1.835826763393323233e+02,2.111721004369779621e+03,1.616010433655620545e+03,3.295444652825771641e+02,1.488013741291445513e+03,3.802503117144590306e+03,1.697163602281191004e+02,6.767910616689074459e+02,1.723437020849338069e+03,1.057539437099938368e+03,1.445098889772264101e+03,2.433255368174429805e+03,5.446785785433205547e+02,2.527192442657828906e+03,2.903567568716988262e+03,4.298890535138800715e+02,1.066523593989879146e+03,3.384984316103546007e+03,9.935626243045986428e+01,9.403137769985800105e+02,1.876564331177010217e+03,1.673501929081495746e+03,1.286410883421653352e+03,2.527854753739816260e+03,3.585156239464824921e+02,1.299598718889564907e+03,1.467197721679089000e+03,1.803432350052376307e+02,1.439781997468208601e+03,3.543055491580236776e+03,1.988097471449362104e+02,2.387134681618650120e+03,1.828910234637040958e+03,1.694484849421520266e+03,3.989489442181175036e+02,1.891181936047655881e+03,3.606750382881818382e+02,2.236647326707615321e+03,2.115453696695753933e+03,4.199049866099035739e+02,1.632205823174275565e+03,3.858168550145109293e+03,1.434492327753253846e+02,5.719853139049138235e+02,2.042880256925475805e+03,1.896593015249768996e+03,1.047700735623606761e+03,3.769896078800949454e+03,3.662951474570905361e+02,2.438089918943118846e+03,2.631110780543967394e+03,2.984910443718331976e+02,7.121830157392338378e+02,2.955379737004417620e+03,0.000000000000000000e+00,8.251982136001801109e+02,1.754925185591308491e+03,9.551980821821160816e+02,1.649312193858150749e+03,3.293417554577485589e+03,2.442417876751414042e+03,2.037723260631497169e+03,2.329936896770121166e+03,8.793219200957838666e+02,1.366789671809681749e+03,3.684541608882258515e+03,2.400503636905517055e+02,1.097237560271133589e+03,1.918019481444923485e+03,1.819831357872045373e+03,1.001907334046722667e+03,2.143069230683751812e+03,2.940038840140634875e+02,2.303357996817585445e+03,1.848537143191029827e+03,3.640646987423123164e+02,1.834815739099547955e+03,3.999701170655225724e+03,2.300067751591031993e+02,6.557519393016732465e+02,1.662691482676756095e+03,1.620788581050089988e+03,1.515408300262600505e+03,2.034303754937412805e+03,4.146468079357515535e+02,2.366018428400103858e+03,2.115675577149837409e+03,3.622252475262163784e+02,7.016034209521147886e+02,3.047632037784798740e+03,1.516951320274010584e+02,9.054144592349007326e+02,2.043529713011488184e+03,1.972002871287234711e+03,1.092945542123129371e+03,3.953289753043614837e+03,2.286822493949784700e+02,2.003685923346668915e+03
2.826065358089336996e+02,3.473086827414494451e+02,2.385096315942860656e+03,3.013789571273402998e+02,9.640104336556205453e+02,3.979621510956577026e+02,1.598662884793284093e+03,1.184865473476739453e+03,1.000000000000000000e+05,1.698742813501247610e+02,1.067431007646533317e+03,1.582663155618885185e+03,4.187105281502355751e+02,1.169724159869832647e+03,1.780011915632579758e+03,9.958427870258426537e+02,1.611441219955995166e+03,2.313170720449965756e+03,1.611831355582796732e+03,8.148487854445785388e+02,1.372560959110340264e+03,9.943568563708886643e+01,1.299987786056895857e+03,4.383555398558590355e+02,3.947882928219841006e+02,1.644020135681719466e+03,1.000000000000000000e+05,2.676971070272921338e+02,7.544934319908687712e+02,7.071321127930507373e+02,2.364108712366038162e+03,8.077392380102231755e+02,4.266933802516528544e+02,1.989325893367953597e+02,1.288910234637040958e+03,1.000000000000000000e+05,3.844722983453260099e+02,3.994309221816374134e+02,2.158362844280321497e+03,3.606914677915398784e+02,1.185499031751089205e+03,3.205085089277660586e+02,1.112059849395485799e+03,1.626009592232326668e+03,1.000000000000000000e+05,1.435083977347142934e+02,1.332089540867405503e+03,1.776011464526028249e+03,2.587988298110142864e+02,1.429338416660938037e+03,1.578353216862043382e+03,3.669046398406828757e+02,1.518693785372813863e+03,1.000000000000000000e+05,1.753492213412237106e+03,6.175150566297822934e+02,2.324486307806195782e+03,0.000000000000000000e+00,1.214925185591308491e+03,3.917418513587028883e+02,6.446857517354840184e+02,1.592853220408420839e+03,1.000000000000000000e+05,1.104495282359509019e+03,7.004057289076574762e+02,9.272456554489920109e+02,8.781233361988280421e+02,1.452084184056780259e+03,1.188152497331949689e+03,2.403350169765426756e+02,1.408019481444923485e+03,2.500013636992170177e+03,2.753880033986529270e+02,6.299462506349011619e+02,2.074747201715244955e+03,2.407583023651536109e+02,1.256729286644941112e+03,2.623707860825301168e+02,1.525274916516377516e+03,2.055817249994787744e+03,1.000000000000000000e+05,2.302047304864559578e+02,9.666510356066605709e+02,1.797070565880751019e+03,3.897716869824919854e+02,6.545219202503812994e+02,1.803507052272103465e+03,3.595261968927333669e+02,1.351425008561233653e+03,1.000000000000000000e+05,1.687678399261635604e+03,4.200201848472068491e+02,2.427717719933996705e+03,1.517015672991008728e+02,1.440283840675963347e+03,1.765671754598670304e+03,2.929983472402271332e+02,1.563282199930503339e+03,2.390857229885902143e+03,2.844333831245743340e+02
1.048504591076186671e+03,1.504715887771318421e+03,2.221268620065862706e+03,1.465041667602418556e+03,3.013691567712683081e+02,1.255465277368908801e+03,3.968196240054010673e+02,2.009842515565721442e+03,2.651543378752332046e+03,1.095272316781402651e+03,1.694834866064543917e+02,1.573370522032879535e+03,8.048873639294376972e+02,8.731735882487832896e+02,1.868282232900677172e+03,1.918035328775007201e+03,8.842013201645884237e+02,4.233170720449965302e+03,1.502632865123311603e+03,1.604497502241237953e+03,2.153816649726262312e+03,1.001505278650430910e+03,9.924490461513394735e+01,1.536560973225697580e+03,4.380475020461563531e+02,1.580334999294618456e+03,2.388998065967597540e+03,1.225593783331405120e+03,2.673654200438763269e+02,2.292353251276678748e+03,1.238099308670636219e+03,1.780467330615469336e+03,1.206715319686310522e+03,1.384693016204838841e+03,1.986229333952824163e+02,1.000000000000000000e+05,1.132449822826867148e+03,8.580474466108680645e+02,2.075141196090170524e+03,1.855938872887675643e+03,3.606841060173592268e+02,1.188172702774563049e+03,3.196600546292054332e+02,1.733724659157708629e+03,2.304889473598743280e+03,9.016779573733800817e+02,1.433680049511309562e+02,1.705165886494151664e+03,7.344290873774883721e+02,1.068849771582889161e+03,1.762690556120449173e+03,1.595867748168580874e+03,3.664701277680775320e+02,1.000000000000000000e+05,1.619916150491154895e+03,1.686129611546308752e+03,2.357645378099412483e+03,1.031926908777933249e+03,0.000000000000000000e+00,1.287564479110817047e+03,3.909866886711352549e+02,9.041143287273284841e+02,2.335497592888339113e+03,1.832331650550580434e+03,6.892309213036801339e+02,1.430059289434452239e+03,7.869483728783294509e+02,1.662461506984825519e+03,1.208985176007599875e+03,8.432808670052091884e+02,2.396465275914468407e+02,2.001158368128611983e+03,1.032604236708366670e+03,1.011267561983296446e+03,1.968846125959271376e+03,1.444796315049205759e+03,2.406311486781890210e+02,1.059841920500500692e+03,2.616858910803875347e+02,2.067283901225884165e+03,1.000000000000000000e+05,1.143250216248646211e+03,2.297104810686359997e+02,1.699224971853873058e+03,8.485180759309974974e+02,8.897564977295958215e+02,1.937514716044053557e+03,1.722494751564482158e+03,3.594213090147114826e+02,1.000000000000000000e+05,1.598870034740386927e+03,1.557500723849478618e+03,2.156188284141373515e+03,8.443975682539917216e+02,1.516863833073470289e+02,1.699460259572073483e+03,6.785955161714380210e+02,1.703282236644199656e+03,2.270322675004556459e+03,1.320027269931565797e+03
3.660122063262460301e+02,1.511553606546433912e+03,1.462979751408885249e+03,3.473897538191562262e+02,1.079518875196547924e+03,1.835996091855795385e+02,1.672281266645566802e+03,2.668128801981419656e+03,7.210388007987412493e+02,2.223238612499938540e+02,1.112226158985818756e+03,1.699250985345685194e+02,1.344029767693242320e+03,1.599673857612728852e+03,1.685099073928059397e+03,2.368737792116082801e+03,1.705307868074762155e+03,2.846533647247251793e+02,1.460797743992042797e+03,2.598178886298668203e+03,1.156988037347907721e+03,5.646324716828240753e+02,1.310987786056895857e+03,1.961055765662014210e+02,8.743692305760754380e+02,2.406675024901473989e+03,2.388998065967597540e+03,1.603046500378231656e+02,9.837497926516023199e+02,3.587633705298551376e+02,1.873209476856919082e+03,2.938845564552101678e+03,3.590412816255065991e+02,6.997290546250084162e+02,1.288910234637040958e+03,3.398786298089942193e+02,1.121377328587861484e+03,1.300485403685105211e+03,1.642009213552476922e+03,4.448384635676528092e+02,1.656981912359408852e+03,1.259359894823506920e+02,1.500531324566348758e+03,2.343137257491753189e+03,1.455965370218472799e+03,3.938326358360299082e+02,1.443688984681726879e+03,2.518876993911817976e+02,7.292766072798580126e+02,2.136374980522681199e+03,1.388064370746000577e+03,1.610857885524244239e+03,1.834923913973555500e+03,4.301542878110502670e+02,1.694135846032025711e+03,2.533520435523631022e+03,1.130403170835330002e+03,3.916148166433420670e+02,1.214925185591308491e+03,0.000000000000000000e+00,1.013948645246333967e+03,1.765242705780265624e+03,2.335497592888339113e+03,3.746502992223390720e+02,1.043147195895863206e+03,1.229687519406313356e+02,1.457904691061337644e+03,3.099083657429629056e+03,1.037689959889465399e+03,1.096977799683943203e+03,1.408019481444923485e+03,3.173169456752220867e+02,6.757730699885702279e+02,1.605647652180427713e+03,1.458263737338646933e+03,9.791966673898858744e+02,1.307263341128015554e+03,2.941092562195589721e+02,1.683168832993251954e+03,2.863893046312087336e+03,7.181659520188468377e+02,1.615876605921550038e+02,1.084691482676756095e+03,2.302667828572830331e+02,1.294491500366720629e+03,1.430849528558479506e+03,1.635480877972622693e+03,2.141953778823937682e+03,1.508521652887436630e+03,3.633689423014031377e+02,1.558106948374719423e+03,1.605123598092402744e+03,1.334086863262597035e+03,6.243033460217138781e+02,1.470283840675963347e+03,2.701733095561635878e+02,9.781973938885175812e+02,2.223720366577190362e+03,1.596410525413668438e+03,2.868812446499733824e+02
1.048504591076186671e+03,8.409039210338622752e+02,2.188827717656788082e+03,1.891871006175512321e+03,3.468451869449216929e+02,1.255465277368908801e+03,1.835748781723528680e+02,2.021328081441846280e+03,1.000000000000000000e+05,1.102844498168323526e+03,2.218573454528337265e+02,1.638574178339837999e+03,1.696092836152058680e+02,8.732553681744296910e+02,1.912088158697842573e+03,2.241176264781361169e+03,1.311441219955995166e+03,4.233170720449965302e+03,2.839732603451113846e+02,1.954027721570133508e+03,2.059868893739124815e+03,4.298790376725214628e+02,7.772254481172252554e+02,1.590010202340444721e+03,1.960493794402263745e+02,1.686867998123132111e+03,2.412195458361244619e+03,1.225593783331405120e+03,1.599499857065224262e+02,2.211945070713266432e+03,3.584054958972411100e+02,2.591189608626879817e+03,1.398681189133062617e+03,1.033101310541640260e+03,7.818155499150593641e+02,1.000000000000000000e+05,3.393032644166589762e+02,6.177506559991154518e+02,2.104809857112080408e+03,1.855938872887675643e+03,4.442411487699113195e+02,1.250986692978160590e+03,1.259022901668887187e+02,1.843813194888119142e+03,2.365218702948437567e+03,4.418362391825892814e+02,3.932057625274158568e+02,1.881237520678215560e+03,2.518486893244308362e+02,1.721374980522681426e+03,4.434211003210158424e+02,1.296483341656175298e+03,1.214883852597816031e+03,1.000000000000000000e+05,4.292425139131735250e+02,2.145115117620572619e+03,2.227918607174914541e+03,1.031926908777933249e+03,3.906951033062080683e+02,1.344639435584807870e+03,0.000000000000000000e+00,1.385260682082851417e+03,2.397633360622372948e+03,2.014084710485934238e+03,3.744381166198494384e+02,1.501559408835668364e+03,1.226905031218126254e+02,1.960717610944793705e+03,1.539038473480775338e+03,5.004818125391158219e+02,1.021290300373671926e+03,2.959252463493472078e+03,3.170212025670311959e+02,9.776928003185016678e+02,1.952515537518353085e+03,1.760162288197499038e+03,9.063259061145508895e+02,1.059841920500500692e+03,2.939566696714617251e+02,2.055817249994787744e+03,1.000000000000000000e+05,1.209917730647939379e+03,1.612548641993180070e+02,2.294245502321763070e+03,2.298709085430927246e+02,8.897564977295958215e+02,1.967492068203253893e+03,1.813892973561797817e+03,1.067002931219227776e+03,1.000000000000000000e+05,3.625286258101861563e+02,9.550453943594077373e+02,2.094172077489145522e+03,3.621927621030113187e+02,6.537297586940153451e+02,1.765671754598670304e+03,2.701695142987145459e+02,1.746181977126898119e+03,2.305766727975243157e+03,1.514947170275033841e+03
1.756984524726044583e+03,1.104452669684207422e+03,1.000000000000000000e+05,1.891871006175512321e+03,2.824955769731172381e+02,1.976588045948662966e+03,1.355611692393692692e+03,2.009842515565721442e+03,1.000000000000000000e+05,1.759044616288575071e+03,7.676232028177345228e+02,2.233370522032879762e+03,1.265586347831188050e+03,1.698046979024982761e+02,2.496930503576212232e+03,1.918035328775007201e+03,6.296266829608788385e+01,4.233170720449965302e+03,1.611831355582796732e+03,1.604497502241237953e+03,2.391080245533276866e+03,1.368247661067094214e+03,7.120181910203159532e+02,2.157498984733600082e+03,8.782018091407213660e+02,1.960855951417116501e+02,1.000000000000000000e+05,1.910965910511797802e+03,6.164516818900640374e+02,2.384552023584813014e+03,1.938451672489004523e+03,2.117687949690841833e+03,1.913654950359926943e+03,1.416686323958169851e+03,3.590396660805965325e+02,1.000000000000000000e+05,1.587192942308043939e+03,3.396659803474436217e+02,1.000000000000000000e+05,1.855938872887675643e+03,1.832919867340730207e+02,1.884714375360249505e+03,1.137997643968578814e+03,3.606904551468812201e+02,1.000000000000000000e+05,9.016779573733800817e+02,1.032805156091454364e+03,2.339160342136144209e+03,1.222863382713675264e+03,2.518745166416641155e+02,1.858646684229008542e+03,1.572344397518581218e+03,2.587720051995077029e+02,1.000000000000000000e+05,2.149118147157103976e+03,1.686129611546308752e+03,1.000000000000000000e+05,1.524197367776984720e+03,6.261432358686413409e+02,2.007702736207173075e+03,1.028600039114127867e+03,0.000000000000000000e+00,1.000000000000000000e+05,2.196273587058413796e+03,2.994223610741553330e+02,2.121059289434452239e+03,1.238234535677042459e+03,1.662461506984825519e+03,1.921575924067708229e+03,8.176344219319054218e+02,6.927430519731694858e+02,1.000000000000000000e+05,1.433443015901378430e+03,3.172142724446752027e+02,2.733836706138998579e+03,1.648753751983822212e+03,2.753786253797797485e+02,1.762756313710719496e+03,1.317056246061047659e+03,2.067283901225884165e+03,1.000000000000000000e+05,1.818710958552001330e+03,8.231274531919565334e+02,2.788772908668161563e+03,1.391282136151202621e+03,2.301180559514736217e+02,2.546733284582553551e+03,1.813892973561797817e+03,1.529921169544987833e+02,1.000000000000000000e+05,2.054327690002255167e+03,7.452066732464954839e+02,1.000000000000000000e+05,1.413091446829834467e+03,1.098693576749329623e+03,2.229294134091479918e+03,1.023538818017763560e+03,2.701720669340610925e+02,1.000000000000000000e+05,1.941129130880703087e+03
1.417466109148750775e+03,3.466677269138359861e+03,3.090979849171305887e+02,2.737957821428744865e+03,3.110969827245497072e+03,1.673199500792520666e+03,1.461695518463970984e+03,3.888545461174755474e+03,1.331218579615144108e+03,2.261403673091265773e+03,1.864012403467833565e+03,1.761147114385365057e+03,1.398850544319082019e+03,1.000000000000000000e+05,3.224796025507409922e+02,3.368284997382204438e+03,1.000000000000000000e+05,1.608849257886980013e+03,7.876053566353449469e+02,3.523712023825717552e+03,5.153376295557426374e+02,3.630788934017587508e+03,2.273666926148609036e+03,2.182256030740326878e+03,3.155318050626051445e+03,1.000000000000000000e+05,1.959969935391682725e+02,2.047490204891194708e+03,1.917069840986837789e+03,1.190467731310900035e+03,1.389767281057945411e+03,3.778575883668602728e+03,1.105246537721124241e+03,3.287775577921849163e+03,2.466527729709185678e+03,1.000000000000000000e+05,1.527743524231871788e+03,1.000000000000000000e+05,1.985055960229799723e+02,2.754458547223080132e+03,1.000000000000000000e+05,1.668657749075001902e+03,1.592319367651570019e+03,3.968307946581943270e+03,3.606808894343176917e+02,2.116593557035489539e+03,2.042880256925475805e+03,1.000000000000000000e+05,1.000000000000000000e+05,1.000000000000000000e+05,5.226134689204131973e+02,3.357776068711817061e+03,1.000000000000000000e+05,1.648148015806893227e+03,6.601750202499149509e+02,3.489733457508563788e+03,8.835385295175890406e+02,3.611926908777933022e+03,2.152681681745355490e+03,1.918735053787785091e+03,1.593335687401742689e+03,1.000000000000000000e+05,0.000000000000000000e+00,2.395832229105266833e+03,1.000000000000000000e+05,1.705881411655197780e+03,1.366789671809681749e+03,3.759663760386594731e+03,6.990077251529351088e+02,1.000000000000000000e+05,2.197277676502043960e+03,1.000000000000000000e+05,3.612604236708366898e+03,1.000000000000000000e+05,3.167379606418291473e+02,2.695338170727149645e+03,3.020588813289682548e+03,1.523342954683785138e+03,1.834815739099547955e+03,4.134178508154394876e+03,1.487481313335135837e+03,2.067578036194930519e+03,1.822110153539756766e+03,2.008744419103376003e+03,1.403146570476717670e+03,1.000000000000000000e+05,2.789218959088776728e+02,2.722410181310521693e+03,1.000000000000000000e+05,1.727836713523751314e+03,6.631419204445560354e+02,3.524055430821321806e+03,3.593765222359618861e+02,3.566747965607511560e+03,2.317703969114621032e+03,2.573241613604293434e+03,3.258595516171437794e+03,4.057522219732581107e+03,2.701656567615752920e+02,2.659324815781531470e+03
8.378504096766139355e+02,6.090453387028798033e+02,1.535979064381720491e+03,1.692322615689706140e+02,1.459997427105015049e+03,6.559575840098616482e+02,1.672281266645566802e+03,9.752021260450338787e+02,1.000000000000000000e+05,3.903952799981736916e+02,1.570226158985818756e+03,5.377948327678881242e+02,1.346969539152004927e+03,1.179420978169839145e+03,1.774159080498876847e+03,3.196271560335536606e+02,1.509676642440373143e+03,8.676265167493097579e+02,1.513107109688040509e+03,6.504578163860528548e+02,1.191213875750101579e+03,9.525287618166422590e+02,1.719987786056895857e+03,1.931637159987882058e+02,1.408616560312937509e+03,1.500443503905807574e+03,2.412195458361244619e+03,2.803847021050918897e+02,1.452554550672609594e+03,9.420356116375223792e+02,1.904166286468342378e+03,7.573253906690708845e+02,8.659340871678571148e+02,4.306437040686405453e+02,1.880956306509234309e+03,1.727165906994704073e+03,1.163088301048536778e+03,9.526165739007471984e+02,1.820642489618468971e+03,1.826110198644082629e+02,1.402649227471739778e+03,5.669985969739020675e+02,1.592059849395485799e+03,1.462911319777432254e+03,1.541941233782105428e+03,8.487039486925311849e+02,1.752089540867405503e+03,3.220945308743494593e+02,1.241741966673799425e+03,1.118917921644036142e+03,1.434868671939930209e+03,4.493282999459553366e+02,1.871751548189421783e+03,1.000000000000000000e+05,1.747062445944921365e+03,5.206293779943755453e+02,1.193610673132953480e+03,8.438921646186049657e+02,1.634925185591308491e+03,3.745921100376222626e+02,1.493948645246333854e+03,1.399294117290334270e+03,2.373720575681965784e+03,0.000000000000000000e+00,1.191459642888058170e+03,5.720012321519197940e+02,1.585242337976162389e+03,9.195815415873755683e+02,1.074788686036085664e+03,8.346741069827430692e+02,1.798019481444923485e+03,6.823872986305630093e+02,1.098370567667996966e+03,8.972671921913188271e+02,1.496790139773437431e+03,3.377154791347321066e+02,1.734931069194606607e+03,7.520011940503508185e+02,1.743313395948930292e+03,1.331726696978843620e+03,1.000000000000000000e+05,3.703001171678362766e+02,1.542691482676756095e+03,6.078169972344087455e+02,1.307093171782381660e+03,1.070474570035451507e+03,1.770780322275712479e+03,2.908486866964765909e+02,1.545884018267726333e+03,1.883703468256481983e+03,1.627518023248335112e+03,6.519064052683612545e+02,1.396100206359703634e+03,9.997784279003010397e+02,1.860283840675963347e+03,2.130863101294773116e+02,1.231791060569422825e+03,1.332450517316554624e+03,2.305766727975243157e+03,1.811962049616051615e+02
1.048504591076186671e+03,3.433232492613618092e+02,1.000000000000000000e+05,9.340380089052655421e+02,1.691624360526316764e+02,1.332019793348292069e+03,1.655923629398774892e+03,2.009842515565721442e+03,1.000000000000000000e+05,9.975303096899825732e+02,3.903846640723225505e+02,1.738621150821544461e+03,5.942599306103383014e+02,1.654533567279640920e+02,2.887335274305770781e+03,1.918035328775007201e+03,3.191548887424460759e+02,4.233170720449965302e+03,1.611831355582796732e+03,4.485554189553050719e+02,2.455912907378648470e+03,3.617590739404838018e+02,7.772254481172252554e+02,1.606227985660014383e+03,1.929354017604712794e+02,4.316686792007128588e+02,1.000000000000000000e+05,1.067430819214375788e+03,2.803340604537505101e+02,2.384552023584813014e+03,2.514063328368404200e+03,2.155299647608580926e+03,1.648028141487166067e+03,4.026038807138896800e+02,4.302057524899046825e+02,1.000000000000000000e+05,1.395047127675004504e+03,1.506875324240491807e+02,1.000000000000000000e+05,9.058245648430521442e+02,1.823782193971706818e+02,1.250986692978160590e+03,1.132153358137702980e+03,1.836746617759334640e+03,1.000000000000000000e+05,9.016779573733800817e+02,1.374430398298607770e+03,1.881237520678215560e+03,3.216060854164867919e+02,3.465602945189748425e+02,1.858646684229008542e+03,4.502542516755630686e+02,4.486040505982700211e+02,1.000000000000000000e+05,2.546824277868605350e+03,6.207758614032688911e+02,1.000000000000000000e+05,7.468315325625245578e+02,5.899320958561337420e+02,1.344639435584807870e+03,3.742412903419260601e+02,2.994551558371315423e+02,1.000000000000000000e+05,2.014084710485934238e+03,0.000000000000000000e+00,1.559390115293023428e+03,8.781233361988280421e+02,1.537826551404613610e+03,1.539038473480775338e+03,2.395295659179379584e+02,1.107341172351402975e+03,1.000000000000000000e+05,5.986459642805417616e+02,2.463212474631399118e+02,1.000000000000000000e+05,6.494149741014318806e+02,3.373527872609705582e+02,1.059841920500500692e+03,1.507157044667487753e+03,2.055817249994787744e+03,1.000000000000000000e+05,1.072313668247684063e+03,3.702413640843412281e+02,2.788772908668161563e+03,6.098097806170537751e+02,1.472870316193949805e+02,2.980761181878850948e+03,7.499087465581085326e+02,2.904198219902471010e+02,1.000000000000000000e+05,2.138958795093873050e+03,3.600198114351076129e+02,1.000000000000000000e+05,3.926997143758125048e+02,1.379217808470331420e+03,1.856628694791818361e+03,2.127781196358504019e+02,4.412263222181898072e+02,1.000000000000000000e+05,9.771954624570649912e+02
4.024560797109822374e+02,2.499951271153639937e+03,2.274744867547689410e+03,1.336268222279685688e+03,1.548525167195789436e+03,1.692067524545275603e+02,1.840108025781491506e+03,2.967210063771643490e+03,4.455733053794845659e+02,3.255895157139565868e+02,1.394500092670399681e+03,9.804999442853227265e+01,1.365057384979087374e+03,1.918648626330687648e+03,1.774278132693117641e+03,2.426906674471380938e+03,2.219602222571164930e+03,1.618170740336221627e+02,1.658012871519626970e+03,2.978291925858303784e+03,1.256246037595423786e+03,9.060172525175679539e+02,1.336564331177010217e+03,2.885886424314510350e+02,8.743692305760754380e+02,2.465984923381410681e+03,2.420662215753785404e+03,2.827776134429434478e+02,9.945545506726095937e+02,2.803650466883013337e+02,2.409267458355107010e+03,3.234968626642479649e+03,3.432941961523752070e+02,1.122693016204838841e+03,1.804629048164351843e+03,2.487124726248979414e+02,1.256279840026048532e+03,1.242071155226839210e+03,1.863874153545339595e+03,2.159534154338412009e+03,1.709499031751089205e+03,1.825295381082353003e+02,1.593712958879729285e+03,2.650137257491753189e+03,2.392209376677242290e+03,5.560520047463963920e+02,1.620278480931214290e+03,2.717951944299392153e+02,1.020136575641609966e+03,2.258836891001210006e+03,1.471231123456520663e+03,2.438089918943118846e+03,2.138264200536051703e+03,3.171467298125209595e+02,1.747062445944921365e+03,2.533520435523631022e+03,1.277889373213751469e+03,7.972739845037394844e+02,1.233373304205696286e+03,1.229760715807874050e+02,1.380716605527290085e+03,2.456979898839516409e+03,2.418089625198197609e+03,9.112889820477631702e+02,1.523820854467897107e+03,0.000000000000000000e+00,1.423327298386758457e+03,3.696369946157070899e+03,1.121344966955426116e+03,1.096977799683943203e+03,1.441901331641330671e+03,2.671292050509863998e+02,9.277549742051742214e+02,1.998960166347567792e+03,1.554634245745245380e+03,2.226811719538505713e+03,1.796729286644941112e+03,3.375765403874586923e+02,1.967703736746306504e+03,3.972052530228939304e+03,4.496401269780196230e+02,2.680292466673453191e+02,1.405081007416319835e+03,1.512978648883926382e+02,1.385254117493300100e+03,2.000756932129296729e+03,1.776196365251224506e+03,2.345432806271650406e+03,1.891425008561233653e+03,2.433577561275191101e+02,1.675118101706148536e+03,2.551852179877543676e+03,1.446892593616136537e+03,6.243033460217138781e+02,1.919217808470331420e+03,3.324472702477337407e+02,1.089980842148972897e+03,2.437896408350987258e+03,2.320646989068641233e+03,4.089573633729665403e+02
4.304834505065730355e+02,1.705561242188935012e+03,2.154862553437632869e+03,2.047716288028127110e+03,6.707883103115178756e+02,1.332019793348292069e+03,1.690993870120714746e+02,2.023292222373685036e+03,1.000000000000000000e+05,1.102844498168323526e+03,3.247738533431212318e+02,2.198338359137533644e+03,9.801581265786271047e+01,1.201955446617821963e+03,1.780011915632579758e+03,2.322747673623286119e+03,1.311441219955995166e+03,4.233170720449965302e+03,1.614264158935685600e+02,1.954027721570133508e+03,7.896721133834179227e+02,4.485547620022290971e+02,9.662117193560147825e+02,1.673501929081495746e+03,2.883499040334067445e+02,1.686867998123132111e+03,2.400255100684404169e+03,1.225593783331405120e+03,2.821618880086028298e+02,1.227664737724954193e+03,2.802918021587698263e+02,2.597826216317877879e+03,1.381911723621344208e+03,1.669336443778287730e+03,1.026358600086511160e+03,1.000000000000000000e+05,2.484054075053472559e+02,8.878745068866860493e+02,2.070918828979652062e+03,2.203790482193953721e+03,9.609784595690798596e+02,1.188172702774563049e+03,1.821571954100338928e+02,1.843813194888119142e+03,2.220193425009341354e+03,4.125141952393276483e+02,7.210781119283344651e+02,1.881237520678215560e+03,2.717861567807589154e+02,1.721374980522681426e+03,3.211243300909991945e+02,1.981922920975424631e+03,1.235693785372813863e+03,1.000000000000000000e+05,3.165972084860853215e+02,2.145115117620572619e+03,2.177041622842225479e+03,6.267965184127892826e+02,7.272355131363913188e+02,1.344639435584807870e+03,1.227087519493163370e+02,1.408954231532537733e+03,2.353775254429397592e+03,2.014084710485934238e+03,6.991971952604429816e+02,1.559390115293023428e+03,0.000000000000000000e+00,1.975758971828563062e+03,3.911933598276088446e+02,6.339473008543247943e+02,1.242456205079556412e+03,2.959252463493472078e+03,2.670414048557240108e+02,1.566295332537620880e+03,1.931852559699148060e+03,1.760162288197499038e+03,9.673388288788826230e+02,7.215098740392538730e+02,3.370445027307708870e+02,2.055817249994787744e+03,1.000000000000000000e+05,1.143250216248646211e+03,2.673658556716324597e+02,2.296082824446249560e+03,1.511825981728055694e+02,1.009519353188531568e+03,1.941865399387342450e+03,2.192349972447945220e+03,1.098119872325841925e+03,1.000000000000000000e+05,2.428438760706413007e+02,1.726016384977814141e+03,2.065341639895392746e+03,3.600171059701500553e+02,9.781600700215892630e+02,1.856628694791818361e+03,3.323539568080952904e+02,1.751227216230557360e+03,2.221516936134230491e+03,1.883771488252323024e+03
1.487913209351940168e+03,3.158849652407027406e+02,1.000000000000000000e+05,2.226140544113914984e+03,8.820332037273419701e+02,2.200533129446348539e+03,1.719396868867397643e+03,1.198379949737158086e+02,1.000000000000000000e+05,1.466363740714288269e+03,1.283000394664001533e+03,4.153370522032879308e+03,1.505468249154421983e+03,3.903933879982018311e+02,1.000000000000000000e+05,4.183199154258696808e+02,6.341466179809700634e+02,1.000000000000000000e+05,2.019402685252462106e+03,1.618654982186972688e+02,1.000000000000000000e+05,9.576307884193239488e+02,1.273582242545023746e+03,2.722256030740326878e+03,1.223368823242845338e+03,3.343554645419137614e+02,1.000000000000000000e+05,2.043688476812179260e+03,1.282492083101229809e+03,1.000000000000000000e+05,2.765990911412659898e+03,1.692374956844180929e+02,2.260922207822909968e+03,6.152253111548819788e+02,1.002611769498024728e+03,1.000000000000000000e+05,1.802458519092332153e+03,3.840298143800682737e+02,1.000000000000000000e+05,1.855938872887675643e+03,7.350199963692134588e+02,1.941986692978160590e+03,1.533986342376262201e+03,1.825790144573377347e+02,1.000000000000000000e+05,1.171594807707431755e+03,1.395257755271052019e+03,4.283767465212147727e+03,1.057963738555944246e+03,2.128657252338532828e+02,2.612777876123697297e+03,3.220318539620273555e+02,8.916003811358965550e+02,1.000000000000000000e+05,2.694510422347265830e+03,2.405097141927965367e+02,1.000000000000000000e+05,9.274195213441277019e+02,1.193867216021780223e+03,2.068891946472520431e+03,1.566457195877898130e+03,5.588065194391576824e+02,1.000000000000000000e+05,2.196273587058413796e+03,8.736482429926168152e+02,4.081559408835668364e+03,1.756513352856669599e+03,0.000000000000000000e+00,2.261406315225669459e+03,6.019512416671105939e+02,1.295252804280437886e+03,1.000000000000000000e+05,1.342833616379593195e+03,2.670987174224517844e+02,1.000000000000000000e+05,7.492427988647062875e+02,8.880600576108877249e+02,1.856949266826180519e+03,1.570585289790226170e+03,2.669129574535616598e+02,1.000000000000000000e+05,1.862784943936358104e+03,1.319014008441471333e+03,1.000000000000000000e+05,1.656171193053133948e+03,3.702898054194322413e+02,1.000000000000000000e+05,5.451536541890301351e+02,7.385221135631302332e+02,1.000000000000000000e+05,2.212833377388552890e+03,2.434280908856416659e+02,1.000000000000000000e+05,1.050201016839151407e+03,1.479758380581503161e+03,2.229294134091479918e+03,9.541806793253822434e+02,2.310466950549212299e+02,1.000000000000000000e+05,2.172789244063932983e+03
1.870045426560579074e+02,1.897819480034981098e+03,3.153030588768718872e+02,1.789893393359508309e+03,1.107998865074641571e+03,3.433116135222566072e+02,6.619071501444127534e+02,2.823953177895265981e+03,4.071156998448992681e+02,4.313407664193444475e+02,1.010246802678693939e+03,9.379612862602928089e+02,3.250364337111903410e+02,1.858302653736190905e+03,3.903807449727567587e+02,2.426906674471380938e+03,1.843438968714661996e+03,8.931318753639060333e+02,2.740802786954395742e+02,2.333850618160285649e+03,1.615536002166784328e+02,7.301375164881873161e+02,1.336564331177010217e+03,1.536560973225697580e+03,7.584730456143888659e+02,2.406675024901473989e+03,1.152745474100488536e+03,7.599605737595984465e+02,8.689288032483584630e+02,3.323026321716775442e+02,7.677672810579454108e+02,3.125133557091703096e+03,1.691841346020108290e+02,1.122602680019063655e+03,1.384629048164351843e+03,1.141367515815930574e+03,1.590941426210803229e+02,1.242071155226839210e+03,3.837276878677127456e+02,2.159534154338412009e+03,1.320211310808926100e+03,3.888741288536263028e+02,7.239087153031333628e+02,2.378792898774437617e+03,3.298514442484215579e+02,3.165682176124075795e+02,1.405220257666250518e+03,1.776011464526028249e+03,4.119894937521219163e+02,2.164631939203571619e+03,2.128467204781803446e+02,2.438089918943118846e+03,1.818521614997019924e+03,5.966391211806750334e+02,3.871443876208135748e+02,2.533520435523631022e+03,2.400821156697056722e+02,6.882175027007224344e+02,1.233373304205696286e+03,7.518919774628031973e+02,6.683679196899735189e+02,1.875259507095935078e+03,2.318708528938184827e+03,1.941739366719220470e+03,1.260075081889599915e+03,7.929553832091653476e+02,3.909351435723593227e+02,3.099083657429629056e+03,0.000000000000000000e+00,1.096977799683943203e+03,1.396901331641330671e+03,1.819831357872045373e+03,2.512324054968801761e+02,1.867980847086347694e+03,2.669573657271467937e+02,2.182278943602168511e+03,1.384048347472832575e+03,2.463143869392914951e+02,1.215004740741880369e+03,2.863893046312087336e+03,9.171033410640620787e+02,4.465438783603034949e+02,9.101722622431000218e+02,1.011727725718850820e+03,2.675812084098107562e+02,1.719119451541534545e+03,3.702194074858919066e+02,2.311153334783762148e+03,1.542130421243515229e+03,5.745616628225845943e+02,3.144344934725610301e+02,2.001046102981852300e+03,2.430071763648305705e+02,3.807081718475168941e+02,1.647564248277940351e+03,1.765671754598670304e+03,6.967941686277758890e+02,2.361441398070312061e+03,3.759900038923652232e+02,1.413879917095775227e+03
1.295048327472124811e+03,1.870361362041539905e+02,2.523385536118260006e+03,4.307016167913663480e+02,4.023472617995333280e+02,1.493417208271684558e+03,1.255576641022400736e+03,1.144992690899449371e+03,1.000000000000000000e+05,4.075271419239324473e+02,9.005665765778190917e+02,2.198338359137533644e+03,4.454962141245467251e+02,3.254442941656592438e+02,2.203611742065010276e+03,4.498764894271068329e+02,1.406471078334809363e+03,2.313170720449965756e+03,1.304068241182807697e+03,3.506285541115090609e+02,2.116214253307254239e+03,1.617489428675517047e+02,1.299987786056895857e+03,1.765295088283327004e+03,2.696006201128551538e+02,1.368129257069488631e+03,1.000000000000000000e+05,5.680296744535284006e+02,4.395367090435927366e+02,2.152470179616972928e+03,1.876125650568282708e+03,7.860145118093436167e+02,1.479948627616929343e+03,1.692202301326042289e+02,1.277506012635024490e+03,1.000000000000000000e+05,6.912100753665326920e+02,1.592875213464629383e+02,2.295429579931331773e+03,4.363278085453275139e+02,4.194097365962429649e+02,1.250986692978160590e+03,7.963355030975826594e+02,1.363728166574325769e+03,1.000000000000000000e+05,3.302629568351722469e+02,1.332089540867405503e+03,2.305355332124942834e+03,2.511054051793827568e+02,4.123840302900538290e+02,1.791369032204382165e+03,2.717940339762047302e+02,1.518693785372813863e+03,1.000000000000000000e+05,1.888525156059991559e+03,3.683933571668584364e+02,2.227918607174914541e+03,2.403555868884512847e+02,1.214925185591308491e+03,1.416705346362798082e+03,5.524527905941613426e+02,1.283167013868286858e+03,1.000000000000000000e+05,2.032173272881757157e+03,2.394576605966487932e+02,2.090602366859629910e+03,6.257321291539260528e+02,1.107161420140365408e+03,1.475570680942337276e+03,0.000000000000000000e+00,1.400590576883504355e+03,2.500013636992170177e+03,3.818682616336496380e+02,2.514759895843833988e+02,2.194747201715244955e+03,2.671173187036102945e+02,1.253776364530028786e+03,1.135432790826257360e+03,1.428652956030163296e+03,1.572539245545342965e+03,1.000000000000000000e+05,6.379369449307178002e+02,7.922097775775391710e+02,2.294245502321763070e+03,4.495260539717601205e+02,2.679129262137348064e+02,2.189401991557053861e+03,3.703100952902885865e+02,1.273718440432987336e+03,1.000000000000000000e+05,1.699457304113928785e+03,2.468288050310787298e+02,2.230994102460823797e+03,2.432641443696832653e+02,1.379217808470331420e+03,1.972002871287234711e+03,1.822764260922716062e+02,1.248469958193051298e+03,2.539546328429591085e+03,4.461998216927286194e+02
1.048504591076186671e+03,1.151236021513872629e+03,2.170556348386437548e+03,1.364260776485424230e+03,4.303654639335292131e+02,1.234655390720028663e+03,7.458802478927107131e+02,1.781178598555456801e+03,2.670447710534217549e+03,1.095272316781402651e+03,4.065089189740566553e+02,1.507338359137533644e+03,8.048873639294376972e+02,8.314050050981302320e+02,1.868282232900677172e+03,1.786064661463424272e+03,4.498712505304746401e+02,1.653170720449965756e+03,1.028459471848765133e+03,1.604497502241237953e+03,1.650560959110340264e+03,8.721334664924803519e+02,1.612795789138564260e+02,1.399854450147856824e+03,6.779690184732980924e+02,1.129243008227204427e+03,2.388998065967597540e+03,1.220521688850501505e+03,5.266638002826000502e+02,1.520945070713266659e+03,1.298668161736443381e+03,1.780467330615469336e+03,1.206715319686310522e+03,1.223291712964293538e+03,1.691292698758549307e+02,1.907262265335338043e+03,1.132449822826867148e+03,8.320148418711864906e+02,2.086768108176438091e+03,1.809222991675324465e+03,4.361756428409582327e+02,1.188172702774563049e+03,6.300276856755959898e+02,1.733724659157708629e+03,2.323004306098337111e+03,9.016779573733800817e+02,3.292859162341440538e+02,1.645893842449009526e+03,7.344290873774883721e+02,1.068849771582889161e+03,1.578353216862043382e+03,1.568613875936980094e+03,2.717820701147646218e+02,1.000000000000000000e+05,1.491537056969448940e+03,1.686129611546308752e+03,1.716516682266926864e+03,1.031926908777933249e+03,2.396894448769284054e+02,1.287564479110817047e+03,6.761099004511106614e+02,7.871824993665318289e+02,2.335497592888339113e+03,1.675671432280753834e+03,6.841133011742135750e+02,1.370023361235442735e+03,7.869483728783294509e+02,1.662461506984825519e+03,1.208985176007599875e+03,8.432808670052091884e+02,0.000000000000000000e+00,1.870276315384501686e+03,8.757453599108555409e+02,1.011267561983296446e+03,1.931852559699148060e+03,1.272683660531666192e+03,2.670027181655501636e+02,1.059841920500500692e+03,5.536057856110599005e+02,2.067283901225884165e+03,1.000000000000000000e+05,1.143250216248646211e+03,5.223644056320456457e+02,1.634245502321763070e+03,8.485180759309974974e+02,8.316401603813551446e+02,1.937514716044053557e+03,1.722494751564482158e+03,3.702688606867938006e+02,1.000000000000000000e+05,1.448582009892355927e+03,1.150042882210797870e+03,2.078988801010988027e+03,8.443975682539917216e+02,2.426574106971772835e+02,1.634317604193815896e+03,6.785955161714380210e+02,1.151691169461377058e+03,2.278128980803755439e+03,1.284152722416787128e+03
9.705646852319441678e+02,2.499951271153639937e+03,2.403385536118260006e+03,9.912396035809538262e+02,1.879219157448053920e+03,4.362594620759447821e+02,2.869619931752421053e+03,3.802503117144590306e+03,1.000000000000000000e+05,7.034036730912657731e+02,2.308782747739008755e+03,1.692276503643114438e+02,2.027555258528696413e+03,2.433255368174429805e+03,1.780011915632579758e+03,1.557820651155564974e+03,2.903567568716988262e+03,2.717924169939321359e+02,2.299871811317180800e+03,2.598178886298668203e+03,1.000000000000000000e+05,1.201313776998579897e+03,1.756564331177010217e+03,3.196030649783206741e+02,1.354369230576075324e+03,2.541713671574759701e+03,1.000000000000000000e+05,4.403735789727517727e+02,1.452554550672609594e+03,1.930602737068498527e+03,2.922148037033410219e+03,3.140598202252340798e+03,9.974669572151617558e+02,2.387134681618650120e+03,1.804629048164351843e+03,1.198316749062330189e+02,1.994668745861972411e+03,1.899151055398191374e+03,2.175429579931331773e+03,1.067294474321147163e+03,2.115453696695753933e+03,4.306087546947602505e+02,2.312059849395485799e+03,3.858168550145109293e+03,1.000000000000000000e+05,1.059593557035489539e+03,2.260734349217954332e+03,1.618916981396621395e+02,1.475638042321753346e+03,3.769896078800949454e+03,1.578353216862043382e+03,2.438089918943118846e+03,2.774212512904695359e+03,2.022532255122290280e+03,1.764111993167742412e+03,2.533520435523631022e+03,1.000000000000000000e+05,1.201825088551873250e+03,1.653373304205696286e+03,3.172597707031441701e+02,2.034880253646809933e+03,3.270962316159517741e+03,1.000000000000000000e+05,8.965692122239474884e+02,2.243147195895863206e+03,2.671088569985193431e+02,2.085857282426720303e+03,3.684541608882258515e+03,1.204974629177626412e+03,1.360410071442503522e+03,1.798019481444923485e+03,0.000000000000000000e+00,1.473336184376689289e+03,2.819661173754537231e+03,2.074747201715244955e+03,1.518659009931667697e+03,1.927194883949924588e+03,8.294581835943208716e+02,2.576823751725827606e+03,4.018135682938692753e+03,1.000000000000000000e+05,5.781653158569885136e+02,2.263536317121881893e+03,1.224032363995579402e+02,2.040676927108639575e+03,2.521247256858339370e+03,2.069401991557053861e+03,1.177028555915235302e+03,2.562953294194504451e+03,3.702953269059248669e+02,1.712735852763640878e+03,2.551852179877543676e+03,1.000000000000000000e+05,1.136662827887222647e+03,2.095361759151763636e+03,2.718393733440897790e+02,1.351549002762682221e+03,3.953289753043614837e+03,2.419546328429591085e+03,9.578498051936505817e+02
1.824330017618256932e+02,9.081520937269447131e+02,9.467546347917322009e+02,1.660230079556249166e+03,8.557825687863908115e+02,4.196616062115584214e+02,4.359992010585438607e+02,2.456687455582423809e+03,8.826657903778502714e+02,3.433178843250979639e+02,7.011720538785951931e+02,9.717857318410538028e+02,1.691484263655614768e+02,1.381673857612728852e+03,1.774159080498876847e+03,1.918035328775007201e+03,1.571154482028038728e+03,8.932285565614533880e+02,2.717778975176283893e+02,2.118622538524441097e+03,4.117561615428476216e+02,2.511547970921742490e+02,1.302745782113196128e+03,1.536560973225697580e+03,3.190509542999689074e+02,2.056867998123132111e+03,2.400255100684404169e+03,7.610286587298235190e+02,4.395668276332717710e+02,6.019452960681769582e+02,1.149619043186869703e+03,2.739542940098941926e+03,3.253336493286938662e+02,4.457023854435146859e+02,1.277506012635024490e+03,1.183627825689289239e+03,1.197297235484750786e+02,8.055059561914744108e+02,1.820642489618468971e+03,1.855938872887675643e+03,1.010525163723700302e+03,4.025716470300739047e+02,4.301256182967568407e+02,2.120018098429011843e+03,9.566207203576511802e+02,1.506868578661320157e+02,1.284524738358847571e+03,1.776011464526028249e+03,1.616487512044207904e+02,1.985313781099462858e+03,3.502996811782983286e+02,1.006180861234039639e+03,1.447884167097415911e+03,8.688046991694893677e+02,1.710407474605584866e+03,2.533520435523631022e+03,5.496230794463043594e+02,2.754001554177045819e+02,1.135024946709511596e+03,7.540632540649201019e+02,3.168454774821113347e+02,1.608898120109252204e+03,2.353775254429397592e+03,1.941739366719220470e+03,7.952924712680189714e+02,7.984918612621556804e+02,2.669808740145975889e+02,2.369469712132944551e+03,2.511537010324997254e+02,3.820670743702108325e+02,1.396901331641330671e+03,1.904667090183115306e+03,0.000000000000000000e+00,1.004727861960539940e+03,6.210060647376499219e+02,7.783329077589550025e+02,1.138618591549315397e+03,2.394957151878792843e+02,1.091559021115234600e+03,2.571817249994787744e+03,9.171033410640620787e+02,3.895428017391925550e+02,5.778145942043527157e+02,1.014100107549360132e+03,1.223916095276538840e+02,1.234388821215138478e+03,1.661487219189365987e+03,1.813892973561797817e+03,1.351425008561233653e+03,8.769745841502333406e+02,3.702307475162771766e+02,1.104814955201662087e+03,5.843184164377794332e+02,1.472734782751755347e+02,1.366130631576437054e+03,1.765671754598670304e+03,2.714619142465865593e+02,1.991720366577190362e+03,1.031475489595380623e+03,1.320027269931565797e+03
1.308599250809272235e+03,1.825625077079195364e+02,1.000000000000000000e+05,9.045872898036363949e+02,3.888727547439012255e+02,1.513396057203201963e+03,1.347289176652414199e+03,3.841156239620962083e+02,1.000000000000000000e+05,9.852127632971239564e+02,1.112226158985818756e+03,2.233370522032879762e+03,1.004638937959323016e+03,1.691974341626949183e+02,2.821960275991403705e+03,8.260646614634243861e+02,3.727527192974093282e+02,4.331005355923522075e+03,1.556818459034511307e+03,2.128683796887216886e+02,2.153816649726262312e+03,4.122351924783544064e+02,1.273582242545023746e+03,1.624495575176307284e+03,4.112992335861159745e+02,3.194068479707614188e+02,1.000000000000000000e+05,1.040566243273158307e+03,9.230016300082668295e+02,4.100945070713266432e+03,2.549502486955519544e+03,3.903977291779347070e+02,1.492654950359926943e+03,3.256338765349418054e+02,9.309251704388575490e+02,1.000000000000000000e+05,1.334253407165276030e+03,1.197939846615824706e+02,1.000000000000000000e+05,8.874408266797128135e+02,3.432849869546989794e+02,1.442809550455644739e+03,1.185186400436066606e+03,3.159141811792720205e+02,1.000000000000000000e+05,8.452082689753239038e+02,1.386805156091454364e+03,2.312071036457256014e+03,6.321919119093670361e+02,1.618096351955215368e+02,1.839217020857651050e+03,2.744800217106255218e+02,8.559348603526276520e+02,1.000000000000000000e+05,2.546824277868605350e+03,2.941572062309926423e+02,1.000000000000000000e+05,5.999945035906706607e+02,1.164777526451107406e+03,1.618924277223402441e+03,9.613820192471641803e+02,3.170977546616110203e+02,1.000000000000000000e+05,2.032173272881757157e+03,2.463102759945280411e+02,2.090602366859629910e+03,1.107989138888175376e+03,2.671241016303009133e+02,1.500575924067708229e+03,2.514257839197425426e+02,1.215059461996793971e+03,1.000000000000000000e+05,9.456612031230279172e+02,0.000000000000000000e+00,1.000000000000000000e+05,3.917730978980587224e+02,7.758582227509963332e+02,1.318994399939432697e+03,1.570585289790226170e+03,5.818958837443212815e+02,1.000000000000000000e+05,1.047049572709368022e+03,1.084691482676756095e+03,2.322571485392312297e+03,1.058412813215546976e+03,1.223988660574604950e+02,2.924017540480593198e+03,4.331385638988100482e+02,4.130356230822936254e+02,1.000000000000000000e+05,1.777690945295890288e+03,1.512897237635617955e+02,1.000000000000000000e+05,6.285886682453976846e+02,1.418693576749329623e+03,2.229294134091479918e+03,3.751083305682796549e+02,2.717158449442812298e+02,1.000000000000000000e+05,9.457533327217081478e+02
5.529238580919187598e+02,2.499951271153639937e+03,1.822337428465638993e+02,2.236460898561468184e+03,1.601733054178456314e+03,1.018393311678027430e+03,6.960403971431785521e+02,3.701725755306299561e+03,4.304272812846197667e+02,1.626706373684674872e+03,1.087224842974298554e+03,1.583981747761972656e+03,5.377990940786630745e+02,2.433255368174429805e+03,1.690807095393194572e+02,2.468319627472431876e+03,2.618527617235906746e+03,1.406050471540261924e+03,3.211590729001300133e+02,2.978291925858303784e+03,2.128535704672070210e+02,1.201313776998579897e+03,1.547844735278300050e+03,1.929087059254409041e+03,1.093719957013508974e+03,2.510978386811469591e+03,3.185355681858873140e+02,1.776729779351858042e+03,1.009884730065278973e+03,7.696999120455575394e+02,4.388926048902184220e+02,3.490796728996584989e+03,3.903919470367729332e+02,2.382588202071479827e+03,1.769749885560072926e+03,1.681627797970550546e+03,3.600953904064103881e+02,1.825171125674045470e+03,1.196389785047552152e+02,2.310265592653262502e+03,2.002115898095066996e+03,1.071788833708420952e+03,8.213081178981257153e+02,3.696283137495032861e+03,2.483445307042373713e+02,1.015095840785921723e+03,1.260462262466733364e+03,1.881088901778707395e+03,9.167670769694223054e+02,2.449504363798343547e+03,1.614091356330980886e+02,2.438089918943118846e+03,2.174541277740200712e+03,1.163451421820115911e+03,2.706681758166569693e+02,2.533520435523631022e+03,2.940698673588610177e+02,1.694285512030280415e+03,1.374426593127619071e+03,1.564286900708711528e+03,7.611551690141182007e+02,2.666620388067968179e+03,3.165032329473669392e+02,2.279442659636071312e+03,1.646799994840138424e+03,1.462787312854117999e+03,5.500730297134745115e+02,3.588676338660297006e+03,2.670228958347242383e+02,1.690736957714205118e+03,1.816901331641330671e+03,1.801247549511368561e+03,5.587544914214636265e+02,2.102788507749484779e+03,0.000000000000000000e+00,2.321903417493254892e+03,1.828533607869034540e+03,8.465339973126922359e+02,9.903365406505445208e+02,3.972052530228939304e+03,8.439207184159564576e+02,1.631841400151224661e+03,9.901650391284703119e+02,1.609082845159012550e+03,4.322823095059594039e+02,2.018586360331429660e+03,1.223814809354740731e+02,2.390725447945009364e+03,2.073986405832427863e+03,1.255674294467233722e+03,2.672458177891173250e+02,2.939496420008616951e+03,1.511601486279261906e+02,1.079599136537392496e+03,1.484732069680613904e+03,2.016189907457708387e+03,1.261476844734853557e+03,3.622290650940207797e+03,2.198052954599489794e+02,2.174947170275033841e+03
8.245770025516283113e+02,2.106781546770869795e+02,1.813979064381720491e+03,1.826010657371651860e+02,8.956063099991272338e+02,7.983912873842838280e+02,1.673252456307349576e+03,8.744419957234456433e+02,1.000000000000000000e+05,3.158392476936580238e+02,1.439296566538001571e+03,8.655892313840421366e+02,1.211404576369034885e+03,6.810661897243776366e+02,1.780011915632579758e+03,2.237420714380383515e+02,9.295333923816147035e+02,1.087420886478005741e+03,1.533376584934224411e+03,3.220418562352507479e+02,1.452807805823777471e+03,2.717898823120731890e+02,1.336564331177010217e+03,4.182911540579077609e+02,7.463900349207556246e+02,9.235282690957317300e+02,1.000000000000000000e+05,3.195249243428668819e+02,9.945545506726095937e+02,1.094812603556912791e+03,2.350166286468342605e+03,5.285739762176651766e+02,9.960646937252563475e+02,9.804679274221942364e+01,1.580956306509234309e+03,1.281731391981158140e+03,1.273453619768109093e+03,3.733322377707909254e+02,2.175429579931331773e+03,1.692349467387744255e+02,8.663688918049442691e+02,6.363626221169463406e+02,1.505549818086941741e+03,9.419950514150157233e+02,1.000000000000000000e+05,3.840033448922297907e+02,1.620278480931214290e+03,7.950237909259645903e+02,4.485541976589757951e+02,6.793741615605048310e+02,1.578353216862043382e+03,1.618605231774590152e+02,1.571751548189421783e+03,1.000000000000000000e+05,1.764111993167742412e+03,2.625857172885969817e+02,1.504937775368324537e+03,2.407296883776751031e+02,1.244373304205696286e+03,6.520694903409115568e+02,1.108758504668165187e+03,8.813829237779455070e+02,1.000000000000000000e+05,3.377639141548057751e+02,6.313246645585834358e+02,8.114666253054032268e+02,1.423327298386758457e+03,7.117732260472942016e+02,1.204974629177626412e+03,2.670869010626012141e+02,1.441901331641330671e+03,1.050566352370746245e+03,1.143602648294047640e+03,3.916589413150467180e+02,1.788336920992242995e+03,0.000000000000000000e+00,1.275358411787635760e+03,7.353501559749166745e+02,1.863313395948930292e+03,1.126883071230627138e+03,1.000000000000000000e+05,3.522072937093074643e+02,1.338155277925569408e+03,9.679196208590599326e+02,1.228044516518615410e+03,5.769693327048460105e+02,2.069401991557053861e+03,1.224038768977995915e+02,9.510093222660016181e+02,1.883703468256481983e+03,1.687678399261635604e+03,2.680750147100768572e+02,1.743201337561624541e+03,3.702835533719068621e+02,1.799217808470331420e+03,6.519276638763772098e+02,4.270028090201441842e+02,8.902646368815610458e+02,2.419546328429591085e+03,2.203705938377126756e+02
1.048504591076186671e+03,1.504715887771318421e+03,2.320529251911751544e+03,1.789893393359508309e+03,1.823420820063141434e+02,1.255465277368908801e+03,1.121430861135795112e+03,2.009842515565721442e+03,1.000000000000000000e+05,1.095272316781402651e+03,3.151956281201750016e+02,1.623639624214279593e+03,8.048873639294376972e+02,3.433044375938151234e+02,1.978349426100103301e+03,1.918035328775007201e+03,2.236999324759975138e+02,4.233170720449965302e+03,1.583272955557304385e+03,1.604497502241237953e+03,2.359510748228635748e+03,1.032246930901588257e+03,2.717724489452781995e+02,1.536560973225697580e+03,4.176320629761124792e+02,1.580334999294618456e+03,1.000000000000000000e+05,1.225593783331405120e+03,3.188131830573029788e+02,4.011093110024387897e+03,1.501957028978190465e+03,2.108907885102239106e+03,1.298268868139122333e+03,1.384693016204838841e+03,9.800754806474748193e+01,1.000000000000000000e+05,1.132449822826867148e+03,6.621784790482989820e+02,2.144089785031798783e+03,1.855938872887675643e+03,1.691721749618317574e+02,1.188172702774563049e+03,7.140783068777175231e+02,1.836746617759334640e+03,2.455477633336621693e+03,9.016779573733800817e+02,3.836754458966804009e+02,1.776011464526028249e+03,7.344290873774883721e+02,1.068849771582889161e+03,1.822924820426650285e+03,1.595867748168580874e+03,1.615387775619748254e+02,1.000000000000000000e+05,1.733322335368418862e+03,1.686129611546308752e+03,1.000000000000000000e+05,1.031926908777933249e+03,2.405635847871951398e+02,1.287564479110817047e+03,6.655507291690890952e+02,2.753935118368416397e+02,1.000000000000000000e+05,1.941739366719220470e+03,3.375285442381288590e+02,1.501559408835668364e+03,8.146338966548080407e+02,1.662461506984825519e+03,1.539038473480775338e+03,1.088328284503139230e+03,2.669321958280428930e+02,1.000000000000000000e+05,1.032604236708366670e+03,1.011267561983296446e+03,2.050695071020784326e+03,1.648753751983822212e+03,0.000000000000000000e+00,1.059841920500500692e+03,7.777281816433464883e+02,2.067283901225884165e+03,1.000000000000000000e+05,1.143250216248646211e+03,3.514185749062589821e+02,1.954014555445189899e+03,1.154179054026866197e+03,3.895163448197148455e+02,2.019612953250884630e+03,1.722494751564482158e+03,1.223936935635161376e+02,1.000000000000000000e+05,1.682133203241437741e+03,1.557500723849478618e+03,2.321184843809154245e+03,9.867479656075115599e+02,3.702073453564604506e+02,1.765671754598670304e+03,6.785955161714380210e+02,1.703282236644199656e+03,2.352647932898849831e+03,1.413879917095775227e+03
7.248135056864151693e+01,1.012310898910635842e+03,9.672528338908912247e+02,5.975636297318485504e+02,1.079518875196547924e+03,1.825064823233604727e+02,8.384971760221162640e+02,2.069128801981419656e+03,6.276460910868333940e+02,1.870298335111729671e+02,9.840200110485519644e+02,4.306794214194669053e+02,4.022850441447997127e+02,1.206865853811700390e+03,1.659184702423730414e+03,2.194435514792959111e+03,1.453875020434249791e+03,4.492304800064606525e+02,4.501349157854325540e+02,1.954027721570133508e+03,3.463343883395381226e+02,3.218075219575512165e+02,1.336564331177010217e+03,4.498762219971124523e+02,6.227830475988515673e+02,1.853867998123132111e+03,2.377473310093884720e+03,2.915098520817352892e+02,8.620282433127845252e+02,3.192488511412524304e+02,1.873209476856919082e+03,2.666086585315881621e+03,1.654117015314770640e+02,6.154605382336990260e+02,1.299910234637040958e+03,7.242627457889643665e+02,2.680031262084508512e+02,1.156899922771747015e+03,1.623875491226878239e+03,1.855938872887675643e+03,1.171722166675199333e+03,1.692129697279815161e+02,8.315569277557672194e+02,1.855792898774437617e+03,9.321220832433795067e+02,1.592466753573117444e+02,1.304599695028287897e+03,1.196991961783149691e+03,3.615567914075209046e+02,1.722291030394538666e+03,4.485528494067593783e+02,1.064264198393752395e+03,1.447884167097415911e+03,5.879004600474486324e+02,1.664933045836685324e+03,2.150367335816700233e+03,3.638657811756345382e+02,2.624445550043822664e+02,1.233373304205696286e+03,2.941445060069743818e+02,6.963012827880033910e+02,1.488898120109252204e+03,2.318708528938184827e+03,1.732850267227791392e+03,1.043147195895863206e+03,3.376887072287125307e+02,5.404266094868189612e+02,2.305505080933246063e+03,2.463006952174684159e+02,6.906663798494751063e+02,1.396901331641330671e+03,1.016613924104961825e+03,2.394154049385072369e+02,1.288514475078579380e+03,1.428786186878146509e+03,7.787706232139516942e+02,1.251393479583233784e+03,0.000000000000000000e+00,1.173692371344906405e+03,2.377893046312087336e+03,6.640135778458746927e+02,2.009179369093315017e+02,8.931477196022061662e+02,6.010392409472228792e+02,3.461155334142829929e+02,1.189140810909663514e+03,1.606094992753692850e+03,1.813892973561797817e+03,1.292548064523630501e+03,5.659005134196750078e+02,5.918212335635164436e+02,1.210542126985576260e+03,4.494613001878261684e+02,2.678423777130100802e+02,1.366130631576437054e+03,1.634317604193815896e+03,6.549481420174627146e+02,1.765720366577190362e+03,1.078513213853129400e+03,4.055351699460071586e+02
1.487913209351940168e+03,1.647476975182660453e+03,1.589648756048305586e+03,2.082903196409489738e+03,7.089783144264531529e+02,1.961797555130177898e+03,1.821080078872133186e+02,2.009842515565721442e+03,2.611109613195740167e+03,1.102844498168323526e+03,1.869411774201920764e+02,2.198338359137533644e+03,4.302980038151354165e+02,1.324616138270220745e+03,1.055657641112945385e+03,2.139216473473371934e+03,1.218084240602542422e+03,4.233170720449965302e+03,4.483511888445694922e+02,1.987945136844226909e+03,1.530912854175485563e+03,1.201313776998579897e+03,3.208638487139329527e+02,1.765295088283327004e+03,4.498700986096110341e+02,1.604588294215303449e+03,2.377473310093884720e+03,1.383934013927208980e+03,2.914976756848958530e+02,1.885320747400322261e+03,3.182181456187734057e+02,2.141092251597881841e+03,1.673520711832544976e+03,1.669336443778287730e+03,6.006155313761576053e+02,1.000000000000000000e+05,9.634296935911033870e+02,1.379339860757751467e+03,1.444196835603140698e+03,2.264462359308238774e+03,9.534308189724165459e+02,1.250986692978160590e+03,1.691126311473323369e+02,1.836746617759334640e+03,1.857065696883005558e+03,9.016779573733800817e+02,1.587400456892452212e+02,2.305355332124942834e+03,7.844839124370697618e+02,1.671466872690474247e+03,1.285044289750138660e+03,1.762767300731125488e+03,1.118704040387114219e+03,1.000000000000000000e+05,5.272069029455042255e+02,1.970115185607457079e+03,1.693605581771207198e+03,1.201825088551873250e+03,2.618346162908464976e+02,1.416705346362798082e+03,2.940328451681866682e+02,1.287824045436942242e+03,2.308772591749432650e+03,2.037723260631497169e+03,1.045383442386027127e+03,2.090602366859629910e+03,3.372836275299750923e+02,1.931660123032391539e+03,1.496775128864531325e+03,1.320351614168165270e+03,5.946837179296044269e+02,2.567991000644319683e+03,9.614744076749348096e+02,1.490043513292344414e+03,1.370011063290718994e+03,1.760162288197499038e+03,6.967159349436369666e+02,1.135432790826257360e+03,0.000000000000000000e+00,2.067283901225884165e+03,2.702140615509976669e+03,1.143250216248646211e+03,2.009090978751139289e+02,2.294245502321763070e+03,5.888761321972469887e+02,1.400984479652746586e+03,1.098901116798630028e+03,2.053598198597055671e+03,9.758717479293570705e+02,1.000000000000000000e+05,4.937971913096601497e+02,1.557500723849478618e+03,1.507198761566761959e+03,9.867479656075115599e+02,2.669810391841940600e+02,1.972002871287234711e+03,6.785955161714380210e+02,1.746181977126898119e+03,2.261144769916662881e+03,1.899849890147576843e+03
3.628504591076186443e+03,8.479640228923616405e+02,1.000000000000000000e+05,2.377194635966429814e+03,1.654208593743976280e+03,3.835465277368908573e+03,3.035224121570383886e+03,1.618888794995983176e+02,1.000000000000000000e+05,3.682844498168323298e+03,2.311281926553765970e+03,4.029607511759557838e+03,3.384887363929437925e+03,8.666960010833061006e+02,1.000000000000000000e+05,1.049478686556370349e+03,8.967077157582527889e+02,4.233170720449965302e+03,3.542823057100214101e+03,4.248371737522483613e+02,1.000000000000000000e+05,3.079849357325146684e+03,1.795916114727928971e+03,4.073691019421697547e+03,2.234624694480206927e+03,3.903948547572126131e+02,1.000000000000000000e+05,3.805593783331405120e+03,2.122030863560921716e+03,4.011093110024387897e+03,1.000000000000000000e+05,3.196316183014008061e+02,3.786715319686310522e+03,1.819816525648476045e+03,1.459817164582275836e+03,1.000000000000000000e+05,3.530013506497843082e+03,1.012468615038423991e+03,1.000000000000000000e+05,2.159587865445718307e+03,1.381325273750338511e+03,3.768172702774562822e+03,2.784573733944319429e+03,2.237340118390173984e+02,1.000000000000000000e+05,3.481677957373380195e+03,2.260734349217954332e+03,4.225893842449009753e+03,3.188555379406062912e+03,3.840634484984590813e+02,1.000000000000000000e+05,8.565932706444457381e+02,1.199163824720427556e+03,1.000000000000000000e+05,1.000000000000000000e+05,6.055722758673452972e+02,1.000000000000000000e+05,3.430623182792513944e+03,1.838889666384601924e+03,3.924639435584807870e+03,2.795916897559951394e+03,8.142971728891084240e+02,1.000000000000000000e+05,2.563569386749796649e+03,1.382767515763916663e+03,4.081559408835668364e+03,3.366948372878329337e+03,2.668848328190274515e+02,3.788985176007599875e+03,1.782916706518291448e+03,1.560318592982391465e+03,4.373861821202528517e+03,3.455745359910855314e+03,6.628801360436814321e+02,1.000000000000000000e+05,1.796929296694280538e+03,1.384767551606271581e+03,3.639841920500500692e+03,2.705096465055918088e+03,0.000000000000000000e+00,1.000000000000000000e+05,3.789917730647939152e+03,2.479124189164156178e+03,4.214245502321763524e+03,3.428518075930997384e+03,8.559480697106100706e+02,1.000000000000000000e+05,1.095745636969657198e+03,1.147693703336532053e+03,1.000000000000000000e+05,1.000000000000000000e+05,6.376761703939731660e+02,1.000000000000000000e+05,3.424397568253991722e+03,2.078006223427621080e+03,4.185726904779838151e+03,2.268801736453290687e+03,3.128164751050893528e+02,1.000000000000000000e+05,2.633016931046904119e+03
8.417897344175069065e+02,2.499951271153639937e+03,3.191209975077389913e+02,2.111721004369779621e+03,1.657518875196547924e+03,4.086530465393184954e+02,2.561449678640437469e+03,3.838592634675612771e+03,6.079657354525154034e+01,9.319055757831513347e+02,1.638701252257331362e+03,1.057539437099938368e+03,1.682530450292509613e+03,2.371689825441410903e+03,1.774278132693117641e+03,2.479838234532645401e+03,2.660539486333873356e+03,3.473893263026781710e+02,1.658012871519626970e+03,3.171693398507070015e+03,3.271630698865908471e+02,9.403137769985800105e+02,1.756564331177010217e+03,1.673501929081495746e+03,1.351164681807186298e+03,2.541713671574759701e+03,3.885905537490714892e+02,1.201291374051693083e+03,1.578095256197385424e+03,2.119174362376446368e+02,2.409267458355107010e+03,3.692575244467028369e+03,3.719428773984471945e+02,2.387134681618650120e+03,1.708910234637040958e+03,9.557518266837242891e+02,1.275808863818886493e+03,1.899151055398191374e+03,2.131054412321220752e+03,2.203790482193953721e+03,1.966778164828815761e+03,6.674293294066782209e+02,1.901545681364113761e+03,3.757397970409446771e+03,2.474387626071537341e+02,8.852121900885269952e+02,1.914430398298607770e+03,2.080556877002518377e+03,1.227638042321753346e+03,3.918929436308096228e+03,1.488577713760038932e+03,2.438089918943118846e+03,2.174541277740200712e+03,1.529983536488923050e+02,1.749210424724573159e+03,3.291159561380897230e+03,2.299333739008415876e+02,1.198744396438631838e+03,1.634925185591308491e+03,7.463787691323821036e+02,1.613948645246333854e+03,2.666620388067968179e+03,2.442417876751414042e+03,2.014084710485934238e+03,1.643147195895863206e+03,4.498213716141935379e+02,1.898682700288637307e+03,3.682332669056024770e+03,6.990077251529351088e+02,1.806812221634516618e+03,1.936901331641330671e+03,1.886393458264183209e+03,1.242773069988570342e+03,2.726615023950486830e+03,1.704269433956091461e+03,2.321903417493254892e+03,1.901941445698525058e+03,5.823479679395593394e+02,2.169553263225669525e+03,4.005353205801486638e+03,0.000000000000000000e+00,9.095918226587687059e+02,1.662691482676756095e+03,9.664670733984846720e+02,1.623936602100978689e+03,2.391148761682701206e+03,1.776196365251224506e+03,2.396709804364622869e+03,2.073986405832427863e+03,2.463197026385382173e+02,1.675118101706148536e+03,2.968818469204097710e+03,3.373188675306163873e+02,9.249462775129009060e+02,2.060098969048754043e+03,1.856628694791818361e+03,1.417532211243509892e+03,3.702786291862172220e+03,3.215661309113153266e+02,2.003685923346668915e+03
2.689501546586344602e+02,8.282426916966041972e+02,1.486519999406904844e+03,2.709913997463645501e+02,1.087492884015613527e+03,2.154129462534046979e+02,1.192281266645566802e+03,2.364586138780980946e+03,6.890834307932778984e+02,6.084555925426176515e+01,1.130073756685639182e+03,3.312372175788139543e+02,6.769695391520049270e+02,1.206865853811700390e+03,1.685099073928059397e+03,1.918035328775007201e+03,1.453875020434249791e+03,4.242115773461313779e+02,1.463363497392263525e+03,1.389767883713431729e+03,1.048958456400947853e+03,3.274873196270127664e+02,1.382778075685559543e+03,2.576276627262948864e+02,7.386165603129376223e+02,1.853867998123132111e+03,2.400255100684404169e+03,9.059780323428697102e+01,1.004445324617307506e+03,4.135510043889640315e+02,1.886702136190211604e+03,2.666086585315881621e+03,3.328514194123536072e+02,3.723003049968907590e+02,1.312267533073470304e+03,9.112819470551705763e+02,5.768234291665552291e+02,1.156899922771747015e+03,1.670274331430466646e+03,3.684459984000621944e+02,1.171722166675199333e+03,1.171186108875676695e+02,1.112059849395485799e+03,1.855792898774437617e+03,1.455965370218472799e+03,2.475340418964948412e+02,1.328017234832771919e+03,3.822368868182456367e+02,5.716916576749894148e+02,1.595199426900648632e+03,1.400604910607759621e+03,8.433991223458588138e+02,1.414923913973555500e+03,5.882544519259166691e+02,1.747062445944921365e+03,1.915020005655420846e+03,6.189460571157594586e+02,2.301590048256991281e+02,1.253163825068933875e+03,1.616079817458876846e+02,1.013948645246333967e+03,1.488898120109252204e+03,2.353775254429397592e+03,3.703126110736557166e+02,1.043147195895863206e+03,2.680531635491390716e+02,1.115837062295910073e+03,2.305505080933246063e+03,4.465185777637016713e+02,6.677978484626286217e+02,1.378019481444923485e+03,1.785651864256427871e+03,3.894727299767214959e+02,1.273082253959549462e+03,1.458263737338646933e+03,3.522852414399150689e+02,1.251393479583233784e+03,2.009159289233008110e+02,1.285313395948930292e+03,2.389817249994787744e+03,6.975849312310531332e+02,0.000000000000000000e+00,1.086487661397047532e+03,3.917951966222038322e+02,6.370931717823816598e+02,1.189140810909663514e+03,1.661487219189365987e+03,4.304235612302979916e+02,1.279603125570114798e+03,5.666374783486983233e+02,1.575250812006929664e+03,1.083745852446775643e+03,1.359651677226896709e+03,3.375532047634831088e+02,1.366130631576437054e+03,3.589908410193845612e+02,6.549481420174627146e+02,1.766526200659669257e+03,1.623057940961983604e+03,2.153258162805430516e+02
1.048504591076186671e+03,1.504715887771318421e+03,2.240791141398728996e+03,1.891871006175512321e+03,2.707866607855428356e+02,1.255465277368908801e+03,2.149534419078692338e+02,2.012448218644088229e+03,1.000000000000000000e+05,1.095272316781402651e+03,6.072434940595550046e+01,1.623639624214279593e+03,3.306420616066696994e+02,8.732553681744296910e+02,1.890833672917119657e+03,1.918035328775007201e+03,1.244030701814815529e+03,4.233170720449965302e+03,4.231518493340055898e+02,1.712122274528328262e+03,2.153816649726262312e+03,1.050788934017587508e+03,3.267083405111943648e+02,1.545849558083095189e+03,2.575979589359546935e+02,1.635282280593307632e+03,2.400255100684404169e+03,1.225593783331405120e+03,9.059344998823451078e+01,4.011093110024387897e+03,4.126176473464072387e+02,2.184707377590598298e+03,1.398681189133062617e+03,1.384693016204838841e+03,3.713990797349836157e+02,1.000000000000000000e+05,1.132449822826867148e+03,9.580985993680646970e+02,2.100000413258161643e+03,1.855938872887675643e+03,3.681568137443704813e+02,1.188172702774563049e+03,1.168606802879643851e+02,1.836746617759334640e+03,2.343048928901841009e+03,9.016779573733800817e+02,2.473079575168951862e+02,1.776011464526028249e+03,3.820304771455190576e+02,1.598349469443430053e+03,1.285044289750138660e+03,1.595867748168580874e+03,8.027426030093497502e+02,1.000000000000000000e+05,1.315860281616245857e+03,1.915020005655420846e+03,2.472872056394804531e+03,1.031926908777933249e+03,2.296094581559310939e+02,1.287564479110817047e+03,1.613041555852053079e+02,1.300624768894095496e+03,2.353775254429397592e+03,1.941739366719220470e+03,3.702801536191164473e+02,1.501559408835668364e+03,2.674227849460909283e+02,1.931660123032391539e+03,1.539038473480775338e+03,6.302178971096503801e+02,7.601802953249521124e+02,4.373861821202528517e+03,1.032604236708366670e+03,1.406625361857145208e+03,2.000086703034588936e+03,1.760891398117816607e+03,3.516142609890121093e+02,1.059841920500500692e+03,2.009049012271495656e+02,2.055817249994787744e+03,1.000000000000000000e+05,1.143250216248646211e+03,0.000000000000000000e+00,1.954014555445189899e+03,3.911326583794601106e+02,8.897564977295958215e+02,1.973847798017047126e+03,1.813892973561797817e+03,4.298954746804608931e+02,1.000000000000000000e+05,1.310970753958841442e+03,1.557500723849478618e+03,2.189597905512856869e+03,9.867479656075115599e+02,3.370000418308185886e+02,1.765671754598670304e+03,3.589329971568006385e+02,1.746181977126898119e+03,2.291580702068852588e+03,1.514947170275033841e+03
6.534951715235664551e+02,2.499951271153639937e+03,2.344038962260686731e+03,9.912396035809538262e+02,1.537518875196547924e+03,3.193038690312681638e+02,2.913618439884863619e+03,3.778342989039112126e+03,1.000000000000000000e+05,6.370706459822246188e+02,1.638701252257331362e+03,6.086132358501848927e+01,1.505468249154421983e+03,2.371689825441410903e+03,1.776079543207456709e+03,2.368737792116082801e+03,2.723733528444961848e+03,1.634100952777633324e+02,1.658012871519626970e+03,2.800151693055542182e+03,1.350873038774555198e+03,9.403137769985800105e+02,1.876564331177010217e+03,3.051449646791779173e+02,1.286410883421653352e+03,2.527854753739816260e+03,1.000000000000000000e+05,3.776354166283885547e+02,1.495445324617307506e+03,3.885915699755547053e+02,2.496104702592763260e+03,3.543055491580236776e+03,7.644249340077365105e+02,2.382588202071479827e+03,1.924629048164351843e+03,1.101867953523535846e+02,1.663801810135332971e+03,1.891181936047655881e+03,2.158362844280321497e+03,1.062049283150693554e+03,2.040982405629554933e+03,3.272899569128973667e+02,2.373856788341392075e+03,3.757397970409446771e+03,1.000000000000000000e+05,7.889319442355888441e+02,2.149135684342239983e+03,1.997315781701181834e+02,1.077203410329152121e+03,3.780644038182149416e+03,1.578353216862043382e+03,2.438089918943118846e+03,2.248244920148803430e+03,3.594727018837621699e+02,1.753492213412237106e+03,2.533520435523631022e+03,1.000000000000000000e+05,9.378250885518731366e+02,1.773373304205696286e+03,2.302349088545230416e+02,1.493948645246333854e+03,3.270962316159517741e+03,1.000000000000000000e+05,8.965692122239474884e+02,2.253902647948823869e+03,1.512849808345501970e+02,1.604548151556742596e+03,3.696369946157070899e+03,1.175839527704620423e+03,1.103410071442503522e+03,1.936901331641330671e+03,1.224041292669450058e+02,1.185833616379593195e+03,2.143069230683751812e+03,1.768940680030377735e+03,1.529746008791242502e+03,1.728537143191029827e+03,5.702405498134424988e+02,2.169553263225669525e+03,4.005353205801486638e+03,1.000000000000000000e+05,3.916913440712909846e+02,1.542691482676756095e+03,0.000000000000000000e+00,1.656171193053133948e+03,2.034303754937412805e+03,1.803507052272103465e+03,1.510359111666345598e+03,2.073986405832427863e+03,2.670930187654341808e+02,1.675118101706148536e+03,2.551852179877543676e+03,2.411868798038658497e+03,9.054144592349007326e+02,2.027205770321242881e+03,2.984856992997185898e+02,1.094549002762682221e+03,3.702786291862172220e+03,2.368636737878458462e+03,9.520513782286714104e+02
2.794613163778594185e+02,1.204219641888255865e+03,9.913238846772241004e+02,2.082903196409489738e+03,7.896701955646522038e+02,6.112458578919669208e+02,3.190367492063276700e+02,2.069128801981419656e+03,1.069369562428695644e+03,6.568675342211580528e+02,5.124497037221285609e+02,1.057539437099938368e+03,6.076336282202673544e+01,1.286086111327270601e+03,1.774278132693117641e+03,2.357222114925811638e+03,1.405307868074762155e+03,9.413259396379314694e+02,1.633430011564163920e+02,1.954027721570133508e+03,4.234968686773399895e+02,3.473734061376101181e+02,1.084049060762632053e+03,1.673501929081495746e+03,3.046590898876306142e+02,1.853867998123132111e+03,2.420662215753785404e+03,1.299598718889564907e+03,3.768157535498909851e+02,7.071321127930507373e+02,3.885901022418263437e+02,2.661924406134607125e+03,3.928267139501032830e+02,6.997290546250084162e+02,1.137655110808634618e+03,1.000000000000000000e+05,1.099895909586617790e+02,9.760689709368496096e+02,2.131054412321220752e+03,2.236647326707615321e+03,9.717221666751992188e+02,6.281186515423687524e+02,3.267694933968911073e+02,1.855792898774437617e+03,9.649231416744742091e+02,2.728355416124647377e+02,8.870879026290266438e+02,2.298334614808208244e+03,1.995948841781317071e+02,1.721374980522681426e+03,2.813430480448935782e+02,1.996163794643968913e+03,1.349693785372813863e+03,1.418533603533521500e+03,3.592917545711552521e+02,2.150367335816700233e+03,8.075176745897666706e+02,3.897758376809363767e+02,8.682447871472800216e+02,9.880543167027713025e+02,2.297836884394723995e+02,1.488242705780265624e+03,2.418089625198197609e+03,2.037723260631497169e+03,7.192957552013111808e+02,8.801175886199271190e+02,1.511482558120565614e+02,2.305505080933246063e+03,2.676298932979154301e+02,4.497537263077425678e+02,1.386020216231834183e+03,1.000000000000000000e+05,1.223946681772009555e+02,1.566295332537620880e+03,4.319253055226389506e+02,1.760162288197499038e+03,1.042776364530028786e+03,3.462537130518197159e+02,5.806481477211131050e+02,2.377893046312087336e+03,1.000000000000000000e+05,7.318183143507751538e+02,3.908641710771477733e+02,1.764744419103376003e+03,0.000000000000000000e+00,1.274916392241417498e+03,1.776196365251224506e+03,2.242043473026332322e+03,1.177343297614118910e+03,9.459936465705934552e+02,2.669449883141927558e+02,1.778951134062782103e+03,8.859379647828096722e+02,2.463123881423143189e+02,1.146731148497842923e+03,1.972002871287234711e+03,2.982073150264252490e+02,1.765720366577190362e+03,2.320646989068641233e+03,2.003685923346668915e+03
1.194139350210369230e+03,2.795764042861554799e+02,1.000000000000000000e+05,8.478181967258365148e+02,2.689500476153970681e+02,1.493417208271684558e+03,1.557488205811451053e+03,5.579930590929886876e+02,1.000000000000000000e+05,9.176145861561751644e+02,1.091890304142285459e+03,2.198338359137533644e+03,1.062564102160429229e+03,6.082397434328408536e+01,2.770925260566311863e+03,7.581635711348415043e+02,2.756711338569724035e+02,2.313170720449965756e+03,1.533376584934224411e+03,3.352357855445952168e+02,1.784458388104582127e+03,4.240267661456340420e+02,1.126185525429841164e+03,1.205817510300817503e+03,3.352780807711855573e+02,3.049722799945276392e+02,1.000000000000000000e+05,1.017919238511003641e+03,4.220877040168823555e+02,2.152470179616972928e+03,2.177934998633535088e+03,8.062484626353201520e+02,1.481840003507705660e+03,3.931185515730635416e+02,5.956304634897264805e+02,1.000000000000000000e+05,1.301903686549032955e+03,1.101139127525988073e+02,2.324843319703225006e+03,8.253164753558503435e+02,2.214298027594074370e+02,1.183531972726870663e+03,1.221343143649917238e+03,3.684062328880444284e+02,1.000000000000000000e+05,8.671670093937934780e+02,1.305708881431058217e+03,2.305355332124942834e+03,4.378316429410822934e+02,1.996853929969071828e+02,1.839217020857651050e+03,3.822103892203141982e+02,5.434384797409147723e+02,1.000000000000000000e+05,2.294741200433069935e+03,4.148461068849355797e+02,2.324486307806195782e+03,5.944576343713127926e+02,1.055525841686818012e+03,1.455364243807445973e+03,1.014766924670204844e+03,2.300584870235918515e+02,1.000000000000000000e+05,1.122039845465252938e+03,1.472661077790903335e+02,1.811206856507478733e+03,1.149509007326770870e+03,3.703088901545131648e+02,1.481231460852185364e+03,2.679451037946935230e+02,1.125385060976745308e+03,2.500013636992170177e+03,1.031130366685601530e+03,1.224008437405548761e+02,2.217633760228536630e+03,5.432161937437881534e+02,3.894294221419826840e+02,1.142978135199062081e+03,1.461044523001111656e+03,2.067283901225884165e+03,1.000000000000000000e+05,1.025451475815258391e+03,1.111428743263535125e+03,2.294245502321763070e+03,1.112867729920840475e+03,0.000000000000000000e+00,2.796034116181749596e+03,6.574438735082796939e+02,2.983978142133056508e+02,1.000000000000000000e+05,1.776054279322140019e+03,2.671132976459724659e+02,2.343531075702981070e+03,5.705037274744632896e+02,1.303599280684894893e+03,1.972002871287234711e+03,3.289131132650363725e+02,2.983945804404530691e+02,1.000000000000000000e+05,9.017312202115683704e+02
7.673124810946252410e+02,2.499951271153639937e+03,2.792843081860068537e+02,2.236460898561468184e+03,1.946870146986963846e+03,1.018393311678027430e+03,7.765852435650299412e+02,3.798566293744179347e+03,6.999366065092071949e+02,1.626706373684674872e+03,1.188636329330521676e+03,1.565589942315774124e+03,6.848794919261445102e+02,3.411405005098130459e+03,6.067954180092667116e+01,2.468319627472431876e+03,2.903567568716988262e+03,1.399893227157304409e+03,3.365175842069046439e+02,2.978291925858303784e+03,3.352096643927545188e+02,1.201313776998579897e+03,1.727330720110399398e+03,1.929087059254409041e+03,1.439204026577339619e+03,3.400208288500620256e+03,3.550565982577344357e+02,1.776729779351858042e+03,1.191597691216464909e+03,7.696999120455575394e+02,3.761305262297497052e+02,3.533411259438428715e+03,6.583259916992763010e+02,2.382588202071479827e+03,2.050138364702710533e+03,1.681627797970550546e+03,4.297442162308771003e+02,3.412014841871186491e+03,1.098139065774310978e+02,2.310265592653262502e+03,2.408302199030789779e+03,1.071788833708420952e+03,9.061764139632923616e+02,3.733678732900225896e+03,3.504998633442717164e+02,1.015095840785921723e+03,1.411622914821410632e+03,1.868775873578807477e+03,1.453656302950704685e+03,3.761390958899884026e+03,1.994601741047821122e+02,2.438089918943118846e+03,2.468725290877805037e+03,1.163451421820115911e+03,2.115258565669147686e+02,2.533520435523631022e+03,4.147535978072045850e+02,1.784877088867951443e+03,1.492001302638116158e+03,1.564286900708711528e+03,8.652596229526473053e+02,3.096075120470280581e+03,2.787742764612389692e+02,2.279442659636071312e+03,2.678190385930536195e+03,1.454795834603575713e+03,6.756853840304747791e+02,3.679793001192332667e+03,3.702647321950462356e+02,2.449351884606987369e+03,1.996901331641330671e+03,1.801247549511368561e+03,8.557868390955761697e+02,3.591637763276000896e+03,1.223856145973174421e+02,2.321903417493254892e+03,1.976776364530028786e+03,8.465339973126922359e+02,1.113195262203365928e+03,3.972052530228939304e+03,8.439207184159564576e+02,1.631841400151224661e+03,1.107198635305644075e+03,1.609082845159012550e+03,5.913705886806387753e+02,2.618673930972934158e+03,0.000000000000000000e+00,2.366018428400103858e+03,2.549709461717017348e+03,1.239805345589619719e+03,2.508222101150923322e+02,2.939496420008616951e+03,2.669920042578806942e+02,1.079599136537392496e+03,1.634452151680874522e+03,1.988251684196804263e+03,1.516161367978987073e+03,3.622290650940207797e+03,2.979240999622716686e+02,2.175675591525234267e+03
9.867087778017662458e+02,2.559037259346738722e+02,1.000000000000000000e+05,1.879984162744536320e+02,8.956063099991272338e+02,8.363645053360626207e+02,1.762618439884863392e+03,8.744419957234456433e+02,1.000000000000000000e+05,4.064312256716733032e+02,1.492003282279031737e+03,9.802131187303693878e+02,1.313915925369100478e+03,6.810661897243776366e+02,2.222079543207456481e+03,1.041407226576617830e+02,9.694363691958347999e+02,1.274903343951351872e+03,1.662285573800842940e+03,2.998698185190125400e+02,1.650560959110340264e+03,3.939736148687340460e+02,1.733318704488778167e+03,4.243885542107051378e+02,7.909983110920156832e+02,1.387465226768048069e+03,1.000000000000000000e+05,3.756136680360631317e+02,1.202842192773407078e+03,1.603332186879051278e+03,2.409267458355107010e+03,3.870931610342136082e+02,1.075818114051479370e+03,2.095396290345741761e+02,1.633547950247041399e+03,1.727165906994704073e+03,1.345478159153240313e+03,4.462219344546168145e+02,1.000000000000000000e+05,1.101969726723354768e+02,8.663688918049442691e+02,6.989820852695106623e+02,1.593712958879729285e+03,1.059251346197432440e+03,1.000000000000000000e+05,8.457432326542415240e+02,1.794430398298607770e+03,7.950237909259645903e+02,8.844067017975405633e+02,6.953622090492767711e+02,1.578353216862043382e+03,1.600191209495457940e+02,1.703942947708545034e+03,1.000000000000000000e+05,2.199492213412237106e+03,2.123643796082561721e+02,1.716516682266926864e+03,3.594869790478580853e+02,1.654832197931663131e+03,6.887685336077665852e+02,1.380716605527290085e+03,8.813829237779455070e+02,1.000000000000000000e+05,2.908748334367005555e+02,6.659165059475292310e+02,8.653521926413959591e+02,1.423327298386758457e+03,5.905675402822112119e+02,1.261038473480775338e+03,3.702926575262850406e+02,1.798019481444923485e+03,1.105289931166114457e+03,1.152333328455251376e+03,4.330046131791882544e+02,2.085269433956091689e+03,1.224028482900723702e+02,1.429735811543167074e+03,8.293870598077456862e+02,1.891804539613727684e+03,1.104232286708075890e+03,1.000000000000000000e+05,4.302958266785440173e+02,1.405081007416319835e+03,1.039410062777800022e+03,1.301887625459902210e+03,6.209271736575303748e+02,2.232671648808424834e+03,0.000000000000000000e+00,1.221480896423707236e+03,1.883703468256481983e+03,2.056118101706148536e+03,2.868985233871704281e+02,2.476649136545087003e+03,5.795221791930550808e+02,1.860283840675963347e+03,6.519276638763772098e+02,6.525960104831794979e+02,8.902646368815610458e+02,1.000000000000000000e+05,2.459970431130657005e+02
1.048504591076186671e+03,1.345380972038886966e+03,2.403385536118260006e+03,1.891871006175512321e+03,1.876559618186522869e+02,1.976588045948662966e+03,1.274772322667784010e+03,2.009842515565721442e+03,1.000000000000000000e+05,1.102844498168323526e+03,4.058314301740129508e+02,2.198338359137533644e+03,1.246303190962580857e+03,2.440592107796731511e+02,2.033159984755875939e+03,1.918035328775007201e+03,1.041004814134768566e+02,4.154632870129727962e+03,1.611831355582796732e+03,1.604497502241237953e+03,2.359510748228635748e+03,1.050788934017587508e+03,3.939402069514865161e+02,1.673501929081495746e+03,4.236493677612853617e+02,3.473819409686913104e+02,1.000000000000000000e+05,1.299598718889564907e+03,3.749032128681546965e+02,4.011093110024387897e+03,1.682964486053448809e+03,2.108907885102239106e+03,1.913654950359926943e+03,1.536040567930805082e+03,2.095375890792142002e+02,1.000000000000000000e+05,1.532068991096718037e+03,3.916880910289209510e+02,2.175429579931331773e+03,1.855938872887675643e+03,1.100254901845708417e+02,1.188172702774563049e+03,1.040143552320677372e+03,1.836746617759334640e+03,1.000000000000000000e+05,9.016779573733800817e+02,7.719788219178977897e+02,2.312071036457256014e+03,1.193289428266478353e+03,3.911258237111318294e+02,1.839217020857651050e+03,1.595867748168580874e+03,1.597931804644576914e+02,1.000000000000000000e+05,1.783091703385421170e+03,1.686129611546308752e+03,2.530206695780602786e+03,1.031926908777933249e+03,3.593208382192483441e+02,1.407992426064038227e+03,9.868785862691213424e+02,1.529963954649581126e+02,1.000000000000000000e+05,2.037723260631497169e+03,2.905373334820997115e+02,2.090602366859629910e+03,1.233501119776705536e+03,1.662461506984825519e+03,1.921575924067708229e+03,1.186203854711377289e+03,3.702251678507379324e+02,2.959252463493472078e+03,1.032604236708366670e+03,4.131628671436919831e+02,2.074747201715244955e+03,1.648753751983822212e+03,1.223905001687449783e+02,1.059841920500500692e+03,9.210562460610477729e+02,2.067283901225884165e+03,1.000000000000000000e+05,1.143250216248646211e+03,4.295430009539990124e+02,2.296082824446249560e+03,1.369020671416971481e+03,2.984944659771982174e+02,2.069401991557053861e+03,1.813892973561797817e+03,0.000000000000000000e+00,1.000000000000000000e+05,1.717980786051525911e+03,1.405893115990115575e+03,1.000000000000000000e+05,9.867479656075115599e+02,7.878650400037651025e+02,1.972002871287234711e+03,6.785955161714380210e+02,4.224709331461660327e+02,2.419546328429591085e+03,1.941129130880703087e+03
6.111981603530413167e+02,1.250553606546433912e+03,1.424138013642599617e+03,9.385165411283601316e+02,1.398304108725923470e+03,2.930001896559095371e+02,1.557488205811451053e+03,2.801292222373685036e+03,2.689501036955931568e+02,6.567108540690180689e+02,1.554871814325580544e+03,2.709778811632824045e+02,1.152353604521926172e+03,1.391303504734513126e+03,1.659184702423730414e+03,1.918035328775007201e+03,1.923892498130368494e+03,1.041274014963136665e+02,1.422889054234452033e+03,2.130408093409530466e+03,5.241644663608096835e+02,8.689611388616754084e+02,1.719987786056895857e+03,7.446340358875581842e+02,1.180471591761477839e+03,2.390333410141741297e+03,2.388998065967597540e+03,6.747451932120070524e+02,1.376222394524864285e+03,1.996279233074808985e+02,1.873209476856919082e+03,3.039775200325116657e+03,3.749004754203814400e+02,1.005181832984194671e+03,1.697506012635024490e+03,2.691953007430048501e+02,7.986886491762707010e+02,1.242071155226839210e+03,1.623875491226878239e+03,1.062049283150693554e+03,1.600740601641022749e+03,3.722284319788192875e+02,1.505549818086941741e+03,2.440722967973799769e+03,5.116284594730866502e+02,7.209325335912359378e+02,1.752089540867405503e+03,6.050864008910903067e+02,9.323143869263226406e+02,2.153089608864888305e+03,1.366419138641291283e+03,1.290428597033104325e+03,1.954923913973555500e+03,9.345653219544531964e+01,1.664933045836685324e+03,2.533520435523631022e+03,3.621494185022735337e+02,7.945822449141483048e+02,1.634925185591308491e+03,3.634778713094200953e+02,1.268801873546676006e+03,1.907231841858887037e+03,2.335497592888339113e+03,8.965692122239474884e+02,1.262945100464271945e+03,2.434126903373797006e+02,1.247774637458955340e+03,2.398172451189057028e+03,6.449030883054055039e+02,1.062209327187339795e+03,1.798019481444923485e+03,3.703111171750256290e+02,8.007095676248175096e+02,1.347886178050388935e+03,1.441262154863233263e+03,1.014634141072840293e+03,1.676729286644941112e+03,5.688650252861556282e+02,1.739619548560730664e+03,2.851657171867234865e+03,2.463080505593036094e+02,6.151777317378754333e+02,1.500129624195895303e+03,2.671209200639016217e+02,9.282661286169020514e+02,1.340568968973788287e+03,1.619290488578754548e+03,1.344453563836571220e+03,1.734075122312099438e+03,0.000000000000000000e+00,1.533520207635471252e+03,1.326370280915744388e+03,7.240973137459870941e+02,8.308824631676216086e+02,1.786130631576437054e+03,6.837964523040487848e+02,1.073530000398778157e+03,2.354384486698910678e+03,1.576930451884908052e+03,8.567048512662616986e+02
9.217213573521247554e+02,1.981296106908034972e+03,4.424864184617679825e+02,2.232757538018676314e+03,1.220837745914622701e+03,1.442797555130177898e+03,2.921656667135027874e+02,2.654777216440081247e+03,1.062218579615144108e+03,1.547224889082202253e+03,6.821855045020381567e+02,1.718343007887530575e+03,2.707455738006174215e+02,1.887729325694140243e+03,2.148734352453167276e+02,2.468150975671764172e+03,2.387787909200462764e+03,1.546235926093762600e+03,1.040600061827637717e+02,2.598178886298668203e+03,3.931645678773416535e+02,1.515895108665920588e+03,1.085923455320074936e+03,1.967112928186807721e+03,7.838723729894190910e+02,2.420994757476031737e+03,2.377473310093884720e+03,1.721245936067428374e+03,6.635991921237057340e+02,1.174723474068896621e+03,1.993420131049086024e+02,2.924542940098941926e+03,9.188543155797096915e+02,2.382588202071479827e+03,1.426693411551466852e+03,2.022467531775579573e+03,2.691940406259230372e+02,1.664745749335373375e+03,3.470252487571871711e+02,2.334785689552230906e+03,1.656981912359408852e+03,1.493111491637844665e+03,3.712340406573774203e+02,2.343137257491753189e+03,8.289962927696094539e+02,1.096708893122353629e+03,7.991269106499040618e+02,2.195232036037961279e+03,6.498580406574690187e+02,2.217313781099463085e+03,1.266547984108050144e+02,2.438089918943118846e+03,1.963725290877805037e+03,1.354148015806893227e+03,9.343352693524337838e+01,2.533520435523631022e+03,8.434294824153896570e+02,1.609509503800621133e+03,9.467732433865683106e+02,1.687030846147558805e+03,3.627800997403734300e+02,1.788898120109252204e+03,8.456881917016045236e+02,2.279442659636071312e+03,1.405318590491548093e+03,1.606220368952314402e+03,2.429685250519237059e+02,3.134057811326416413e+03,3.145332956386243382e+02,1.546299779218426693e+03,1.396901331641330671e+03,2.130393458264183209e+03,3.702728071661449576e+02,1.942845853075762079e+03,2.673068664540888335e+02,2.321903417493254892e+03,1.307263341128015554e+03,1.069277045864135061e+03,5.318146306786170499e+02,2.907828211362456841e+03,1.230139290427428932e+03,1.557730409986346785e+03,5.630061579797832110e+02,1.764744419103376003e+03,2.670130154499266268e+02,1.863529923708561228e+03,2.507115072544787040e+02,2.366018428400103858e+03,1.533466425625113288e+03,1.462874599264125436e+03,0.000000000000000000e+00,2.029086465578018078e+03,3.910035494886816991e+02,1.492870627619451625e+03,1.007655482480158526e+03,2.211711828397714726e+03,1.231571220845577727e+03,2.236526200659669030e+03,8.057987336137160810e+02,1.959252039845946229e+03
1.308599250809272235e+03,7.269305621878247337e+01,1.000000000000000000e+05,4.435619528316944979e+02,8.847197023601538604e+02,1.513396057203201963e+03,1.673252456307349576e+03,3.589143742326281767e+02,1.000000000000000000e+05,9.975303096899825732e+02,1.181437020849338069e+03,2.198338359137533644e+03,1.037829604232516886e+03,3.192806877292750869e+02,2.821960275991403705e+03,3.105429581430493613e+02,7.002959707317355651e+02,1.000000000000000000e+05,1.611831355582796732e+03,1.041357638141176523e+02,2.259145877411169295e+03,3.811701282753093665e+02,1.299987786056895857e+03,1.874633579947029375e+03,6.226112593431200821e+02,4.370749455375199659e+02,1.000000000000000000e+05,1.048659017341431763e+03,9.414390473788773761e+02,4.100945070713266432e+03,2.549502486955519544e+03,2.997870517812639832e+02,1.492654950359926943e+03,2.307465050124606876e+02,1.047744285297320857e+03,1.000000000000000000e+05,1.334253407165276030e+03,2.095392769211905772e+02,1.000000000000000000e+05,3.932374931773557591e+02,7.395818853590574236e+02,1.430627980187987305e+03,1.203067741932403806e+03,3.723605179327004180e+02,1.000000000000000000e+05,9.823560711204282825e+02,1.533688984681726879e+03,2.312071036457256014e+03,6.449561735895388210e+02,2.672687724888824619e+02,1.839217020857651050e+03,1.269105639739954512e+02,1.703942947708545034e+03,1.000000000000000000e+05,2.546824277868605350e+03,1.517067993832151842e+02,1.000000000000000000e+05,4.198764268646541495e+02,1.214925185591308491e+03,1.650965670941401186e+03,9.799488314004463518e+02,5.914798631436361802e+02,1.000000000000000000e+05,2.032173272881757157e+03,3.600166599641102607e+02,2.090602366859629910e+03,1.128533810559201811e+03,2.434655570359228420e+02,1.500575924067708229e+03,2.467861309851095939e+02,1.378019481444923485e+03,2.959252463493472078e+03,1.031130366685601530e+03,1.512741507801244154e+02,2.524410256889982975e+03,2.680947999669715500e+02,9.252706469130647520e+02,1.318994399939432697e+03,1.810936610460248630e+03,5.786993849582844405e+02,1.000000000000000000e+05,1.054624825568543883e+03,1.084691482676756095e+03,2.296082824446249560e+03,1.085659864730101617e+03,2.670803644780075388e+02,2.980761181878850948e+03,2.869490408200682054e+02,7.730710554959258616e+02,1.000000000000000000e+05,1.803495488574536466e+03,0.000000000000000000e+00,1.000000000000000000e+05,6.285886682453976846e+02,1.729944714481489882e+03,2.229294134091479918e+03,4.184992191754603823e+02,3.627919883454005685e+02,1.000000000000000000e+05,9.594871357344545686e+02
4.101989666723540608e+02,2.890264147859351397e+03,7.254969925426608768e+01,2.236460898561468184e+03,2.251291532512605500e+03,6.471197582113851468e+02,8.936960049321870656e+02,3.778342989039112126e+03,2.794228614327877267e+02,1.690606710361360456e+03,1.372123706662400764e+03,1.614191817072503682e+03,1.224795700178631932e+03,1.000000000000000000e+05,3.189902750745839626e+02,2.826449320230233752e+03,3.238858811120247537e+03,1.430061075384832293e+03,4.157008717287877175e+02,3.436620707207886880e+03,1.040819345919028933e+02,9.508630087440708394e+02,1.911190226710969455e+03,1.874633579947029375e+03,1.351164681807186298e+03,4.114816656320108450e+03,2.697640795537700455e+02,1.829379031651453943e+03,1.718633842103189181e+03,3.318702653952667561e+02,8.546567766856148864e+02,3.675472797043910759e+03,2.997033763440643384e+02,2.387134681618650120e+03,2.352986556164479225e+03,1.727840834322707224e+03,3.863456469520924657e+02,3.606078871334986616e+03,2.095368169076183733e+02,2.310265592653262502e+03,3.003179073304254416e+03,1.524488154302038311e+03,9.952058231742755652e+02,3.924692276579229656e+03,1.099504814161867756e+02,1.184741278271632609e+03,1.620278480931214290e+03,1.938314089378434346e+03,1.645552618283016045e+03,3.780644038182149416e+03,2.666609745644814780e+02,2.438089918943118846e+03,2.853863161647334437e+03,4.392990097482503415e+02,4.134870288406474970e+02,2.905184081353108468e+03,1.516984374925119141e+02,2.241544636466023803e+03,1.757115125835746539e+03,1.640017369075953411e+03,1.012312193858150749e+03,3.448770313446497312e+03,3.592608324524221644e+02,2.359874000101803631e+03,3.269230921303680134e+03,9.621794540965597662e+02,7.749501834422682123e+02,3.696369946157070899e+03,2.431144278895102673e+02,3.375829564680646399e+03,2.197277676502043960e+03,1.846699329564181880e+03,9.485704301913801828e+02,3.606061684514447279e+03,1.511231354418056299e+02,2.321903417493254892e+03,2.441893078332535424e+03,4.497121561223354433e+02,1.295649847830442241e+03,4.018135682938692753e+03,3.375025592979890234e+02,1.688549451239871814e+03,1.702500066524316253e+03,1.650828850797338646e+03,9.563694981007124625e+02,1.000000000000000000e+05,2.669189886122056805e+02,2.366018428400103858e+03,2.987820510020187612e+03,1.329259831085422775e+03,3.907145297382302829e+02,3.429464933595866114e+03,0.000000000000000000e+00,1.610262677904890779e+03,1.974171932067377838e+03,2.134514058547268633e+03,2.796135563475972049e+03,3.968020784562125755e+03,1.331440012545122897e+02,2.175675591525234267e+03
2.467872863732289659e+02,4.103925790244530276e+02,2.344038962260686731e+03,5.643553702176150182e+02,8.504033157198020945e+02,4.432850518106157551e+02,8.251880622367743854e+02,2.031953177895265981e+03,1.000000000000000000e+05,2.795534472803133212e+02,8.623675181442932853e+02,1.573370522032879535e+03,2.689499864254164549e+02,1.144890447642558911e+03,1.776079543207456709e+03,9.962870627658825242e+02,1.525307868074762155e+03,1.861573640956754616e+03,4.081672003887322262e+02,1.003736519539307892e+03,7.896721133834179227e+02,1.041156391026413672e+02,1.299987786056895857e+03,1.466498984733600309e+03,2.756071599332754545e+02,1.654390319392650781e+03,1.000000000000000000e+05,3.984555691521943572e+02,4.380542680783493665e+02,7.071321127930507373e+02,2.256052716695269282e+03,2.658630255990924525e+03,4.069008829246526489e+02,2.997599773627798641e+02,1.277506012635024490e+03,1.000000000000000000e+05,2.666228310225450286e+02,3.867792183960555121e+02,2.158362844280321497e+03,6.810610776147907472e+02,9.717221666751992188e+02,3.930598625520725022e+02,7.570875612484574049e+02,1.626009592232326668e+03,1.000000000000000000e+05,1.100876522783443505e+02,1.332089540867405503e+03,1.691822789224460621e+03,1.154727726351749908e+02,1.429338416660938037e+03,1.578353216862043382e+03,6.097036346091226733e+02,1.447884167097415911e+03,1.000000000000000000e+05,1.753492213412237106e+03,9.746052774615517365e+02,8.935881140501095388e+02,1.517037836892717166e+02,1.184134326358283261e+03,8.059429133018800258e+02,3.621003347671954202e+02,1.585242705780265624e+03,1.000000000000000000e+05,1.595540028002808640e+03,3.926427768462593804e+02,9.272456554489920109e+02,3.600122321802324450e+02,1.452084184056780259e+03,3.804838652700500461e+02,2.433365346982419339e+02,1.398910511653849198e+03,2.001158368128611983e+03,1.472501800030624111e+02,8.263514826490501264e+02,1.768940680030377735e+03,3.703059302797449277e+02,1.151263341128015554e+03,2.678786840904567725e+02,1.390936610460248630e+03,2.055817249994787744e+03,1.000000000000000000e+05,3.376733297727215017e+02,6.775150686857768960e+02,1.684397035976288862e+03,2.462980173377309825e+02,9.155841586130225096e+02,1.803507052272103465e+03,6.401279146744034279e+02,1.273718440432987336e+03,1.000000000000000000e+05,1.687678399261635604e+03,6.667277698314019290e+02,2.341871249059679485e+03,0.000000000000000000e+00,1.366130631576437054e+03,1.684563229823425672e+03,1.884650708455670554e+02,1.581009738896542785e+03,2.368636737878458462e+03,4.349263841414023091e+02
1.048504591076186671e+03,1.504715887771318421e+03,2.213808731515008731e+03,1.891871006175512321e+03,5.309698272454971857e+02,1.332019793348292069e+03,4.421181595470217758e+02,2.009842515565721442e+03,2.611109613195740167e+03,1.095272316781402651e+03,2.792304073274467555e+02,1.910806800780975209e+03,1.265586347831188050e+03,8.732553681744296910e+02,1.843786924301009776e+03,1.918035328775007201e+03,1.010448691148964031e+03,4.233170720449965302e+03,1.534661018085511614e+03,1.604497502241237953e+03,2.152353387656105951e+03,1.050788934017587508e+03,1.040347051107720660e+02,1.673501929081495746e+03,5.749036504447254856e+02,1.635282280593307632e+03,2.377473310093884720e+03,1.225593783331405120e+03,3.981694187474640216e+02,4.011093110024387897e+03,1.298099308670636219e+03,2.155299647608580926e+03,2.019793030804302362e+03,1.571854219217286072e+03,2.996173462047017892e+02,1.000000000000000000e+05,1.563280389110923807e+03,9.580985993680646970e+02,2.075141196090170524e+03,1.855938872887675643e+03,7.209824056295548189e+02,1.188172702774563049e+03,3.922481411691004496e+02,1.836746617759334640e+03,2.294793177299415220e+03,9.016779573733800817e+02,1.097619720781307109e+02,1.881237520678215560e+03,7.344290873774883721e+02,1.598349469443430053e+03,1.762690556120449173e+03,1.595867748168580874e+03,8.334160627366547942e+02,1.000000000000000000e+05,1.619916150491154895e+03,1.690223909078890529e+03,2.327967218380478243e+03,1.031926908777933249e+03,1.516907713313313195e+02,1.344639435584807870e+03,6.655507291690890952e+02,9.881540085013525641e+02,2.318708528938184827e+03,2.014084710485934238e+03,6.892309213036801339e+02,1.559390115293023428e+03,1.138382805259664792e+03,1.662461506984825519e+03,1.539038473480775338e+03,1.285458438163536812e+03,2.427994299504713638e+02,1.000000000000000000e+05,1.032604236708366670e+03,1.011267561983296446e+03,1.968846125959271376e+03,1.648753751983822212e+03,3.702559296761946825e+02,1.059841920500500692e+03,2.670503203309883702e+02,2.055817249994787744e+03,2.722217722044481434e+03,1.143250216248646211e+03,3.372470679561895963e+02,4.214245502321763524e+03,1.391282136151202621e+03,8.897564977295958215e+02,1.916409124458742554e+03,1.813892973561797817e+03,7.990256772712293696e+02,1.000000000000000000e+05,1.576058592824434982e+03,1.557500723849478618e+03,2.146394270529592177e+03,9.867479656075115599e+02,0.000000000000000000e+00,1.856628694791818361e+03,6.785955161714380210e+02,1.703282236644199656e+03,2.261144769916662881e+03,1.729137481929115211e+03
8.378504096766139355e+02,9.267098166703499373e+02,1.486519999406904844e+03,3.191102873684037036e+02,1.537518875196547924e+03,6.473424783135483267e+02,1.727382364219824922e+03,2.880170595359993968e+03,1.000000000000000000e+05,4.067341588102871128e+02,1.570226158985818756e+03,2.795954811393377781e+02,1.346969539152004927e+03,1.371663220948040134e+03,1.774159080498876847e+03,6.153241778709447090e+02,1.950386776472320435e+03,4.482224143252620934e+02,1.483503120364503957e+03,1.389767883713431729e+03,1.176722931241145943e+03,1.002001388892038676e+03,1.719987786056895857e+03,1.041386688284907223e+02,1.444471591761477839e+03,2.415686780033724062e+03,2.400255100684404169e+03,2.820415050803864574e+02,1.452554550672609594e+03,9.343194873260526947e+02,1.886702136190211604e+03,3.135315981560409455e+03,8.619344157587584050e+02,1.368681423995452406e+03,1.697506012635024490e+03,3.756670996091218626e+02,1.141065017877609534e+03,1.221346211831534220e+03,1.670274331430466646e+03,3.777334231497350743e+02,1.614953829719969690e+03,3.885918195620982942e+02,1.592059849395485799e+03,2.559374057199317576e+03,1.483491750839489669e+03,8.487039486925311849e+02,1.752089540867405503e+03,1.102008544887728476e+02,1.241741966673799425e+03,2.197035752831155605e+03,1.417690184821516823e+03,7.791283163300638535e+02,1.834923913973555500e+03,1.000000000000000000e+05,1.747062445944921365e+03,9.337847147099614631e+02,1.175688078125771881e+03,8.014709957541790573e+02,1.634925185591308491e+03,2.701723475412354105e+02,1.493948645246333854e+03,2.027141510000048584e+03,2.353775254429397592e+03,2.130890769028013096e+02,1.519945100464271945e+03,3.324195747748231611e+02,1.595837062295910073e+03,3.115813054824856408e+03,1.054285645201104444e+03,1.360666379849475106e+03,1.798019481444923485e+03,2.718261490693105316e+02,1.094173713290070737e+03,1.181362534376274652e+03,1.475400576584426062e+03,7.945339147629292711e+02,1.676729286644941112e+03,7.520011940503508185e+02,1.810936610460248630e+03,2.875817249994787744e+03,1.000000000000000000e+05,3.589700558595453685e+02,1.542691482676756095e+03,2.984462834469008499e+02,1.307093171782381660e+03,1.271017858774980368e+03,1.661487219189365987e+03,6.015693725093565263e+02,1.771425008561233653e+03,1.868429549647892372e+03,1.595372535595486852e+03,9.571716550799104652e+02,1.359651677226896709e+03,9.997784279003010397e+02,1.860283840675963347e+03,0.000000000000000000e+00,1.324948142017462715e+03,2.378660872012396794e+03,1.661941156823621441e+03,2.869330286986274245e+02
4.247878896371413475e+02,3.662893329792863710e+02,2.403385536118260006e+03,9.439768608386218602e+02,3.186121502907546983e+02,1.255465277368908801e+03,7.713771606743347320e+02,1.657575768769137994e+03,1.000000000000000000e+05,5.462989149648053626e+02,4.065427806996866025e+02,1.623639624214279593e+03,2.793343535928859183e+02,3.677001642732435016e+02,2.082171747041265917e+03,1.155914975779990755e+03,1.405307868074762155e+03,2.313170720449965756e+03,4.477046320284239300e+02,8.645114285375575491e+02,2.116214253307254239e+03,1.953192583838180951e+02,1.280255732377707091e+03,1.536560973225697580e+03,1.040916312050454877e+02,1.440929355067596134e+03,1.000000000000000000e+05,1.225593783331405120e+03,2.819016381234646360e+02,2.152470179616972928e+03,1.745460602897155240e+03,1.584980196742722910e+03,1.398681189133062617e+03,3.318751050605348496e+02,1.183452922760160163e+03,1.000000000000000000e+05,3.750561939379819023e+02,2.560452330815903679e+02,2.175429579931331773e+03,1.296497601993545004e+03,3.771205726839671684e+02,1.188172702774563049e+03,3.885906062365484104e+02,1.363728166574325769e+03,1.000000000000000000e+05,2.985292386526347741e+02,1.196317218462633264e+03,1.776011464526028249e+03,1.100422354919069363e+02,8.986495638273798932e+02,1.770962465611733933e+03,6.234890356654821062e+02,1.414923913973555500e+03,1.000000000000000000e+05,1.783091703385421170e+03,9.183013873320639959e+02,2.227918607174914541e+03,2.930992776705356846e+02,1.084270097840653079e+03,1.287564479110817047e+03,2.701663452358640711e+02,1.283167013868286858e+03,1.000000000000000000e+05,1.941739366719220470e+03,2.127941956073875076e+02,1.501559408835668364e+03,3.322659537748971275e+02,1.155133143971954951e+03,1.475570680942337276e+03,1.822801241682656439e+02,1.396901331641330671e+03,2.500013636992170177e+03,2.713997954636378154e+02,3.752727792366316635e+02,2.017059869616025026e+03,4.270234046721020036e+02,1.059615711170537452e+03,8.135532086435064230e+02,1.069565123591021575e+03,2.055817249994787744e+03,1.000000000000000000e+05,6.464149357593007608e+02,3.588698619347208023e+02,1.954014555445189899e+03,2.980597960792050003e+02,3.290459149980373468e+02,2.069401991557053861e+03,9.463034756097752052e+02,1.109672227590904413e+03,1.000000000000000000e+05,1.597452978265872844e+03,4.185840848835296129e+02,2.210226854866031317e+03,1.885028326256758362e+02,1.366130631576437054e+03,1.765671754598670304e+03,0.000000000000000000e+00,1.248469958193051298e+03,2.432036443658336339e+03,1.402534796937934971e+03
1.756984524726044583e+03,4.251833568291261258e+02,1.000000000000000000e+05,1.891871006175512321e+03,7.331951374511579616e+02,2.023019793348292069e+03,1.566229803179103328e+03,2.769213028883564789e+02,1.000000000000000000e+05,1.759044616288575071e+03,1.200949666157670208e+03,2.608320360775431254e+03,1.656551449963273171e+03,2.794959008951826149e+02,2.723841241841701958e+03,1.918035328775007201e+03,3.286839065804508664e+02,4.233170720449965302e+03,1.953006273072906879e+03,3.395341833200411656e+02,1.000000000000000000e+05,1.032246930901588257e+03,1.197018191020315953e+03,2.195226290086073732e+03,1.106229045836027126e+03,1.041219450425037678e+02,1.000000000000000000e+05,1.944795439669743018e+03,1.136451681890064037e+03,2.384552023584813014e+03,2.039245374397927662e+03,3.984985019442771659e+02,2.173396067038452202e+03,1.503955561211688064e+03,9.762292924133564611e+02,1.000000000000000000e+05,1.804930754158390073e+03,3.754413100543018231e+02,1.000000000000000000e+05,1.855938872887675643e+03,4.221419565787750798e+02,1.908848417980642580e+03,1.435573733944319201e+03,9.059787641658864743e+01,1.000000000000000000e+05,1.184741278271632609e+03,1.367557530191507340e+03,2.617848790241289407e+03,1.353298202231265805e+03,1.101472748606583849e+02,2.211955701868791948e+03,1.595867748168580874e+03,8.488016734564982926e+02,1.000000000000000000e+05,2.214432416805462708e+03,4.376773654189338458e+02,1.000000000000000000e+05,1.592520976868707521e+03,1.146143235868641341e+03,2.035639435584807870e+03,1.466299961837849423e+03,2.701699993249026193e+02,1.000000000000000000e+05,2.196273587058413796e+03,4.410098960010352585e+02,2.310965674012708860e+03,1.680435860181797352e+03,2.310771271926192298e+02,2.086744498473315161e+03,6.471953978596593515e+02,1.177743051973169486e+03,1.000000000000000000e+05,1.618289999526122301e+03,2.716781625323684466e+02,2.733836706138998579e+03,1.648753751983822212e+03,8.074944904658805171e+02,1.762756313710719496e+03,1.461044523001111656e+03,3.128292068589592532e+02,1.000000000000000000e+05,1.862784943936358104e+03,1.247621947929795624e+03,2.913300541129385238e+03,1.705275871034785268e+03,2.983010638914245192e+02,2.924017540480593198e+03,1.813892973561797817e+03,4.224592190013024720e+02,1.000000000000000000e+05,2.079846099473310460e+03,3.628371658880711266e+02,1.000000000000000000e+05,1.118962313352890078e+03,1.324707951358206174e+03,2.229294134091479918e+03,1.181987685677743229e+03,0.000000000000000000e+00,1.000000000000000000e+05,1.941129130880703087e+03
8.821462204707994488e+02,2.890264147859351397e+03,6.074458094904623806e+01,2.226140544113914984e+03,2.112314010698190486e+03,1.397970862114667625e+03,1.304040397143178552e+03,3.838592634675612771e+03,2.768956642986167367e+02,1.690606710361360456e+03,1.715224842974298554e+03,1.656290926439342911e+03,1.161293367596580083e+03,3.411405005098130459e+03,3.579309748201358730e+02,2.826449320230233752e+03,3.181529636947229392e+03,1.478276251522288476e+03,7.069055537563363032e+02,3.487258160238595337e+03,2.278050919385605937e+02,2.258323710144909910e+03,2.132242151459377055e+03,2.086125799668363015e+03,1.776508889276059335e+03,4.138136370079203516e+03,1.385892349643428645e+02,1.829379031651453943e+03,1.700199768262229554e+03,3.951375756019359642e+02,8.546567766856148864e+02,3.671487663621239335e+03,4.138586186444075565e+02,2.409718292229118560e+03,2.257388852670603228e+03,1.780042715935562228e+03,8.505577219049223459e+02,3.412014841871186491e+03,1.993982975079061930e+02,2.356519112961678729e+03,2.470538890896257726e+03,1.564978835941302577e+03,1.436308117898125602e+03,3.935543970695608095e+03,9.059364490212655596e+01,1.568400270890663023e+03,1.941864194718103136e+03,2.080556877002518377e+03,1.593475343067730364e+03,3.918929436308096228e+03,3.713180137636425684e+02,2.820503342701602378e+03,2.717226620029771766e+03,1.257157816455851162e+03,5.664255163828850073e+02,2.955379737004417620e+03,2.287210079458158134e+02,2.241544636466023803e+03,2.019406983039014449e+03,1.709267813845040109e+03,1.413205878605980388e+03,3.293417554577485589e+03,2.701613925915301593e+02,2.395832229105266833e+03,2.678190385930536195e+03,1.538293157328556163e+03,9.916187241429084906e+02,3.682332669056024770e+03,3.762515130159063119e+02,3.423280867005209075e+03,2.197277676502043960e+03,1.886393458264183209e+03,1.188570430191380183e+03,3.653538983397896118e+03,2.197370071149890123e+02,2.303357996817585445e+03,2.259248893250580295e+03,1.177578422186815260e+03,1.641552734837849584e+03,4.039512721728924589e+03,3.216283016581426750e+02,1.688549451239871814e+03,1.639699294729429994e+03,1.699241584556009229e+03,1.012034334227392947e+03,3.411640160381355145e+03,2.977227339105579631e+02,2.366018428400103858e+03,2.607088427149852578e+03,1.358822923111316641e+03,5.791635293240001374e+02,3.467184075255482185e+03,1.331777877994333039e+02,2.146816111922456457e+03,2.097464611210627027e+03,2.168119373284897392e+03,2.724653932159422311e+03,3.991020784562125755e+03,0.000000000000000000e+00,2.175675591525234267e+03
8.553893197747279373e+02,4.307896564211917507e+02,1.813979064381720491e+03,6.086702191234634540e+01,1.159585318848126235e+03,4.198239924251878961e+02,1.672281266645566802e+03,9.752021260450338787e+02,1.000000000000000000e+05,2.193658335380986557e+02,1.218701252257331362e+03,4.271103338514002417e+02,1.346969539152004927e+03,1.095184888332989885e+03,1.774159080498876847e+03,3.277284924551045151e+02,1.427776446945111502e+03,1.695217297052454342e+03,1.658012871519626970e+03,6.595781630855099138e+02,1.230197356992424375e+03,3.710077230180774563e+02,1.336564331177010217e+03,1.982760390972129017e+02,8.743692305760754380e+02,1.983262962230629910e+03,2.420662215753785404e+03,1.388420579527851544e+02,9.837497926516023199e+02,1.068306737125158634e+03,1.927833226089589289e+03,7.573253906690708845e+02,8.986719420794545385e+02,2.927865995915817052e+02,1.299910234637040958e+03,1.741138325037451523e+03,1.225031801186219582e+03,7.650471780883576685e+02,1.863874153545339595e+03,1.600368435215152374e+02,1.314953829719969690e+03,3.212518286145421484e+02,1.620727268377217570e+03,1.505952512355276212e+03,1.819941233782105428e+03,3.885916012584753503e+02,1.552192419003068153e+03,3.682462885913906803e+02,1.063577111687620118e+03,1.149654191784098657e+03,1.456522059000173385e+03,3.723862512505253335e+02,1.834923913973555500e+03,1.000000000000000000e+05,1.747062445944921365e+03,4.985552231383803701e+02,1.277889373213751469e+03,2.844157521239755511e+02,1.214925185591308491e+03,2.868337127769235053e+02,1.127465723050562701e+03,1.406976794989311884e+03,2.397633360622372948e+03,1.811969377211667052e+02,1.090954393934135851e+03,4.088644019266555460e+02,1.585242337976162389e+03,9.615661169543259348e+02,1.108606818708097762e+03,4.460350675706799279e+02,1.378019481444923485e+03,7.072899311661145703e+02,6.757730699885702279e+02,7.930822539595494618e+02,1.527479065460938500e+03,2.203505009798020069e+02,1.379637982288021703e+03,4.054868052521632080e+02,1.810936610460248630e+03,1.331726696978843620e+03,1.000000000000000000e+05,2.153027832335856147e+02,1.165437938652768480e+03,6.845988234712644953e+02,1.307093171782381660e+03,9.986255472485150904e+02,1.770780322275712479e+03,2.460157195991543517e+02,1.412051782660257231e+03,1.000000000000000000e+05,1.675118101706148536e+03,5.366352852981362958e+02,1.446892593616136537e+03,4.348916681601706387e+02,1.729944714481489882e+03,2.869679074934188066e+02,9.541806793253822434e+02,1.766526200659669257e+03,2.320646989068641233e+03,0.000000000000000000e+00
